documents: 1
engines: docling
stages:  ocr
HPC:     docling

=== ocr:docling ===
$ uv run --script /gpfs/home/cjg79/ocr-examples/scripts/documents_extract.py --document fc7a9e0d-4f66-5d06-8d16-68c9350be5cc --documents-root /home/cjg79/contracts/contract_coding_CG/cache/ocr_documents/documents ...
Installed 1 package in 22ms
documents: 1
  ok fc7a9e0d-4f66-5d06-8d16-68c9350be5cc  engines=(none new)  pages=34 pypdf<thr(cpp=0.0) queue=hpc-docling

local-pass summary: {'pypdf': 0, 'docling': 0, 'skipped': 0, 'error': 0, 'pypdf_below_threshold': 1}
[hpc-docling] running on 1 document(s) via 4 worker(s) × 4 in-flight
Installed 6 packages in 98ms
[orch] 1 PDFs to process; workers=4, in-flight=4 per worker (total concurrent: 16)
[orch] launching worker w0…
[serve] launching: ssh ... 'cd ocr-examples && srun --partition=gpunormal --gres=gpu:1 --cpus-per-task=8 --mem=32G --time=02:00:00 --job-name=doclin…'
[orch] launching worker w1…
[serve] launching: ssh ... 'cd ocr-examples && srun --partition=gpunormal --gres=gpu:1 --cpus-per-task=8 --mem=32G --time=02:00:00 --job-name=doclin…'
[orch] launching worker w2…
[serve] launching: ssh ... 'cd ocr-examples && srun --partition=gpunormal --gres=gpu:1 --cpus-per-task=8 --mem=32G --time=02:00:00 --job-name=doclin…'
[orch] launching worker w3…
[serve] launching: ssh ... 'cd ocr-examples && srun --partition=gpunormal --gres=gpu:1 --cpus-per-task=8 --mem=32G --time=02:00:00 --job-name=doclin…'
[serve] {"event":"job_start","host":"c001","job":"1542553","port":50990,"backend":"docling-serve"}
[serve] {"event":"job_start","host":"c001","job":"1542552","port":60067,"backend":"docling-serve"}
[serve] {"event":"job_start","host":"c001","job":"1542551","port":59912,"backend":"docling-serve"}
[serve] Quadro RTX 8000, 46080 MiB
[serve] DOCLING_LISTEN host=c001 port=59912 api_key=451415a5b704e5fc10369b5c34f9ca53e52d7e101e64d02c6c84f543ac1a8517
[tunnel] localhost:58183 -> c001:59912
[serve] Quadro RTX 8000, 46080 MiB
[serve] Quadro RTX 8000, 46080 MiB
[serve] DOCLING_LISTEN host=c001 port=50990 api_key=1fc558402d7fc806d58461ed978dcf588d8a2f73ba725f075cef20d8c53d5e35
[tunnel] localhost:40049 -> c001:50990
[serve] DOCLING_LISTEN host=c001 port=60067 api_key=31aefce8fc6e03b93452e2c89f2f610d989504a7163de823dd6b36f7c96e2e25
[tunnel] localhost:41133 -> c001:60067
[serve] {"event":"job_start","host":"c002","job":"1542554","port":61868,"backend":"docling-serve"}
[serve] Quadro RTX 8000, 46080 MiB
[serve] DOCLING_LISTEN host=c002 port=61868 api_key=379d4d216da21123126fe9d7bf1c64ad367db10bc25a6f22cc9d346bc921e122
[tunnel] localhost:57005 -> c002:61868
[serve] INFO:    Using cached SIF image
[serve] INFO:    underlay of /usr/bin/nvidia-smi required more than 50 (589) bind mounts
[serve] INFO:    Using cached SIF image
[serve] INFO:    Using cached SIF image
[serve] INFO:    Using cached SIF image
[serve] INFO:    underlay of /usr/bin/nvidia-smi required more than 50 (589) bind mounts
[serve] INFO:    underlay of /usr/bin/nvidia-smi required more than 50 (589) bind mounts
[serve] INFO:    underlay of /usr/bin/nvidia-smi required more than 50 (589) bind mounts
[serve] INFO:     Started server process [2081669]
[serve] INFO:     Waiting for application startup.
[serve] INFO:     Started server process [2081629]
[serve] INFO:     Waiting for application startup.
[serve] INFO:     Started server process [2081691]
[serve] INFO:     Waiting for application startup.
[serve] INFO:     Started server process [516458]
[serve] INFO:     Waiting for application startup.
[serve] [32m[INFO] 2026-07-21 09:50:03,348 [RapidOCR] base.py:22: Using engine_name: onnxruntime[0m
[serve] [32m[INFO] 2026-07-21 09:50:03,349 [RapidOCR] base.py:22: Using engine_name: onnxruntime[0m
[serve] [32m[INFO] 2026-07-21 09:50:03,350 [RapidOCR] main.py:53: Using /opt/app-root/src/.cache/docling/models/RapidOcr/onnx/PP-OCRv4/det/ch_PP-OCRv4_det_infer.onnx[0m
[serve] [32m[INFO] 2026-07-21 09:50:03,350 [RapidOCR] main.py:53: Using /opt/app-root/src/.cache/docling/models/RapidOcr/onnx/PP-OCRv4/det/ch_PP-OCRv4_det_infer.onnx[0m
[serve] [1;31m2026-07-21 09:50:03.356436261 [E:onnxruntime:Default, env.cc:227 ThreadMain] pthread_setaffinity_np failed for thread: 2081969, index: 2, mask: {3, }, error code: 22 error msg: Invalid argument. Specify the number of threads explicitly so the affinity is not set.[m
[serve] [1;31m2026-07-21 09:50:03.356446010 [E:onnxruntime:Default, env.cc:227 ThreadMain] pthread_setaffinity_np failed for thread: 2081983, index: 11, mask: {12, }, error code: 22 error msg: Invalid argument. Specify the number of threads explicitly so the affinity is not set.[m
[serve] [1;31m2026-07-21 09:50:03.356451149 [E:onnxruntime:Default, env.cc:227 ThreadMain] pthread_setaffinity_np failed for thread: 2081968, index: 1, mask: {2, }, error code: 22 error msg: Invalid argument. Specify the number of threads explicitly so the affinity is not set.[m
[serve] [1;31m2026-07-21 09:50:03.356448454 [E:onnxruntime:Default, env.cc:227 ThreadMain] pthread_setaffinity_np failed for thread: 2081992, index: 17, mask: {18, }, error code: 22 error msg: Invalid argument. Specify the number of threads explicitly so the affinity is not set.[m
[serve] [1;31m2026-07-21 09:50:03.356462340 [E:onnxruntime:Default, env.cc:227 ThreadMain] pthread_setaffinity_np failed for thread: 2081978, index: 9, mask: {10, }, error code: 22 error msg: Invalid argument. Specify the number of threads explicitly so the affinity is not set.[m
[serve] [1;31m2026-07-21 09:50:03.356457281 [E:onnxruntime:Default, env.cc:227 ThreadMain] pthread_setaffinity_np failed for thread: 2081986, index: 13, mask: {14, }, error code: 22 error msg: Invalid argument. Specify the number of threads explicitly so the affinity is not set.[m
[serve] [1;31m2026-07-21 09:50:03.356447112 [E:onnxruntime:Default, env.cc:227 ThreadMain] pthread_setaffinity_np failed for thread: 2081967, index: 0, mask: {1, }, error code: 22 error msg: Invalid argument. Specify the number of threads explicitly so the affinity is not set.[m
[serve] [1;31m2026-07-21 09:50:03.356485714 [E:onnxruntime:Default, env.cc:227 ThreadMain] pthread_setaffinity_np failed for thread: 2081991, index: 16, mask: {17, }, error code: 22 error msg: Invalid argument. Specify the number of threads explicitly so the affinity is not set.[m
[serve] [1;31m2026-07-21 09:50:03.356495322 [E:onnxruntime:Default, env.cc:227 ThreadMain] pthread_setaffinity_np failed for thread: 2081995, index: 20, mask: {21, }, error code: 22 error msg: Invalid argument. Specify the number of threads explicitly so the affinity is not set.[m
[serve] [1;31m2026-07-21 09:50:03.356477689 [E:onnxruntime:Default, env.cc:227 ThreadMain] pthread_setaffinity_np failed for thread: 2081970, index: 3, mask: {4, }, error code: 22 error msg: Invalid argument. Specify the number of threads explicitly so the affinity is not set.[m
[serve] [1;31m2026-07-21 09:50:03.356468762 [E:onnxruntime:Default, env.cc:227 ThreadMain] pthread_setaffinity_np failed for thread: 2081988, index: 14, mask: {15, }, error code: 22 error msg: Invalid argument. Specify the number of threads explicitly so the affinity is not set.[m
[serve] [1;31m2026-07-21 09:50:03.356471698 [E:onnxruntime:Default, env.cc:227 ThreadMain] pthread_setaffinity_np failed for thread: 2081985, index: 12, mask: {13, }, error code: 22 error msg: Invalid argument. Specify the number of threads explicitly so the affinity is not set.[m
[serve] [1;31m2026-07-21 09:50:03.356471046 [E:onnxruntime:Default, env.cc:227 ThreadMain] pthread_setaffinity_np failed for thread: 2081975, index: 7, mask: {8, }, error code: 22 error msg: Invalid argument. Specify the number of threads explicitly so the affinity is not set.[m
[serve] [1;31m2026-07-21 09:50:03.356468421 [E:onnxruntime:Default, env.cc:227 ThreadMain] pthread_setaffinity_np failed for thread: 2081993, index: 18, mask: {19, }, error code: 22 error msg: Invalid argument. Specify the number of threads explicitly so the affinity is not set.[m
[serve] [1;31m2026-07-21 09:50:03.356480815 [E:onnxruntime:Default, env.cc:227 ThreadMain] pthread_setaffinity_np failed for thread: 2081981, index: 10, mask: {11, }, error code: 22 error msg: Invalid argument. Specify the number of threads explicitly so the affinity is not set.[m
[serve] [1;31m2026-07-21 09:50:03.356465736 [E:onnxruntime:Default, env.cc:227 ThreadMain] pthread_setaffinity_np failed for thread: 2081972, index: 5, mask: {6, }, error code: 22 error msg: Invalid argument. Specify the number of threads explicitly so the affinity is not set.[m
[serve] [1;31m2026-07-21 09:50:03.356482327 [E:onnxruntime:Default, env.cc:227 ThreadMain] pthread_setaffinity_np failed for thread: 2081971, index: 4, mask: {5, }, error code: 22 error msg: Invalid argument. Specify the number of threads explicitly so the affinity is not set.[m
[serve] [1;31m2026-07-21 09:50:03.362171610 [E:onnxruntime:Default, env.cc:227 ThreadMain] pthread_setaffinity_np failed for thread: 2082043, index: 53, mask: {54, }, error code: 22 error msg: Invalid argument. Specify the number of threads explicitly so the affinity is not set.[m
[serve] [1;31m2026-07-21 09:50:03.362223056 [E:onnxruntime:Default, env.cc:227 ThreadMain] pthread_setaffinity_np failed for thread: 2082053, index: 63, mask: {64, }, error code: 22 error msg: Invalid argument. Specify the number of threads explicitly so the affinity is not set.[m
[serve] [1;31m2026-07-21 09:50:03.365837871 [E:onnxruntime:Default, env.cc:227 ThreadMain] pthread_setaffinity_np failed for thread: 2082052, index: 62, mask: {63, }, error code: 22 error msg: Invalid argument. Specify the number of threads explicitly so the affinity is not set.[m
[serve] [1;31m2026-07-21 09:50:03.369876208 [E:onnxruntime:Default, env.cc:227 ThreadMain] pthread_setaffinity_np failed for thread: 2082109, index: 119, mask: {120, }, error code: 22 error msg: Invalid argument. Specify the number of threads explicitly so the affinity is not set.[m
[serve] [1;31m2026-07-21 09:50:03.369918648 [E:onnxruntime:Default, env.cc:227 ThreadMain] pthread_setaffinity_np failed for thread: 2082035, index: 45, mask: {46, }, error code: 22 error msg: Invalid argument. Specify the number of threads explicitly so the affinity is not set.[m
[serve] [1;31m2026-07-21 09:50:03.371856670 [E:onnxruntime:Default, env.cc:227 ThreadMain] pthread_setaffinity_np failed for thread: 2082031, index: 41, mask: {42, }, error code: 22 error msg: Invalid argument. Specify the number of threads explicitly so the affinity is not set.[m
[serve] [1;31m2026-07-21 09:50:03.371902796 [E:onnxruntime:Default, env.cc:227 ThreadMain] pthread_setaffinity_np failed for thread: 2082004, index: 14, mask: {15, }, error code: 22 error msg: Invalid argument. Specify the number of threads explicitly so the affinity is not set.[m
[serve] [1;31m2026-07-21 09:50:03.373848412 [E:onnxruntime:Default, env.cc:227 ThreadMain] pthread_setaffinity_np failed for thread: 2082111, index: 121, mask: {122, }, error code: 22 error msg: Invalid argument. Specify the number of threads explicitly so the affinity is not set.[m
[serve] [1;31m2026-07-21 09:50:03.373887184 [E:onnxruntime:Default, env.cc:227 ThreadMain] pthread_setaffinity_np failed for thread: 2082009, index: 19, mask: {20, }, error code: 22 error msg: Invalid argument. Specify the number of threads explicitly so the affinity is not set.[m
[serve] [1;31m2026-07-21 09:50:03.356477288 [E:onnxruntime:Default, env.cc:227 ThreadMain] pthread_setaffinity_np failed for thread: 2081973, index: 6, mask: {7, }, error code: 22 error msg: Invalid argument. Specify the number of threads explicitly so the affinity is not set.[m
[serve] [1;31m2026-07-21 09:50:03.356588576 [E:onnxruntime:Default, env.cc:227 ThreadMain] pthread_setaffinity_np failed for thread: 2081977, index: 8, mask: {9, }, error code: 22 error msg: Invalid argument. Specify the number of threads explicitly so the affinity is not set.[m
[serve] [1;31m2026-07-21 09:50:03.375894666 [E:onnxruntime:Default, env.cc:227 ThreadMain] pthread_setaffinity_np failed for thread: 2082041, index: 51, mask: {52, }, error code: 22 error msg: Invalid argument. Specify the number of threads explicitly so the affinity is not set.[m
[serve] [1;31m2026-07-21 09:50:03.375922688 [E:onnxruntime:Default, env.cc:227 ThreadMain] pthread_setaffinity_np failed for thread: 2082044, index: 54, mask: {55, }, error code: 22 error msg: Invalid argument. Specify the number of threads explicitly so the affinity is not set.[m
[serve] [1;31m2026-07-21 09:50:03.369842005 [E:onnxruntime:Default, env.cc:227 ThreadMain] pthread_setaffinity_np failed for thread: 2082026, index: 36, mask: {37, }, error code: 22 error msg: Invalid argument. Specify the number of threads explicitly so the affinity is not set.[m
[serve] [1;31m2026-07-21 09:50:03.369856772 [E:onnxruntime:Default, env.cc:227 ThreadMain] pthread_setaffinity_np failed for thread: 2082059, index: 69, mask: {70, }, error code: 22 error msg: Invalid argument. Specify the number of threads explicitly so the affinity is not set.[m
[serve] [1;31m2026-07-21 09:50:03.368928217 [E:onnxruntime:Default, env.cc:227 ThreadMain] pthread_setaffinity_np failed for thread: 2082049, index: 59, mask: {60, }, error code: 22 error msg: Invalid argument. Specify the number of threads explicitly so the affinity is not set.[m
[serve] [1;31m2026-07-21 09:50:03.383863949 [E:onnxruntime:Default, env.cc:227 ThreadMain] pthread_setaffinity_np failed for thread: 2082030, index: 40, mask: {41, }, error code: 22 error msg: Invalid argument. Specify the number of threads explicitly so the affinity is not set.[m
[serve] [1;31m2026-07-21 09:50:03.385849600 [E:onnxruntime:Default, env.cc:227 ThreadMain] pthread_setaffinity_np failed for thread: 2082113, index: 123, mask: {124, }, error code: 22 error msg: Invalid argument. Specify the number of threads explicitly so the affinity is not set.[m
[serve] [1;31m2026-07-21 09:50:03.389847411 [E:onnxruntime:Default, env.cc:227 ThreadMain] pthread_setaffinity_np failed for thread: 2082115, index: 125, mask: {126, }, error code: 22 error msg: Invalid argument. Specify the number of threads explicitly so the affinity is not set.[m
[serve] [1;31m2026-07-21 09:50:03.392859791 [E:onnxruntime:Default, env.cc:227 ThreadMain] pthread_setaffinity_np failed for thread: 2082029, index: 39, mask: {40, }, error code: 22 error msg: Invalid argument. Specify the number of threads explicitly so the affinity is not set.[m
[serve] [1;31m2026-07-21 09:50:03.394850491 [E:onnxruntime:Default, env.cc:227 ThreadMain] pthread_setaffinity_np failed for thread: 2082005, index: 15, mask: {16, }, error code: 22 error msg: Invalid argument. Specify the number of threads explicitly so the affinity is not set.[m
[serve] [32m[INFO] 2026-07-21 09:50:03,395 [RapidOCR] base.py:22: Using engine_name: onnxruntime[0m
[serve] [32m[INFO] 2026-07-21 09:50:03,397 [RapidOCR] main.py:53: Using /opt/app-root/src/.cache/docling/models/RapidOcr/onnx/PP-OCRv4/det/ch_PP-OCRv4_det_infer.onnx[0m
[serve] [1;31m2026-07-21 09:50:03.398849925 [E:onnxruntime:Default, env.cc:227 ThreadMain] pthread_setaffinity_np failed for thread: 2082007, index: 17, mask: {18, }, error code: 22 error msg: Invalid argument. Specify the number of threads explicitly so the affinity is not set.[m
[serve] [1;31m2026-07-21 09:50:03.405846401 [E:onnxruntime:Default, env.cc:227 ThreadMain] pthread_setaffinity_np failed for thread: 2082056, index: 66, mask: {67, }, error code: 22 error msg: Invalid argument. Specify the number of threads explicitly so the affinity is not set.[m
[serve] [1;31m2026-07-21 09:50:03.412842806 [E:onnxruntime:Default, env.cc:227 ThreadMain] pthread_setaffinity_np failed for thread: 2082058, index: 68, mask: {69, }, error code: 22 error msg: Invalid argument. Specify the number of threads explicitly so the affinity is not set.[m
[serve] [1;31m2026-07-21 09:50:03.416184020 [E:onnxruntime:Default, env.cc:227 ThreadMain] pthread_setaffinity_np failed for thread: 2082122, index: 4, mask: {5, }, error code: 22 error msg: Invalid argument. Specify the number of threads explicitly so the affinity is not set.[m
[serve] [1;31m2026-07-21 09:50:03.416192716 [E:onnxruntime:Default, env.cc:227 ThreadMain] pthread_setaffinity_np failed for thread: 2082120, index: 2, mask: {3, }, error code: 22 error msg: Invalid argument. Specify the number of threads explicitly so the affinity is not set.[m
[serve] [1;31m2026-07-21 09:50:03.416205931 [E:onnxruntime:Default, env.cc:227 ThreadMain] pthread_setaffinity_np failed for thread: 2082123, index: 5, mask: {6, }, error code: 22 error msg: Invalid argument. Specify the number of threads explicitly so the affinity is not set.[m
[serve] [1;31m2026-07-21 09:50:03.416210309 [E:onnxruntime:Default, env.cc:227 ThreadMain] pthread_setaffinity_np failed for thread: 2082139, index: 21, mask: {22, }, error code: 22 error msg: Invalid argument. Specify the number of threads explicitly so the affinity is not set.[m
[serve] [1;31m2026-07-21 09:50:03.416191674 [E:onnxruntime:Default, env.cc:227 ThreadMain] pthread_setaffinity_np failed for thread: 2082135, index: 17, mask: {18, }, error code: 22 error msg: Invalid argument. Specify the number of threads explicitly so the affinity is not set.[m
[serve] [1;31m2026-07-21 09:50:03.416214607 [E:onnxruntime:Default, env.cc:227 ThreadMain] pthread_setaffinity_np failed for thread: 2082124, index: 6, mask: {7, }, error code: 22 error msg: Invalid argument. Specify the number of threads explicitly so the affinity is not set.[m
[serve] [1;31m2026-07-21 09:50:03.416854964 [E:onnxruntime:Default, env.cc:227 ThreadMain] pthread_setaffinity_np failed for thread: 2082051, index: 61, mask: {62, }, error code: 22 error msg: Invalid argument. Specify the number of threads explicitly so the affinity is not set.[m
[serve] [1;31m2026-07-21 09:50:03.356593084 [E:onnxruntime:Default, env.cc:227 ThreadMain] pthread_setaffinity_np failed for thread: 2081990, index: 15, mask: {16, }, error code: 22 error msg: Invalid argument. Specify the number of threads explicitly so the affinity is not set.[m
[serve] [1;31m2026-07-21 09:50:03.391833533 [E:onnxruntime:Default, env.cc:227 ThreadMain] pthread_setaffinity_np failed for thread: 2081994, index: 19, mask: {20, }, error code: 22 error msg: Invalid argument. Specify the number of threads explicitly so the affinity is not set.[m
[serve] [1;31m2026-07-21 09:50:03.395835762 [E:onnxruntime:Default, env.cc:227 ThreadMain] pthread_setaffinity_np failed for thread: 2081996, index: 21, mask: {22, }, error code: 22 error msg: Invalid argument. Specify the number of threads explicitly so the affinity is not set.[m
[serve] [1;31m2026-07-21 09:50:03.417852688 [E:onnxruntime:Default, env.cc:227 ThreadMain] pthread_setaffinity_np failed for thread: 2081997, index: 22, mask: {23, }, error code: 22 error msg: Invalid argument. Specify the number of threads explicitly so the affinity is not set.[m
[serve] [1;31m2026-07-21 09:50:03.421848576 [E:onnxruntime:Default, env.cc:227 ThreadMain] pthread_setaffinity_np failed for thread: 2082060, index: 70, mask: {71, }, error code: 22 error msg: Invalid argument. Specify the number of threads explicitly so the affinity is not set.[m
[serve] [1;31m2026-07-21 09:50:03.421855599 [E:onnxruntime:Default, env.cc:227 ThreadMain] pthread_setaffinity_np failed for thread: 2082176, index: 57, mask: {58, }, error code: 22 error msg: Invalid argument. Specify the number of threads explicitly so the affinity is not set.[m
[serve] [1;31m2026-07-21 09:50:03.422834949 [E:onnxruntime:Default, env.cc:227 ThreadMain] pthread_setaffinity_np failed for thread: 2082140, index: 22, mask: {23, }, error code: 22 error msg: Invalid argument. Specify the number of threads explicitly so the affinity is not set.[m
[serve] [1;31m2026-07-21 09:50:03.416184290 [E:onnxruntime:Default, env.cc:227 ThreadMain] pthread_setaffinity_np failed for thread: 2082118, index: 0, mask: {1, }, error code: 22 error msg: Invalid argument. Specify the number of threads explicitly so the affinity is not set.[m
[serve] [1;31m2026-07-21 09:50:03.425846668 [E:onnxruntime:Default, env.cc:227 ThreadMain] pthread_setaffinity_np failed for thread: 2082177, index: 58, mask: {59, }, error code: 22 error msg: Invalid argument. Specify the number of threads explicitly so the affinity is not set.[m
[serve] [1;31m2026-07-21 09:50:03.425845105 [E:onnxruntime:Default, env.cc:227 ThreadMain] pthread_setaffinity_np failed for thread: 2082065, index: 75, mask: {76, }, error code: 22 error msg: Invalid argument. Specify the number of threads explicitly so the affinity is not set.[m
[serve] [1;31m2026-07-21 09:50:03.429877040 [E:onnxruntime:Default, env.cc:227 ThreadMain] pthread_setaffinity_np failed for thread: 2082183, index: 64, mask: {65, }, error code: 22 error msg: Invalid argument. Specify the number of threads explicitly so the affinity is not set.[m
[serve] [1;31m2026-07-21 09:50:03.431775628 [E:onnxruntime:Default, env.cc:227 ThreadMain] pthread_setaffinity_np failed for thread: 2082194, index: 75, mask: {76, }, error code: 22 error msg: Invalid argument. Specify the number of threads explicitly so the affinity is not set.[m
[serve] [1;31m2026-07-21 09:50:03.433853261 [E:onnxruntime:Default, env.cc:227 ThreadMain] pthread_setaffinity_np failed for thread: 2082173, index: 54, mask: {55, }, error code: 22 error msg: Invalid argument. Specify the number of threads explicitly so the affinity is not set.[m
[serve] [1;31m2026-07-21 09:50:03.434844664 [E:onnxruntime:Default, env.cc:227 ThreadMain] pthread_setaffinity_np failed for thread: 2082200, index: 81, mask: {82, }, error code: 22 error msg: Invalid argument. Specify the number of threads explicitly so the affinity is not set.[m
[serve] [1;31m2026-07-21 09:50:03.434883236 [E:onnxruntime:Default, env.cc:227 ThreadMain] pthread_setaffinity_np failed for thread: 2082184, index: 65, mask: {66, }, error code: 22 error msg: Invalid argument. Specify the number of threads explicitly so the affinity is not set.[m
[serve] [1;31m2026-07-21 09:50:03.416195752 [E:onnxruntime:Default, env.cc:227 ThreadMain] pthread_setaffinity_np failed for thread: 2082137, index: 19, mask: {20, }, error code: 22 error msg: Invalid argument. Specify the number of threads explicitly so the affinity is not set.[m
[serve] [1;31m2026-07-21 09:50:03.437832207 [E:onnxruntime:Default, env.cc:227 ThreadMain] pthread_setaffinity_np failed for thread: 2082119, index: 1, mask: {2, }, error code: 22 error msg: Invalid argument. Specify the number of threads explicitly so the affinity is not set.[m
[serve] [1;31m2026-07-21 09:50:03.431833256 [E:onnxruntime:Default, env.cc:227 ThreadMain] pthread_setaffinity_np failed for thread: 2082121, index: 3, mask: {4, }, error code: 22 error msg: Invalid argument. Specify the number of threads explicitly so the affinity is not set.[m
[serve] [1;31m2026-07-21 09:50:03.437832958 [E:onnxruntime:Default, env.cc:227 ThreadMain] pthread_setaffinity_np failed for thread: 2082134, index: 16, mask: {17, }, error code: 22 error msg: Invalid argument. Specify the number of threads explicitly so the affinity is not set.[m
[serve] [1;31m2026-07-21 09:50:03.437845472 [E:onnxruntime:Default, env.cc:227 ThreadMain] pthread_setaffinity_np failed for thread: 2082174, index: 55, mask: {56, }, error code: 22 error msg: Invalid argument. Specify the number of threads explicitly so the affinity is not set.[m
[serve] [1;31m2026-07-21 09:50:03.437894173 [E:onnxruntime:Default, env.cc:227 ThreadMain] pthread_setaffinity_np failed for thread: 2082196, index: 77, mask: {78, }, error code: 22 error msg: Invalid argument. Specify the number of threads explicitly so the affinity is not set.[m
[serve] [1;31m2026-07-21 09:50:03.430872090 [E:onnxruntime:Default, env.cc:227 ThreadMain] pthread_setaffinity_np failed for thread: 2082020, index: 30, mask: {31, }, error code: 22 error msg: Invalid argument. Specify the number of threads explicitly so the affinity is not set.[m
[serve] [1;31m2026-07-21 09:50:03.434848721 [E:onnxruntime:Default, env.cc:227 ThreadMain] pthread_setaffinity_np failed for thread: 2082076, index: 86, mask: {87, }, error code: 22 error msg: Invalid argument. Specify the number of threads explicitly so the affinity is not set.[m
[serve] [1;31m2026-07-21 09:50:03.438850099 [E:onnxruntime:Default, env.cc:227 ThreadMain] pthread_setaffinity_np failed for thread: 2082157, index: 38, mask: {39, }, error code: 22 error msg: Invalid argument. Specify the number of threads explicitly so the affinity is not set.[m
[serve] [1;31m2026-07-21 09:50:03.439669821 [E:onnxruntime:Default, env.cc:227 ThreadMain] pthread_setaffinity_np failed for thread: 2082133, index: 15, mask: {16, }, error code: 22 error msg: Invalid argument. Specify the number of threads explicitly so the affinity is not set.[m
[serve] [1;31m2026-07-21 09:50:03.439683406 [E:onnxruntime:Default, env.cc:227 ThreadMain] pthread_setaffinity_np failed for thread: 2082142, index: 24, mask: {25, }, error code: 22 error msg: Invalid argument. Specify the number of threads explicitly so the affinity is not set.[m
[serve] [1;31m2026-07-21 09:50:03.424855205 [E:onnxruntime:Default, env.cc:227 ThreadMain] pthread_setaffinity_np failed for thread: 2082136, index: 18, mask: {19, }, error code: 22 error msg: Invalid argument. Specify the number of threads explicitly so the affinity is not set.[m
[serve] [1;31m2026-07-21 09:50:03.441854734 [E:onnxruntime:Default, env.cc:227 ThreadMain] pthread_setaffinity_np failed for thread: 2082268, index: 47, mask: {48, }, error code: 22 error msg: Invalid argument. Specify the number of threads explicitly so the affinity is not set.[m
[serve] [1;31m2026-07-21 09:50:03.441846018 [E:onnxruntime:Default, env.cc:227 ThreadMain] pthread_setaffinity_np failed for thread: 2082180, index: 61, mask: {62, }, error code: 22 error msg: Invalid argument. Specify the number of threads explicitly so the affinity is not set.[m
[serve] [1;31m2026-07-21 09:50:03.441976812 [E:onnxruntime:Default, env.cc:227 ThreadMain] pthread_setaffinity_np failed for thread: 2082195, index: 76, mask: {77, }, error code: 22 error msg: Invalid argument. Specify the number of threads explicitly so the affinity is not set.[m
[serve] [1;31m2026-07-21 09:50:03.442845947 [E:onnxruntime:Default, env.cc:227 ThreadMain] pthread_setaffinity_np failed for thread: 2082159, index: 40, mask: {41, }, error code: 22 error msg: Invalid argument. Specify the number of threads explicitly so the affinity is not set.[m
[serve] [1;31m2026-07-21 09:50:03.438867061 [E:onnxruntime:Default, env.cc:227 ThreadMain] pthread_setaffinity_np failed for thread: 2082077, index: 87, mask: {88, }, error code: 22 error msg: Invalid argument. Specify the number of threads explicitly so the affinity is not set.[m
[serve] [1;31m2026-07-21 09:50:03.442863079 [E:onnxruntime:Default, env.cc:227 ThreadMain] pthread_setaffinity_np failed for thread: 2082022, index: 32, mask: {33, }, error code: 22 error msg: Invalid argument. Specify the number of threads explicitly so the affinity is not set.[m
[serve] [1;31m2026-07-21 09:50:03.443841768 [E:onnxruntime:Default, env.cc:227 ThreadMain] pthread_setaffinity_np failed for thread: 2082207, index: 88, mask: {89, }, error code: 22 error msg: Invalid argument. Specify the number of threads explicitly so the affinity is not set.[m
[serve] [1;31m2026-07-21 09:50:03.445852325 [E:onnxruntime:Default, env.cc:227 ThreadMain] pthread_setaffinity_np failed for thread: 2082282, index: 61, mask: {62, }, error code: 22 error msg: Invalid argument. Specify the number of threads explicitly so the affinity is not set.[m
[serve] [1;31m2026-07-21 09:50:03.446846543 [E:onnxruntime:Default, env.cc:227 ThreadMain] pthread_setaffinity_np failed for thread: 2082208, index: 89, mask: {90, }, error code: 22 error msg: Invalid argument. Specify the number of threads explicitly so the affinity is not set.[m
[serve] [1;31m2026-07-21 09:50:03.446894483 [E:onnxruntime:Default, env.cc:227 ThreadMain] pthread_setaffinity_np failed for thread: 2082203, index: 84, mask: {85, }, error code: 22 error msg: Invalid argument. Specify the number of threads explicitly so the affinity is not set.[m
[serve] [1;31m2026-07-21 09:50:03.449849425 [E:onnxruntime:Default, env.cc:227 ThreadMain] pthread_setaffinity_np failed for thread: 2082246, index: 25, mask: {26, }, error code: 22 error msg: Invalid argument. Specify the number of threads explicitly so the affinity is not set.[m
[serve] [1;31m2026-07-21 09:50:03.449958369 [E:onnxruntime:Default, env.cc:227 ThreadMain] pthread_setaffinity_np failed for thread: 2082249, index: 28, mask: {29, }, error code: 22 error msg: Invalid argument. Specify the number of threads explicitly so the affinity is not set.[m
[serve] [1;31m2026-07-21 09:50:03.450887425 [E:onnxruntime:Default, env.cc:227 ThreadMain] pthread_setaffinity_np failed for thread: 2082216, index: 97, mask: {98, }, error code: 22 error msg: Invalid argument. Specify the number of threads explicitly so the affinity is not set.[m
[serve] [1;31m2026-07-21 09:50:03.452475743 [E:onnxruntime:Default, env.cc:227 ThreadMain] pthread_setaffinity_np failed for thread: 2082146, index: 27, mask: {28, }, error code: 22 error msg: Invalid argument. Specify the number of threads explicitly so the affinity is not set.[m
[serve] [1;31m2026-07-21 09:50:03.452854852 [E:onnxruntime:Default, env.cc:227 ThreadMain] pthread_setaffinity_np failed for thread: 2082267, index: 46, mask: {47, }, error code: 22 error msg: Invalid argument. Specify the number of threads explicitly so the affinity is not set.[m
[serve] [1;31m2026-07-21 09:50:03.449989968 [E:onnxruntime:Default, env.cc:227 ThreadMain] pthread_setaffinity_np failed for thread: 2082270, index: 49, mask: {50, }, error code: 22 error msg: Invalid argument. Specify the number of threads explicitly so the affinity is not set.[m
[serve] [1;31m2026-07-21 09:50:03.453847246 [E:onnxruntime:Default, env.cc:227 ThreadMain] pthread_setaffinity_np failed for thread: 2082283, index: 62, mask: {63, }, error code: 22 error msg: Invalid argument. Specify the number of threads explicitly so the affinity is not set.[m
[serve] [1;31m2026-07-21 09:50:03.450002210 [E:onnxruntime:Default, env.cc:227 ThreadMain] pthread_setaffinity_np failed for thread: 2082341, index: 120, mask: {121, }, error code: 22 error msg: Invalid argument. Specify the number of threads explicitly so the affinity is not set.[m
[serve] [1;31m2026-07-21 09:50:03.453854590 [E:onnxruntime:Default, env.cc:227 ThreadMain] pthread_setaffinity_np failed for thread: 2082150, index: 31, mask: {32, }, error code: 22 error msg: Invalid argument. Specify the number of threads explicitly so the affinity is not set.[m
[serve] [1;31m2026-07-21 09:50:03.450864762 [E:onnxruntime:Default, env.cc:227 ThreadMain] pthread_setaffinity_np failed for thread: 2082089, index: 99, mask: {100, }, error code: 22 error msg: Invalid argument. Specify the number of threads explicitly so the affinity is not set.[m
[serve] [1;31m2026-07-21 09:50:03.455852023 [E:onnxruntime:Default, env.cc:227 ThreadMain] pthread_setaffinity_np failed for thread: 2082175, index: 56, mask: {57, }, error code: 22 error msg: Invalid argument. Specify the number of threads explicitly so the affinity is not set.[m
[serve] [1;31m2026-07-21 09:50:03.456848184 [E:onnxruntime:Default, env.cc:227 ThreadMain] pthread_setaffinity_np failed for thread: 2082271, index: 50, mask: {51, }, error code: 22 error msg: Invalid argument. Specify the number of threads explicitly so the affinity is not set.[m
[serve] [1;31m2026-07-21 09:50:03.450013642 [E:onnxruntime:Default, env.cc:227 ThreadMain] pthread_setaffinity_np failed for thread: 2082317, index: 96, mask: {97, }, error code: 22 error msg: Invalid argument. Specify the number of threads explicitly so the affinity is not set.[m
[serve] [1;31m2026-07-21 09:50:03.457846159 [E:onnxruntime:Default, env.cc:227 ThreadMain] pthread_setaffinity_np failed for thread: 2082090, index: 100, mask: {101, }, error code: 22 error msg: Invalid argument. Specify the number of threads explicitly so the affinity is not set.[m
[serve] [1;31m2026-07-21 09:50:03.457860055 [E:onnxruntime:Default, env.cc:227 ThreadMain] pthread_setaffinity_np failed for thread: 2082277, index: 56, mask: {57, }, error code: 22 error msg: Invalid argument. Specify the number of threads explicitly so the affinity is not set.[m
[serve] [1;31m2026-07-21 09:50:03.457852351 [E:onnxruntime:Default, env.cc:227 ThreadMain] pthread_setaffinity_np failed for thread: 2082265, index: 44, mask: {45, }, error code: 22 error msg: Invalid argument. Specify the number of threads explicitly so the affinity is not set.[m
[serve] [1;31m2026-07-21 09:50:03.457851820 [E:onnxruntime:Default, env.cc:227 ThreadMain] pthread_setaffinity_np failed for thread: 2082151, index: 32, mask: {33, }, error code: 22 error msg: Invalid argument. Specify the number of threads explicitly so the affinity is not set.[m
[serve] [1;31m2026-07-21 09:50:03.450024081 [E:onnxruntime:Default, env.cc:227 ThreadMain] pthread_setaffinity_np failed for thread: 2082318, index: 97, mask: {98, }, error code: 22 error msg: Invalid argument. Specify the number of threads explicitly so the affinity is not set.[m
[serve] [1;31m2026-07-21 09:50:03.460870301 [E:onnxruntime:Default, env.cc:227 ThreadMain] pthread_setaffinity_np failed for thread: 2082284, index: 63, mask: {64, }, error code: 22 error msg: Invalid argument. Specify the number of threads explicitly so the affinity is not set.[m
[serve] [1;31m2026-07-21 09:50:03.461850102 [E:onnxruntime:Default, env.cc:227 ThreadMain] pthread_setaffinity_np failed for thread: 2082281, index: 60, mask: {61, }, error code: 22 error msg: Invalid argument. Specify the number of threads explicitly so the affinity is not set.[m
[serve] [1;31m2026-07-21 09:50:03.461844201 [E:onnxruntime:Default, env.cc:227 ThreadMain] pthread_setaffinity_np failed for thread: 2082238, index: 119, mask: {120, }, error code: 22 error msg: Invalid argument. Specify the number of threads explicitly so the affinity is not set.[m
[serve] [1;31m2026-07-21 09:50:03.462850792 [E:onnxruntime:Default, env.cc:227 ThreadMain] pthread_setaffinity_np failed for thread: 2082272, index: 51, mask: {52, }, error code: 22 error msg: Invalid argument. Specify the number of threads explicitly so the affinity is not set.[m
[serve] [1;31m2026-07-21 09:50:03.450036755 [E:onnxruntime:Default, env.cc:227 ThreadMain] pthread_setaffinity_np failed for thread: 2082342, index: 121, mask: {122, }, error code: 22 error msg: Invalid argument. Specify the number of threads explicitly so the affinity is not set.[m
[serve] [1;31m2026-07-21 09:50:03.462844340 [E:onnxruntime:Default, env.cc:227 ThreadMain] pthread_setaffinity_np failed for thread: 2082091, index: 101, mask: {102, }, error code: 22 error msg: Invalid argument. Specify the number of threads explicitly so the affinity is not set.[m
[serve] [1;31m2026-07-21 09:50:03.463906626 [E:onnxruntime:Default, env.cc:227 ThreadMain] pthread_setaffinity_np failed for thread: 2082298, index: 77, mask: {78, }, error code: 22 error msg: Invalid argument. Specify the number of threads explicitly so the affinity is not set.[m
[serve] [1;31m2026-07-21 09:50:03.464848706 [E:onnxruntime:Default, env.cc:227 ThreadMain] pthread_setaffinity_np failed for thread: 2082294, index: 73, mask: {74, }, error code: 22 error msg: Invalid argument. Specify the number of threads explicitly so the affinity is not set.[m
[serve] [1;31m2026-07-21 09:50:03.464845410 [E:onnxruntime:Default, env.cc:227 ThreadMain] pthread_setaffinity_np failed for thread: 2082152, index: 33, mask: {34, }, error code: 22 error msg: Invalid argument. Specify the number of threads explicitly so the affinity is not set.[m
[serve] [1;31m2026-07-21 09:50:03.465843976 [E:onnxruntime:Default, env.cc:227 ThreadMain] pthread_setaffinity_np failed for thread: 2082287, index: 66, mask: {67, }, error code: 22 error msg: Invalid argument. Specify the number of threads explicitly so the affinity is not set.[m
[serve] [1;31m2026-07-21 09:50:03.465859255 [E:onnxruntime:Default, env.cc:227 ThreadMain] pthread_setaffinity_np failed for thread: 2082244, index: 125, mask: {126, }, error code: 22 error msg: Invalid argument. Specify the number of threads explicitly so the affinity is not set.[m
[serve] [1;31m2026-07-21 09:50:03.465894460 [E:onnxruntime:Default, env.cc:227 ThreadMain] pthread_setaffinity_np failed for thread: 2082236, index: 117, mask: {118, }, error code: 22 error msg: Invalid argument. Specify the number of threads explicitly so the affinity is not set.[m
[serve] [1;31m2026-07-21 09:50:03.466845788 [E:onnxruntime:Default, env.cc:227 ThreadMain] pthread_setaffinity_np failed for thread: 2082275, index: 54, mask: {55, }, error code: 22 error msg: Invalid argument. Specify the number of threads explicitly so the affinity is not set.[m
[serve] [1;31m2026-07-21 09:50:03.467844204 [E:onnxruntime:Default, env.cc:227 ThreadMain] pthread_setaffinity_np failed for thread: 2082017, index: 27, mask: {28, }, error code: 22 error msg: Invalid argument. Specify the number of threads explicitly so the affinity is not set.[m
[serve] [1;31m2026-07-21 09:50:03.467872236 [E:onnxruntime:Default, env.cc:227 ThreadMain] pthread_setaffinity_np failed for thread: 2082253, index: 32, mask: {33, }, error code: 22 error msg: Invalid argument. Specify the number of threads explicitly so the affinity is not set.[m
[serve] [1;31m2026-07-21 09:50:03.450046924 [E:onnxruntime:Default, env.cc:227 ThreadMain] pthread_setaffinity_np failed for thread: 2082289, index: 68, mask: {69, }, error code: 22 error msg: Invalid argument. Specify the number of threads explicitly so the affinity is not set.[m
[serve] [1;31m2026-07-21 09:50:03.468845145 [E:onnxruntime:Default, env.cc:227 ThreadMain] pthread_setaffinity_np failed for thread: 2082301, index: 80, mask: {81, }, error code: 22 error msg: Invalid argument. Specify the number of threads explicitly so the affinity is not set.[m
[serve] [1;31m2026-07-21 09:50:03.469839764 [E:onnxruntime:Default, env.cc:227 ThreadMain] pthread_setaffinity_np failed for thread: 2082235, index: 116, mask: {117, }, error code: 22 error msg: Invalid argument. Specify the number of threads explicitly so the affinity is not set.[m
[serve] [1;31m2026-07-21 09:50:03.469849973 [E:onnxruntime:Default, env.cc:227 ThreadMain] pthread_setaffinity_np failed for thread: 2082293, index: 72, mask: {73, }, error code: 22 error msg: Invalid argument. Specify the number of threads explicitly so the affinity is not set.[m
[serve] [1;31m2026-07-21 09:50:03.470845904 [E:onnxruntime:Default, env.cc:227 ThreadMain] pthread_setaffinity_np failed for thread: 2082291, index: 70, mask: {71, }, error code: 22 error msg: Invalid argument. Specify the number of threads explicitly so the affinity is not set.[m
[serve] [1;31m2026-07-21 09:50:03.471852265 [E:onnxruntime:Default, env.cc:227 ThreadMain] pthread_setaffinity_np failed for thread: 2082278, index: 57, mask: {58, }, error code: 22 error msg: Invalid argument. Specify the number of threads explicitly so the affinity is not set.[m
[serve] [1;31m2026-07-21 09:50:03.471850411 [E:onnxruntime:Default, env.cc:227 ThreadMain] pthread_setaffinity_np failed for thread: 2081999, index: 9, mask: {10, }, error code: 22 error msg: Invalid argument. Specify the number of threads explicitly so the affinity is not set.[m
[serve] [1;31m2026-07-21 09:50:03.472845010 [E:onnxruntime:Default, env.cc:227 ThreadMain] pthread_setaffinity_np failed for thread: 2082307, index: 86, mask: {87, }, error code: 22 error msg: Invalid argument. Specify the number of threads explicitly so the affinity is not set.[m
[serve] [1;31m2026-07-21 09:50:03.450059367 [E:onnxruntime:Default, env.cc:227 ThreadMain] pthread_setaffinity_np failed for thread: 2082319, index: 98, mask: {99, }, error code: 22 error msg: Invalid argument. Specify the number of threads explicitly so the affinity is not set.[m
[serve] [1;31m2026-07-21 09:50:03.472854017 [E:onnxruntime:Default, env.cc:227 ThreadMain] pthread_setaffinity_np failed for thread: 2081998, index: 8, mask: {9, }, error code: 22 error msg: Invalid argument. Specify the number of threads explicitly so the affinity is not set.[m
[serve] [1;31m2026-07-21 09:50:03.473840360 [E:onnxruntime:Default, env.cc:227 ThreadMain] pthread_setaffinity_np failed for thread: 2082197, index: 78, mask: {79, }, error code: 22 error msg: Invalid argument. Specify the number of threads explicitly so the affinity is not set.[m
[serve] [1;31m2026-07-21 09:50:03.473845399 [E:onnxruntime:Default, env.cc:227 ThreadMain] pthread_setaffinity_np failed for thread: 2082295, index: 74, mask: {75, }, error code: 22 error msg: Invalid argument. Specify the number of threads explicitly so the affinity is not set.[m
[serve] [1;31m2026-07-21 09:50:03.474848584 [E:onnxruntime:Default, env.cc:227 ThreadMain] pthread_setaffinity_np failed for thread: 2082148, index: 29, mask: {30, }, error code: 22 error msg: Invalid argument. Specify the number of threads explicitly so the affinity is not set.[m
[serve] [1;31m2026-07-21 09:50:03.474866818 [E:onnxruntime:Default, env.cc:227 ThreadMain] pthread_setaffinity_np failed for thread: 2082308, index: 87, mask: {88, }, error code: 22 error msg: Invalid argument. Specify the number of threads explicitly so the affinity is not set.[m
[serve] [1;31m2026-07-21 09:50:03.474875174 [E:onnxruntime:Default, env.cc:227 ThreadMain] pthread_setaffinity_np failed for thread: 2082304, index: 83, mask: {84, }, error code: 22 error msg: Invalid argument. Specify the number of threads explicitly so the affinity is not set.[m
[serve] [1;31m2026-07-21 09:50:03.474897866 [E:onnxruntime:Default, env.cc:227 ThreadMain] pthread_setaffinity_np failed for thread: 2082313, index: 92, mask: {93, }, error code: 22 error msg: Invalid argument. Specify the number of threads explicitly so the affinity is not set.[m
[serve] [1;31m2026-07-21 09:50:03.475851078 [E:onnxruntime:Default, env.cc:227 ThreadMain] pthread_setaffinity_np failed for thread: 2082290, index: 69, mask: {70, }, error code: 22 error msg: Invalid argument. Specify the number of threads explicitly so the affinity is not set.[m
[serve] [1;31m2026-07-21 09:50:03.476847831 [E:onnxruntime:Default, env.cc:227 ThreadMain] pthread_setaffinity_np failed for thread: 2082316, index: 95, mask: {96, }, error code: 22 error msg: Invalid argument. Specify the number of threads explicitly so the affinity is not set.[m
[serve] [1;31m2026-07-21 09:50:03.476853952 [E:onnxruntime:Default, env.cc:227 ThreadMain] pthread_setaffinity_np failed for thread: 2082153, index: 34, mask: {35, }, error code: 22 error msg: Invalid argument. Specify the number of threads explicitly so the affinity is not set.[m
[serve] [1;31m2026-07-21 09:50:03.477844523 [E:onnxruntime:Default, env.cc:227 ThreadMain] pthread_setaffinity_np failed for thread: 2082182, index: 63, mask: {64, }, error code: 22 error msg: Invalid argument. Specify the number of threads explicitly so the affinity is not set.[m
[serve] [1;31m2026-07-21 09:50:03.477848060 [E:onnxruntime:Default, env.cc:227 ThreadMain] pthread_setaffinity_np failed for thread: 2082314, index: 93, mask: {94, }, error code: 22 error msg: Invalid argument. Specify the number of threads explicitly so the affinity is not set.[m
[serve] [1;31m2026-07-21 09:50:03.450072392 [E:onnxruntime:Default, env.cc:227 ThreadMain] pthread_setaffinity_np failed for thread: 2082340, index: 119, mask: {120, }, error code: 22 error msg: Invalid argument. Specify the number of threads explicitly so the affinity is not set.[m
[serve] [1;31m2026-07-21 09:50:03.478861373 [E:onnxruntime:Default, env.cc:227 ThreadMain] pthread_setaffinity_np failed for thread: 2082338, index: 117, mask: {118, }, error code: 22 error msg: Invalid argument. Specify the number of threads explicitly so the affinity is not set.[m
[serve] [1;31m2026-07-21 09:50:03.478870561 [E:onnxruntime:Default, env.cc:227 ThreadMain] pthread_setaffinity_np failed for thread: 2082337, index: 116, mask: {117, }, error code: 22 error msg: Invalid argument. Specify the number of threads explicitly so the affinity is not set.[m
[serve] [1;31m2026-07-21 09:50:03.479850241 [E:onnxruntime:Default, env.cc:227 ThreadMain] pthread_setaffinity_np failed for thread: 2082299, index: 78, mask: {79, }, error code: 22 error msg: Invalid argument. Specify the number of threads explicitly so the affinity is not set.[m
[serve] [1;31m2026-07-21 09:50:03.480848026 [E:onnxruntime:Default, env.cc:227 ThreadMain] pthread_setaffinity_np failed for thread: 2082327, index: 106, mask: {107, }, error code: 22 error msg: Invalid argument. Specify the number of threads explicitly so the affinity is not set.[m
[serve] [1;31m2026-07-21 09:50:03.480851072 [E:onnxruntime:Default, env.cc:227 ThreadMain] pthread_setaffinity_np failed for thread: 2082154, index: 35, mask: {36, }, error code: 22 error msg: Invalid argument. Specify the number of threads explicitly so the affinity is not set.[m
[serve] [1;31m2026-07-21 09:50:03.481843557 [E:onnxruntime:Default, env.cc:227 ThreadMain] pthread_setaffinity_np failed for thread: 2082189, index: 70, mask: {71, }, error code: 22 error msg: Invalid argument. Specify the number of threads explicitly so the affinity is not set.[m
[serve] [1;31m2026-07-21 09:50:03.481847604 [E:onnxruntime:Default, env.cc:227 ThreadMain] pthread_setaffinity_np failed for thread: 2082315, index: 94, mask: {95, }, error code: 22 error msg: Invalid argument. Specify the number of threads explicitly so the affinity is not set.[m
[serve] [1;31m2026-07-21 09:50:03.482851310 [E:onnxruntime:Default, env.cc:227 ThreadMain] pthread_setaffinity_np failed for thread: 2082258, index: 37, mask: {38, }, error code: 22 error msg: Invalid argument. Specify the number of threads explicitly so the affinity is not set.[m
[serve] [1;31m2026-07-21 09:50:03.450084053 [E:onnxruntime:Default, env.cc:227 ThreadMain] pthread_setaffinity_np failed for thread: 2082303, index: 82, mask: {83, }, error code: 22 error msg: Invalid argument. Specify the number of threads explicitly so the affinity is not set.[m
[serve] [1;31m2026-07-21 09:50:03.483898788 [E:onnxruntime:Default, env.cc:227 ThreadMain] pthread_setaffinity_np failed for thread: 2082347, index: 126, mask: {127, }, error code: 22 error msg: Invalid argument. Specify the number of threads explicitly so the affinity is not set.[m
[serve] [1;31m2026-07-21 09:50:03.484628071 [E:onnxruntime:Default, env.cc:227 ThreadMain] pthread_setaffinity_np failed for thread: 2082263, index: 42, mask: {43, }, error code: 22 error msg: Invalid argument. Specify the number of threads explicitly so the affinity is not set.[m
[serve] [1;31m2026-07-21 09:50:03.484845998 [E:onnxruntime:Default, env.cc:227 ThreadMain] pthread_setaffinity_np failed for thread: 2082332, index: 111, mask: {112, }, error code: 22 error msg: Invalid argument. Specify the number of threads explicitly so the affinity is not set.[m
[serve] [1;31m2026-07-21 09:50:03.484844735 [E:onnxruntime:Default, env.cc:227 ThreadMain] pthread_setaffinity_np failed for thread: 2082144, index: 25, mask: {26, }, error code: 22 error msg: Invalid argument. Specify the number of threads explicitly so the affinity is not set.[m
[serve] [1;31m2026-07-21 09:50:03.484855756 [E:onnxruntime:Default, env.cc:227 ThreadMain] pthread_setaffinity_np failed for thread: 2082161, index: 42, mask: {43, }, error code: 22 error msg: Invalid argument. Specify the number of threads explicitly so the affinity is not set.[m
[serve] [1;31m2026-07-21 09:50:03.485842861 [E:onnxruntime:Default, env.cc:227 ThreadMain] pthread_setaffinity_np failed for thread: 2082190, index: 71, mask: {72, }, error code: 22 error msg: Invalid argument. Specify the number of threads explicitly so the affinity is not set.[m
[serve] [1;31m2026-07-21 09:50:03.485849112 [E:onnxruntime:Default, env.cc:227 ThreadMain] pthread_setaffinity_np failed for thread: 2082326, index: 105, mask: {106, }, error code: 22 error msg: Invalid argument. Specify the number of threads explicitly so the affinity is not set.[m
[serve] [1;31m2026-07-21 09:50:03.485845987 [E:onnxruntime:Default, env.cc:227 ThreadMain] pthread_setaffinity_np failed for thread: 2082012, index: 22, mask: {23, }, error code: 22 error msg: Invalid argument. Specify the number of threads explicitly so the affinity is not set.[m
[serve] [1;31m2026-07-21 09:50:03.486843691 [E:onnxruntime:Default, env.cc:227 ThreadMain] pthread_setaffinity_np failed for thread: 2082262, index: 41, mask: {42, }, error code: 22 error msg: Invalid argument. Specify the number of threads explicitly so the affinity is not set.[m
[serve] [1;31m2026-07-21 09:50:03.487842908 [E:onnxruntime:Default, env.cc:227 ThreadMain] pthread_setaffinity_np failed for thread: 2082276, index: 55, mask: {56, }, error code: 22 error msg: Invalid argument. Specify the number of threads explicitly so the affinity is not set.[m
[serve] [1;31m2026-07-21 09:50:03.450094283 [E:onnxruntime:Default, env.cc:227 ThreadMain] pthread_setaffinity_np failed for thread: 2082274, index: 53, mask: {54, }, error code: 22 error msg: Invalid argument. Specify the number of threads explicitly so the affinity is not set.[m
[serve] [1;31m2026-07-21 09:50:03.489843768 [E:onnxruntime:Default, env.cc:227 ThreadMain] pthread_setaffinity_np failed for thread: 2082205, index: 86, mask: {87, }, error code: 22 error msg: Invalid argument. Specify the number of threads explicitly so the affinity is not set.[m
[serve] [1;31m2026-07-21 09:50:03.478854060 [E:onnxruntime:Default, env.cc:227 ThreadMain] pthread_setaffinity_np failed for thread: 2082322, index: 101, mask: {102, }, error code: 22 error msg: Invalid argument. Specify the number of threads explicitly so the affinity is not set.[m
[serve] [1;31m2026-07-21 09:50:03.474855547 [E:onnxruntime:Default, env.cc:227 ThreadMain] pthread_setaffinity_np failed for thread: 2082279, index: 58, mask: {59, }, error code: 22 error msg: Invalid argument. Specify the number of threads explicitly so the affinity is not set.[m
[serve] [1;31m2026-07-21 09:50:03.483884050 [E:onnxruntime:Default, env.cc:227 ThreadMain] pthread_setaffinity_np failed for thread: 2082333, index: 112, mask: {113, }, error code: 22 error msg: Invalid argument. Specify the number of threads explicitly so the affinity is not set.[m
[serve] [1;31m2026-07-21 09:50:03.493843122 [E:onnxruntime:Default, env.cc:227 ThreadMain] pthread_setaffinity_np failed for thread: 2082181, index: 62, mask: {63, }, error code: 22 error msg: Invalid argument. Specify the number of threads explicitly so the affinity is not set.[m
[serve] [1;31m2026-07-21 09:50:03.494849773 [E:onnxruntime:Default, env.cc:227 ThreadMain] pthread_setaffinity_np failed for thread: 2082000, index: 10, mask: {11, }, error code: 22 error msg: Invalid argument. Specify the number of threads explicitly so the affinity is not set.[m
[serve] [1;31m2026-07-21 09:50:03.450108800 [E:onnxruntime:Default, env.cc:227 ThreadMain] pthread_setaffinity_np failed for thread: 2082300, index: 79, mask: {80, }, error code: 22 error msg: Invalid argument. Specify the number of threads explicitly so the affinity is not set.[m
[serve] [1;31m2026-07-21 09:50:03.495861714 [E:onnxruntime:Default, env.cc:227 ThreadMain] pthread_setaffinity_np failed for thread: 2082330, index: 109, mask: {110, }, error code: 22 error msg: Invalid argument. Specify the number of threads explicitly so the affinity is not set.[m
[serve] [1;31m2026-07-21 09:50:03.496850442 [E:onnxruntime:Default, env.cc:227 ThreadMain] pthread_setaffinity_np failed for thread: 2082138, index: 20, mask: {21, }, error code: 22 error msg: Invalid argument. Specify the number of threads explicitly so the affinity is not set.[m
[serve] [1;31m2026-07-21 09:50:03.450872056 [E:onnxruntime:Default, env.cc:227 ThreadMain] pthread_setaffinity_np failed for thread: 2082192, index: 73, mask: {74, }, error code: 22 error msg: Invalid argument. Specify the number of threads explicitly so the affinity is not set.[m
[serve] [1;31m2026-07-21 09:50:03.465844667 [E:onnxruntime:Default, env.cc:227 ThreadMain] pthread_setaffinity_np failed for thread: 2082218, index: 99, mask: {100, }, error code: 22 error msg: Invalid argument. Specify the number of threads explicitly so the affinity is not set.[m
[serve] [1;31m2026-07-21 09:50:03.460946233 [E:onnxruntime:Default, env.cc:227 ThreadMain] pthread_setaffinity_np failed for thread: 2082225, index: 106, mask: {107, }, error code: 22 error msg: Invalid argument. Specify the number of threads explicitly so the affinity is not set.[m
[serve] [1;31m2026-07-21 09:50:03.499842995 [E:onnxruntime:Default, env.cc:227 ThreadMain] pthread_setaffinity_np failed for thread: 2082331, index: 110, mask: {111, }, error code: 22 error msg: Invalid argument. Specify the number of threads explicitly so the affinity is not set.[m
[serve] [1;31m2026-07-21 09:50:03.501846028 [E:onnxruntime:Default, env.cc:227 ThreadMain] pthread_setaffinity_np failed for thread: 2082014, index: 24, mask: {25, }, error code: 22 error msg: Invalid argument. Specify the number of threads explicitly so the affinity is not set.[m
[serve] [1;31m2026-07-21 09:50:03.502848331 [E:onnxruntime:Default, env.cc:227 ThreadMain] pthread_setaffinity_np failed for thread: 2082248, index: 27, mask: {28, }, error code: 22 error msg: Invalid argument. Specify the number of threads explicitly so the affinity is not set.[m
[serve] [1;31m2026-07-21 09:50:03.450119079 [E:onnxruntime:Default, env.cc:227 ThreadMain] pthread_setaffinity_np failed for thread: 2082288, index: 67, mask: {68, }, error code: 22 error msg: Invalid argument. Specify the number of threads explicitly so the affinity is not set.[m
[serve] [1;31m2026-07-21 09:50:03.490851120 [E:onnxruntime:Default, env.cc:227 ThreadMain] pthread_setaffinity_np failed for thread: 2082292, index: 71, mask: {72, }, error code: 22 error msg: Invalid argument. Specify the number of threads explicitly so the affinity is not set.[m
[serve] [1;31m2026-07-21 09:50:03.488861061 [E:onnxruntime:Default, env.cc:227 ThreadMain] pthread_setaffinity_np failed for thread: 2082321, index: 100, mask: {101, }, error code: 22 error msg: Invalid argument. Specify the number of threads explicitly so the affinity is not set.[m
[serve] [1;31m2026-07-21 09:50:03.488867273 [E:onnxruntime:Default, env.cc:227 ThreadMain] pthread_setaffinity_np failed for thread: 2082286, index: 65, mask: {66, }, error code: 22 error msg: Invalid argument. Specify the number of threads explicitly so the affinity is not set.[m
[serve] [1;31m2026-07-21 09:50:03.487909122 [E:onnxruntime:Default, env.cc:227 ThreadMain] pthread_setaffinity_np failed for thread: 2082344, index: 123, mask: {124, }, error code: 22 error msg: Invalid argument. Specify the number of threads explicitly so the affinity is not set.[m
[serve] [1;31m2026-07-21 09:50:03.450860905 [E:onnxruntime:Default, env.cc:227 ThreadMain] pthread_setaffinity_np failed for thread: 2082239, index: 120, mask: {121, }, error code: 22 error msg: Invalid argument. Specify the number of threads explicitly so the affinity is not set.[m
[serve] [1;31m2026-07-21 09:50:03.490860067 [E:onnxruntime:Default, env.cc:227 ThreadMain] pthread_setaffinity_np failed for thread: 2082324, index: 103, mask: {104, }, error code: 22 error msg: Invalid argument. Specify the number of threads explicitly so the affinity is not set.[m
[serve] [1;31m2026-07-21 09:50:03.450139126 [E:onnxruntime:Default, env.cc:227 ThreadMain] pthread_setaffinity_np failed for thread: 2082256, index: 35, mask: {36, }, error code: 22 error msg: Invalid argument. Specify the number of threads explicitly so the affinity is not set.[m
[serve] [1;31m2026-07-21 09:50:03.488873424 [E:onnxruntime:Default, env.cc:227 ThreadMain] pthread_setaffinity_np failed for thread: 2082269, index: 48, mask: {49, }, error code: 22 error msg: Invalid argument. Specify the number of threads explicitly so the affinity is not set.[m
[serve] [1;31m2026-07-21 09:50:03.487915394 [E:onnxruntime:Default, env.cc:227 ThreadMain] pthread_setaffinity_np failed for thread: 2082250, index: 29, mask: {30, }, error code: 22 error msg: Invalid argument. Specify the number of threads explicitly so the affinity is not set.[m
[serve] [1;31m2026-07-21 09:50:03.450129047 [E:onnxruntime:Default, env.cc:227 ThreadMain] pthread_setaffinity_np failed for thread: 2082266, index: 45, mask: {46, }, error code: 22 error msg: Invalid argument. Specify the number of threads explicitly so the affinity is not set.[m
[serve] [1;31m2026-07-21 09:50:03.508755671 [E:onnxruntime:Default, env.cc:227 ThreadMain] pthread_setaffinity_np failed for thread: 2082062, index: 72, mask: {73, }, error code: 22 error msg: Invalid argument. Specify the number of threads explicitly so the affinity is not set.[m
[serve] [1;31m2026-07-21 09:50:03.508972015 [E:onnxruntime:Default, env.cc:227 ThreadMain] pthread_setaffinity_np failed for thread: 2082099, index: 109, mask: {110, }, error code: 22 error msg: Invalid argument. Specify the number of threads explicitly so the affinity is not set.[m
[serve] [1;31m2026-07-21 09:50:03.509878790 [E:onnxruntime:Default, env.cc:227 ThreadMain] pthread_setaffinity_np failed for thread: 2082240, index: 121, mask: {122, }, error code: 22 error msg: Invalid argument. Specify the number of threads explicitly so the affinity is not set.[m
[serve] [1;31m2026-07-21 09:50:03.450149726 [E:onnxruntime:Default, env.cc:227 ThreadMain] pthread_setaffinity_np failed for thread: 2082251, index: 30, mask: {31, }, error code: 22 error msg: Invalid argument. Specify the number of threads explicitly so the affinity is not set.[m
[serve] [1;31m2026-07-21 09:50:03.483851139 [E:onnxruntime:Default, env.cc:227 ThreadMain] pthread_setaffinity_np failed for thread: 2082310, index: 89, mask: {90, }, error code: 22 error msg: Invalid argument. Specify the number of threads explicitly so the affinity is not set.[m
[serve] [1;31m2026-07-21 09:50:03.490854517 [E:onnxruntime:Default, env.cc:227 ThreadMain] pthread_setaffinity_np failed for thread: 2082339, index: 118, mask: {119, }, error code: 22 error msg: Invalid argument. Specify the number of threads explicitly so the affinity is not set.[m
[serve] [1;31m2026-07-21 09:50:03.488854759 [E:onnxruntime:Default, env.cc:227 ThreadMain] pthread_setaffinity_np failed for thread: 2082335, index: 114, mask: {115, }, error code: 22 error msg: Invalid argument. Specify the number of threads explicitly so the affinity is not set.[m
[serve] [1;31m2026-07-21 09:50:03.483868782 [E:onnxruntime:Default, env.cc:227 ThreadMain] pthread_setaffinity_np failed for thread: 2082320, index: 99, mask: {100, }, error code: 22 error msg: Invalid argument. Specify the number of threads explicitly so the affinity is not set.[m
[serve] [1;31m2026-07-21 09:50:03.513846114 [E:onnxruntime:Default, env.cc:227 ThreadMain] pthread_setaffinity_np failed for thread: 2082233, index: 114, mask: {115, }, error code: 22 error msg: Invalid argument. Specify the number of threads explicitly so the affinity is not set.[m
[serve] [1;31m2026-07-21 09:50:03.514783797 [E:onnxruntime:Default, env.cc:227 ThreadMain] pthread_setaffinity_np failed for thread: 2082025, index: 35, mask: {36, }, error code: 22 error msg: Invalid argument. Specify the number of threads explicitly so the affinity is not set.[m
[serve] [1;31m2026-07-21 09:50:03.514850050 [E:onnxruntime:Default, env.cc:227 ThreadMain] pthread_setaffinity_np failed for thread: 2082063, index: 73, mask: {74, }, error code: 22 error msg: Invalid argument. Specify the number of threads explicitly so the affinity is not set.[m
[serve] [1;31m2026-07-21 09:50:03.514878083 [E:onnxruntime:Default, env.cc:227 ThreadMain] pthread_setaffinity_np failed for thread: 2082101, index: 111, mask: {112, }, error code: 22 error msg: Invalid argument. Specify the number of threads explicitly so the affinity is not set.[m
[serve] [1;31m2026-07-21 09:50:03.517844036 [E:onnxruntime:Default, env.cc:227 ThreadMain] pthread_setaffinity_np failed for thread: 2082221, index: 102, mask: {103, }, error code: 22 error msg: Invalid argument. Specify the number of threads explicitly so the affinity is not set.[m
[serve] [1;31m2026-07-21 09:50:03.519858430 [E:onnxruntime:Default, env.cc:227 ThreadMain] pthread_setaffinity_np failed for thread: 2082252, index: 31, mask: {32, }, error code: 22 error msg: Invalid argument. Specify the number of threads explicitly so the affinity is not set.[m
[serve] [1;31m2026-07-21 09:50:03.521845223 [E:onnxruntime:Default, env.cc:227 ThreadMain] pthread_setaffinity_np failed for thread: 2082232, index: 113, mask: {114, }, error code: 22 error msg: Invalid argument. Specify the number of threads explicitly so the affinity is not set.[m
[serve] [1;31m2026-07-21 09:50:03.522849470 [E:onnxruntime:Default, env.cc:227 ThreadMain] pthread_setaffinity_np failed for thread: 2082002, index: 12, mask: {13, }, error code: 22 error msg: Invalid argument. Specify the number of threads explicitly so the affinity is not set.[m
[serve] [1;31m2026-07-21 09:50:03.523845772 [E:onnxruntime:Default, env.cc:227 ThreadMain] pthread_setaffinity_np failed for thread: 2082247, index: 26, mask: {27, }, error code: 22 error msg: Invalid argument. Specify the number of threads explicitly so the affinity is not set.[m
[serve] [1;31m2026-07-21 09:50:03.525847743 [E:onnxruntime:Default, env.cc:227 ThreadMain] pthread_setaffinity_np failed for thread: 2082222, index: 103, mask: {104, }, error code: 22 error msg: Invalid argument. Specify the number of threads explicitly so the affinity is not set.[m
[serve] [1;31m2026-07-21 09:50:03.526817696 [E:onnxruntime:Default, env.cc:227 ThreadMain] pthread_setaffinity_np failed for thread: 2082064, index: 74, mask: {75, }, error code: 22 error msg: Invalid argument. Specify the number of threads explicitly so the affinity is not set.[m
[serve] [1;31m2026-07-21 09:50:03.527844915 [E:onnxruntime:Default, env.cc:227 ThreadMain] pthread_setaffinity_np failed for thread: 2082297, index: 76, mask: {77, }, error code: 22 error msg: Invalid argument. Specify the number of threads explicitly so the affinity is not set.[m
[serve] [1;31m2026-07-21 09:50:03.531844710 [E:onnxruntime:Default, env.cc:227 ThreadMain] pthread_setaffinity_np failed for thread: 2082273, index: 52, mask: {53, }, error code: 22 error msg: Invalid argument. Specify the number of threads explicitly so the affinity is not set.[m
[serve] [1;31m2026-07-21 09:50:03.529859751 [E:onnxruntime:Default, env.cc:227 ThreadMain] pthread_setaffinity_np failed for thread: 2082155, index: 36, mask: {37, }, error code: 22 error msg: Invalid argument. Specify the number of threads explicitly so the affinity is not set.[m
[serve] [1;31m2026-07-21 09:50:03.531852776 [E:onnxruntime:Default, env.cc:227 ThreadMain] pthread_setaffinity_np failed for thread: 2082143, index: 24, mask: {25, }, error code: 22 error msg: Invalid argument. Specify the number of threads explicitly so the affinity is not set.[m
[serve] [1;31m2026-07-21 09:50:03.532179817 [E:onnxruntime:Default, env.cc:227 ThreadMain] pthread_setaffinity_np failed for thread: 2082229, index: 110, mask: {111, }, error code: 22 error msg: Invalid argument. Specify the number of threads explicitly so the affinity is not set.[m
[serve] [1;31m2026-07-21 09:50:03.535847832 [E:onnxruntime:Default, env.cc:227 ThreadMain] pthread_setaffinity_np failed for thread: 2082334, index: 113, mask: {114, }, error code: 22 error msg: Invalid argument. Specify the number of threads explicitly so the affinity is not set.[m
[serve] [1;31m2026-07-21 09:50:03.532159318 [E:onnxruntime:Default, env.cc:227 ThreadMain] pthread_setaffinity_np failed for thread: 2082198, index: 79, mask: {80, }, error code: 22 error msg: Invalid argument. Specify the number of threads explicitly so the affinity is not set.[m
[serve] [1;31m2026-07-21 09:50:03.539843609 [E:onnxruntime:Default, env.cc:227 ThreadMain] pthread_setaffinity_np failed for thread: 2082311, index: 90, mask: {91, }, error code: 22 error msg: Invalid argument. Specify the number of threads explicitly so the affinity is not set.[m
[serve] [1;31m2026-07-21 09:50:03.539874697 [E:onnxruntime:Default, env.cc:227 ThreadMain] pthread_setaffinity_np failed for thread: 2082084, index: 94, mask: {95, }, error code: 22 error msg: Invalid argument. Specify the number of threads explicitly so the affinity is not set.[m
[serve] [1;31m2026-07-21 09:50:03.539886479 [E:onnxruntime:Default, env.cc:227 ThreadMain] pthread_setaffinity_np failed for thread: 2082085, index: 95, mask: {96, }, error code: 22 error msg: Invalid argument. Specify the number of threads explicitly so the affinity is not set.[m
[serve] [1;31m2026-07-21 09:50:03.539917046 [E:onnxruntime:Default, env.cc:227 ThreadMain] pthread_setaffinity_np failed for thread: 2082023, index: 33, mask: {34, }, error code: 22 error msg: Invalid argument. Specify the number of threads explicitly so the affinity is not set.[m
[serve] [1;31m2026-07-21 09:50:03.539973422 [E:onnxruntime:Default, env.cc:227 ThreadMain] pthread_setaffinity_np failed for thread: 2082024, index: 34, mask: {35, }, error code: 22 error msg: Invalid argument. Specify the number of threads explicitly so the affinity is not set.[m
[serve] [1;31m2026-07-21 09:50:03.540886258 [E:onnxruntime:Default, env.cc:227 ThreadMain] pthread_setaffinity_np failed for thread: 2082102, index: 112, mask: {113, }, error code: 22 error msg: Invalid argument. Specify the number of threads explicitly so the affinity is not set.[m
[serve] [1;31m2026-07-21 09:50:03.532165280 [E:onnxruntime:Default, env.cc:227 ThreadMain] pthread_setaffinity_np failed for thread: 2082217, index: 98, mask: {99, }, error code: 22 error msg: Invalid argument. Specify the number of threads explicitly so the affinity is not set.[m
[serve] [1;31m2026-07-21 09:50:03.543865295 [E:onnxruntime:Default, env.cc:227 ThreadMain] pthread_setaffinity_np failed for thread: 2082325, index: 104, mask: {105, }, error code: 22 error msg: Invalid argument. Specify the number of threads explicitly so the affinity is not set.[m
[serve] [1;31m2026-07-21 09:50:03.497862674 [E:onnxruntime:Default, env.cc:227 ThreadMain] pthread_setaffinity_np failed for thread: 2082191, index: 72, mask: {73, }, error code: 22 error msg: Invalid argument. Specify the number of threads explicitly so the affinity is not set.[m
[serve] [1;31m2026-07-21 09:50:03.547841476 [E:onnxruntime:Default, env.cc:227 ThreadMain] pthread_setaffinity_np failed for thread: 2082323, index: 102, mask: {103, }, error code: 22 error msg: Invalid argument. Specify the number of threads explicitly so the affinity is not set.[m
[serve] [1;31m2026-07-21 09:50:03.497867543 [E:onnxruntime:Default, env.cc:227 ThreadMain] pthread_setaffinity_np failed for thread: 2082202, index: 83, mask: {84, }, error code: 22 error msg: Invalid argument. Specify the number of threads explicitly so the affinity is not set.[m
[serve] [1;31m2026-07-21 09:50:03.551843505 [E:onnxruntime:Default, env.cc:227 ThreadMain] pthread_setaffinity_np failed for thread: 2082302, index: 81, mask: {82, }, error code: 22 error msg: Invalid argument. Specify the number of threads explicitly so the affinity is not set.[m
[serve] [1;31m2026-07-21 09:50:03.541909961 [E:onnxruntime:Default, env.cc:227 ThreadMain] pthread_setaffinity_np failed for thread: 2082078, index: 88, mask: {89, }, error code: 22 error msg: Invalid argument. Specify the number of threads explicitly so the affinity is not set.[m
[serve] [1;31m2026-07-21 09:50:03.547856915 [E:onnxruntime:Default, env.cc:227 ThreadMain] pthread_setaffinity_np failed for thread: 2082103, index: 113, mask: {114, }, error code: 22 error msg: Invalid argument. Specify the number of threads explicitly so the affinity is not set.[m
[serve] [1;31m2026-07-21 09:50:03.555851906 [E:onnxruntime:Default, env.cc:227 ThreadMain] pthread_setaffinity_np failed for thread: 2082296, index: 75, mask: {76, }, error code: 22 error msg: Invalid argument. Specify the number of threads explicitly so the affinity is not set.[m
[serve] [1;31m2026-07-21 09:50:03.559843776 [E:onnxruntime:Default, env.cc:227 ThreadMain] pthread_setaffinity_np failed for thread: 2082257, index: 36, mask: {37, }, error code: 22 error msg: Invalid argument. Specify the number of threads explicitly so the affinity is not set.[m
[serve] [1;31m2026-07-21 09:50:03.560844596 [E:onnxruntime:Default, env.cc:227 ThreadMain] pthread_setaffinity_np failed for thread: 2082079, index: 89, mask: {90, }, error code: 22 error msg: Invalid argument. Specify the number of threads explicitly so the affinity is not set.[m
[serve] [1;31m2026-07-21 09:50:03.497919460 [E:onnxruntime:Default, env.cc:227 ThreadMain] pthread_setaffinity_np failed for thread: 2082145, index: 26, mask: {27, }, error code: 22 error msg: Invalid argument. Specify the number of threads explicitly so the affinity is not set.[m
[serve] [1;31m2026-07-21 09:50:03.563856465 [E:onnxruntime:Default, env.cc:227 ThreadMain] pthread_setaffinity_np failed for thread: 2082261, index: 40, mask: {41, }, error code: 22 error msg: Invalid argument. Specify the number of threads explicitly so the affinity is not set.[m
[serve] [1;31m2026-07-21 09:50:03.564986858 [E:onnxruntime:Default, env.cc:227 ThreadMain] pthread_setaffinity_np failed for thread: 2082105, index: 115, mask: {116, }, error code: 22 error msg: Invalid argument. Specify the number of threads explicitly so the affinity is not set.[m
[serve] [1;31m2026-07-21 09:50:03.565013748 [E:onnxruntime:Default, env.cc:227 ThreadMain] pthread_setaffinity_np failed for thread: 2082081, index: 91, mask: {92, }, error code: 22 error msg: Invalid argument. Specify the number of threads explicitly so the affinity is not set.[m
[serve] [1;31m2026-07-21 09:50:03.567001342 [E:onnxruntime:Default, env.cc:227 ThreadMain] pthread_setaffinity_np failed for thread: 2082082, index: 92, mask: {93, }, error code: 22 error msg: Invalid argument. Specify the number of threads explicitly so the affinity is not set.[m
[serve] [1;31m2026-07-21 09:50:03.567033442 [E:onnxruntime:Default, env.cc:227 ThreadMain] pthread_setaffinity_np failed for thread: 2082003, index: 13, mask: {14, }, error code: 22 error msg: Invalid argument. Specify the number of threads explicitly so the affinity is not set.[m
[serve] [1;31m2026-07-21 09:50:03.567896335 [E:onnxruntime:Default, env.cc:227 ThreadMain] pthread_setaffinity_np failed for thread: 2082255, index: 34, mask: {35, }, error code: 22 error msg: Invalid argument. Specify the number of threads explicitly so the affinity is not set.[m
[serve] [1;31m2026-07-21 09:50:03.567905522 [E:onnxruntime:Default, env.cc:227 ThreadMain] pthread_setaffinity_np failed for thread: 2082107, index: 117, mask: {118, }, error code: 22 error msg: Invalid argument. Specify the number of threads explicitly so the affinity is not set.[m
[serve] [1;31m2026-07-21 09:50:03.571847479 [E:onnxruntime:Default, env.cc:227 ThreadMain] pthread_setaffinity_np failed for thread: 2082346, index: 125, mask: {126, }, error code: 22 error msg: Invalid argument. Specify the number of threads explicitly so the affinity is not set.[m
[serve] [1;31m2026-07-21 09:50:03.575845871 [E:onnxruntime:Default, env.cc:227 ThreadMain] pthread_setaffinity_np failed for thread: 2082306, index: 85, mask: {86, }, error code: 22 error msg: Invalid argument. Specify the number of threads explicitly so the affinity is not set.[m
[serve] [1;31m2026-07-21 09:50:03.577848294 [E:onnxruntime:Default, env.cc:227 ThreadMain] pthread_setaffinity_np failed for thread: 2082097, index: 107, mask: {108, }, error code: 22 error msg: Invalid argument. Specify the number of threads explicitly so the affinity is not set.[m
[serve] [1;31m2026-07-21 09:50:03.567844438 [E:onnxruntime:Default, env.cc:227 ThreadMain] pthread_setaffinity_np failed for thread: 2082343, index: 122, mask: {123, }, error code: 22 error msg: Invalid argument. Specify the number of threads explicitly so the affinity is not set.[m
[serve] [1;31m2026-07-21 09:50:03.579852419 [E:onnxruntime:Default, env.cc:227 ThreadMain] pthread_setaffinity_np failed for thread: 2082260, index: 39, mask: {40, }, error code: 22 error msg: Invalid argument. Specify the number of threads explicitly so the affinity is not set.[m
[serve] [1;31m2026-07-21 09:50:03.586849064 [E:onnxruntime:Default, env.cc:227 ThreadMain] pthread_setaffinity_np failed for thread: 2082018, index: 28, mask: {29, }, error code: 22 error msg: Invalid argument. Specify the number of threads explicitly so the affinity is not set.[m
[serve] [1;31m2026-07-21 09:50:03.543846369 [E:onnxruntime:Default, env.cc:227 ThreadMain] pthread_setaffinity_np failed for thread: 2082285, index: 64, mask: {65, }, error code: 22 error msg: Invalid argument. Specify the number of threads explicitly so the affinity is not set.[m
[serve] [1;31m2026-07-21 09:50:03.579878818 [E:onnxruntime:Default, env.cc:227 ThreadMain] pthread_setaffinity_np failed for thread: 2082329, index: 108, mask: {109, }, error code: 22 error msg: Invalid argument. Specify the number of threads explicitly so the affinity is not set.[m
[serve] [1;31m2026-07-21 09:50:03.592944937 [E:onnxruntime:Default, env.cc:227 ThreadMain] pthread_setaffinity_np failed for thread: 2082074, index: 84, mask: {85, }, error code: 22 error msg: Invalid argument. Specify the number of threads explicitly so the affinity is not set.[m
[serve] [1;31m2026-07-21 09:50:03.592982777 [E:onnxruntime:Default, env.cc:227 ThreadMain] pthread_setaffinity_np failed for thread: 2082057, index: 67, mask: {68, }, error code: 22 error msg: Invalid argument. Specify the number of threads explicitly so the affinity is not set.[m
[serve] [1;31m2026-07-21 09:50:03.594864574 [E:onnxruntime:Default, env.cc:227 ThreadMain] pthread_setaffinity_np failed for thread: 2082163, index: 44, mask: {45, }, error code: 22 error msg: Invalid argument. Specify the number of threads explicitly so the affinity is not set.[m
[serve] [1;31m2026-07-21 09:50:03.598841386 [E:onnxruntime:Default, env.cc:227 ThreadMain] pthread_setaffinity_np failed for thread: 2082204, index: 85, mask: {86, }, error code: 22 error msg: Invalid argument. Specify the number of threads explicitly so the affinity is not set.[m
[serve] [1;31m2026-07-21 09:50:03.583861631 [E:onnxruntime:Default, env.cc:227 ThreadMain] pthread_setaffinity_np failed for thread: 2082345, index: 124, mask: {125, }, error code: 22 error msg: Invalid argument. Specify the number of threads explicitly so the affinity is not set.[m
[serve] [1;31m2026-07-21 09:50:03.600034105 [E:onnxruntime:Default, env.cc:227 ThreadMain] pthread_setaffinity_np failed for thread: 2082110, index: 120, mask: {121, }, error code: 22 error msg: Invalid argument. Specify the number of threads explicitly so the affinity is not set.[m
[serve] [1;31m2026-07-21 09:50:03.600048131 [E:onnxruntime:Default, env.cc:227 ThreadMain] pthread_setaffinity_np failed for thread: 2082055, index: 65, mask: {66, }, error code: 22 error msg: Invalid argument. Specify the number of threads explicitly so the affinity is not set.[m
[serve] [1;31m2026-07-21 09:50:03.602840740 [E:onnxruntime:Default, env.cc:227 ThreadMain] pthread_setaffinity_np failed for thread: 2082223, index: 104, mask: {105, }, error code: 22 error msg: Invalid argument. Specify the number of threads explicitly so the affinity is not set.[m
[serve] [1;31m2026-07-21 09:50:03.583858987 [E:onnxruntime:Default, env.cc:227 ThreadMain] pthread_setaffinity_np failed for thread: 2082312, index: 91, mask: {92, }, error code: 22 error msg: Invalid argument. Specify the number of threads explicitly so the affinity is not set.[m
[serve] [1;31m2026-07-21 09:50:03.583882871 [E:onnxruntime:Default, env.cc:227 ThreadMain] pthread_setaffinity_np failed for thread: 2082336, index: 115, mask: {116, }, error code: 22 error msg: Invalid argument. Specify the number of threads explicitly so the affinity is not set.[m
[serve] [1;31m2026-07-21 09:50:03.606882924 [E:onnxruntime:Default, env.cc:227 ThreadMain] pthread_setaffinity_np failed for thread: 2082185, index: 66, mask: {67, }, error code: 22 error msg: Invalid argument. Specify the number of threads explicitly so the affinity is not set.[m
[serve] [1;31m2026-07-21 09:50:03.587858290 [E:onnxruntime:Default, env.cc:227 ThreadMain] pthread_setaffinity_np failed for thread: 2082305, index: 84, mask: {85, }, error code: 22 error msg: Invalid argument. Specify the number of threads explicitly so the affinity is not set.[m
[serve] [1;31m2026-07-21 09:50:03.587842571 [E:onnxruntime:Default, env.cc:227 ThreadMain] pthread_setaffinity_np failed for thread: 2082280, index: 59, mask: {60, }, error code: 22 error msg: Invalid argument. Specify the number of threads explicitly so the affinity is not set.[m
[serve] [1;31m2026-07-21 09:50:03.583866971 [E:onnxruntime:Default, env.cc:227 ThreadMain] pthread_setaffinity_np failed for thread: 2082259, index: 38, mask: {39, }, error code: 22 error msg: Invalid argument. Specify the number of threads explicitly so the affinity is not set.[m
[serve] [1;31m2026-07-21 09:50:03.608844871 [E:onnxruntime:Default, env.cc:227 ThreadMain] pthread_setaffinity_np failed for thread: 2082048, index: 58, mask: {59, }, error code: 22 error msg: Invalid argument. Specify the number of threads explicitly so the affinity is not set.[m
[serve] [1;31m2026-07-21 09:50:03.610845289 [E:onnxruntime:Default, env.cc:227 ThreadMain] pthread_setaffinity_np failed for thread: 2082228, index: 109, mask: {110, }, error code: 22 error msg: Invalid argument. Specify the number of threads explicitly so the affinity is not set.[m
[serve] [1;31m2026-07-21 09:50:03.583889383 [E:onnxruntime:Default, env.cc:227 ThreadMain] pthread_setaffinity_np failed for thread: 2082264, index: 43, mask: {44, }, error code: 22 error msg: Invalid argument. Specify the number of threads explicitly so the affinity is not set.[m
[serve] [1;31m2026-07-21 09:50:03.611847733 [E:onnxruntime:Default, env.cc:227 ThreadMain] pthread_setaffinity_np failed for thread: 2082254, index: 33, mask: {34, }, error code: 22 error msg: Invalid argument. Specify the number of threads explicitly so the affinity is not set.[m
[serve] [1;31m2026-07-21 09:50:03.614843031 [E:onnxruntime:Default, env.cc:227 ThreadMain] pthread_setaffinity_np failed for thread: 2082156, index: 37, mask: {38, }, error code: 22 error msg: Invalid argument. Specify the number of threads explicitly so the affinity is not set.[m
[serve] [1;31m2026-07-21 09:50:03.611884361 [E:onnxruntime:Default, env.cc:227 ThreadMain] pthread_setaffinity_np failed for thread: 2082309, index: 88, mask: {89, }, error code: 22 error msg: Invalid argument. Specify the number of threads explicitly so the affinity is not set.[m
[serve] [1;31m2026-07-21 09:50:03.617843247 [E:onnxruntime:Default, env.cc:227 ThreadMain] pthread_setaffinity_np failed for thread: 2082046, index: 56, mask: {57, }, error code: 22 error msg: Invalid argument. Specify the number of threads explicitly so the affinity is not set.[m
[serve] [1;31m2026-07-21 09:50:03.618846262 [E:onnxruntime:Default, env.cc:227 ThreadMain] pthread_setaffinity_np failed for thread: 2082172, index: 53, mask: {54, }, error code: 22 error msg: Invalid argument. Specify the number of threads explicitly so the affinity is not set.[m
[serve] [1;31m2026-07-21 09:50:03.622844875 [E:onnxruntime:Default, env.cc:227 ThreadMain] pthread_setaffinity_np failed for thread: 2082209, index: 90, mask: {91, }, error code: 22 error msg: Invalid argument. Specify the number of threads explicitly so the affinity is not set.[m
[serve] [1;31m2026-07-21 09:50:03.623844282 [E:onnxruntime:Default, env.cc:227 ThreadMain] pthread_setaffinity_np failed for thread: 2082328, index: 107, mask: {108, }, error code: 22 error msg: Invalid argument. Specify the number of threads explicitly so the affinity is not set.[m
[serve] [1;31m2026-07-21 09:50:03.626858225 [E:onnxruntime:Default, env.cc:227 ThreadMain] pthread_setaffinity_np failed for thread: 2082210, index: 91, mask: {92, }, error code: 22 error msg: Invalid argument. Specify the number of threads explicitly so the affinity is not set.[m
[serve] [1;31m2026-07-21 09:50:03.627840881 [E:onnxruntime:Default, env.cc:227 ThreadMain] pthread_setaffinity_np failed for thread: 2082141, index: 23, mask: {24, }, error code: 22 error msg: Invalid argument. Specify the number of threads explicitly so the affinity is not set.[m
[serve] [1;31m2026-07-21 09:50:03.630853722 [E:onnxruntime:Default, env.cc:227 ThreadMain] pthread_setaffinity_np failed for thread: 2082224, index: 105, mask: {106, }, error code: 22 error msg: Invalid argument. Specify the number of threads explicitly so the affinity is not set.[m
[serve] [1;31m2026-07-21 09:50:03.630843984 [E:onnxruntime:Default, env.cc:227 ThreadMain] pthread_setaffinity_np failed for thread: 2082047, index: 57, mask: {58, }, error code: 22 error msg: Invalid argument. Specify the number of threads explicitly so the affinity is not set.[m
[serve] [1;31m2026-07-21 09:50:03.634129804 [E:onnxruntime:Default, env.cc:227 ThreadMain] pthread_setaffinity_np failed for thread: 2082037, index: 47, mask: {48, }, error code: 22 error msg: Invalid argument. Specify the number of threads explicitly so the affinity is not set.[m
[serve] [1;31m2026-07-21 09:50:03.634843227 [E:onnxruntime:Default, env.cc:227 ThreadMain] pthread_setaffinity_np failed for thread: 2082242, index: 123, mask: {124, }, error code: 22 error msg: Invalid argument. Specify the number of threads explicitly so the affinity is not set.[m
[serve] [32m[INFO] 2026-07-21 09:50:03,638 [RapidOCR] base.py:22: Using engine_name: onnxruntime[0m
[serve] [1;31m2026-07-21 09:50:03.638841359 [E:onnxruntime:Default, env.cc:227 ThreadMain] pthread_setaffinity_np failed for thread: 2082188, index: 69, mask: {70, }, error code: 22 error msg: Invalid argument. Specify the number of threads explicitly so the affinity is not set.[m
[serve] [1;31m2026-07-21 09:50:03.639891943 [E:onnxruntime:Default, env.cc:227 ThreadMain] pthread_setaffinity_np failed for thread: 2082050, index: 60, mask: {61, }, error code: 22 error msg: Invalid argument. Specify the number of threads explicitly so the affinity is not set.[m
[serve] [32m[INFO] 2026-07-21 09:50:03,639 [RapidOCR] main.py:53: Using /opt/app-root/src/.cache/docling/models/RapidOcr/onnx/PP-OCRv4/det/ch_PP-OCRv4_det_infer.onnx[0m
[serve] [1;31m2026-07-21 09:50:03.642842647 [E:onnxruntime:Default, env.cc:227 ThreadMain] pthread_setaffinity_np failed for thread: 2082243, index: 124, mask: {125, }, error code: 22 error msg: Invalid argument. Specify the number of threads explicitly so the affinity is not set.[m
[serve] [1;31m2026-07-21 09:50:03.643848046 [E:onnxruntime:Default, env.cc:227 ThreadMain] pthread_setaffinity_np failed for thread: 2082027, index: 37, mask: {38, }, error code: 22 error msg: Invalid argument. Specify the number of threads explicitly so the affinity is not set.[m
[serve] [1;31m2026-07-21 09:50:03.646844005 [E:onnxruntime:Default, env.cc:227 ThreadMain] pthread_setaffinity_np failed for thread: 2082230, index: 111, mask: {112, }, error code: 22 error msg: Invalid argument. Specify the number of threads explicitly so the affinity is not set.[m
[serve] [1;31m2026-07-21 09:50:03.650848208 [E:onnxruntime:Default, env.cc:227 ThreadMain] pthread_setaffinity_np failed for thread: 2082220, index: 101, mask: {102, }, error code: 22 error msg: Invalid argument. Specify the number of threads explicitly so the affinity is not set.[m
[serve] [1;31m2026-07-21 09:50:03.652850300 [E:onnxruntime:Default, env.cc:227 ThreadMain] pthread_setaffinity_np failed for thread: 2082028, index: 38, mask: {39, }, error code: 22 error msg: Invalid argument. Specify the number of threads explicitly so the affinity is not set.[m
[serve] [1;31m2026-07-21 09:50:03.652879615 [E:onnxruntime:Default, env.cc:227 ThreadMain] pthread_setaffinity_np failed for thread: 2082067, index: 77, mask: {78, }, error code: 22 error msg: Invalid argument. Specify the number of threads explicitly so the affinity is not set.[m
[serve] [1;31m2026-07-21 09:50:03.654843795 [E:onnxruntime:Default, env.cc:227 ThreadMain] pthread_setaffinity_np failed for thread: 2082201, index: 82, mask: {83, }, error code: 22 error msg: Invalid argument. Specify the number of threads explicitly so the affinity is not set.[m
[serve] [1;31m2026-07-21 09:50:03.658845694 [E:onnxruntime:Default, env.cc:227 ThreadMain] pthread_setaffinity_np failed for thread: 2082212, index: 93, mask: {94, }, error code: 22 error msg: Invalid argument. Specify the number of threads explicitly so the affinity is not set.[m
[serve] [1;31m2026-07-21 09:50:03.658072840 [E:onnxruntime:Default, env.cc:227 ThreadMain] pthread_setaffinity_np failed for thread: 516659, index: 1, mask: {2, }, error code: 22 error msg: Invalid argument. Specify the number of threads explicitly so the affinity is not set.[m
[serve] [1;31m2026-07-21 09:50:03.658080214 [E:onnxruntime:Default, env.cc:227 ThreadMain] pthread_setaffinity_np failed for thread: 516662, index: 4, mask: {5, }, error code: 22 error msg: Invalid argument. Specify the number of threads explicitly so the affinity is not set.[m
[serve] [1;31m2026-07-21 09:50:03.658076357 [E:onnxruntime:Default, env.cc:227 ThreadMain] pthread_setaffinity_np failed for thread: 516658, index: 0, mask: {1, }, error code: 22 error msg: Invalid argument. Specify the number of threads explicitly so the affinity is not set.[m
[serve] [1;31m2026-07-21 09:50:03.658150746 [E:onnxruntime:Default, env.cc:227 ThreadMain] pthread_setaffinity_np failed for thread: 516706, index: 48, mask: {49, }, error code: 22 error msg: Invalid argument. Specify the number of threads explicitly so the affinity is not set.[m
[serve] [1;31m2026-07-21 09:50:03.662844227 [E:onnxruntime:Default, env.cc:227 ThreadMain] pthread_setaffinity_np failed for thread: 2082219, index: 100, mask: {101, }, error code: 22 error msg: Invalid argument. Specify the number of threads explicitly so the affinity is not set.[m
[serve] [1;31m2026-07-21 09:50:03.658084262 [E:onnxruntime:Default, env.cc:227 ThreadMain] pthread_setaffinity_np failed for thread: 516661, index: 3, mask: {4, }, error code: 22 error msg: Invalid argument. Specify the number of threads explicitly so the affinity is not set.[m
[serve] [1;31m2026-07-21 09:50:03.658082428 [E:onnxruntime:Default, env.cc:227 ThreadMain] pthread_setaffinity_np failed for thread: 516680, index: 22, mask: {23, }, error code: 22 error msg: Invalid argument. Specify the number of threads explicitly so the affinity is not set.[m
[serve] [1;31m2026-07-21 09:50:03.666843952 [E:onnxruntime:Default, env.cc:227 ThreadMain] pthread_setaffinity_np failed for thread: 2082199, index: 80, mask: {81, }, error code: 22 error msg: Invalid argument. Specify the number of threads explicitly so the affinity is not set.[m
[serve] [1;31m2026-07-21 09:50:03.658204667 [E:onnxruntime:Default, env.cc:227 ThreadMain] pthread_setaffinity_np failed for thread: 516697, index: 39, mask: {40, }, error code: 22 error msg: Invalid argument. Specify the number of threads explicitly so the affinity is not set.[m
[serve] [1;31m2026-07-21 09:50:03.670481861 [E:onnxruntime:Default, env.cc:227 ThreadMain] pthread_setaffinity_np failed for thread: 516703, index: 45, mask: {46, }, error code: 22 error msg: Invalid argument. Specify the number of threads explicitly so the affinity is not set.[m
[serve] [1;31m2026-07-21 09:50:03.661984860 [E:onnxruntime:Default, env.cc:227 ThreadMain] pthread_setaffinity_np failed for thread: 516694, index: 36, mask: {37, }, error code: 22 error msg: Invalid argument. Specify the number of threads explicitly so the affinity is not set.[m
[serve] [1;31m2026-07-21 09:50:03.670435925 [E:onnxruntime:Default, env.cc:227 ThreadMain] pthread_setaffinity_np failed for thread: 516737, index: 79, mask: {80, }, error code: 22 error msg: Invalid argument. Specify the number of threads explicitly so the affinity is not set.[m
[serve] [1;31m2026-07-21 09:50:03.669969530 [E:onnxruntime:Default, env.cc:227 ThreadMain] pthread_setaffinity_np failed for thread: 516672, index: 14, mask: {15, }, error code: 22 error msg: Invalid argument. Specify the number of threads explicitly so the affinity is not set.[m
[serve] [1;31m2026-07-21 09:50:03.670854707 [E:onnxruntime:Default, env.cc:227 ThreadMain] pthread_setaffinity_np failed for thread: 2082231, index: 112, mask: {113, }, error code: 22 error msg: Invalid argument. Specify the number of threads explicitly so the affinity is not set.[m
[serve] [1;31m2026-07-21 09:50:03.670976555 [E:onnxruntime:Default, env.cc:227 ThreadMain] pthread_setaffinity_np failed for thread: 2082211, index: 92, mask: {93, }, error code: 22 error msg: Invalid argument. Specify the number of threads explicitly so the affinity is not set.[m
[serve] [1;31m2026-07-21 09:50:03.658071437 [E:onnxruntime:Default, env.cc:227 ThreadMain] pthread_setaffinity_np failed for thread: 516660, index: 2, mask: {3, }, error code: 22 error msg: Invalid argument. Specify the number of threads explicitly so the affinity is not set.[m
[serve] [1;31m2026-07-21 09:50:03.666024358 [E:onnxruntime:Default, env.cc:227 ThreadMain] pthread_setaffinity_np failed for thread: 516676, index: 18, mask: {19, }, error code: 22 error msg: Invalid argument. Specify the number of threads explicitly so the affinity is not set.[m
[serve] [1;31m2026-07-21 09:50:03.661993596 [E:onnxruntime:Default, env.cc:227 ThreadMain] pthread_setaffinity_np failed for thread: 516704, index: 46, mask: {47, }, error code: 22 error msg: Invalid argument. Specify the number of threads explicitly so the affinity is not set.[m
[serve] [1;31m2026-07-21 09:50:03.669989577 [E:onnxruntime:Default, env.cc:227 ThreadMain] pthread_setaffinity_np failed for thread: 516708, index: 50, mask: {51, }, error code: 22 error msg: Invalid argument. Specify the number of threads explicitly so the affinity is not set.[m
[serve] [1;31m2026-07-21 09:50:03.669991381 [E:onnxruntime:Default, env.cc:227 ThreadMain] pthread_setaffinity_np failed for thread: 516685, index: 27, mask: {28, }, error code: 22 error msg: Invalid argument. Specify the number of threads explicitly so the affinity is not set.[m
[serve] [1;31m2026-07-21 09:50:03.658369697 [E:onnxruntime:Default, env.cc:227 ThreadMain] pthread_setaffinity_np failed for thread: 516671, index: 13, mask: {14, }, error code: 22 error msg: Invalid argument. Specify the number of threads explicitly so the affinity is not set.[m
[serve] [1;31m2026-07-21 09:50:03.670025986 [E:onnxruntime:Default, env.cc:227 ThreadMain] pthread_setaffinity_np failed for thread: 516696, index: 38, mask: {39, }, error code: 22 error msg: Invalid argument. Specify the number of threads explicitly so the affinity is not set.[m
[serve] [1;31m2026-07-21 09:50:03.661974430 [E:onnxruntime:Default, env.cc:227 ThreadMain] pthread_setaffinity_np failed for thread: 516700, index: 42, mask: {43, }, error code: 22 error msg: Invalid argument. Specify the number of threads explicitly so the affinity is not set.[m
[serve] [1;31m2026-07-21 09:50:03.375968323 [E:onnxruntime:Default, env.cc:227 ThreadMain] pthread_setaffinity_np failed for thread: 2082036, index: 46, mask: {47, }, error code: 22 error msg: Invalid argument. Specify the number of threads explicitly so the affinity is not set.[m
[serve] [1;31m2026-07-21 09:50:03.376014219 [E:onnxruntime:Default, env.cc:227 ThreadMain] pthread_setaffinity_np failed for thread: 2082096, index: 106, mask: {107, }, error code: 22 error msg: Invalid argument. Specify the number of threads explicitly so the affinity is not set.[m
[serve] [1;31m2026-07-21 09:50:03.375992178 [E:onnxruntime:Default, env.cc:227 ThreadMain] pthread_setaffinity_np failed for thread: 2082034, index: 44, mask: {45, }, error code: 22 error msg: Invalid argument. Specify the number of threads explicitly so the affinity is not set.[m
[serve] [1;31m2026-07-21 09:50:03.430856330 [E:onnxruntime:Default, env.cc:227 ThreadMain] pthread_setaffinity_np failed for thread: 2082066, index: 76, mask: {77, }, error code: 22 error msg: Invalid argument. Specify the number of threads explicitly so the affinity is not set.[m
[serve] [1;31m2026-07-21 09:50:03.375984113 [E:onnxruntime:Default, env.cc:227 ThreadMain] pthread_setaffinity_np failed for thread: 2082033, index: 43, mask: {44, }, error code: 22 error msg: Invalid argument. Specify the number of threads explicitly so the affinity is not set.[m
[serve] [1;31m2026-07-21 09:50:03.592887790 [E:onnxruntime:Default, env.cc:227 ThreadMain] pthread_setaffinity_np failed for thread: 2082108, index: 118, mask: {119, }, error code: 22 error msg: Invalid argument. Specify the number of threads explicitly so the affinity is not set.[m
[serve] [1;31m2026-07-21 09:50:03.392849291 [E:onnxruntime:Default, env.cc:227 ThreadMain] pthread_setaffinity_np failed for thread: 2082093, index: 103, mask: {104, }, error code: 22 error msg: Invalid argument. Specify the number of threads explicitly so the affinity is not set.[m
[serve] [1;31m2026-07-21 09:50:03.539861773 [E:onnxruntime:Default, env.cc:227 ThreadMain] pthread_setaffinity_np failed for thread: 2082001, index: 11, mask: {12, }, error code: 22 error msg: Invalid argument. Specify the number of threads explicitly so the affinity is not set.[m
[serve] [1;31m2026-07-21 09:50:03.375979084 [E:onnxruntime:Default, env.cc:227 ThreadMain] pthread_setaffinity_np failed for thread: 2082042, index: 52, mask: {53, }, error code: 22 error msg: Invalid argument. Specify the number of threads explicitly so the affinity is not set.[m
[serve] [1;31m2026-07-21 09:50:03.379864655 [E:onnxruntime:Default, env.cc:227 ThreadMain] pthread_setaffinity_np failed for thread: 2082039, index: 49, mask: {50, }, error code: 22 error msg: Invalid argument. Specify the number of threads explicitly so the affinity is not set.[m
[serve] [1;31m2026-07-21 09:50:03.381846058 [E:onnxruntime:Default, env.cc:227 ThreadMain] pthread_setaffinity_np failed for thread: 2082061, index: 71, mask: {72, }, error code: 22 error msg: Invalid argument. Specify the number of threads explicitly so the affinity is not set.[m
[serve] [1;31m2026-07-21 09:50:03.592921833 [E:onnxruntime:Default, env.cc:227 ThreadMain] pthread_setaffinity_np failed for thread: 2082019, index: 29, mask: {30, }, error code: 22 error msg: Invalid argument. Specify the number of threads explicitly so the affinity is not set.[m
[serve] [1;31m2026-07-21 09:50:03.382850265 [E:onnxruntime:Default, env.cc:227 ThreadMain] pthread_setaffinity_np failed for thread: 2082094, index: 104, mask: {105, }, error code: 22 error msg: Invalid argument. Specify the number of threads explicitly so the affinity is not set.[m
[serve] [1;31m2026-07-21 09:50:03.600014719 [E:onnxruntime:Default, env.cc:227 ThreadMain] pthread_setaffinity_np failed for thread: 2082073, index: 83, mask: {84, }, error code: 22 error msg: Invalid argument. Specify the number of threads explicitly so the affinity is not set.[m
[serve] [1;31m2026-07-21 09:50:03.375971860 [E:onnxruntime:Default, env.cc:227 ThreadMain] pthread_setaffinity_np failed for thread: 2081989, index: 7, mask: {8, }, error code: 22 error msg: Invalid argument. Specify the number of threads explicitly so the affinity is not set.[m
[serve] [1;31m2026-07-21 09:50:03.379871147 [E:onnxruntime:Default, env.cc:227 ThreadMain] pthread_setaffinity_np failed for thread: 2082071, index: 81, mask: {82, }, error code: 22 error msg: Invalid argument. Specify the number of threads explicitly so the affinity is not set.[m
[serve] [1;31m2026-07-21 09:50:03.382854723 [E:onnxruntime:Default, env.cc:227 ThreadMain] pthread_setaffinity_np failed for thread: 2082095, index: 105, mask: {106, }, error code: 22 error msg: Invalid argument. Specify the number of threads explicitly so the affinity is not set.[m
[serve] [1;31m2026-07-21 09:50:03.379877559 [E:onnxruntime:Default, env.cc:227 ThreadMain] pthread_setaffinity_np failed for thread: 2082040, index: 50, mask: {51, }, error code: 22 error msg: Invalid argument. Specify the number of threads explicitly so the affinity is not set.[m
[serve] [1;31m2026-07-21 09:50:03.382842781 [E:onnxruntime:Default, env.cc:227 ThreadMain] pthread_setaffinity_np failed for thread: 2082021, index: 31, mask: {32, }, error code: 22 error msg: Invalid argument. Specify the number of threads explicitly so the affinity is not set.[m
[serve] [1;31m2026-07-21 09:50:03.681872057 [E:onnxruntime:Default, env.cc:227 ThreadMain] pthread_setaffinity_np failed for thread: 2082069, index: 79, mask: {80, }, error code: 22 error msg: Invalid argument. Specify the number of threads explicitly so the affinity is not set.[m
[serve] [1;31m2026-07-21 09:50:03.681880492 [E:onnxruntime:Default, env.cc:227 ThreadMain] pthread_setaffinity_np failed for thread: 2082045, index: 55, mask: {56, }, error code: 22 error msg: Invalid argument. Specify the number of threads explicitly so the affinity is not set.[m
[serve] [1;31m2026-07-21 09:50:03.681892234 [E:onnxruntime:Default, env.cc:227 ThreadMain] pthread_setaffinity_np failed for thread: 2082010, index: 20, mask: {21, }, error code: 22 error msg: Invalid argument. Specify the number of threads explicitly so the affinity is not set.[m
[serve] [1;31m2026-07-21 09:50:03.688856549 [E:onnxruntime:Default, env.cc:227 ThreadMain] pthread_setaffinity_np failed for thread: 2082116, index: 126, mask: {127, }, error code: 22 error msg: Invalid argument. Specify the number of threads explicitly so the affinity is not set.[m
[serve] [1;31m2026-07-21 09:50:03.683597241 [E:onnxruntime:Default, env.cc:227 ThreadMain] pthread_setaffinity_np failed for thread: 2082206, index: 87, mask: {88, }, error code: 22 error msg: Invalid argument. Specify the number of threads explicitly so the affinity is not set.[m
[serve] [1;31m2026-07-21 09:50:03.665963915 [E:onnxruntime:Default, env.cc:227 ThreadMain] pthread_setaffinity_np failed for thread: 516721, index: 63, mask: {64, }, error code: 22 error msg: Invalid argument. Specify the number of threads explicitly so the affinity is not set.[m
[serve] [1;31m2026-07-21 09:50:03.692848991 [E:onnxruntime:Default, env.cc:227 ThreadMain] pthread_setaffinity_np failed for thread: 2082032, index: 42, mask: {43, }, error code: 22 error msg: Invalid argument. Specify the number of threads explicitly so the affinity is not set.[m
[serve] [1;31m2026-07-21 09:50:03.665997067 [E:onnxruntime:Default, env.cc:227 ThreadMain] pthread_setaffinity_np failed for thread: 516679, index: 21, mask: {22, }, error code: 22 error msg: Invalid argument. Specify the number of threads explicitly so the affinity is not set.[m
[serve] [1;31m2026-07-21 09:50:03.697843545 [E:onnxruntime:Default, env.cc:227 ThreadMain] pthread_setaffinity_np failed for thread: 2082072, index: 82, mask: {83, }, error code: 22 error msg: Invalid argument. Specify the number of threads explicitly so the affinity is not set.[m
[serve] [1;31m2026-07-21 09:50:03.658257697 [E:onnxruntime:Default, env.cc:227 ThreadMain] pthread_setaffinity_np failed for thread: 516740, index: 82, mask: {83, }, error code: 22 error msg: Invalid argument. Specify the number of threads explicitly so the affinity is not set.[m
[serve] [1;31m2026-07-21 09:50:03.700843912 [E:onnxruntime:Default, env.cc:227 ThreadMain] pthread_setaffinity_np failed for thread: 2082234, index: 115, mask: {116, }, error code: 22 error msg: Invalid argument. Specify the number of threads explicitly so the affinity is not set.[m
[serve] [1;31m2026-07-21 09:50:03.702843629 [E:onnxruntime:Default, env.cc:227 ThreadMain] pthread_setaffinity_np failed for thread: 2082086, index: 96, mask: {97, }, error code: 22 error msg: Invalid argument. Specify the number of threads explicitly so the affinity is not set.[m
[serve] [1;31m2026-07-21 09:50:03.704843827 [E:onnxruntime:Default, env.cc:227 ThreadMain] pthread_setaffinity_np failed for thread: 2082245, index: 126, mask: {127, }, error code: 22 error msg: Invalid argument. Specify the number of threads explicitly so the affinity is not set.[m
[serve] [1;31m2026-07-21 09:50:03.705846140 [E:onnxruntime:Default, env.cc:227 ThreadMain] pthread_setaffinity_np failed for thread: 2082158, index: 39, mask: {40, }, error code: 22 error msg: Invalid argument. Specify the number of threads explicitly so the affinity is not set.[m
[serve] [1;31m2026-07-21 09:50:03.665881222 [E:onnxruntime:Default, env.cc:227 ThreadMain] pthread_setaffinity_np failed for thread: 2082054, index: 64, mask: {65, }, error code: 22 error msg: Invalid argument. Specify the number of threads explicitly so the affinity is not set.[m
[serve] [1;31m2026-07-21 09:50:03.665894166 [E:onnxruntime:Default, env.cc:227 ThreadMain] pthread_setaffinity_np failed for thread: 2082100, index: 110, mask: {111, }, error code: 22 error msg: Invalid argument. Specify the number of threads explicitly so the affinity is not set.[m
[serve] [1;31m2026-07-21 09:50:03.674839434 [E:onnxruntime:Default, env.cc:227 ThreadMain] pthread_setaffinity_np failed for thread: 2082098, index: 108, mask: {109, }, error code: 22 error msg: Invalid argument. Specify the number of threads explicitly so the affinity is not set.[m
[serve] [1;31m2026-07-21 09:50:03.677776573 [E:onnxruntime:Default, env.cc:227 ThreadMain] pthread_setaffinity_np failed for thread: 2082080, index: 90, mask: {91, }, error code: 22 error msg: Invalid argument. Specify the number of threads explicitly so the affinity is not set.[m
[serve] [1;31m2026-07-21 09:50:03.675839192 [E:onnxruntime:Default, env.cc:227 ThreadMain] pthread_setaffinity_np failed for thread: 2082016, index: 26, mask: {27, }, error code: 22 error msg: Invalid argument. Specify the number of threads explicitly so the affinity is not set.[m
[serve] [1;31m2026-07-21 09:50:03.707975814 [E:onnxruntime:Default, env.cc:227 ThreadMain] pthread_setaffinity_np failed for thread: 516741, index: 83, mask: {84, }, error code: 22 error msg: Invalid argument. Specify the number of threads explicitly so the affinity is not set.[m
[serve] [1;31m2026-07-21 09:50:03.672839967 [E:onnxruntime:Default, env.cc:227 ThreadMain] pthread_setaffinity_np failed for thread: 2082104, index: 114, mask: {115, }, error code: 22 error msg: Invalid argument. Specify the number of threads explicitly so the affinity is not set.[m
[serve] [1;31m2026-07-21 09:50:03.670838567 [E:onnxruntime:Default, env.cc:227 ThreadMain] pthread_setaffinity_np failed for thread: 2082083, index: 93, mask: {94, }, error code: 22 error msg: Invalid argument. Specify the number of threads explicitly so the affinity is not set.[m
[serve] [1;31m2026-07-21 09:50:03.681859904 [E:onnxruntime:Default, env.cc:227 ThreadMain] pthread_setaffinity_np failed for thread: 2082092, index: 102, mask: {103, }, error code: 22 error msg: Invalid argument. Specify the number of threads explicitly so the affinity is not set.[m
[serve] [1;31m2026-07-21 09:50:03.711976991 [E:onnxruntime:Default, env.cc:227 ThreadMain] pthread_setaffinity_np failed for thread: 516674, index: 16, mask: {17, }, error code: 22 error msg: Invalid argument. Specify the number of threads explicitly so the affinity is not set.[m
[serve] [1;31m2026-07-21 09:50:03.677787784 [E:onnxruntime:Default, env.cc:227 ThreadMain] pthread_setaffinity_np failed for thread: 2082106, index: 116, mask: {117, }, error code: 22 error msg: Invalid argument. Specify the number of threads explicitly so the affinity is not set.[m
[serve] [1;31m2026-07-21 09:50:03.675845584 [E:onnxruntime:Default, env.cc:227 ThreadMain] pthread_setaffinity_np failed for thread: 2082075, index: 85, mask: {86, }, error code: 22 error msg: Invalid argument. Specify the number of threads explicitly so the affinity is not set.[m
[serve] [1;31m2026-07-21 09:50:03.681841389 [E:onnxruntime:Default, env.cc:227 ThreadMain] pthread_setaffinity_np failed for thread: 2082038, index: 48, mask: {49, }, error code: 22 error msg: Invalid argument. Specify the number of threads explicitly so the affinity is not set.[m
[serve] [1;31m2026-07-21 09:50:03.715974551 [E:onnxruntime:Default, env.cc:227 ThreadMain] pthread_setaffinity_np failed for thread: 516682, index: 24, mask: {25, }, error code: 22 error msg: Invalid argument. Specify the number of threads explicitly so the affinity is not set.[m
[serve] [1;31m2026-07-21 09:50:03.677797802 [E:onnxruntime:Default, env.cc:227 ThreadMain] pthread_setaffinity_np failed for thread: 2082011, index: 21, mask: {22, }, error code: 22 error msg: Invalid argument. Specify the number of threads explicitly so the affinity is not set.[m
[serve] [1;31m2026-07-21 09:50:03.713144860 [E:onnxruntime:Default, env.cc:227 ThreadMain] pthread_setaffinity_np failed for thread: 2082213, index: 94, mask: {95, }, error code: 22 error msg: Invalid argument. Specify the number of threads explicitly so the affinity is not set.[m
[serve] [1;31m2026-07-21 09:50:03.606868247 [E:onnxruntime:Default, env.cc:227 ThreadMain] pthread_setaffinity_np failed for thread: 2082179, index: 60, mask: {61, }, error code: 22 error msg: Invalid argument. Specify the number of threads explicitly so the affinity is not set.[m
[serve] [1;31m2026-07-21 09:50:03.713152755 [E:onnxruntime:Default, env.cc:227 ThreadMain] pthread_setaffinity_np failed for thread: 2082227, index: 108, mask: {109, }, error code: 22 error msg: Invalid argument. Specify the number of threads explicitly so the affinity is not set.[m
[serve] [1;31m2026-07-21 09:50:03.713159578 [E:onnxruntime:Default, env.cc:227 ThreadMain] pthread_setaffinity_np failed for thread: 2082187, index: 68, mask: {69, }, error code: 22 error msg: Invalid argument. Specify the number of threads explicitly so the affinity is not set.[m
[serve] [1;31m2026-07-21 09:50:03.713164467 [E:onnxruntime:Default, env.cc:227 ThreadMain] pthread_setaffinity_np failed for thread: 2082147, index: 28, mask: {29, }, error code: 22 error msg: Invalid argument. Specify the number of threads explicitly so the affinity is not set.[m
[serve] [1;31m2026-07-21 09:50:03.716922340 [E:onnxruntime:Default, env.cc:227 ThreadMain] pthread_setaffinity_np failed for thread: 2082226, index: 107, mask: {108, }, error code: 22 error msg: Invalid argument. Specify the number of threads explicitly so the affinity is not set.[m
[serve] [1;31m2026-07-21 09:50:03.717838993 [E:onnxruntime:Default, env.cc:227 ThreadMain] pthread_setaffinity_np failed for thread: 2082178, index: 59, mask: {60, }, error code: 22 error msg: Invalid argument. Specify the number of threads explicitly so the affinity is not set.[m
[serve] [1;31m2026-07-21 09:50:03.719976619 [E:onnxruntime:Default, env.cc:227 ThreadMain] pthread_setaffinity_np failed for thread: 516683, index: 25, mask: {26, }, error code: 22 error msg: Invalid argument. Specify the number of threads explicitly so the affinity is not set.[m
[serve] [1;31m2026-07-21 09:50:03.677809434 [E:onnxruntime:Default, env.cc:227 ThreadMain] pthread_setaffinity_np failed for thread: 2082112, index: 122, mask: {123, }, error code: 22 error msg: Invalid argument. Specify the number of threads explicitly so the affinity is not set.[m
[serve] [1;31m2026-07-21 09:50:03.723992313 [E:onnxruntime:Default, env.cc:227 ThreadMain] pthread_setaffinity_np failed for thread: 516686, index: 28, mask: {29, }, error code: 22 error msg: Invalid argument. Specify the number of threads explicitly so the affinity is not set.[m
[serve] [1;31m2026-07-21 09:50:03.691847679 [E:onnxruntime:Default, env.cc:227 ThreadMain] pthread_setaffinity_np failed for thread: 2082186, index: 67, mask: {68, }, error code: 22 error msg: Invalid argument. Specify the number of threads explicitly so the affinity is not set.[m
[serve] [1;31m2026-07-21 09:50:03.720840292 [E:onnxruntime:Default, env.cc:227 ThreadMain] pthread_setaffinity_np failed for thread: 2082160, index: 41, mask: {42, }, error code: 22 error msg: Invalid argument. Specify the number of threads explicitly so the affinity is not set.[m
[serve] [1;31m2026-07-21 09:50:03.721837906 [E:onnxruntime:Default, env.cc:227 ThreadMain] pthread_setaffinity_np failed for thread: 2082162, index: 43, mask: {44, }, error code: 22 error msg: Invalid argument. Specify the number of threads explicitly so the affinity is not set.[m
[serve] [1;31m2026-07-21 09:50:03.722835911 [E:onnxruntime:Default, env.cc:227 ThreadMain] pthread_setaffinity_np failed for thread: 2082149, index: 30, mask: {31, }, error code: 22 error msg: Invalid argument. Specify the number of threads explicitly so the affinity is not set.[m
[serve] [1;31m2026-07-21 09:50:03.626845481 [E:onnxruntime:Default, env.cc:227 ThreadMain] pthread_setaffinity_np failed for thread: 2082193, index: 74, mask: {75, }, error code: 22 error msg: Invalid argument. Specify the number of threads explicitly so the affinity is not set.[m
[serve] [1;31m2026-07-21 09:50:03.725840105 [E:onnxruntime:Default, env.cc:227 ThreadMain] pthread_setaffinity_np failed for thread: 2082237, index: 118, mask: {119, }, error code: 22 error msg: Invalid argument. Specify the number of threads explicitly so the affinity is not set.[m
[serve] [1;31m2026-07-21 09:50:03.728968209 [E:onnxruntime:Default, env.cc:227 ThreadMain] pthread_setaffinity_np failed for thread: 516691, index: 33, mask: {34, }, error code: 22 error msg: Invalid argument. Specify the number of threads explicitly so the affinity is not set.[m
[serve] [1;31m2026-07-21 09:50:03.546839533 [E:onnxruntime:Default, env.cc:227 ThreadMain] pthread_setaffinity_np failed for thread: 2082241, index: 122, mask: {123, }, error code: 22 error msg: Invalid argument. Specify the number of threads explicitly so the affinity is not set.[m
[serve] [1;31m2026-07-21 09:50:03.731843715 [E:onnxruntime:Default, env.cc:227 ThreadMain] pthread_setaffinity_np failed for thread: 2082088, index: 98, mask: {99, }, error code: 22 error msg: Invalid argument. Specify the number of threads explicitly so the affinity is not set.[m
[serve] [1;31m2026-07-21 09:50:03.733968169 [E:onnxruntime:Default, env.cc:227 ThreadMain] pthread_setaffinity_np failed for thread: 516713, index: 55, mask: {56, }, error code: 22 error msg: Invalid argument. Specify the number of threads explicitly so the affinity is not set.[m
[serve] [1;31m2026-07-21 09:50:03.546848360 [E:onnxruntime:Default, env.cc:227 ThreadMain] pthread_setaffinity_np failed for thread: 2082214, index: 95, mask: {96, }, error code: 22 error msg: Invalid argument. Specify the number of threads explicitly so the affinity is not set.[m
[serve] [1;31m2026-07-21 09:50:03.736840814 [E:onnxruntime:Default, env.cc:227 ThreadMain] pthread_setaffinity_np failed for thread: 2082087, index: 97, mask: {98, }, error code: 22 error msg: Invalid argument. Specify the number of threads explicitly so the affinity is not set.[m
[serve] [1;31m2026-07-21 09:50:03.736850182 [E:onnxruntime:Default, env.cc:227 ThreadMain] pthread_setaffinity_np failed for thread: 2082114, index: 124, mask: {125, }, error code: 22 error msg: Invalid argument. Specify the number of threads explicitly so the affinity is not set.[m
[serve] [1;31m2026-07-21 09:50:03.737968905 [E:onnxruntime:Default, env.cc:227 ThreadMain] pthread_setaffinity_np failed for thread: 516714, index: 56, mask: {57, }, error code: 22 error msg: Invalid argument. Specify the number of threads explicitly so the affinity is not set.[m
[serve] [1;31m2026-07-21 09:50:03.546857277 [E:onnxruntime:Default, env.cc:227 ThreadMain] pthread_setaffinity_np failed for thread: 2082215, index: 96, mask: {97, }, error code: 22 error msg: Invalid argument. Specify the number of threads explicitly so the affinity is not set.[m
[serve] [1;31m2026-07-21 09:50:03.740843755 [E:onnxruntime:Default, env.cc:227 ThreadMain] pthread_setaffinity_np failed for thread: 2082006, index: 16, mask: {17, }, error code: 22 error msg: Invalid argument. Specify the number of threads explicitly so the affinity is not set.[m
[serve] [1;31m2026-07-21 09:50:03.741967627 [E:onnxruntime:Default, env.cc:227 ThreadMain] pthread_setaffinity_np failed for thread: 516715, index: 57, mask: {58, }, error code: 22 error msg: Invalid argument. Specify the number of threads explicitly so the affinity is not set.[m
[serve] [1;31m2026-07-21 09:50:03.744840404 [E:onnxruntime:Default, env.cc:227 ThreadMain] pthread_setaffinity_np failed for thread: 2082008, index: 18, mask: {19, }, error code: 22 error msg: Invalid argument. Specify the number of threads explicitly so the affinity is not set.[m
[serve] [1;31m2026-07-21 09:50:03.745967722 [E:onnxruntime:Default, env.cc:227 ThreadMain] pthread_setaffinity_np failed for thread: 516716, index: 58, mask: {59, }, error code: 22 error msg: Invalid argument. Specify the number of threads explicitly so the affinity is not set.[m
[serve] [1;31m2026-07-21 09:50:03.715839436 [E:onnxruntime:Default, env.cc:227 ThreadMain] pthread_setaffinity_np failed for thread: 2082013, index: 23, mask: {24, }, error code: 22 error msg: Invalid argument. Specify the number of threads explicitly so the affinity is not set.[m
[serve] [1;31m2026-07-21 09:50:03.748854235 [E:onnxruntime:Default, env.cc:227 ThreadMain] pthread_setaffinity_np failed for thread: 2082068, index: 78, mask: {79, }, error code: 22 error msg: Invalid argument. Specify the number of threads explicitly so the affinity is not set.[m
[serve] [1;31m2026-07-21 09:50:03.749966354 [E:onnxruntime:Default, env.cc:227 ThreadMain] pthread_setaffinity_np failed for thread: 516722, index: 64, mask: {65, }, error code: 22 error msg: Invalid argument. Specify the number of threads explicitly so the affinity is not set.[m
[serve] [1;31m2026-07-21 09:50:03.752838040 [E:onnxruntime:Default, env.cc:227 ThreadMain] pthread_setaffinity_np failed for thread: 2082015, index: 25, mask: {26, }, error code: 22 error msg: Invalid argument. Specify the number of threads explicitly so the affinity is not set.[m
[serve] [1;31m2026-07-21 09:50:03.753972891 [E:onnxruntime:Default, env.cc:227 ThreadMain] pthread_setaffinity_np failed for thread: 516723, index: 65, mask: {66, }, error code: 22 error msg: Invalid argument. Specify the number of threads explicitly so the affinity is not set.[m
[serve] [1;31m2026-07-21 09:50:03.711839481 [E:onnxruntime:Default, env.cc:227 ThreadMain] pthread_setaffinity_np failed for thread: 2082070, index: 80, mask: {81, }, error code: 22 error msg: Invalid argument. Specify the number of threads explicitly so the affinity is not set.[m
[serve] [1;31m2026-07-21 09:50:03.757968747 [E:onnxruntime:Default, env.cc:227 ThreadMain] pthread_setaffinity_np failed for thread: 516724, index: 66, mask: {67, }, error code: 22 error msg: Invalid argument. Specify the number of threads explicitly so the affinity is not set.[m
[serve] [1;31m2026-07-21 09:50:03.761978600 [E:onnxruntime:Default, env.cc:227 ThreadMain] pthread_setaffinity_np failed for thread: 516729, index: 71, mask: {72, }, error code: 22 error msg: Invalid argument. Specify the number of threads explicitly so the affinity is not set.[m
[serve] [1;31m2026-07-21 09:50:03.765970730 [E:onnxruntime:Default, env.cc:227 ThreadMain] pthread_setaffinity_np failed for thread: 516731, index: 73, mask: {74, }, error code: 22 error msg: Invalid argument. Specify the number of threads explicitly so the affinity is not set.[m
[serve] [1;31m2026-07-21 09:50:03.769969252 [E:onnxruntime:Default, env.cc:227 ThreadMain] pthread_setaffinity_np failed for thread: 516675, index: 17, mask: {18, }, error code: 22 error msg: Invalid argument. Specify the number of threads explicitly so the affinity is not set.[m
[serve] [1;31m2026-07-21 09:50:03.773967784 [E:onnxruntime:Default, env.cc:227 ThreadMain] pthread_setaffinity_np failed for thread: 516673, index: 15, mask: {16, }, error code: 22 error msg: Invalid argument. Specify the number of threads explicitly so the affinity is not set.[m
[serve] [1;31m2026-07-21 09:50:03.777969672 [E:onnxruntime:Default, env.cc:227 ThreadMain] pthread_setaffinity_np failed for thread: 516677, index: 19, mask: {20, }, error code: 22 error msg: Invalid argument. Specify the number of threads explicitly so the affinity is not set.[m
[serve] [1;31m2026-07-21 09:50:03.781973804 [E:onnxruntime:Default, env.cc:227 ThreadMain] pthread_setaffinity_np failed for thread: 516687, index: 29, mask: {30, }, error code: 22 error msg: Invalid argument. Specify the number of threads explicitly so the affinity is not set.[m
[serve] [1;31m2026-07-21 09:50:03.785974660 [E:onnxruntime:Default, env.cc:227 ThreadMain] pthread_setaffinity_np failed for thread: 516681, index: 23, mask: {24, }, error code: 22 error msg: Invalid argument. Specify the number of threads explicitly so the affinity is not set.[m
[serve] [1;31m2026-07-21 09:50:03.789970196 [E:onnxruntime:Default, env.cc:227 ThreadMain] pthread_setaffinity_np failed for thread: 516692, index: 34, mask: {35, }, error code: 22 error msg: Invalid argument. Specify the number of threads explicitly so the affinity is not set.[m
[serve] [1;31m2026-07-21 09:50:03.793998774 [E:onnxruntime:Default, env.cc:227 ThreadMain] pthread_setaffinity_np failed for thread: 516701, index: 43, mask: {44, }, error code: 22 error msg: Invalid argument. Specify the number of threads explicitly so the affinity is not set.[m
[serve] [1;31m2026-07-21 09:50:03.794017820 [E:onnxruntime:Default, env.cc:227 ThreadMain] pthread_setaffinity_np failed for thread: 516707, index: 49, mask: {50, }, error code: 22 error msg: Invalid argument. Specify the number of threads explicitly so the affinity is not set.[m
[serve] [1;31m2026-07-21 09:50:03.794932406 [E:onnxruntime:Default, env.cc:227 ThreadMain] pthread_setaffinity_np failed for thread: 516738, index: 80, mask: {81, }, error code: 22 error msg: Invalid argument. Specify the number of threads explicitly so the affinity is not set.[m
[serve] [1;31m2026-07-21 09:50:03.797986917 [E:onnxruntime:Default, env.cc:227 ThreadMain] pthread_setaffinity_np failed for thread: 516739, index: 81, mask: {82, }, error code: 22 error msg: Invalid argument. Specify the number of threads explicitly so the affinity is not set.[m
[serve] [1;31m2026-07-21 09:50:03.807845680 [E:onnxruntime:Default, env.cc:227 ThreadMain] pthread_setaffinity_np failed for thread: 2082117, index: 23, mask: {24, }, error code: 22 error msg: Invalid argument. Specify the number of threads explicitly so the affinity is not set.[m
[serve] [1;31m2026-07-21 09:50:03.810978551 [E:onnxruntime:Default, env.cc:227 ThreadMain] pthread_setaffinity_np failed for thread: 516688, index: 30, mask: {31, }, error code: 22 error msg: Invalid argument. Specify the number of threads explicitly so the affinity is not set.[m
[serve] [1;31m2026-07-21 09:50:03.819973787 [E:onnxruntime:Default, env.cc:227 ThreadMain] pthread_setaffinity_np failed for thread: 516689, index: 31, mask: {32, }, error code: 22 error msg: Invalid argument. Specify the number of threads explicitly so the affinity is not set.[m
[serve] [1;31m2026-07-21 09:50:03.826972036 [E:onnxruntime:Default, env.cc:227 ThreadMain] pthread_setaffinity_np failed for thread: 516695, index: 37, mask: {38, }, error code: 22 error msg: Invalid argument. Specify the number of threads explicitly so the affinity is not set.[m
[serve] [1;31m2026-07-21 09:50:03.832023403 [E:onnxruntime:Default, env.cc:227 ThreadMain] pthread_setaffinity_np failed for thread: 516702, index: 44, mask: {45, }, error code: 22 error msg: Invalid argument. Specify the number of threads explicitly so the affinity is not set.[m
[serve] [1;31m2026-07-21 09:50:03.832033562 [E:onnxruntime:Default, env.cc:227 ThreadMain] pthread_setaffinity_np failed for thread: 516711, index: 53, mask: {54, }, error code: 22 error msg: Invalid argument. Specify the number of threads explicitly so the affinity is not set.[m
[serve] [1;31m2026-07-21 09:50:03.844971766 [E:onnxruntime:Default, env.cc:227 ThreadMain] pthread_setaffinity_np failed for thread: 516712, index: 54, mask: {55, }, error code: 22 error msg: Invalid argument. Specify the number of threads explicitly so the affinity is not set.[m
[serve] [1;31m2026-07-21 09:50:03.853968595 [E:onnxruntime:Default, env.cc:227 ThreadMain] pthread_setaffinity_np failed for thread: 516765, index: 107, mask: {108, }, error code: 22 error msg: Invalid argument. Specify the number of threads explicitly so the affinity is not set.[m
[serve] [1;31m2026-07-21 09:50:03.860976252 [E:onnxruntime:Default, env.cc:227 ThreadMain] pthread_setaffinity_np failed for thread: 516768, index: 110, mask: {111, }, error code: 22 error msg: Invalid argument. Specify the number of threads explicitly so the affinity is not set.[m
[serve] [1;31m2026-07-21 09:50:03.865983587 [E:onnxruntime:Default, env.cc:227 ThreadMain] pthread_setaffinity_np failed for thread: 516734, index: 76, mask: {77, }, error code: 22 error msg: Invalid argument. Specify the number of threads explicitly so the affinity is not set.[m
[serve] [1;31m2026-07-21 09:50:03.878967466 [E:onnxruntime:Default, env.cc:227 ThreadMain] pthread_setaffinity_np failed for thread: 516770, index: 112, mask: {113, }, error code: 22 error msg: Invalid argument. Specify the number of threads explicitly so the affinity is not set.[m
[serve] [1;31m2026-07-21 09:50:03.887971329 [E:onnxruntime:Default, env.cc:227 ThreadMain] pthread_setaffinity_np failed for thread: 516771, index: 113, mask: {114, }, error code: 22 error msg: Invalid argument. Specify the number of threads explicitly so the affinity is not set.[m
[serve] [1;31m2026-07-21 09:50:03.887988862 [E:onnxruntime:Default, env.cc:227 ThreadMain] pthread_setaffinity_np failed for thread: 516736, index: 78, mask: {79, }, error code: 22 error msg: Invalid argument. Specify the number of threads explicitly so the affinity is not set.[m
[serve] [1;31m2026-07-21 09:50:03.894979687 [E:onnxruntime:Default, env.cc:227 ThreadMain] pthread_setaffinity_np failed for thread: 516719, index: 61, mask: {62, }, error code: 22 error msg: Invalid argument. Specify the number of threads explicitly so the affinity is not set.[m
[serve] [1;31m2026-07-21 09:50:03.894999274 [E:onnxruntime:Default, env.cc:227 ThreadMain] pthread_setaffinity_np failed for thread: 516742, index: 84, mask: {85, }, error code: 22 error msg: Invalid argument. Specify the number of threads explicitly so the affinity is not set.[m
[serve] [1;31m2026-07-21 09:50:03.895021165 [E:onnxruntime:Default, env.cc:227 ThreadMain] pthread_setaffinity_np failed for thread: 516743, index: 85, mask: {86, }, error code: 22 error msg: Invalid argument. Specify the number of threads explicitly so the affinity is not set.[m
[serve] [1;31m2026-07-21 09:50:03.907970760 [E:onnxruntime:Default, env.cc:227 ThreadMain] pthread_setaffinity_np failed for thread: 516720, index: 62, mask: {63, }, error code: 22 error msg: Invalid argument. Specify the number of threads explicitly so the affinity is not set.[m
[serve] [1;31m2026-07-21 09:50:03.908016355 [E:onnxruntime:Default, env.cc:227 ThreadMain] pthread_setaffinity_np failed for thread: 516747, index: 89, mask: {90, }, error code: 22 error msg: Invalid argument. Specify the number of threads explicitly so the affinity is not set.[m
[serve] [1;31m2026-07-21 09:50:03.916969974 [E:onnxruntime:Default, env.cc:227 ThreadMain] pthread_setaffinity_np failed for thread: 516726, index: 68, mask: {69, }, error code: 22 error msg: Invalid argument. Specify the number of threads explicitly so the affinity is not set.[m
[serve] [1;31m2026-07-21 09:50:03.923991196 [E:onnxruntime:Default, env.cc:227 ThreadMain] pthread_setaffinity_np failed for thread: 516728, index: 70, mask: {71, }, error code: 22 error msg: Invalid argument. Specify the number of threads explicitly so the affinity is not set.[m
[serve] [1;31m2026-07-21 09:50:03.928974496 [E:onnxruntime:Default, env.cc:227 ThreadMain] pthread_setaffinity_np failed for thread: 516733, index: 75, mask: {76, }, error code: 22 error msg: Invalid argument. Specify the number of threads explicitly so the affinity is not set.[m
[serve] [1;31m2026-07-21 09:50:03.928994613 [E:onnxruntime:Default, env.cc:227 ThreadMain] pthread_setaffinity_np failed for thread: 516759, index: 101, mask: {102, }, error code: 22 error msg: Invalid argument. Specify the number of threads explicitly so the affinity is not set.[m
[serve] [32m[INFO] 2026-07-21 09:50:03,940 [RapidOCR] base.py:22: Using engine_name: onnxruntime[0m
[serve] [32m[INFO] 2026-07-21 09:50:03,940 [RapidOCR] main.py:53: Using /opt/app-root/src/.cache/docling/models/RapidOcr/onnx/PP-OCRv4/cls/ch_ppocr_mobile_v2.0_cls_infer.onnx[0m
[serve] [1;31m2026-07-21 09:50:03.941976258 [E:onnxruntime:Default, env.cc:227 ThreadMain] pthread_setaffinity_np failed for thread: 516760, index: 102, mask: {103, }, error code: 22 error msg: Invalid argument. Specify the number of threads explicitly so the affinity is not set.[m
[serve] [1;31m2026-07-21 09:50:03.942549549 [E:onnxruntime:Default, env.cc:227 ThreadMain] pthread_setaffinity_np failed for thread: 2082348, index: 0, mask: {1, }, error code: 22 error msg: Invalid argument. Specify the number of threads explicitly so the affinity is not set.[m
[serve] [1;31m2026-07-21 09:50:03.942569897 [E:onnxruntime:Default, env.cc:227 ThreadMain] pthread_setaffinity_np failed for thread: 2082349, index: 1, mask: {2, }, error code: 22 error msg: Invalid argument. Specify the number of threads explicitly so the affinity is not set.[m
[serve] [1;31m2026-07-21 09:50:03.942648905 [E:onnxruntime:Default, env.cc:227 ThreadMain] pthread_setaffinity_np failed for thread: 2082350, index: 2, mask: {3, }, error code: 22 error msg: Invalid argument. Specify the number of threads explicitly so the affinity is not set.[m
[serve] [1;31m2026-07-21 09:50:03.942726600 [E:onnxruntime:Default, env.cc:227 ThreadMain] pthread_setaffinity_np failed for thread: 2082351, index: 3, mask: {4, }, error code: 22 error msg: Invalid argument. Specify the number of threads explicitly so the affinity is not set.[m
[serve] [1;31m2026-07-21 09:50:03.942732872 [E:onnxruntime:Default, env.cc:227 ThreadMain] pthread_setaffinity_np failed for thread: 2082352, index: 4, mask: {5, }, error code: 22 error msg: Invalid argument. Specify the number of threads explicitly so the affinity is not set.[m
[serve] [1;31m2026-07-21 09:50:03.942782495 [E:onnxruntime:Default, env.cc:227 ThreadMain] pthread_setaffinity_np failed for thread: 2082353, index: 5, mask: {6, }, error code: 22 error msg: Invalid argument. Specify the number of threads explicitly so the affinity is not set.[m
[serve] [1;31m2026-07-21 09:50:03.943172323 [E:onnxruntime:Default, env.cc:227 ThreadMain] pthread_setaffinity_np failed for thread: 2082363, index: 15, mask: {16, }, error code: 22 error msg: Invalid argument. Specify the number of threads explicitly so the affinity is not set.[m
[serve] [32m[INFO] 2026-07-21 09:50:03,947 [RapidOCR] base.py:22: Using engine_name: onnxruntime[0m
[serve] [32m[INFO] 2026-07-21 09:50:03,947 [RapidOCR] main.py:53: Using /opt/app-root/src/.cache/docling/models/RapidOcr/onnx/PP-OCRv4/cls/ch_ppocr_mobile_v2.0_cls_infer.onnx[0m
[serve] [1;31m2026-07-21 09:50:03.950972667 [E:onnxruntime:Default, env.cc:227 ThreadMain] pthread_setaffinity_np failed for thread: 516761, index: 103, mask: {104, }, error code: 22 error msg: Invalid argument. Specify the number of threads explicitly so the affinity is not set.[m
[serve] [1;31m2026-07-21 09:50:03.951850161 [E:onnxruntime:Default, env.cc:227 ThreadMain] pthread_setaffinity_np failed for thread: 2082407, index: 59, mask: {60, }, error code: 22 error msg: Invalid argument. Specify the number of threads explicitly so the affinity is not set.[m
[serve] [1;31m2026-07-21 09:50:03.952367237 [E:onnxruntime:Default, env.cc:227 ThreadMain] pthread_setaffinity_np failed for thread: 2082520, index: 45, mask: {46, }, error code: 22 error msg: Invalid argument. Specify the number of threads explicitly so the affinity is not set.[m
[serve] [1;31m2026-07-21 09:50:03.952886347 [E:onnxruntime:Default, env.cc:227 ThreadMain] pthread_setaffinity_np failed for thread: 2082374, index: 26, mask: {27, }, error code: 22 error msg: Invalid argument. Specify the number of threads explicitly so the affinity is not set.[m
[serve] [1;31m2026-07-21 09:50:03.952897277 [E:onnxruntime:Default, env.cc:227 ThreadMain] pthread_setaffinity_np failed for thread: 2082375, index: 27, mask: {28, }, error code: 22 error msg: Invalid argument. Specify the number of threads explicitly so the affinity is not set.[m
[serve] [1;31m2026-07-21 09:50:03.953850258 [E:onnxruntime:Default, env.cc:227 ThreadMain] pthread_setaffinity_np failed for thread: 2082519, index: 44, mask: {45, }, error code: 22 error msg: Invalid argument. Specify the number of threads explicitly so the affinity is not set.[m
[serve] [1;31m2026-07-21 09:50:03.954853343 [E:onnxruntime:Default, env.cc:227 ThreadMain] pthread_setaffinity_np failed for thread: 2082524, index: 49, mask: {50, }, error code: 22 error msg: Invalid argument. Specify the number of threads explicitly so the affinity is not set.[m
[serve] [1;31m2026-07-21 09:50:03.955848062 [E:onnxruntime:Default, env.cc:227 ThreadMain] pthread_setaffinity_np failed for thread: 2082527, index: 52, mask: {53, }, error code: 22 error msg: Invalid argument. Specify the number of threads explicitly so the affinity is not set.[m
[serve] [1;31m2026-07-21 09:50:03.952861551 [E:onnxruntime:Default, env.cc:227 ThreadMain] pthread_setaffinity_np failed for thread: 2082370, index: 22, mask: {23, }, error code: 22 error msg: Invalid argument. Specify the number of threads explicitly so the affinity is not set.[m
[serve] [1;31m2026-07-21 09:50:03.956945092 [E:onnxruntime:Default, env.cc:227 ThreadMain] pthread_setaffinity_np failed for thread: 2082523, index: 48, mask: {49, }, error code: 22 error msg: Invalid argument. Specify the number of threads explicitly so the affinity is not set.[m
[serve] [1;31m2026-07-21 09:50:03.957903584 [E:onnxruntime:Default, env.cc:227 ThreadMain] pthread_setaffinity_np failed for thread: 2082552, index: 77, mask: {78, }, error code: 22 error msg: Invalid argument. Specify the number of threads explicitly so the affinity is not set.[m
[serve] [1;31m2026-07-21 09:50:03.957915536 [E:onnxruntime:Default, env.cc:227 ThreadMain] pthread_setaffinity_np failed for thread: 2082562, index: 87, mask: {88, }, error code: 22 error msg: Invalid argument. Specify the number of threads explicitly so the affinity is not set.[m
[serve] [1;31m2026-07-21 09:50:03.957965369 [E:onnxruntime:Default, env.cc:227 ThreadMain] pthread_setaffinity_np failed for thread: 2082515, index: 40, mask: {41, }, error code: 22 error msg: Invalid argument. Specify the number of threads explicitly so the affinity is not set.[m
[serve] [1;31m2026-07-21 09:50:03.958853228 [E:onnxruntime:Default, env.cc:227 ThreadMain] pthread_setaffinity_np failed for thread: 2082530, index: 55, mask: {56, }, error code: 22 error msg: Invalid argument. Specify the number of threads explicitly so the affinity is not set.[m
[serve] [1;31m2026-07-21 09:50:03.959848438 [E:onnxruntime:Default, env.cc:227 ThreadMain] pthread_setaffinity_np failed for thread: 2082513, index: 38, mask: {39, }, error code: 22 error msg: Invalid argument. Specify the number of threads explicitly so the affinity is not set.[m
[serve] [1;31m2026-07-21 09:50:03.952880556 [E:onnxruntime:Default, env.cc:227 ThreadMain] pthread_setaffinity_np failed for thread: 2082372, index: 24, mask: {25, }, error code: 22 error msg: Invalid argument. Specify the number of threads explicitly so the affinity is not set.[m
[serve] [1;31m2026-07-21 09:50:03.960858666 [E:onnxruntime:Default, env.cc:227 ThreadMain] pthread_setaffinity_np failed for thread: 2082424, index: 76, mask: {77, }, error code: 22 error msg: Invalid argument. Specify the number of threads explicitly so the affinity is not set.[m
[serve] [1;31m2026-07-21 09:50:03.960854128 [E:onnxruntime:Default, env.cc:227 ThreadMain] pthread_setaffinity_np failed for thread: 2082533, index: 58, mask: {59, }, error code: 22 error msg: Invalid argument. Specify the number of threads explicitly so the affinity is not set.[m
[serve] [1;31m2026-07-21 09:50:03.961844779 [E:onnxruntime:Default, env.cc:227 ThreadMain] pthread_setaffinity_np failed for thread: 2082521, index: 46, mask: {47, }, error code: 22 error msg: Invalid argument. Specify the number of threads explicitly so the affinity is not set.[m
[serve] [1;31m2026-07-21 09:50:03.957851466 [E:onnxruntime:Default, env.cc:227 ThreadMain] pthread_setaffinity_np failed for thread: 2082516, index: 41, mask: {42, }, error code: 22 error msg: Invalid argument. Specify the number of threads explicitly so the affinity is not set.[m
[serve] [1;31m2026-07-21 09:50:03.957865873 [E:onnxruntime:Default, env.cc:227 ThreadMain] pthread_setaffinity_np failed for thread: 2082538, index: 63, mask: {64, }, error code: 22 error msg: Invalid argument. Specify the number of threads explicitly so the affinity is not set.[m
[serve] [32m[INFO] 2026-07-21 09:50:03,962 [RapidOCR] base.py:22: Using engine_name: onnxruntime[0m
[serve] [32m[INFO] 2026-07-21 09:50:03,962 [RapidOCR] main.py:53: Using /opt/app-root/src/.cache/docling/models/RapidOcr/onnx/PP-OCRv4/cls/ch_ppocr_mobile_v2.0_cls_infer.onnx[0m
[serve] [1;31m2026-07-21 09:50:03.964089384 [E:onnxruntime:Default, env.cc:227 ThreadMain] pthread_setaffinity_np failed for thread: 2082602, index: 0, mask: {1, }, error code: 22 error msg: Invalid argument. Specify the number of threads explicitly so the affinity is not set.[m
[serve] [1;31m2026-07-21 09:50:03.964123417 [E:onnxruntime:Default, env.cc:227 ThreadMain] pthread_setaffinity_np failed for thread: 2082603, index: 1, mask: {2, }, error code: 22 error msg: Invalid argument. Specify the number of threads explicitly so the affinity is not set.[m
[serve] [1;31m2026-07-21 09:50:03.964156840 [E:onnxruntime:Default, env.cc:227 ThreadMain] pthread_setaffinity_np failed for thread: 2082604, index: 2, mask: {3, }, error code: 22 error msg: Invalid argument. Specify the number of threads explicitly so the affinity is not set.[m
[serve] [1;31m2026-07-21 09:50:03.964174132 [E:onnxruntime:Default, env.cc:227 ThreadMain] pthread_setaffinity_np failed for thread: 2082605, index: 3, mask: {4, }, error code: 22 error msg: Invalid argument. Specify the number of threads explicitly so the affinity is not set.[m
[serve] [1;31m2026-07-21 09:50:03.964198077 [E:onnxruntime:Default, env.cc:227 ThreadMain] pthread_setaffinity_np failed for thread: 2082606, index: 4, mask: {5, }, error code: 22 error msg: Invalid argument. Specify the number of threads explicitly so the affinity is not set.[m
[serve] [1;31m2026-07-21 09:50:03.964245285 [E:onnxruntime:Default, env.cc:227 ThreadMain] pthread_setaffinity_np failed for thread: 2082607, index: 5, mask: {6, }, error code: 22 error msg: Invalid argument. Specify the number of threads explicitly so the affinity is not set.[m
[serve] [1;31m2026-07-21 09:50:03.956876614 [E:onnxruntime:Default, env.cc:227 ThreadMain] pthread_setaffinity_np failed for thread: 2082364, index: 16, mask: {17, }, error code: 22 error msg: Invalid argument. Specify the number of threads explicitly so the affinity is not set.[m
[serve] [1;31m2026-07-21 09:50:03.958024397 [E:onnxruntime:Default, env.cc:227 ThreadMain] pthread_setaffinity_np failed for thread: 516710, index: 52, mask: {53, }, error code: 22 error msg: Invalid argument. Specify the number of threads explicitly so the affinity is not set.[m
[serve] [1;31m2026-07-21 09:50:03.966997311 [E:onnxruntime:Default, env.cc:227 ThreadMain] pthread_setaffinity_np failed for thread: 516745, index: 87, mask: {88, }, error code: 22 error msg: Invalid argument. Specify the number of threads explicitly so the affinity is not set.[m
[serve] [1;31m2026-07-21 09:50:03.956888286 [E:onnxruntime:Default, env.cc:227 ThreadMain] pthread_setaffinity_np failed for thread: 2082369, index: 21, mask: {22, }, error code: 22 error msg: Invalid argument. Specify the number of threads explicitly so the affinity is not set.[m
[serve] [1;31m2026-07-21 09:50:03.969889192 [E:onnxruntime:Default, env.cc:227 ThreadMain] pthread_setaffinity_np failed for thread: 2082502, index: 27, mask: {28, }, error code: 22 error msg: Invalid argument. Specify the number of threads explicitly so the affinity is not set.[m
[serve] [1;31m2026-07-21 09:50:03.972910629 [E:onnxruntime:Default, env.cc:227 ThreadMain] pthread_setaffinity_np failed for thread: 2082443, index: 95, mask: {96, }, error code: 22 error msg: Invalid argument. Specify the number of threads explicitly so the affinity is not set.[m
[serve] [1;31m2026-07-21 09:50:03.973845005 [E:onnxruntime:Default, env.cc:227 ThreadMain] pthread_setaffinity_np failed for thread: 2082522, index: 47, mask: {48, }, error code: 22 error msg: Invalid argument. Specify the number of threads explicitly so the affinity is not set.[m
[serve] [1;31m2026-07-21 09:50:03.975870170 [E:onnxruntime:Default, env.cc:227 ThreadMain] pthread_setaffinity_np failed for thread: 2082495, index: 20, mask: {21, }, error code: 22 error msg: Invalid argument. Specify the number of threads explicitly so the affinity is not set.[m
[serve] [1;31m2026-07-21 09:50:03.975917008 [E:onnxruntime:Default, env.cc:227 ThreadMain] pthread_setaffinity_np failed for thread: 2082483, index: 8, mask: {9, }, error code: 22 error msg: Invalid argument. Specify the number of threads explicitly so the affinity is not set.[m
[serve] [1;31m2026-07-21 09:50:03.976848588 [E:onnxruntime:Default, env.cc:227 ThreadMain] pthread_setaffinity_np failed for thread: 2082461, index: 113, mask: {114, }, error code: 22 error msg: Invalid argument. Specify the number of threads explicitly so the affinity is not set.[m
[serve] [1;31m2026-07-21 09:50:03.976872744 [E:onnxruntime:Default, env.cc:227 ThreadMain] pthread_setaffinity_np failed for thread: 2082608, index: 6, mask: {7, }, error code: 22 error msg: Invalid argument. Specify the number of threads explicitly so the affinity is not set.[m
[serve] [1;31m2026-07-21 09:50:03.975872114 [E:onnxruntime:Default, env.cc:227 ThreadMain] pthread_setaffinity_np failed for thread: 2082486, index: 11, mask: {12, }, error code: 22 error msg: Invalid argument. Specify the number of threads explicitly so the affinity is not set.[m
[serve] [1;31m2026-07-21 09:50:03.977866471 [E:onnxruntime:Default, env.cc:227 ThreadMain] pthread_setaffinity_np failed for thread: 2082517, index: 42, mask: {43, }, error code: 22 error msg: Invalid argument. Specify the number of threads explicitly so the affinity is not set.[m
[serve] [1;31m2026-07-21 09:50:03.979997561 [E:onnxruntime:Default, env.cc:227 ThreadMain] pthread_setaffinity_np failed for thread: 516751, index: 93, mask: {94, }, error code: 22 error msg: Invalid argument. Specify the number of threads explicitly so the affinity is not set.[m
[serve] [1;31m2026-07-21 09:50:03.980026976 [E:onnxruntime:Default, env.cc:227 ThreadMain] pthread_setaffinity_np failed for thread: 516780, index: 122, mask: {123, }, error code: 22 error msg: Invalid argument. Specify the number of threads explicitly so the affinity is not set.[m
[serve] [1;31m2026-07-21 09:50:03.969839530 [E:onnxruntime:Default, env.cc:227 ThreadMain] pthread_setaffinity_np failed for thread: 2082557, index: 82, mask: {83, }, error code: 22 error msg: Invalid argument. Specify the number of threads explicitly so the affinity is not set.[m
[serve] [1;31m2026-07-21 09:50:03.981912452 [E:onnxruntime:Default, env.cc:227 ThreadMain] pthread_setaffinity_np failed for thread: 2082467, index: 119, mask: {120, }, error code: 22 error msg: Invalid argument. Specify the number of threads explicitly so the affinity is not set.[m
[serve] [1;31m2026-07-21 09:50:03.977882441 [E:onnxruntime:Default, env.cc:227 ThreadMain] pthread_setaffinity_np failed for thread: 2082535, index: 60, mask: {61, }, error code: 22 error msg: Invalid argument. Specify the number of threads explicitly so the affinity is not set.[m
[serve] [1;31m2026-07-21 09:50:03.984857536 [E:onnxruntime:Default, env.cc:227 ThreadMain] pthread_setaffinity_np failed for thread: 2082614, index: 12, mask: {13, }, error code: 22 error msg: Invalid argument. Specify the number of threads explicitly so the affinity is not set.[m
[serve] [1;31m2026-07-21 09:50:03.965842630 [E:onnxruntime:Default, env.cc:227 ThreadMain] pthread_setaffinity_np failed for thread: 2082514, index: 39, mask: {40, }, error code: 22 error msg: Invalid argument. Specify the number of threads explicitly so the affinity is not set.[m
[serve] [1;31m2026-07-21 09:50:03.980865506 [E:onnxruntime:Default, env.cc:227 ThreadMain] pthread_setaffinity_np failed for thread: 2082609, index: 7, mask: {8, }, error code: 22 error msg: Invalid argument. Specify the number of threads explicitly so the affinity is not set.[m
[serve] [1;31m2026-07-21 09:50:03.989689356 [E:onnxruntime:Default, env.cc:227 ThreadMain] pthread_setaffinity_np failed for thread: 2082728, index: 126, mask: {127, }, error code: 22 error msg: Invalid argument. Specify the number of threads explicitly so the affinity is not set.[m
[serve] [1;31m2026-07-21 09:50:03.965858700 [E:onnxruntime:Default, env.cc:227 ThreadMain] pthread_setaffinity_np failed for thread: 2082534, index: 59, mask: {60, }, error code: 22 error msg: Invalid argument. Specify the number of threads explicitly so the affinity is not set.[m
[serve] [1;31m2026-07-21 09:50:03.965842360 [E:onnxruntime:Default, env.cc:227 ThreadMain] pthread_setaffinity_np failed for thread: 2082548, index: 73, mask: {74, }, error code: 22 error msg: Invalid argument. Specify the number of threads explicitly so the affinity is not set.[m
[serve] [1;31m2026-07-21 09:50:03.990871465 [E:onnxruntime:Default, env.cc:227 ThreadMain] pthread_setaffinity_np failed for thread: 2082416, index: 68, mask: {69, }, error code: 22 error msg: Invalid argument. Specify the number of threads explicitly so the affinity is not set.[m
[serve] [1;31m2026-07-21 09:50:03.993022728 [E:onnxruntime:Default, env.cc:227 ThreadMain] pthread_setaffinity_np failed for thread: 516783, index: 125, mask: {126, }, error code: 22 error msg: Invalid argument. Specify the number of threads explicitly so the affinity is not set.[m
[serve] [1;31m2026-07-21 09:50:03.993892952 [E:onnxruntime:Default, env.cc:227 ThreadMain] pthread_setaffinity_np failed for thread: 2082594, index: 119, mask: {120, }, error code: 22 error msg: Invalid argument. Specify the number of threads explicitly so the affinity is not set.[m
[serve] [1;31m2026-07-21 09:50:03.993901758 [E:onnxruntime:Default, env.cc:227 ThreadMain] pthread_setaffinity_np failed for thread: 2082531, index: 56, mask: {57, }, error code: 22 error msg: Invalid argument. Specify the number of threads explicitly so the affinity is not set.[m
[serve] [1;31m2026-07-21 09:50:03.994852635 [E:onnxruntime:Default, env.cc:227 ThreadMain] pthread_setaffinity_np failed for thread: 2082496, index: 21, mask: {22, }, error code: 22 error msg: Invalid argument. Specify the number of threads explicitly so the affinity is not set.[m
[serve] [1;31m2026-07-21 09:50:03.997129340 [E:onnxruntime:Default, env.cc:227 ThreadMain] pthread_setaffinity_np failed for thread: 2082726, index: 124, mask: {125, }, error code: 22 error msg: Invalid argument. Specify the number of threads explicitly so the affinity is not set.[m
[serve] [1;31m2026-07-21 09:50:03.975855262 [E:onnxruntime:Default, env.cc:227 ThreadMain] pthread_setaffinity_np failed for thread: 2082482, index: 7, mask: {8, }, error code: 22 error msg: Invalid argument. Specify the number of threads explicitly so the affinity is not set.[m
[serve] [1;31m2026-07-21 09:50:03.997864584 [E:onnxruntime:Default, env.cc:227 ThreadMain] pthread_setaffinity_np failed for thread: 2082420, index: 72, mask: {73, }, error code: 22 error msg: Invalid argument. Specify the number of threads explicitly so the affinity is not set.[m
[serve] [1;31m2026-07-21 09:50:03.998848843 [E:onnxruntime:Default, env.cc:227 ThreadMain] pthread_setaffinity_np failed for thread: 2082558, index: 83, mask: {84, }, error code: 22 error msg: Invalid argument. Specify the number of threads explicitly so the affinity is not set.[m
[serve] [1;31m2026-07-21 09:50:04.000848791 [E:onnxruntime:Default, env.cc:227 ThreadMain] pthread_setaffinity_np failed for thread: 2082698, index: 96, mask: {97, }, error code: 22 error msg: Invalid argument. Specify the number of threads explicitly so the affinity is not set.[m
[serve] [1;31m2026-07-21 09:50:04.003842957 [E:onnxruntime:Default, env.cc:227 ThreadMain] pthread_setaffinity_np failed for thread: 2082578, index: 103, mask: {104, }, error code: 22 error msg: Invalid argument. Specify the number of threads explicitly so the affinity is not set.[m
[serve] [1;31m2026-07-21 09:50:04.004848406 [E:onnxruntime:Default, env.cc:227 ThreadMain] pthread_setaffinity_np failed for thread: 2082701, index: 99, mask: {100, }, error code: 22 error msg: Invalid argument. Specify the number of threads explicitly so the affinity is not set.[m
[serve] [1;31m2026-07-21 09:50:04.005843645 [E:onnxruntime:Default, env.cc:227 ThreadMain] pthread_setaffinity_np failed for thread: 2082644, index: 42, mask: {43, }, error code: 22 error msg: Invalid argument. Specify the number of threads explicitly so the affinity is not set.[m
[serve] [1;31m2026-07-21 09:50:04.006845227 [E:onnxruntime:Default, env.cc:227 ThreadMain] pthread_setaffinity_np failed for thread: 2082354, index: 6, mask: {7, }, error code: 22 error msg: Invalid argument. Specify the number of threads explicitly so the affinity is not set.[m
[serve] [1;31m2026-07-21 09:50:04.007856637 [E:onnxruntime:Default, env.cc:227 ThreadMain] pthread_setaffinity_np failed for thread: 2082545, index: 70, mask: {71, }, error code: 22 error msg: Invalid argument. Specify the number of threads explicitly so the affinity is not set.[m
[serve] [1;31m2026-07-21 09:50:04.008848160 [E:onnxruntime:Default, env.cc:227 ThreadMain] pthread_setaffinity_np failed for thread: 2082703, index: 101, mask: {102, }, error code: 22 error msg: Invalid argument. Specify the number of threads explicitly so the affinity is not set.[m
[serve] [1;31m2026-07-21 09:50:04.012847324 [E:onnxruntime:Default, env.cc:227 ThreadMain] pthread_setaffinity_np failed for thread: 2082549, index: 74, mask: {75, }, error code: 22 error msg: Invalid argument. Specify the number of threads explicitly so the affinity is not set.[m
[serve] [1;31m2026-07-21 09:50:04.012874725 [E:onnxruntime:Default, env.cc:227 ThreadMain] pthread_setaffinity_np failed for thread: 2082611, index: 9, mask: {10, }, error code: 22 error msg: Invalid argument. Specify the number of threads explicitly so the affinity is not set.[m
[serve] [1;31m2026-07-21 09:50:03.993059657 [E:onnxruntime:Default, env.cc:227 ThreadMain] pthread_setaffinity_np failed for thread: 516755, index: 97, mask: {98, }, error code: 22 error msg: Invalid argument. Specify the number of threads explicitly so the affinity is not set.[m
[serve] [1;31m2026-07-21 09:50:04.001983560 [E:onnxruntime:Default, env.cc:227 ThreadMain] pthread_setaffinity_np failed for thread: 516690, index: 32, mask: {33, }, error code: 22 error msg: Invalid argument. Specify the number of threads explicitly so the affinity is not set.[m
[serve] [1;31m2026-07-21 09:50:04.001993959 [E:onnxruntime:Default, env.cc:227 ThreadMain] pthread_setaffinity_np failed for thread: 516784, index: 126, mask: {127, }, error code: 22 error msg: Invalid argument. Specify the number of threads explicitly so the affinity is not set.[m
[serve] [1;31m2026-07-21 09:50:04.001995232 [E:onnxruntime:Default, env.cc:227 ThreadMain] pthread_setaffinity_np failed for thread: 516767, index: 109, mask: {110, }, error code: 22 error msg: Invalid argument. Specify the number of threads explicitly so the affinity is not set.[m
[serve] [1;31m2026-07-21 09:50:03.923987609 [E:onnxruntime:Default, env.cc:227 ThreadMain] pthread_setaffinity_np failed for thread: 516749, index: 91, mask: {92, }, error code: 22 error msg: Invalid argument. Specify the number of threads explicitly so the affinity is not set.[m
[serve] [1;31m2026-07-21 09:50:03.907993473 [E:onnxruntime:Default, env.cc:227 ThreadMain] pthread_setaffinity_np failed for thread: 516725, index: 67, mask: {68, }, error code: 22 error msg: Invalid argument. Specify the number of threads explicitly so the affinity is not set.[m
[serve] [1;31m2026-07-21 09:50:03.793971333 [E:onnxruntime:Default, env.cc:227 ThreadMain] pthread_setaffinity_np failed for thread: 516684, index: 26, mask: {27, }, error code: 22 error msg: Invalid argument. Specify the number of threads explicitly so the affinity is not set.[m
[serve] [1;31m2026-07-21 09:50:04.001997065 [E:onnxruntime:Default, env.cc:227 ThreadMain] pthread_setaffinity_np failed for thread: 516698, index: 40, mask: {41, }, error code: 22 error msg: Invalid argument. Specify the number of threads explicitly so the affinity is not set.[m
[serve] [1;31m2026-07-21 09:50:03.966972455 [E:onnxruntime:Default, env.cc:227 ThreadMain] pthread_setaffinity_np failed for thread: 516775, index: 117, mask: {118, }, error code: 22 error msg: Invalid argument. Specify the number of threads explicitly so the affinity is not set.[m
[serve] [1;31m2026-07-21 09:50:03.923978412 [E:onnxruntime:Default, env.cc:227 ThreadMain] pthread_setaffinity_np failed for thread: 516727, index: 69, mask: {70, }, error code: 22 error msg: Invalid argument. Specify the number of threads explicitly so the affinity is not set.[m
[serve] [1;31m2026-07-21 09:50:03.865967176 [E:onnxruntime:Default, env.cc:227 ThreadMain] pthread_setaffinity_np failed for thread: 516769, index: 111, mask: {112, }, error code: 22 error msg: Invalid argument. Specify the number of threads explicitly so the affinity is not set.[m
[serve] [1;31m2026-07-21 09:50:03.957995192 [E:onnxruntime:Default, env.cc:227 ThreadMain] pthread_setaffinity_np failed for thread: 516717, index: 59, mask: {60, }, error code: 22 error msg: Invalid argument. Specify the number of threads explicitly so the affinity is not set.[m
[serve] [1;31m2026-07-21 09:50:03.894967464 [E:onnxruntime:Default, env.cc:227 ThreadMain] pthread_setaffinity_np failed for thread: 516772, index: 114, mask: {115, }, error code: 22 error msg: Invalid argument. Specify the number of threads explicitly so the affinity is not set.[m
[serve] [1;31m2026-07-21 09:50:03.966986250 [E:onnxruntime:Default, env.cc:227 ThreadMain] pthread_setaffinity_np failed for thread: 516776, index: 118, mask: {119, }, error code: 22 error msg: Invalid argument. Specify the number of threads explicitly so the affinity is not set.[m
[serve] [1;31m2026-07-21 09:50:03.957980745 [E:onnxruntime:Default, env.cc:227 ThreadMain] pthread_setaffinity_np failed for thread: 516763, index: 105, mask: {106, }, error code: 22 error msg: Invalid argument. Specify the number of threads explicitly so the affinity is not set.[m
[serve] [1;31m2026-07-21 09:50:04.013866920 [E:onnxruntime:Default, env.cc:227 ThreadMain] pthread_setaffinity_np failed for thread: 2082425, index: 77, mask: {78, }, error code: 22 error msg: Invalid argument. Specify the number of threads explicitly so the affinity is not set.[m
[serve] [1;31m2026-07-21 09:50:03.979975229 [E:onnxruntime:Default, env.cc:227 ThreadMain] pthread_setaffinity_np failed for thread: 516750, index: 92, mask: {93, }, error code: 22 error msg: Invalid argument. Specify the number of threads explicitly so the affinity is not set.[m
[serve] [1;31m2026-07-21 09:50:04.001984061 [E:onnxruntime:Default, env.cc:227 ThreadMain] pthread_setaffinity_np failed for thread: 516693, index: 35, mask: {36, }, error code: 22 error msg: Invalid argument. Specify the number of threads explicitly so the affinity is not set.[m
[serve] [1;31m2026-07-21 09:50:04.016845456 [E:onnxruntime:Default, env.cc:227 ThreadMain] pthread_setaffinity_np failed for thread: 2082526, index: 51, mask: {52, }, error code: 22 error msg: Invalid argument. Specify the number of threads explicitly so the affinity is not set.[m
[serve] [1;31m2026-07-21 09:50:03.992996158 [E:onnxruntime:Default, env.cc:227 ThreadMain] pthread_setaffinity_np failed for thread: 516782, index: 124, mask: {125, }, error code: 22 error msg: Invalid argument. Specify the number of threads explicitly so the affinity is not set.[m
[serve] [1;31m2026-07-21 09:50:03.979986090 [E:onnxruntime:Default, env.cc:227 ThreadMain] pthread_setaffinity_np failed for thread: 516778, index: 120, mask: {121, }, error code: 22 error msg: Invalid argument. Specify the number of threads explicitly so the affinity is not set.[m
[serve] [1;31m2026-07-21 09:50:04.020841544 [E:onnxruntime:Default, env.cc:227 ThreadMain] pthread_setaffinity_np failed for thread: 2082429, index: 81, mask: {82, }, error code: 22 error msg: Invalid argument. Specify the number of threads explicitly so the affinity is not set.[m
[serve] [1;31m2026-07-21 09:50:04.021888811 [E:onnxruntime:Default, env.cc:227 ThreadMain] pthread_setaffinity_np failed for thread: 2082615, index: 13, mask: {14, }, error code: 22 error msg: Invalid argument. Specify the number of threads explicitly so the affinity is not set.[m
[serve] [1;31m2026-07-21 09:50:03.992973386 [E:onnxruntime:Default, env.cc:227 ThreadMain] pthread_setaffinity_np failed for thread: 516752, index: 94, mask: {95, }, error code: 22 error msg: Invalid argument. Specify the number of threads explicitly so the affinity is not set.[m
[serve] [1;31m2026-07-21 09:50:04.022868181 [E:onnxruntime:Default, env.cc:227 ThreadMain] pthread_setaffinity_np failed for thread: 2082430, index: 82, mask: {83, }, error code: 22 error msg: Invalid argument. Specify the number of threads explicitly so the affinity is not set.[m
[serve] [1;31m2026-07-21 09:50:04.025845856 [E:onnxruntime:Default, env.cc:227 ThreadMain] pthread_setaffinity_np failed for thread: 2082412, index: 64, mask: {65, }, error code: 22 error msg: Invalid argument. Specify the number of threads explicitly so the affinity is not set.[m
[serve] [1;31m2026-07-21 09:50:04.020871801 [E:onnxruntime:Default, env.cc:227 ThreadMain] pthread_setaffinity_np failed for thread: 2082532, index: 57, mask: {58, }, error code: 22 error msg: Invalid argument. Specify the number of threads explicitly so the affinity is not set.[m
[serve] [1;31m2026-07-21 09:50:04.021851191 [E:onnxruntime:Default, env.cc:227 ThreadMain] pthread_setaffinity_np failed for thread: 2082488, index: 13, mask: {14, }, error code: 22 error msg: Invalid argument. Specify the number of threads explicitly so the affinity is not set.[m
[serve] [1;31m2026-07-21 09:50:04.025848201 [E:onnxruntime:Default, env.cc:227 ThreadMain] pthread_setaffinity_np failed for thread: 2082491, index: 16, mask: {17, }, error code: 22 error msg: Invalid argument. Specify the number of threads explicitly so the affinity is not set.[m
[serve] [1;31m2026-07-21 09:50:04.027855712 [E:onnxruntime:Default, env.cc:227 ThreadMain] pthread_setaffinity_np failed for thread: 2082556, index: 81, mask: {82, }, error code: 22 error msg: Invalid argument. Specify the number of threads explicitly so the affinity is not set.[m
[serve] [1;31m2026-07-21 09:50:03.993011257 [E:onnxruntime:Default, env.cc:227 ThreadMain] pthread_setaffinity_np failed for thread: 516754, index: 96, mask: {97, }, error code: 22 error msg: Invalid argument. Specify the number of threads explicitly so the affinity is not set.[m
[serve] [1;31m2026-07-21 09:50:04.027983128 [E:onnxruntime:Default, env.cc:227 ThreadMain] pthread_setaffinity_np failed for thread: 516732, index: 74, mask: {75, }, error code: 22 error msg: Invalid argument. Specify the number of threads explicitly so the affinity is not set.[m
[serve] [1;31m2026-07-21 09:50:04.032842492 [E:onnxruntime:Default, env.cc:227 ThreadMain] pthread_setaffinity_np failed for thread: 2082414, index: 66, mask: {67, }, error code: 22 error msg: Invalid argument. Specify the number of threads explicitly so the affinity is not set.[m
[serve] [1;31m2026-07-21 09:50:04.032848663 [E:onnxruntime:Default, env.cc:227 ThreadMain] pthread_setaffinity_np failed for thread: 2082512, index: 37, mask: {38, }, error code: 22 error msg: Invalid argument. Specify the number of threads explicitly so the affinity is not set.[m
[serve] [1;31m2026-07-21 09:50:04.034844383 [E:onnxruntime:Default, env.cc:227 ThreadMain] pthread_setaffinity_np failed for thread: 2082617, index: 15, mask: {16, }, error code: 22 error msg: Invalid argument. Specify the number of threads explicitly so the affinity is not set.[m
[serve] [1;31m2026-07-21 09:50:04.037849239 [E:onnxruntime:Default, env.cc:227 ThreadMain] pthread_setaffinity_np failed for thread: 2082505, index: 30, mask: {31, }, error code: 22 error msg: Invalid argument. Specify the number of threads explicitly so the affinity is not set.[m
[serve] [1;31m2026-07-21 09:50:04.037859347 [E:onnxruntime:Default, env.cc:227 ThreadMain] pthread_setaffinity_np failed for thread: 2082490, index: 15, mask: {16, }, error code: 22 error msg: Invalid argument. Specify the number of threads explicitly so the affinity is not set.[m
[serve] [1;31m2026-07-21 09:50:04.039843205 [E:onnxruntime:Default, env.cc:227 ThreadMain] pthread_setaffinity_np failed for thread: 2082433, index: 85, mask: {86, }, error code: 22 error msg: Invalid argument. Specify the number of threads explicitly so the affinity is not set.[m
[serve] [1;31m2026-07-21 09:50:04.041848923 [E:onnxruntime:Default, env.cc:227 ThreadMain] pthread_setaffinity_np failed for thread: 2082494, index: 19, mask: {20, }, error code: 22 error msg: Invalid argument. Specify the number of threads explicitly so the affinity is not set.[m
[serve] [1;31m2026-07-21 09:50:04.042793158 [E:onnxruntime:Default, env.cc:227 ThreadMain] pthread_setaffinity_np failed for thread: 2082550, index: 75, mask: {76, }, error code: 22 error msg: Invalid argument. Specify the number of threads explicitly so the affinity is not set.[m
[serve] [1;31m2026-07-21 09:50:04.042864832 [E:onnxruntime:Default, env.cc:227 ThreadMain] pthread_setaffinity_np failed for thread: 2082573, index: 98, mask: {99, }, error code: 22 error msg: Invalid argument. Specify the number of threads explicitly so the affinity is not set.[m
[serve] [1;31m2026-07-21 09:50:04.042925696 [E:onnxruntime:Default, env.cc:227 ThreadMain] pthread_setaffinity_np failed for thread: 2082619, index: 17, mask: {18, }, error code: 22 error msg: Invalid argument. Specify the number of threads explicitly so the affinity is not set.[m
[serve] [1;31m2026-07-21 09:50:04.042934723 [E:onnxruntime:Default, env.cc:227 ThreadMain] pthread_setaffinity_np failed for thread: 2082626, index: 24, mask: {25, }, error code: 22 error msg: Invalid argument. Specify the number of threads explicitly so the affinity is not set.[m
[serve] [1;31m2026-07-21 09:50:04.043850253 [E:onnxruntime:Default, env.cc:227 ThreadMain] pthread_setaffinity_np failed for thread: 2082436, index: 88, mask: {89, }, error code: 22 error msg: Invalid argument. Specify the number of threads explicitly so the affinity is not set.[m
[serve] [1;31m2026-07-21 09:50:04.043930854 [E:onnxruntime:Default, env.cc:227 ThreadMain] pthread_setaffinity_np failed for thread: 2082440, index: 92, mask: {93, }, error code: 22 error msg: Invalid argument. Specify the number of threads explicitly so the affinity is not set.[m
[serve] [1;31m2026-07-21 09:50:04.043949238 [E:onnxruntime:Default, env.cc:227 ThreadMain] pthread_setaffinity_np failed for thread: 2082446, index: 98, mask: {99, }, error code: 22 error msg: Invalid argument. Specify the number of threads explicitly so the affinity is not set.[m
[serve] [1;31m2026-07-21 09:50:04.002019798 [E:onnxruntime:Default, env.cc:227 ThreadMain] pthread_setaffinity_np failed for thread: 516758, index: 100, mask: {101, }, error code: 22 error msg: Invalid argument. Specify the number of threads explicitly so the affinity is not set.[m
[serve] [1;31m2026-07-21 09:50:04.006966378 [E:onnxruntime:Default, env.cc:227 ThreadMain] pthread_setaffinity_np failed for thread: 516735, index: 77, mask: {78, }, error code: 22 error msg: Invalid argument. Specify the number of threads explicitly so the affinity is not set.[m
[serve] [1;31m2026-07-21 09:50:04.011963423 [E:onnxruntime:Default, env.cc:227 ThreadMain] pthread_setaffinity_np failed for thread: 516774, index: 116, mask: {117, }, error code: 22 error msg: Invalid argument. Specify the number of threads explicitly so the affinity is not set.[m
[serve] [1;31m2026-07-21 09:50:04.023971372 [E:onnxruntime:Default, env.cc:227 ThreadMain] pthread_setaffinity_np failed for thread: 516753, index: 95, mask: {96, }, error code: 22 error msg: Invalid argument. Specify the number of threads explicitly so the affinity is not set.[m
[serve] [1;31m2026-07-21 09:50:04.009972027 [E:onnxruntime:Default, env.cc:227 ThreadMain] pthread_setaffinity_np failed for thread: 516718, index: 60, mask: {61, }, error code: 22 error msg: Invalid argument. Specify the number of threads explicitly so the affinity is not set.[m
[serve] [1;31m2026-07-21 09:50:04.041010549 [E:onnxruntime:Default, env.cc:227 ThreadMain] pthread_setaffinity_np failed for thread: 516756, index: 98, mask: {99, }, error code: 22 error msg: Invalid argument. Specify the number of threads explicitly so the affinity is not set.[m
[serve] [1;31m2026-07-21 09:50:04.009979221 [E:onnxruntime:Default, env.cc:227 ThreadMain] pthread_setaffinity_np failed for thread: 516748, index: 90, mask: {91, }, error code: 22 error msg: Invalid argument. Specify the number of threads explicitly so the affinity is not set.[m
[serve] [1;31m2026-07-21 09:50:04.011978361 [E:onnxruntime:Default, env.cc:227 ThreadMain] pthread_setaffinity_np failed for thread: 516781, index: 123, mask: {124, }, error code: 22 error msg: Invalid argument. Specify the number of threads explicitly so the affinity is not set.[m
[serve] [1;31m2026-07-21 09:50:04.021964046 [E:onnxruntime:Default, env.cc:227 ThreadMain] pthread_setaffinity_np failed for thread: 516779, index: 121, mask: {122, }, error code: 22 error msg: Invalid argument. Specify the number of threads explicitly so the affinity is not set.[m
[serve] [1;31m2026-07-21 09:50:04.009986875 [E:onnxruntime:Default, env.cc:227 ThreadMain] pthread_setaffinity_np failed for thread: 516757, index: 99, mask: {100, }, error code: 22 error msg: Invalid argument. Specify the number of threads explicitly so the affinity is not set.[m
[serve] [1;31m2026-07-21 09:50:04.009992956 [E:onnxruntime:Default, env.cc:227 ThreadMain] pthread_setaffinity_np failed for thread: 516709, index: 51, mask: {52, }, error code: 22 error msg: Invalid argument. Specify the number of threads explicitly so the affinity is not set.[m
[serve] [1;31m2026-07-21 09:50:04.002026480 [E:onnxruntime:Default, env.cc:227 ThreadMain] pthread_setaffinity_np failed for thread: 516764, index: 106, mask: {107, }, error code: 22 error msg: Invalid argument. Specify the number of threads explicitly so the affinity is not set.[m
[serve] [1;31m2026-07-21 09:50:04.011971338 [E:onnxruntime:Default, env.cc:227 ThreadMain] pthread_setaffinity_np failed for thread: 516777, index: 119, mask: {120, }, error code: 22 error msg: Invalid argument. Specify the number of threads explicitly so the affinity is not set.[m
[serve] [1;31m2026-07-21 09:50:04.005985608 [E:onnxruntime:Default, env.cc:227 ThreadMain] pthread_setaffinity_np failed for thread: 516699, index: 41, mask: {42, }, error code: 22 error msg: Invalid argument. Specify the number of threads explicitly so the affinity is not set.[m
[serve] [1;31m2026-07-21 09:50:04.002032602 [E:onnxruntime:Default, env.cc:227 ThreadMain] pthread_setaffinity_np failed for thread: 516746, index: 88, mask: {89, }, error code: 22 error msg: Invalid argument. Specify the number of threads explicitly so the affinity is not set.[m
[serve] [1;31m2026-07-21 09:50:04.050865844 [E:onnxruntime:Default, env.cc:227 ThreadMain] pthread_setaffinity_np failed for thread: 2082574, index: 99, mask: {100, }, error code: 22 error msg: Invalid argument. Specify the number of threads explicitly so the affinity is not set.[m
[serve] [1;31m2026-07-21 09:50:04.051856115 [E:onnxruntime:Default, env.cc:227 ThreadMain] pthread_setaffinity_np failed for thread: 2082554, index: 79, mask: {80, }, error code: 22 error msg: Invalid argument. Specify the number of threads explicitly so the affinity is not set.[m
[serve] [1;31m2026-07-21 09:50:04.005995336 [E:onnxruntime:Default, env.cc:227 ThreadMain] pthread_setaffinity_np failed for thread: 516766, index: 108, mask: {109, }, error code: 22 error msg: Invalid argument. Specify the number of threads explicitly so the affinity is not set.[m
[serve] [1;31m2026-07-21 09:50:04.009964373 [E:onnxruntime:Default, env.cc:227 ThreadMain] pthread_setaffinity_np failed for thread: 516705, index: 47, mask: {48, }, error code: 22 error msg: Invalid argument. Specify the number of threads explicitly so the affinity is not set.[m
[serve] [1;31m2026-07-21 09:50:04.005976231 [E:onnxruntime:Default, env.cc:227 ThreadMain] pthread_setaffinity_np failed for thread: 516730, index: 72, mask: {73, }, error code: 22 error msg: Invalid argument. Specify the number of threads explicitly so the affinity is not set.[m
[serve] [1;31m2026-07-21 09:50:04.055847414 [E:onnxruntime:Default, env.cc:227 ThreadMain] pthread_setaffinity_np failed for thread: 2082503, index: 28, mask: {29, }, error code: 22 error msg: Invalid argument. Specify the number of threads explicitly so the affinity is not set.[m
[serve] [1;31m2026-07-21 09:50:04.055855860 [E:onnxruntime:Default, env.cc:227 ThreadMain] pthread_setaffinity_np failed for thread: 2082639, index: 37, mask: {38, }, error code: 22 error msg: Invalid argument. Specify the number of threads explicitly so the affinity is not set.[m
[serve] [1;31m2026-07-21 09:50:04.044011896 [E:onnxruntime:Default, env.cc:227 ThreadMain] pthread_setaffinity_np failed for thread: 2082447, index: 99, mask: {100, }, error code: 22 error msg: Invalid argument. Specify the number of threads explicitly so the affinity is not set.[m
[serve] [1;31m2026-07-21 09:50:04.050857839 [E:onnxruntime:Default, env.cc:227 ThreadMain] pthread_setaffinity_np failed for thread: 2082452, index: 104, mask: {105, }, error code: 22 error msg: Invalid argument. Specify the number of threads explicitly so the affinity is not set.[m
[serve] [1;31m2026-07-21 09:50:04.005965310 [E:onnxruntime:Default, env.cc:227 ThreadMain] pthread_setaffinity_np failed for thread: 516678, index: 20, mask: {21, }, error code: 22 error msg: Invalid argument. Specify the number of threads explicitly so the affinity is not set.[m
[serve] [1;31m2026-07-21 09:50:04.002026370 [E:onnxruntime:Default, env.cc:227 ThreadMain] pthread_setaffinity_np failed for thread: 516744, index: 86, mask: {87, }, error code: 22 error msg: Invalid argument. Specify the number of threads explicitly so the affinity is not set.[m
[serve] [1;31m2026-07-21 09:50:04.059845766 [E:onnxruntime:Default, env.cc:227 ThreadMain] pthread_setaffinity_np failed for thread: 2082453, index: 105, mask: {106, }, error code: 22 error msg: Invalid argument. Specify the number of threads explicitly so the affinity is not set.[m
[serve] [1;31m2026-07-21 09:50:04.060338537 [E:onnxruntime:Default, env.cc:227 ThreadMain] pthread_setaffinity_np failed for thread: 2082630, index: 28, mask: {29, }, error code: 22 error msg: Invalid argument. Specify the number of threads explicitly so the affinity is not set.[m
[serve] [1;31m2026-07-21 09:50:04.060853530 [E:onnxruntime:Default, env.cc:227 ThreadMain] pthread_setaffinity_np failed for thread: 2082454, index: 106, mask: {107, }, error code: 22 error msg: Invalid argument. Specify the number of threads explicitly so the affinity is not set.[m
[serve] [1;31m2026-07-21 09:50:04.060872295 [E:onnxruntime:Default, env.cc:227 ThreadMain] pthread_setaffinity_np failed for thread: 2082456, index: 108, mask: {109, }, error code: 22 error msg: Invalid argument. Specify the number of threads explicitly so the affinity is not set.[m
[serve] [1;31m2026-07-21 09:50:04.002020930 [E:onnxruntime:Default, env.cc:227 ThreadMain] pthread_setaffinity_np failed for thread: 516762, index: 104, mask: {105, }, error code: 22 error msg: Invalid argument. Specify the number of threads explicitly so the affinity is not set.[m
[serve] [1;31m2026-07-21 09:50:04.063854578 [E:onnxruntime:Default, env.cc:227 ThreadMain] pthread_setaffinity_np failed for thread: 2082457, index: 109, mask: {110, }, error code: 22 error msg: Invalid argument. Specify the number of threads explicitly so the affinity is not set.[m
[serve] [1;31m2026-07-21 09:50:04.064844759 [E:onnxruntime:Default, env.cc:227 ThreadMain] pthread_setaffinity_np failed for thread: 2082575, index: 100, mask: {101, }, error code: 22 error msg: Invalid argument. Specify the number of threads explicitly so the affinity is not set.[m
[serve] [1;31m2026-07-21 09:50:04.002017774 [E:onnxruntime:Default, env.cc:227 ThreadMain] pthread_setaffinity_np failed for thread: 516773, index: 115, mask: {116, }, error code: 22 error msg: Invalid argument. Specify the number of threads explicitly so the affinity is not set.[m
[serve] [1;31m2026-07-21 09:50:04.071841775 [E:onnxruntime:Default, env.cc:227 ThreadMain] pthread_setaffinity_np failed for thread: 2082525, index: 50, mask: {51, }, error code: 22 error msg: Invalid argument. Specify the number of threads explicitly so the affinity is not set.[m
[serve] [1;31m2026-07-21 09:50:04.072870738 [E:onnxruntime:Default, env.cc:227 ThreadMain] pthread_setaffinity_np failed for thread: 2082645, index: 43, mask: {44, }, error code: 22 error msg: Invalid argument. Specify the number of threads explicitly so the affinity is not set.[m
[serve] [1;31m2026-07-21 09:50:04.072914500 [E:onnxruntime:Default, env.cc:227 ThreadMain] pthread_setaffinity_np failed for thread: 2082465, index: 117, mask: {118, }, error code: 22 error msg: Invalid argument. Specify the number of threads explicitly so the affinity is not set.[m
[serve] [1;31m2026-07-21 09:50:04.072957941 [E:onnxruntime:Default, env.cc:227 ThreadMain] pthread_setaffinity_np failed for thread: 2082636, index: 34, mask: {35, }, error code: 22 error msg: Invalid argument. Specify the number of threads explicitly so the affinity is not set.[m
[serve] [1;31m2026-07-21 09:50:04.073891345 [E:onnxruntime:Default, env.cc:227 ThreadMain] pthread_setaffinity_np failed for thread: 2082469, index: 121, mask: {122, }, error code: 22 error msg: Invalid argument. Specify the number of threads explicitly so the affinity is not set.[m
[serve] [1;31m2026-07-21 09:50:04.074851860 [E:onnxruntime:Default, env.cc:227 ThreadMain] pthread_setaffinity_np failed for thread: 2082470, index: 122, mask: {123, }, error code: 22 error msg: Invalid argument. Specify the number of threads explicitly so the affinity is not set.[m
[serve] [1;31m2026-07-21 09:50:04.078846836 [E:onnxruntime:Default, env.cc:227 ThreadMain] pthread_setaffinity_np failed for thread: 2082587, index: 112, mask: {113, }, error code: 22 error msg: Invalid argument. Specify the number of threads explicitly so the affinity is not set.[m
[serve] [1;31m2026-07-21 09:50:04.078854260 [E:onnxruntime:Default, env.cc:227 ThreadMain] pthread_setaffinity_np failed for thread: 2082511, index: 36, mask: {37, }, error code: 22 error msg: Invalid argument. Specify the number of threads explicitly so the affinity is not set.[m
[serve] [1;31m2026-07-21 09:50:04.080839971 [E:onnxruntime:Default, env.cc:227 ThreadMain] pthread_setaffinity_np failed for thread: 2082529, index: 54, mask: {55, }, error code: 22 error msg: Invalid argument. Specify the number of threads explicitly so the affinity is not set.[m
[serve] [1;31m2026-07-21 09:50:04.083842963 [E:onnxruntime:Default, env.cc:227 ThreadMain] pthread_setaffinity_np failed for thread: 2082474, index: 126, mask: {127, }, error code: 22 error msg: Invalid argument. Specify the number of threads explicitly so the affinity is not set.[m
[serve] [1;31m2026-07-21 09:50:04.085865533 [E:onnxruntime:Default, env.cc:227 ThreadMain] pthread_setaffinity_np failed for thread: 2082640, index: 38, mask: {39, }, error code: 22 error msg: Invalid argument. Specify the number of threads explicitly so the affinity is not set.[m
[serve] [1;31m2026-07-21 09:50:04.093884349 [E:onnxruntime:Default, env.cc:227 ThreadMain] pthread_setaffinity_np failed for thread: 2082583, index: 108, mask: {109, }, error code: 22 error msg: Invalid argument. Specify the number of threads explicitly so the affinity is not set.[m
[serve] [1;31m2026-07-21 09:50:03.997849706 [E:onnxruntime:Default, env.cc:227 ThreadMain] pthread_setaffinity_np failed for thread: 2082411, index: 63, mask: {64, }, error code: 22 error msg: Invalid argument. Specify the number of threads explicitly so the affinity is not set.[m
[serve] [1;31m2026-07-21 09:50:03.972881254 [E:onnxruntime:Default, env.cc:227 ThreadMain] pthread_setaffinity_np failed for thread: 2082458, index: 110, mask: {111, }, error code: 22 error msg: Invalid argument. Specify the number of threads explicitly so the affinity is not set.[m
[serve] [1;31m2026-07-21 09:50:04.098847113 [E:onnxruntime:Default, env.cc:227 ThreadMain] pthread_setaffinity_np failed for thread: 2082595, index: 120, mask: {121, }, error code: 22 error msg: Invalid argument. Specify the number of threads explicitly so the affinity is not set.[m
[serve] [1;31m2026-07-21 09:50:04.085920586 [E:onnxruntime:Default, env.cc:227 ThreadMain] pthread_setaffinity_np failed for thread: 2082655, index: 53, mask: {54, }, error code: 22 error msg: Invalid argument. Specify the number of threads explicitly so the affinity is not set.[m
[serve] [1;31m2026-07-21 09:50:04.094850084 [E:onnxruntime:Default, env.cc:227 ThreadMain] pthread_setaffinity_np failed for thread: 2082657, index: 55, mask: {56, }, error code: 22 error msg: Invalid argument. Specify the number of threads explicitly so the affinity is not set.[m
[serve] [1;31m2026-07-21 09:50:04.101886794 [E:onnxruntime:Default, env.cc:227 ThreadMain] pthread_setaffinity_np failed for thread: 2082668, index: 66, mask: {67, }, error code: 22 error msg: Invalid argument. Specify the number of threads explicitly so the affinity is not set.[m
[serve] [1;31m2026-07-21 09:50:04.091026007 [E:onnxruntime:Default, env.cc:227 ThreadMain] pthread_setaffinity_np failed for thread: 2082365, index: 17, mask: {18, }, error code: 22 error msg: Invalid argument. Specify the number of threads explicitly so the affinity is not set.[m
[serve] [1;31m2026-07-21 09:50:04.095909604 [E:onnxruntime:Default, env.cc:227 ThreadMain] pthread_setaffinity_np failed for thread: 2082409, index: 61, mask: {62, }, error code: 22 error msg: Invalid argument. Specify the number of threads explicitly so the affinity is not set.[m
[serve] [1;31m2026-07-21 09:50:03.981845246 [E:onnxruntime:Default, env.cc:227 ThreadMain] pthread_setaffinity_np failed for thread: 2082442, index: 94, mask: {95, }, error code: 22 error msg: Invalid argument. Specify the number of threads explicitly so the affinity is not set.[m
[serve] [1;31m2026-07-21 09:50:04.103846877 [E:onnxruntime:Default, env.cc:227 ThreadMain] pthread_setaffinity_np failed for thread: 2082541, index: 66, mask: {67, }, error code: 22 error msg: Invalid argument. Specify the number of threads explicitly so the affinity is not set.[m
[serve] [1;31m2026-07-21 09:50:04.105759161 [E:onnxruntime:Default, env.cc:227 ThreadMain] pthread_setaffinity_np failed for thread: 2082455, index: 107, mask: {108, }, error code: 22 error msg: Invalid argument. Specify the number of threads explicitly so the affinity is not set.[m
[serve] [1;31m2026-07-21 09:50:04.105790109 [E:onnxruntime:Default, env.cc:227 ThreadMain] pthread_setaffinity_np failed for thread: 2082386, index: 38, mask: {39, }, error code: 22 error msg: Invalid argument. Specify the number of threads explicitly so the affinity is not set.[m
[serve] [1;31m2026-07-21 09:50:04.110855896 [E:onnxruntime:Default, env.cc:227 ThreadMain] pthread_setaffinity_np failed for thread: 2082675, index: 73, mask: {74, }, error code: 22 error msg: Invalid argument. Specify the number of threads explicitly so the affinity is not set.[m
[serve] [1;31m2026-07-21 09:50:04.110895330 [E:onnxruntime:Default, env.cc:227 ThreadMain] pthread_setaffinity_np failed for thread: 2082677, index: 75, mask: {76, }, error code: 22 error msg: Invalid argument. Specify the number of threads explicitly so the affinity is not set.[m
[serve] [1;31m2026-07-21 09:50:04.112850413 [E:onnxruntime:Default, env.cc:227 ThreadMain] pthread_setaffinity_np failed for thread: 2082444, index: 96, mask: {97, }, error code: 22 error msg: Invalid argument. Specify the number of threads explicitly so the affinity is not set.[m
[serve] [1;31m2026-07-21 09:50:04.112864940 [E:onnxruntime:Default, env.cc:227 ThreadMain] pthread_setaffinity_np failed for thread: 2082596, index: 121, mask: {122, }, error code: 22 error msg: Invalid argument. Specify the number of threads explicitly so the affinity is not set.[m
[serve] [1;31m2026-07-21 09:50:04.113891158 [E:onnxruntime:Default, env.cc:227 ThreadMain] pthread_setaffinity_np failed for thread: 2082406, index: 58, mask: {59, }, error code: 22 error msg: Invalid argument. Specify the number of threads explicitly so the affinity is not set.[m
[serve] [1;31m2026-07-21 09:50:04.117850177 [E:onnxruntime:Default, env.cc:227 ThreadMain] pthread_setaffinity_np failed for thread: 2082498, index: 23, mask: {24, }, error code: 22 error msg: Invalid argument. Specify the number of threads explicitly so the affinity is not set.[m
[serve] [1;31m2026-07-21 09:50:04.117980521 [E:onnxruntime:Default, env.cc:227 ThreadMain] pthread_setaffinity_np failed for thread: 2082681, index: 79, mask: {80, }, error code: 22 error msg: Invalid argument. Specify the number of threads explicitly so the affinity is not set.[m
[serve] [1;31m2026-07-21 09:50:04.118095956 [E:onnxruntime:Default, env.cc:227 ThreadMain] pthread_setaffinity_np failed for thread: 2082687, index: 85, mask: {86, }, error code: 22 error msg: Invalid argument. Specify the number of threads explicitly so the affinity is not set.[m
[serve] [1;31m2026-07-21 09:50:04.121848960 [E:onnxruntime:Default, env.cc:227 ThreadMain] pthread_setaffinity_np failed for thread: 2082504, index: 29, mask: {30, }, error code: 22 error msg: Invalid argument. Specify the number of threads explicitly so the affinity is not set.[m
[serve] [1;31m2026-07-21 09:50:03.981883728 [E:onnxruntime:Default, env.cc:227 ThreadMain] pthread_setaffinity_np failed for thread: 2082592, index: 117, mask: {118, }, error code: 22 error msg: Invalid argument. Specify the number of threads explicitly so the affinity is not set.[m
[serve] [1;31m2026-07-21 09:50:03.993840093 [E:onnxruntime:Default, env.cc:227 ThreadMain] pthread_setaffinity_np failed for thread: 2082499, index: 24, mask: {25, }, error code: 22 error msg: Invalid argument. Specify the number of threads explicitly so the affinity is not set.[m
[serve] [1;31m2026-07-21 09:50:04.093847840 [E:onnxruntime:Default, env.cc:227 ThreadMain] pthread_setaffinity_np failed for thread: 2082510, index: 35, mask: {36, }, error code: 22 error msg: Invalid argument. Specify the number of threads explicitly so the affinity is not set.[m
[serve] [1;31m2026-07-21 09:50:04.007850857 [E:onnxruntime:Default, env.cc:227 ThreadMain] pthread_setaffinity_np failed for thread: 2082579, index: 104, mask: {105, }, error code: 22 error msg: Invalid argument. Specify the number of threads explicitly so the affinity is not set.[m
[serve] [1;31m2026-07-21 09:50:04.020844590 [E:onnxruntime:Default, env.cc:227 ThreadMain] pthread_setaffinity_np failed for thread: 2082543, index: 68, mask: {69, }, error code: 22 error msg: Invalid argument. Specify the number of threads explicitly so the affinity is not set.[m
[serve] [1;31m2026-07-21 09:50:03.993888794 [E:onnxruntime:Default, env.cc:227 ThreadMain] pthread_setaffinity_np failed for thread: 2082553, index: 78, mask: {79, }, error code: 22 error msg: Invalid argument. Specify the number of threads explicitly so the affinity is not set.[m
[serve] [1;31m2026-07-21 09:50:04.122416451 [E:onnxruntime:Default, env.cc:227 ThreadMain] pthread_setaffinity_np failed for thread: 2082445, index: 97, mask: {98, }, error code: 22 error msg: Invalid argument. Specify the number of threads explicitly so the affinity is not set.[m
[serve] [1;31m2026-07-21 09:50:04.125046776 [E:onnxruntime:Default, env.cc:227 ThreadMain] pthread_setaffinity_np failed for thread: 2082413, index: 65, mask: {66, }, error code: 22 error msg: Invalid argument. Specify the number of threads explicitly so the affinity is not set.[m
[serve] [1;31m2026-07-21 09:50:04.125054731 [E:onnxruntime:Default, env.cc:227 ThreadMain] pthread_setaffinity_np failed for thread: 2082431, index: 83, mask: {84, }, error code: 22 error msg: Invalid argument. Specify the number of threads explicitly so the affinity is not set.[m
[serve] [1;31m2026-07-21 09:50:04.093857859 [E:onnxruntime:Default, env.cc:227 ThreadMain] pthread_setaffinity_np failed for thread: 2082570, index: 95, mask: {96, }, error code: 22 error msg: Invalid argument. Specify the number of threads explicitly so the affinity is not set.[m
[serve] [1;31m2026-07-21 09:50:04.042849964 [E:onnxruntime:Default, env.cc:227 ThreadMain] pthread_setaffinity_np failed for thread: 2082590, index: 115, mask: {116, }, error code: 22 error msg: Invalid argument. Specify the number of threads explicitly so the affinity is not set.[m
[serve] [1;31m2026-07-21 09:50:04.093869902 [E:onnxruntime:Default, env.cc:227 ThreadMain] pthread_setaffinity_np failed for thread: 2082547, index: 72, mask: {73, }, error code: 22 error msg: Invalid argument. Specify the number of threads explicitly so the affinity is not set.[m
[serve] [1;31m2026-07-21 09:50:03.993869438 [E:onnxruntime:Default, env.cc:227 ThreadMain] pthread_setaffinity_np failed for thread: 2082584, index: 109, mask: {110, }, error code: 22 error msg: Invalid argument. Specify the number of threads explicitly so the affinity is not set.[m
[serve] [1;31m2026-07-21 09:50:04.124943684 [E:onnxruntime:Default, env.cc:227 ThreadMain] pthread_setaffinity_np failed for thread: 2082598, index: 123, mask: {124, }, error code: 22 error msg: Invalid argument. Specify the number of threads explicitly so the affinity is not set.[m
[serve] [1;31m2026-07-21 09:50:04.112849932 [E:onnxruntime:Default, env.cc:227 ThreadMain] pthread_setaffinity_np failed for thread: 2082568, index: 93, mask: {94, }, error code: 22 error msg: Invalid argument. Specify the number of threads explicitly so the affinity is not set.[m
[serve] [1;31m2026-07-21 09:50:04.133839438 [E:onnxruntime:Default, env.cc:227 ThreadMain] pthread_setaffinity_np failed for thread: 2082588, index: 113, mask: {114, }, error code: 22 error msg: Invalid argument. Specify the number of threads explicitly so the affinity is not set.[m
[serve] [1;31m2026-07-21 09:50:04.133861389 [E:onnxruntime:Default, env.cc:227 ThreadMain] pthread_setaffinity_np failed for thread: 2082415, index: 67, mask: {68, }, error code: 22 error msg: Invalid argument. Specify the number of threads explicitly so the affinity is not set.[m
[serve] [1;31m2026-07-21 09:50:04.012842245 [E:onnxruntime:Default, env.cc:227 ThreadMain] pthread_setaffinity_np failed for thread: 2082612, index: 10, mask: {11, }, error code: 22 error msg: Invalid argument. Specify the number of threads explicitly so the affinity is not set.[m
[serve] [1;31m2026-07-21 09:50:04.072840552 [E:onnxruntime:Default, env.cc:227 ThreadMain] pthread_setaffinity_np failed for thread: 2082641, index: 39, mask: {40, }, error code: 22 error msg: Invalid argument. Specify the number of threads explicitly so the affinity is not set.[m
[serve] [1;31m2026-07-21 09:50:04.021844128 [E:onnxruntime:Default, env.cc:227 ThreadMain] pthread_setaffinity_np failed for thread: 2082620, index: 18, mask: {19, }, error code: 22 error msg: Invalid argument. Specify the number of threads explicitly so the affinity is not set.[m
[serve] [1;31m2026-07-21 09:50:04.101849915 [E:onnxruntime:Default, env.cc:227 ThreadMain] pthread_setaffinity_np failed for thread: 2082659, index: 57, mask: {58, }, error code: 22 error msg: Invalid argument. Specify the number of threads explicitly so the affinity is not set.[m
[serve] [1;31m2026-07-21 09:50:04.021872000 [E:onnxruntime:Default, env.cc:227 ThreadMain] pthread_setaffinity_np failed for thread: 2082622, index: 20, mask: {21, }, error code: 22 error msg: Invalid argument. Specify the number of threads explicitly so the affinity is not set.[m
[serve] [1;31m2026-07-21 09:50:04.042915998 [E:onnxruntime:Default, env.cc:227 ThreadMain] pthread_setaffinity_np failed for thread: 2082624, index: 22, mask: {23, }, error code: 22 error msg: Invalid argument. Specify the number of threads explicitly so the affinity is not set.[m
[serve] [1;31m2026-07-21 09:50:04.085852709 [E:onnxruntime:Default, env.cc:227 ThreadMain] pthread_setaffinity_np failed for thread: 2082638, index: 36, mask: {37, }, error code: 22 error msg: Invalid argument. Specify the number of threads explicitly so the affinity is not set.[m
[serve] [1;31m2026-07-21 09:50:04.136841929 [E:onnxruntime:Default, env.cc:227 ThreadMain] pthread_setaffinity_np failed for thread: 2082600, index: 125, mask: {126, }, error code: 22 error msg: Invalid argument. Specify the number of threads explicitly so the affinity is not set.[m
[serve] [1;31m2026-07-21 09:50:04.141843647 [E:onnxruntime:Default, env.cc:227 ThreadMain] pthread_setaffinity_np failed for thread: 2082506, index: 31, mask: {32, }, error code: 22 error msg: Invalid argument. Specify the number of threads explicitly so the affinity is not set.[m
[serve] [1;31m2026-07-21 09:50:04.145856646 [E:onnxruntime:Default, env.cc:227 ThreadMain] pthread_setaffinity_np failed for thread: 2082560, index: 85, mask: {86, }, error code: 22 error msg: Invalid argument. Specify the number of threads explicitly so the affinity is not set.[m
[serve] [1;31m2026-07-21 09:50:04.146871112 [E:onnxruntime:Default, env.cc:227 ThreadMain] pthread_setaffinity_np failed for thread: 2082410, index: 62, mask: {63, }, error code: 22 error msg: Invalid argument. Specify the number of threads explicitly so the affinity is not set.[m
[serve] [1;31m2026-07-21 09:50:04.147501881 [E:onnxruntime:Default, env.cc:227 ThreadMain] pthread_setaffinity_np failed for thread: 2082408, index: 60, mask: {61, }, error code: 22 error msg: Invalid argument. Specify the number of threads explicitly so the affinity is not set.[m
[serve] [1;31m2026-07-21 09:50:04.147551013 [E:onnxruntime:Default, env.cc:227 ThreadMain] pthread_setaffinity_np failed for thread: 2082388, index: 40, mask: {41, }, error code: 22 error msg: Invalid argument. Specify the number of threads explicitly so the affinity is not set.[m
[serve] [1;31m2026-07-21 09:50:04.021855248 [E:onnxruntime:Default, env.cc:227 ThreadMain] pthread_setaffinity_np failed for thread: 2082613, index: 11, mask: {12, }, error code: 22 error msg: Invalid argument. Specify the number of threads explicitly so the affinity is not set.[m
[serve] [1;31m2026-07-21 09:50:04.110842641 [E:onnxruntime:Default, env.cc:227 ThreadMain] pthread_setaffinity_np failed for thread: 2082671, index: 69, mask: {70, }, error code: 22 error msg: Invalid argument. Specify the number of threads explicitly so the affinity is not set.[m
[serve] [1;31m2026-07-21 09:50:04.118072252 [E:onnxruntime:Default, env.cc:227 ThreadMain] pthread_setaffinity_np failed for thread: 2082685, index: 83, mask: {84, }, error code: 22 error msg: Invalid argument. Specify the number of threads explicitly so the affinity is not set.[m
[serve] [1;31m2026-07-21 09:50:04.055841463 [E:onnxruntime:Default, env.cc:227 ThreadMain] pthread_setaffinity_np failed for thread: 2082637, index: 35, mask: {36, }, error code: 22 error msg: Invalid argument. Specify the number of threads explicitly so the affinity is not set.[m
[serve] [1;31m2026-07-21 09:50:04.085875892 [E:onnxruntime:Default, env.cc:227 ThreadMain] pthread_setaffinity_np failed for thread: 2082642, index: 40, mask: {41, }, error code: 22 error msg: Invalid argument. Specify the number of threads explicitly so the affinity is not set.[m
[serve] [1;31m2026-07-21 09:50:04.101875393 [E:onnxruntime:Default, env.cc:227 ThreadMain] pthread_setaffinity_np failed for thread: 2082665, index: 63, mask: {64, }, error code: 22 error msg: Invalid argument. Specify the number of threads explicitly so the affinity is not set.[m
[serve] [1;31m2026-07-21 09:50:04.072946520 [E:onnxruntime:Default, env.cc:227 ThreadMain] pthread_setaffinity_np failed for thread: 2082634, index: 32, mask: {33, }, error code: 22 error msg: Invalid argument. Specify the number of threads explicitly so the affinity is not set.[m
[serve] [1;31m2026-07-21 09:50:04.118055371 [E:onnxruntime:Default, env.cc:227 ThreadMain] pthread_setaffinity_np failed for thread: 2082683, index: 81, mask: {82, }, error code: 22 error msg: Invalid argument. Specify the number of threads explicitly so the affinity is not set.[m
[serve] [1;31m2026-07-21 09:50:04.126844005 [E:onnxruntime:Default, env.cc:227 ThreadMain] pthread_setaffinity_np failed for thread: 2082688, index: 86, mask: {87, }, error code: 22 error msg: Invalid argument. Specify the number of threads explicitly so the affinity is not set.[m
[serve] [1;31m2026-07-21 09:50:04.101859674 [E:onnxruntime:Default, env.cc:227 ThreadMain] pthread_setaffinity_np failed for thread: 2082661, index: 59, mask: {60, }, error code: 22 error msg: Invalid argument. Specify the number of threads explicitly so the affinity is not set.[m
[serve] [1;31m2026-07-21 09:50:04.149842485 [E:onnxruntime:Default, env.cc:227 ThreadMain] pthread_setaffinity_np failed for thread: 2082601, index: 126, mask: {127, }, error code: 22 error msg: Invalid argument. Specify the number of threads explicitly so the affinity is not set.[m
[serve] [1;31m2026-07-21 09:50:04.150070652 [E:onnxruntime:Default, env.cc:227 ThreadMain] pthread_setaffinity_np failed for thread: 2082379, index: 31, mask: {32, }, error code: 22 error msg: Invalid argument. Specify the number of threads explicitly so the affinity is not set.[m
[serve] [1;31m2026-07-21 09:50:04.151098703 [E:onnxruntime:Default, env.cc:227 ThreadMain] pthread_setaffinity_np failed for thread: 2082400, index: 52, mask: {53, }, error code: 22 error msg: Invalid argument. Specify the number of threads explicitly so the affinity is not set.[m
[serve] [1;31m2026-07-21 09:50:04.151138547 [E:onnxruntime:Default, env.cc:227 ThreadMain] pthread_setaffinity_np failed for thread: 2082384, index: 36, mask: {37, }, error code: 22 error msg: Invalid argument. Specify the number of threads explicitly so the affinity is not set.[m
[serve] [1;31m2026-07-21 09:50:04.135847030 [E:onnxruntime:Default, env.cc:227 ThreadMain] pthread_setaffinity_np failed for thread: 2082656, index: 54, mask: {55, }, error code: 22 error msg: Invalid argument. Specify the number of threads explicitly so the affinity is not set.[m
[serve] [1;31m2026-07-21 09:50:04.153847099 [E:onnxruntime:Default, env.cc:227 ThreadMain] pthread_setaffinity_np failed for thread: 2082501, index: 26, mask: {27, }, error code: 22 error msg: Invalid argument. Specify the number of threads explicitly so the affinity is not set.[m
[serve] [1;31m2026-07-21 09:50:04.154894466 [E:onnxruntime:Default, env.cc:227 ThreadMain] pthread_setaffinity_np failed for thread: 2082662, index: 60, mask: {61, }, error code: 22 error msg: Invalid argument. Specify the number of threads explicitly so the affinity is not set.[m
[serve] [1;31m2026-07-21 09:50:04.157840402 [E:onnxruntime:Default, env.cc:227 ThreadMain] pthread_setaffinity_np failed for thread: 2082509, index: 34, mask: {35, }, error code: 22 error msg: Invalid argument. Specify the number of threads explicitly so the affinity is not set.[m
[serve] [1;31m2026-07-21 09:50:04.152078534 [E:onnxruntime:Default, env.cc:227 ThreadMain] pthread_setaffinity_np failed for thread: 2082390, index: 42, mask: {43, }, error code: 22 error msg: Invalid argument. Specify the number of threads explicitly so the affinity is not set.[m
[serve] [1;31m2026-07-21 09:50:04.159718943 [E:onnxruntime:Default, env.cc:227 ThreadMain] pthread_setaffinity_np failed for thread: 2082385, index: 37, mask: {38, }, error code: 22 error msg: Invalid argument. Specify the number of threads explicitly so the affinity is not set.[m
[serve] [1;31m2026-07-21 09:50:04.159840029 [E:onnxruntime:Default, env.cc:227 ThreadMain] pthread_setaffinity_np failed for thread: 2082629, index: 27, mask: {28, }, error code: 22 error msg: Invalid argument. Specify the number of threads explicitly so the affinity is not set.[m
[serve] [1;31m2026-07-21 09:50:04.159846441 [E:onnxruntime:Default, env.cc:227 ThreadMain] pthread_setaffinity_np failed for thread: 2082376, index: 28, mask: {29, }, error code: 22 error msg: Invalid argument. Specify the number of threads explicitly so the affinity is not set.[m
[serve] [1;31m2026-07-21 09:50:04.161846950 [E:onnxruntime:Default, env.cc:227 ThreadMain] pthread_setaffinity_np failed for thread: 2082572, index: 97, mask: {98, }, error code: 22 error msg: Invalid argument. Specify the number of threads explicitly so the affinity is not set.[m
[serve] [1;31m2026-07-21 09:50:04.165846915 [E:onnxruntime:Default, env.cc:227 ThreadMain] pthread_setaffinity_np failed for thread: 2082577, index: 102, mask: {103, }, error code: 22 error msg: Invalid argument. Specify the number of threads explicitly so the affinity is not set.[m
[serve] [1;31m2026-07-21 09:50:04.159913506 [E:onnxruntime:Default, env.cc:227 ThreadMain] pthread_setaffinity_np failed for thread: 2082380, index: 32, mask: {33, }, error code: 22 error msg: Invalid argument. Specify the number of threads explicitly so the affinity is not set.[m
[serve] [1;31m2026-07-21 09:50:04.165844921 [E:onnxruntime:Default, env.cc:227 ThreadMain] pthread_setaffinity_np failed for thread: 2082426, index: 78, mask: {79, }, error code: 22 error msg: Invalid argument. Specify the number of threads explicitly so the affinity is not set.[m
[serve] [1;31m2026-07-21 09:50:04.165853397 [E:onnxruntime:Default, env.cc:227 ThreadMain] pthread_setaffinity_np failed for thread: 2082459, index: 111, mask: {112, }, error code: 22 error msg: Invalid argument. Specify the number of threads explicitly so the affinity is not set.[m
[serve] [1;31m2026-07-21 09:50:04.172628128 [E:onnxruntime:Default, env.cc:227 ThreadMain] pthread_setaffinity_np failed for thread: 2082460, index: 112, mask: {113, }, error code: 22 error msg: Invalid argument. Specify the number of threads explicitly so the affinity is not set.[m
[serve] [1;31m2026-07-21 09:50:04.163896119 [E:onnxruntime:Default, env.cc:227 ThreadMain] pthread_setaffinity_np failed for thread: 2082666, index: 64, mask: {65, }, error code: 22 error msg: Invalid argument. Specify the number of threads explicitly so the affinity is not set.[m
[serve] [1;31m2026-07-21 09:50:04.169843754 [E:onnxruntime:Default, env.cc:227 ThreadMain] pthread_setaffinity_np failed for thread: 2082564, index: 89, mask: {90, }, error code: 22 error msg: Invalid argument. Specify the number of threads explicitly so the affinity is not set.[m
[serve] [1;31m2026-07-21 09:50:04.173843399 [E:onnxruntime:Default, env.cc:227 ThreadMain] pthread_setaffinity_np failed for thread: 2082565, index: 90, mask: {91, }, error code: 22 error msg: Invalid argument. Specify the number of threads explicitly so the affinity is not set.[m
[serve] [1;31m2026-07-21 09:50:04.177841290 [E:onnxruntime:Default, env.cc:227 ThreadMain] pthread_setaffinity_np failed for thread: 2082566, index: 91, mask: {92, }, error code: 22 error msg: Invalid argument. Specify the number of threads explicitly so the affinity is not set.[m
[serve] [1;31m2026-07-21 09:50:04.172893664 [E:onnxruntime:Default, env.cc:227 ThreadMain] pthread_setaffinity_np failed for thread: 2082669, index: 67, mask: {68, }, error code: 22 error msg: Invalid argument. Specify the number of threads explicitly so the affinity is not set.[m
[serve] [1;31m2026-07-21 09:50:04.179858981 [E:onnxruntime:Default, env.cc:227 ThreadMain] pthread_setaffinity_np failed for thread: 2082670, index: 68, mask: {69, }, error code: 22 error msg: Invalid argument. Specify the number of threads explicitly so the affinity is not set.[m
[serve] [1;31m2026-07-21 09:50:04.181842758 [E:onnxruntime:Default, env.cc:227 ThreadMain] pthread_setaffinity_np failed for thread: 2082581, index: 106, mask: {107, }, error code: 22 error msg: Invalid argument. Specify the number of threads explicitly so the affinity is not set.[m
[serve] [1;31m2026-07-21 09:50:04.184842064 [E:onnxruntime:Default, env.cc:227 ThreadMain] pthread_setaffinity_np failed for thread: 2082672, index: 70, mask: {71, }, error code: 22 error msg: Invalid argument. Specify the number of threads explicitly so the affinity is not set.[m
[serve] [1;31m2026-07-21 09:50:04.091070390 [E:onnxruntime:Default, env.cc:227 ThreadMain] pthread_setaffinity_np failed for thread: 2082423, index: 75, mask: {76, }, error code: 22 error msg: Invalid argument. Specify the number of threads explicitly so the affinity is not set.[m
[serve] [1;31m2026-07-21 09:50:04.091066793 [E:onnxruntime:Default, env.cc:227 ThreadMain] pthread_setaffinity_np failed for thread: 2082381, index: 33, mask: {34, }, error code: 22 error msg: Invalid argument. Specify the number of threads explicitly so the affinity is not set.[m
[serve] [1;31m2026-07-21 09:50:04.095840004 [E:onnxruntime:Default, env.cc:227 ThreadMain] pthread_setaffinity_np failed for thread: 2082471, index: 123, mask: {124, }, error code: 22 error msg: Invalid argument. Specify the number of threads explicitly so the affinity is not set.[m
[serve] [1;31m2026-07-21 09:50:04.091080128 [E:onnxruntime:Default, env.cc:227 ThreadMain] pthread_setaffinity_np failed for thread: 2082434, index: 86, mask: {87, }, error code: 22 error msg: Invalid argument. Specify the number of threads explicitly so the affinity is not set.[m
[serve] [1;31m2026-07-21 09:50:04.095904164 [E:onnxruntime:Default, env.cc:227 ThreadMain] pthread_setaffinity_np failed for thread: 2082441, index: 93, mask: {94, }, error code: 22 error msg: Invalid argument. Specify the number of threads explicitly so the affinity is not set.[m
[serve] [1;31m2026-07-21 09:50:04.159834408 [E:onnxruntime:Default, env.cc:227 ThreadMain] pthread_setaffinity_np failed for thread: 2082387, index: 39, mask: {40, }, error code: 22 error msg: Invalid argument. Specify the number of threads explicitly so the affinity is not set.[m
[serve] [1;31m2026-07-21 09:50:04.185842022 [E:onnxruntime:Default, env.cc:227 ThreadMain] pthread_setaffinity_np failed for thread: 2082536, index: 61, mask: {62, }, error code: 22 error msg: Invalid argument. Specify the number of threads explicitly so the affinity is not set.[m
[serve] [1;31m2026-07-21 09:50:04.189842689 [E:onnxruntime:Default, env.cc:227 ThreadMain] pthread_setaffinity_np failed for thread: 2082540, index: 65, mask: {66, }, error code: 22 error msg: Invalid argument. Specify the number of threads explicitly so the affinity is not set.[m
[serve] [1;31m2026-07-21 09:50:04.189846376 [E:onnxruntime:Default, env.cc:227 ThreadMain] pthread_setaffinity_np failed for thread: 2082674, index: 72, mask: {73, }, error code: 22 error msg: Invalid argument. Specify the number of threads explicitly so the affinity is not set.[m
[serve] [1;31m2026-07-21 09:50:04.091079958 [E:onnxruntime:Default, env.cc:227 ThreadMain] pthread_setaffinity_np failed for thread: 2082448, index: 100, mask: {101, }, error code: 22 error msg: Invalid argument. Specify the number of threads explicitly so the affinity is not set.[m
[serve] [1;31m2026-07-21 09:50:04.091064729 [E:onnxruntime:Default, env.cc:227 ThreadMain] pthread_setaffinity_np failed for thread: 2082435, index: 87, mask: {88, }, error code: 22 error msg: Invalid argument. Specify the number of threads explicitly so the affinity is not set.[m
[serve] [1;31m2026-07-21 09:50:04.095850002 [E:onnxruntime:Default, env.cc:227 ThreadMain] pthread_setaffinity_np failed for thread: 2082439, index: 91, mask: {92, }, error code: 22 error msg: Invalid argument. Specify the number of threads explicitly so the affinity is not set.[m
[serve] [1;31m2026-07-21 09:50:04.193843255 [E:onnxruntime:Default, env.cc:227 ThreadMain] pthread_setaffinity_np failed for thread: 2082676, index: 74, mask: {75, }, error code: 22 error msg: Invalid argument. Specify the number of threads explicitly so the affinity is not set.[m
[serve] [1;31m2026-07-21 09:50:04.091073586 [E:onnxruntime:Default, env.cc:227 ThreadMain] pthread_setaffinity_np failed for thread: 2082368, index: 20, mask: {21, }, error code: 22 error msg: Invalid argument. Specify the number of threads explicitly so the affinity is not set.[m
[serve] [1;31m2026-07-21 09:50:04.091064659 [E:onnxruntime:Default, env.cc:227 ThreadMain] pthread_setaffinity_np failed for thread: 2082418, index: 70, mask: {71, }, error code: 22 error msg: Invalid argument. Specify the number of threads explicitly so the affinity is not set.[m
[serve] [1;31m2026-07-21 09:50:04.091074087 [E:onnxruntime:Default, env.cc:227 ThreadMain] pthread_setaffinity_np failed for thread: 2082468, index: 120, mask: {121, }, error code: 22 error msg: Invalid argument. Specify the number of threads explicitly so the affinity is not set.[m
[serve] [1;31m2026-07-21 09:50:04.125031598 [E:onnxruntime:Default, env.cc:227 ThreadMain] pthread_setaffinity_np failed for thread: 2082399, index: 51, mask: {52, }, error code: 22 error msg: Invalid argument. Specify the number of threads explicitly so the affinity is not set.[m
[serve] [1;31m2026-07-21 09:50:04.146853379 [E:onnxruntime:Default, env.cc:227 ThreadMain] pthread_setaffinity_np failed for thread: 2082438, index: 90, mask: {91, }, error code: 22 error msg: Invalid argument. Specify the number of threads explicitly so the affinity is not set.[m
[serve] [1;31m2026-07-21 09:50:04.193863603 [E:onnxruntime:Default, env.cc:227 ThreadMain] pthread_setaffinity_np failed for thread: 2082508, index: 33, mask: {34, }, error code: 22 error msg: Invalid argument. Specify the number of threads explicitly so the affinity is not set.[m
[serve] [1;31m2026-07-21 09:50:04.095856835 [E:onnxruntime:Default, env.cc:227 ThreadMain] pthread_setaffinity_np failed for thread: 2082462, index: 114, mask: {115, }, error code: 22 error msg: Invalid argument. Specify the number of threads explicitly so the affinity is not set.[m
[serve] [1;31m2026-07-21 09:50:04.196848051 [E:onnxruntime:Default, env.cc:227 ThreadMain] pthread_setaffinity_np failed for thread: 2082563, index: 88, mask: {89, }, error code: 22 error msg: Invalid argument. Specify the number of threads explicitly so the affinity is not set.[m
[serve] [1;31m2026-07-21 09:50:04.197841718 [E:onnxruntime:Default, env.cc:227 ThreadMain] pthread_setaffinity_np failed for thread: 2082679, index: 77, mask: {78, }, error code: 22 error msg: Invalid argument. Specify the number of threads explicitly so the affinity is not set.[m
[serve] [1;31m2026-07-21 09:50:04.091058608 [E:onnxruntime:Default, env.cc:227 ThreadMain] pthread_setaffinity_np failed for thread: 2082419, index: 71, mask: {72, }, error code: 22 error msg: Invalid argument. Specify the number of threads explicitly so the affinity is not set.[m
[serve] [1;31m2026-07-21 09:50:04.199842467 [E:onnxruntime:Default, env.cc:227 ThreadMain] pthread_setaffinity_np failed for thread: 2082367, index: 19, mask: {20, }, error code: 22 error msg: Invalid argument. Specify the number of threads explicitly so the affinity is not set.[m
[serve] [1;31m2026-07-21 09:50:04.199851484 [E:onnxruntime:Default, env.cc:227 ThreadMain] pthread_setaffinity_np failed for thread: 2082377, index: 29, mask: {30, }, error code: 22 error msg: Invalid argument. Specify the number of threads explicitly so the affinity is not set.[m
[serve] [1;31m2026-07-21 09:50:04.201841252 [E:onnxruntime:Default, env.cc:227 ThreadMain] pthread_setaffinity_np failed for thread: 2082680, index: 78, mask: {79, }, error code: 22 error msg: Invalid argument. Specify the number of threads explicitly so the affinity is not set.[m
[serve] [1;31m2026-07-21 09:50:04.202511996 [E:onnxruntime:Default, env.cc:227 ThreadMain] pthread_setaffinity_np failed for thread: 2082586, index: 111, mask: {112, }, error code: 22 error msg: Invalid argument. Specify the number of threads explicitly so the affinity is not set.[m
[serve] [1;31m2026-07-21 09:50:04.202849547 [E:onnxruntime:Default, env.cc:227 ThreadMain] pthread_setaffinity_np failed for thread: 2082593, index: 118, mask: {119, }, error code: 22 error msg: Invalid argument. Specify the number of threads explicitly so the affinity is not set.[m
[serve] [1;31m2026-07-21 09:50:04.205840937 [E:onnxruntime:Default, env.cc:227 ThreadMain] pthread_setaffinity_np failed for thread: 2082682, index: 80, mask: {81, }, error code: 22 error msg: Invalid argument. Specify the number of threads explicitly so the affinity is not set.[m
[serve] [1;31m2026-07-21 09:50:04.124986143 [E:onnxruntime:Default, env.cc:227 ThreadMain] pthread_setaffinity_np failed for thread: 2082539, index: 64, mask: {65, }, error code: 22 error msg: Invalid argument. Specify the number of threads explicitly so the affinity is not set.[m
[serve] [1;31m2026-07-21 09:50:04.125045724 [E:onnxruntime:Default, env.cc:227 ThreadMain] pthread_setaffinity_np failed for thread: 2082567, index: 92, mask: {93, }, error code: 22 error msg: Invalid argument. Specify the number of threads explicitly so the affinity is not set.[m
[serve] [1;31m2026-07-21 09:50:04.128841348 [E:onnxruntime:Default, env.cc:227 ThreadMain] pthread_setaffinity_np failed for thread: 2082559, index: 84, mask: {85, }, error code: 22 error msg: Invalid argument. Specify the number of threads explicitly so the affinity is not set.[m
[serve] [1;31m2026-07-21 09:50:04.125056815 [E:onnxruntime:Default, env.cc:227 ThreadMain] pthread_setaffinity_np failed for thread: 2082582, index: 107, mask: {108, }, error code: 22 error msg: Invalid argument. Specify the number of threads explicitly so the affinity is not set.[m
[serve] [1;31m2026-07-21 09:50:04.124986985 [E:onnxruntime:Default, env.cc:227 ThreadMain] pthread_setaffinity_np failed for thread: 2082518, index: 43, mask: {44, }, error code: 22 error msg: Invalid argument. Specify the number of threads explicitly so the affinity is not set.[m
[serve] [1;31m2026-07-21 09:50:04.125051766 [E:onnxruntime:Default, env.cc:227 ThreadMain] pthread_setaffinity_np failed for thread: 2082576, index: 101, mask: {102, }, error code: 22 error msg: Invalid argument. Specify the number of threads explicitly so the affinity is not set.[m
[serve] [1;31m2026-07-21 09:50:04.125016139 [E:onnxruntime:Default, env.cc:227 ThreadMain] pthread_setaffinity_np failed for thread: 2082555, index: 80, mask: {81, }, error code: 22 error msg: Invalid argument. Specify the number of threads explicitly so the affinity is not set.[m
[serve] [1;31m2026-07-21 09:50:04.128847830 [E:onnxruntime:Default, env.cc:227 ThreadMain] pthread_setaffinity_np failed for thread: 2082542, index: 67, mask: {68, }, error code: 22 error msg: Invalid argument. Specify the number of threads explicitly so the affinity is not set.[m
[serve] [1;31m2026-07-21 09:50:04.125024384 [E:onnxruntime:Default, env.cc:227 ThreadMain] pthread_setaffinity_np failed for thread: 2082507, index: 32, mask: {33, }, error code: 22 error msg: Invalid argument. Specify the number of threads explicitly so the affinity is not set.[m
[serve] [1;31m2026-07-21 09:50:04.209841674 [E:onnxruntime:Default, env.cc:227 ThreadMain] pthread_setaffinity_np failed for thread: 2082684, index: 82, mask: {83, }, error code: 22 error msg: Invalid argument. Specify the number of threads explicitly so the affinity is not set.[m
[serve] [1;31m2026-07-21 09:50:04.213841419 [E:onnxruntime:Default, env.cc:227 ThreadMain] pthread_setaffinity_np failed for thread: 2082686, index: 84, mask: {85, }, error code: 22 error msg: Invalid argument. Specify the number of threads explicitly so the affinity is not set.[m
[serve] [1;31m2026-07-21 09:50:04.217842917 [E:onnxruntime:Default, env.cc:227 ThreadMain] pthread_setaffinity_np failed for thread: 2082689, index: 87, mask: {88, }, error code: 22 error msg: Invalid argument. Specify the number of threads explicitly so the affinity is not set.[m
[serve] [1;31m2026-07-21 09:50:04.131838419 [E:onnxruntime:Default, env.cc:227 ThreadMain] pthread_setaffinity_np failed for thread: 2082591, index: 116, mask: {117, }, error code: 22 error msg: Invalid argument. Specify the number of threads explicitly so the affinity is not set.[m
[serve] [1;31m2026-07-21 09:50:04.128854282 [E:onnxruntime:Default, env.cc:227 ThreadMain] pthread_setaffinity_np failed for thread: 2082571, index: 96, mask: {97, }, error code: 22 error msg: Invalid argument. Specify the number of threads explicitly so the affinity is not set.[m
[serve] [1;31m2026-07-21 09:50:04.125011841 [E:onnxruntime:Default, env.cc:227 ThreadMain] pthread_setaffinity_np failed for thread: 2082551, index: 76, mask: {77, }, error code: 22 error msg: Invalid argument. Specify the number of threads explicitly so the affinity is not set.[m
[serve] [1;31m2026-07-21 09:50:04.128861736 [E:onnxruntime:Default, env.cc:227 ThreadMain] pthread_setaffinity_np failed for thread: 2082484, index: 9, mask: {10, }, error code: 22 error msg: Invalid argument. Specify the number of threads explicitly so the affinity is not set.[m
[serve] [1;31m2026-07-21 09:50:04.125006521 [E:onnxruntime:Default, env.cc:227 ThreadMain] pthread_setaffinity_np failed for thread: 2082537, index: 62, mask: {63, }, error code: 22 error msg: Invalid argument. Specify the number of threads explicitly so the affinity is not set.[m
[serve] [1;31m2026-07-21 09:50:04.206862737 [E:onnxruntime:Default, env.cc:227 ThreadMain] pthread_setaffinity_np failed for thread: 2082449, index: 101, mask: {102, }, error code: 22 error msg: Invalid argument. Specify the number of threads explicitly so the affinity is not set.[m
[serve] [1;31m2026-07-21 09:50:04.213845146 [E:onnxruntime:Default, env.cc:227 ThreadMain] pthread_setaffinity_np failed for thread: 2082450, index: 102, mask: {103, }, error code: 22 error msg: Invalid argument. Specify the number of threads explicitly so the affinity is not set.[m
[serve] [1;31m2026-07-21 09:50:04.128868599 [E:onnxruntime:Default, env.cc:227 ThreadMain] pthread_setaffinity_np failed for thread: 2082546, index: 71, mask: {72, }, error code: 22 error msg: Invalid argument. Specify the number of threads explicitly so the affinity is not set.[m
[serve] [1;31m2026-07-21 09:50:04.125019906 [E:onnxruntime:Default, env.cc:227 ThreadMain] pthread_setaffinity_np failed for thread: 2082569, index: 94, mask: {95, }, error code: 22 error msg: Invalid argument. Specify the number of threads explicitly so the affinity is not set.[m
[serve] [1;31m2026-07-21 09:50:04.221842682 [E:onnxruntime:Default, env.cc:227 ThreadMain] pthread_setaffinity_np failed for thread: 2082690, index: 88, mask: {89, }, error code: 22 error msg: Invalid argument. Specify the number of threads explicitly so the affinity is not set.[m
[serve] [1;31m2026-07-21 09:50:04.128873658 [E:onnxruntime:Default, env.cc:227 ThreadMain] pthread_setaffinity_np failed for thread: 2082500, index: 25, mask: {26, }, error code: 22 error msg: Invalid argument. Specify the number of threads explicitly so the affinity is not set.[m
[serve] [1;31m2026-07-21 09:50:04.218868012 [E:onnxruntime:Default, env.cc:227 ThreadMain] pthread_setaffinity_np failed for thread: 2082382, index: 34, mask: {35, }, error code: 22 error msg: Invalid argument. Specify the number of threads explicitly so the affinity is not set.[m
[serve] [1;31m2026-07-21 09:50:04.223871143 [E:onnxruntime:Default, env.cc:227 ThreadMain] pthread_setaffinity_np failed for thread: 2082366, index: 18, mask: {19, }, error code: 22 error msg: Invalid argument. Specify the number of threads explicitly so the affinity is not set.[m
[serve] [1;31m2026-07-21 09:50:04.124999348 [E:onnxruntime:Default, env.cc:227 ThreadMain] pthread_setaffinity_np failed for thread: 2082544, index: 69, mask: {70, }, error code: 22 error msg: Invalid argument. Specify the number of threads explicitly so the affinity is not set.[m
[serve] [1;31m2026-07-21 09:50:04.225842316 [E:onnxruntime:Default, env.cc:227 ThreadMain] pthread_setaffinity_np failed for thread: 2082692, index: 90, mask: {91, }, error code: 22 error msg: Invalid argument. Specify the number of threads explicitly so the affinity is not set.[m
[serve] [32m[INFO] 2026-07-21 09:50:04,227 [RapidOCR] base.py:22: Using engine_name: onnxruntime[0m
[serve] [32m[INFO] 2026-07-21 09:50:04,227 [RapidOCR] main.py:53: Using /opt/app-root/src/.cache/docling/models/RapidOcr/onnx/PP-OCRv4/rec/ch_PP-OCRv4_rec_infer.onnx[0m
[serve] [1;31m2026-07-21 09:50:04.230845586 [E:onnxruntime:Default, env.cc:227 ThreadMain] pthread_setaffinity_np failed for thread: 2082378, index: 30, mask: {31, }, error code: 22 error msg: Invalid argument. Specify the number of threads explicitly so the affinity is not set.[m
[serve] [1;31m2026-07-21 09:50:04.230856146 [E:onnxruntime:Default, env.cc:227 ThreadMain] pthread_setaffinity_np failed for thread: 2082422, index: 74, mask: {75, }, error code: 22 error msg: Invalid argument. Specify the number of threads explicitly so the affinity is not set.[m
[serve] [1;31m2026-07-21 09:50:04.230849724 [E:onnxruntime:Default, env.cc:227 ThreadMain] pthread_setaffinity_np failed for thread: 2082485, index: 10, mask: {11, }, error code: 22 error msg: Invalid argument. Specify the number of threads explicitly so the affinity is not set.[m
[serve] [1;31m2026-07-21 09:50:04.233845653 [E:onnxruntime:Default, env.cc:227 ThreadMain] pthread_setaffinity_np failed for thread: 2082699, index: 97, mask: {98, }, error code: 22 error msg: Invalid argument. Specify the number of threads explicitly so the affinity is not set.[m
[serve] [1;31m2026-07-21 09:50:04.193845910 [E:onnxruntime:Default, env.cc:227 ThreadMain] pthread_setaffinity_np failed for thread: 2082528, index: 53, mask: {54, }, error code: 22 error msg: Invalid argument. Specify the number of threads explicitly so the affinity is not set.[m
[serve] [1;31m2026-07-21 09:50:04.235844459 [E:onnxruntime:Default, env.cc:227 ThreadMain] pthread_setaffinity_np failed for thread: 2082489, index: 14, mask: {15, }, error code: 22 error msg: Invalid argument. Specify the number of threads explicitly so the affinity is not set.[m
[serve] [1;31m2026-07-21 09:50:04.235844228 [E:onnxruntime:Default, env.cc:227 ThreadMain] pthread_setaffinity_np failed for thread: 2082417, index: 69, mask: {70, }, error code: 22 error msg: Invalid argument. Specify the number of threads explicitly so the affinity is not set.[m
[serve] [1;31m2026-07-21 09:50:04.236851320 [E:onnxruntime:Default, env.cc:227 ThreadMain] pthread_setaffinity_np failed for thread: 2082700, index: 98, mask: {99, }, error code: 22 error msg: Invalid argument. Specify the number of threads explicitly so the affinity is not set.[m
[serve] [1;31m2026-07-21 09:50:04.237842803 [E:onnxruntime:Default, env.cc:227 ThreadMain] pthread_setaffinity_np failed for thread: 2082702, index: 100, mask: {101, }, error code: 22 error msg: Invalid argument. Specify the number of threads explicitly so the affinity is not set.[m
[serve] [1;31m2026-07-21 09:50:04.240853139 [E:onnxruntime:Default, env.cc:227 ThreadMain] pthread_setaffinity_np failed for thread: 2082585, index: 110, mask: {111, }, error code: 22 error msg: Invalid argument. Specify the number of threads explicitly so the affinity is not set.[m
[serve] [1;31m2026-07-21 09:50:04.241842768 [E:onnxruntime:Default, env.cc:227 ThreadMain] pthread_setaffinity_np failed for thread: 2082705, index: 103, mask: {104, }, error code: 22 error msg: Invalid argument. Specify the number of threads explicitly so the affinity is not set.[m
[serve] [1;31m2026-07-21 09:50:04.245842143 [E:onnxruntime:Default, env.cc:227 ThreadMain] pthread_setaffinity_np failed for thread: 2082706, index: 104, mask: {105, }, error code: 22 error msg: Invalid argument. Specify the number of threads explicitly so the affinity is not set.[m
[serve] [1;31m2026-07-21 09:50:04.244849938 [E:onnxruntime:Default, env.cc:227 ThreadMain] pthread_setaffinity_np failed for thread: 2082493, index: 18, mask: {19, }, error code: 22 error msg: Invalid argument. Specify the number of threads explicitly so the affinity is not set.[m
[serve] [1;31m2026-07-21 09:50:04.249841246 [E:onnxruntime:Default, env.cc:227 ThreadMain] pthread_setaffinity_np failed for thread: 2082709, index: 107, mask: {108, }, error code: 22 error msg: Invalid argument. Specify the number of threads explicitly so the affinity is not set.[m
[serve] [1;31m2026-07-21 09:50:04.248846658 [E:onnxruntime:Default, env.cc:227 ThreadMain] pthread_setaffinity_np failed for thread: 2082487, index: 12, mask: {13, }, error code: 22 error msg: Invalid argument. Specify the number of threads explicitly so the affinity is not set.[m
[serve] [1;31m2026-07-21 09:50:04.253841562 [E:onnxruntime:Default, env.cc:227 ThreadMain] pthread_setaffinity_np failed for thread: 2082710, index: 108, mask: {109, }, error code: 22 error msg: Invalid argument. Specify the number of threads explicitly so the affinity is not set.[m
[serve] [1;31m2026-07-21 09:50:04.184883120 [E:onnxruntime:Default, env.cc:227 ThreadMain] pthread_setaffinity_np failed for thread: 2082437, index: 89, mask: {90, }, error code: 22 error msg: Invalid argument. Specify the number of threads explicitly so the affinity is not set.[m
[serve] [1;31m2026-07-21 09:50:04.184840861 [E:onnxruntime:Default, env.cc:227 ThreadMain] pthread_setaffinity_np failed for thread: 2082463, index: 115, mask: {116, }, error code: 22 error msg: Invalid argument. Specify the number of threads explicitly so the affinity is not set.[m
[serve] [1;31m2026-07-21 09:50:04.184907636 [E:onnxruntime:Default, env.cc:227 ThreadMain] pthread_setaffinity_np failed for thread: 2082402, index: 54, mask: {55, }, error code: 22 error msg: Invalid argument. Specify the number of threads explicitly so the affinity is not set.[m
[serve] [1;31m2026-07-21 09:50:04.189846616 [E:onnxruntime:Default, env.cc:227 ThreadMain] pthread_setaffinity_np failed for thread: 2082398, index: 50, mask: {51, }, error code: 22 error msg: Invalid argument. Specify the number of threads explicitly so the affinity is not set.[m
[serve] [1;31m2026-07-21 09:50:04.184874143 [E:onnxruntime:Default, env.cc:227 ThreadMain] pthread_setaffinity_np failed for thread: 2082394, index: 46, mask: {47, }, error code: 22 error msg: Invalid argument. Specify the number of threads explicitly so the affinity is not set.[m
[serve] [1;31m2026-07-21 09:50:04.189854361 [E:onnxruntime:Default, env.cc:227 ThreadMain] pthread_setaffinity_np failed for thread: 2082464, index: 116, mask: {117, }, error code: 22 error msg: Invalid argument. Specify the number of threads explicitly so the affinity is not set.[m
[serve] [1;31m2026-07-21 09:50:04.184887088 [E:onnxruntime:Default, env.cc:227 ThreadMain] pthread_setaffinity_np failed for thread: 2082395, index: 47, mask: {48, }, error code: 22 error msg: Invalid argument. Specify the number of threads explicitly so the affinity is not set.[m
[serve] [1;31m2026-07-21 09:50:04.189838872 [E:onnxruntime:Default, env.cc:227 ThreadMain] pthread_setaffinity_np failed for thread: 2082405, index: 57, mask: {58, }, error code: 22 error msg: Invalid argument. Specify the number of threads explicitly so the affinity is not set.[m
[serve] [1;31m2026-07-21 09:50:04.239880291 [E:onnxruntime:Default, env.cc:227 ThreadMain] pthread_setaffinity_np failed for thread: 2082466, index: 118, mask: {119, }, error code: 22 error msg: Invalid argument. Specify the number of threads explicitly so the affinity is not set.[m
[serve] [1;31m2026-07-21 09:50:04.184897587 [E:onnxruntime:Default, env.cc:227 ThreadMain] pthread_setaffinity_np failed for thread: 2082392, index: 44, mask: {45, }, error code: 22 error msg: Invalid argument. Specify the number of threads explicitly so the affinity is not set.[m
[serve] [1;31m2026-07-21 09:50:04.184903999 [E:onnxruntime:Default, env.cc:227 ThreadMain] pthread_setaffinity_np failed for thread: 2082391, index: 43, mask: {44, }, error code: 22 error msg: Invalid argument. Specify the number of threads explicitly so the affinity is not set.[m
[serve] [1;31m2026-07-21 09:50:04.184910782 [E:onnxruntime:Default, env.cc:227 ThreadMain] pthread_setaffinity_np failed for thread: 2082389, index: 41, mask: {42, }, error code: 22 error msg: Invalid argument. Specify the number of threads explicitly so the affinity is not set.[m
[serve] [1;31m2026-07-21 09:50:04.184916523 [E:onnxruntime:Default, env.cc:227 ThreadMain] pthread_setaffinity_np failed for thread: 2082403, index: 55, mask: {56, }, error code: 22 error msg: Invalid argument. Specify the number of threads explicitly so the affinity is not set.[m
[serve] [1;31m2026-07-21 09:50:04.189850974 [E:onnxruntime:Default, env.cc:227 ThreadMain] pthread_setaffinity_np failed for thread: 2082421, index: 73, mask: {74, }, error code: 22 error msg: Invalid argument. Specify the number of threads explicitly so the affinity is not set.[m
[serve] [1;31m2026-07-21 09:50:04.206847137 [E:onnxruntime:Default, env.cc:227 ThreadMain] pthread_setaffinity_np failed for thread: 2082393, index: 45, mask: {46, }, error code: 22 error msg: Invalid argument. Specify the number of threads explicitly so the affinity is not set.[m
[serve] [1;31m2026-07-21 09:50:04.239868218 [E:onnxruntime:Default, env.cc:227 ThreadMain] pthread_setaffinity_np failed for thread: 2082428, index: 80, mask: {81, }, error code: 22 error msg: Invalid argument. Specify the number of threads explicitly so the affinity is not set.[m
[serve] [1;31m2026-07-21 09:50:04.185077864 [E:onnxruntime:Default, env.cc:227 ThreadMain] pthread_setaffinity_np failed for thread: 2082373, index: 25, mask: {26, }, error code: 22 error msg: Invalid argument. Specify the number of threads explicitly so the affinity is not set.[m
[serve] [1;31m2026-07-21 09:50:04.192841223 [E:onnxruntime:Default, env.cc:227 ThreadMain] pthread_setaffinity_np failed for thread: 2082404, index: 56, mask: {57, }, error code: 22 error msg: Invalid argument. Specify the number of threads explicitly so the affinity is not set.[m
[serve] [1;31m2026-07-21 09:50:04.192850099 [E:onnxruntime:Default, env.cc:227 ThreadMain] pthread_setaffinity_np failed for thread: 2082397, index: 49, mask: {50, }, error code: 22 error msg: Invalid argument. Specify the number of threads explicitly so the affinity is not set.[m
[serve] [1;31m2026-07-21 09:50:04.223860513 [E:onnxruntime:Default, env.cc:227 ThreadMain] pthread_setaffinity_np failed for thread: 2082383, index: 35, mask: {36, }, error code: 22 error msg: Invalid argument. Specify the number of threads explicitly so the affinity is not set.[m
[serve] [1;31m2026-07-21 09:50:04.184924898 [E:onnxruntime:Default, env.cc:227 ThreadMain] pthread_setaffinity_np failed for thread: 2082473, index: 125, mask: {126, }, error code: 22 error msg: Invalid argument. Specify the number of threads explicitly so the affinity is not set.[m
[serve] [1;31m2026-07-21 09:50:04.192858575 [E:onnxruntime:Default, env.cc:227 ThreadMain] pthread_setaffinity_np failed for thread: 2082371, index: 23, mask: {24, }, error code: 22 error msg: Invalid argument. Specify the number of threads explicitly so the affinity is not set.[m
[serve] [1;31m2026-07-21 09:50:04.189858358 [E:onnxruntime:Default, env.cc:227 ThreadMain] pthread_setaffinity_np failed for thread: 2082396, index: 48, mask: {49, }, error code: 22 error msg: Invalid argument. Specify the number of threads explicitly so the affinity is not set.[m
[serve] [1;31m2026-07-21 09:50:04.192864807 [E:onnxruntime:Default, env.cc:227 ThreadMain] pthread_setaffinity_np failed for thread: 2082432, index: 84, mask: {85, }, error code: 22 error msg: Invalid argument. Specify the number of threads explicitly so the affinity is not set.[m
[serve] [1;31m2026-07-21 09:50:04.223847468 [E:onnxruntime:Default, env.cc:227 ThreadMain] pthread_setaffinity_np failed for thread: 2082451, index: 103, mask: {104, }, error code: 22 error msg: Invalid argument. Specify the number of threads explicitly so the affinity is not set.[m
[serve] [1;31m2026-07-21 09:50:04.211845489 [E:onnxruntime:Default, env.cc:227 ThreadMain] pthread_setaffinity_np failed for thread: 2082580, index: 105, mask: {106, }, error code: 22 error msg: Invalid argument. Specify the number of threads explicitly so the affinity is not set.[m
[serve] [1;31m2026-07-21 09:50:04.252861661 [E:onnxruntime:Default, env.cc:227 ThreadMain] pthread_setaffinity_np failed for thread: 2082597, index: 122, mask: {123, }, error code: 22 error msg: Invalid argument. Specify the number of threads explicitly so the affinity is not set.[m
[serve] [1;31m2026-07-21 09:50:04.204616238 [E:onnxruntime:Default, env.cc:227 ThreadMain] pthread_setaffinity_np failed for thread: 2082561, index: 86, mask: {87, }, error code: 22 error msg: Invalid argument. Specify the number of threads explicitly so the affinity is not set.[m
[serve] [1;31m2026-07-21 09:50:04.257839213 [E:onnxruntime:Default, env.cc:227 ThreadMain] pthread_setaffinity_np failed for thread: 2082492, index: 17, mask: {18, }, error code: 22 error msg: Invalid argument. Specify the number of threads explicitly so the affinity is not set.[m
[serve] [1;31m2026-07-21 09:50:04.257841497 [E:onnxruntime:Default, env.cc:227 ThreadMain] pthread_setaffinity_np failed for thread: 2082713, index: 111, mask: {112, }, error code: 22 error msg: Invalid argument. Specify the number of threads explicitly so the affinity is not set.[m
[serve] [1;31m2026-07-21 09:50:04.192870768 [E:onnxruntime:Default, env.cc:227 ThreadMain] pthread_setaffinity_np failed for thread: 2082401, index: 53, mask: {54, }, error code: 22 error msg: Invalid argument. Specify the number of threads explicitly so the affinity is not set.[m
[serve] [1;31m2026-07-21 09:50:04.211838526 [E:onnxruntime:Default, env.cc:227 ThreadMain] pthread_setaffinity_np failed for thread: 2082599, index: 124, mask: {125, }, error code: 22 error msg: Invalid argument. Specify the number of threads explicitly so the affinity is not set.[m
[serve] [1;31m2026-07-21 09:50:04.261765691 [E:onnxruntime:Default, env.cc:227 ThreadMain] pthread_setaffinity_np failed for thread: 2082714, index: 112, mask: {113, }, error code: 22 error msg: Invalid argument. Specify the number of threads explicitly so the affinity is not set.[m
[serve] [1;31m2026-07-21 09:50:04.197836949 [E:onnxruntime:Default, env.cc:227 ThreadMain] pthread_setaffinity_np failed for thread: 2082427, index: 79, mask: {80, }, error code: 22 error msg: Invalid argument. Specify the number of threads explicitly so the affinity is not set.[m
[serve] [1;31m2026-07-21 09:50:04.184931401 [E:onnxruntime:Default, env.cc:227 ThreadMain] pthread_setaffinity_np failed for thread: 2082472, index: 124, mask: {125, }, error code: 22 error msg: Invalid argument. Specify the number of threads explicitly so the affinity is not set.[m
[serve] [1;31m2026-07-21 09:50:04.264842932 [E:onnxruntime:Default, env.cc:227 ThreadMain] pthread_setaffinity_np failed for thread: 2082497, index: 22, mask: {23, }, error code: 22 error msg: Invalid argument. Specify the number of threads explicitly so the affinity is not set.[m
[serve] [1;31m2026-07-21 09:50:04.220840769 [E:onnxruntime:Default, env.cc:227 ThreadMain] pthread_setaffinity_np failed for thread: 2082589, index: 114, mask: {115, }, error code: 22 error msg: Invalid argument. Specify the number of threads explicitly so the affinity is not set.[m
[serve] [1;31m2026-07-21 09:50:04.273847089 [E:onnxruntime:Default, env.cc:227 ThreadMain] pthread_setaffinity_np failed for thread: 2082717, index: 115, mask: {116, }, error code: 22 error msg: Invalid argument. Specify the number of threads explicitly so the affinity is not set.[m
[serve] [1;31m2026-07-21 09:50:04.279376282 [E:onnxruntime:Default, env.cc:227 ThreadMain] pthread_setaffinity_np failed for thread: 2082718, index: 116, mask: {117, }, error code: 22 error msg: Invalid argument. Specify the number of threads explicitly so the affinity is not set.[m
[serve] [1;31m2026-07-21 09:50:04.279682274 [E:onnxruntime:Default, env.cc:227 ThreadMain] pthread_setaffinity_np failed for thread: 2082721, index: 119, mask: {120, }, error code: 22 error msg: Invalid argument. Specify the number of threads explicitly so the affinity is not set.[m
[serve] [1;31m2026-07-21 09:50:04.280112508 [E:onnxruntime:Default, env.cc:227 ThreadMain] pthread_setaffinity_np failed for thread: 2082722, index: 120, mask: {121, }, error code: 22 error msg: Invalid argument. Specify the number of threads explicitly so the affinity is not set.[m
[serve] [1;31m2026-07-21 09:50:04.292859039 [E:onnxruntime:Default, env.cc:227 ThreadMain] pthread_setaffinity_np failed for thread: 2082716, index: 114, mask: {115, }, error code: 22 error msg: Invalid argument. Specify the number of threads explicitly so the affinity is not set.[m
[serve] [1;31m2026-07-21 09:50:04.292892432 [E:onnxruntime:Default, env.cc:227 ThreadMain] pthread_setaffinity_np failed for thread: 2082691, index: 89, mask: {90, }, error code: 22 error msg: Invalid argument. Specify the number of threads explicitly so the affinity is not set.[m
[serve] [1;31m2026-07-21 09:50:04.292933619 [E:onnxruntime:Default, env.cc:227 ThreadMain] pthread_setaffinity_np failed for thread: 2082631, index: 29, mask: {30, }, error code: 22 error msg: Invalid argument. Specify the number of threads explicitly so the affinity is not set.[m
[serve] [32m[INFO] 2026-07-21 09:50:04,294 [RapidOCR] base.py:22: Using engine_name: onnxruntime[0m
[serve] [32m[INFO] 2026-07-21 09:50:04,294 [RapidOCR] main.py:53: Using /opt/app-root/src/.cache/docling/models/RapidOcr/onnx/PP-OCRv4/cls/ch_ppocr_mobile_v2.0_cls_infer.onnx[0m
[serve] [1;31m2026-07-21 09:50:04.296377720 [E:onnxruntime:Default, env.cc:227 ThreadMain] pthread_setaffinity_np failed for thread: 516800, index: 0, mask: {1, }, error code: 22 error msg: Invalid argument. Specify the number of threads explicitly so the affinity is not set.[m
[serve] [1;31m2026-07-21 09:50:04.296396205 [E:onnxruntime:Default, env.cc:227 ThreadMain] pthread_setaffinity_np failed for thread: 516801, index: 1, mask: {2, }, error code: 22 error msg: Invalid argument. Specify the number of threads explicitly so the affinity is not set.[m
[serve] [1;31m2026-07-21 09:50:04.296426011 [E:onnxruntime:Default, env.cc:227 ThreadMain] pthread_setaffinity_np failed for thread: 516802, index: 2, mask: {3, }, error code: 22 error msg: Invalid argument. Specify the number of threads explicitly so the affinity is not set.[m
[serve] [1;31m2026-07-21 09:50:04.296474452 [E:onnxruntime:Default, env.cc:227 ThreadMain] pthread_setaffinity_np failed for thread: 516803, index: 3, mask: {4, }, error code: 22 error msg: Invalid argument. Specify the number of threads explicitly so the affinity is not set.[m
[serve] [1;31m2026-07-21 09:50:04.296485883 [E:onnxruntime:Default, env.cc:227 ThreadMain] pthread_setaffinity_np failed for thread: 516804, index: 4, mask: {5, }, error code: 22 error msg: Invalid argument. Specify the number of threads explicitly so the affinity is not set.[m
[serve] [1;31m2026-07-21 09:50:04.301857296 [E:onnxruntime:Default, env.cc:227 ThreadMain] pthread_setaffinity_np failed for thread: 2082720, index: 118, mask: {119, }, error code: 22 error msg: Invalid argument. Specify the number of threads explicitly so the affinity is not set.[m
[serve] [1;31m2026-07-21 09:50:04.301884507 [E:onnxruntime:Default, env.cc:227 ThreadMain] pthread_setaffinity_np failed for thread: 2082694, index: 92, mask: {93, }, error code: 22 error msg: Invalid argument. Specify the number of threads explicitly so the affinity is not set.[m
[serve] [1;31m2026-07-21 09:50:04.309987474 [E:onnxruntime:Default, env.cc:227 ThreadMain] pthread_setaffinity_np failed for thread: 516816, index: 16, mask: {17, }, error code: 22 error msg: Invalid argument. Specify the number of threads explicitly so the affinity is not set.[m
[serve] [1;31m2026-07-21 09:50:04.310072779 [E:onnxruntime:Default, env.cc:227 ThreadMain] pthread_setaffinity_np failed for thread: 2082723, index: 121, mask: {122, }, error code: 22 error msg: Invalid argument. Specify the number of threads explicitly so the affinity is not set.[m
[serve] [1;31m2026-07-21 09:50:04.311339230 [E:onnxruntime:Default, env.cc:227 ThreadMain] pthread_setaffinity_np failed for thread: 516813, index: 13, mask: {14, }, error code: 22 error msg: Invalid argument. Specify the number of threads explicitly so the affinity is not set.[m
[serve] [1;31m2026-07-21 09:50:04.313987368 [E:onnxruntime:Default, env.cc:227 ThreadMain] pthread_setaffinity_np failed for thread: 516845, index: 45, mask: {46, }, error code: 22 error msg: Invalid argument. Specify the number of threads explicitly so the affinity is not set.[m
[serve] [1;31m2026-07-21 09:50:04.317983235 [E:onnxruntime:Default, env.cc:227 ThreadMain] pthread_setaffinity_np failed for thread: 516830, index: 30, mask: {31, }, error code: 22 error msg: Invalid argument. Specify the number of threads explicitly so the affinity is not set.[m
[serve] [1;31m2026-07-21 09:50:04.317997151 [E:onnxruntime:Default, env.cc:227 ThreadMain] pthread_setaffinity_np failed for thread: 516821, index: 21, mask: {22, }, error code: 22 error msg: Invalid argument. Specify the number of threads explicitly so the affinity is not set.[m
[serve] [1;31m2026-07-21 09:50:04.321536110 [E:onnxruntime:Default, env.cc:227 ThreadMain] pthread_setaffinity_np failed for thread: 516819, index: 19, mask: {20, }, error code: 22 error msg: Invalid argument. Specify the number of threads explicitly so the affinity is not set.[m
[serve] [1;31m2026-07-21 09:50:04.321552060 [E:onnxruntime:Default, env.cc:227 ThreadMain] pthread_setaffinity_np failed for thread: 516911, index: 111, mask: {112, }, error code: 22 error msg: Invalid argument. Specify the number of threads explicitly so the affinity is not set.[m
[serve] [1;31m2026-07-21 09:50:04.322051016 [E:onnxruntime:Default, env.cc:227 ThreadMain] pthread_setaffinity_np failed for thread: 516841, index: 41, mask: {42, }, error code: 22 error msg: Invalid argument. Specify the number of threads explicitly so the affinity is not set.[m
[serve] [1;31m2026-07-21 09:50:04.322064381 [E:onnxruntime:Default, env.cc:227 ThreadMain] pthread_setaffinity_np failed for thread: 516846, index: 46, mask: {47, }, error code: 22 error msg: Invalid argument. Specify the number of threads explicitly so the affinity is not set.[m
[serve] [1;31m2026-07-21 09:50:04.322470198 [E:onnxruntime:Default, env.cc:227 ThreadMain] pthread_setaffinity_np failed for thread: 2082724, index: 122, mask: {123, }, error code: 22 error msg: Invalid argument. Specify the number of threads explicitly so the affinity is not set.[m
[serve] [1;31m2026-07-21 09:50:04.325991239 [E:onnxruntime:Default, env.cc:227 ThreadMain] pthread_setaffinity_np failed for thread: 516869, index: 69, mask: {70, }, error code: 22 error msg: Invalid argument. Specify the number of threads explicitly so the affinity is not set.[m
[serve] [1;31m2026-07-21 09:50:04.329004943 [E:onnxruntime:Default, env.cc:227 ThreadMain] pthread_setaffinity_np failed for thread: 516814, index: 14, mask: {15, }, error code: 22 error msg: Invalid argument. Specify the number of threads explicitly so the affinity is not set.[m
[serve] [1;31m2026-07-21 09:50:04.329988188 [E:onnxruntime:Default, env.cc:227 ThreadMain] pthread_setaffinity_np failed for thread: 516857, index: 57, mask: {58, }, error code: 22 error msg: Invalid argument. Specify the number of threads explicitly so the affinity is not set.[m
[serve] [1;31m2026-07-21 09:50:04.329997705 [E:onnxruntime:Default, env.cc:227 ThreadMain] pthread_setaffinity_np failed for thread: 516873, index: 73, mask: {74, }, error code: 22 error msg: Invalid argument. Specify the number of threads explicitly so the affinity is not set.[m
[serve] [1;31m2026-07-21 09:50:04.139841245 [E:onnxruntime:Default, env.cc:227 ThreadMain] pthread_setaffinity_np failed for thread: 2082628, index: 26, mask: {27, }, error code: 22 error msg: Invalid argument. Specify the number of threads explicitly so the affinity is not set.[m
[serve] [1;31m2026-07-21 09:50:04.163845254 [E:onnxruntime:Default, env.cc:227 ThreadMain] pthread_setaffinity_np failed for thread: 2082627, index: 25, mask: {26, }, error code: 22 error msg: Invalid argument. Specify the number of threads explicitly so the affinity is not set.[m
[serve] [1;31m2026-07-21 09:50:04.172852627 [E:onnxruntime:Default, env.cc:227 ThreadMain] pthread_setaffinity_np failed for thread: 2082621, index: 19, mask: {20, }, error code: 22 error msg: Invalid argument. Specify the number of threads explicitly so the affinity is not set.[m
[serve] [1;31m2026-07-21 09:50:04.144848352 [E:onnxruntime:Default, env.cc:227 ThreadMain] pthread_setaffinity_np failed for thread: 2082643, index: 41, mask: {42, }, error code: 22 error msg: Invalid argument. Specify the number of threads explicitly so the affinity is not set.[m
[serve] [1;31m2026-07-21 09:50:04.135938772 [E:onnxruntime:Default, env.cc:227 ThreadMain] pthread_setaffinity_np failed for thread: 2082708, index: 106, mask: {107, }, error code: 22 error msg: Invalid argument. Specify the number of threads explicitly so the affinity is not set.[m
[serve] [1;31m2026-07-21 09:50:04.332582845 [E:onnxruntime:Default, env.cc:227 ThreadMain] pthread_setaffinity_np failed for thread: 516867, index: 67, mask: {68, }, error code: 22 error msg: Invalid argument. Specify the number of threads explicitly so the affinity is not set.[m
[serve] [1;31m2026-07-21 09:50:04.333986288 [E:onnxruntime:Default, env.cc:227 ThreadMain] pthread_setaffinity_np failed for thread: 516877, index: 77, mask: {78, }, error code: 22 error msg: Invalid argument. Specify the number of threads explicitly so the affinity is not set.[m
[serve] [1;31m2026-07-21 09:50:04.229898557 [E:onnxruntime:Default, env.cc:227 ThreadMain] pthread_setaffinity_np failed for thread: 2082737, index: 8, mask: {9, }, error code: 22 error msg: Invalid argument. Specify the number of threads explicitly so the affinity is not set.[m
[serve] [1;31m2026-07-21 09:50:04.139847547 [E:onnxruntime:Default, env.cc:227 ThreadMain] pthread_setaffinity_np failed for thread: 2082667, index: 65, mask: {66, }, error code: 22 error msg: Invalid argument. Specify the number of threads explicitly so the affinity is not set.[m
[serve] [1;31m2026-07-21 09:50:04.140845572 [E:onnxruntime:Default, env.cc:227 ThreadMain] pthread_setaffinity_np failed for thread: 2082618, index: 16, mask: {17, }, error code: 22 error msg: Invalid argument. Specify the number of threads explicitly so the affinity is not set.[m
[serve] [32m[INFO] 2026-07-21 09:50:04,335 [RapidOCR] base.py:22: Using engine_name: onnxruntime[0m
[serve] [1;31m2026-07-21 09:50:04.335971273 [E:onnxruntime:Default, env.cc:227 ThreadMain] pthread_setaffinity_np failed for thread: 516815, index: 15, mask: {16, }, error code: 22 error msg: Invalid argument. Specify the number of threads explicitly so the affinity is not set.[m
[serve] [32m[INFO] 2026-07-21 09:50:04,335 [RapidOCR] main.py:53: Using /opt/app-root/src/.cache/docling/models/RapidOcr/onnx/PP-OCRv4/rec/ch_PP-OCRv4_rec_infer.onnx[0m
[serve] [1;31m2026-07-21 09:50:04.337980502 [E:onnxruntime:Default, env.cc:227 ThreadMain] pthread_setaffinity_np failed for thread: 516868, index: 68, mask: {69, }, error code: 22 error msg: Invalid argument. Specify the number of threads explicitly so the affinity is not set.[m
[serve] [1;31m2026-07-21 09:50:04.337997805 [E:onnxruntime:Default, env.cc:227 ThreadMain] pthread_setaffinity_np failed for thread: 516885, index: 85, mask: {86, }, error code: 22 error msg: Invalid argument. Specify the number of threads explicitly so the affinity is not set.[m
[serve] [1;31m2026-07-21 09:50:04.139852846 [E:onnxruntime:Default, env.cc:227 ThreadMain] pthread_setaffinity_np failed for thread: 2082663, index: 61, mask: {62, }, error code: 22 error msg: Invalid argument. Specify the number of threads explicitly so the affinity is not set.[m
[serve] [1;31m2026-07-21 09:50:04.140851082 [E:onnxruntime:Default, env.cc:227 ThreadMain] pthread_setaffinity_np failed for thread: 2082632, index: 30, mask: {31, }, error code: 22 error msg: Invalid argument. Specify the number of threads explicitly so the affinity is not set.[m
[serve] [1;31m2026-07-21 09:50:04.338980228 [E:onnxruntime:Default, env.cc:227 ThreadMain] pthread_setaffinity_np failed for thread: 516822, index: 22, mask: {23, }, error code: 22 error msg: Invalid argument. Specify the number of threads explicitly so the affinity is not set.[m
[serve] [1;31m2026-07-21 09:50:04.154839163 [E:onnxruntime:Default, env.cc:227 ThreadMain] pthread_setaffinity_np failed for thread: 2082673, index: 71, mask: {72, }, error code: 22 error msg: Invalid argument. Specify the number of threads explicitly so the affinity is not set.[m
[serve] [1;31m2026-07-21 09:50:04.340923123 [E:onnxruntime:Default, env.cc:227 ThreadMain] pthread_setaffinity_np failed for thread: 2082790, index: 42, mask: {43, }, error code: 22 error msg: Invalid argument. Specify the number of threads explicitly so the affinity is not set.[m
[serve] [1;31m2026-07-21 09:50:04.341561827 [E:onnxruntime:Default, env.cc:227 ThreadMain] pthread_setaffinity_np failed for thread: 2082776, index: 28, mask: {29, }, error code: 22 error msg: Invalid argument. Specify the number of threads explicitly so the affinity is not set.[m
[serve] [1;31m2026-07-21 09:50:04.139859208 [E:onnxruntime:Default, env.cc:227 ThreadMain] pthread_setaffinity_np failed for thread: 2082678, index: 76, mask: {77, }, error code: 22 error msg: Invalid argument. Specify the number of threads explicitly so the affinity is not set.[m
[serve] [1;31m2026-07-21 09:50:04.163861815 [E:onnxruntime:Default, env.cc:227 ThreadMain] pthread_setaffinity_np failed for thread: 2082610, index: 8, mask: {9, }, error code: 22 error msg: Invalid argument. Specify the number of threads explicitly so the affinity is not set.[m
[serve] [1;31m2026-07-21 09:50:04.154882174 [E:onnxruntime:Default, env.cc:227 ThreadMain] pthread_setaffinity_np failed for thread: 2082660, index: 58, mask: {59, }, error code: 22 error msg: Invalid argument. Specify the number of threads explicitly so the affinity is not set.[m
[serve] [1;31m2026-07-21 09:50:04.140838468 [E:onnxruntime:Default, env.cc:227 ThreadMain] pthread_setaffinity_np failed for thread: 2082616, index: 14, mask: {15, }, error code: 22 error msg: Invalid argument. Specify the number of threads explicitly so the affinity is not set.[m
[serve] [1;31m2026-07-21 09:50:04.154861164 [E:onnxruntime:Default, env.cc:227 ThreadMain] pthread_setaffinity_np failed for thread: 2082625, index: 23, mask: {24, }, error code: 22 error msg: Invalid argument. Specify the number of threads explicitly so the affinity is not set.[m
[serve] [1;31m2026-07-21 09:50:04.354851323 [E:onnxruntime:Default, env.cc:227 ThreadMain] pthread_setaffinity_np failed for thread: 2082711, index: 109, mask: {110, }, error code: 22 error msg: Invalid argument. Specify the number of threads explicitly so the affinity is not set.[m
[serve] [1;31m2026-07-21 09:50:04.355847554 [E:onnxruntime:Default, env.cc:227 ThreadMain] pthread_setaffinity_np failed for thread: 2082782, index: 34, mask: {35, }, error code: 22 error msg: Invalid argument. Specify the number of threads explicitly so the affinity is not set.[m
[serve] [1;31m2026-07-21 09:50:04.359847039 [E:onnxruntime:Default, env.cc:227 ThreadMain] pthread_setaffinity_np failed for thread: 2082712, index: 110, mask: {111, }, error code: 22 error msg: Invalid argument. Specify the number of threads explicitly so the affinity is not set.[m
[serve] [1;31m2026-07-21 09:50:04.360240795 [E:onnxruntime:Default, env.cc:227 ThreadMain] pthread_setaffinity_np failed for thread: 2082739, index: 10, mask: {11, }, error code: 22 error msg: Invalid argument. Specify the number of threads explicitly so the affinity is not set.[m
[serve] [1;31m2026-07-21 09:50:04.360847989 [E:onnxruntime:Default, env.cc:227 ThreadMain] pthread_setaffinity_np failed for thread: 2082783, index: 35, mask: {36, }, error code: 22 error msg: Invalid argument. Specify the number of threads explicitly so the affinity is not set.[m
[serve] [1;31m2026-07-21 09:50:04.363734003 [E:onnxruntime:Default, env.cc:227 ThreadMain] pthread_setaffinity_np failed for thread: 2082747, index: 18, mask: {19, }, error code: 22 error msg: Invalid argument. Specify the number of threads explicitly so the affinity is not set.[m
[serve] [1;31m2026-07-21 09:50:04.346839169 [E:onnxruntime:Default, env.cc:227 ThreadMain] pthread_setaffinity_np failed for thread: 2082719, index: 117, mask: {118, }, error code: 22 error msg: Invalid argument. Specify the number of threads explicitly so the affinity is not set.[m
[serve] [1;31m2026-07-21 09:50:04.330884142 [E:onnxruntime:Default, env.cc:227 ThreadMain] pthread_setaffinity_np failed for thread: 2082695, index: 93, mask: {94, }, error code: 22 error msg: Invalid argument. Specify the number of threads explicitly so the affinity is not set.[m
[serve] [1;31m2026-07-21 09:50:04.342840116 [E:onnxruntime:Default, env.cc:227 ThreadMain] pthread_setaffinity_np failed for thread: 2082658, index: 56, mask: {57, }, error code: 22 error msg: Invalid argument. Specify the number of threads explicitly so the affinity is not set.[m
[serve] [1;31m2026-07-21 09:50:04.330890784 [E:onnxruntime:Default, env.cc:227 ThreadMain] pthread_setaffinity_np failed for thread: 2082696, index: 94, mask: {95, }, error code: 22 error msg: Invalid argument. Specify the number of threads explicitly so the affinity is not set.[m
[serve] [1;31m2026-07-21 09:50:04.364273100 [E:onnxruntime:Default, env.cc:227 ThreadMain] pthread_setaffinity_np failed for thread: 2082871, index: 123, mask: {124, }, error code: 22 error msg: Invalid argument. Specify the number of threads explicitly so the affinity is not set.[m
[serve] [1;31m2026-07-21 09:50:04.322033303 [E:onnxruntime:Default, env.cc:227 ThreadMain] pthread_setaffinity_np failed for thread: 516863, index: 63, mask: {64, }, error code: 22 error msg: Invalid argument. Specify the number of threads explicitly so the affinity is not set.[m
[serve] [1;31m2026-07-21 09:50:04.365635246 [E:onnxruntime:Default, env.cc:227 ThreadMain] pthread_setaffinity_np failed for thread: 2082870, index: 122, mask: {123, }, error code: 22 error msg: Invalid argument. Specify the number of threads explicitly so the affinity is not set.[m
[serve] [1;31m2026-07-21 09:50:04.366503258 [E:onnxruntime:Default, env.cc:227 ThreadMain] pthread_setaffinity_np failed for thread: 2082820, index: 72, mask: {73, }, error code: 22 error msg: Invalid argument. Specify the number of threads explicitly so the affinity is not set.[m
[serve] [1;31m2026-07-21 09:50:04.367134518 [E:onnxruntime:Default, env.cc:227 ThreadMain] pthread_setaffinity_np failed for thread: 2082822, index: 74, mask: {75, }, error code: 22 error msg: Invalid argument. Specify the number of threads explicitly so the affinity is not set.[m
[serve] [1;31m2026-07-21 09:50:04.346836584 [E:onnxruntime:Default, env.cc:227 ThreadMain] pthread_setaffinity_np failed for thread: 2082646, index: 44, mask: {45, }, error code: 22 error msg: Invalid argument. Specify the number of threads explicitly so the affinity is not set.[m
[serve] [1;31m2026-07-21 09:50:04.330911633 [E:onnxruntime:Default, env.cc:227 ThreadMain] pthread_setaffinity_np failed for thread: 2082623, index: 21, mask: {22, }, error code: 22 error msg: Invalid argument. Specify the number of threads explicitly so the affinity is not set.[m
[serve] [1;31m2026-07-21 09:50:04.367865323 [E:onnxruntime:Default, env.cc:227 ThreadMain] pthread_setaffinity_np failed for thread: 2082770, index: 22, mask: {23, }, error code: 22 error msg: Invalid argument. Specify the number of threads explicitly so the affinity is not set.[m
[serve] [1;31m2026-07-21 09:50:04.346846403 [E:onnxruntime:Default, env.cc:227 ThreadMain] pthread_setaffinity_np failed for thread: 2082715, index: 113, mask: {114, }, error code: 22 error msg: Invalid argument. Specify the number of threads explicitly so the affinity is not set.[m
[serve] [1;31m2026-07-21 09:50:04.368846487 [E:onnxruntime:Default, env.cc:227 ThreadMain] pthread_setaffinity_np failed for thread: 2082872, index: 124, mask: {125, }, error code: 22 error msg: Invalid argument. Specify the number of threads explicitly so the affinity is not set.[m
[serve] [1;31m2026-07-21 09:50:04.321988249 [E:onnxruntime:Default, env.cc:227 ThreadMain] pthread_setaffinity_np failed for thread: 516825, index: 25, mask: {26, }, error code: 22 error msg: Invalid argument. Specify the number of threads explicitly so the affinity is not set.[m
[serve] [1;31m2026-07-21 09:50:04.369852878 [E:onnxruntime:Default, env.cc:227 ThreadMain] pthread_setaffinity_np failed for thread: 2082826, index: 78, mask: {79, }, error code: 22 error msg: Invalid argument. Specify the number of threads explicitly so the affinity is not set.[m
[serve] [1;31m2026-07-21 09:50:04.370849350 [E:onnxruntime:Default, env.cc:227 ThreadMain] pthread_setaffinity_np failed for thread: 2082838, index: 90, mask: {91, }, error code: 22 error msg: Invalid argument. Specify the number of threads explicitly so the affinity is not set.[m
[serve] [1;31m2026-07-21 09:50:04.330907355 [E:onnxruntime:Default, env.cc:227 ThreadMain] pthread_setaffinity_np failed for thread: 2082697, index: 95, mask: {96, }, error code: 22 error msg: Invalid argument. Specify the number of threads explicitly so the affinity is not set.[m
[serve] [1;31m2026-07-21 09:50:04.346870718 [E:onnxruntime:Default, env.cc:227 ThreadMain] pthread_setaffinity_np failed for thread: 2082635, index: 33, mask: {34, }, error code: 22 error msg: Invalid argument. Specify the number of threads explicitly so the affinity is not set.[m
[serve] [1;31m2026-07-21 09:50:04.371845873 [E:onnxruntime:Default, env.cc:227 ThreadMain] pthread_setaffinity_np failed for thread: 2082771, index: 23, mask: {24, }, error code: 22 error msg: Invalid argument. Specify the number of threads explicitly so the affinity is not set.[m
[serve] [1;31m2026-07-21 09:50:04.372845280 [E:onnxruntime:Default, env.cc:227 ThreadMain] pthread_setaffinity_np failed for thread: 2082865, index: 117, mask: {118, }, error code: 22 error msg: Invalid argument. Specify the number of threads explicitly so the affinity is not set.[m
[serve] [1;31m2026-07-21 09:50:04.329981375 [E:onnxruntime:Default, env.cc:227 ThreadMain] pthread_setaffinity_np failed for thread: 516870, index: 70, mask: {71, }, error code: 22 error msg: Invalid argument. Specify the number of threads explicitly so the affinity is not set.[m
[serve] [1;31m2026-07-21 09:50:04.373852763 [E:onnxruntime:Default, env.cc:227 ThreadMain] pthread_setaffinity_np failed for thread: 2082827, index: 79, mask: {80, }, error code: 22 error msg: Invalid argument. Specify the number of threads explicitly so the affinity is not set.[m
[serve] [1;31m2026-07-21 09:50:04.346854047 [E:onnxruntime:Default, env.cc:227 ThreadMain] pthread_setaffinity_np failed for thread: 2082725, index: 123, mask: {124, }, error code: 22 error msg: Invalid argument. Specify the number of threads explicitly so the affinity is not set.[m
[serve] [1;31m2026-07-21 09:50:04.374858693 [E:onnxruntime:Default, env.cc:227 ThreadMain] pthread_setaffinity_np failed for thread: 2082840, index: 92, mask: {93, }, error code: 22 error msg: Invalid argument. Specify the number of threads explicitly so the affinity is not set.[m
[serve] [1;31m2026-07-21 09:50:04.374873210 [E:onnxruntime:Default, env.cc:227 ThreadMain] pthread_setaffinity_np failed for thread: 2082866, index: 118, mask: {119, }, error code: 22 error msg: Invalid argument. Specify the number of threads explicitly so the affinity is not set.[m
[serve] [1;31m2026-07-21 09:50:04.342846858 [E:onnxruntime:Default, env.cc:227 ThreadMain] pthread_setaffinity_np failed for thread: 2082664, index: 62, mask: {63, }, error code: 22 error msg: Invalid argument. Specify the number of threads explicitly so the affinity is not set.[m
[serve] [1;31m2026-07-21 09:50:04.375842502 [E:onnxruntime:Default, env.cc:227 ThreadMain] pthread_setaffinity_np failed for thread: 2082763, index: 15, mask: {16, }, error code: 22 error msg: Invalid argument. Specify the number of threads explicitly so the affinity is not set.[m
[serve] [1;31m2026-07-21 09:50:04.346846753 [E:onnxruntime:Default, env.cc:227 ThreadMain] pthread_setaffinity_np failed for thread: 2082727, index: 125, mask: {126, }, error code: 22 error msg: Invalid argument. Specify the number of threads explicitly so the affinity is not set.[m
[serve] [1;31m2026-07-21 09:50:04.376849193 [E:onnxruntime:Default, env.cc:227 ThreadMain] pthread_setaffinity_np failed for thread: 2082867, index: 119, mask: {120, }, error code: 22 error msg: Invalid argument. Specify the number of threads explicitly so the affinity is not set.[m
[serve] [1;31m2026-07-21 09:50:04.377854031 [E:onnxruntime:Default, env.cc:227 ThreadMain] pthread_setaffinity_np failed for thread: 2082842, index: 94, mask: {95, }, error code: 22 error msg: Invalid argument. Specify the number of threads explicitly so the affinity is not set.[m
[serve] [1;31m2026-07-21 09:50:04.378856785 [E:onnxruntime:Default, env.cc:227 ThreadMain] pthread_setaffinity_np failed for thread: 2082850, index: 102, mask: {103, }, error code: 22 error msg: Invalid argument. Specify the number of threads explicitly so the affinity is not set.[m
[serve] [1;31m2026-07-21 09:50:04.346864837 [E:onnxruntime:Default, env.cc:227 ThreadMain] pthread_setaffinity_np failed for thread: 2082633, index: 31, mask: {32, }, error code: 22 error msg: Invalid argument. Specify the number of threads explicitly so the affinity is not set.[m
[serve] [1;31m2026-07-21 09:50:04.379847065 [E:onnxruntime:Default, env.cc:227 ThreadMain] pthread_setaffinity_np failed for thread: 2082765, index: 17, mask: {18, }, error code: 22 error msg: Invalid argument. Specify the number of threads explicitly so the affinity is not set.[m
[serve] [1;31m2026-07-21 09:50:04.348996940 [E:onnxruntime:Default, env.cc:227 ThreadMain] pthread_setaffinity_np failed for thread: 516823, index: 23, mask: {24, }, error code: 22 error msg: Invalid argument. Specify the number of threads explicitly so the affinity is not set.[m
[serve] [1;31m2026-07-21 09:50:04.353991200 [E:onnxruntime:Default, env.cc:227 ThreadMain] pthread_setaffinity_np failed for thread: 516842, index: 42, mask: {43, }, error code: 22 error msg: Invalid argument. Specify the number of threads explicitly so the affinity is not set.[m
[serve] [1;31m2026-07-21 09:50:04.341034001 [E:onnxruntime:Default, env.cc:227 ThreadMain] pthread_setaffinity_np failed for thread: 516818, index: 18, mask: {19, }, error code: 22 error msg: Invalid argument. Specify the number of threads explicitly so the affinity is not set.[m
[serve] [1;31m2026-07-21 09:50:04.364980498 [E:onnxruntime:Default, env.cc:227 ThreadMain] pthread_setaffinity_np failed for thread: 516852, index: 52, mask: {53, }, error code: 22 error msg: Invalid argument. Specify the number of threads explicitly so the affinity is not set.[m
[serve] [1;31m2026-07-21 09:50:04.380845882 [E:onnxruntime:Default, env.cc:227 ThreadMain] pthread_setaffinity_np failed for thread: 2082860, index: 112, mask: {113, }, error code: 22 error msg: Invalid argument. Specify the number of threads explicitly so the affinity is not set.[m
[serve] [1;31m2026-07-21 09:50:04.353997863 [E:onnxruntime:Default, env.cc:227 ThreadMain] pthread_setaffinity_np failed for thread: 516844, index: 44, mask: {45, }, error code: 22 error msg: Invalid argument. Specify the number of threads explicitly so the affinity is not set.[m
[serve] [1;31m2026-07-21 09:50:04.381853124 [E:onnxruntime:Default, env.cc:227 ThreadMain] pthread_setaffinity_np failed for thread: 2082843, index: 95, mask: {96, }, error code: 22 error msg: Invalid argument. Specify the number of threads explicitly so the affinity is not set.[m
[serve] [1;31m2026-07-21 09:50:04.375985825 [E:onnxruntime:Default, env.cc:227 ThreadMain] pthread_setaffinity_np failed for thread: 516853, index: 53, mask: {54, }, error code: 22 error msg: Invalid argument. Specify the number of threads explicitly so the affinity is not set.[m
[serve] [1;31m2026-07-21 09:50:04.382869844 [E:onnxruntime:Default, env.cc:227 ThreadMain] pthread_setaffinity_np failed for thread: 2082851, index: 103, mask: {104, }, error code: 22 error msg: Invalid argument. Specify the number of threads explicitly so the affinity is not set.[m
[serve] [1;31m2026-07-21 09:50:04.346856552 [E:onnxruntime:Default, env.cc:227 ThreadMain] pthread_setaffinity_np failed for thread: 2082693, index: 91, mask: {92, }, error code: 22 error msg: Invalid argument. Specify the number of threads explicitly so the affinity is not set.[m
[serve] [1;31m2026-07-21 09:50:04.383847171 [E:onnxruntime:Default, env.cc:227 ThreadMain] pthread_setaffinity_np failed for thread: 2082756, index: 8, mask: {9, }, error code: 22 error msg: Invalid argument. Specify the number of threads explicitly so the affinity is not set.[m
[serve] [1;31m2026-07-21 09:50:04.368966926 [E:onnxruntime:Default, env.cc:227 ThreadMain] pthread_setaffinity_np failed for thread: 516866, index: 66, mask: {67, }, error code: 22 error msg: Invalid argument. Specify the number of threads explicitly so the affinity is not set.[m
[serve] [32m[INFO] 2026-07-21 09:50:04,384 [RapidOCR] base.py:22: Using engine_name: onnxruntime[0m
[serve] [32m[INFO] 2026-07-21 09:50:04,384 [RapidOCR] main.py:53: Using /opt/app-root/src/.cache/docling/models/RapidOcr/onnx/PP-OCRv4/rec/ch_PP-OCRv4_rec_infer.onnx[0m
[serve] [1;31m2026-07-21 09:50:04.384846088 [E:onnxruntime:Default, env.cc:227 ThreadMain] pthread_setaffinity_np failed for thread: 2082862, index: 114, mask: {115, }, error code: 22 error msg: Invalid argument. Specify the number of threads explicitly so the affinity is not set.[m
[serve] [1;31m2026-07-21 09:50:04.385852829 [E:onnxruntime:Default, env.cc:227 ThreadMain] pthread_setaffinity_np failed for thread: 2082844, index: 96, mask: {97, }, error code: 22 error msg: Invalid argument. Specify the number of threads explicitly so the affinity is not set.[m
[serve] [1;31m2026-07-21 09:50:04.386435468 [E:onnxruntime:Default, env.cc:227 ThreadMain] pthread_setaffinity_np failed for thread: 2082875, index: 0, mask: {1, }, error code: 22 error msg: Invalid argument. Specify the number of threads explicitly so the affinity is not set.[m
[serve] [1;31m2026-07-21 09:50:04.386449384 [E:onnxruntime:Default, env.cc:227 ThreadMain] pthread_setaffinity_np failed for thread: 2082876, index: 1, mask: {2, }, error code: 22 error msg: Invalid argument. Specify the number of threads explicitly so the affinity is not set.[m
[serve] [1;31m2026-07-21 09:50:04.386513344 [E:onnxruntime:Default, env.cc:227 ThreadMain] pthread_setaffinity_np failed for thread: 2082877, index: 2, mask: {3, }, error code: 22 error msg: Invalid argument. Specify the number of threads explicitly so the affinity is not set.[m
[serve] [1;31m2026-07-21 09:50:04.386543791 [E:onnxruntime:Default, env.cc:227 ThreadMain] pthread_setaffinity_np failed for thread: 2082878, index: 3, mask: {4, }, error code: 22 error msg: Invalid argument. Specify the number of threads explicitly so the affinity is not set.[m
[serve] [1;31m2026-07-21 09:50:04.386575129 [E:onnxruntime:Default, env.cc:227 ThreadMain] pthread_setaffinity_np failed for thread: 2082879, index: 4, mask: {5, }, error code: 22 error msg: Invalid argument. Specify the number of threads explicitly so the affinity is not set.[m
[serve] [1;31m2026-07-21 09:50:04.386609664 [E:onnxruntime:Default, env.cc:227 ThreadMain] pthread_setaffinity_np failed for thread: 2082880, index: 5, mask: {6, }, error code: 22 error msg: Invalid argument. Specify the number of threads explicitly so the affinity is not set.[m
[serve] [1;31m2026-07-21 09:50:04.386849141 [E:onnxruntime:Default, env.cc:227 ThreadMain] pthread_setaffinity_np failed for thread: 2082807, index: 59, mask: {60, }, error code: 22 error msg: Invalid argument. Specify the number of threads explicitly so the affinity is not set.[m
[serve] [1;31m2026-07-21 09:50:04.387014049 [E:onnxruntime:Default, env.cc:227 ThreadMain] pthread_setaffinity_np failed for thread: 2082891, index: 16, mask: {17, }, error code: 22 error msg: Invalid argument. Specify the number of threads explicitly so the affinity is not set.[m
[serve] [1;31m2026-07-21 09:50:04.387915754 [E:onnxruntime:Default, env.cc:227 ThreadMain] pthread_setaffinity_np failed for thread: 2082755, index: 7, mask: {8, }, error code: 22 error msg: Invalid argument. Specify the number of threads explicitly so the affinity is not set.[m
[serve] [1;31m2026-07-21 09:50:04.372965408 [E:onnxruntime:Default, env.cc:227 ThreadMain] pthread_setaffinity_np failed for thread: 516834, index: 34, mask: {35, }, error code: 22 error msg: Invalid argument. Specify the number of threads explicitly so the affinity is not set.[m
[serve] [1;31m2026-07-21 09:50:04.388849620 [E:onnxruntime:Default, env.cc:227 ThreadMain] pthread_setaffinity_np failed for thread: 2082856, index: 108, mask: {109, }, error code: 22 error msg: Invalid argument. Specify the number of threads explicitly so the affinity is not set.[m
[serve] [1;31m2026-07-21 09:50:04.376000763 [E:onnxruntime:Default, env.cc:227 ThreadMain] pthread_setaffinity_np failed for thread: 516860, index: 60, mask: {61, }, error code: 22 error msg: Invalid argument. Specify the number of threads explicitly so the affinity is not set.[m
[serve] [1;31m2026-07-21 09:50:04.390855017 [E:onnxruntime:Default, env.cc:227 ThreadMain] pthread_setaffinity_np failed for thread: 2082811, index: 63, mask: {64, }, error code: 22 error msg: Invalid argument. Specify the number of threads explicitly so the affinity is not set.[m
[serve] [1;31m2026-07-21 09:50:04.392855937 [E:onnxruntime:Default, env.cc:227 ThreadMain] pthread_setaffinity_np failed for thread: 2082858, index: 110, mask: {111, }, error code: 22 error msg: Invalid argument. Specify the number of threads explicitly so the affinity is not set.[m
[serve] [1;31m2026-07-21 09:50:04.394850625 [E:onnxruntime:Default, env.cc:227 ThreadMain] pthread_setaffinity_np failed for thread: 2082812, index: 64, mask: {65, }, error code: 22 error msg: Invalid argument. Specify the number of threads explicitly so the affinity is not set.[m
[serve] [1;31m2026-07-21 09:50:04.395849010 [E:onnxruntime:Default, env.cc:227 ThreadMain] pthread_setaffinity_np failed for thread: 2082803, index: 55, mask: {56, }, error code: 22 error msg: Invalid argument. Specify the number of threads explicitly so the affinity is not set.[m
[serve] [1;31m2026-07-21 09:50:04.395848560 [E:onnxruntime:Default, env.cc:227 ThreadMain] pthread_setaffinity_np failed for thread: 2082892, index: 17, mask: {18, }, error code: 22 error msg: Invalid argument. Specify the number of threads explicitly so the affinity is not set.[m
[serve] [1;31m2026-07-21 09:50:04.376026221 [E:onnxruntime:Default, env.cc:227 ThreadMain] pthread_setaffinity_np failed for thread: 516878, index: 78, mask: {79, }, error code: 22 error msg: Invalid argument. Specify the number of threads explicitly so the affinity is not set.[m
[serve] [1;31m2026-07-21 09:50:04.395979546 [E:onnxruntime:Default, env.cc:227 ThreadMain] pthread_setaffinity_np failed for thread: 516875, index: 75, mask: {76, }, error code: 22 error msg: Invalid argument. Specify the number of threads explicitly so the affinity is not set.[m
[serve] [1;31m2026-07-21 09:50:04.396853798 [E:onnxruntime:Default, env.cc:227 ThreadMain] pthread_setaffinity_np failed for thread: 2082757, index: 9, mask: {10, }, error code: 22 error msg: Invalid argument. Specify the number of threads explicitly so the affinity is not set.[m
[serve] [1;31m2026-07-21 09:50:04.397701021 [E:onnxruntime:Default, env.cc:227 ThreadMain] pthread_setaffinity_np failed for thread: 2082823, index: 75, mask: {76, }, error code: 22 error msg: Invalid argument. Specify the number of threads explicitly so the affinity is not set.[m
[serve] [1;31m2026-07-21 09:50:04.390622433 [E:onnxruntime:Default, env.cc:227 ThreadMain] pthread_setaffinity_np failed for thread: 2082736, index: 7, mask: {8, }, error code: 22 error msg: Invalid argument. Specify the number of threads explicitly so the affinity is not set.[m
[serve] [1;31m2026-07-21 09:50:04.393861316 [E:onnxruntime:Default, env.cc:227 ThreadMain] pthread_setaffinity_np failed for thread: 2082956, index: 29, mask: {30, }, error code: 22 error msg: Invalid argument. Specify the number of threads explicitly so the affinity is not set.[m
[serve] [1;31m2026-07-21 09:50:04.393889028 [E:onnxruntime:Default, env.cc:227 ThreadMain] pthread_setaffinity_np failed for thread: 2082738, index: 9, mask: {10, }, error code: 22 error msg: Invalid argument. Specify the number of threads explicitly so the affinity is not set.[m
[serve] [1;31m2026-07-21 09:50:04.397847014 [E:onnxruntime:Default, env.cc:227 ThreadMain] pthread_setaffinity_np failed for thread: 2082958, index: 31, mask: {32, }, error code: 22 error msg: Invalid argument. Specify the number of threads explicitly so the affinity is not set.[m
[serve] [1;31m2026-07-21 09:50:04.399842975 [E:onnxruntime:Default, env.cc:227 ThreadMain] pthread_setaffinity_np failed for thread: 2082817, index: 69, mask: {70, }, error code: 22 error msg: Invalid argument. Specify the number of threads explicitly so the affinity is not set.[m
[serve] [1;31m2026-07-21 09:50:04.399874844 [E:onnxruntime:Default, env.cc:227 ThreadMain] pthread_setaffinity_np failed for thread: 2082814, index: 66, mask: {67, }, error code: 22 error msg: Invalid argument. Specify the number of threads explicitly so the affinity is not set.[m
[serve] [1;31m2026-07-21 09:50:04.399852382 [E:onnxruntime:Default, env.cc:227 ThreadMain] pthread_setaffinity_np failed for thread: 2082809, index: 61, mask: {62, }, error code: 22 error msg: Invalid argument. Specify the number of threads explicitly so the affinity is not set.[m
[serve] [1;31m2026-07-21 09:50:04.397887750 [E:onnxruntime:Default, env.cc:227 ThreadMain] pthread_setaffinity_np failed for thread: 2082740, index: 11, mask: {12, }, error code: 22 error msg: Invalid argument. Specify the number of threads explicitly so the affinity is not set.[m
[serve] [1;31m2026-07-21 09:50:04.401852250 [E:onnxruntime:Default, env.cc:227 ThreadMain] pthread_setaffinity_np failed for thread: 2082743, index: 14, mask: {15, }, error code: 22 error msg: Invalid argument. Specify the number of threads explicitly so the affinity is not set.[m
[serve] [1;31m2026-07-21 09:50:04.403903553 [E:onnxruntime:Default, env.cc:227 ThreadMain] pthread_setaffinity_np failed for thread: 2082761, index: 13, mask: {14, }, error code: 22 error msg: Invalid argument. Specify the number of threads explicitly so the affinity is not set.[m
[serve] [1;31m2026-07-21 09:50:04.403980897 [E:onnxruntime:Default, env.cc:227 ThreadMain] pthread_setaffinity_np failed for thread: 516826, index: 26, mask: {27, }, error code: 22 error msg: Invalid argument. Specify the number of threads explicitly so the affinity is not set.[m
[serve] [1;31m2026-07-21 09:50:04.404847828 [E:onnxruntime:Default, env.cc:227 ThreadMain] pthread_setaffinity_np failed for thread: 2082821, index: 73, mask: {74, }, error code: 22 error msg: Invalid argument. Specify the number of threads explicitly so the affinity is not set.[m
[serve] [1;31m2026-07-21 09:50:04.404890738 [E:onnxruntime:Default, env.cc:227 ThreadMain] pthread_setaffinity_np failed for thread: 2082805, index: 57, mask: {58, }, error code: 22 error msg: Invalid argument. Specify the number of threads explicitly so the affinity is not set.[m
[serve] [1;31m2026-07-21 09:50:04.405885597 [E:onnxruntime:Default, env.cc:227 ThreadMain] pthread_setaffinity_np failed for thread: 2083018, index: 102, mask: {103, }, error code: 22 error msg: Invalid argument. Specify the number of threads explicitly so the affinity is not set.[m
[serve] [1;31m2026-07-21 09:50:04.407968158 [E:onnxruntime:Default, env.cc:227 ThreadMain] pthread_setaffinity_np failed for thread: 516829, index: 29, mask: {30, }, error code: 22 error msg: Invalid argument. Specify the number of threads explicitly so the affinity is not set.[m
[serve] [1;31m2026-07-21 09:50:04.405844590 [E:onnxruntime:Default, env.cc:227 ThreadMain] pthread_setaffinity_np failed for thread: 2082745, index: 16, mask: {17, }, error code: 22 error msg: Invalid argument. Specify the number of threads explicitly so the affinity is not set.[m
[serve] [1;31m2026-07-21 09:50:04.408856840 [E:onnxruntime:Default, env.cc:227 ThreadMain] pthread_setaffinity_np failed for thread: 2082764, index: 16, mask: {17, }, error code: 22 error msg: Invalid argument. Specify the number of threads explicitly so the affinity is not set.[m
[serve] [1;31m2026-07-21 09:50:04.404930933 [E:onnxruntime:Default, env.cc:227 ThreadMain] pthread_setaffinity_np failed for thread: 2082808, index: 60, mask: {61, }, error code: 22 error msg: Invalid argument. Specify the number of threads explicitly so the affinity is not set.[m
[serve] [1;31m2026-07-21 09:50:04.409845337 [E:onnxruntime:Default, env.cc:227 ThreadMain] pthread_setaffinity_np failed for thread: 2082746, index: 17, mask: {18, }, error code: 22 error msg: Invalid argument. Specify the number of threads explicitly so the affinity is not set.[m
[serve] [1;31m2026-07-21 09:50:04.401839325 [E:onnxruntime:Default, env.cc:227 ThreadMain] pthread_setaffinity_np failed for thread: 2083047, index: 119, mask: {120, }, error code: 22 error msg: Invalid argument. Specify the number of threads explicitly so the affinity is not set.[m
[serve] [1;31m2026-07-21 09:50:04.401851448 [E:onnxruntime:Default, env.cc:227 ThreadMain] pthread_setaffinity_np failed for thread: 2083040, index: 114, mask: {115, }, error code: 22 error msg: Invalid argument. Specify the number of threads explicitly so the affinity is not set.[m
[serve] [1;31m2026-07-21 09:50:04.411966780 [E:onnxruntime:Default, env.cc:227 ThreadMain] pthread_setaffinity_np failed for thread: 516838, index: 38, mask: {39, }, error code: 22 error msg: Invalid argument. Specify the number of threads explicitly so the affinity is not set.[m
[serve] [1;31m2026-07-21 09:50:04.413842587 [E:onnxruntime:Default, env.cc:227 ThreadMain] pthread_setaffinity_np failed for thread: 2082766, index: 18, mask: {19, }, error code: 22 error msg: Invalid argument. Specify the number of threads explicitly so the affinity is not set.[m
[serve] [1;31m2026-07-21 09:50:04.404949538 [E:onnxruntime:Default, env.cc:227 ThreadMain] pthread_setaffinity_np failed for thread: 2082810, index: 62, mask: {63, }, error code: 22 error msg: Invalid argument. Specify the number of threads explicitly so the affinity is not set.[m
[serve] [1;31m2026-07-21 09:50:04.415983526 [E:onnxruntime:Default, env.cc:227 ThreadMain] pthread_setaffinity_np failed for thread: 516832, index: 32, mask: {33, }, error code: 22 error msg: Invalid argument. Specify the number of threads explicitly so the affinity is not set.[m
[serve] [1;31m2026-07-21 09:50:04.416844187 [E:onnxruntime:Default, env.cc:227 ThreadMain] pthread_setaffinity_np failed for thread: 2082841, index: 93, mask: {94, }, error code: 22 error msg: Invalid argument. Specify the number of threads explicitly so the affinity is not set.[m
[serve] [1;31m2026-07-21 09:50:04.413847306 [E:onnxruntime:Default, env.cc:227 ThreadMain] pthread_setaffinity_np failed for thread: 2082735, index: 6, mask: {7, }, error code: 22 error msg: Invalid argument. Specify the number of threads explicitly so the affinity is not set.[m
[serve] [1;31m2026-07-21 09:50:04.417843164 [E:onnxruntime:Default, env.cc:227 ThreadMain] pthread_setaffinity_np failed for thread: 2082734, index: 5, mask: {6, }, error code: 22 error msg: Invalid argument. Specify the number of threads explicitly so the affinity is not set.[m
[serve] [1;31m2026-07-21 09:50:04.417840809 [E:onnxruntime:Default, env.cc:227 ThreadMain] pthread_setaffinity_np failed for thread: 2082788, index: 40, mask: {41, }, error code: 22 error msg: Invalid argument. Specify the number of threads explicitly so the affinity is not set.[m
[serve] [1;31m2026-07-21 09:50:04.419879920 [E:onnxruntime:Default, env.cc:227 ThreadMain] pthread_setaffinity_np failed for thread: 2083046, index: 118, mask: {119, }, error code: 22 error msg: Invalid argument. Specify the number of threads explicitly so the affinity is not set.[m
[serve] [1;31m2026-07-21 09:50:04.420844673 [E:onnxruntime:Default, env.cc:227 ThreadMain] pthread_setaffinity_np failed for thread: 2082845, index: 97, mask: {98, }, error code: 22 error msg: Invalid argument. Specify the number of threads explicitly so the affinity is not set.[m
[serve] [1;31m2026-07-21 09:50:04.421841506 [E:onnxruntime:Default, env.cc:227 ThreadMain] pthread_setaffinity_np failed for thread: 2082767, index: 19, mask: {20, }, error code: 22 error msg: Invalid argument. Specify the number of threads explicitly so the affinity is not set.[m
[serve] [1;31m2026-07-21 09:50:04.421845844 [E:onnxruntime:Default, env.cc:227 ThreadMain] pthread_setaffinity_np failed for thread: 2082733, index: 4, mask: {5, }, error code: 22 error msg: Invalid argument. Specify the number of threads explicitly so the affinity is not set.[m
[serve] [1;31m2026-07-21 09:50:04.423846062 [E:onnxruntime:Default, env.cc:227 ThreadMain] pthread_setaffinity_np failed for thread: 2082902, index: 27, mask: {28, }, error code: 22 error msg: Invalid argument. Specify the number of threads explicitly so the affinity is not set.[m
[serve] [1;31m2026-07-21 09:50:04.425840459 [E:onnxruntime:Default, env.cc:227 ThreadMain] pthread_setaffinity_np failed for thread: 2082772, index: 24, mask: {25, }, error code: 22 error msg: Invalid argument. Specify the number of threads explicitly so the affinity is not set.[m
[serve] [1;31m2026-07-21 09:50:04.425844878 [E:onnxruntime:Default, env.cc:227 ThreadMain] pthread_setaffinity_np failed for thread: 2082732, index: 3, mask: {4, }, error code: 22 error msg: Invalid argument. Specify the number of threads explicitly so the affinity is not set.[m
[serve] [1;31m2026-07-21 09:50:04.427845597 [E:onnxruntime:Default, env.cc:227 ThreadMain] pthread_setaffinity_np failed for thread: 2082903, index: 28, mask: {29, }, error code: 22 error msg: Invalid argument. Specify the number of threads explicitly so the affinity is not set.[m
[serve] [1;31m2026-07-21 09:50:04.428974408 [E:onnxruntime:Default, env.cc:227 ThreadMain] pthread_setaffinity_np failed for thread: 516840, index: 40, mask: {41, }, error code: 22 error msg: Invalid argument. Specify the number of threads explicitly so the affinity is not set.[m
[serve] [1;31m2026-07-21 09:50:04.429840344 [E:onnxruntime:Default, env.cc:227 ThreadMain] pthread_setaffinity_np failed for thread: 2082773, index: 25, mask: {26, }, error code: 22 error msg: Invalid argument. Specify the number of threads explicitly so the affinity is not set.[m
[serve] [1;31m2026-07-21 09:50:04.431842827 [E:onnxruntime:Default, env.cc:227 ThreadMain] pthread_setaffinity_np failed for thread: 2082912, index: 37, mask: {38, }, error code: 22 error msg: Invalid argument. Specify the number of threads explicitly so the affinity is not set.[m
[serve] [1;31m2026-07-21 09:50:04.432845320 [E:onnxruntime:Default, env.cc:227 ThreadMain] pthread_setaffinity_np failed for thread: 2082997, index: 95, mask: {96, }, error code: 22 error msg: Invalid argument. Specify the number of threads explicitly so the affinity is not set.[m
[serve] [1;31m2026-07-21 09:50:04.433843586 [E:onnxruntime:Default, env.cc:227 ThreadMain] pthread_setaffinity_np failed for thread: 2082789, index: 41, mask: {42, }, error code: 22 error msg: Invalid argument. Specify the number of threads explicitly so the affinity is not set.[m
[serve] [1;31m2026-07-21 09:50:04.435851679 [E:onnxruntime:Default, env.cc:227 ThreadMain] pthread_setaffinity_np failed for thread: 2082920, index: 45, mask: {46, }, error code: 22 error msg: Invalid argument. Specify the number of threads explicitly so the affinity is not set.[m
[serve] [1;31m2026-07-21 09:50:04.435970754 [E:onnxruntime:Default, env.cc:227 ThreadMain] pthread_setaffinity_np failed for thread: 516839, index: 39, mask: {40, }, error code: 22 error msg: Invalid argument. Specify the number of threads explicitly so the affinity is not set.[m
[serve] [1;31m2026-07-21 09:50:04.436623461 [E:onnxruntime:Default, env.cc:227 ThreadMain] pthread_setaffinity_np failed for thread: 2082924, index: 49, mask: {50, }, error code: 22 error msg: Invalid argument. Specify the number of threads explicitly so the affinity is not set.[m
[serve] [1;31m2026-07-21 09:50:04.436696798 [E:onnxruntime:Default, env.cc:227 ThreadMain] pthread_setaffinity_np failed for thread: 2082931, index: 56, mask: {57, }, error code: 22 error msg: Invalid argument. Specify the number of threads explicitly so the affinity is not set.[m
[serve] [1;31m2026-07-21 09:50:04.437841638 [E:onnxruntime:Default, env.cc:227 ThreadMain] pthread_setaffinity_np failed for thread: 2082774, index: 26, mask: {27, }, error code: 22 error msg: Invalid argument. Specify the number of threads explicitly so the affinity is not set.[m
[serve] [1;31m2026-07-21 09:50:04.439845463 [E:onnxruntime:Default, env.cc:227 ThreadMain] pthread_setaffinity_np failed for thread: 2082935, index: 60, mask: {61, }, error code: 22 error msg: Invalid argument. Specify the number of threads explicitly so the affinity is not set.[m
[serve] [1;31m2026-07-21 09:50:04.441842965 [E:onnxruntime:Default, env.cc:227 ThreadMain] pthread_setaffinity_np failed for thread: 2083051, index: 123, mask: {124, }, error code: 22 error msg: Invalid argument. Specify the number of threads explicitly so the affinity is not set.[m
[serve] [1;31m2026-07-21 09:50:04.441840691 [E:onnxruntime:Default, env.cc:227 ThreadMain] pthread_setaffinity_np failed for thread: 2082792, index: 44, mask: {45, }, error code: 22 error msg: Invalid argument. Specify the number of threads explicitly so the affinity is not set.[m
[serve] [1;31m2026-07-21 09:50:04.429854922 [E:onnxruntime:Default, env.cc:227 ThreadMain] pthread_setaffinity_np failed for thread: 2082729, index: 0, mask: {1, }, error code: 22 error msg: Invalid argument. Specify the number of threads explicitly so the affinity is not set.[m
[serve] [1;31m2026-07-21 09:50:04.433847684 [E:onnxruntime:Default, env.cc:227 ThreadMain] pthread_setaffinity_np failed for thread: 2082730, index: 1, mask: {2, }, error code: 22 error msg: Invalid argument. Specify the number of threads explicitly so the affinity is not set.[m
[serve] [1;31m2026-07-21 09:50:04.437845074 [E:onnxruntime:Default, env.cc:227 ThreadMain] pthread_setaffinity_np failed for thread: 2082741, index: 12, mask: {13, }, error code: 22 error msg: Invalid argument. Specify the number of threads explicitly so the affinity is not set.[m
[serve] [1;31m2026-07-21 09:50:04.387847707 [E:onnxruntime:Default, env.cc:227 ThreadMain] pthread_setaffinity_np failed for thread: 2082707, index: 105, mask: {106, }, error code: 22 error msg: Invalid argument. Specify the number of threads explicitly so the affinity is not set.[m
[serve] [1;31m2026-07-21 09:50:04.441849277 [E:onnxruntime:Default, env.cc:227 ThreadMain] pthread_setaffinity_np failed for thread: 2082704, index: 102, mask: {103, }, error code: 22 error msg: Invalid argument. Specify the number of threads explicitly so the affinity is not set.[m
[serve] [1;31m2026-07-21 09:50:04.441973326 [E:onnxruntime:Default, env.cc:227 ThreadMain] pthread_setaffinity_np failed for thread: 516833, index: 33, mask: {34, }, error code: 22 error msg: Invalid argument. Specify the number of threads explicitly so the affinity is not set.[m
[serve] [1;31m2026-07-21 09:50:04.443846700 [E:onnxruntime:Default, env.cc:227 ThreadMain] pthread_setaffinity_np failed for thread: 2082852, index: 104, mask: {105, }, error code: 22 error msg: Invalid argument. Specify the number of threads explicitly so the affinity is not set.[m
[serve] [1;31m2026-07-21 09:50:04.444846158 [E:onnxruntime:Default, env.cc:227 ThreadMain] pthread_setaffinity_np failed for thread: 2082813, index: 65, mask: {66, }, error code: 22 error msg: Invalid argument. Specify the number of threads explicitly so the affinity is not set.[m
[serve] [1;31m2026-07-21 09:50:04.445841158 [E:onnxruntime:Default, env.cc:227 ThreadMain] pthread_setaffinity_np failed for thread: 2082784, index: 36, mask: {37, }, error code: 22 error msg: Invalid argument. Specify the number of threads explicitly so the affinity is not set.[m
[serve] [1;31m2026-07-21 09:50:04.445971016 [E:onnxruntime:Default, env.cc:227 ThreadMain] pthread_setaffinity_np failed for thread: 516850, index: 50, mask: {51, }, error code: 22 error msg: Invalid argument. Specify the number of threads explicitly so the affinity is not set.[m
[serve] [1;31m2026-07-21 09:50:04.447845042 [E:onnxruntime:Default, env.cc:227 ThreadMain] pthread_setaffinity_np failed for thread: 2082855, index: 107, mask: {108, }, error code: 22 error msg: Invalid argument. Specify the number of threads explicitly so the affinity is not set.[m
[serve] [1;31m2026-07-21 09:50:04.448898110 [E:onnxruntime:Default, env.cc:227 ThreadMain] pthread_setaffinity_np failed for thread: 2083039, index: 113, mask: {114, }, error code: 22 error msg: Invalid argument. Specify the number of threads explicitly so the affinity is not set.[m
[serve] [1;31m2026-07-21 09:50:04.448951931 [E:onnxruntime:Default, env.cc:227 ThreadMain] pthread_setaffinity_np failed for thread: 2083054, index: 126, mask: {127, }, error code: 22 error msg: Invalid argument. Specify the number of threads explicitly so the affinity is not set.[m
[serve] [1;31m2026-07-21 09:50:04.449844238 [E:onnxruntime:Default, env.cc:227 ThreadMain] pthread_setaffinity_np failed for thread: 2082775, index: 27, mask: {28, }, error code: 22 error msg: Invalid argument. Specify the number of threads explicitly so the affinity is not set.[m
[serve] [1;31m2026-07-21 09:50:04.449970780 [E:onnxruntime:Default, env.cc:227 ThreadMain] pthread_setaffinity_np failed for thread: 516851, index: 51, mask: {52, }, error code: 22 error msg: Invalid argument. Specify the number of threads explicitly so the affinity is not set.[m
[serve] [1;31m2026-07-21 09:50:04.453841359 [E:onnxruntime:Default, env.cc:227 ThreadMain] pthread_setaffinity_np failed for thread: 2082785, index: 37, mask: {38, }, error code: 22 error msg: Invalid argument. Specify the number of threads explicitly so the affinity is not set.[m
[serve] [1;31m2026-07-21 09:50:04.453974301 [E:onnxruntime:Default, env.cc:227 ThreadMain] pthread_setaffinity_np failed for thread: 516856, index: 56, mask: {57, }, error code: 22 error msg: Invalid argument. Specify the number of threads explicitly so the affinity is not set.[m
[serve] [1;31m2026-07-21 09:50:04.457840743 [E:onnxruntime:Default, env.cc:227 ThreadMain] pthread_setaffinity_np failed for thread: 2082799, index: 51, mask: {52, }, error code: 22 error msg: Invalid argument. Specify the number of threads explicitly so the affinity is not set.[m
[serve] [1;31m2026-07-21 09:50:04.457989925 [E:onnxruntime:Default, env.cc:227 ThreadMain] pthread_setaffinity_np failed for thread: 516859, index: 59, mask: {60, }, error code: 22 error msg: Invalid argument. Specify the number of threads explicitly so the affinity is not set.[m
[serve] [1;31m2026-07-21 09:50:04.459842524 [E:onnxruntime:Default, env.cc:227 ThreadMain] pthread_setaffinity_np failed for thread: 2082853, index: 105, mask: {106, }, error code: 22 error msg: Invalid argument. Specify the number of threads explicitly so the affinity is not set.[m
[serve] [1;31m2026-07-21 09:50:04.449900874 [E:onnxruntime:Default, env.cc:227 ThreadMain] pthread_setaffinity_np failed for thread: 2083053, index: 125, mask: {126, }, error code: 22 error msg: Invalid argument. Specify the number of threads explicitly so the affinity is not set.[m
[serve] [1;31m2026-07-21 09:50:04.457849088 [E:onnxruntime:Default, env.cc:227 ThreadMain] pthread_setaffinity_np failed for thread: 2082881, index: 6, mask: {7, }, error code: 22 error msg: Invalid argument. Specify the number of threads explicitly so the affinity is not set.[m
[serve] [1;31m2026-07-21 09:50:04.461863661 [E:onnxruntime:Default, env.cc:227 ThreadMain] pthread_setaffinity_np failed for thread: 2083049, index: 121, mask: {122, }, error code: 22 error msg: Invalid argument. Specify the number of threads explicitly so the affinity is not set.[m
[serve] [1;31m2026-07-21 09:50:04.470968604 [E:onnxruntime:Default, env.cc:227 ThreadMain] pthread_setaffinity_np failed for thread: 516862, index: 62, mask: {63, }, error code: 22 error msg: Invalid argument. Specify the number of threads explicitly so the affinity is not set.[m
[serve] [1;31m2026-07-21 09:50:04.474842256 [E:onnxruntime:Default, env.cc:227 ThreadMain] pthread_setaffinity_np failed for thread: 2083022, index: 104, mask: {105, }, error code: 22 error msg: Invalid argument. Specify the number of threads explicitly so the affinity is not set.[m
[serve] [1;31m2026-07-21 09:50:04.476974923 [E:onnxruntime:Default, env.cc:227 ThreadMain] pthread_setaffinity_np failed for thread: 516828, index: 28, mask: {29, }, error code: 22 error msg: Invalid argument. Specify the number of threads explicitly so the affinity is not set.[m
[serve] [1;31m2026-07-21 09:50:04.482841365 [E:onnxruntime:Default, env.cc:227 ThreadMain] pthread_setaffinity_np failed for thread: 2083044, index: 116, mask: {117, }, error code: 22 error msg: Invalid argument. Specify the number of threads explicitly so the affinity is not set.[m
[serve] [1;31m2026-07-21 09:50:04.396834692 [E:onnxruntime:Default, env.cc:227 ThreadMain] pthread_setaffinity_np failed for thread: 2082859, index: 111, mask: {112, }, error code: 22 error msg: Invalid argument. Specify the number of threads explicitly so the affinity is not set.[m
[serve] [1;31m2026-07-21 09:50:04.349848493 [E:onnxruntime:Default, env.cc:227 ThreadMain] pthread_setaffinity_np failed for thread: 2082759, index: 11, mask: {12, }, error code: 22 error msg: Invalid argument. Specify the number of threads explicitly so the affinity is not set.[m
[serve] [1;31m2026-07-21 09:50:04.363872672 [E:onnxruntime:Default, env.cc:227 ThreadMain] pthread_setaffinity_np failed for thread: 2082797, index: 49, mask: {50, }, error code: 22 error msg: Invalid argument. Specify the number of threads explicitly so the affinity is not set.[m
[serve] [1;31m2026-07-21 09:50:04.363892669 [E:onnxruntime:Default, env.cc:227 ThreadMain] pthread_setaffinity_np failed for thread: 2082798, index: 50, mask: {51, }, error code: 22 error msg: Invalid argument. Specify the number of threads explicitly so the affinity is not set.[m
[serve] [1;31m2026-07-21 09:50:04.489997405 [E:onnxruntime:Default, env.cc:227 ThreadMain] pthread_setaffinity_np failed for thread: 516861, index: 61, mask: {62, }, error code: 22 error msg: Invalid argument. Specify the number of threads explicitly so the affinity is not set.[m
[serve] [1;31m2026-07-21 09:50:04.490010640 [E:onnxruntime:Default, env.cc:227 ThreadMain] pthread_setaffinity_np failed for thread: 516864, index: 64, mask: {65, }, error code: 22 error msg: Invalid argument. Specify the number of threads explicitly so the affinity is not set.[m
[serve] [1;31m2026-07-21 09:50:04.502969292 [E:onnxruntime:Default, env.cc:227 ThreadMain] pthread_setaffinity_np failed for thread: 516865, index: 65, mask: {66, }, error code: 22 error msg: Invalid argument. Specify the number of threads explicitly so the affinity is not set.[m
[serve] [1;31m2026-07-21 09:50:04.494949893 [E:onnxruntime:Default, env.cc:227 ThreadMain] pthread_setaffinity_np failed for thread: 2082744, index: 15, mask: {16, }, error code: 22 error msg: Invalid argument. Specify the number of threads explicitly so the affinity is not set.[m
[serve] [1;31m2026-07-21 09:50:04.441863023 [E:onnxruntime:Default, env.cc:227 ThreadMain] pthread_setaffinity_np failed for thread: 2082731, index: 2, mask: {3, }, error code: 22 error msg: Invalid argument. Specify the number of threads explicitly so the affinity is not set.[m
[serve] [1;31m2026-07-21 09:50:04.441870206 [E:onnxruntime:Default, env.cc:227 ThreadMain] pthread_setaffinity_np failed for thread: 2082742, index: 13, mask: {14, }, error code: 22 error msg: Invalid argument. Specify the number of threads explicitly so the affinity is not set.[m
[serve] [1;31m2026-07-21 09:50:04.486864734 [E:onnxruntime:Default, env.cc:227 ThreadMain] pthread_setaffinity_np failed for thread: 2083025, index: 106, mask: {107, }, error code: 22 error msg: Invalid argument. Specify the number of threads explicitly so the affinity is not set.[m
[serve] [1;31m2026-07-21 09:50:04.495844966 [E:onnxruntime:Default, env.cc:227 ThreadMain] pthread_setaffinity_np failed for thread: 2083031, index: 109, mask: {110, }, error code: 22 error msg: Invalid argument. Specify the number of threads explicitly so the affinity is not set.[m
[serve] [1;31m2026-07-21 09:50:04.502847322 [E:onnxruntime:Default, env.cc:227 ThreadMain] pthread_setaffinity_np failed for thread: 2083027, index: 107, mask: {108, }, error code: 22 error msg: Invalid argument. Specify the number of threads explicitly so the affinity is not set.[m
[serve] [1;31m2026-07-21 09:50:04.488874970 [E:onnxruntime:Default, env.cc:227 ThreadMain] pthread_setaffinity_np failed for thread: 2082760, index: 12, mask: {13, }, error code: 22 error msg: Invalid argument. Specify the number of threads explicitly so the affinity is not set.[m
[serve] [1;31m2026-07-21 09:50:04.500837917 [E:onnxruntime:Default, env.cc:227 ThreadMain] pthread_setaffinity_np failed for thread: 2082762, index: 14, mask: {15, }, error code: 22 error msg: Invalid argument. Specify the number of threads explicitly so the affinity is not set.[m
[serve] [1;31m2026-07-21 09:50:04.488897623 [E:onnxruntime:Default, env.cc:227 ThreadMain] pthread_setaffinity_np failed for thread: 2082758, index: 10, mask: {11, }, error code: 22 error msg: Invalid argument. Specify the number of threads explicitly so the affinity is not set.[m
[serve] [1;31m2026-07-21 09:50:04.511966271 [E:onnxruntime:Default, env.cc:227 ThreadMain] pthread_setaffinity_np failed for thread: 516881, index: 81, mask: {82, }, error code: 22 error msg: Invalid argument. Specify the number of threads explicitly so the affinity is not set.[m
[serve] [1;31m2026-07-21 09:50:04.513848852 [E:onnxruntime:Default, env.cc:227 ThreadMain] pthread_setaffinity_np failed for thread: 2082963, index: 34, mask: {35, }, error code: 22 error msg: Invalid argument. Specify the number of threads explicitly so the affinity is not set.[m
[serve] [1;31m2026-07-21 09:50:04.492871810 [E:onnxruntime:Default, env.cc:227 ThreadMain] pthread_setaffinity_np failed for thread: 2082847, index: 99, mask: {100, }, error code: 22 error msg: Invalid argument. Specify the number of threads explicitly so the affinity is not set.[m
[serve] [1;31m2026-07-21 09:50:04.492837075 [E:onnxruntime:Default, env.cc:227 ThreadMain] pthread_setaffinity_np failed for thread: 2082769, index: 21, mask: {22, }, error code: 22 error msg: Invalid argument. Specify the number of threads explicitly so the affinity is not set.[m
[serve] [1;31m2026-07-21 09:50:04.488995836 [E:onnxruntime:Default, env.cc:227 ThreadMain] pthread_setaffinity_np failed for thread: 2082868, index: 120, mask: {121, }, error code: 22 error msg: Invalid argument. Specify the number of threads explicitly so the affinity is not set.[m
[serve] [1;31m2026-07-21 09:50:04.492845170 [E:onnxruntime:Default, env.cc:227 ThreadMain] pthread_setaffinity_np failed for thread: 2082848, index: 100, mask: {101, }, error code: 22 error msg: Invalid argument. Specify the number of threads explicitly so the affinity is not set.[m
[serve] [1;31m2026-07-21 09:50:04.488986669 [E:onnxruntime:Default, env.cc:227 ThreadMain] pthread_setaffinity_np failed for thread: 2082873, index: 125, mask: {126, }, error code: 22 error msg: Invalid argument. Specify the number of threads explicitly so the affinity is not set.[m
[serve] [1;31m2026-07-21 09:50:04.520985302 [E:onnxruntime:Default, env.cc:227 ThreadMain] pthread_setaffinity_np failed for thread: 516912, index: 112, mask: {113, }, error code: 22 error msg: Invalid argument. Specify the number of threads explicitly so the affinity is not set.[m
[serve] [1;31m2026-07-21 09:50:04.520993508 [E:onnxruntime:Default, env.cc:227 ThreadMain] pthread_setaffinity_np failed for thread: 516914, index: 114, mask: {115, }, error code: 22 error msg: Invalid argument. Specify the number of threads explicitly so the affinity is not set.[m
[serve] [1;31m2026-07-21 09:50:04.517845241 [E:onnxruntime:Default, env.cc:227 ThreadMain] pthread_setaffinity_np failed for thread: 2082967, index: 36, mask: {37, }, error code: 22 error msg: Invalid argument. Specify the number of threads explicitly so the affinity is not set.[m
[serve] [1;31m2026-07-21 09:50:04.521845747 [E:onnxruntime:Default, env.cc:227 ThreadMain] pthread_setaffinity_np failed for thread: 2082972, index: 38, mask: {39, }, error code: 22 error msg: Invalid argument. Specify the number of threads explicitly so the affinity is not set.[m
[serve] [1;31m2026-07-21 09:50:04.492844359 [E:onnxruntime:Default, env.cc:227 ThreadMain] pthread_setaffinity_np failed for thread: 2082768, index: 20, mask: {21, }, error code: 22 error msg: Invalid argument. Specify the number of threads explicitly so the affinity is not set.[m
[serve] [1;31m2026-07-21 09:50:04.488951924 [E:onnxruntime:Default, env.cc:227 ThreadMain] pthread_setaffinity_np failed for thread: 2082791, index: 43, mask: {44, }, error code: 22 error msg: Invalid argument. Specify the number of threads explicitly so the affinity is not set.[m
[serve] [1;31m2026-07-21 09:50:04.507868236 [E:onnxruntime:Default, env.cc:227 ThreadMain] pthread_setaffinity_np failed for thread: 2082960, index: 71, mask: {72, }, error code: 22 error msg: Invalid argument. Specify the number of threads explicitly so the affinity is not set.[m
[serve] [1;31m2026-07-21 09:50:04.511841641 [E:onnxruntime:Default, env.cc:227 ThreadMain] pthread_setaffinity_np failed for thread: 2082990, index: 91, mask: {92, }, error code: 22 error msg: Invalid argument. Specify the number of threads explicitly so the affinity is not set.[m
[serve] [1;31m2026-07-21 09:50:04.515842849 [E:onnxruntime:Default, env.cc:227 ThreadMain] pthread_setaffinity_np failed for thread: 2082971, index: 77, mask: {78, }, error code: 22 error msg: Invalid argument. Specify the number of threads explicitly so the affinity is not set.[m
[serve] [1;31m2026-07-21 09:50:04.519841121 [E:onnxruntime:Default, env.cc:227 ThreadMain] pthread_setaffinity_np failed for thread: 2082973, index: 78, mask: {79, }, error code: 22 error msg: Invalid argument. Specify the number of threads explicitly so the affinity is not set.[m
[serve] [1;31m2026-07-21 09:50:04.448874787 [E:onnxruntime:Default, env.cc:227 ThreadMain] pthread_setaffinity_np failed for thread: 2083037, index: 112, mask: {113, }, error code: 22 error msg: Invalid argument. Specify the number of threads explicitly so the affinity is not set.[m
[serve] [1;31m2026-07-21 09:50:04.409889670 [E:onnxruntime:Default, env.cc:227 ThreadMain] pthread_setaffinity_np failed for thread: 2082991, index: 92, mask: {93, }, error code: 22 error msg: Invalid argument. Specify the number of threads explicitly so the affinity is not set.[m
[serve] [1;31m2026-07-21 09:50:04.525848929 [E:onnxruntime:Default, env.cc:227 ThreadMain] pthread_setaffinity_np failed for thread: 2082974, index: 39, mask: {40, }, error code: 22 error msg: Invalid argument. Specify the number of threads explicitly so the affinity is not set.[m
[serve] [1;31m2026-07-21 09:50:04.488907231 [E:onnxruntime:Default, env.cc:227 ThreadMain] pthread_setaffinity_np failed for thread: 2082835, index: 87, mask: {88, }, error code: 22 error msg: Invalid argument. Specify the number of threads explicitly so the affinity is not set.[m
[serve] [1;31m2026-07-21 09:50:04.529847612 [E:onnxruntime:Default, env.cc:227 ThreadMain] pthread_setaffinity_np failed for thread: 2082989, index: 42, mask: {43, }, error code: 22 error msg: Invalid argument. Specify the number of threads explicitly so the affinity is not set.[m
[serve] [1;31m2026-07-21 09:50:04.532839853 [E:onnxruntime:Default, env.cc:227 ThreadMain] pthread_setaffinity_np failed for thread: 2083008, index: 101, mask: {102, }, error code: 22 error msg: Invalid argument. Specify the number of threads explicitly so the affinity is not set.[m
[serve] [1;31m2026-07-21 09:50:04.533845894 [E:onnxruntime:Default, env.cc:227 ThreadMain] pthread_setaffinity_np failed for thread: 2082992, index: 43, mask: {44, }, error code: 22 error msg: Invalid argument. Specify the number of threads explicitly so the affinity is not set.[m
[serve] [1;31m2026-07-21 09:50:04.537846811 [E:onnxruntime:Default, env.cc:227 ThreadMain] pthread_setaffinity_np failed for thread: 2082994, index: 44, mask: {45, }, error code: 22 error msg: Invalid argument. Specify the number of threads explicitly so the affinity is not set.[m
[serve] [1;31m2026-07-21 09:50:04.539853020 [E:onnxruntime:Default, env.cc:227 ThreadMain] pthread_setaffinity_np failed for thread: 2082900, index: 25, mask: {26, }, error code: 22 error msg: Invalid argument. Specify the number of threads explicitly so the affinity is not set.[m
[serve] [1;31m2026-07-21 09:50:04.540018289 [E:onnxruntime:Default, env.cc:227 ThreadMain] pthread_setaffinity_np failed for thread: 2082939, index: 64, mask: {65, }, error code: 22 error msg: Invalid argument. Specify the number of threads explicitly so the affinity is not set.[m
[serve] [1;31m2026-07-21 09:50:04.545891184 [E:onnxruntime:Default, env.cc:227 ThreadMain] pthread_setaffinity_np failed for thread: 2083012, index: 54, mask: {55, }, error code: 22 error msg: Invalid argument. Specify the number of threads explicitly so the affinity is not set.[m
[serve] [1;31m2026-07-21 09:50:04.546979120 [E:onnxruntime:Default, env.cc:227 ThreadMain] pthread_setaffinity_np failed for thread: 516919, index: 119, mask: {120, }, error code: 22 error msg: Invalid argument. Specify the number of threads explicitly so the affinity is not set.[m
[serve] [1;31m2026-07-21 09:50:04.546988818 [E:onnxruntime:Default, env.cc:227 ThreadMain] pthread_setaffinity_np failed for thread: 516916, index: 116, mask: {117, }, error code: 22 error msg: Invalid argument. Specify the number of threads explicitly so the affinity is not set.[m
[serve] [1;31m2026-07-21 09:50:04.511844366 [E:onnxruntime:Default, env.cc:227 ThreadMain] pthread_setaffinity_np failed for thread: 2082801, index: 53, mask: {54, }, error code: 22 error msg: Invalid argument. Specify the number of threads explicitly so the affinity is not set.[m
[serve] [1;31m2026-07-21 09:50:04.547859813 [E:onnxruntime:Default, env.cc:227 ThreadMain] pthread_setaffinity_np failed for thread: 2082869, index: 121, mask: {122, }, error code: 22 error msg: Invalid argument. Specify the number of threads explicitly so the affinity is not set.[m
[serve] [1;31m2026-07-21 09:50:04.549867255 [E:onnxruntime:Default, env.cc:227 ThreadMain] pthread_setaffinity_np failed for thread: 2082959, index: 32, mask: {33, }, error code: 22 error msg: Invalid argument. Specify the number of threads explicitly so the affinity is not set.[m
[serve] [1;31m2026-07-21 09:50:04.551858957 [E:onnxruntime:Default, env.cc:227 ThreadMain] pthread_setaffinity_np failed for thread: 2082793, index: 45, mask: {46, }, error code: 22 error msg: Invalid argument. Specify the number of threads explicitly so the affinity is not set.[m
[serve] [1;31m2026-07-21 09:50:04.552879344 [E:onnxruntime:Default, env.cc:227 ThreadMain] pthread_setaffinity_np failed for thread: 2082941, index: 65, mask: {66, }, error code: 22 error msg: Invalid argument. Specify the number of threads explicitly so the affinity is not set.[m
[serve] [1;31m2026-07-21 09:50:04.553853575 [E:onnxruntime:Default, env.cc:227 ThreadMain] pthread_setaffinity_np failed for thread: 2083013, index: 55, mask: {56, }, error code: 22 error msg: Invalid argument. Specify the number of threads explicitly so the affinity is not set.[m
[serve] [1;31m2026-07-21 09:50:04.554019605 [E:onnxruntime:Default, env.cc:227 ThreadMain] pthread_setaffinity_np failed for thread: 2083109, index: 126, mask: {127, }, error code: 22 error msg: Invalid argument. Specify the number of threads explicitly so the affinity is not set.[m
[serve] [1;31m2026-07-21 09:50:04.555847451 [E:onnxruntime:Default, env.cc:227 ThreadMain] pthread_setaffinity_np failed for thread: 2082777, index: 29, mask: {30, }, error code: 22 error msg: Invalid argument. Specify the number of threads explicitly so the affinity is not set.[m
[serve] [1;31m2026-07-21 09:50:04.556851517 [E:onnxruntime:Default, env.cc:227 ThreadMain] pthread_setaffinity_np failed for thread: 2082854, index: 106, mask: {107, }, error code: 22 error msg: Invalid argument. Specify the number of threads explicitly so the affinity is not set.[m
[serve] [1;31m2026-07-21 09:50:04.557845976 [E:onnxruntime:Default, env.cc:227 ThreadMain] pthread_setaffinity_np failed for thread: 2083086, index: 103, mask: {104, }, error code: 22 error msg: Invalid argument. Specify the number of threads explicitly so the affinity is not set.[m
[serve] [1;31m2026-07-21 09:50:04.559992615 [E:onnxruntime:Default, env.cc:227 ThreadMain] pthread_setaffinity_np failed for thread: 516917, index: 117, mask: {118, }, error code: 22 error msg: Invalid argument. Specify the number of threads explicitly so the affinity is not set.[m
[serve] [1;31m2026-07-21 09:50:04.560843738 [E:onnxruntime:Default, env.cc:227 ThreadMain] pthread_setaffinity_np failed for thread: 2082804, index: 56, mask: {57, }, error code: 22 error msg: Invalid argument. Specify the number of threads explicitly so the affinity is not set.[m
[serve] [1;31m2026-07-21 09:50:04.561908378 [E:onnxruntime:Default, env.cc:227 ThreadMain] pthread_setaffinity_np failed for thread: 2083060, index: 77, mask: {78, }, error code: 22 error msg: Invalid argument. Specify the number of threads explicitly so the affinity is not set.[m
[serve] [1;31m2026-07-21 09:50:04.561947020 [E:onnxruntime:Default, env.cc:227 ThreadMain] pthread_setaffinity_np failed for thread: 2083011, index: 53, mask: {54, }, error code: 22 error msg: Invalid argument. Specify the number of threads explicitly so the affinity is not set.[m
[serve] [1;31m2026-07-21 09:50:04.564844465 [E:onnxruntime:Default, env.cc:227 ThreadMain] pthread_setaffinity_np failed for thread: 2082828, index: 80, mask: {81, }, error code: 22 error msg: Invalid argument. Specify the number of threads explicitly so the affinity is not set.[m
[serve] [1;31m2026-07-21 09:50:04.565875992 [E:onnxruntime:Default, env.cc:227 ThreadMain] pthread_setaffinity_np failed for thread: 2082968, index: 75, mask: {76, }, error code: 22 error msg: Invalid argument. Specify the number of threads explicitly so the affinity is not set.[m
[serve] [1;31m2026-07-21 09:50:04.565876523 [E:onnxruntime:Default, env.cc:227 ThreadMain] pthread_setaffinity_np failed for thread: 2083057, index: 74, mask: {75, }, error code: 22 error msg: Invalid argument. Specify the number of threads explicitly so the affinity is not set.[m
[serve] [1;31m2026-07-21 09:50:04.565917280 [E:onnxruntime:Default, env.cc:227 ThreadMain] pthread_setaffinity_np failed for thread: 2083028, index: 64, mask: {65, }, error code: 22 error msg: Invalid argument. Specify the number of threads explicitly so the affinity is not set.[m
[serve] [1;31m2026-07-21 09:50:04.568851363 [E:onnxruntime:Default, env.cc:227 ThreadMain] pthread_setaffinity_np failed for thread: 2082806, index: 58, mask: {59, }, error code: 22 error msg: Invalid argument. Specify the number of threads explicitly so the affinity is not set.[m
[serve] [1;31m2026-07-21 09:50:04.568978293 [E:onnxruntime:Default, env.cc:227 ThreadMain] pthread_setaffinity_np failed for thread: 516835, index: 35, mask: {36, }, error code: 22 error msg: Invalid argument. Specify the number of threads explicitly so the affinity is not set.[m
[serve] [1;31m2026-07-21 09:50:04.572845477 [E:onnxruntime:Default, env.cc:227 ThreadMain] pthread_setaffinity_np failed for thread: 2082787, index: 39, mask: {40, }, error code: 22 error msg: Invalid argument. Specify the number of threads explicitly so the affinity is not set.[m
[serve] [1;31m2026-07-21 09:50:04.573841188 [E:onnxruntime:Default, env.cc:227 ThreadMain] pthread_setaffinity_np failed for thread: 2083026, index: 63, mask: {64, }, error code: 22 error msg: Invalid argument. Specify the number of threads explicitly so the affinity is not set.[m
[serve] [1;31m2026-07-21 09:50:04.575976302 [E:onnxruntime:Default, env.cc:227 ThreadMain] pthread_setaffinity_np failed for thread: 516923, index: 123, mask: {124, }, error code: 22 error msg: Invalid argument. Specify the number of threads explicitly so the affinity is not set.[m
[serve] [1;31m2026-07-21 09:50:04.576858437 [E:onnxruntime:Default, env.cc:227 ThreadMain] pthread_setaffinity_np failed for thread: 2082864, index: 116, mask: {117, }, error code: 22 error msg: Invalid argument. Specify the number of threads explicitly so the affinity is not set.[m
[serve] [1;31m2026-07-21 09:50:04.577840282 [E:onnxruntime:Default, env.cc:227 ThreadMain] pthread_setaffinity_np failed for thread: 2083074, index: 91, mask: {92, }, error code: 22 error msg: Invalid argument. Specify the number of threads explicitly so the affinity is not set.[m
[serve] [1;31m2026-07-21 09:50:04.578864877 [E:onnxruntime:Default, env.cc:227 ThreadMain] pthread_setaffinity_np failed for thread: 2082980, index: 82, mask: {83, }, error code: 22 error msg: Invalid argument. Specify the number of threads explicitly so the affinity is not set.[m
[serve] [1;31m2026-07-21 09:50:04.578956378 [E:onnxruntime:Default, env.cc:227 ThreadMain] pthread_setaffinity_np failed for thread: 2082969, index: 76, mask: {77, }, error code: 22 error msg: Invalid argument. Specify the number of threads explicitly so the affinity is not set.[m
[serve] [1;31m2026-07-21 09:50:04.579886025 [E:onnxruntime:Default, env.cc:227 ThreadMain] pthread_setaffinity_np failed for thread: 2082896, index: 21, mask: {22, }, error code: 22 error msg: Invalid argument. Specify the number of threads explicitly so the affinity is not set.[m
[serve] [1;31m2026-07-21 09:50:04.580793530 [E:onnxruntime:Default, env.cc:227 ThreadMain] pthread_setaffinity_np failed for thread: 516922, index: 122, mask: {123, }, error code: 22 error msg: Invalid argument. Specify the number of threads explicitly so the affinity is not set.[m
[serve] [1;31m2026-07-21 09:50:04.580862359 [E:onnxruntime:Default, env.cc:227 ThreadMain] pthread_setaffinity_np failed for thread: 2082802, index: 54, mask: {55, }, error code: 22 error msg: Invalid argument. Specify the number of threads explicitly so the affinity is not set.[m
[serve] [1;31m2026-07-21 09:50:04.581861837 [E:onnxruntime:Default, env.cc:227 ThreadMain] pthread_setaffinity_np failed for thread: 2083085, index: 102, mask: {103, }, error code: 22 error msg: Invalid argument. Specify the number of threads explicitly so the affinity is not set.[m
[serve] [1;31m2026-07-21 09:50:04.584843640 [E:onnxruntime:Default, env.cc:227 ThreadMain] pthread_setaffinity_np failed for thread: 2082779, index: 31, mask: {32, }, error code: 22 error msg: Invalid argument. Specify the number of threads explicitly so the affinity is not set.[m
[serve] [1;31m2026-07-21 09:50:04.585839611 [E:onnxruntime:Default, env.cc:227 ThreadMain] pthread_setaffinity_np failed for thread: 2083021, index: 61, mask: {62, }, error code: 22 error msg: Invalid argument. Specify the number of threads explicitly so the affinity is not set.[m
[serve] [1;31m2026-07-21 09:50:04.588839638 [E:onnxruntime:Default, env.cc:227 ThreadMain] pthread_setaffinity_np failed for thread: 2082796, index: 48, mask: {49, }, error code: 22 error msg: Invalid argument. Specify the number of threads explicitly so the affinity is not set.[m
[serve] [1;31m2026-07-21 09:50:04.589839226 [E:onnxruntime:Default, env.cc:227 ThreadMain] pthread_setaffinity_np failed for thread: 2083070, index: 87, mask: {88, }, error code: 22 error msg: Invalid argument. Specify the number of threads explicitly so the affinity is not set.[m
[serve] [1;31m2026-07-21 09:50:04.591876964 [E:onnxruntime:Default, env.cc:227 ThreadMain] pthread_setaffinity_np failed for thread: 2082908, index: 33, mask: {34, }, error code: 22 error msg: Invalid argument. Specify the number of threads explicitly so the affinity is not set.[m
[serve] [1;31m2026-07-21 09:50:04.591914995 [E:onnxruntime:Default, env.cc:227 ThreadMain] pthread_setaffinity_np failed for thread: 2082926, index: 51, mask: {52, }, error code: 22 error msg: Invalid argument. Specify the number of threads explicitly so the affinity is not set.[m
[serve] [1;31m2026-07-21 09:50:04.591937477 [E:onnxruntime:Default, env.cc:227 ThreadMain] pthread_setaffinity_np failed for thread: 2082907, index: 32, mask: {33, }, error code: 22 error msg: Invalid argument. Specify the number of threads explicitly so the affinity is not set.[m
[serve] [1;31m2026-07-21 09:50:04.592861274 [E:onnxruntime:Default, env.cc:227 ThreadMain] pthread_setaffinity_np failed for thread: 2082780, index: 32, mask: {33, }, error code: 22 error msg: Invalid argument. Specify the number of threads explicitly so the affinity is not set.[m
[serve] [1;31m2026-07-21 09:50:04.592992937 [E:onnxruntime:Default, env.cc:227 ThreadMain] pthread_setaffinity_np failed for thread: 516926, index: 126, mask: {127, }, error code: 22 error msg: Invalid argument. Specify the number of threads explicitly so the affinity is not set.[m
[serve] [1;31m2026-07-21 09:50:04.379996970 [E:onnxruntime:Default, env.cc:227 ThreadMain] pthread_setaffinity_np failed for thread: 516817, index: 17, mask: {18, }, error code: 22 error msg: Invalid argument. Specify the number of threads explicitly so the affinity is not set.[m
[serve] [1;31m2026-07-21 09:50:04.489974803 [E:onnxruntime:Default, env.cc:227 ThreadMain] pthread_setaffinity_np failed for thread: 516848, index: 48, mask: {49, }, error code: 22 error msg: Invalid argument. Specify the number of threads explicitly so the affinity is not set.[m
[serve] [1;31m2026-07-21 09:50:04.415969629 [E:onnxruntime:Default, env.cc:227 ThreadMain] pthread_setaffinity_np failed for thread: 516843, index: 43, mask: {44, }, error code: 22 error msg: Invalid argument. Specify the number of threads explicitly so the affinity is not set.[m
[serve] [1;31m2026-07-21 09:50:04.593843068 [E:onnxruntime:Default, env.cc:227 ThreadMain] pthread_setaffinity_np failed for thread: 2083061, index: 78, mask: {79, }, error code: 22 error msg: Invalid argument. Specify the number of threads explicitly so the affinity is not set.[m
[serve] [1;31m2026-07-21 09:50:04.594176461 [E:onnxruntime:Default, env.cc:227 ThreadMain] pthread_setaffinity_np failed for thread: 2082953, index: 26, mask: {27, }, error code: 22 error msg: Invalid argument. Specify the number of threads explicitly so the affinity is not set.[m
[serve] [1;31m2026-07-21 09:50:04.596847102 [E:onnxruntime:Default, env.cc:227 ThreadMain] pthread_setaffinity_np failed for thread: 2082849, index: 101, mask: {102, }, error code: 22 error msg: Invalid argument. Specify the number of threads explicitly so the affinity is not set.[m
[serve] [1;31m2026-07-21 09:50:04.457970048 [E:onnxruntime:Default, env.cc:227 ThreadMain] pthread_setaffinity_np failed for thread: 516858, index: 58, mask: {59, }, error code: 22 error msg: Invalid argument. Specify the number of threads explicitly so the affinity is not set.[m
[serve] [1;31m2026-07-21 09:50:04.533979891 [E:onnxruntime:Default, env.cc:227 ThreadMain] pthread_setaffinity_np failed for thread: 516915, index: 115, mask: {116, }, error code: 22 error msg: Invalid argument. Specify the number of threads explicitly so the affinity is not set.[m
[serve] [1;31m2026-07-21 09:50:04.597846310 [E:onnxruntime:Default, env.cc:227 ThreadMain] pthread_setaffinity_np failed for thread: 2083019, index: 60, mask: {61, }, error code: 22 error msg: Invalid argument. Specify the number of threads explicitly so the affinity is not set.[m
[serve] [1;31m2026-07-21 09:50:04.600841096 [E:onnxruntime:Default, env.cc:227 ThreadMain] pthread_setaffinity_np failed for thread: 2082781, index: 33, mask: {34, }, error code: 22 error msg: Invalid argument. Specify the number of threads explicitly so the affinity is not set.[m
[serve] [1;31m2026-07-21 09:50:04.520970474 [E:onnxruntime:Default, env.cc:227 ThreadMain] pthread_setaffinity_np failed for thread: 516882, index: 82, mask: {83, }, error code: 22 error msg: Invalid argument. Specify the number of threads explicitly so the affinity is not set.[m
[serve] [1;31m2026-07-21 09:50:04.580776247 [E:onnxruntime:Default, env.cc:227 ThreadMain] pthread_setaffinity_np failed for thread: 516837, index: 37, mask: {38, }, error code: 22 error msg: Invalid argument. Specify the number of threads explicitly so the affinity is not set.[m
[serve] [1;31m2026-07-21 09:50:04.601840154 [E:onnxruntime:Default, env.cc:227 ThreadMain] pthread_setaffinity_np failed for thread: 2083073, index: 90, mask: {91, }, error code: 22 error msg: Invalid argument. Specify the number of threads explicitly so the affinity is not set.[m
[serve] [1;31m2026-07-21 09:50:04.575966153 [E:onnxruntime:Default, env.cc:227 ThreadMain] pthread_setaffinity_np failed for thread: 516921, index: 121, mask: {122, }, error code: 22 error msg: Invalid argument. Specify the number of threads explicitly so the affinity is not set.[m
[serve] [1;31m2026-07-21 09:50:04.602855741 [E:onnxruntime:Default, env.cc:227 ThreadMain] pthread_setaffinity_np failed for thread: 2082951, index: 24, mask: {25, }, error code: 22 error msg: Invalid argument. Specify the number of threads explicitly so the affinity is not set.[m
[serve] [1;31m2026-07-21 09:50:04.592969063 [E:onnxruntime:Default, env.cc:227 ThreadMain] pthread_setaffinity_np failed for thread: 516925, index: 125, mask: {126, }, error code: 22 error msg: Invalid argument. Specify the number of threads explicitly so the affinity is not set.[m
[serve] [1;31m2026-07-21 09:50:04.604843136 [E:onnxruntime:Default, env.cc:227 ThreadMain] pthread_setaffinity_np failed for thread: 2082819, index: 71, mask: {72, }, error code: 22 error msg: Invalid argument. Specify the number of threads explicitly so the affinity is not set.[m
[serve] [1;31m2026-07-21 09:50:04.604893500 [E:onnxruntime:Default, env.cc:227 ThreadMain] pthread_setaffinity_np failed for thread: 2082899, index: 24, mask: {25, }, error code: 22 error msg: Invalid argument. Specify the number of threads explicitly so the affinity is not set.[m
[serve] [1;31m2026-07-21 09:50:04.605842974 [E:onnxruntime:Default, env.cc:227 ThreadMain] pthread_setaffinity_np failed for thread: 2083062, index: 79, mask: {80, }, error code: 22 error msg: Invalid argument. Specify the number of threads explicitly so the affinity is not set.[m
[serve] [1;31m2026-07-21 09:50:04.604961016 [E:onnxruntime:Default, env.cc:227 ThreadMain] pthread_setaffinity_np failed for thread: 2082999, index: 96, mask: {97, }, error code: 22 error msg: Invalid argument. Specify the number of threads explicitly so the affinity is not set.[m
[serve] [1;31m2026-07-21 09:50:04.604981915 [E:onnxruntime:Default, env.cc:227 ThreadMain] pthread_setaffinity_np failed for thread: 2082986, index: 88, mask: {89, }, error code: 22 error msg: Invalid argument. Specify the number of threads explicitly so the affinity is not set.[m
[serve] [1;31m2026-07-21 09:50:04.605948862 [E:onnxruntime:Default, env.cc:227 ThreadMain] pthread_setaffinity_np failed for thread: 2083001, index: 97, mask: {98, }, error code: 22 error msg: Invalid argument. Specify the number of threads explicitly so the affinity is not set.[m
[serve] [1;31m2026-07-21 09:50:04.609842408 [E:onnxruntime:Default, env.cc:227 ThreadMain] pthread_setaffinity_np failed for thread: 2083083, index: 100, mask: {101, }, error code: 22 error msg: Invalid argument. Specify the number of threads explicitly so the affinity is not set.[m
[serve] [1;31m2026-07-21 09:50:04.610853288 [E:onnxruntime:Default, env.cc:227 ThreadMain] pthread_setaffinity_np failed for thread: 2082833, index: 85, mask: {86, }, error code: 22 error msg: Invalid argument. Specify the number of threads explicitly so the affinity is not set.[m
[serve] [1;31m2026-07-21 09:50:04.611849650 [E:onnxruntime:Default, env.cc:227 ThreadMain] pthread_setaffinity_np failed for thread: 2082944, index: 21, mask: {22, }, error code: 22 error msg: Invalid argument. Specify the number of threads explicitly so the affinity is not set.[m
[serve] [1;31m2026-07-21 09:50:04.613857913 [E:onnxruntime:Default, env.cc:227 ThreadMain] pthread_setaffinity_np failed for thread: 2083088, index: 105, mask: {106, }, error code: 22 error msg: Invalid argument. Specify the number of threads explicitly so the affinity is not set.[m
[serve] [1;31m2026-07-21 09:50:04.614842753 [E:onnxruntime:Default, env.cc:227 ThreadMain] pthread_setaffinity_np failed for thread: 2082834, index: 86, mask: {87, }, error code: 22 error msg: Invalid argument. Specify the number of threads explicitly so the affinity is not set.[m
[serve] [1;31m2026-07-21 09:50:04.606896303 [E:onnxruntime:Default, env.cc:227 ThreadMain] pthread_setaffinity_np failed for thread: 2082948, index: 69, mask: {70, }, error code: 22 error msg: Invalid argument. Specify the number of threads explicitly so the affinity is not set.[m
[serve] [1;31m2026-07-21 09:50:04.616963507 [E:onnxruntime:Default, env.cc:227 ThreadMain] pthread_setaffinity_np failed for thread: 2082890, index: 15, mask: {16, }, error code: 22 error msg: Invalid argument. Specify the number of threads explicitly so the affinity is not set.[m
[serve] [1;31m2026-07-21 09:50:04.603995920 [E:onnxruntime:Default, env.cc:227 ThreadMain] pthread_setaffinity_np failed for thread: 516871, index: 71, mask: {72, }, error code: 22 error msg: Invalid argument. Specify the number of threads explicitly so the affinity is not set.[m
[serve] [1;31m2026-07-21 09:50:04.604018833 [E:onnxruntime:Default, env.cc:227 ThreadMain] pthread_setaffinity_np failed for thread: 516872, index: 72, mask: {73, }, error code: 22 error msg: Invalid argument. Specify the number of threads explicitly so the affinity is not set.[m
[serve] [1;31m2026-07-21 09:50:04.616968498 [E:onnxruntime:Default, env.cc:227 ThreadMain] pthread_setaffinity_np failed for thread: 516876, index: 76, mask: {77, }, error code: 22 error msg: Invalid argument. Specify the number of threads explicitly so the affinity is not set.[m
[serve] [1;31m2026-07-21 09:50:04.617844794 [E:onnxruntime:Default, env.cc:227 ThreadMain] pthread_setaffinity_np failed for thread: 2083090, index: 107, mask: {108, }, error code: 22 error msg: Invalid argument. Specify the number of threads explicitly so the affinity is not set.[m
[serve] [1;31m2026-07-21 09:50:04.618843480 [E:onnxruntime:Default, env.cc:227 ThreadMain] pthread_setaffinity_np failed for thread: 2082836, index: 88, mask: {89, }, error code: 22 error msg: Invalid argument. Specify the number of threads explicitly so the affinity is not set.[m
[serve] [1;31m2026-07-21 09:50:04.621842755 [E:onnxruntime:Default, env.cc:227 ThreadMain] pthread_setaffinity_np failed for thread: 2083091, index: 108, mask: {109, }, error code: 22 error msg: Invalid argument. Specify the number of threads explicitly so the affinity is not set.[m
[serve] [1;31m2026-07-21 09:50:04.622846240 [E:onnxruntime:Default, env.cc:227 ThreadMain] pthread_setaffinity_np failed for thread: 2082815, index: 67, mask: {68, }, error code: 22 error msg: Invalid argument. Specify the number of threads explicitly so the affinity is not set.[m
[serve] [1;31m2026-07-21 09:50:04.625839895 [E:onnxruntime:Default, env.cc:227 ThreadMain] pthread_setaffinity_np failed for thread: 2083093, index: 110, mask: {111, }, error code: 22 error msg: Invalid argument. Specify the number of threads explicitly so the affinity is not set.[m
[serve] [1;31m2026-07-21 09:50:04.625860063 [E:onnxruntime:Default, env.cc:227 ThreadMain] pthread_setaffinity_np failed for thread: 2082962, index: 72, mask: {73, }, error code: 22 error msg: Invalid argument. Specify the number of threads explicitly so the affinity is not set.[m
[serve] [1;31m2026-07-21 09:50:04.625967943 [E:onnxruntime:Default, env.cc:227 ThreadMain] pthread_setaffinity_np failed for thread: 516879, index: 79, mask: {80, }, error code: 22 error msg: Invalid argument. Specify the number of threads explicitly so the affinity is not set.[m
[serve] [1;31m2026-07-21 09:50:04.626843711 [E:onnxruntime:Default, env.cc:227 ThreadMain] pthread_setaffinity_np failed for thread: 2082874, index: 126, mask: {127, }, error code: 22 error msg: Invalid argument. Specify the number of threads explicitly so the affinity is not set.[m
[serve] [1;31m2026-07-21 09:50:04.628247865 [E:onnxruntime:Default, env.cc:227 ThreadMain] pthread_setaffinity_np failed for thread: 2083095, index: 112, mask: {113, }, error code: 22 error msg: Invalid argument. Specify the number of threads explicitly so the affinity is not set.[m
[serve] [1;31m2026-07-21 09:50:04.630843175 [E:onnxruntime:Default, env.cc:227 ThreadMain] pthread_setaffinity_np failed for thread: 2082861, index: 113, mask: {114, }, error code: 22 error msg: Invalid argument. Specify the number of threads explicitly so the affinity is not set.[m
[serve] [1;31m2026-07-21 09:50:04.523874148 [E:onnxruntime:Default, env.cc:227 ThreadMain] pthread_setaffinity_np failed for thread: 2083042, index: 115, mask: {116, }, error code: 22 error msg: Invalid argument. Specify the number of threads explicitly so the affinity is not set.[m
[serve] [1;31m2026-07-21 09:50:04.523915696 [E:onnxruntime:Default, env.cc:227 ThreadMain] pthread_setaffinity_np failed for thread: 2083023, index: 105, mask: {106, }, error code: 22 error msg: Invalid argument. Specify the number of threads explicitly so the affinity is not set.[m
[serve] [1;31m2026-07-21 09:50:04.552853135 [E:onnxruntime:Default, env.cc:227 ThreadMain] pthread_setaffinity_np failed for thread: 2082984, index: 86, mask: {87, }, error code: 22 error msg: Invalid argument. Specify the number of threads explicitly so the affinity is not set.[m
[serve] [1;31m2026-07-21 09:50:04.523923120 [E:onnxruntime:Default, env.cc:227 ThreadMain] pthread_setaffinity_np failed for thread: 2083052, index: 124, mask: {125, }, error code: 22 error msg: Invalid argument. Specify the number of threads explicitly so the affinity is not set.[m
[serve] [1;31m2026-07-21 09:50:04.523930293 [E:onnxruntime:Default, env.cc:227 ThreadMain] pthread_setaffinity_np failed for thread: 2083048, index: 120, mask: {121, }, error code: 22 error msg: Invalid argument. Specify the number of threads explicitly so the affinity is not set.[m
[serve] [1;31m2026-07-21 09:50:04.625845435 [E:onnxruntime:Default, env.cc:227 ThreadMain] pthread_setaffinity_np failed for thread: 2082895, index: 20, mask: {21, }, error code: 22 error msg: Invalid argument. Specify the number of threads explicitly so the affinity is not set.[m
[serve] [1;31m2026-07-21 09:50:04.523879378 [E:onnxruntime:Default, env.cc:227 ThreadMain] pthread_setaffinity_np failed for thread: 2083045, index: 117, mask: {118, }, error code: 22 error msg: Invalid argument. Specify the number of threads explicitly so the affinity is not set.[m
[serve] [1;31m2026-07-21 09:50:04.632819038 [E:onnxruntime:Default, env.cc:227 ThreadMain] pthread_setaffinity_np failed for thread: 2083097, index: 114, mask: {115, }, error code: 22 error msg: Invalid argument. Specify the number of threads explicitly so the affinity is not set.[m
[serve] [1;31m2026-07-21 09:50:04.523937577 [E:onnxruntime:Default, env.cc:227 ThreadMain] pthread_setaffinity_np failed for thread: 2083050, index: 122, mask: {123, }, error code: 22 error msg: Invalid argument. Specify the number of threads explicitly so the affinity is not set.[m
[serve] [1;31m2026-07-21 09:50:04.523906969 [E:onnxruntime:Default, env.cc:227 ThreadMain] pthread_setaffinity_np failed for thread: 2083029, index: 108, mask: {109, }, error code: 22 error msg: Invalid argument. Specify the number of threads explicitly so the affinity is not set.[m
[serve] [1;31m2026-07-21 09:50:04.633003112 [E:onnxruntime:Default, env.cc:227 ThreadMain] pthread_setaffinity_np failed for thread: 516897, index: 97, mask: {98, }, error code: 22 error msg: Invalid argument. Specify the number of threads explicitly so the affinity is not set.[m
[serve] [1;31m2026-07-21 09:50:04.523872475 [E:onnxruntime:Default, env.cc:227 ThreadMain] pthread_setaffinity_np failed for thread: 2082945, index: 67, mask: {68, }, error code: 22 error msg: Invalid argument. Specify the number of threads explicitly so the affinity is not set.[m
[serve] [1;31m2026-07-21 09:50:04.634842379 [E:onnxruntime:Default, env.cc:227 ThreadMain] pthread_setaffinity_np failed for thread: 2082863, index: 115, mask: {116, }, error code: 22 error msg: Invalid argument. Specify the number of threads explicitly so the affinity is not set.[m
[serve] [1;31m2026-07-21 09:50:04.637965371 [E:onnxruntime:Default, env.cc:227 ThreadMain] pthread_setaffinity_np failed for thread: 516898, index: 98, mask: {99, }, error code: 22 error msg: Invalid argument. Specify the number of threads explicitly so the affinity is not set.[m
[serve] [1;31m2026-07-21 09:50:04.637985700 [E:onnxruntime:Default, env.cc:227 ThreadMain] pthread_setaffinity_np failed for thread: 516905, index: 105, mask: {106, }, error code: 22 error msg: Invalid argument. Specify the number of threads explicitly so the affinity is not set.[m
[serve] [1;31m2026-07-21 09:50:04.639849887 [E:onnxruntime:Default, env.cc:227 ThreadMain] pthread_setaffinity_np failed for thread: 2083006, index: 100, mask: {101, }, error code: 22 error msg: Invalid argument. Specify the number of threads explicitly so the affinity is not set.[m
[serve] [1;31m2026-07-21 09:50:04.639899480 [E:onnxruntime:Default, env.cc:227 ThreadMain] pthread_setaffinity_np failed for thread: 2082943, index: 66, mask: {67, }, error code: 22 error msg: Invalid argument. Specify the number of threads explicitly so the affinity is not set.[m
[serve] [1;31m2026-07-21 09:50:04.641857509 [E:onnxruntime:Default, env.cc:227 ThreadMain] pthread_setaffinity_np failed for thread: 2082940, index: 19, mask: {20, }, error code: 22 error msg: Invalid argument. Specify the number of threads explicitly so the affinity is not set.[m
[serve] [1;31m2026-07-21 09:50:04.644568366 [E:onnxruntime:Default, env.cc:227 ThreadMain] pthread_setaffinity_np failed for thread: 2083099, index: 116, mask: {117, }, error code: 22 error msg: Invalid argument. Specify the number of threads explicitly so the affinity is not set.[m
[serve] [1;31m2026-07-21 09:50:04.645850401 [E:onnxruntime:Default, env.cc:227 ThreadMain] pthread_setaffinity_np failed for thread: 2082942, index: 20, mask: {21, }, error code: 22 error msg: Invalid argument. Specify the number of threads explicitly so the affinity is not set.[m
[serve] [1;31m2026-07-21 09:50:04.646877270 [E:onnxruntime:Default, env.cc:227 ThreadMain] pthread_setaffinity_np failed for thread: 2082904, index: 29, mask: {30, }, error code: 22 error msg: Invalid argument. Specify the number of threads explicitly so the affinity is not set.[m
[serve] [1;31m2026-07-21 09:50:04.650968246 [E:onnxruntime:Default, env.cc:227 ThreadMain] pthread_setaffinity_np failed for thread: 516906, index: 106, mask: {107, }, error code: 22 error msg: Invalid argument. Specify the number of threads explicitly so the affinity is not set.[m
[serve] [1;31m2026-07-21 09:50:04.650980570 [E:onnxruntime:Default, env.cc:227 ThreadMain] pthread_setaffinity_np failed for thread: 516910, index: 110, mask: {111, }, error code: 22 error msg: Invalid argument. Specify the number of threads explicitly so the affinity is not set.[m
[serve] [1;31m2026-07-21 09:50:04.653861833 [E:onnxruntime:Default, env.cc:227 ThreadMain] pthread_setaffinity_np failed for thread: 2082916, index: 41, mask: {42, }, error code: 22 error msg: Invalid argument. Specify the number of threads explicitly so the affinity is not set.[m
[serve] [1;31m2026-07-21 09:50:04.655849278 [E:onnxruntime:Default, env.cc:227 ThreadMain] pthread_setaffinity_np failed for thread: 2083101, index: 118, mask: {119, }, error code: 22 error msg: Invalid argument. Specify the number of threads explicitly so the affinity is not set.[m
[serve] [1;31m2026-07-21 09:50:04.645864518 [E:onnxruntime:Default, env.cc:227 ThreadMain] pthread_setaffinity_np failed for thread: 2082818, index: 70, mask: {71, }, error code: 22 error msg: Invalid argument. Specify the number of threads explicitly so the affinity is not set.[m
[serve] [1;31m2026-07-21 09:50:04.652844081 [E:onnxruntime:Default, env.cc:227 ThreadMain] pthread_setaffinity_np failed for thread: 2082830, index: 82, mask: {83, }, error code: 22 error msg: Invalid argument. Specify the number of threads explicitly so the affinity is not set.[m
[serve] [1;31m2026-07-21 09:50:04.659972610 [E:onnxruntime:Default, env.cc:227 ThreadMain] pthread_setaffinity_np failed for thread: 516886, index: 86, mask: {87, }, error code: 22 error msg: Invalid argument. Specify the number of threads explicitly so the affinity is not set.[m
[serve] [1;31m2026-07-21 09:50:04.657864614 [E:onnxruntime:Default, env.cc:227 ThreadMain] pthread_setaffinity_np failed for thread: 2082831, index: 83, mask: {84, }, error code: 22 error msg: Invalid argument. Specify the number of threads explicitly so the affinity is not set.[m
[serve] [1;31m2026-07-21 09:50:04.662844871 [E:onnxruntime:Default, env.cc:227 ThreadMain] pthread_setaffinity_np failed for thread: 2082832, index: 84, mask: {85, }, error code: 22 error msg: Invalid argument. Specify the number of threads explicitly so the affinity is not set.[m
[serve] [1;31m2026-07-21 09:50:04.666849886 [E:onnxruntime:Default, env.cc:227 ThreadMain] pthread_setaffinity_np failed for thread: 2082824, index: 76, mask: {77, }, error code: 22 error msg: Invalid argument. Specify the number of threads explicitly so the affinity is not set.[m
[serve] [1;31m2026-07-21 09:50:04.666847892 [E:onnxruntime:Default, env.cc:227 ThreadMain] pthread_setaffinity_np failed for thread: 2082918, index: 43, mask: {44, }, error code: 22 error msg: Invalid argument. Specify the number of threads explicitly so the affinity is not set.[m
[serve] [1;31m2026-07-21 09:50:04.666966331 [E:onnxruntime:Default, env.cc:227 ThreadMain] pthread_setaffinity_np failed for thread: 516890, index: 90, mask: {91, }, error code: 22 error msg: Invalid argument. Specify the number of threads explicitly so the affinity is not set.[m
[serve] [1;31m2026-07-21 09:50:04.667846769 [E:onnxruntime:Default, env.cc:227 ThreadMain] pthread_setaffinity_np failed for thread: 2083102, index: 119, mask: {120, }, error code: 22 error msg: Invalid argument. Specify the number of threads explicitly so the affinity is not set.[m
[serve] [1;31m2026-07-21 09:50:04.592842428 [E:onnxruntime:Default, env.cc:227 ThreadMain] pthread_setaffinity_np failed for thread: 2082839, index: 91, mask: {92, }, error code: 22 error msg: Invalid argument. Specify the number of threads explicitly so the affinity is not set.[m
[serve] [1;31m2026-07-21 09:50:04.645846113 [E:onnxruntime:Default, env.cc:227 ThreadMain] pthread_setaffinity_np failed for thread: 2082800, index: 52, mask: {53, }, error code: 22 error msg: Invalid argument. Specify the number of threads explicitly so the affinity is not set.[m
[serve] [1;31m2026-07-21 09:50:04.670917077 [E:onnxruntime:Default, env.cc:227 ThreadMain] pthread_setaffinity_np failed for thread: 2082825, index: 77, mask: {78, }, error code: 22 error msg: Invalid argument. Specify the number of threads explicitly so the affinity is not set.[m
[serve] [1;31m2026-07-21 09:50:04.671967213 [E:onnxruntime:Default, env.cc:227 ThreadMain] pthread_setaffinity_np failed for thread: 516891, index: 91, mask: {92, }, error code: 22 error msg: Invalid argument. Specify the number of threads explicitly so the affinity is not set.[m
[serve] [1;31m2026-07-21 09:50:04.674849516 [E:onnxruntime:Default, env.cc:227 ThreadMain] pthread_setaffinity_np failed for thread: 2082816, index: 68, mask: {69, }, error code: 22 error msg: Invalid argument. Specify the number of threads explicitly so the affinity is not set.[m
[serve] [1;31m2026-07-21 09:50:04.674864404 [E:onnxruntime:Default, env.cc:227 ThreadMain] pthread_setaffinity_np failed for thread: 2082919, index: 44, mask: {45, }, error code: 22 error msg: Invalid argument. Specify the number of threads explicitly so the affinity is not set.[m
[serve] [1;31m2026-07-21 09:50:04.674874733 [E:onnxruntime:Default, env.cc:227 ThreadMain] pthread_setaffinity_np failed for thread: 2082925, index: 50, mask: {51, }, error code: 22 error msg: Invalid argument. Specify the number of threads explicitly so the affinity is not set.[m
[serve] [1;31m2026-07-21 09:50:04.678864399 [E:onnxruntime:Default, env.cc:227 ThreadMain] pthread_setaffinity_np failed for thread: 2082936, index: 61, mask: {62, }, error code: 22 error msg: Invalid argument. Specify the number of threads explicitly so the affinity is not set.[m
[serve] [1;31m2026-07-21 09:50:04.680847916 [E:onnxruntime:Default, env.cc:227 ThreadMain] pthread_setaffinity_np failed for thread: 2083104, index: 121, mask: {122, }, error code: 22 error msg: Invalid argument. Specify the number of threads explicitly so the affinity is not set.[m
[serve] [1;31m2026-07-21 09:50:04.670858507 [E:onnxruntime:Default, env.cc:227 ThreadMain] pthread_setaffinity_np failed for thread: 2082846, index: 98, mask: {99, }, error code: 22 error msg: Invalid argument. Specify the number of threads explicitly so the affinity is not set.[m
[serve] [1;31m2026-07-21 09:50:04.670907379 [E:onnxruntime:Default, env.cc:227 ThreadMain] pthread_setaffinity_np failed for thread: 2082795, index: 47, mask: {48, }, error code: 22 error msg: Invalid argument. Specify the number of threads explicitly so the affinity is not set.[m
[serve] [1;31m2026-07-21 09:50:04.676990437 [E:onnxruntime:Default, env.cc:227 ThreadMain] pthread_setaffinity_np failed for thread: 516896, index: 96, mask: {97, }, error code: 22 error msg: Invalid argument. Specify the number of threads explicitly so the affinity is not set.[m
[serve] [1;31m2026-07-21 09:50:04.681986611 [E:onnxruntime:Default, env.cc:227 ThreadMain] pthread_setaffinity_np failed for thread: 516900, index: 100, mask: {101, }, error code: 22 error msg: Invalid argument. Specify the number of threads explicitly so the affinity is not set.[m
[serve] [1;31m2026-07-21 09:50:04.670891509 [E:onnxruntime:Default, env.cc:227 ThreadMain] pthread_setaffinity_np failed for thread: 2082794, index: 46, mask: {47, }, error code: 22 error msg: Invalid argument. Specify the number of threads explicitly so the affinity is not set.[m
[serve] [1;31m2026-07-21 09:50:04.684432174 [E:onnxruntime:Default, env.cc:227 ThreadMain] pthread_setaffinity_np failed for thread: 2083105, index: 122, mask: {123, }, error code: 22 error msg: Invalid argument. Specify the number of threads explicitly so the affinity is not set.[m
[serve] [1;31m2026-07-21 09:50:04.684973144 [E:onnxruntime:Default, env.cc:227 ThreadMain] pthread_setaffinity_np failed for thread: 516903, index: 103, mask: {104, }, error code: 22 error msg: Invalid argument. Specify the number of threads explicitly so the affinity is not set.[m
[serve] [1;31m2026-07-21 09:50:04.670884215 [E:onnxruntime:Default, env.cc:227 ThreadMain] pthread_setaffinity_np failed for thread: 2082786, index: 38, mask: {39, }, error code: 22 error msg: Invalid argument. Specify the number of threads explicitly so the affinity is not set.[m
[serve] [1;31m2026-07-21 09:50:04.688968510 [E:onnxruntime:Default, env.cc:227 ThreadMain] pthread_setaffinity_np failed for thread: 516904, index: 104, mask: {105, }, error code: 22 error msg: Invalid argument. Specify the number of threads explicitly so the affinity is not set.[m
[serve] [1;31m2026-07-21 09:50:04.670872383 [E:onnxruntime:Default, env.cc:227 ThreadMain] pthread_setaffinity_np failed for thread: 2082778, index: 30, mask: {31, }, error code: 22 error msg: Invalid argument. Specify the number of threads explicitly so the affinity is not set.[m
[serve] [1;31m2026-07-21 09:50:04.691884491 [E:onnxruntime:Default, env.cc:227 ThreadMain] pthread_setaffinity_np failed for thread: 2082930, index: 55, mask: {56, }, error code: 22 error msg: Invalid argument. Specify the number of threads explicitly so the affinity is not set.[m
[serve] [1;31m2026-07-21 09:50:04.691952759 [E:onnxruntime:Default, env.cc:227 ThreadMain] pthread_setaffinity_np failed for thread: 2082937, index: 62, mask: {63, }, error code: 22 error msg: Invalid argument. Specify the number of threads explicitly so the affinity is not set.[m
[serve] [1;31m2026-07-21 09:50:04.691971825 [E:onnxruntime:Default, env.cc:227 ThreadMain] pthread_setaffinity_np failed for thread: 2082915, index: 40, mask: {41, }, error code: 22 error msg: Invalid argument. Specify the number of threads explicitly so the affinity is not set.[m
[serve] [1;31m2026-07-21 09:50:04.692002652 [E:onnxruntime:Default, env.cc:227 ThreadMain] pthread_setaffinity_np failed for thread: 2083033, index: 110, mask: {111, }, error code: 22 error msg: Invalid argument. Specify the number of threads explicitly so the affinity is not set.[m
[serve] [1;31m2026-07-21 09:50:04.670900746 [E:onnxruntime:Default, env.cc:227 ThreadMain] pthread_setaffinity_np failed for thread: 2082829, index: 81, mask: {82, }, error code: 22 error msg: Invalid argument. Specify the number of threads explicitly so the affinity is not set.[m
[serve] [1;31m2026-07-21 09:50:04.695967070 [E:onnxruntime:Default, env.cc:227 ThreadMain] pthread_setaffinity_np failed for thread: 516907, index: 107, mask: {108, }, error code: 22 error msg: Invalid argument. Specify the number of threads explicitly so the affinity is not set.[m
[serve] [1;31m2026-07-21 09:50:04.696847206 [E:onnxruntime:Default, env.cc:227 ThreadMain] pthread_setaffinity_np failed for thread: 2082954, index: 27, mask: {28, }, error code: 22 error msg: Invalid argument. Specify the number of threads explicitly so the affinity is not set.[m
[serve] [1;31m2026-07-21 09:50:04.698841844 [E:onnxruntime:Default, env.cc:227 ThreadMain] pthread_setaffinity_np failed for thread: 2082837, index: 89, mask: {90, }, error code: 22 error msg: Invalid argument. Specify the number of threads explicitly so the affinity is not set.[m
[serve] [1;31m2026-07-21 09:50:04.700844496 [E:onnxruntime:Default, env.cc:227 ThreadMain] pthread_setaffinity_np failed for thread: 2082993, index: 93, mask: {94, }, error code: 22 error msg: Invalid argument. Specify the number of threads explicitly so the affinity is not set.[m
[serve] [1;31m2026-07-21 09:50:04.702839074 [E:onnxruntime:Default, env.cc:227 ThreadMain] pthread_setaffinity_np failed for thread: 2082857, index: 109, mask: {110, }, error code: 22 error msg: Invalid argument. Specify the number of threads explicitly so the affinity is not set.[m
[serve] [1;31m2026-07-21 09:50:04.581844866 [E:onnxruntime:Default, env.cc:227 ThreadMain] pthread_setaffinity_np failed for thread: 2083034, index: 67, mask: {68, }, error code: 22 error msg: Invalid argument. Specify the number of threads explicitly so the affinity is not set.[m
[serve] [1;31m2026-07-21 09:50:04.565844073 [E:onnxruntime:Default, env.cc:227 ThreadMain] pthread_setaffinity_np failed for thread: 2083036, index: 68, mask: {69, }, error code: 22 error msg: Invalid argument. Specify the number of threads explicitly so the affinity is not set.[m
[serve] [1;31m2026-07-21 09:50:04.561868844 [E:onnxruntime:Default, env.cc:227 ThreadMain] pthread_setaffinity_np failed for thread: 2083079, index: 96, mask: {97, }, error code: 22 error msg: Invalid argument. Specify the number of threads explicitly so the affinity is not set.[m
[serve] [1;31m2026-07-21 09:50:04.565873167 [E:onnxruntime:Default, env.cc:227 ThreadMain] pthread_setaffinity_np failed for thread: 2083017, index: 59, mask: {60, }, error code: 22 error msg: Invalid argument. Specify the number of threads explicitly so the affinity is not set.[m
[serve] [1;31m2026-07-21 09:50:04.561890805 [E:onnxruntime:Default, env.cc:227 ThreadMain] pthread_setaffinity_np failed for thread: 2083015, index: 57, mask: {58, }, error code: 22 error msg: Invalid argument. Specify the number of threads explicitly so the affinity is not set.[m
[serve] [1;31m2026-07-21 09:50:04.593094007 [E:onnxruntime:Default, env.cc:227 ThreadMain] pthread_setaffinity_np failed for thread: 516836, index: 36, mask: {37, }, error code: 22 error msg: Invalid argument. Specify the number of threads explicitly so the affinity is not set.[m
[serve] [1;31m2026-07-21 09:50:04.593056456 [E:onnxruntime:Default, env.cc:227 ThreadMain] pthread_setaffinity_np failed for thread: 516827, index: 27, mask: {28, }, error code: 22 error msg: Invalid argument. Specify the number of threads explicitly so the affinity is not set.[m
[serve] [1;31m2026-07-21 09:50:04.596965160 [E:onnxruntime:Default, env.cc:227 ThreadMain] pthread_setaffinity_np failed for thread: 516913, index: 113, mask: {114, }, error code: 22 error msg: Invalid argument. Specify the number of threads explicitly so the affinity is not set.[m
[serve] [1;31m2026-07-21 09:50:04.600966807 [E:onnxruntime:Default, env.cc:227 ThreadMain] pthread_setaffinity_np failed for thread: 516874, index: 74, mask: {75, }, error code: 22 error msg: Invalid argument. Specify the number of threads explicitly so the affinity is not set.[m
[serve] [1;31m2026-07-21 09:50:04.600975935 [E:onnxruntime:Default, env.cc:227 ThreadMain] pthread_setaffinity_np failed for thread: 516855, index: 55, mask: {56, }, error code: 22 error msg: Invalid argument. Specify the number of threads explicitly so the affinity is not set.[m
[serve] [1;31m2026-07-21 09:50:04.593101761 [E:onnxruntime:Default, env.cc:227 ThreadMain] pthread_setaffinity_np failed for thread: 516918, index: 118, mask: {119, }, error code: 22 error msg: Invalid argument. Specify the number of threads explicitly so the affinity is not set.[m
[serve] [1;31m2026-07-21 09:50:04.593108164 [E:onnxruntime:Default, env.cc:227 ThreadMain] pthread_setaffinity_np failed for thread: 516920, index: 120, mask: {121, }, error code: 22 error msg: Invalid argument. Specify the number of threads explicitly so the affinity is not set.[m
[serve] [1;31m2026-07-21 09:50:04.593123913 [E:onnxruntime:Default, env.cc:227 ThreadMain] pthread_setaffinity_np failed for thread: 516849, index: 49, mask: {50, }, error code: 22 error msg: Invalid argument. Specify the number of threads explicitly so the affinity is not set.[m
[serve] [1;31m2026-07-21 09:50:04.593114636 [E:onnxruntime:Default, env.cc:227 ThreadMain] pthread_setaffinity_np failed for thread: 516924, index: 124, mask: {125, }, error code: 22 error msg: Invalid argument. Specify the number of threads explicitly so the affinity is not set.[m
[serve] [1;31m2026-07-21 09:50:04.593139252 [E:onnxruntime:Default, env.cc:227 ThreadMain] pthread_setaffinity_np failed for thread: 516820, index: 20, mask: {21, }, error code: 22 error msg: Invalid argument. Specify the number of threads explicitly so the affinity is not set.[m
[serve] [1;31m2026-07-21 09:50:04.600983639 [E:onnxruntime:Default, env.cc:227 ThreadMain] pthread_setaffinity_np failed for thread: 516824, index: 24, mask: {25, }, error code: 22 error msg: Invalid argument. Specify the number of threads explicitly so the affinity is not set.[m
[serve] [1;31m2026-07-21 09:50:04.561898840 [E:onnxruntime:Default, env.cc:227 ThreadMain] pthread_setaffinity_np failed for thread: 2083077, index: 94, mask: {95, }, error code: 22 error msg: Invalid argument. Specify the number of threads explicitly so the affinity is not set.[m
[serve] [1;31m2026-07-21 09:50:04.676980078 [E:onnxruntime:Default, env.cc:227 ThreadMain] pthread_setaffinity_np failed for thread: 516895, index: 95, mask: {96, }, error code: 22 error msg: Invalid argument. Specify the number of threads explicitly so the affinity is not set.[m
[serve] [1;31m2026-07-21 09:50:04.601965140 [E:onnxruntime:Default, env.cc:227 ThreadMain] pthread_setaffinity_np failed for thread: 516847, index: 47, mask: {48, }, error code: 22 error msg: Invalid argument. Specify the number of threads explicitly so the affinity is not set.[m
[serve] [1;31m2026-07-21 09:50:04.565854803 [E:onnxruntime:Default, env.cc:227 ThreadMain] pthread_setaffinity_np failed for thread: 2083080, index: 97, mask: {98, }, error code: 22 error msg: Invalid argument. Specify the number of threads explicitly so the affinity is not set.[m
[serve] [1;31m2026-07-21 09:50:04.676966472 [E:onnxruntime:Default, env.cc:227 ThreadMain] pthread_setaffinity_np failed for thread: 516892, index: 92, mask: {93, }, error code: 22 error msg: Invalid argument. Specify the number of threads explicitly so the affinity is not set.[m
[serve] [1;31m2026-07-21 09:50:04.691985590 [E:onnxruntime:Default, env.cc:227 ThreadMain] pthread_setaffinity_np failed for thread: 2082995, index: 94, mask: {95, }, error code: 22 error msg: Invalid argument. Specify the number of threads explicitly so the affinity is not set.[m
[serve] [1;31m2026-07-21 09:50:04.625927879 [E:onnxruntime:Default, env.cc:227 ThreadMain] pthread_setaffinity_np failed for thread: 2082977, index: 80, mask: {81, }, error code: 22 error msg: Invalid argument. Specify the number of threads explicitly so the affinity is not set.[m
[serve] [1;31m2026-07-21 09:50:04.632838715 [E:onnxruntime:Default, env.cc:227 ThreadMain] pthread_setaffinity_np failed for thread: 2082947, index: 68, mask: {69, }, error code: 22 error msg: Invalid argument. Specify the number of threads explicitly so the affinity is not set.[m
[serve] [1;31m2026-07-21 09:50:04.625936886 [E:onnxruntime:Default, env.cc:227 ThreadMain] pthread_setaffinity_np failed for thread: 2082982, index: 84, mask: {85, }, error code: 22 error msg: Invalid argument. Specify the number of threads explicitly so the affinity is not set.[m
[serve] [1;31m2026-07-21 09:50:04.632847341 [E:onnxruntime:Default, env.cc:227 ThreadMain] pthread_setaffinity_np failed for thread: 2082950, index: 70, mask: {71, }, error code: 22 error msg: Invalid argument. Specify the number of threads explicitly so the affinity is not set.[m
[serve] [1;31m2026-07-21 09:50:04.639840931 [E:onnxruntime:Default, env.cc:227 ThreadMain] pthread_setaffinity_np failed for thread: 2082897, index: 22, mask: {23, }, error code: 22 error msg: Invalid argument. Specify the number of threads explicitly so the affinity is not set.[m
[serve] [1;31m2026-07-21 09:50:04.632841039 [E:onnxruntime:Default, env.cc:227 ThreadMain] pthread_setaffinity_np failed for thread: 2083020, index: 103, mask: {104, }, error code: 22 error msg: Invalid argument. Specify the number of threads explicitly so the affinity is not set.[m
[serve] [1;31m2026-07-21 09:50:04.646864887 [E:onnxruntime:Default, env.cc:227 ThreadMain] pthread_setaffinity_np failed for thread: 2082905, index: 30, mask: {31, }, error code: 22 error msg: Invalid argument. Specify the number of threads explicitly so the affinity is not set.[m
[serve] [1;31m2026-07-21 09:50:04.625944921 [E:onnxruntime:Default, env.cc:227 ThreadMain] pthread_setaffinity_np failed for thread: 2082894, index: 19, mask: {20, }, error code: 22 error msg: Invalid argument. Specify the number of threads explicitly so the affinity is not set.[m
[serve] [1;31m2026-07-21 09:50:04.632849916 [E:onnxruntime:Default, env.cc:227 ThreadMain] pthread_setaffinity_np failed for thread: 2082923, index: 48, mask: {49, }, error code: 22 error msg: Invalid argument. Specify the number of threads explicitly so the affinity is not set.[m
[serve] [1;31m2026-07-21 09:50:04.630840701 [E:onnxruntime:Default, env.cc:227 ThreadMain] pthread_setaffinity_np failed for thread: 2082979, index: 81, mask: {82, }, error code: 22 error msg: Invalid argument. Specify the number of threads explicitly so the affinity is not set.[m
[serve] [1;31m2026-07-21 09:50:04.646851462 [E:onnxruntime:Default, env.cc:227 ThreadMain] pthread_setaffinity_np failed for thread: 2082914, index: 39, mask: {40, }, error code: 22 error msg: Invalid argument. Specify the number of threads explicitly so the affinity is not set.[m
[serve] [1;31m2026-07-21 09:50:04.691856980 [E:onnxruntime:Default, env.cc:227 ThreadMain] pthread_setaffinity_np failed for thread: 2082932, index: 57, mask: {58, }, error code: 22 error msg: Invalid argument. Specify the number of threads explicitly so the affinity is not set.[m
[serve] [1;31m2026-07-21 09:50:04.632839186 [E:onnxruntime:Default, env.cc:227 ThreadMain] pthread_setaffinity_np failed for thread: 2083005, index: 99, mask: {100, }, error code: 22 error msg: Invalid argument. Specify the number of threads explicitly so the affinity is not set.[m
[serve] [1;31m2026-07-21 09:50:04.630847243 [E:onnxruntime:Default, env.cc:227 ThreadMain] pthread_setaffinity_np failed for thread: 2082985, index: 87, mask: {88, }, error code: 22 error msg: Invalid argument. Specify the number of threads explicitly so the affinity is not set.[m
[serve] [1;31m2026-07-21 09:50:04.630847624 [E:onnxruntime:Default, env.cc:227 ThreadMain] pthread_setaffinity_np failed for thread: 2082983, index: 85, mask: {86, }, error code: 22 error msg: Invalid argument. Specify the number of threads explicitly so the affinity is not set.[m
[serve] [1;31m2026-07-21 09:50:04.625940323 [E:onnxruntime:Default, env.cc:227 ThreadMain] pthread_setaffinity_np failed for thread: 2082988, index: 90, mask: {91, }, error code: 22 error msg: Invalid argument. Specify the number of threads explicitly so the affinity is not set.[m
[serve] [1;31m2026-07-21 09:50:04.691846751 [E:onnxruntime:Default, env.cc:227 ThreadMain] pthread_setaffinity_np failed for thread: 2082929, index: 54, mask: {55, }, error code: 22 error msg: Invalid argument. Specify the number of threads explicitly so the affinity is not set.[m
[serve] [1;31m2026-07-21 09:50:04.632846329 [E:onnxruntime:Default, env.cc:227 ThreadMain] pthread_setaffinity_np failed for thread: 2083003, index: 98, mask: {99, }, error code: 22 error msg: Invalid argument. Specify the number of threads explicitly so the affinity is not set.[m
[serve] [1;31m2026-07-21 09:50:04.705886459 [E:onnxruntime:Default, env.cc:227 ThreadMain] pthread_setaffinity_np failed for thread: 2083035, index: 111, mask: {112, }, error code: 22 error msg: Invalid argument. Specify the number of threads explicitly so the affinity is not set.[m
[serve] [1;31m2026-07-21 09:50:04.630853625 [E:onnxruntime:Default, env.cc:227 ThreadMain] pthread_setaffinity_np failed for thread: 2082909, index: 34, mask: {35, }, error code: 22 error msg: Invalid argument. Specify the number of threads explicitly so the affinity is not set.[m
[serve] [1;31m2026-07-21 09:50:04.630838647 [E:onnxruntime:Default, env.cc:227 ThreadMain] pthread_setaffinity_np failed for thread: 2082938, index: 63, mask: {64, }, error code: 22 error msg: Invalid argument. Specify the number of threads explicitly so the affinity is not set.[m
[serve] [1;31m2026-07-21 09:50:04.600989690 [E:onnxruntime:Default, env.cc:227 ThreadMain] pthread_setaffinity_np failed for thread: 516854, index: 54, mask: {55, }, error code: 22 error msg: Invalid argument. Specify the number of threads explicitly so the affinity is not set.[m
[serve] [1;31m2026-07-21 09:50:04.625947085 [E:onnxruntime:Default, env.cc:227 ThreadMain] pthread_setaffinity_np failed for thread: 2082987, index: 89, mask: {90, }, error code: 22 error msg: Invalid argument. Specify the number of threads explicitly so the affinity is not set.[m
[serve] [1;31m2026-07-21 09:50:04.561843216 [E:onnxruntime:Default, env.cc:227 ThreadMain] pthread_setaffinity_np failed for thread: 2082952, index: 25, mask: {26, }, error code: 22 error msg: Invalid argument. Specify the number of threads explicitly so the affinity is not set.[m
[serve] [1;31m2026-07-21 09:50:04.722848638 [E:onnxruntime:Default, env.cc:227 ThreadMain] pthread_setaffinity_np failed for thread: 2082906, index: 31, mask: {32, }, error code: 22 error msg: Invalid argument. Specify the number of threads explicitly so the affinity is not set.[m
[serve] [1;31m2026-07-21 09:50:04.632966303 [E:onnxruntime:Default, env.cc:227 ThreadMain] pthread_setaffinity_np failed for thread: 516880, index: 80, mask: {81, }, error code: 22 error msg: Invalid argument. Specify the number of threads explicitly so the affinity is not set.[m
[serve] [1;31m2026-07-21 09:50:04.705895025 [E:onnxruntime:Default, env.cc:227 ThreadMain] pthread_setaffinity_np failed for thread: 2082966, index: 74, mask: {75, }, error code: 22 error msg: Invalid argument. Specify the number of threads explicitly so the affinity is not set.[m
[serve] [1;31m2026-07-21 09:50:04.705935070 [E:onnxruntime:Default, env.cc:227 ThreadMain] pthread_setaffinity_np failed for thread: 2082910, index: 35, mask: {36, }, error code: 22 error msg: Invalid argument. Specify the number of threads explicitly so the affinity is not set.[m
[serve] [1;31m2026-07-21 09:50:04.714837807 [E:onnxruntime:Default, env.cc:227 ThreadMain] pthread_setaffinity_np failed for thread: 2082913, index: 38, mask: {39, }, error code: 22 error msg: Invalid argument. Specify the number of threads explicitly so the affinity is not set.[m
[serve] [1;31m2026-07-21 09:50:04.715847394 [E:onnxruntime:Default, env.cc:227 ThreadMain] pthread_setaffinity_np failed for thread: 2082975, index: 79, mask: {80, }, error code: 22 error msg: Invalid argument. Specify the number of threads explicitly so the affinity is not set.[m
[serve] [1;31m2026-07-21 09:50:04.714845642 [E:onnxruntime:Default, env.cc:227 ThreadMain] pthread_setaffinity_np failed for thread: 2082928, index: 53, mask: {54, }, error code: 22 error msg: Invalid argument. Specify the number of threads explicitly so the affinity is not set.[m
[serve] [1;31m2026-07-21 09:50:04.709887706 [E:onnxruntime:Default, env.cc:227 ThreadMain] pthread_setaffinity_np failed for thread: 2083066, index: 83, mask: {84, }, error code: 22 error msg: Invalid argument. Specify the number of threads explicitly so the affinity is not set.[m
[serve] [1;31m2026-07-21 09:50:04.713844862 [E:onnxruntime:Default, env.cc:227 ThreadMain] pthread_setaffinity_np failed for thread: 2083071, index: 88, mask: {89, }, error code: 22 error msg: Invalid argument. Specify the number of threads explicitly so the affinity is not set.[m
[serve] [1;31m2026-07-21 09:50:04.705924380 [E:onnxruntime:Default, env.cc:227 ThreadMain] pthread_setaffinity_np failed for thread: 2082965, index: 35, mask: {36, }, error code: 22 error msg: Invalid argument. Specify the number of threads explicitly so the affinity is not set.[m
[serve] [1;31m2026-07-21 09:50:04.713855852 [E:onnxruntime:Default, env.cc:227 ThreadMain] pthread_setaffinity_np failed for thread: 2083059, index: 76, mask: {77, }, error code: 22 error msg: Invalid argument. Specify the number of threads explicitly so the affinity is not set.[m
[serve] [1;31m2026-07-21 09:50:04.709894429 [E:onnxruntime:Default, env.cc:227 ThreadMain] pthread_setaffinity_np failed for thread: 2083014, index: 56, mask: {57, }, error code: 22 error msg: Invalid argument. Specify the number of threads explicitly so the affinity is not set.[m
[serve] [1;31m2026-07-21 09:50:04.717841691 [E:onnxruntime:Default, env.cc:227 ThreadMain] pthread_setaffinity_np failed for thread: 2083058, index: 75, mask: {76, }, error code: 22 error msg: Invalid argument. Specify the number of threads explicitly so the affinity is not set.[m
[serve] [1;31m2026-07-21 09:50:04.702989685 [E:onnxruntime:Default, env.cc:227 ThreadMain] pthread_setaffinity_np failed for thread: 516889, index: 89, mask: {90, }, error code: 22 error msg: Invalid argument. Specify the number of threads explicitly so the affinity is not set.[m
[serve] [1;31m2026-07-21 09:50:04.713018040 [E:onnxruntime:Default, env.cc:227 ThreadMain] pthread_setaffinity_np failed for thread: 516902, index: 102, mask: {103, }, error code: 22 error msg: Invalid argument. Specify the number of threads explicitly so the affinity is not set.[m
[serve] [1;31m2026-07-21 09:50:04.713024482 [E:onnxruntime:Default, env.cc:227 ThreadMain] pthread_setaffinity_np failed for thread: 516899, index: 99, mask: {100, }, error code: 22 error msg: Invalid argument. Specify the number of threads explicitly so the affinity is not set.[m
[serve] [1;31m2026-07-21 09:50:04.714980612 [E:onnxruntime:Default, env.cc:227 ThreadMain] pthread_setaffinity_np failed for thread: 516909, index: 109, mask: {110, }, error code: 22 error msg: Invalid argument. Specify the number of threads explicitly so the affinity is not set.[m
[serve] [1;31m2026-07-21 09:50:04.702996849 [E:onnxruntime:Default, env.cc:227 ThreadMain] pthread_setaffinity_np failed for thread: 516894, index: 94, mask: {95, }, error code: 22 error msg: Invalid argument. Specify the number of threads explicitly so the affinity is not set.[m
[serve] [1;31m2026-07-21 09:50:04.718961711 [E:onnxruntime:Default, env.cc:227 ThreadMain] pthread_setaffinity_np failed for thread: 516888, index: 88, mask: {89, }, error code: 22 error msg: Invalid argument. Specify the number of threads explicitly so the affinity is not set.[m
[serve] [1;31m2026-07-21 09:50:04.714963169 [E:onnxruntime:Default, env.cc:227 ThreadMain] pthread_setaffinity_np failed for thread: 516883, index: 83, mask: {84, }, error code: 22 error msg: Invalid argument. Specify the number of threads explicitly so the affinity is not set.[m
[serve] [1;31m2026-07-21 09:50:04.714974981 [E:onnxruntime:Default, env.cc:227 ThreadMain] pthread_setaffinity_np failed for thread: 516901, index: 101, mask: {102, }, error code: 22 error msg: Invalid argument. Specify the number of threads explicitly so the affinity is not set.[m
[serve] [1;31m2026-07-21 09:50:04.718972912 [E:onnxruntime:Default, env.cc:227 ThreadMain] pthread_setaffinity_np failed for thread: 516884, index: 84, mask: {85, }, error code: 22 error msg: Invalid argument. Specify the number of threads explicitly so the affinity is not set.[m
[serve] [1;31m2026-07-21 09:50:04.714969671 [E:onnxruntime:Default, env.cc:227 ThreadMain] pthread_setaffinity_np failed for thread: 516887, index: 87, mask: {88, }, error code: 22 error msg: Invalid argument. Specify the number of threads explicitly so the affinity is not set.[m
[serve] [1;31m2026-07-21 09:50:04.718967582 [E:onnxruntime:Default, env.cc:227 ThreadMain] pthread_setaffinity_np failed for thread: 516893, index: 93, mask: {94, }, error code: 22 error msg: Invalid argument. Specify the number of threads explicitly so the affinity is not set.[m
[serve] [1;31m2026-07-21 09:50:04.739973071 [E:onnxruntime:Default, env.cc:227 ThreadMain] pthread_setaffinity_np failed for thread: 516908, index: 108, mask: {109, }, error code: 22 error msg: Invalid argument. Specify the number of threads explicitly so the affinity is not set.[m
[serve] [1;31m2026-07-21 09:50:04.722839020 [E:onnxruntime:Default, env.cc:227 ThreadMain] pthread_setaffinity_np failed for thread: 2082893, index: 18, mask: {19, }, error code: 22 error msg: Invalid argument. Specify the number of threads explicitly so the affinity is not set.[m
[serve] [1;31m2026-07-21 09:50:04.720856596 [E:onnxruntime:Default, env.cc:227 ThreadMain] pthread_setaffinity_np failed for thread: 2082927, index: 52, mask: {53, }, error code: 22 error msg: Invalid argument. Specify the number of threads explicitly so the affinity is not set.[m
[serve] [1;31m2026-07-21 09:50:04.713859830 [E:onnxruntime:Default, env.cc:227 ThreadMain] pthread_setaffinity_np failed for thread: 2082922, index: 47, mask: {48, }, error code: 22 error msg: Invalid argument. Specify the number of threads explicitly so the affinity is not set.[m
[serve] [1;31m2026-07-21 09:50:04.720865111 [E:onnxruntime:Default, env.cc:227 ThreadMain] pthread_setaffinity_np failed for thread: 2082911, index: 36, mask: {37, }, error code: 22 error msg: Invalid argument. Specify the number of threads explicitly so the affinity is not set.[m
[serve] [1;31m2026-07-21 09:50:04.720844052 [E:onnxruntime:Default, env.cc:227 ThreadMain] pthread_setaffinity_np failed for thread: 2082933, index: 58, mask: {59, }, error code: 22 error msg: Invalid argument. Specify the number of threads explicitly so the affinity is not set.[m
[serve] [1;31m2026-07-21 09:50:04.720872716 [E:onnxruntime:Default, env.cc:227 ThreadMain] pthread_setaffinity_np failed for thread: 2082934, index: 59, mask: {60, }, error code: 22 error msg: Invalid argument. Specify the number of threads explicitly so the affinity is not set.[m
[serve] [1;31m2026-07-21 09:50:04.705932114 [E:onnxruntime:Default, env.cc:227 ThreadMain] pthread_setaffinity_np failed for thread: 2082901, index: 26, mask: {27, }, error code: 22 error msg: Invalid argument. Specify the number of threads explicitly so the affinity is not set.[m
[serve] [1;31m2026-07-21 09:50:04.713853718 [E:onnxruntime:Default, env.cc:227 ThreadMain] pthread_setaffinity_np failed for thread: 2082921, index: 46, mask: {47, }, error code: 22 error msg: Invalid argument. Specify the number of threads explicitly so the affinity is not set.[m
[serve] [1;31m2026-07-21 09:50:04.713839361 [E:onnxruntime:Default, env.cc:227 ThreadMain] pthread_setaffinity_np failed for thread: 2082898, index: 23, mask: {24, }, error code: 22 error msg: Invalid argument. Specify the number of threads explicitly so the affinity is not set.[m
[serve] [1;31m2026-07-21 09:50:04.713847577 [E:onnxruntime:Default, env.cc:227 ThreadMain] pthread_setaffinity_np failed for thread: 2082917, index: 42, mask: {43, }, error code: 22 error msg: Invalid argument. Specify the number of threads explicitly so the affinity is not set.[m
[serve] [1;31m2026-07-21 09:50:04.743844586 [E:onnxruntime:Default, env.cc:227 ThreadMain] pthread_setaffinity_np failed for thread: 2082964, index: 73, mask: {74, }, error code: 22 error msg: Invalid argument. Specify the number of threads explicitly so the affinity is not set.[m
[serve] [1;31m2026-07-21 09:50:04.743967284 [E:onnxruntime:Default, env.cc:227 ThreadMain] pthread_setaffinity_np failed for thread: 516831, index: 31, mask: {32, }, error code: 22 error msg: Invalid argument. Specify the number of threads explicitly so the affinity is not set.[m
[serve] [1;31m2026-07-21 09:50:04.710063325 [E:onnxruntime:Default, env.cc:227 ThreadMain] pthread_setaffinity_np failed for thread: 2082955, index: 28, mask: {29, }, error code: 22 error msg: Invalid argument. Specify the number of threads explicitly so the affinity is not set.[m
[serve] [1;31m2026-07-21 09:50:04.709926058 [E:onnxruntime:Default, env.cc:227 ThreadMain] pthread_setaffinity_np failed for thread: 2083067, index: 84, mask: {85, }, error code: 22 error msg: Invalid argument. Specify the number of threads explicitly so the affinity is not set.[m
[serve] [1;31m2026-07-21 09:50:04.705951029 [E:onnxruntime:Default, env.cc:227 ThreadMain] pthread_setaffinity_np failed for thread: 2082976, index: 40, mask: {41, }, error code: 22 error msg: Invalid argument. Specify the number of threads explicitly so the affinity is not set.[m
[serve] [32m[INFO] 2026-07-21 09:50:04,749 [RapidOCR] base.py:22: Using engine_name: onnxruntime[0m
[serve] [1;31m2026-07-21 09:50:04.732837606 [E:onnxruntime:Default, env.cc:227 ThreadMain] pthread_setaffinity_np failed for thread: 2082981, index: 83, mask: {84, }, error code: 22 error msg: Invalid argument. Specify the number of threads explicitly so the affinity is not set.[m
[serve] [32m[INFO] 2026-07-21 09:50:04,749 [RapidOCR] main.py:53: Using /opt/app-root/src/.cache/docling/models/RapidOcr/onnx/PP-OCRv4/rec/ch_PP-OCRv4_rec_infer.onnx[0m
[serve] [1;31m2026-07-21 09:50:04.751154659 [E:onnxruntime:Default, env.cc:227 ThreadMain] pthread_setaffinity_np failed for thread: 516927, index: 0, mask: {1, }, error code: 22 error msg: Invalid argument. Specify the number of threads explicitly so the affinity is not set.[m
[serve] [1;31m2026-07-21 09:50:04.754997368 [E:onnxruntime:Default, env.cc:227 ThreadMain] pthread_setaffinity_np failed for thread: 516928, index: 1, mask: {2, }, error code: 22 error msg: Invalid argument. Specify the number of threads explicitly so the affinity is not set.[m
[serve] [1;31m2026-07-21 09:50:04.754988521 [E:onnxruntime:Default, env.cc:227 ThreadMain] pthread_setaffinity_np failed for thread: 516931, index: 4, mask: {5, }, error code: 22 error msg: Invalid argument. Specify the number of threads explicitly so the affinity is not set.[m
[serve] [1;31m2026-07-21 09:50:04.759030354 [E:onnxruntime:Default, env.cc:227 ThreadMain] pthread_setaffinity_np failed for thread: 516941, index: 14, mask: {15, }, error code: 22 error msg: Invalid argument. Specify the number of threads explicitly so the affinity is not set.[m
[serve] [1;31m2026-07-21 09:50:04.705964425 [E:onnxruntime:Default, env.cc:227 ThreadMain] pthread_setaffinity_np failed for thread: 2083030, index: 65, mask: {66, }, error code: 22 error msg: Invalid argument. Specify the number of threads explicitly so the affinity is not set.[m
[serve] [1;31m2026-07-21 09:50:04.758990299 [E:onnxruntime:Default, env.cc:227 ThreadMain] pthread_setaffinity_np failed for thread: 516929, index: 2, mask: {3, }, error code: 22 error msg: Invalid argument. Specify the number of threads explicitly so the affinity is not set.[m
[serve] [1;31m2026-07-21 09:50:04.709843454 [E:onnxruntime:Default, env.cc:227 ThreadMain] pthread_setaffinity_np failed for thread: 2083038, index: 69, mask: {70, }, error code: 22 error msg: Invalid argument. Specify the number of threads explicitly so the affinity is not set.[m
[serve] [1;31m2026-07-21 09:50:04.765875278 [E:onnxruntime:Default, env.cc:227 ThreadMain] pthread_setaffinity_np failed for thread: 2082970, index: 37, mask: {38, }, error code: 22 error msg: Invalid argument. Specify the number of threads explicitly so the affinity is not set.[m
[serve] [1;31m2026-07-21 09:50:04.766994646 [E:onnxruntime:Default, env.cc:227 ThreadMain] pthread_setaffinity_np failed for thread: 516943, index: 16, mask: {17, }, error code: 22 error msg: Invalid argument. Specify the number of threads explicitly so the affinity is not set.[m
[serve] [1;31m2026-07-21 09:50:04.769843684 [E:onnxruntime:Default, env.cc:227 ThreadMain] pthread_setaffinity_np failed for thread: 2082961, index: 33, mask: {34, }, error code: 22 error msg: Invalid argument. Specify the number of threads explicitly so the affinity is not set.[m
[serve] [1;31m2026-07-21 09:50:04.766984487 [E:onnxruntime:Default, env.cc:227 ThreadMain] pthread_setaffinity_np failed for thread: 516930, index: 3, mask: {4, }, error code: 22 error msg: Invalid argument. Specify the number of threads explicitly so the affinity is not set.[m
[serve] [1;31m2026-07-21 09:50:04.765854519 [E:onnxruntime:Default, env.cc:227 ThreadMain] pthread_setaffinity_np failed for thread: 2082957, index: 30, mask: {31, }, error code: 22 error msg: Invalid argument. Specify the number of threads explicitly so the affinity is not set.[m
[serve] [1;31m2026-07-21 09:50:04.774987131 [E:onnxruntime:Default, env.cc:227 ThreadMain] pthread_setaffinity_np failed for thread: 516964, index: 37, mask: {38, }, error code: 22 error msg: Invalid argument. Specify the number of threads explicitly so the affinity is not set.[m
[serve] [1;31m2026-07-21 09:50:04.781876381 [E:onnxruntime:Default, env.cc:227 ThreadMain] pthread_setaffinity_np failed for thread: 2083024, index: 62, mask: {63, }, error code: 22 error msg: Invalid argument. Specify the number of threads explicitly so the affinity is not set.[m
[serve] [1;31m2026-07-21 09:50:04.782969397 [E:onnxruntime:Default, env.cc:227 ThreadMain] pthread_setaffinity_np failed for thread: 516944, index: 17, mask: {18, }, error code: 22 error msg: Invalid argument. Specify the number of threads explicitly so the affinity is not set.[m
[serve] [1;31m2026-07-21 09:50:04.778969032 [E:onnxruntime:Default, env.cc:227 ThreadMain] pthread_setaffinity_np failed for thread: 516942, index: 15, mask: {16, }, error code: 22 error msg: Invalid argument. Specify the number of threads explicitly so the affinity is not set.[m
[serve] [1;31m2026-07-21 09:50:04.794847001 [E:onnxruntime:Default, env.cc:227 ThreadMain] pthread_setaffinity_np failed for thread: 2083041, index: 70, mask: {71, }, error code: 22 error msg: Invalid argument. Specify the number of threads explicitly so the affinity is not set.[m
[serve] [1;31m2026-07-21 09:50:04.796978089 [E:onnxruntime:Default, env.cc:227 ThreadMain] pthread_setaffinity_np failed for thread: 516951, index: 24, mask: {25, }, error code: 22 error msg: Invalid argument. Specify the number of threads explicitly so the affinity is not set.[m
[serve] [1;31m2026-07-21 09:50:04.798982510 [E:onnxruntime:Default, env.cc:227 ThreadMain] pthread_setaffinity_np failed for thread: 517017, index: 90, mask: {91, }, error code: 22 error msg: Invalid argument. Specify the number of threads explicitly so the affinity is not set.[m
[serve] [1;31m2026-07-21 09:50:04.798993470 [E:onnxruntime:Default, env.cc:227 ThreadMain] pthread_setaffinity_np failed for thread: 517004, index: 77, mask: {78, }, error code: 22 error msg: Invalid argument. Specify the number of threads explicitly so the affinity is not set.[m
[serve] [1;31m2026-07-21 09:50:04.803910820 [E:onnxruntime:Default, env.cc:227 ThreadMain] pthread_setaffinity_np failed for thread: 2083065, index: 82, mask: {83, }, error code: 22 error msg: Invalid argument. Specify the number of threads explicitly so the affinity is not set.[m
[serve] [1;31m2026-07-21 09:50:04.803977541 [E:onnxruntime:Default, env.cc:227 ThreadMain] pthread_setaffinity_np failed for thread: 516975, index: 48, mask: {49, }, error code: 22 error msg: Invalid argument. Specify the number of threads explicitly so the affinity is not set.[m
[serve] [1;31m2026-07-21 09:50:04.804849043 [E:onnxruntime:Default, env.cc:227 ThreadMain] pthread_setaffinity_np failed for thread: 2083068, index: 85, mask: {86, }, error code: 22 error msg: Invalid argument. Specify the number of threads explicitly so the affinity is not set.[m
[serve] [1;31m2026-07-21 09:50:04.807975802 [E:onnxruntime:Default, env.cc:227 ThreadMain] pthread_setaffinity_np failed for thread: 516976, index: 49, mask: {50, }, error code: 22 error msg: Invalid argument. Specify the number of threads explicitly so the affinity is not set.[m
[serve] [1;31m2026-07-21 09:50:04.808973965 [E:onnxruntime:Default, env.cc:227 ThreadMain] pthread_setaffinity_np failed for thread: 516962, index: 35, mask: {36, }, error code: 22 error msg: Invalid argument. Specify the number of threads explicitly so the affinity is not set.[m
[serve] [1;31m2026-07-21 09:50:04.811972100 [E:onnxruntime:Default, env.cc:227 ThreadMain] pthread_setaffinity_np failed for thread: 516978, index: 51, mask: {52, }, error code: 22 error msg: Invalid argument. Specify the number of threads explicitly so the affinity is not set.[m
[serve] [1;31m2026-07-21 09:50:04.811993249 [E:onnxruntime:Default, env.cc:227 ThreadMain] pthread_setaffinity_np failed for thread: 516945, index: 18, mask: {19, }, error code: 22 error msg: Invalid argument. Specify the number of threads explicitly so the affinity is not set.[m
[serve] [1;31m2026-07-21 09:50:04.812975522 [E:onnxruntime:Default, env.cc:227 ThreadMain] pthread_setaffinity_np failed for thread: 516963, index: 36, mask: {37, }, error code: 22 error msg: Invalid argument. Specify the number of threads explicitly so the affinity is not set.[m
[serve] [1;31m2026-07-21 09:50:04.813845767 [E:onnxruntime:Default, env.cc:227 ThreadMain] pthread_setaffinity_np failed for thread: 2083069, index: 86, mask: {87, }, error code: 22 error msg: Invalid argument. Specify the number of threads explicitly so the affinity is not set.[m
[serve] [1;31m2026-07-21 09:50:04.816009645 [E:onnxruntime:Default, env.cc:227 ThreadMain] pthread_setaffinity_np failed for thread: 517021, index: 94, mask: {95, }, error code: 22 error msg: Invalid argument. Specify the number of threads explicitly so the affinity is not set.[m
[serve] [1;31m2026-07-21 09:50:04.816021437 [E:onnxruntime:Default, env.cc:227 ThreadMain] pthread_setaffinity_np failed for thread: 516956, index: 29, mask: {30, }, error code: 22 error msg: Invalid argument. Specify the number of threads explicitly so the affinity is not set.[m
[serve] [1;31m2026-07-21 09:50:04.816972050 [E:onnxruntime:Default, env.cc:227 ThreadMain] pthread_setaffinity_np failed for thread: 516940, index: 13, mask: {14, }, error code: 22 error msg: Invalid argument. Specify the number of threads explicitly so the affinity is not set.[m
[serve] [1;31m2026-07-21 09:50:04.819988209 [E:onnxruntime:Default, env.cc:227 ThreadMain] pthread_setaffinity_np failed for thread: 517002, index: 75, mask: {76, }, error code: 22 error msg: Invalid argument. Specify the number of threads explicitly so the affinity is not set.[m
[serve] [1;31m2026-07-21 09:50:04.819997987 [E:onnxruntime:Default, env.cc:227 ThreadMain] pthread_setaffinity_np failed for thread: 517022, index: 95, mask: {96, }, error code: 22 error msg: Invalid argument. Specify the number of threads explicitly so the affinity is not set.[m
[serve] [1;31m2026-07-21 09:50:04.820978737 [E:onnxruntime:Default, env.cc:227 ThreadMain] pthread_setaffinity_np failed for thread: 516948, index: 21, mask: {22, }, error code: 22 error msg: Invalid argument. Specify the number of threads explicitly so the affinity is not set.[m
[serve] [1;31m2026-07-21 09:50:04.824013801 [E:onnxruntime:Default, env.cc:227 ThreadMain] pthread_setaffinity_np failed for thread: 517030, index: 103, mask: {104, }, error code: 22 error msg: Invalid argument. Specify the number of threads explicitly so the affinity is not set.[m
[serve] [1;31m2026-07-21 09:50:04.824024471 [E:onnxruntime:Default, env.cc:227 ThreadMain] pthread_setaffinity_np failed for thread: 517028, index: 101, mask: {102, }, error code: 22 error msg: Invalid argument. Specify the number of threads explicitly so the affinity is not set.[m
[serve] [1;31m2026-07-21 09:50:04.825996030 [E:onnxruntime:Default, env.cc:227 ThreadMain] pthread_setaffinity_np failed for thread: 516958, index: 31, mask: {32, }, error code: 22 error msg: Invalid argument. Specify the number of threads explicitly so the affinity is not set.[m
[serve] [1;31m2026-07-21 09:50:04.826009005 [E:onnxruntime:Default, env.cc:227 ThreadMain] pthread_setaffinity_np failed for thread: 516982, index: 55, mask: {56, }, error code: 22 error msg: Invalid argument. Specify the number of threads explicitly so the affinity is not set.[m
[serve] [1;31m2026-07-21 09:50:04.826846423 [E:onnxruntime:Default, env.cc:227 ThreadMain] pthread_setaffinity_np failed for thread: 2083072, index: 89, mask: {90, }, error code: 22 error msg: Invalid argument. Specify the number of threads explicitly so the affinity is not set.[m
[serve] [1;31m2026-07-21 09:50:04.826972102 [E:onnxruntime:Default, env.cc:227 ThreadMain] pthread_setaffinity_np failed for thread: 516959, index: 32, mask: {33, }, error code: 22 error msg: Invalid argument. Specify the number of threads explicitly so the affinity is not set.[m
[serve] [1;31m2026-07-21 09:50:04.827984331 [E:onnxruntime:Default, env.cc:227 ThreadMain] pthread_setaffinity_np failed for thread: 517035, index: 108, mask: {109, }, error code: 22 error msg: Invalid argument. Specify the number of threads explicitly so the affinity is not set.[m
[serve] [1;31m2026-07-21 09:50:04.827997015 [E:onnxruntime:Default, env.cc:227 ThreadMain] pthread_setaffinity_np failed for thread: 517039, index: 112, mask: {113, }, error code: 22 error msg: Invalid argument. Specify the number of threads explicitly so the affinity is not set.[m
[serve] [1;31m2026-07-21 09:50:04.829977300 [E:onnxruntime:Default, env.cc:227 ThreadMain] pthread_setaffinity_np failed for thread: 517012, index: 85, mask: {86, }, error code: 22 error msg: Invalid argument. Specify the number of threads explicitly so the affinity is not set.[m
[serve] [1;31m2026-07-21 09:50:04.825975933 [E:onnxruntime:Default, env.cc:227 ThreadMain] pthread_setaffinity_np failed for thread: 516949, index: 22, mask: {23, }, error code: 22 error msg: Invalid argument. Specify the number of threads explicitly so the affinity is not set.[m
[serve] [1;31m2026-07-21 09:50:04.815973998 [E:onnxruntime:Default, env.cc:227 ThreadMain] pthread_setaffinity_np failed for thread: 516987, index: 60, mask: {61, }, error code: 22 error msg: Invalid argument. Specify the number of threads explicitly so the affinity is not set.[m
[serve] [1;31m2026-07-21 09:50:04.823996559 [E:onnxruntime:Default, env.cc:227 ThreadMain] pthread_setaffinity_np failed for thread: 517025, index: 98, mask: {99, }, error code: 22 error msg: Invalid argument. Specify the number of threads explicitly so the affinity is not set.[m
[serve] [1;31m2026-07-21 09:50:04.793011087 [E:onnxruntime:Default, env.cc:227 ThreadMain] pthread_setaffinity_np failed for thread: 516967, index: 40, mask: {41, }, error code: 22 error msg: Invalid argument. Specify the number of threads explicitly so the affinity is not set.[m
[serve] [1;31m2026-07-21 09:50:04.823979277 [E:onnxruntime:Default, env.cc:227 ThreadMain] pthread_setaffinity_np failed for thread: 517024, index: 97, mask: {98, }, error code: 22 error msg: Invalid argument. Specify the number of threads explicitly so the affinity is not set.[m
[serve] [1;31m2026-07-21 09:50:04.839553470 [E:onnxruntime:Default, env.cc:227 ThreadMain] pthread_setaffinity_np failed for thread: 2083075, index: 92, mask: {93, }, error code: 22 error msg: Invalid argument. Specify the number of threads explicitly so the affinity is not set.[m
[serve] [1;31m2026-07-21 09:50:04.792999385 [E:onnxruntime:Default, env.cc:227 ThreadMain] pthread_setaffinity_np failed for thread: 516950, index: 23, mask: {24, }, error code: 22 error msg: Invalid argument. Specify the number of threads explicitly so the affinity is not set.[m
[serve] [1;31m2026-07-21 09:50:04.851770772 [E:onnxruntime:Default, env.cc:227 ThreadMain] pthread_setaffinity_np failed for thread: 2083076, index: 93, mask: {94, }, error code: 22 error msg: Invalid argument. Specify the number of threads explicitly so the affinity is not set.[m
[serve] [1;31m2026-07-21 09:50:04.863848503 [E:onnxruntime:Default, env.cc:227 ThreadMain] pthread_setaffinity_np failed for thread: 2083078, index: 95, mask: {96, }, error code: 22 error msg: Invalid argument. Specify the number of threads explicitly so the affinity is not set.[m
[serve] [1;31m2026-07-21 09:50:04.864481637 [E:onnxruntime:Default, env.cc:227 ThreadMain] pthread_setaffinity_np failed for thread: 2083081, index: 98, mask: {99, }, error code: 22 error msg: Invalid argument. Specify the number of threads explicitly so the affinity is not set.[m
[serve] [1;31m2026-07-21 09:50:04.831030195 [E:onnxruntime:Default, env.cc:227 ThreadMain] pthread_setaffinity_np failed for thread: 516953, index: 26, mask: {27, }, error code: 22 error msg: Invalid argument. Specify the number of threads explicitly so the affinity is not set.[m
[serve] [1;31m2026-07-21 09:50:04.832012919 [E:onnxruntime:Default, env.cc:227 ThreadMain] pthread_setaffinity_np failed for thread: 517005, index: 78, mask: {79, }, error code: 22 error msg: Invalid argument. Specify the number of threads explicitly so the affinity is not set.[m
[serve] [1;31m2026-07-21 09:50:04.834969285 [E:onnxruntime:Default, env.cc:227 ThreadMain] pthread_setaffinity_np failed for thread: 517033, index: 106, mask: {107, }, error code: 22 error msg: Invalid argument. Specify the number of threads explicitly so the affinity is not set.[m
[serve] [1;31m2026-07-21 09:50:04.831013654 [E:onnxruntime:Default, env.cc:227 ThreadMain] pthread_setaffinity_np failed for thread: 517000, index: 73, mask: {74, }, error code: 22 error msg: Invalid argument. Specify the number of threads explicitly so the affinity is not set.[m
[serve] [1;31m2026-07-21 09:50:04.833979589 [E:onnxruntime:Default, env.cc:227 ThreadMain] pthread_setaffinity_np failed for thread: 516980, index: 53, mask: {54, }, error code: 22 error msg: Invalid argument. Specify the number of threads explicitly so the affinity is not set.[m
[serve] [1;31m2026-07-21 09:50:04.832007298 [E:onnxruntime:Default, env.cc:227 ThreadMain] pthread_setaffinity_np failed for thread: 517009, index: 82, mask: {83, }, error code: 22 error msg: Invalid argument. Specify the number of threads explicitly so the affinity is not set.[m
[serve] [1;31m2026-07-21 09:50:04.831021369 [E:onnxruntime:Default, env.cc:227 ThreadMain] pthread_setaffinity_np failed for thread: 516952, index: 25, mask: {26, }, error code: 22 error msg: Invalid argument. Specify the number of threads explicitly so the affinity is not set.[m
[serve] [1;31m2026-07-21 09:50:04.834964166 [E:onnxruntime:Default, env.cc:227 ThreadMain] pthread_setaffinity_np failed for thread: 516961, index: 34, mask: {35, }, error code: 22 error msg: Invalid argument. Specify the number of threads explicitly so the affinity is not set.[m
[serve] [1;31m2026-07-21 09:50:04.876849600 [E:onnxruntime:Default, env.cc:227 ThreadMain] pthread_setaffinity_np failed for thread: 2083082, index: 99, mask: {100, }, error code: 22 error msg: Invalid argument. Specify the number of threads explicitly so the affinity is not set.[m
[serve] [1;31m2026-07-21 09:50:04.831026087 [E:onnxruntime:Default, env.cc:227 ThreadMain] pthread_setaffinity_np failed for thread: 516965, index: 38, mask: {39, }, error code: 22 error msg: Invalid argument. Specify the number of threads explicitly so the affinity is not set.[m
[serve] [1;31m2026-07-21 09:50:04.885845272 [E:onnxruntime:Default, env.cc:227 ThreadMain] pthread_setaffinity_np failed for thread: 2083084, index: 101, mask: {102, }, error code: 22 error msg: Invalid argument. Specify the number of threads explicitly so the affinity is not set.[m
[serve] [1;31m2026-07-21 09:50:04.839964948 [E:onnxruntime:Default, env.cc:227 ThreadMain] pthread_setaffinity_np failed for thread: 517031, index: 104, mask: {105, }, error code: 22 error msg: Invalid argument. Specify the number of threads explicitly so the affinity is not set.[m
[serve] [1;31m2026-07-21 09:50:04.892847999 [E:onnxruntime:Default, env.cc:227 ThreadMain] pthread_setaffinity_np failed for thread: 2083087, index: 104, mask: {105, }, error code: 22 error msg: Invalid argument. Specify the number of threads explicitly so the affinity is not set.[m
[serve] [1;31m2026-07-21 09:50:04.897844767 [E:onnxruntime:Default, env.cc:227 ThreadMain] pthread_setaffinity_np failed for thread: 2083089, index: 106, mask: {107, }, error code: 22 error msg: Invalid argument. Specify the number of threads explicitly so the affinity is not set.[m
[serve] [1;31m2026-07-21 09:50:04.862981149 [E:onnxruntime:Default, env.cc:227 ThreadMain] pthread_setaffinity_np failed for thread: 517011, index: 84, mask: {85, }, error code: 22 error msg: Invalid argument. Specify the number of threads explicitly so the affinity is not set.[m
[serve] [1;31m2026-07-21 09:50:04.902845843 [E:onnxruntime:Default, env.cc:227 ThreadMain] pthread_setaffinity_np failed for thread: 2083092, index: 109, mask: {110, }, error code: 22 error msg: Invalid argument. Specify the number of threads explicitly so the affinity is not set.[m
[serve] [1;31m2026-07-21 09:50:04.832001187 [E:onnxruntime:Default, env.cc:227 ThreadMain] pthread_setaffinity_np failed for thread: 517015, index: 88, mask: {89, }, error code: 22 error msg: Invalid argument. Specify the number of threads explicitly so the affinity is not set.[m
[serve] [1;31m2026-07-21 09:50:04.907846088 [E:onnxruntime:Default, env.cc:227 ThreadMain] pthread_setaffinity_np failed for thread: 2083094, index: 111, mask: {112, }, error code: 22 error msg: Invalid argument. Specify the number of threads explicitly so the affinity is not set.[m
[serve] [1;31m2026-07-21 09:50:04.911859167 [E:onnxruntime:Default, env.cc:227 ThreadMain] pthread_setaffinity_np failed for thread: 2083098, index: 115, mask: {116, }, error code: 22 error msg: Invalid argument. Specify the number of threads explicitly so the affinity is not set.[m
[serve] [1;31m2026-07-21 09:50:04.831982251 [E:onnxruntime:Default, env.cc:227 ThreadMain] pthread_setaffinity_np failed for thread: 516957, index: 30, mask: {31, }, error code: 22 error msg: Invalid argument. Specify the number of threads explicitly so the affinity is not set.[m
[serve] [1;31m2026-07-21 09:50:04.831988323 [E:onnxruntime:Default, env.cc:227 ThreadMain] pthread_setaffinity_np failed for thread: 516955, index: 28, mask: {29, }, error code: 22 error msg: Invalid argument. Specify the number of threads explicitly so the affinity is not set.[m
[serve] [1;31m2026-07-21 09:50:04.918989959 [E:onnxruntime:Default, env.cc:227 ThreadMain] pthread_setaffinity_np failed for thread: 516988, index: 61, mask: {62, }, error code: 22 error msg: Invalid argument. Specify the number of threads explicitly so the affinity is not set.[m
[serve] [1;31m2026-07-21 09:50:04.922971469 [E:onnxruntime:Default, env.cc:227 ThreadMain] pthread_setaffinity_np failed for thread: 516946, index: 19, mask: {20, }, error code: 22 error msg: Invalid argument. Specify the number of threads explicitly so the affinity is not set.[m
[serve] [1;31m2026-07-21 09:50:04.924875513 [E:onnxruntime:Default, env.cc:227 ThreadMain] pthread_setaffinity_np failed for thread: 2083103, index: 120, mask: {121, }, error code: 22 error msg: Invalid argument. Specify the number of threads explicitly so the affinity is not set.[m
[serve] [1;31m2026-07-21 09:50:04.929971702 [E:onnxruntime:Default, env.cc:227 ThreadMain] pthread_setaffinity_np failed for thread: 517034, index: 107, mask: {108, }, error code: 22 error msg: Invalid argument. Specify the number of threads explicitly so the affinity is not set.[m
[serve] [1;31m2026-07-21 09:50:04.933972227 [E:onnxruntime:Default, env.cc:227 ThreadMain] pthread_setaffinity_np failed for thread: 516947, index: 20, mask: {21, }, error code: 22 error msg: Invalid argument. Specify the number of threads explicitly so the affinity is not set.[m
[serve] [1;31m2026-07-21 09:50:04.937846113 [E:onnxruntime:Default, env.cc:227 ThreadMain] pthread_setaffinity_np failed for thread: 2083106, index: 123, mask: {124, }, error code: 22 error msg: Invalid argument. Specify the number of threads explicitly so the affinity is not set.[m
[serve] [1;31m2026-07-21 09:50:04.937972492 [E:onnxruntime:Default, env.cc:227 ThreadMain] pthread_setaffinity_np failed for thread: 516954, index: 27, mask: {28, }, error code: 22 error msg: Invalid argument. Specify the number of threads explicitly so the affinity is not set.[m
[serve] [1;31m2026-07-21 09:50:04.941970102 [E:onnxruntime:Default, env.cc:227 ThreadMain] pthread_setaffinity_np failed for thread: 516999, index: 72, mask: {73, }, error code: 22 error msg: Invalid argument. Specify the number of threads explicitly so the affinity is not set.[m
[serve] [1;31m2026-07-21 09:50:04.945972792 [E:onnxruntime:Default, env.cc:227 ThreadMain] pthread_setaffinity_np failed for thread: 517010, index: 83, mask: {84, }, error code: 22 error msg: Invalid argument. Specify the number of threads explicitly so the affinity is not set.[m
[serve] [1;31m2026-07-21 09:50:04.946857894 [E:onnxruntime:Default, env.cc:227 ThreadMain] pthread_setaffinity_np failed for thread: 2083108, index: 125, mask: {126, }, error code: 22 error msg: Invalid argument. Specify the number of threads explicitly so the affinity is not set.[m
[serve] [1;31m2026-07-21 09:50:04.924856858 [E:onnxruntime:Default, env.cc:227 ThreadMain] pthread_setaffinity_np failed for thread: 2083100, index: 117, mask: {118, }, error code: 22 error msg: Invalid argument. Specify the number of threads explicitly so the affinity is not set.[m
[serve] [1;31m2026-07-21 09:50:04.745839194 [E:onnxruntime:Default, env.cc:227 ThreadMain] pthread_setaffinity_np failed for thread: 2083032, index: 66, mask: {67, }, error code: 22 error msg: Invalid argument. Specify the number of threads explicitly so the affinity is not set.[m
[serve] [1;31m2026-07-21 09:50:04.946845441 [E:onnxruntime:Default, env.cc:227 ThreadMain] pthread_setaffinity_np failed for thread: 2083107, index: 124, mask: {125, }, error code: 22 error msg: Invalid argument. Specify the number of threads explicitly so the affinity is not set.[m
[serve] [1;31m2026-07-21 09:50:04.949999707 [E:onnxruntime:Default, env.cc:227 ThreadMain] pthread_setaffinity_np failed for thread: 517023, index: 96, mask: {97, }, error code: 22 error msg: Invalid argument. Specify the number of threads explicitly so the affinity is not set.[m
[serve] [1;31m2026-07-21 09:50:04.781864970 [E:onnxruntime:Default, env.cc:227 ThreadMain] pthread_setaffinity_np failed for thread: 2082949, index: 23, mask: {24, }, error code: 22 error msg: Invalid argument. Specify the number of threads explicitly so the affinity is not set.[m
[serve] [1;31m2026-07-21 09:50:04.953994211 [E:onnxruntime:Default, env.cc:227 ThreadMain] pthread_setaffinity_np failed for thread: 516968, index: 41, mask: {42, }, error code: 22 error msg: Invalid argument. Specify the number of threads explicitly so the affinity is not set.[m
[serve] [1;31m2026-07-21 09:50:04.741837635 [E:onnxruntime:Default, env.cc:227 ThreadMain] pthread_setaffinity_np failed for thread: 2082946, index: 22, mask: {23, }, error code: 22 error msg: Invalid argument. Specify the number of threads explicitly so the affinity is not set.[m
[serve] [1;31m2026-07-21 09:50:04.803850968 [E:onnxruntime:Default, env.cc:227 ThreadMain] pthread_setaffinity_np failed for thread: 2083043, index: 71, mask: {72, }, error code: 22 error msg: Invalid argument. Specify the number of threads explicitly so the affinity is not set.[m
[serve] [1;31m2026-07-21 09:50:04.803869272 [E:onnxruntime:Default, env.cc:227 ThreadMain] pthread_setaffinity_np failed for thread: 2083056, index: 73, mask: {74, }, error code: 22 error msg: Invalid argument. Specify the number of threads explicitly so the affinity is not set.[m
[serve] [1;31m2026-07-21 09:50:04.962995328 [E:onnxruntime:Default, env.cc:227 ThreadMain] pthread_setaffinity_np failed for thread: 516984, index: 57, mask: {58, }, error code: 22 error msg: Invalid argument. Specify the number of threads explicitly so the affinity is not set.[m
[serve] [1;31m2026-07-21 09:50:04.803892496 [E:onnxruntime:Default, env.cc:227 ThreadMain] pthread_setaffinity_np failed for thread: 2083064, index: 81, mask: {82, }, error code: 22 error msg: Invalid argument. Specify the number of threads explicitly so the affinity is not set.[m
[serve] [1;31m2026-07-21 09:50:04.911846083 [E:onnxruntime:Default, env.cc:227 ThreadMain] pthread_setaffinity_np failed for thread: 2083096, index: 113, mask: {114, }, error code: 22 error msg: Invalid argument. Specify the number of threads explicitly so the affinity is not set.[m
[serve] [1;31m2026-07-21 09:50:04.973853284 [E:onnxruntime:Default, env.cc:227 ThreadMain] pthread_setaffinity_np failed for thread: 2083055, index: 72, mask: {73, }, error code: 22 error msg: Invalid argument. Specify the number of threads explicitly so the affinity is not set.[m
[serve] [1;31m2026-07-21 09:50:04.946950327 [E:onnxruntime:Default, env.cc:227 ThreadMain] pthread_setaffinity_np failed for thread: 2083063, index: 80, mask: {81, }, error code: 22 error msg: Invalid argument. Specify the number of threads explicitly so the affinity is not set.[m
[serve] [1;31m2026-07-21 09:50:04.950841409 [E:onnxruntime:Default, env.cc:227 ThreadMain] pthread_setaffinity_np failed for thread: 2083016, index: 58, mask: {59, }, error code: 22 error msg: Invalid argument. Specify the number of threads explicitly so the affinity is not set.[m
[serve] [1;31m2026-07-21 09:50:04.975973196 [E:onnxruntime:Default, env.cc:227 ThreadMain] pthread_setaffinity_np failed for thread: 516973, index: 46, mask: {47, }, error code: 22 error msg: Invalid argument. Specify the number of threads explicitly so the affinity is not set.[m
[serve] [1;31m2026-07-21 09:50:04.964840100 [E:onnxruntime:Default, env.cc:227 ThreadMain] pthread_setaffinity_np failed for thread: 2082978, index: 41, mask: {42, }, error code: 22 error msg: Invalid argument. Specify the number of threads explicitly so the affinity is not set.[m
[serve] [1;31m2026-07-21 09:50:04.984973242 [E:onnxruntime:Default, env.cc:227 ThreadMain] pthread_setaffinity_np failed for thread: 516970, index: 43, mask: {44, }, error code: 22 error msg: Invalid argument. Specify the number of threads explicitly so the affinity is not set.[m
[serve] [1;31m2026-07-21 09:50:04.991969738 [E:onnxruntime:Default, env.cc:227 ThreadMain] pthread_setaffinity_np failed for thread: 516966, index: 39, mask: {40, }, error code: 22 error msg: Invalid argument. Specify the number of threads explicitly so the affinity is not set.[m
[serve] [1;31m2026-07-21 09:50:04.996967825 [E:onnxruntime:Default, env.cc:227 ThreadMain] pthread_setaffinity_np failed for thread: 516972, index: 45, mask: {46, }, error code: 22 error msg: Invalid argument. Specify the number of threads explicitly so the affinity is not set.[m
[serve] [1;31m2026-07-21 09:50:05.001968006 [E:onnxruntime:Default, env.cc:227 ThreadMain] pthread_setaffinity_np failed for thread: 516989, index: 62, mask: {63, }, error code: 22 error msg: Invalid argument. Specify the number of threads explicitly so the affinity is not set.[m
[serve] [1;31m2026-07-21 09:50:05.005970425 [E:onnxruntime:Default, env.cc:227 ThreadMain] pthread_setaffinity_np failed for thread: 516985, index: 58, mask: {59, }, error code: 22 error msg: Invalid argument. Specify the number of threads explicitly so the affinity is not set.[m
[serve] [1;31m2026-07-21 09:50:05.009972904 [E:onnxruntime:Default, env.cc:227 ThreadMain] pthread_setaffinity_np failed for thread: 517026, index: 99, mask: {100, }, error code: 22 error msg: Invalid argument. Specify the number of threads explicitly so the affinity is not set.[m
[serve] [1;31m2026-07-21 09:50:05.013971496 [E:onnxruntime:Default, env.cc:227 ThreadMain] pthread_setaffinity_np failed for thread: 517032, index: 105, mask: {106, }, error code: 22 error msg: Invalid argument. Specify the number of threads explicitly so the affinity is not set.[m
[serve] [1;31m2026-07-21 09:50:05.017968325 [E:onnxruntime:Default, env.cc:227 ThreadMain] pthread_setaffinity_np failed for thread: 517038, index: 111, mask: {112, }, error code: 22 error msg: Invalid argument. Specify the number of threads explicitly so the affinity is not set.[m
[serve] [1;31m2026-07-21 09:50:05.022023733 [E:onnxruntime:Default, env.cc:227 ThreadMain] pthread_setaffinity_np failed for thread: 516974, index: 47, mask: {48, }, error code: 22 error msg: Invalid argument. Specify the number of threads explicitly so the affinity is not set.[m
[serve] [1;31m2026-07-21 09:50:05.030970278 [E:onnxruntime:Default, env.cc:227 ThreadMain] pthread_setaffinity_np failed for thread: 516977, index: 50, mask: {51, }, error code: 22 error msg: Invalid argument. Specify the number of threads explicitly so the affinity is not set.[m
[serve] [1;31m2026-07-21 09:50:05.037968968 [E:onnxruntime:Default, env.cc:227 ThreadMain] pthread_setaffinity_np failed for thread: 516979, index: 52, mask: {53, }, error code: 22 error msg: Invalid argument. Specify the number of threads explicitly so the affinity is not set.[m
[serve] [1;31m2026-07-21 09:50:05.042967436 [E:onnxruntime:Default, env.cc:227 ThreadMain] pthread_setaffinity_np failed for thread: 516983, index: 56, mask: {57, }, error code: 22 error msg: Invalid argument. Specify the number of threads explicitly so the affinity is not set.[m
[serve] [1;31m2026-07-21 09:50:05.047968298 [E:onnxruntime:Default, env.cc:227 ThreadMain] pthread_setaffinity_np failed for thread: 516986, index: 59, mask: {60, }, error code: 22 error msg: Invalid argument. Specify the number of threads explicitly so the affinity is not set.[m
[serve] [1;31m2026-07-21 09:50:05.051967461 [E:onnxruntime:Default, env.cc:227 ThreadMain] pthread_setaffinity_np failed for thread: 516996, index: 69, mask: {70, }, error code: 22 error msg: Invalid argument. Specify the number of threads explicitly so the affinity is not set.[m
[serve] [1;31m2026-07-21 09:50:05.055968858 [E:onnxruntime:Default, env.cc:227 ThreadMain] pthread_setaffinity_np failed for thread: 516997, index: 70, mask: {71, }, error code: 22 error msg: Invalid argument. Specify the number of threads explicitly so the affinity is not set.[m
[serve] [1;31m2026-07-21 09:50:05.059969214 [E:onnxruntime:Default, env.cc:227 ThreadMain] pthread_setaffinity_np failed for thread: 517042, index: 115, mask: {116, }, error code: 22 error msg: Invalid argument. Specify the number of threads explicitly so the affinity is not set.[m
[serve] [1;31m2026-07-21 09:50:05.063968316 [E:onnxruntime:Default, env.cc:227 ThreadMain] pthread_setaffinity_np failed for thread: 517043, index: 116, mask: {117, }, error code: 22 error msg: Invalid argument. Specify the number of threads explicitly so the affinity is not set.[m
[serve] [1;31m2026-07-21 09:50:05.067970805 [E:onnxruntime:Default, env.cc:227 ThreadMain] pthread_setaffinity_np failed for thread: 517044, index: 117, mask: {118, }, error code: 22 error msg: Invalid argument. Specify the number of threads explicitly so the affinity is not set.[m
[serve] [1;31m2026-07-21 09:50:05.071967344 [E:onnxruntime:Default, env.cc:227 ThreadMain] pthread_setaffinity_np failed for thread: 517045, index: 118, mask: {119, }, error code: 22 error msg: Invalid argument. Specify the number of threads explicitly so the affinity is not set.[m
[serve] [1;31m2026-07-21 09:50:05.075970734 [E:onnxruntime:Default, env.cc:227 ThreadMain] pthread_setaffinity_np failed for thread: 517046, index: 119, mask: {120, }, error code: 22 error msg: Invalid argument. Specify the number of threads explicitly so the affinity is not set.[m
[serve] [1;31m2026-07-21 09:50:05.079969396 [E:onnxruntime:Default, env.cc:227 ThreadMain] pthread_setaffinity_np failed for thread: 517003, index: 76, mask: {77, }, error code: 22 error msg: Invalid argument. Specify the number of threads explicitly so the affinity is not set.[m
[serve] [1;31m2026-07-21 09:50:05.083966866 [E:onnxruntime:Default, env.cc:227 ThreadMain] pthread_setaffinity_np failed for thread: 517006, index: 79, mask: {80, }, error code: 22 error msg: Invalid argument. Specify the number of threads explicitly so the affinity is not set.[m
[serve] [1;31m2026-07-21 09:50:05.087969135 [E:onnxruntime:Default, env.cc:227 ThreadMain] pthread_setaffinity_np failed for thread: 517008, index: 81, mask: {82, }, error code: 22 error msg: Invalid argument. Specify the number of threads explicitly so the affinity is not set.[m
[serve] [1;31m2026-07-21 09:50:05.091968057 [E:onnxruntime:Default, env.cc:227 ThreadMain] pthread_setaffinity_np failed for thread: 517018, index: 91, mask: {92, }, error code: 22 error msg: Invalid argument. Specify the number of threads explicitly so the affinity is not set.[m
[serve] [1;31m2026-07-21 09:50:05.095967321 [E:onnxruntime:Default, env.cc:227 ThreadMain] pthread_setaffinity_np failed for thread: 517048, index: 121, mask: {122, }, error code: 22 error msg: Invalid argument. Specify the number of threads explicitly so the affinity is not set.[m
[serve] [1;31m2026-07-21 09:50:05.099984637 [E:onnxruntime:Default, env.cc:227 ThreadMain] pthread_setaffinity_np failed for thread: 517050, index: 123, mask: {124, }, error code: 22 error msg: Invalid argument. Specify the number of threads explicitly so the affinity is not set.[m
[serve] [1;31m2026-07-21 09:50:05.112971823 [E:onnxruntime:Default, env.cc:227 ThreadMain] pthread_setaffinity_np failed for thread: 517029, index: 102, mask: {103, }, error code: 22 error msg: Invalid argument. Specify the number of threads explicitly so the affinity is not set.[m
[serve] [1;31m2026-07-21 09:50:05.121970646 [E:onnxruntime:Default, env.cc:227 ThreadMain] pthread_setaffinity_np failed for thread: 517013, index: 86, mask: {87, }, error code: 22 error msg: Invalid argument. Specify the number of threads explicitly so the affinity is not set.[m
[serve] [1;31m2026-07-21 09:50:04.953968563 [E:onnxruntime:Default, env.cc:227 ThreadMain] pthread_setaffinity_np failed for thread: 517007, index: 80, mask: {81, }, error code: 22 error msg: Invalid argument. Specify the number of threads explicitly so the affinity is not set.[m
[serve] [1;31m2026-07-21 09:50:05.021986213 [E:onnxruntime:Default, env.cc:227 ThreadMain] pthread_setaffinity_np failed for thread: 516969, index: 42, mask: {43, }, error code: 22 error msg: Invalid argument. Specify the number of threads explicitly so the affinity is not set.[m
[serve] [1;31m2026-07-21 09:50:04.867016790 [E:onnxruntime:Default, env.cc:227 ThreadMain] pthread_setaffinity_np failed for thread: 517036, index: 109, mask: {110, }, error code: 22 error msg: Invalid argument. Specify the number of threads explicitly so the affinity is not set.[m
[serve] [1;31m2026-07-21 09:50:05.021971806 [E:onnxruntime:Default, env.cc:227 ThreadMain] pthread_setaffinity_np failed for thread: 517047, index: 120, mask: {121, }, error code: 22 error msg: Invalid argument. Specify the number of threads explicitly so the affinity is not set.[m
[serve] [1;31m2026-07-21 09:50:04.918975461 [E:onnxruntime:Default, env.cc:227 ThreadMain] pthread_setaffinity_np failed for thread: 516960, index: 33, mask: {34, }, error code: 22 error msg: Invalid argument. Specify the number of threads explicitly so the affinity is not set.[m
[serve] [1;31m2026-07-21 09:50:05.099968688 [E:onnxruntime:Default, env.cc:227 ThreadMain] pthread_setaffinity_np failed for thread: 517049, index: 122, mask: {123, }, error code: 22 error msg: Invalid argument. Specify the number of threads explicitly so the affinity is not set.[m
[serve] [1;31m2026-07-21 09:50:05.138989666 [E:onnxruntime:Default, env.cc:227 ThreadMain] pthread_setaffinity_np failed for thread: 517014, index: 87, mask: {88, }, error code: 22 error msg: Invalid argument. Specify the number of threads explicitly so the affinity is not set.[m
[serve] [1;31m2026-07-21 09:50:05.147968682 [E:onnxruntime:Default, env.cc:227 ThreadMain] pthread_setaffinity_np failed for thread: 516998, index: 71, mask: {72, }, error code: 22 error msg: Invalid argument. Specify the number of threads explicitly so the affinity is not set.[m
[serve] [1;31m2026-07-21 09:50:05.147987928 [E:onnxruntime:Default, env.cc:227 ThreadMain] pthread_setaffinity_np failed for thread: 516994, index: 67, mask: {68, }, error code: 22 error msg: Invalid argument. Specify the number of threads explicitly so the affinity is not set.[m
[serve] [1;31m2026-07-21 09:50:05.160970765 [E:onnxruntime:Default, env.cc:227 ThreadMain] pthread_setaffinity_np failed for thread: 516995, index: 68, mask: {69, }, error code: 22 error msg: Invalid argument. Specify the number of threads explicitly so the affinity is not set.[m
[serve] [1;31m2026-07-21 09:50:05.170007740 [E:onnxruntime:Default, env.cc:227 ThreadMain] pthread_setaffinity_np failed for thread: 517052, index: 125, mask: {126, }, error code: 22 error msg: Invalid argument. Specify the number of threads explicitly so the affinity is not set.[m
[serve] [1;31m2026-07-21 09:50:05.178017767 [E:onnxruntime:Default, env.cc:227 ThreadMain] pthread_setaffinity_np failed for thread: 517019, index: 92, mask: {93, }, error code: 22 error msg: Invalid argument. Specify the number of threads explicitly so the affinity is not set.[m
[serve] [1;31m2026-07-21 09:50:05.186977868 [E:onnxruntime:Default, env.cc:227 ThreadMain] pthread_setaffinity_np failed for thread: 517040, index: 113, mask: {114, }, error code: 22 error msg: Invalid argument. Specify the number of threads explicitly so the affinity is not set.[m
[serve] [1;31m2026-07-21 09:50:05.136964797 [E:onnxruntime:Default, env.cc:227 ThreadMain] pthread_setaffinity_np failed for thread: 516971, index: 44, mask: {45, }, error code: 22 error msg: Invalid argument. Specify the number of threads explicitly so the affinity is not set.[m
[serve] [1;31m2026-07-21 09:50:05.193978301 [E:onnxruntime:Default, env.cc:227 ThreadMain] pthread_setaffinity_np failed for thread: 517001, index: 74, mask: {75, }, error code: 22 error msg: Invalid argument. Specify the number of threads explicitly so the affinity is not set.[m
[serve] [1;31m2026-07-21 09:50:05.128984345 [E:onnxruntime:Default, env.cc:227 ThreadMain] pthread_setaffinity_np failed for thread: 517020, index: 93, mask: {94, }, error code: 22 error msg: Invalid argument. Specify the number of threads explicitly so the affinity is not set.[m
[serve] [1;31m2026-07-21 09:50:05.128985427 [E:onnxruntime:Default, env.cc:227 ThreadMain] pthread_setaffinity_np failed for thread: 517016, index: 89, mask: {90, }, error code: 22 error msg: Invalid argument. Specify the number of threads explicitly so the affinity is not set.[m
[serve] [1;31m2026-07-21 09:50:05.207983226 [E:onnxruntime:Default, env.cc:227 ThreadMain] pthread_setaffinity_np failed for thread: 517037, index: 110, mask: {111, }, error code: 22 error msg: Invalid argument. Specify the number of threads explicitly so the affinity is not set.[m
[serve] [1;31m2026-07-21 09:50:05.214974984 [E:onnxruntime:Default, env.cc:227 ThreadMain] pthread_setaffinity_np failed for thread: 516990, index: 63, mask: {64, }, error code: 22 error msg: Invalid argument. Specify the number of threads explicitly so the affinity is not set.[m
[serve] [1;31m2026-07-21 09:50:05.200964348 [E:onnxruntime:Default, env.cc:227 ThreadMain] pthread_setaffinity_np failed for thread: 517053, index: 126, mask: {127, }, error code: 22 error msg: Invalid argument. Specify the number of threads explicitly so the affinity is not set.[m
[serve] [1;31m2026-07-21 09:50:05.215030317 [E:onnxruntime:Default, env.cc:227 ThreadMain] pthread_setaffinity_np failed for thread: 516981, index: 54, mask: {55, }, error code: 22 error msg: Invalid argument. Specify the number of threads explicitly so the affinity is not set.[m
[serve] [1;31m2026-07-21 09:50:05.215041038 [E:onnxruntime:Default, env.cc:227 ThreadMain] pthread_setaffinity_np failed for thread: 517027, index: 100, mask: {101, }, error code: 22 error msg: Invalid argument. Specify the number of threads explicitly so the affinity is not set.[m
[serve] [1;31m2026-07-21 09:50:05.214967840 [E:onnxruntime:Default, env.cc:227 ThreadMain] pthread_setaffinity_np failed for thread: 516991, index: 64, mask: {65, }, error code: 22 error msg: Invalid argument. Specify the number of threads explicitly so the affinity is not set.[m
[serve] [1;31m2026-07-21 09:50:05.193995954 [E:onnxruntime:Default, env.cc:227 ThreadMain] pthread_setaffinity_np failed for thread: 516993, index: 66, mask: {67, }, error code: 22 error msg: Invalid argument. Specify the number of threads explicitly so the affinity is not set.[m
[serve] [1;31m2026-07-21 09:50:05.193997658 [E:onnxruntime:Default, env.cc:227 ThreadMain] pthread_setaffinity_np failed for thread: 517041, index: 114, mask: {115, }, error code: 22 error msg: Invalid argument. Specify the number of threads explicitly so the affinity is not set.[m
[serve] [1;31m2026-07-21 09:50:05.195066062 [E:onnxruntime:Default, env.cc:227 ThreadMain] pthread_setaffinity_np failed for thread: 517051, index: 124, mask: {125, }, error code: 22 error msg: Invalid argument. Specify the number of threads explicitly so the affinity is not set.[m
[serve] [1;31m2026-07-21 09:50:05.195072895 [E:onnxruntime:Default, env.cc:227 ThreadMain] pthread_setaffinity_np failed for thread: 516992, index: 65, mask: {66, }, error code: 22 error msg: Invalid argument. Specify the number of threads explicitly so the affinity is not set.[m
[serve] INFO:     Application startup complete.
[serve] INFO:     Uvicorn running on http://0.0.0.0:60067 (Press CTRL+C to quit)
[serve] INFO:     Application startup complete.
[serve] INFO:     Uvicorn running on http://0.0.0.0:59912 (Press CTRL+C to quit)
[serve] INFO:     Application startup complete.
[serve] INFO:     Uvicorn running on http://0.0.0.0:50990 (Press CTRL+C to quit)
[serve] INFO:     Application startup complete.
[serve] INFO:     Uvicorn running on http://0.0.0.0:61868 (Press CTRL+C to quit)
[ready] docling-serve responding after 18.1s (status=200)
[orch] w2 ready (port 41133 → c001:60067)
[ready] docling-serve responding after 18.1s (status=200)
[orch] w1 ready (port 57005 → c002:61868)
[ready] docling-serve responding after 18.2s (status=200)
[orch] w0 ready (port 58183 → c001:59912)
[ready] docling-serve responding after 18.1s (status=200)
[orch] w3 ready (port 40049 → c001:50990)
[serve] /opt/app-root/lib64/python3.12/site-packages/transformers/models/rt_detr_v2/modeling_rt_detr_v2.py:1587: UserWarning: Specified kernel cache directory could not be created! This disables kernel caching. Specified directory is /gpfs/scratch60/cjg79/.cache/torch/kernels. This warning will appear only once per process. (Triggered internally at /pytorch/aten/src/ATen/native/cuda/jit_utils.cpp:1487.)
[serve]   level_start_index = torch.cat((spatial_shapes.new_zeros((1,)), spatial_shapes.prod(1).cumsum(0)[:-1]))
[done] w0 document.pdf → docling.txt  (544036B, 154.0s, srv=149.19250265002484, ok; 1/1)

=== SUMMARY === 1 ok / 0 err in 154.0s (0.4 PDFs/min, 4 worker(s) × 4 in-flight)
[serve] srun: Job step aborted: Waiting up to 32 seconds for job step to finish.
[hpc-docling] rc=0; wrote sidecars for 1/1
final summary: {'pypdf': 0, 'docling': 1, 'skipped': 0, 'error': 0, 'pypdf_below_threshold': 1}

manifest: logs/runs/2026-07-21T13-49-43.880920+00-00.jsonl
coverage on this run's 1 documents:
  ocr:docling    1/1

all stages OK
