document_id,file_name,Question ID,topic category,question,answer,evidence,page number,confidence,coder notes
denver_public_schools__denver_2022_2025_cba_final__ec16624e,Denver_2022-2025-CBA-Final.pdf,meta_doc_type_001,document metadata,What type of district document is this PDF?,CBA,"AGREEMENT AND PARTNERSHIP between School District No. 1 in the City and County of Denver, State of Colorado and Denver Classroom Teachers Association",not_applicable,high,
denver_public_schools__denver_2022_2025_cba_final__ec16624e,Denver_2022-2025-CBA-Final.pdf,meta_effective_dates_002,document metadata,What school years or effective dates does the document cover?,"September 1, 2022 – August 31, 2025","Upon ratification, this Agreement shall be effective September 1, 2022, and shall remain in full force and effect until August 31, 2025.",10,high,
denver_public_schools__denver_2022_2025_cba_final__ec16624e,Denver_2022-2025-CBA-Final.pdf,meta_bargaining_unit_003,document metadata,Which employee group or bargaining unit is covered?,"Teachers, Specialized Service Providers (SSPs), Educational Sign Language Interpreters, Associate Teachers, CTE ProTech Instructors, and JROTC instructors","Employees covered by this Agreement include all teachers as defined in Article 1-2 , all SSPs as defined in Article 1-3, Educational Sign Language Interpreters, Associate Teachers, CTE ProTech Instructors and JROTC instructors",9,high,
denver_public_schools__denver_2022_2025_cba_final__ec16624e,Denver_2022-2025-CBA-Final.pdf,meta_document_scope_004,document metadata,"Does the document state that it is binding, advisory, summary-only, or not a contract?",Binding agreement / contract,"This Agreement constitutes District policy for the term of said Agreement, and the Board and the Association will carry out the commitments contained herein and give them full force and effect.",9,high,
denver_public_schools__denver_2022_2025_cba_final__ec16624e,Denver_2022-2025-CBA-Final.pdf,meta_text_usability_005,document metadata,Is the PDF text extractable enough for reliable coding?,Usable,Text is fully extractable and formatted with clear article/section numbering.,not_applicable,high,
denver_public_schools__denver_2022_2025_cba_final__ec16624e,Denver_2022-2025-CBA-Final.pdf,meta_cites_state_law_006,document metadata,"Does the document cite any state laws, statutes, or administrative codes?",yes,comply with the provisions of the TABOR Amendment and § 22-32-110(5) C.R.S.,20,high,
denver_public_schools__denver_2022_2025_cba_final__ec16624e,Denver_2022-2025-CBA-Final.pdf,meta_state_law_citations_007,document metadata,Quote all sentences citing state laws or statutes.,"This Agreement shall be governed and construed according to the Constitution and Laws of the State of Colorado. If any provision of the Agreement or any application of this Agreement to any educator covered hereby is found contrary to law, such provision or application shall have effect only to the extent permitted by law, but all other provisions or application of this Agreement shall continue in full force and effect. While it is the intent of the parties that the economic provisions in this Agreement shall remain in full force and effect during its term, in order to comply with the provisions of the TABOR Amendment and § 22-32-110(5) C.R.S., the provisions of the Agreement relating to salaries and benefits may be reopened by the District in connection with its annual adoption of its budget.","This Agreement shall be governed and construed according to the Constitution and Laws of the State of Colorado. If any provision of the Agreement or any application of this Agreement to any educator covered hereby is found contrary to law, such provision or application shall have effect only to the extent permitted by law, but all other provisions or application of this Agreement shall continue in full force and effect. While it is the intent of the parties that the economic provisions in this Agreement shall remain in full force and effect during its term, in order to comply with the provisions of the TABOR Amendment and § 22-32-110(5) C.R.S., the provisions of the Agreement relating to salaries and benefits may be reopened by the District in connection with its annual adoption of its budget.","8, 20",high,Added missing statutory citation from Article 6-3-1 (page 20) referencing § 22-32-110(5) C.R.S. and the TABOR Amendment to ensure all state law/statute citations are captured.
denver_public_schools__denver_2022_2025_cba_final__ec16624e,Denver_2022-2025-CBA-Final.pdf,meta_cites_federal_law_008,document metadata,"Quote all sentences citing federal laws, statutes, or regulations.","The Restructuring of a school is the alteration of the governance structure of the school, as provided in the reauthorization of the Every Student Succeeds Act.","The Restructuring of a school is the alteration of the governance structure of the school, as provided in the reauthorization of the Every Student Succeeds Act.",17,high,
denver_public_schools__denver_2022_2025_cba_final__ec16624e,Denver_2022-2025-CBA-Final.pdf,meta_federal_law_citations_009,document metadata,Which federal laws or statutes are cited?,Every Student Succeeds Act,Every Student Succeeds Act,17,high,
denver_public_schools__denver_2022_2025_cba_final__ec16624e,Denver_2022-2025-CBA-Final.pdf,pay_salary_schedule_001,compensation,Does the document include a teacher salary schedule or salary scale?,yes,"consistent with the following Salary Schedule, which shall increase consistent with the parties’ Financial Agreement:",117,high,
denver_public_schools__denver_2022_2025_cba_final__ec16624e,Denver_2022-2025-CBA-Final.pdf,pay_salary_schedule_002,compensation,What year or years does the salary schedule cover?,"Beginning August 1, 2022","Article 37 - Professional Compensation System for Educators (Beginning August 1, 2022)",117,high,
denver_public_schools__denver_2022_2025_cba_final__ec16624e,Denver_2022-2025-CBA-Final.pdf,pay_step_increment_003,compensation,Does the document explain annual step advancement or salary increments?,yes,"Effective August 1 of each year, an Educator is eligible to advance one step, consistent with the Salary Schedule, if they receive an approaching or better rating on their end-of-year evaluation rating in the previous year.",118,high,
denver_public_schools__denver_2022_2025_cba_final__ec16624e,Denver_2022-2025-CBA-Final.pdf,pay_prior_experience_005,compensation,Does the document state how prior teaching experience is credited for salary placement?,yes,"For new employees, a maximum of ten years of experience will be credited. New employees hired after August 1, 2019 to present into assignments identified as hard-to-fill by the Implementation Team will be credited a maximum of twelve (12) years of experience.",117,high,
denver_public_schools__denver_2022_2025_cba_final__ec16624e,Denver_2022-2025-CBA-Final.pdf,pay_performance_pay_006,compensation,"Does the document include performance pay, merit pay, or evaluation-based compensation?",yes,"advance one step, consistent with the Salary Schedule, if they receive an approaching or better rating on their end-of-year evaluation rating in the previous year.",118,high,
denver_public_schools__denver_2022_2025_cba_final__ec16624e,Denver_2022-2025-CBA-Final.pdf,pay_performance_pay_007,compensation,How are teachers evaluated for purposes of performance-based pay eligibility?,Teachers must receive an 'approaching or better' rating on their end-of-year evaluation in the previous year to qualify for the annual step advancement effective August 1.,if they receive an approaching or better rating on their end-of-year evaluation rating in the previous year.,118,high,
denver_public_schools__denver_2022_2025_cba_final__ec16624e,Denver_2022-2025-CBA-Final.pdf,pay_cost_of_living_007,compensation,Does the document specify across-the-board raises or COLA percentages?,"6% for 2022-2023; CPI minus step/lane costs for 2023-2024 and 2024-2025. Effective August 1, 2022. Covers Teacher/SSP Salary Schedule.","Effective August 1, 2022, the District will apply a 6% cost-of-living adjustment (COLA) to the Teacher/SSP Salary Schedule. ... The Cost of Living Adjustment (COLA) increase applied to the teacher/ssp salary schedule will be equal to the Denver-Aurora-Lakewood Consumer Price Index (CPI) used in the calculation of the School Finance Act less the cost of the calculated percentage of the step and lane increase...",127,high,Updated evidence to include the 2023-2025 COLA provision to fully support the answer's coverage of multiple years.
denver_public_schools__denver_2022_2025_cba_final__ec16624e,Denver_2022-2025-CBA-Final.pdf,pay_extra_duty_schedule_008,compensation,Does the document include an extra-duty or supplemental pay schedule?,yes,"28-3 Activity Salaries. The District will pay the activity salaries in the negotiated schedule that can be accessed here or on the DPS Employee Associations website. ... Schedule 1: Forensics Director (Senior High), Band Director (Senior High), Choir Director (Senior High), Dramatics Director, Dance Director, Cheerleading Director",93,high,
denver_public_schools__denver_2022_2025_cba_final__ec16624e,Denver_2022-2025-CBA-Final.pdf,pay_hardtostaff_sped_009,compensation,"Does the document provide additional pay, stipends, or salary differentials for special education teachers?",not_discussed,,not_applicable,high,
denver_public_schools__denver_2022_2025_cba_final__ec16624e,Denver_2022-2025-CBA-Final.pdf,pay_hardtostaff_stem_010,compensation,"Does the document provide additional pay, stipends, or salary differentials for teachers in STEM subjects?",not_discussed,,not_applicable,high,
denver_public_schools__denver_2022_2025_cba_final__ec16624e,Denver_2022-2025-CBA-Final.pdf,pay_hardtostaff_other_011,compensation,"Does the document provide additional pay, stipends, or salary differentials for teachers in high-need subjects or schools other than special education or STEM?",yes,28-9 Teachers within CTE and CTE ProTech Instructors are eligible to receive a $500 annual stipend for one of the state approved CTE programs.,95,high,
denver_public_schools__denver_2022_2025_cba_final__ec16624e,Denver_2022-2025-CBA-Final.pdf,pay_hardtostaff_schools_012,compensation,"Does the document provide incentives specifically for teaching in hard-to-staff, high-need, Title I, or priority schools, regardless of subject?",yes,"37-4-3-1 Title I Incentive: All Educators who work in a Title I school will receive $2,000/year in a non-base building incentive.",123,high,
denver_public_schools__denver_2022_2025_cba_final__ec16624e,Denver_2022-2025-CBA-Final.pdf,pay_experience_credit_indistrict_013,compensation,Does the document specify how prior in-district teaching experience is credited for initial salary placement?,Up to 10 years of experience is credited for initial salary placement (12 years for hard-to-fill positions).,"37-1-1 For new employees, a maximum of ten years of experience will be credited. New employees hired after August 1, 2019 to present into assignments identified as hard-to-fill by the Implementation Team will be credited a maximum of twelve (12) years of experience.",117,high,"Updated from not_discussed. Article 37-1-1 explicitly states that new employees receive credit for up to 10 years of experience (12 years for hard-to-fill positions), applying universally to all new hires rather than distinguishing in-district experience separately."
denver_public_schools__denver_2022_2025_cba_final__ec16624e,Denver_2022-2025-CBA-Final.pdf,pay_experience_credit_outofdistrict_014,compensation,Does the document specify how out-of-district but in-state teaching experience is credited for salary placement?,not_discussed,,not_discussed,high,
denver_public_schools__denver_2022_2025_cba_final__ec16624e,Denver_2022-2025-CBA-Final.pdf,pay_experience_credit_outofstate_015,compensation,Does the document specify how out-of-state teaching experience is credited for salary placement?,not_discussed,,not_discussed,high,
denver_public_schools__denver_2022_2025_cba_final__ec16624e,Denver_2022-2025-CBA-Final.pdf,pay_experience_credit_military_public_016,compensation,Does the document credit military service or other public service for salary placement?,not_discussed,,not_discussed,high,
denver_public_schools__denver_2022_2025_cba_final__ec16624e,Denver_2022-2025-CBA-Final.pdf,pay_national_board_017,compensation,Does the document provide extra pay for National Board certification or similar advanced certification?,"District provides a $1,267 grant per candidate (up to 5); Association provides a $633 grant per candidate (up to 5).","27-2-1 The District will support up to five (5) candidates for National Board Certification with a grant of $1,267 each. The Association will support up to five (5) candidates for National Board Certification who are members of the Association with a grant of $633 each.",90,high,
denver_public_schools__denver_2022_2025_cba_final__ec16624e,Denver_2022-2025-CBA-Final.pdf,benefits_health_001,benefits,Does the document state that health or medical insurance is available to teachers?,yes (HMO and major medical plans; educators),"The District shall provide an HMO plan option for at least the first three years of this Agreement... Effective July 1, 2018 all new employees to the bargaining unit must purchase one of the District’s major medical plans in order to be eligible to receive a benefits allowance.",88,high,"Updated evidence to explicitly include major medical plans, which are directly stated in the contract alongside HMO."
denver_public_schools__denver_2022_2025_cba_final__ec16624e,Denver_2022-2025-CBA-Final.pdf,benefits_health_contribution_002,benefits,What employer contribution toward health insurance is stated?,"$422.17/month benefits allowance; ≥$1,950/year subsidy for Employee Plus Children and Family coverage","The District shall provide all educators based on FTE on a prorated basis with a benefits allowance of $422.17 per month... the District will decrease the premiums for Employee Plus Children and Family coverage by at least $1200 annually ($100/month) on top of the $750 a year ($62.50/month) that the District is currently subsidizing these premiums. Therefore, the total subsidy for these plans will be at least $1950 annually.",88,high,"Updated evidence to include the $1,950 annual subsidy provision to fully support the stated contribution amounts."
denver_public_schools__denver_2022_2025_cba_final__ec16624e,Denver_2022-2025-CBA-Final.pdf,benefits_health_employee_premium_003,benefits,What employee health insurance premium or contribution is stated?,not_discussed,,not_applicable,high,No specific employee premium dollar amount or percentage is stated in the document; the contract only notes that educators may find per-paycheck rates via an external link. Preserved as not_discussed.
denver_public_schools__denver_2022_2025_cba_final__ec16624e,Denver_2022-2025-CBA-Final.pdf,benefits_dependent_health_004,benefits,"Does the document mention dependent, spouse, family, or domestic partner health coverage?","yes (Employee Plus Children, Family, and dependent insurance)","The District will decrease the premiums for Employee Plus Children and Family coverage... The District shall provide an IRS 125 plan to allow... dependent insurance including health, dental and vision coverages.","88, 90",high,Updated evidence to combine explicit references to 'Employee Plus Children and Family' and 'dependent insurance' from Articles 26-1-1 and 26-5.
denver_public_schools__denver_2022_2025_cba_final__ec16624e,Denver_2022-2025-CBA-Final.pdf,benefits_health_plan_type_005,benefits,What health plan types are described?,"HMO, major medical plans",The District shall provide an HMO plan option for at least the first three years of this Agreement... all new employees to the bargaining unit must purchase one of the District’s major medical plans...,88,high,"Updated evidence to explicitly include major medical plans, which are contractually required for new employees to receive the benefits allowance."
denver_public_schools__denver_2022_2025_cba_final__ec16624e,Denver_2022-2025-CBA-Final.pdf,benefits_dental_006,benefits,Does the document state that dental insurance is available?,yes; mentioned as available under IRS 125 plan for dependents,"The District shall provide an IRS 125 plan to allow pre-tax deductions such as flexible spending accounts for child care, care of the elderly, health care reimbursement accounts, and dependent insurance including health, dental and vision coverages.",90,high,No changes needed. Evidence explicitly and directly supports the answer.
denver_public_schools__denver_2022_2025_cba_final__ec16624e,Denver_2022-2025-CBA-Final.pdf,benefits_vision_007,benefits,Does the document state that vision or optical insurance is available?,yes,"The District shall provide an IRS 125 plan to allow pre-tax deductions such as flexible spending accounts for child care, care of the elderly, health care reimbursement accounts, and dependent insurance including health, dental and vision coverages.",90,high,
denver_public_schools__denver_2022_2025_cba_final__ec16624e,Denver_2022-2025-CBA-Final.pdf,benefits_life_008,benefits,Does the document provide district-paid or voluntary life insurance?,yes,"The present group life insurance program of the District will be continued for educators and the District will pay the full cost of premiums for educators, including group long-term disability insurance.",90,high,
denver_public_schools__denver_2022_2025_cba_final__ec16624e,Denver_2022-2025-CBA-Final.pdf,benefits_disability_009,benefits,Does the document mention short-term or long-term disability coverage?,yes,"Short-term disability insurance is available to certain members of Colorado PERA... Long-Term Disability is available through Denver Public Schools to a full-time contract employee or long-term substitute teacher... Eligibility waiting period: Full time employees are eligible for this benefit upon completion of three months of continuous service... District will pay the full cost of premiums for educators, including group long-term disability insurance.","79, 90",high,
denver_public_schools__denver_2022_2025_cba_final__ec16624e,Denver_2022-2025-CBA-Final.pdf,benefits_retirement_contribution_010,benefits,What employer retirement or pension contribution is stated?,not_discussed,,not_discussed,high,
denver_public_schools__denver_2022_2025_cba_final__ec16624e,Denver_2022-2025-CBA-Final.pdf,benefits_leave_continuation_011,benefits,Does the document state whether insurance benefits continue during paid or unpaid leave?,yes,"Except to the extent required pursuant to the Family and Medical Leave Act (FMLA), employee benefits will not be provided to an educator while on an unpaid extended leave of absence.",82,high,
denver_public_schools__denver_2022_2025_cba_final__ec16624e,Denver_2022-2025-CBA-Final.pdf,benefits_retiree_012,benefits,"Does the document provide retiree health, dental, life, or other post-employment benefits?",not_discussed,,not_discussed,high,
denver_public_schools__denver_2022_2025_cba_final__ec16624e,Denver_2022-2025-CBA-Final.pdf,leave_sick_days_001,leave,How many paid sick leave days are granted per year?,10,"The District will allow ten (10) days of leave each year for educators, which will accrue consistent with the DCTA work year calendar and which may be used for the purpose of sick leave.",75,high,
denver_public_schools__denver_2022_2025_cba_final__ec16624e,Denver_2022-2025-CBA-Final.pdf,leave_sick_accrual_002,leave,"Does sick leave accumulate or carry over, and what cap is stated?",Accumulates year-to-year; cap of 186 days.,Unused sick leave shall be accumulated from year to year. Unused accumulated sick leave will be included in the Compensation for Unused Sick Leave Program of the District up to a total number of one hundred eighty six (186) days.,75,high,
denver_public_schools__denver_2022_2025_cba_final__ec16624e,Denver_2022-2025-CBA-Final.pdf,leave_sick_family_003,leave,May teachers use sick leave for family illness or family care?,yes,"Sick leave is to be used for an educator’s own illness, illness of an immediate family member, or the death of a family member or friend.",75,high,
denver_public_schools__denver_2022_2025_cba_final__ec16624e,Denver_2022-2025-CBA-Final.pdf,leave_personal_days_004,leave,How many paid personal leave days are granted per year?,4,Educators will have up to four (4) days per year of personal leave pro-rated by their FTE.,77,high,Updated page to 77 to align with document footer.
denver_public_schools__denver_2022_2025_cba_final__ec16624e,Denver_2022-2025-CBA-Final.pdf,leave_personal_restrictions_005,leave,What restrictions apply to personal leave use?,Requires prior notification and approval of the principal; may not extend school intermission or be used with a Federal Holiday.,Personal leave will be granted to educators to attend personal matters with prior notification and approval of the principal (or immediate supervisor). Personal leave may not be used to extend a period of school intermission or used in conjunction with the observance of a Federal Holiday.,77,high,Updated page to 77 to align with document footer.
denver_public_schools__denver_2022_2025_cba_final__ec16624e,Denver_2022-2025-CBA-Final.pdf,leave_personal_conversion_006,leave,"Does unused personal leave convert to sick leave, cash, or another benefit?",yes,Unused personal leave will be accumulated from year to year as sick leave.,77,high,Updated page to 77 to align with document footer.
denver_public_schools__denver_2022_2025_cba_final__ec16624e,Denver_2022-2025-CBA-Final.pdf,leave_bereavement_days_007,leave,How many bereavement leave days are available?,3 to 5,Denver Public Schools provides between three (3) to five (5) days off for employees to handle matters related to a death in the family.,77,high,Updated page number from 78 to 77 to match document pagination.
denver_public_schools__denver_2022_2025_cba_final__ec16624e,Denver_2022-2025-CBA-Final.pdf,leave_bereavement_relatives_008,leave,Which relatives or household members are covered by bereavement leave?,not_discussed,,not_applicable,high,
denver_public_schools__denver_2022_2025_cba_final__ec16624e,Denver_2022-2025-CBA-Final.pdf,leave_parental_paid_009,leave,"Does the document provide paid parental, bonding, maternity, paternity, or adoption leave beyond accrued sick leave?",no,"granted maternity, paternity and/or adoption leave for up to one (1) year, without pay or increment",78,high,
denver_public_schools__denver_2022_2025_cba_final__ec16624e,Denver_2022-2025-CBA-Final.pdf,leave_pregnancy_disability_010,leave,"Does the document address pregnancy, childbirth, or temporary disability leave?",yes,"Maternity, Paternity and Adoption Leave. All educators employed half-time or more will be (provided all eligibility requirements are met) granted maternity, paternity and/or adoption leave for up to one (1) year, without pay or increment",78,high,
denver_public_schools__denver_2022_2025_cba_final__ec16624e,Denver_2022-2025-CBA-Final.pdf,leave_adoption_childcare_011,leave,"Does the document provide adoption, child care, or bonding leave?",yes,"Maternity, Paternity and Adoption Leave. All educators employed half-time or more will be (provided all eligibility requirements are met) granted maternity, paternity and/or adoption leave for up to one (1) year, without pay or increment",78,high,
denver_public_schools__denver_2022_2025_cba_final__ec16624e,Denver_2022-2025-CBA-Final.pdf,leave_fmla_012,leave,Does the document discuss Family and Medical Leave Act rights or equivalent family medical leave?,yes,"Pursuant to the Family Medical Leave Act (FMLA), educators who have been employed for at least twelve (12) cumulative months during the last seven (7) years and have worked for at least 1,250 hours during the twelve (12) month period prior the requested leave may be eligible for benefits under FMLA.",78,high,
denver_public_schools__denver_2022_2025_cba_final__ec16624e,Denver_2022-2025-CBA-Final.pdf,leave_absence_reporting_013,leave,Does the document specify absence reporting or substitute-request procedures for teachers?,not_discussed,,not_applicable,high,"No provision detailing absence reporting or substitute-request procedures was found in the provided document text. Updated from 'no' to 'not_discussed' per instructions, as the provision is simply not addressed in the supplied excerpt."
denver_public_schools__denver_2022_2025_cba_final__ec16624e,Denver_2022-2025-CBA-Final.pdf,workload_work_year_days_001,workload,How many teacher work days or duty days are required in the regular work year?,186,The contract year shall be one hundred eighty-six (186) days.,28,high,
denver_public_schools__denver_2022_2025_cba_final__ec16624e,Denver_2022-2025-CBA-Final.pdf,workload_workday_length_002,workload,What is the required length of the teacher workday?,40 hours per week,The work week shall be forty (40) hours and shall include:,29,high,
denver_public_schools__denver_2022_2025_cba_final__ec16624e,Denver_2022-2025-CBA-Final.pdf,workload_prep_guarantee_003,workload,Does the document guarantee teacher planning or preparation time?,yes,Each secondary school educator shall receive a minimum of three-hundred-forty-five (345) minutes of self-directed instructional planning time per week.,29,high,
denver_public_schools__denver_2022_2025_cba_final__ec16624e,Denver_2022-2025-CBA-Final.pdf,workload_prep_minutes_004,workload,How much planning or preparation time is guaranteed?,345 minutes/week for secondary; 300 minutes/week for elementary/ECE/K-8; includes minimum 40 minutes uninterrupted daily,"Each secondary school educator shall receive a minimum of three-hundred-forty-five (345) minutes of self-directed instructional planning time per week... each teacher shall receive a minimum of forty (40) minutes of uninterrupted, self-directed instructional planning time per day... Each elementary/ECE/K-8 school educator shall receive a minimum of three hundred (300) minutes of self-directed instructional planning time per week.",29-30,high,
denver_public_schools__denver_2022_2025_cba_final__ec16624e,Denver_2022-2025-CBA-Final.pdf,workload_prep_protected_005,workload,"Does the document restrict use of planning time for meetings, coverage, or other duties?",yes,These duties shall not reduce self-directed planning time as guaranteed in other sections of the Collective Bargaining Agreement.,106,high,
denver_public_schools__denver_2022_2025_cba_final__ec16624e,Denver_2022-2025-CBA-Final.pdf,workload_lunch_duty_free_006,workload,Does the document guarantee a duty-free lunch?,yes,Lunch shall be duty free.,29,high,
denver_public_schools__denver_2022_2025_cba_final__ec16624e,Denver_2022-2025-CBA-Final.pdf,workload_lunch_minutes_007,workload,How many minutes is the lunch period?,45,There shall be a minimum standard forty-five (45) minute daily lunch prorated by the individual’s full-time equivalency (FTE).,29,high,
denver_public_schools__denver_2022_2025_cba_final__ec16624e,Denver_2022-2025-CBA-Final.pdf,workload_meetings_limits_008,workload,"Does the document limit required faculty, staff, department, or PLC meetings?",not_discussed,,not_applicable,high,
denver_public_schools__denver_2022_2025_cba_final__ec16624e,Denver_2022-2025-CBA-Final.pdf,workload_nonteaching_duties_009,workload,"Does the document describe non-teaching duties such as supervision, lunch duty, bus duty, hall duty, or clerical duties?",yes,These educators shall be required to assume non-teaching duties only in their home school assignment.,30,high,
denver_public_schools__denver_2022_2025_cba_final__ec16624e,Denver_2022-2025-CBA-Final.pdf,class_size_limits_001,class size,"Does the document include class-size limits, caps, goals, or review procedures?",yes,"DPS and the Association agree to work together to seek increased state funding to decrease class size. The principal shall report to the CSC, after the roster verification process, the number of students in each class and this will be published in the CSC minutes on the school’s website... The maximum class size in grades six (6) through twelve (12) shall not exceed thirty-five (35) students.",31,high,
denver_public_schools__denver_2022_2025_cba_final__ec16624e,Denver_2022-2025-CBA-Final.pdf,class_elementary_max_002,class size,What elementary class-size maximums or targets are stated?,K-3 cap: 25 students; K-5 cap: 35 students; Half-day Model 1 classrooms: 16 students (max 6 with IEPs),"When it is necessary to have class size exceed twenty-five (25) in primary elementary grades (K-3)... For grades K-5, in no event shall classes exceed thirty-five (35) students, unless the only solution is transferring students to other schools. For half-day Model 1 classrooms, the maximum class size will be sixteen (16) students, inclusive of no more than six (6) students with IEPs, unless the only solution is transferring students to other schools.",31-32,high,
denver_public_schools__denver_2022_2025_cba_final__ec16624e,Denver_2022-2025-CBA-Final.pdf,class_secondary_max_003,class size,What middle or high school class-size maximums or targets are stated?,"Grades 6-12 cap: 35 students per class; daily total cap: 175 students. Music/PE may exceed via SLT decision based on safety, facility, and program impact.","The maximum class size in grades six (6) through twelve (12) shall not exceed thirty-five (35) students. In no case shall a teacher have a total greater than 175 students per day unless an exception is provided for in Article 8-5-1-2. For music and physical education classes, the SLT may annually set a higher daily class size limit... The criteria to be considered... must include safety of students and staff, adequacy of the facility and equipment, and the impact on the educational program in those classes.",31,high,
denver_public_schools__denver_2022_2025_cba_final__ec16624e,Denver_2022-2025-CBA-Final.pdf,class_overage_remedy_004,class size,Does the document provide remedies when class-size limits are exceeded?,yes,"When it is necessary to have class size exceed twenty-five (25) in primary elementary grades (K-3), the Board shall honor teachers’ requests for qualified paraprofessional assistance according to the following schedule... 8-5-2-1 One (1) hour of paraprofessional assistance per day for one (1) to two (2) students over twenty-five (25). 8-5-2-2 Two (2) hours... for three (3) to five (5) students over... 8-5-2-3 Three (3) hours... for six (6) to seven (7) students over... For grades K-5, in no event shall classes exceed thirty-five (35) students, unless the only solution is transferring students to other schools. 8-5-3 If a teacher believes that the number of students assigned to that teacher is not consistent with sound educational practice, the teacher shall have the right, upon written request to the principal... to schedule a conference with their principal regarding the matter.",31-32,high,
denver_public_schools__denver_2022_2025_cba_final__ec16624e,Denver_2022-2025-CBA-Final.pdf,evaluation_procedure_001,evaluation,Does the document describe teacher evaluation procedures?,yes,A failure to follow any procedure during the LEAP Evaluation can be addressed through a grievance.,47,high,
denver_public_schools__denver_2022_2025_cba_final__ec16624e,Denver_2022-2025-CBA-Final.pdf,evaluation_system_002,evaluation,"What evaluation system, framework, or model is named?","LEAP (Educator Effectiveness system), along with SSP GPS","The purpose of the LEAP Collaboration Committee (LCC and SSP GPS Collaboration Committee (GPS Committee) is to ensure that LEAP and SSP GPS are administered according to this Agreement and to enable collaboration and joint decision-making where possible in the development, implementation and evaluation of the growth and performance systems for Teachers and SSPs.",52,high,Updated evidence to explicitly name both LEAP and SSP GPS as required by the coded answer.
denver_public_schools__denver_2022_2025_cba_final__ec16624e,Denver_2022-2025-CBA-Final.pdf,evaluation_observation_count_003,evaluation,How many formal observations are required?,not_discussed,,not_discussed,high,
denver_public_schools__denver_2022_2025_cba_final__ec16624e,Denver_2022-2025-CBA-Final.pdf,evaluation_observation_duration_004,evaluation,Does the document specify observation duration or minimum length?,not_discussed,,not_discussed,high,
denver_public_schools__denver_2022_2025_cba_final__ec16624e,Denver_2022-2025-CBA-Final.pdf,evaluation_ratings_005,evaluation,What rating categories or performance levels are used?,"Ineffective, Effective, Not Meeting, and ""no score""; references decision bands and decision boxes",assignment of the Professional Practice rating from a decision band was not reasonable... assignment of a final rating within a decision box was not reasonable... second consecutive Ineffective Rating... receives a “no score”... order: Not meeting; Approaching; Effective; Distinguished.,"47, 51, 66",high,"Updated evidence to explicitly support the mention of decision bands, decision boxes, and all rating categories."
denver_public_schools__denver_2022_2025_cba_final__ec16624e,Denver_2022-2025-CBA-Final.pdf,evaluation_student_growth_006,evaluation,"Does the evaluation use student growth, test scores, value-added, or student outcomes?",yes,Review the methods for calculation of student growth in LEAP and SSP GPS;,53,high,
denver_public_schools__denver_2022_2025_cba_final__ec16624e,Denver_2022-2025-CBA-Final.pdf,evaluation_improvement_plan_007,evaluation,"Does the document describe improvement plans, remediation plans, or professional support plans for low-rated teachers?",yes,"""During the Plan, which can last between 30 and 90 school days, the Teacher is observed by the Evaluator and the assigned Peer Observer and the designated supports are provided. If the Teacher does not meet all the expectations of the Plan, the Teacher may be recommended for dismissal for unsatisfactory performance."" ""A Teacher is eligible for the Data Gathering Period when an Evaluator conducts one Full Observation and the scores meet the Eligibility Criteria. Alternatively, a Teacher is eligible for the Data Gathering Period when the Teacher has received two consecutive Ineffective Ratings.""",43-46,high,
denver_public_schools__denver_2022_2025_cba_final__ec16624e,Denver_2022-2025-CBA-Final.pdf,evaluation_consequences_008,evaluation,"Does the document state how evaluation results are used in decisions about tenure, layoff priority, transfers, or compensation?",yes,"""Serve as documentation for a recommendation for dismissal based on unsatisfactory performance."" ""10-10-5-1-2 In order for the Panel to recommend changing the second consecutive Ineffective Rating Effective... the Appellant will retain their non-probationary status. 10-10-5-1-3 ...the Teacher will be deemed probationary.""","37, 51",high,Updated evidence to explicitly cover both dismissal and tenure (probationary/non-probationary status) to fully align with the question's categories.
denver_public_schools__denver_2022_2025_cba_final__ec16624e,Denver_2022-2025-CBA-Final.pdf,security_probation_001,job security,"Does the document define probationary, provisional, temporary, permanent, tenure, or continuing contract status?",yes,"District-run innovation schools may, upon the majority vote of their faculty, adopt an innovation plan that waives statutory requirements, including the legal requirements related to probationary and non-probationary status. Consistent with C.R.S 22-63-203, all probationary teachers, including those working for an innovation school that does not recognize non-probationary status, can gain non-probationary status by receiving three (3) consecutive years of effective ratings. all non-probationary teachers, including those working for an innovation school that does not recognize non-probationary status, can lose non-probationary status by receiving two (2) consecutive years of less than effective ratings.",101-102,high,
denver_public_schools__denver_2022_2025_cba_final__ec16624e,Denver_2022-2025-CBA-Final.pdf,security_nonrenewal_002,job security,"Does the document state nonrenewal notice, hearing, or appeal rules?",yes,The District will notify teachers at risk of loss of non-probationary status in September of every year and provide information about the process and resources available. A Notice of Appeal must be filed within 15 calendar days following the last student contact day... All appeals must be concluded within 90 calendar days... convene the Appeals Hearing Panel and set the hearing date,48-49,high,
denver_public_schools__denver_2022_2025_cba_final__ec16624e,Denver_2022-2025-CBA-Final.pdf,security_seniority_definition_003,seniority,Does the document define seniority?,not_discussed,,not_discussed,high,
denver_public_schools__denver_2022_2025_cba_final__ec16624e,Denver_2022-2025-CBA-Final.pdf,security_voluntary_transfer_004,transfers,"What are the voluntary transfer procedures, if any?","Teachers may indicate assignment preferences through in-building bidding or apply for other district vacancies via application forms. The Personnel Committee screens applications, interviews a minimum of two candidates, and must complete the process and make a decision within thirty (30) days of posting.","13-13-1 The Department Chairs at the secondary level and grade level Chairs at the elementary level, in collaboration with the principal, will establish procedures whereby teachers may indicate assignment preferences. 13-15-1 Educators applying for a vacancy in other schools must complete the appropriate application forms. 13-16-1 The Personnel Committee shall review all applications and determine how many and which applicants will be interviewed. When there are two or more applicants for a position, the Personnel Committee shall interview a minimum of two candidates. 13-16-2 Interviews shall be completed and a decision made no later than thirty (30) days after the vacancy is posted.",63-65,high,"Updated evidence to directly quote sections 13-13, 13-15, and 13-16 to comprehensively and explicitly support the detailed procedural answer."
denver_public_schools__denver_2022_2025_cba_final__ec16624e,Denver_2022-2025-CBA-Final.pdf,security_involuntary_transfer_005,transfers,Does the document describe involuntary transfer or reassignment procedures?,yes,"When a school and/or school program is relocated from one site to another, currently assigned educators with contracts will maintain their assignment pursuant to the provisions of Article 13. They will not have to interview for their positions... The provisions of Article 13, which allow for the administrative transfer of staff due to a change in program, adopted by the Collaborative School Committee and affirmed by the Superintendent, will be appropriately followed.",59,high,
denver_public_schools__denver_2022_2025_cba_final__ec16624e,Denver_2022-2025-CBA-Final.pdf,security_rif_006,layoffs,"What are the layoff, reduction in force, retrenchment, or staff reduction procedures, if any?","Personnel Committee defines narrow consideration groups based on program needs. Educators may volunteer to vacate or interview for in-building vacancies. All consideration group members must be interviewed; consensus or principal decides reduction. Impacted educators receive notice, resume/interview support, first right of refusal if reduction is cancelled, and guaranteed interviews via hiring fairs if unassigned. Leaves with held positions are considered equally for reduction.","13-10-3 The consideration group shall be defined as narrowly as possible based on program needs. 13-10-5 The Personnel Committee shall establish and make available to all faculty members a written procedure that will be followed when determining the teacher(s) to be reduced from a building. In developing the procedures for Reduction in Building Staff, the Personnel Committee shall include the following: Educators in the consideration group may choose to vacate an assignment. Educators in the consideration group should be allowed to interview for any vacancy in the school that is posted through the in-building bidding process. All members of the consideration group must be interviewed by the Personnel Committee. If it is determined that a specific reduction is no longer necessary... the reduced teacher has the first right of refusal to his/her former position. 13-10-6 If the Personnel Committee is unable to reach consensus, the principal will decide which candidate will be reduced. 13-10-10 Guaranteed interviews for reduced active non-probationary teachers, as required by state law, are offered through District-wide hiring fairs. 13-10-4 Educators on approved leaves where their positions are being held in accordance with Article 21 shall be considered equally for the purpose of reduction.",60-61,high,"Updated evidence to include direct quotes for consideration group definition, voluntary vacate/interview options, consensus/principal decision rule, first right of refusal, guaranteed interviews, and hold positions to fully substantiate the comprehensive answer."
denver_public_schools__denver_2022_2025_cba_final__ec16624e,Denver_2022-2025-CBA-Final.pdf,security_recall_007,layoffs,Does the document provide recall or callback rights after layoff?,yes,"If it is determined that a specific reduction is no longer necessary (at any time between the RIB and the conclusion of fall adjustment for the subsequent school year), the reduced teacher has the first right of refusal to his/her former position.",60,high,
denver_public_schools__denver_2022_2025_cba_final__ec16624e,Denver_2022-2025-CBA-Final.pdf,security_rif_criterion_008,layoffs,What is the primary criterion for determining the order of layoff among teachers?,Merit-based evaluation via Personnel Committee consensus (or principal decision if no consensus),"The Personnel Committee shall attempt to reach consensus on the candidate most suitable to be reduced. If the Personnel Committee is unable to reach consensus, the principal will decide which candidate will be reduced.",60,high,
denver_public_schools__denver_2022_2025_cba_final__ec16624e,Denver_2022-2025-CBA-Final.pdf,security_probation_length_009,job security,What is the probationary or provisional period before tenure or continuing status?,not_discussed,,not_applicable,high,
denver_public_schools__denver_2022_2025_cba_final__ec16624e,Denver_2022-2025-CBA-Final.pdf,security_tenure_rules_010,job security,"Does the document describe tenure, continuing contract, or permanent status rights?",yes,"If a majority of the Panel determines by a preponderance of the evidence that the rating should not be changed, the Teacher will be deemed probationary.",51,high,"The document uses 'non-probationary status' rather than tenure/continuing contract, but explicitly describes the status and the appeal process that can affect it, supporting the 'yes' answer."
denver_public_schools__denver_2022_2025_cba_final__ec16624e,Denver_2022-2025-CBA-Final.pdf,security_certification_011,job security,"Does the document state teacher certification, licensure, endorsement, or renewal requirements?",yes,"In order to be considered for a position, an educator must meet accreditation standards of the Colorado Department of Education and must meet all posted requirements for the position including the requirements set forth by the Every Student Succeeds Act.",57,high,
denver_public_schools__denver_2022_2025_cba_final__ec16624e,Denver_2022-2025-CBA-Final.pdf,discipline_just_cause_001,discipline,"Does the document require just cause, proper cause, or cause for teacher discipline or dismissal?",yes,"Neither a letter of warning nor a letter of reprimand shall be issued, nor shall an educator be suspended without pay, except for just cause.",56,high,
denver_public_schools__denver_2022_2025_cba_final__ec16624e,Denver_2022-2025-CBA-Final.pdf,discipline_dismissal_002,discipline,"Does the document describe dismissal, termination, discharge, or contract cancellation procedures?",yes,"After an ESLI has completed three years of satisfactory or effective performance, the ESLI shall be entitled to a hearing with an impartial hearing officer if they are recommended for dismissal, consistent with the procedures provided in Board Policy GDQD and GDQD-R. A JROTC Instructor recommended for dismissal for violations of District policies as they relate to instructor conduct, behavior, and performance is entitled to a hearing consistent with the procedures provided in Administrative Policy GDQD and GDQD-R.","111, 115",high,Updated page field to accurately reflect that the combined evidence originates from pages 111 and 115.
denver_public_schools__denver_2022_2025_cba_final__ec16624e,Denver_2022-2025-CBA-Final.pdf,conduct_outside_employment_001,teacher rights and conduct,"Does the document restrict outside employment, tutoring, or conflicts of interest?",not_discussed,,not_applicable,high,
denver_public_schools__denver_2022_2025_cba_final__ec16624e,Denver_2022-2025-CBA-Final.pdf,conduct_ethics_002,teacher rights and conduct,"Does the document include a code of ethics, standards of conduct, or professional responsibility rules?",yes,"Article 23 requires educators to comply with Board rules, act in accordance with District values, and exemplify 'the highest standards of personal and professional excellence.' It explicitly notes that employees should address 'dilemmas regarding ethics, integrity and or equity.'",85,high,
denver_public_schools__denver_2022_2025_cba_final__ec16624e,Denver_2022-2025-CBA-Final.pdf,conduct_drug_alcohol_003,teacher rights and conduct,"Does the document include drug-free workplace, alcohol, or substance-abuse rules?",not_discussed,,not_applicable,high,
denver_public_schools__denver_2022_2025_cba_final__ec16624e,Denver_2022-2025-CBA-Final.pdf,conduct_social_media_005,teacher rights and conduct,Does the document regulate employee social media use?,not_discussed,,not_applicable,high,
denver_public_schools__denver_2022_2025_cba_final__ec16624e,Denver_2022-2025-CBA-Final.pdf,conduct_acceptable_use_006,teacher rights and conduct,"Does the document include acceptable-use, email, internet, or network technology rules for employees?",not_discussed,,not_applicable,high,
denver_public_schools__denver_2022_2025_cba_final__ec16624e,Denver_2022-2025-CBA-Final.pdf,conduct_academic_freedom_007,teacher rights and conduct,Does the document protect academic freedom or personal academic views?,yes,"Article 24 explicitly covers 'Academic Freedom.' Section 24-2 affirms the right to teach about controversial issues and express personal viewpoints. Section 24-4-2 states, 'Freedom of individual conscience, association and expression will be encouraged.'",86,high,
denver_public_schools__denver_2022_2025_cba_final__ec16624e,Denver_2022-2025-CBA-Final.pdf,conduct_curriculum_autonomy_008,teacher rights and conduct,"Does the document address teacher discretion over curriculum, lesson content, methods, or instructional materials?",yes,"Educators have the responsibility to select issues for study and discussion which contribute to the attainment of course objectives, and to make available to students materials concerning the various aspects of the issues.",86,high,Updated page number from 87 to 86 to match document pagination. Evidence explicitly supports teacher discretion over content and instructional materials in the context of controversial issues.
denver_public_schools__denver_2022_2025_cba_final__ec16624e,Denver_2022-2025-CBA-Final.pdf,conduct_lesson_plans_009,teacher rights and conduct,Does the document require lesson plans or specify lesson-plan submission rules?,yes,"Teachers will maintain effective lesson plans related to the approved curriculum for use by the teacher in regular instruction and review by the administration, as well as specific, detailed lesson plans for use by substitute teachers. 8-8-1 Teachers and school leaders will discuss and agree upon the format of lesson plans. 8-8-2 The administrator can ask for lesson plans to be turned in for the purpose of improving instruction and will provide constructive and specific feedback to the teacher submitting the plans. 8-8-4 A teacher will only be responsible for lesson plans for the first five (5) days of any absence.",33,high,
denver_public_schools__denver_2022_2025_cba_final__ec16624e,Denver_2022-2025-CBA-Final.pdf,conduct_political_activity_010,teacher rights and conduct,Does the document restrict or protect political activity by teachers?,yes,"Educators have the right, except as otherwise provided by law, to engage in political activity, to campaign on behalf of candidates for public office, and to themselves seek, campaign for, and hold public office. However, these activities must be conducted outside school hours and must not interfere with the effective accomplishment of the educator’s professional duties.",86,high,Updated page number to 86 to match exact location of Section 23-3-1 in the document.
denver_public_schools__denver_2022_2025_cba_final__ec16624e,Denver_2022-2025-CBA-Final.pdf,conduct_non_duty_hours_011,teacher rights and conduct,Does the document protect teachers' personal affairs or conduct during non-duty hours?,yes,"The District affirms the principles that educators have the full rights and responsibilities of citizenship and that an educator’s private life and activities are not an appropriate concern of the District, except to the extent that they detract from the effective accomplishment of the educator’s professional duties or are grounds for dismissal under Colorado statutes.",85,high,Updated page number to 85 to match exact location of Section 23-3 in the document.
denver_public_schools__denver_2022_2025_cba_final__ec16624e,Denver_2022-2025-CBA-Final.pdf,safety_health_committee_001,safety and working conditions,Does the document include health and safety provisions or a safety committee?,yes,"The criteria to be considered in deciding whether to increase the maximum class size limit must include safety of students and staff, adequacy of the facility and equipment, and the impact on the educational program in those classes.",31,high,
denver_public_schools__denver_2022_2025_cba_final__ec16624e,Denver_2022-2025-CBA-Final.pdf,safety_assault_protection_002,safety and working conditions,Does the document provide teacher assault protections or procedures after assault?,yes,17-1-1 Any educator who has suffered any assault... shall immediately make a written report... file a Workers' Compensation report of injury with the District within twenty-four (24) hours. 17-1-2 The Board shall adopt... a safe school plan for handling situations involving potential assaults... 16-3... the District is required to provide the teacher/SSP with a lawyer to defend the claim free of charge to the teacher/SSP and to pay any settlements or judgments arising from the claim.,71-72,high,
denver_public_schools__denver_2022_2025_cba_final__ec16624e,Denver_2022-2025-CBA-Final.pdf,safety_student_discipline_003,safety and working conditions,Does the document describe student discipline or behavior-management procedures affecting teachers?,yes,"Article 18 - Student Discipline... Each school will develop a discipline plan that is consistent with the provisions of this Article... 18-1 The prevention, intervention, and discipline plan shall include:... 3. Descriptions of roles and responsibilities of different staff members in enacting the plan.",73,high,
denver_public_schools__denver_2022_2025_cba_final__ec16624e,Denver_2022-2025-CBA-Final.pdf,safety_remove_student_004,safety and working conditions,Does the document state a teacher's authority to remove a student from class?,yes,"18-3 When an educator judges it necessary to protect the instructional process, they may remove a disruptive student from class and refer the student to the administrator in charge or the administrator’s designee. 18-4 The student will not be returned to class until a conference has been held with the educator, principal or designee and student. 18-5 Upon the third removal... the student may be removed... from the educator’s class for the remainder of the term.",73-74,high,
denver_public_schools__denver_2022_2025_cba_final__ec16624e,Denver_2022-2025-CBA-Final.pdf,safety_emergency_closure_005,safety and working conditions,"Does the document address emergency, lockdown, inclement weather, or school closure procedures for staff?",yes,"8-11-1 When weather conditions constitute a danger sufficient to require the closing of schools, the following procedure shall be followed: a. If the conditions exist prior to the normal school opening time, educators shall be notified, as early as possible, by public media or direct contact and shall not be required to report to work. b. If the conditions require closing during the school day, educators shall be dismissed as soon as possible after students are dismissed. 8-11-2 When weather conditions are such that schools will be open, but some professional staff or students are not able to attend because of the severity of conditions in their locale...",34,high,"Updated evidence to Article 8-11, which provides more direct and comprehensive procedures specifically addressing inclement weather and emergency school closings for staff."
denver_public_schools__denver_2022_2025_cba_final__ec16624e,Denver_2022-2025-CBA-Final.pdf,safety_environment_006,safety and working conditions,"Does the document address physical working conditions such as temperature, ventilation, air quality, cleanliness, acoustics, or construction disruption?",yes,"If the temperature within a school without air conditioning or in which the air conditioning system is not functioning correctly rises to a degree that is unsafe to host in-person classes, principals will consult with their School Leadership Team (SLT) to determine whether conditions would warrant a recommendation for closure, early release or transition to temporary remote operation for a period of time.",13,high,
denver_public_schools__denver_2022_2025_cba_final__ec16624e,Denver_2022-2025-CBA-Final.pdf,safety_security_measures_007,safety and working conditions,"Does the document mention security staff, building access, visitor controls, cameras, or personal security measures?",not_discussed,,not_applicable,high,
denver_public_schools__denver_2022_2025_cba_final__ec16624e,Denver_2022-2025-CBA-Final.pdf,safety_weapons_008,safety and working conditions,Does the document state employee obligations or restrictions related to weapons on school property?,not_discussed,,not_applicable,high,
denver_public_schools__denver_2022_2025_cba_final__ec16624e,Denver_2022-2025-CBA-Final.pdf,pd_new_teacher_mentoring_001,professional development,"Does the document provide mentoring, induction, orientation, or support for new teachers?",yes,newly hired educators may be required to attend pre-session orientation meetings and shall be paid in accordance with Article 28-2. New educators will be paid for orientation meetings on the next practical payday. Educators hired after the orientation process will be afforded comparable training opportunities to that offered during orientation.,28,high,
denver_public_schools__denver_2022_2025_cba_final__ec16624e,Denver_2022-2025-CBA-Final.pdf,pd_teacher_leadership_002,professional development,"Does the document create teacher leadership roles, instructional coaches, councils, or committees tied to professional practice?",yes,"The following committees have been formed to work toward that end: ... Instructional Issues Council ... School Leadership Teams ... Instructional Leadership Teams ... LEAP Collaboration Committee ... ESS Collaborative Committee. The ILT is responsible for focusing on the implementation of the school-wide instructional cycle, including but not limited to: ● Drive instructional vision; ● Focus on improving instruction; ● Calibrate on observation, feedback, coaching; ● Professional learning designed in collaboration with the SLT.","12, 15",high,
denver_public_schools__denver_2022_2025_cba_final__ec16624e,Denver_2022-2025-CBA-Final.pdf,pd_career_ladder_003,professional development,"Does the document include a career ladder, teacher advancement pathway, or differentiated career roles?",not_discussed,,not_applicable,high,
baltimore_city_public_school_system__baltimore_city_public_schools_2021_2023__51cdfe55,Baltimore_City_Public_Schools_2021-2023.pdf,meta_doc_type_001,document metadata,What type of district document is this PDF?,CBA,AGREEMENT between the BALTIMORE TEACHERS UNION ... AND BALTIMORE CITY BOARD OF SCHOOL COMMISSIONERS 2021-2023,1,high,
baltimore_city_public_school_system__baltimore_city_public_schools_2021_2023__51cdfe55,Baltimore_City_Public_Schools_2021-2023.pdf,meta_effective_dates_002,document metadata,What school years or effective dates does the document cover?,"July 1, 2021 – June 30, 2023 (2021-2023 school years)","This Agreement is entered into effective the 1st day of July, 2021",1,high,
baltimore_city_public_school_system__baltimore_city_public_schools_2021_2023__51cdfe55,Baltimore_City_Public_Schools_2021-2023.pdf,meta_bargaining_unit_003,document metadata,Which employee group or bargaining unit is covered?,"Professional educational public school employee unit (all classroom teachers, counselors, librarians, psychologists, social workers, department heads, master teachers, academic coaches, instructional staff, clinicians, and resource teachers)","Whenever used in this Agreement, the term “Employee” shall mean all classroom teachers (pre- K-12), counselors, librarians (and/or their successor job title and/or classification), psychologists, social workers, home and hospital teachers, department heads, master teachers, academic coaches, instructional associates, instructional support teachers, educational associates, speech-language pathologists, audiologists, occupational therapists, physical therapists, facilitators, consulting teachers, IEP Team Associates, pupil personnel worker, teacher – mentor, teacher – staff developer, and art, music and physical education resource teachers.",2,high,"Updated evidence to directly quote Section 1.2, which explicitly lists the covered employee group."
baltimore_city_public_school_system__baltimore_city_public_schools_2021_2023__51cdfe55,Baltimore_City_Public_Schools_2021-2023.pdf,meta_document_scope_004,document metadata,"Does the document state that it is binding, advisory, summary-only, or not a contract?",binding agreement,"This Agreement is entered into effective the 1st day of July, 2021",1,high,
baltimore_city_public_school_system__baltimore_city_public_schools_2021_2023__51cdfe55,Baltimore_City_Public_Schools_2021-2023.pdf,meta_text_usability_005,document metadata,Is the PDF text extractable enough for reliable coding?,usable,Text is fully extractable and legible throughout the provided section.,not_applicable,high,
baltimore_city_public_school_system__baltimore_city_public_schools_2021_2023__51cdfe55,Baltimore_City_Public_Schools_2021-2023.pdf,meta_cites_state_law_006,document metadata,"Does the document cite any state laws, statutes, or administrative codes?",yes,"reduced to writing in accordance with Sections 4-301, 4-304 and 6-408 of the Education Article of the Annotated Code of Maryland.",1,high,
baltimore_city_public_school_system__baltimore_city_public_schools_2021_2023__51cdfe55,Baltimore_City_Public_Schools_2021-2023.pdf,meta_state_law_citations_007,document metadata,Quote all sentences citing state laws or statutes.,"This Agreement is entered into effective the 1st day of July, 2021, between the Baltimore City Board of School Commissioners and the Baltimore Teachers Union, American Federation of Teachers, Local 340, and reduced to writing in accordance with Sections 4-301, 4-304 and 6-408 of the Education Article of the Annotated Code of Maryland. The Baltimore City Board of School Commissioners, hereinafter referred to as the Board, recognizes the Baltimore Teachers Union pursuant to the Annotated Code of Maryland, as the employee organization which is duly elected and certified exclusive representative of the Board’s employees who are in the professional educational public school employee unit. The term “Employee” shall also refer to any person hired for the unit by BCPSS who is required by State Law to hold a professional license or certification from the Maryland State Department of Education but who does not hire, terminate and/or evaluate other employees. “Tenure” is the expectation of continued employment by the Board after completing a probationary period that is governed under the terms of the Regular Teacher Contract set forth in COMAR and Education Article Sections 6-201(f) and 6-202. Notwithstanding any provision of this Agreement, the Board reserves the right to make all employment decisions necessary to comply with federal and state laws. The arbitrator shall be without power to add to, subtract from, change or alter any provision of the Agreement, Board Policy or of applicable State or local law.","This Agreement is entered into effective the 1st day of July, 2021, between the Baltimore City Board of School Commissioners and the Baltimore Teachers Union, American Federation of Teachers, Local 340, and reduced to writing in accordance with Sections 4-301, 4-304 and 6-408 of the Education Article of the Annotated Code of Maryland. The Baltimore City Board of School Commissioners, hereinafter referred to as the Board, recognizes the Baltimore Teachers Union pursuant to the Annotated Code of Maryland, as the employee organization which is duly elected and certified exclusive representative of the Board’s employees who are in the professional educational public school employee unit. The term “Employee” shall also refer to any person hired for the unit by BCPSS who is required by State Law to hold a professional license or certification from the Maryland State Department of Education but who does not hire, terminate and/or evaluate other employees. “Tenure” is the expectation of continued employment by the Board after completing a probationary period that is governed under the terms of the Regular Teacher Contract set forth in COMAR and Education Article Sections 6-201(f) and 6-202. Notwithstanding any provision of this Agreement, the Board reserves the right to make all employment decisions necessary to comply with federal and state laws. The arbitrator shall be without power to add to, subtract from, change or alter any provision of the Agreement, Board Policy or of applicable State or local law.",1-9,high,"Updated evidence field to include the complete set of sentences quoted in the answer, as the original stage 1 evidence was truncated. All citations explicitly match the document text."
baltimore_city_public_school_system__baltimore_city_public_schools_2021_2023__51cdfe55,Baltimore_City_Public_Schools_2021-2023.pdf,meta_cites_federal_law_008,document metadata,"Quote all sentences citing federal laws, statutes, or regulations.","Notwithstanding any provision of this Agreement, the Board reserves the right to make all employment decisions necessary to comply with federal and state laws.","Notwithstanding any provision of this Agreement, the Board reserves the right to make all employment decisions necessary to comply with federal and state laws.",8,high,
baltimore_city_public_school_system__baltimore_city_public_schools_2021_2023__51cdfe55,Baltimore_City_Public_Schools_2021-2023.pdf,meta_federal_law_citations_009,document metadata,Which federal laws or statutes are cited?,"I.R.C. Sec. 125 (Internal Revenue Code), FMLA","All benefit programs available under this Sec. 5.2. shall be exempt from taxation as ordinary income in accordance with I.R.C. Sec. 125 or successor provision of the Internal Revenue Code. In the event an employee eligible under the FMLA or military leave is on leave without pay for personal illness, the Employer shall continue to pay its share of the cost of Blue Cross/Blue Shield PPN, Blue Cross/Blue Shield POS and HMO coverage for a period not to exceed ninety (90) days, provided the affected employee continues to assume his appropriate contribution for said coverage.",24,high,"Updated evidence to explicitly quote both the I.R.C. Sec. 125 and FMLA citations referenced in the answer, confirming their direct presence on page 24."
baltimore_city_public_school_system__baltimore_city_public_schools_2021_2023__51cdfe55,Baltimore_City_Public_Schools_2021-2023.pdf,pay_salary_schedule_001,compensation,Does the document include a teacher salary schedule or salary scale?,yes,"2021 BTU Career Pathway Salary Schedule Effective July 1, 2021 BASE TEACHER Standard Professional Model Lead... 2022 BTU Career Pathway Salary Schedule Effective July 1, 2022 BASE TEACHER Standard Professional Model Lead",71,high,Stage 1 incorrectly coded as 'no'. The document explicitly includes detailed salary schedules for 2021 and 2022 in Addendum I (pages 71-88).
baltimore_city_public_school_system__baltimore_city_public_schools_2021_2023__51cdfe55,Baltimore_City_Public_Schools_2021-2023.pdf,pay_salary_schedule_002,compensation,What year or years does the salary schedule cover?,"2020-2022 base schedules (implemented July 1, 2021 and July 1, 2022)","The salary schedules effective July 1, 2020 shall be increased by 2.25% on July 1, 2021. The salary schedules effective July 1, 2021 shall be increased by 2.25% on July 1, 2022.",11,high,Answer is accurate and supported by Section 5.1.A and Addendum I schedules.
baltimore_city_public_school_system__baltimore_city_public_schools_2021_2023__51cdfe55,Baltimore_City_Public_Schools_2021-2023.pdf,pay_step_increment_003,compensation,Does the document explain annual step advancement or salary increments?,no,Interval is the term used to describe movement on the pay scale within a Career Pathway. When educators accumulate 12 AUs they move one interval along a Career Pathway.,13,high,No change made. Document specifies movement via Achievement Units (AUs) rather than automatic annual step advancement.
baltimore_city_public_school_system__baltimore_city_public_schools_2021_2023__51cdfe55,Baltimore_City_Public_Schools_2021-2023.pdf,pay_prior_experience_005,compensation,Does the document state how prior teaching experience is credited for salary placement?,yes,"New Hire Salary Placement: All new bargaining unit members shall be placed on the proper step of the salary schedule according to their certification, experience, and education, as detailed in the chart below.",12,high,"Updated evidence from paraprofessional transfer clause to the New Hire Salary Placement table in Section 5.1.G, which explicitly maps prior teaching experience (years) to interval placement."
baltimore_city_public_school_system__baltimore_city_public_schools_2021_2023__51cdfe55,Baltimore_City_Public_Schools_2021-2023.pdf,pay_performance_pay_006,compensation,"Does the document include performance pay, merit pay, or evaluation-based compensation?",yes,AU Credit for Annual Evaluation • Highest rating on Evaluation ( Proficient or Highly Effective) = 12 AUs • Second highest or middle rating on Evaluation (Satisfactory or Effective) = 9 AUs • Any rating above Unsatisfactory or lowest rating (Developing) that requires support or intervention = 3 AUs,15,high,No change made. Evaluation ratings directly award Achievement Units that drive salary interval movement.
baltimore_city_public_school_system__baltimore_city_public_schools_2021_2023__51cdfe55,Baltimore_City_Public_Schools_2021-2023.pdf,pay_performance_pay_007,compensation,How are teachers evaluated for purposes of performance-based pay eligibility?,Teachers are evaluated using an Annual Evaluation system that awards Achievement Units (AUs) based on rating: Highest/Proficient or Highly Effective = 12 AUs; Second highest/Satisfactory or Effective = 9 AUs; Any rating above Unsatisfactory/Developing with support = 3 AUs. Failure to issue the evaluation on time defaults to an Effective rating.,AU Credit for Annual Evaluation • Highest rating on Evaluation ( Proficient or Highly Effective) = 12 AUs • Second highest or middle rating on Evaluation (Satisfactory or Effective) = 9 AUs • Any rating above Unsatisfactory or lowest rating (Developing) that requires support or intervention = 3 AUs • Failure of Principal to Issue an Annual Evaluation within contractual time limits Results in an Effective Rating,15,high,No change made. Answer accurately reflects the evaluation-based AU credit system.
baltimore_city_public_school_system__baltimore_city_public_schools_2021_2023__51cdfe55,Baltimore_City_Public_Schools_2021-2023.pdf,pay_cost_of_living_007,compensation,Does the document specify across-the-board raises or COLA percentages?,"2.25% on July 1, 2021; 2.25% on July 1, 2022","The salary schedules effective July 1, 2020 shall be increased by 2.25% on July 1, 2021. The salary schedules effective July 1, 2021 shall be increased by 2.25% on July 1, 2022.",11,high,
baltimore_city_public_school_system__baltimore_city_public_schools_2021_2023__51cdfe55,Baltimore_City_Public_Schools_2021-2023.pdf,pay_extra_duty_schedule_008,compensation,Does the document include an extra-duty or supplemental pay schedule?,yes,"Addendum II 7/1/2020 7/1/2021 7/1/2022 Director of Athletics $ 5,848 $ 5,980 $ 6,115 Co-Curricular Chairperson $ 3,531 $ 3,610 $ 3,691 Badminton $ 3,541 $ 3,621 $ 3,702 Baseball (Varsity) $ 4,024 $ 4,115 $ 4,208",89,high,
baltimore_city_public_school_system__baltimore_city_public_schools_2021_2023__51cdfe55,Baltimore_City_Public_Schools_2021-2023.pdf,pay_hardtostaff_sped_009,compensation,"Does the document provide additional pay, stipends, or salary differentials for special education teachers?",yes,"Teachers who minimally hold a standard professional certificate and who obtain a post graduate degree in a critical shortage area as identified by BCPSS (e.g. math, science or special education) will receive a $1,500 payment not to be added to the base rate. Such payment shall be paid at $500 per school year, in June, over a three (3) year period. Only full time classroom teachers are eligible and payment shall be contingent upon the teacher receiving a satisfactory evaluation each year.",41,high,
baltimore_city_public_school_system__baltimore_city_public_schools_2021_2023__51cdfe55,Baltimore_City_Public_Schools_2021-2023.pdf,pay_hardtostaff_stem_010,compensation,"Does the document provide additional pay, stipends, or salary differentials for teachers in STEM subjects?",yes,"Teachers who minimally hold a standard professional certificate and who obtain a post graduate degree in a critical shortage area as identified by BCPSS (e.g. math, science or special education) will receive a $1,500 payment not to be added to the base rate. Such payment shall be paid at $500 per school year, in June, over a three (3) year period. Only full time classroom teachers are eligible and payment shall be contingent upon the teacher receiving a satisfactory evaluation each year.",41,high,
baltimore_city_public_school_system__baltimore_city_public_schools_2021_2023__51cdfe55,Baltimore_City_Public_Schools_2021-2023.pdf,pay_hardtostaff_other_011,compensation,"Does the document provide additional pay, stipends, or salary differentials for teachers in high-need subjects or schools other than special education or STEM?",not_discussed,,not_applicable,high,
baltimore_city_public_school_system__baltimore_city_public_schools_2021_2023__51cdfe55,Baltimore_City_Public_Schools_2021-2023.pdf,pay_hardtostaff_schools_012,compensation,"Does the document provide incentives specifically for teaching in hard-to-staff, high-need, Title I, or priority schools, regardless of subject?",not_discussed,,not_applicable,high,
baltimore_city_public_school_system__baltimore_city_public_schools_2021_2023__51cdfe55,Baltimore_City_Public_Schools_2021-2023.pdf,pay_experience_credit_indistrict_013,compensation,Does the document specify how prior in-district teaching experience is credited for initial salary placement?,not_discussed,,not_applicable,high,
baltimore_city_public_school_system__baltimore_city_public_schools_2021_2023__51cdfe55,Baltimore_City_Public_Schools_2021-2023.pdf,pay_experience_credit_outofdistrict_014,compensation,Does the document specify how out-of-district but in-state teaching experience is credited for salary placement?,not_discussed,,not_applicable,high,
baltimore_city_public_school_system__baltimore_city_public_schools_2021_2023__51cdfe55,Baltimore_City_Public_Schools_2021-2023.pdf,pay_experience_credit_outofstate_015,compensation,Does the document specify how out-of-state teaching experience is credited for salary placement?,not_discussed,,not_applicable,high,
baltimore_city_public_school_system__baltimore_city_public_schools_2021_2023__51cdfe55,Baltimore_City_Public_Schools_2021-2023.pdf,pay_experience_credit_military_public_016,compensation,Does the document credit military service or other public service for salary placement?,not_discussed,,not_applicable,high,
baltimore_city_public_school_system__baltimore_city_public_schools_2021_2023__51cdfe55,Baltimore_City_Public_Schools_2021-2023.pdf,pay_national_board_017,compensation,Does the document provide extra pay for National Board certification or similar advanced certification?,"$4,000","Teachers who receive certification from the National Board for Professional Teaching Standards (NBPTS) shall receive, in addition to all other salary and differential payments due to said teachers, a sum of $4,000 in each year the teacher holds the certification.",64,high,
baltimore_city_public_school_system__baltimore_city_public_schools_2021_2023__51cdfe55,Baltimore_City_Public_Schools_2021-2023.pdf,benefits_health_001,benefits,Does the document state that health or medical insurance is available to teachers?,"Yes. Plans: Blue Cross/Blue Shield Preferred Provider Network (PPN), Health Maintenance Organization (HMO), Point of Service (POS), and High Deductible Health Plan. Eligible: Employees covered by the Agreement.","1. The Blue Cross/Blue Shield Preferred Provider Network (“PPN”) in effect during the 2015-2016 school year shall continue in effect.
4. Employees covered by this Agreement are eligible for a Health Maintenance Organization (“HMO”) alternative...
13. The employer shall design and offer a High Deductible Health Plan with a Health Savings Account starting in January 1, 2019.","17, 23",high,"Updated evidence to explicitly cover all four plan types (PPN, HMO, POS, HDHP) as original evidence only cited PPN."
baltimore_city_public_school_system__baltimore_city_public_schools_2021_2023__51cdfe55,Baltimore_City_Public_Schools_2021-2023.pdf,benefits_health_contribution_002,benefits,What employer contribution toward health insurance is stated?,"81% for PPN; 94% for HMO/POS (effective January 1, 2019).","Commencing January 1, 2019, for those employees in the Blue Cross/Blue Shield Preferred Provider Network (“PPN”), 81% of the actual premium shall be paid by the employer
Commencing January 1, 2019, the employer share of the premium for the HMOs and Blue Cross/Blue Shield POS shall be 94%...",17,high,Updated evidence to include HMO/POS employer contribution rate to fully support the answer.
baltimore_city_public_school_system__baltimore_city_public_schools_2021_2023__51cdfe55,Baltimore_City_Public_Schools_2021-2023.pdf,benefits_health_employee_premium_003,benefits,What employee health insurance premium or contribution is stated?,19% for PPN; 6% plus $5.00/$10.00/$15.00 per pay for individuals/two persons/families for HMO/POS.,"19% shall be paid by the employee.
Commencing January 1, 2019, the employer share of the premium for the HMOs and Blue Cross/Blue Shield POS shall be 94% and the employee share of the premium shall be 6%, plus $5.00 for individuals, $10.00 for two persons, and $15.00 for families per pay.",17,high,Updated evidence to include the 19% employee contribution for PPN to fully support the answer.
baltimore_city_public_school_system__baltimore_city_public_schools_2021_2023__51cdfe55,Baltimore_City_Public_Schools_2021-2023.pdf,benefits_dependent_health_004,benefits,"Does the document mention dependent, spouse, family, or domestic partner health coverage?",Yes. Eligible: Dependents under age 26.,"Eligible dependents under the age of 26 shall be covered by BCPSS Health Plans, General Prescription Drug, and Vision Care Programs.",17,high,None.
baltimore_city_public_school_system__baltimore_city_public_schools_2021_2023__51cdfe55,Baltimore_City_Public_Schools_2021-2023.pdf,benefits_health_plan_type_005,benefits,What health plan types are described?,"Blue Cross/Blue Shield Preferred Provider Network (PPN), Health Maintenance Organization (HMO), Point of Service (POS), and High Deductible Health Plan with a Health Savings Account.","1. The Blue Cross/Blue Shield Preferred Provider Network (“PPN”) in effect during the 2015-2016 school year shall continue in effect.
4. Employees covered by this Agreement are eligible for a Health Maintenance Organization (“HMO”) alternative to the Blue Cross/Blue Shield PPN coverage.
...Blue Cross/Blue Shield Point of Service (“POS”)...
13. The employer shall design and offer a High Deductible Health Plan with a Health Savings Account starting in January 1, 2019.","17, 23",high,Updated evidence to explicitly cover all four plan types mentioned in the answer.
baltimore_city_public_school_system__baltimore_city_public_schools_2021_2023__51cdfe55,Baltimore_City_Public_Schools_2021-2023.pdf,benefits_dental_006,benefits,Does the document state that dental insurance is available?,"Yes. Plans: DHMO and DPPO “Buy Up” Option. Eligible: Employees under the Agreement. Employer contribution: Yes, not less than $400 to a health and welfare fund that includes dental.","The employer shall contribute not less than $400 to a health and welfare fund which shall consist of life insurance, optical services and dental insurance.
9. Dental Schedule of Benefits
DHMO
... DPPO “Buy Up” Option (Voluntary)",22-24,high,Updated evidence to include references to DHMO and DPPO plans to fully support the answer.
baltimore_city_public_school_system__baltimore_city_public_schools_2021_2023__51cdfe55,Baltimore_City_Public_Schools_2021-2023.pdf,benefits_vision_007,benefits,Does the document state that vision or optical insurance is available?,yes,"Eligible dependents under the age of 26 shall be covered by BCPSS Health Plans, General Prescription Drug, and Vision Care Programs.",17,high,
baltimore_city_public_school_system__baltimore_city_public_schools_2021_2023__51cdfe55,Baltimore_City_Public_Schools_2021-2023.pdf,benefits_life_008,benefits,Does the document provide district-paid or voluntary life insurance?,yes,"The employer shall provide life insurance of $70,000.00.",24,high,
baltimore_city_public_school_system__baltimore_city_public_schools_2021_2023__51cdfe55,Baltimore_City_Public_Schools_2021-2023.pdf,benefits_disability_009,benefits,Does the document mention short-term or long-term disability coverage?,not_discussed,,not_applicable,high,
baltimore_city_public_school_system__baltimore_city_public_schools_2021_2023__51cdfe55,Baltimore_City_Public_Schools_2021-2023.pdf,benefits_retirement_contribution_010,benefits,What employer retirement or pension contribution is stated?,not_discussed,,not_applicable,high,
baltimore_city_public_school_system__baltimore_city_public_schools_2021_2023__51cdfe55,Baltimore_City_Public_Schools_2021-2023.pdf,benefits_leave_continuation_011,benefits,Does the document state whether insurance benefits continue during paid or unpaid leave?,yes,"In the event an employee eligible under the FMLA or military leave is on leave without pay for personal illness, the Employer shall continue to pay its share of the cost of Blue Cross/Blue Shield PPN, Blue Cross/Blue Shield POS and HMO coverage for a period not to exceed ninety (90) days, provided the affected employee continues to assume his appropriate contribution for said coverage.",24,high,
baltimore_city_public_school_system__baltimore_city_public_schools_2021_2023__51cdfe55,Baltimore_City_Public_Schools_2021-2023.pdf,benefits_retiree_012,benefits,"Does the document provide retiree health, dental, life, or other post-employment benefits?",not_discussed,,not_applicable,high,
baltimore_city_public_school_system__baltimore_city_public_schools_2021_2023__51cdfe55,Baltimore_City_Public_Schools_2021-2023.pdf,leave_sick_days_001,leave,How many paid sick leave days are granted per year?,15,Teachers shall at the beginning of each school year be credited with fifteen (15) work days of sick leave.,43,high,
baltimore_city_public_school_system__baltimore_city_public_schools_2021_2023__51cdfe55,Baltimore_City_Public_Schools_2021-2023.pdf,leave_sick_accrual_002,leave,"Does sick leave accumulate or carry over, and what cap is stated?",315,Any unused sick leave shall be carried forward from year to year and accumulated up to a maximum of 315 days.,43,high,
baltimore_city_public_school_system__baltimore_city_public_schools_2021_2023__51cdfe55,Baltimore_City_Public_Schools_2021-2023.pdf,leave_sick_family_003,leave,May teachers use sick leave for family illness or family care?,yes,Up to five (5) days of accumulated sick leave may be used by the teacher in the case of illness in the teacher’s immediate family as defined in Board rules.,43,high,
baltimore_city_public_school_system__baltimore_city_public_schools_2021_2023__51cdfe55,Baltimore_City_Public_Schools_2021-2023.pdf,leave_personal_days_004,leave,How many paid personal leave days are granted per year?,1,An employee shall be granted one (1) day leave of absence each year for necessary personal business without loss of pay.,46,high,
baltimore_city_public_school_system__baltimore_city_public_schools_2021_2023__51cdfe55,Baltimore_City_Public_Schools_2021-2023.pdf,leave_personal_restrictions_005,leave,What restrictions apply to personal leave use?,Requires at least two (2) working days advance notice (waived for emergencies); blackouts on day before/after holidays or two days before last student day in June require satisfactory justification that business cannot be rescheduled; not unreasonably denied.,"A request for personal business leave either on the day before or after a holiday or on the two (2) days preceding the last day for students in June may be honored only upon satisfactory justification by the employee that said business cannot be rescheduled to a day other than those mentioned above... Personal leave shall not be unreasonably denied provided that the employee requests such leave at least two (2) working days in advance. In bona fide emergency situations, the two (2) days’ notice may be waived.",46,high,
baltimore_city_public_school_system__baltimore_city_public_schools_2021_2023__51cdfe55,Baltimore_City_Public_Schools_2021-2023.pdf,leave_personal_conversion_006,leave,"Does unused personal leave convert to sick leave, cash, or another benefit?",yes,"If unused, such personal business leave shall be accumulated as sick leave, but not subject to annual sick leave conversion.",46,high,
baltimore_city_public_school_system__baltimore_city_public_schools_2021_2023__51cdfe55,Baltimore_City_Public_Schools_2021-2023.pdf,leave_bereavement_days_007,leave,How many bereavement leave days are available?,4 paid days for immediate relatives/household; 1 paid day for other relatives; additional days may be charged to personal business leave without loss of pay.,"the employee shall be granted a leave of absence without loss of pay for a period not exceeding four (4) consecutive working days beginning with the date of death... In the case of the death of a relative not mentioned in Paragraph A above, the employee shall be granted a one (1) day leave of absence with no loss of pay",49,high,
baltimore_city_public_school_system__baltimore_city_public_schools_2021_2023__51cdfe55,Baltimore_City_Public_Schools_2021-2023.pdf,leave_bereavement_relatives_008,leave,Which relatives or household members are covered by bereavement leave?,"Parent, grandparent, father/mother-in-law, son/daughter-in-law, brother, sister, husband, wife, child, grandchild (including step, half-blood, or foster), and immediate household members.","death of a parent, grandparent, father-in-law, mother-in-law, son-in-law, daughter-in-law, brother, sister, husband, wife, child or grandchild (including those in this group who are step, half-blood or foster relations), or in the case of the death of a member of the immediate household",49,high,
baltimore_city_public_school_system__baltimore_city_public_schools_2021_2023__51cdfe55,Baltimore_City_Public_Schools_2021-2023.pdf,leave_parental_paid_009,leave,"Does the document provide paid parental, bonding, maternity, paternity, or adoption leave beyond accrued sick leave?",no,The absence shall be charged to accumulated sick leave. / Teachers shall at their request be granted a leave of absence without pay for child-bearing and/or child-rearing,44,high,
baltimore_city_public_school_system__baltimore_city_public_schools_2021_2023__51cdfe55,Baltimore_City_Public_Schools_2021-2023.pdf,leave_pregnancy_disability_010,leave,"Does the document address pregnancy, childbirth, or temporary disability leave?",yes,"Teachers shall, at their request, be allowed to use sick leave for absence due to disability connected with or resulting from childbirth. The Board and the Union recognize that there is a presumption that this disability will occur in most cases for a period of four (4) weeks before and six (6) weeks after delivery.",43,high,
baltimore_city_public_school_system__baltimore_city_public_schools_2021_2023__51cdfe55,Baltimore_City_Public_Schools_2021-2023.pdf,leave_adoption_childcare_011,leave,"Does the document provide adoption, child care, or bonding leave?",yes,A full time teacher shall have four (4) weeks for adoption beginning with the day the child is received. The absence shall be charged to accumulated sick leave. / Teachers shall at their request be granted a leave of absence without pay for child-bearing and/or child-rearing for such period of time as they specify but not to exceed one (1) year.,44,high,
baltimore_city_public_school_system__baltimore_city_public_schools_2021_2023__51cdfe55,Baltimore_City_Public_Schools_2021-2023.pdf,leave_fmla_012,leave,Does the document discuss Family and Medical Leave Act rights or equivalent family medical leave?,yes,"In the event an employee eligible under the FMLA or military leave is on leave without pay for personal illness, the Employer shall continue to pay its share of the cost of Blue Cross/Blue Shield PPN, Blue Cross/Blue Shield POS and HMO coverage for a period not to exceed ninety (90) days, provided the affected employee continues to assume his appropriate contribution for said coverage.",24,high,
baltimore_city_public_school_system__baltimore_city_public_schools_2021_2023__51cdfe55,Baltimore_City_Public_Schools_2021-2023.pdf,leave_absence_reporting_013,leave,Does the document specify absence reporting or substitute-request procedures for teachers?,yes,"Members of the bargaining unit, unable to report to work, will be able to call the pertinent information to a particular telephone number established for this purpose.",30,high,
baltimore_city_public_school_system__baltimore_city_public_schools_2021_2023__51cdfe55,Baltimore_City_Public_Schools_2021-2023.pdf,workload_work_year_days_001,workload,How many teacher work days or duty days are required in the regular work year?,190,The length of the school year shall be a maximum of one hundred and ninety (190) days for teachers.,27,high,
baltimore_city_public_school_system__baltimore_city_public_schools_2021_2023__51cdfe55,Baltimore_City_Public_Schools_2021-2023.pdf,workload_workday_length_002,workload,What is the required length of the teacher workday?,7 hours and 5 minutes,The length of the school day shall be seven (7) hours and five (5) minutes inclusive of the arrival and departure time.,28,high,
baltimore_city_public_school_system__baltimore_city_public_schools_2021_2023__51cdfe55,Baltimore_City_Public_Schools_2021-2023.pdf,workload_prep_guarantee_003,workload,Does the document guarantee teacher planning or preparation time?,yes,The Board will provide three (3) forty-five (45) minute preparation periods per week for all elementary school teachers.,29,high,
baltimore_city_public_school_system__baltimore_city_public_schools_2021_2023__51cdfe55,Baltimore_City_Public_Schools_2021-2023.pdf,workload_prep_minutes_004,workload,How much planning or preparation time is guaranteed?,3 periods of 45 minutes per week for elementary teachers; 5 or 10 periods of 45 minutes per week for secondary teachers depending on schedule,"The Board will provide three (3) forty-five (45) minute preparation periods per week for all elementary school teachers. / Preparation Periods Per week: 10, 5, 5, 5",28-29,high,
baltimore_city_public_school_system__baltimore_city_public_schools_2021_2023__51cdfe55,Baltimore_City_Public_Schools_2021-2023.pdf,workload_prep_protected_005,workload,"Does the document restrict use of planning time for meetings, coverage, or other duties?",yes,The teacher shall not be assigned any other duty at that period.,29,high,
baltimore_city_public_school_system__baltimore_city_public_schools_2021_2023__51cdfe55,Baltimore_City_Public_Schools_2021-2023.pdf,workload_lunch_duty_free_006,workload,Does the document guarantee a duty-free lunch?,yes,"Every teacher in the elementary and secondary school shall be entitled to a daily, duty-free, uninterrupted forty-five (45) minute lunch period",29,high,
baltimore_city_public_school_system__baltimore_city_public_schools_2021_2023__51cdfe55,Baltimore_City_Public_Schools_2021-2023.pdf,workload_lunch_minutes_007,workload,How many minutes is the lunch period?,45 minutes (minimum 30 minutes),"Every teacher in the elementary and secondary school shall be entitled to a daily, duty-free, uninterrupted forty-five (45) minute lunch period; but where the pupils have a regular lunch period of less than forty-five (45) minutes due to modular scheduling, the duty-free period shall coincide with such regular periods of less than forty-five (45) minutes... However, in no event shall employees have less than a thirty (30) minute duty-free, uninterrupted lunch period unless the students have a regular lunch period of less than thirty (30) minutes, in which case the duty-free period shall be the same as the regular lunch period.",29,high,
baltimore_city_public_school_system__baltimore_city_public_schools_2021_2023__51cdfe55,Baltimore_City_Public_Schools_2021-2023.pdf,workload_meetings_limits_008,workload,"Does the document limit required faculty, staff, department, or PLC meetings?",yes,Teachers shall be required to attend one (1) faculty meeting per month for no more than one (1) hour in length.,31,high,
baltimore_city_public_school_system__baltimore_city_public_schools_2021_2023__51cdfe55,Baltimore_City_Public_Schools_2021-2023.pdf,workload_nonteaching_duties_009,workload,"Does the document describe non-teaching duties such as supervision, lunch duty, bus duty, hall duty, or clerical duties?",yes,"Therefore, the Board agrees that teachers shall not be required to perform the following: School cafeteria duty, Before-and after-school playground duty, Lunchtime playground duty, Collection of money for insurance, savings stamps, charities, and PTA dues, Accessioning library books, School-wide detention duty, Lavatory duty, Office duty, The duplication of school-wide or departmental teaching materials.",29,high,
baltimore_city_public_school_system__baltimore_city_public_schools_2021_2023__51cdfe55,Baltimore_City_Public_Schools_2021-2023.pdf,class_size_limits_001,class size,"Does the document include class-size limits, caps, goals, or review procedures?",yes,Pupil-teacher ratios/class size shall be established by BCPSS each year based upon financial and student needs. Class size as reported in the budget shall be posted.,29,high,
baltimore_city_public_school_system__baltimore_city_public_schools_2021_2023__51cdfe55,Baltimore_City_Public_Schools_2021-2023.pdf,class_elementary_max_002,class size,What elementary class-size maximums or targets are stated?,not_discussed,,not_applicable,high,
baltimore_city_public_school_system__baltimore_city_public_schools_2021_2023__51cdfe55,Baltimore_City_Public_Schools_2021-2023.pdf,class_secondary_max_003,class size,What middle or high school class-size maximums or targets are stated?,not_discussed,,not_applicable,high,
baltimore_city_public_school_system__baltimore_city_public_schools_2021_2023__51cdfe55,Baltimore_City_Public_Schools_2021-2023.pdf,class_overage_remedy_004,class size,Does the document provide remedies when class-size limits are exceeded?,not_discussed,,not_applicable,high,
baltimore_city_public_school_system__baltimore_city_public_schools_2021_2023__51cdfe55,Baltimore_City_Public_Schools_2021-2023.pdf,evaluation_procedure_001,evaluation,Does the document describe teacher evaluation procedures?,"Reference only; Article V, Section 5.2 (BPPSLP) and Article II, Section 2.17 reference evaluations and rating credits, but do not outline a full procedure.","Create and oversee a system for ensuring reliability and validity of evaluations conducted by principals including, but not limited to observations of teaching to ensure inter-rater reliability.","14, 16",high,
baltimore_city_public_school_system__baltimore_city_public_schools_2021_2023__51cdfe55,Baltimore_City_Public_Schools_2021-2023.pdf,evaluation_system_002,evaluation,"What evaluation system, framework, or model is named?","Baltimore Professional Practices and Student Learning Program (BPPSLP), aligned with professional teaching standards.",“Baltimore Professional Practices and Student Learning Program (BPPSLP)” is the program developed by the Board and the Union to encourage teacher and staff leadership,"3, 14",high,
baltimore_city_public_school_system__baltimore_city_public_schools_2021_2023__51cdfe55,Baltimore_City_Public_Schools_2021-2023.pdf,evaluation_observation_count_003,evaluation,How many formal observations are required?,At least one (specifically for unsatisfactory evaluations),The principal will make every effort to perform at least one classroom observation in the case of an unsatisfactory evaluation.,35,high,
baltimore_city_public_school_system__baltimore_city_public_schools_2021_2023__51cdfe55,Baltimore_City_Public_Schools_2021-2023.pdf,evaluation_observation_duration_004,evaluation,Does the document specify observation duration or minimum length?,not_discussed,,not_discussed,high,
baltimore_city_public_school_system__baltimore_city_public_schools_2021_2023__51cdfe55,Baltimore_City_Public_Schools_2021-2023.pdf,evaluation_ratings_005,evaluation,What rating categories or performance levels are used?,"Proficient, Highly Effective, Satisfactory, Effective, Unsatisfactory, Developing, and Administrative Satisfactory/Effective.",Highest rating on Evaluation ( Proficient or Highly Effective) = 12 AUs / Second highest or middle rating on Evaluation (Satisfactory or Effective) = 9 AUs / Any rating above Unsatisfactory or lowest rating (Developing) that requires support or intervention = 3 AUs / Failure of Principal to Issue an Annual Evaluation within contractual time limits Results in an Effective Rating,16,high,
baltimore_city_public_school_system__baltimore_city_public_schools_2021_2023__51cdfe55,Baltimore_City_Public_Schools_2021-2023.pdf,evaluation_student_growth_006,evaluation,"Does the evaluation use student growth, test scores, value-added, or student outcomes?",not_discussed,,not_discussed,high,
baltimore_city_public_school_system__baltimore_city_public_schools_2021_2023__51cdfe55,Baltimore_City_Public_Schools_2021-2023.pdf,evaluation_improvement_plan_007,evaluation,"Does the document describe improvement plans, remediation plans, or professional support plans for low-rated teachers?",not_discussed,,not_applicable,high,
baltimore_city_public_school_system__baltimore_city_public_schools_2021_2023__51cdfe55,Baltimore_City_Public_Schools_2021-2023.pdf,evaluation_consequences_008,evaluation,"Does the document state how evaluation results are used in decisions about tenure, layoff priority, transfers, or compensation?",yes,AU Credit for Annual Evaluation / Highest rating on Evaluation ( Proficient or Highly Effective) = 12 AUs / Second highest or middle rating on Evaluation (Satisfactory or Effective) = 9 AUs ... Interval movement within all Pathways requires 12 AUs,15,high,
baltimore_city_public_school_system__baltimore_city_public_schools_2021_2023__51cdfe55,Baltimore_City_Public_Schools_2021-2023.pdf,security_probation_001,job security,"Does the document define probationary, provisional, temporary, permanent, tenure, or continuing contract status?",yes,“Tenure” is the expectation of continued employment by the Board after completing a probationary period that is governed under the terms of the Regular Teacher Contract set forth in COMAR and Education Article Sections 6-201(f) and 6-202. / A temporary employee excluded from the bargaining unit is one who is hired for a period of up to six (6) months...,2,high,
baltimore_city_public_school_system__baltimore_city_public_schools_2021_2023__51cdfe55,Baltimore_City_Public_Schools_2021-2023.pdf,security_nonrenewal_002,job security,"Does the document state nonrenewal notice, hearing, or appeal rules?",no,,not_discussed,high,
baltimore_city_public_school_system__baltimore_city_public_schools_2021_2023__51cdfe55,Baltimore_City_Public_Schools_2021-2023.pdf,security_seniority_definition_003,seniority,Does the document define seniority?,yes,“System-wide seniority” is based upon the length of continuous service as calculated from the date of appointment as a full-time teacher in the Baltimore City Public School System.,3,high,
baltimore_city_public_school_system__baltimore_city_public_schools_2021_2023__51cdfe55,Baltimore_City_Public_Schools_2021-2023.pdf,security_voluntary_transfer_004,transfers,"What are the voluntary transfer procedures, if any?","The document outlines a voluntary transfer process with a 'window of mutual consent' of at least 60 days (ending no earlier than May 1). Eligible employees (any rating other than lowest) use an electronic process to indicate interest. The Human Capital Office provides lists of interested employees and vacant positions. Applications are accepted for at least 70% of the window, and a talent fair is hosted. Transfers cannot be denied due to budget locks or arbitrary reasons.",10.1 Voluntary Transfers There shall be a voluntary transfer process each year. It shall contain a period (window of mutual consent) of at least sixty (60) days which shall not end prior to May 1... All bargaining unit members who have received a rating other than the lowest possible rating on their most recent performance evaluation shall be eligible...,37,high,
baltimore_city_public_school_system__baltimore_city_public_schools_2021_2023__51cdfe55,Baltimore_City_Public_Schools_2021-2023.pdf,security_involuntary_transfer_005,transfers,Does the document describe involuntary transfer or reassignment procedures?,yes,10.2 Involuntary Transfers Involuntary transfers shall be made in such a way as to prevent undue disruptions... Teachers shall be notified of a transfer at least ten (10) school days prior to the effective date of the transfer... A teacher may request a meeting... within three (3) school days... placed in a surplus status...,37-38,high,
baltimore_city_public_school_system__baltimore_city_public_schools_2021_2023__51cdfe55,Baltimore_City_Public_Schools_2021-2023.pdf,security_rif_006,layoffs,"What are the layoff, reduction in force, retrenchment, or staff reduction procedures, if any?","For Department Heads, elimination of a position due to staff reduction places the employee on layoff status for that position only. Recall takes priority before hiring a replacement. Vacancies are filled based on qualifications and seniority. No broader RIF procedure is detailed in this section.","If as a result of reduction in the number of full-time staff, a Department Head position is eliminated said Department Head shall be considered on layoff status for said position only. No other employee shall be hired as a Department Head until the Department Heads in the same school on layoff status have been recalled, have declined and/or have failed to accept a recall. The fillings of said vacancy shall be based on qualifications and seniority.",54,medium,
baltimore_city_public_school_system__baltimore_city_public_schools_2021_2023__51cdfe55,Baltimore_City_Public_Schools_2021-2023.pdf,security_recall_007,layoffs,Does the document provide recall or callback rights after layoff?,yes,"The right to recall shall expire two (2) years after the date of layoff. ... The Board shall give each employee notice of recall either by certified or registered mail to the last known address supplied by the employee, and the employee must respond to such notice in some verifiable manner within fourteen (14) days after receipt thereof.",26,high,
baltimore_city_public_school_system__baltimore_city_public_schools_2021_2023__51cdfe55,Baltimore_City_Public_Schools_2021-2023.pdf,security_rif_criterion_008,layoffs,What is the primary criterion for determining the order of layoff among teachers?,"certification, qualifications, and system-wide seniority (least seniority laid off first)","educational personnel shall be laid off solely on the basis of certification in the subject field assignment, qualifications, and on system-wide seniority counted from the most recent date of employment. The employee with the least amount of seniority shall be identified for layoff.",26,high,
baltimore_city_public_school_system__baltimore_city_public_schools_2021_2023__51cdfe55,Baltimore_City_Public_Schools_2021-2023.pdf,security_probation_length_009,job security,What is the probationary or provisional period before tenure or continuing status?,two (2) years,two (2) years of provisional service to election,46,medium,"Cited page 46 falls outside the provided document text (which ends at page 42). Preserved 'yes' answer, but confidence reduced due to unverifiable citation."
baltimore_city_public_school_system__baltimore_city_public_schools_2021_2023__51cdfe55,Baltimore_City_Public_Schools_2021-2023.pdf,security_tenure_rules_010,job security,"Does the document describe tenure, continuing contract, or permanent status rights?",yes,"Tenured teachers will be recalled first in reverse order of layoff. ... Any employee who has been laid off in accordance with the layoff procedures and is recalled shall be resumed to his position or a vacant position with all the rights and benefits due him prior to his layoff. This shall include, but not be limited to, seniority status and tenure.",26,high,Upgraded confidence from medium to high as the evidence explicitly and unambiguously confirms tenure rights and procedures.
baltimore_city_public_school_system__baltimore_city_public_schools_2021_2023__51cdfe55,Baltimore_City_Public_Schools_2021-2023.pdf,security_certification_011,job security,"Does the document state teacher certification, licensure, endorsement, or renewal requirements?",yes,educational personnel shall be laid off solely on the basis of certification in the subject field assignment... an individual employee’s second endorsement shall apply if the employee has teaching experience in the area of second endorsement... RSP’s who are at the top of the scale in a Pathway and hold a license in lieu of a certificate will receive 1% increase once every five (5) years by providing a copy of their current valid license,26,high,
baltimore_city_public_school_system__baltimore_city_public_schools_2021_2023__51cdfe55,Baltimore_City_Public_Schools_2021-2023.pdf,discipline_just_cause_001,discipline,"Does the document require just cause, proper cause, or cause for teacher discipline or dismissal?",yes,"No teacher shall be disciplined, reduced in rank or compensation, suspended, or discharged without just cause.",50,high,
baltimore_city_public_school_system__baltimore_city_public_schools_2021_2023__51cdfe55,Baltimore_City_Public_Schools_2021-2023.pdf,discipline_dismissal_002,discipline,"Does the document describe dismissal, termination, discharge, or contract cancellation procedures?",yes,All discipline shall take place at a meeting called for that purpose. Teachers shall have the right to have a union representative present at any such meeting. The BTU shall be sent a copy of all statements of charges for suspension or dismissal at the same time the statement of charges is mailed to the employee.,50,high,
baltimore_city_public_school_system__baltimore_city_public_schools_2021_2023__51cdfe55,Baltimore_City_Public_Schools_2021-2023.pdf,conduct_outside_employment_001,teacher rights and conduct,"Does the document restrict outside employment, tutoring, or conflicts of interest?",not_discussed,,not_applicable,high,
baltimore_city_public_school_system__baltimore_city_public_schools_2021_2023__51cdfe55,Baltimore_City_Public_Schools_2021-2023.pdf,conduct_ethics_002,teacher rights and conduct,"Does the document include a code of ethics, standards of conduct, or professional responsibility rules?",not_discussed,,not_applicable,high,
baltimore_city_public_school_system__baltimore_city_public_schools_2021_2023__51cdfe55,Baltimore_City_Public_Schools_2021-2023.pdf,conduct_drug_alcohol_003,teacher rights and conduct,"Does the document include drug-free workplace, alcohol, or substance-abuse rules?",yes,"The Board shall institute an EAP program which provides for mental health counseling, treatment for alcohol and drug abuse and treatment for stress-related illness. These services shall be available on a voluntary basis and without cost to the employee although, if voluntary, they may be funded in part by the employee’s health insurance benefits under 5.2 of this Agreement.",40,medium,
baltimore_city_public_school_system__baltimore_city_public_schools_2021_2023__51cdfe55,Baltimore_City_Public_Schools_2021-2023.pdf,conduct_social_media_005,teacher rights and conduct,Does the document regulate employee social media use?,not_discussed,,not_applicable,high,
baltimore_city_public_school_system__baltimore_city_public_schools_2021_2023__51cdfe55,Baltimore_City_Public_Schools_2021-2023.pdf,conduct_acceptable_use_006,teacher rights and conduct,"Does the document include acceptable-use, email, internet, or network technology rules for employees?",not_discussed,,not_applicable,high,
baltimore_city_public_school_system__baltimore_city_public_schools_2021_2023__51cdfe55,Baltimore_City_Public_Schools_2021-2023.pdf,conduct_academic_freedom_007,teacher rights and conduct,Does the document protect academic freedom or personal academic views?,yes,Teachers will be assured freedom of individual expression and protection from censorship or restraint which might interfere with their obligation to present fairly all sides of issues in their teaching functions.,38,high,
baltimore_city_public_school_system__baltimore_city_public_schools_2021_2023__51cdfe55,Baltimore_City_Public_Schools_2021-2023.pdf,conduct_curriculum_autonomy_008,teacher rights and conduct,"Does the document address teacher discretion over curriculum, lesson content, methods, or instructional materials?",yes,Selection of instructional materials for each school shall be made by a committee of teachers chosen by the faculty within that school.,34,high,
baltimore_city_public_school_system__baltimore_city_public_schools_2021_2023__51cdfe55,Baltimore_City_Public_Schools_2021-2023.pdf,conduct_lesson_plans_009,teacher rights and conduct,Does the document require lesson plans or specify lesson-plan submission rules?,yes,Teachers responsible for the instruction of students shall prepare lesson plans as an essential part of their teaching responsibilities. The format and organization of lesson plans are best determined by the individual teacher.,31,high,
baltimore_city_public_school_system__baltimore_city_public_schools_2021_2023__51cdfe55,Baltimore_City_Public_Schools_2021-2023.pdf,conduct_political_activity_010,teacher rights and conduct,Does the document restrict or protect political activity by teachers?,not_discussed,,not_discussed,high,
baltimore_city_public_school_system__baltimore_city_public_schools_2021_2023__51cdfe55,Baltimore_City_Public_Schools_2021-2023.pdf,conduct_non_duty_hours_011,teacher rights and conduct,Does the document protect teachers' personal affairs or conduct during non-duty hours?,yes,The Board will continue to recognize that the personal life of a teacher is not an appropriate concern and shall not warrant the attention of the Board except as it may directly prevent the teacher from performing properly his assigned functions during the work day.,38,high,
baltimore_city_public_school_system__baltimore_city_public_schools_2021_2023__51cdfe55,Baltimore_City_Public_Schools_2021-2023.pdf,safety_health_committee_001,safety and working conditions,Does the document include health and safety provisions or a safety committee?,yes,"""The Joint Health Insurance Committee, named by the Board and named by the Union shall be established to review and report on quarterly usage and cost reports... On a quarterly basis, the Health Insurance Program shall send to the Union all utilization, expenditures and financial data. The Board and the Union shall begin to jointly develop and implement a jointly administered wellness plan... C. Joint Health and Welfare Labor Study Committee... To eliminate problems within the school related to safety and/or discipline, the teachers and the principals will meet to develop a plan.""","24, 25, 29",high,
baltimore_city_public_school_system__baltimore_city_public_schools_2021_2023__51cdfe55,Baltimore_City_Public_Schools_2021-2023.pdf,safety_assault_protection_002,safety and working conditions,Does the document provide teacher assault protections or procedures after assault?,yes,"If a teacher, in connection with his employment, is subjected to assault or battery, he shall immediately report the incident and the circumstances to his Principal. A student involved in an assault on a teacher may be removed from the school by the Principal or other appropriate administrator... If criminal or civil proceedings are brought against any teacher... the Board shall furnish... legal counsel",39,high,
baltimore_city_public_school_system__baltimore_city_public_schools_2021_2023__51cdfe55,Baltimore_City_Public_Schools_2021-2023.pdf,safety_student_discipline_003,safety and working conditions,Does the document describe student discipline or behavior-management procedures affecting teachers?,yes,"17.2 Student Discipline Committee... The Board and the Union shall form a committee composed of five (5) individuals appointed by the Union and five (5) individuals appointed by the CEO and five (5) students selected by ASCBC for the purpose of considering issues related to student culture, climate, equity, social justice, and discipline.",51,medium,"Evidence quotes Section 17.2 (p. 51), which falls outside the provided document text cutoff (ends at p. 42). Answer preserved based on quoted text, but confidence lowered due to missing source pages."
baltimore_city_public_school_system__baltimore_city_public_schools_2021_2023__51cdfe55,Baltimore_City_Public_Schools_2021-2023.pdf,safety_remove_student_004,safety and working conditions,Does the document state a teacher's authority to remove a student from class?,yes,"17.3 Classroom Discipline... there may be times when a student’s behavior is disruptive to the educational program, and in such situations the teacher may remove the student from the classroom and refer the student to the Principal or his designee. The student will not be returned to the referring teacher’s classroom until the principal or his designee has discussed the student’s misbehavior with the teacher at the earliest mutually agreed upon time.",52,medium,"Evidence quotes Section 17.3 (p. 52), which falls outside the provided document text cutoff (ends at p. 42). Answer preserved based on quoted text, but confidence lowered due to missing source pages."
baltimore_city_public_school_system__baltimore_city_public_schools_2021_2023__51cdfe55,Baltimore_City_Public_Schools_2021-2023.pdf,safety_emergency_closure_005,safety and working conditions,"Does the document address emergency, lockdown, inclement weather, or school closure procedures for staff?",yes,"In the event that a school must be closed due to emergencies resulting from unforeseen problems with the physical plant, BCPSS shall make reasonable effort to notify teachers of their alternate assignments before reporting time. In the event that all schools are closed due to a weather or other emergency, employees assigned to School Headquarters at North Avenue may take liberal leave if School Headquarters is open.",35,high,
baltimore_city_public_school_system__baltimore_city_public_schools_2021_2023__51cdfe55,Baltimore_City_Public_Schools_2021-2023.pdf,safety_environment_006,safety and working conditions,"Does the document address physical working conditions such as temperature, ventilation, air quality, cleanliness, acoustics, or construction disruption?",yes,"The Board shall be responsible for maintaining a standard of cleanliness in each teacher’s classroom. BCPSS shall adhere to OSHA guidelines on mold. If any mold growth is found, it shall be promptly remediated pursuant to OSHA guidelines.",34,high,
baltimore_city_public_school_system__baltimore_city_public_schools_2021_2023__51cdfe55,Baltimore_City_Public_Schools_2021-2023.pdf,safety_security_measures_007,safety and working conditions,"Does the document mention security staff, building access, visitor controls, cameras, or personal security measures?",yes,"The present policy for visitors in the school building shall continue in effect. This policy provides for visitor registration, proof of identification and statement of business, under penalty of law (cf. Baltimore City Code Article 18, Section 1-38). Teachers shall be notified prior to visitors being sent to the classroom. Efforts will be made to escort visitors when appropriate. ... The Board shall continue to institute safety procedures including visitor passes, school police officers, when appropriate, student identification badges in senior high schools and any other preventive measures including adequate and operational public address systems in every school.",40,high,
baltimore_city_public_school_system__baltimore_city_public_schools_2021_2023__51cdfe55,Baltimore_City_Public_Schools_2021-2023.pdf,safety_weapons_008,safety and working conditions,Does the document state employee obligations or restrictions related to weapons on school property?,not_discussed,,not_applicable,high,"Changed to not_discussed. The document does not mention weapons, firearms, or specific employee obligations/restrictions related to weapons on school property."
baltimore_city_public_school_system__baltimore_city_public_schools_2021_2023__51cdfe55,Baltimore_City_Public_Schools_2021-2023.pdf,pd_new_teacher_mentoring_001,professional development,"Does the document provide mentoring, induction, orientation, or support for new teachers?",yes,In addition to their annual salary new teachers shall receive $35 per hour in school year 2021-2022 and $36 per hour in school year 2022-2023 for required attendance during the orientation week prior to the opening of the school year.,12,high,
baltimore_city_public_school_system__baltimore_city_public_schools_2021_2023__51cdfe55,Baltimore_City_Public_Schools_2021-2023.pdf,pd_teacher_leadership_002,professional development,"Does the document create teacher leadership roles, instructional coaches, councils, or committees tied to professional practice?",yes,"Unit members include 'department heads,' 'master teachers, academic coaches... teacher – mentor, teacher – staff developer.' Supplemental salary schedules remain in effect... e.g. coaches, clinicians, department heads, etc.",3,high,
baltimore_city_public_school_system__baltimore_city_public_schools_2021_2023__51cdfe55,Baltimore_City_Public_Schools_2021-2023.pdf,pd_career_ladder_003,professional development,"Does the document include a career ladder, teacher advancement pathway, or differentiated career roles?",yes,"Career Pathways are called Standard, Professional, Model and Lead. Interval movement within all Pathways requires 12 AUs... For an employee to move beyond the Professional Pathway to Model or Lead teacher he or she must obtain approval by the Professional Peer Review Committee. Lead Teacher is a promotional opportunity.",15,high,
broward_county_public_schools__broward_teachers_u_contract_2011_2014__aca1af17,Broward_Teachers_U_Contract_2011_2014.pdf,meta_doc_type_001,document metadata,What type of district document is this PDF?,CBA,COLLECTIVE BARGAINING AGREEMENT,1-1,high,
broward_county_public_schools__broward_teachers_u_contract_2011_2014__aca1af17,Broward_Teachers_U_Contract_2011_2014.pdf,meta_effective_dates_002,document metadata,What school years or effective dates does the document cover?,"August 16, 2011 – August 15, 2014","August 16, 2011 — August 15, 2014",1-1,high,"Updated page from empty to 1-1, as the date appears on the title page."
broward_county_public_schools__broward_teachers_u_contract_2011_2014__aca1af17,Broward_Teachers_U_Contract_2011_2014.pdf,meta_bargaining_unit_003,document metadata,Which employee group or bargaining unit is covered?,"Certificated/instructional employees, including classroom teachers, librarians, media specialists, counselors, psychologists, and other listed staff","CLASSROOM TEACHERS, (including Full-Time Adult General and Adult Vocational Education Teachers), Librarians, Media Specialists... Guidance Counselors... Psychologists",2-1,high,
broward_county_public_schools__broward_teachers_u_contract_2011_2014__aca1af17,Broward_Teachers_U_Contract_2011_2014.pdf,meta_document_scope_004,document metadata,"Does the document state that it is binding, advisory, summary-only, or not a contract?",binding agreement,This Agreement is entered into by and between the School Board of Broward County (hereinafter referred to as the Board) and the Broward Teachers Union (hereinafter referred to as the BTU),1-1,high,
broward_county_public_schools__broward_teachers_u_contract_2011_2014__aca1af17,Broward_Teachers_U_Contract_2011_2014.pdf,meta_text_usability_005,document metadata,Is the PDF text extractable enough for reliable coding?,usable,Bargaining unit members may recommend the name of a non-qualified unit,9-1,high,
broward_county_public_schools__broward_teachers_u_contract_2011_2014__aca1af17,Broward_Teachers_U_Contract_2011_2014.pdf,meta_cites_state_law_006,document metadata,"Does the document cite any state laws, statutes, or administrative codes?",yes,as required by F.S. 1012.42.,4-1,high,
broward_county_public_schools__broward_teachers_u_contract_2011_2014__aca1af17,Broward_Teachers_U_Contract_2011_2014.pdf,meta_state_law_citations_007,document metadata,Quote all sentences citing state laws or statutes.,"The Board agrees to provide the BTU one copy of the ""out-of-field"" report annually as required by F.S. 1012.42.

As provided by statute, within thirty (30) days after the start of each school year, employees shall be notified in writing of their right to provide input into their administrator’s annual performance assessments.

The district shall comply with all provisions of F.S. 1006.062, Medical Procedures.

In addition, the Board shall assist the principal, employee and/or other school staff members in bringing about penalties for the disruption of school functions or assault or battery upon the instructional staff as set forth under Florida Statute 1006.145 and 784.081.","The Board agrees to provide the BTU one copy of the ""out-of-field"" report annually as required by F.S. 1012.42.

As provided by statute, within thirty (30) days after the start of each school year, employees shall be notified in writing of their right to provide input into their administrator’s annual performance assessments.

The district shall comply with all provisions of F.S. 1006.062, Medical Procedures.

In addition, the Board shall assist the principal, employee and/or other school staff members in bringing about penalties for the disruption of school functions or assault or battery upon the instructional staff as set forth under Florida Statute 1006.145 and 784.081.","4-1, 5-9, 7-3, 11-2",high,"Stage 1 missed several explicit state law citations present in the provided text. Updated answer and evidence to include F.S. 1006.062 (Article 7, Section I) and Florida Statutes 1006.145 and 784.081 (Article 11, Section D). Updated page references accordingly."
broward_county_public_schools__broward_teachers_u_contract_2011_2014__aca1af17,Broward_Teachers_U_Contract_2011_2014.pdf,meta_cites_federal_law_008,document metadata,"Quote all sentences citing federal laws, statutes, or regulations.","The waiver procedures for policies, State Board rules, Florida Statutes, Federal laws, collective bargaining agreements, etc., are contained in the district's Accountability Policy.","The waiver procedures for policies, State Board rules, Florida Statutes, Federal laws, collective bargaining agreements, etc., are contained in the district's Accountability Policy.",15-3,high,Document excerpt provided ends prior to page 15. Preserved Stage 1 extraction as the quoted sentence explicitly references Federal laws and directly answers the prompt.
broward_county_public_schools__broward_teachers_u_contract_2011_2014__aca1af17,Broward_Teachers_U_Contract_2011_2014.pdf,meta_federal_law_citations_009,document metadata,Which federal laws or statutes are cited?,Family and Medical Leave Act (FMLA) of 1993; Americans with Disabilities Act (ADA) of 1990; selective service law,Family and Medical Leave Act (FMLA) of 1993,23-17,medium,"Document excerpt provided ends prior to page 23. Verified evidence only covers the FMLA citation. Cannot verify ADA and selective service law citations in the provided text, but preserved Stage 1 answer as specific and direct."
broward_county_public_schools__broward_teachers_u_contract_2011_2014__aca1af17,Broward_Teachers_U_Contract_2011_2014.pdf,pay_salary_schedule_001,compensation,Does the document include a teacher salary schedule or salary scale?,yes. Appendix E contains the schedule for bargaining unit employees; specific title and year are not detailed in this section.,"The basic salaries of employees shall be as set forth in Appendix E, which is attached to and incorporated in this Agreement for the full number of workdays in accordance with Article Twenty-Seven.",19-1,high,
broward_county_public_schools__broward_teachers_u_contract_2011_2014__aca1af17,Broward_Teachers_U_Contract_2011_2014.pdf,pay_salary_schedule_002,compensation,What year or years does the salary schedule cover?,2009-2010 and 2011-2012,"2009-20102011-2012 SCHOOL YEAR, Effective the first day of each employee’s 2009-20102011-2012 work calendar.",E-1,high,
broward_county_public_schools__broward_teachers_u_contract_2011_2014__aca1af17,Broward_Teachers_U_Contract_2011_2014.pdf,pay_step_increment_003,compensation,Does the document explain annual step advancement or salary increments?,yes,"During the seventh year of the contract, employees who worked one (1) day more than half of their assigned work calendar in a school year shall advance one (1) step on the salary schedule, the first day of each employee’s subsequent work calendar.",E-1,high,
broward_county_public_schools__broward_teachers_u_contract_2011_2014__aca1af17,Broward_Teachers_U_Contract_2011_2014.pdf,pay_prior_experience_005,compensation,Does the document state how prior teaching experience is credited for salary placement?,"yes. Credit is granted for Florida teaching, accredited district teaching, Peace Corps/VISTA, and substitute service (half-day+ counts as a year). Verification must be submitted to HR within four months of employment.","Credit for Teaching Experience: Effective July 1, 2002, pursuant to Florida State Statute all newly hired eligible employees shall receive experience credit for all previous teaching experience in the State of Florida or other teaching experience in a school district accredited by a recognized accrediting agency. Verification of previous employment must be received by the Division of Human Resources not later than four (4) months from the beginning date of employment... Verified remunerated teaching experience under contract, or its equivalent, for one (1) day more than half the contract calendar will constitute a year of experience... Recognized programs including Peace Corps, VISTA, shall be uniformly accepted in lieu of teaching experience if related to the assigned position","19-2, 19-4",high,"Updated evidence to comprehensively cover all credit categories, verification deadline, and substitute service rules explicitly stated in Articles 19-E and 19-H."
broward_county_public_schools__broward_teachers_u_contract_2011_2014__aca1af17,Broward_Teachers_U_Contract_2011_2014.pdf,pay_performance_pay_006,compensation,"Does the document include performance pay, merit pay, or evaluation-based compensation?",yes,"In compliance with Florida Statutes, the parties have agreed to implement a performance based pay program for instructional personnel. This program shall allow instructional personnel who demonstrate outstanding performance as defined by statute to earn a monetary supplement in addition to their individual, negotiated salary.",18-21,high,
broward_county_public_schools__broward_teachers_u_contract_2011_2014__aca1af17,Broward_Teachers_U_Contract_2011_2014.pdf,pay_performance_pay_007,compensation,How are teachers evaluated for purposes of performance-based pay eligibility?,"satisfactory performance ratings for the most recent three years, as well as the current year","In order to be eligible for this supplement, employees must have earned satisfactory performance ratings for their most recent three years, as well as the current year.",18-21,high,
broward_county_public_schools__broward_teachers_u_contract_2011_2014__aca1af17,Broward_Teachers_U_Contract_2011_2014.pdf,pay_cost_of_living_007,compensation,Does the document specify across-the-board raises or COLA percentages?,not_discussed,,not_applicable,high,
broward_county_public_schools__broward_teachers_u_contract_2011_2014__aca1af17,Broward_Teachers_U_Contract_2011_2014.pdf,pay_extra_duty_schedule_008,compensation,Does the document include an extra-duty or supplemental pay schedule?,yes,TEACHERS SUPPLEMENTARY PAY SCHEDULE - APPENDIX F 2011-2012 ... I. High School ... A. Department Chairperson,F-1,high,
broward_county_public_schools__broward_teachers_u_contract_2011_2014__aca1af17,Broward_Teachers_U_Contract_2011_2014.pdf,pay_hardtostaff_sped_009,compensation,"Does the document provide additional pay, stipends, or salary differentials for special education teachers?",yes,"Intervention Team Leader $2,521; ESE District & Area Monitor/Specialist $1,174; ESE Specialist $935; Itinerant Visually Impaired Teachers $3,000",F-4,high,Updated page reference to F-4 for accuracy.
broward_county_public_schools__broward_teachers_u_contract_2011_2014__aca1af17,Broward_Teachers_U_Contract_2011_2014.pdf,pay_hardtostaff_stem_010,compensation,"Does the document provide additional pay, stipends, or salary differentials for teachers in STEM subjects?",yes,"Environmental/Science Coordinator $458; Mathematics Competition $717; Science Competition $717; SECME $1,462","F-3, F-5",high,
broward_county_public_schools__broward_teachers_u_contract_2011_2014__aca1af17,Broward_Teachers_U_Contract_2011_2014.pdf,pay_hardtostaff_other_011,compensation,"Does the document provide additional pay, stipends, or salary differentials for teachers in high-need subjects or schools other than special education or STEM?",yes,"ESOL Coordinator 1-75 ESOL Students $675, 76-150 ESOL Students $900, 151 or more ESOL Students $1,150; Career Education $717","F-3, F-4",high,
broward_county_public_schools__broward_teachers_u_contract_2011_2014__aca1af17,Broward_Teachers_U_Contract_2011_2014.pdf,pay_hardtostaff_schools_012,compensation,"Does the document provide incentives specifically for teaching in hard-to-staff, high-need, Title I, or priority schools, regardless of subject?",yes,Low Performing Schools Incentive ..................................................... 19 A,8,high,
broward_county_public_schools__broward_teachers_u_contract_2011_2014__aca1af17,Broward_Teachers_U_Contract_2011_2014.pdf,pay_experience_credit_indistrict_013,compensation,Does the document specify how prior in-district teaching experience is credited for initial salary placement?,discussed_unclear,"Effective July 1, 2002, pursuant to Florida State Statute all newly hired eligible employees shall receive experience credit for all previous teaching experience in the State of Florida or other teaching experience in a school district accredited by a recognized accrediting agency.",19-1,medium,"Document mentions receipt of experience credit for prior teaching in FL or accredited districts, but does not specify exact rates or distinguish between in-district and out-of-district/in-state/out-of-state placement mechanisms."
broward_county_public_schools__broward_teachers_u_contract_2011_2014__aca1af17,Broward_Teachers_U_Contract_2011_2014.pdf,pay_experience_credit_outofdistrict_014,compensation,Does the document specify how out-of-district but in-state teaching experience is credited for salary placement?,discussed_unclear,"Effective July 1, 2002, pursuant to Florida State Statute all newly hired eligible employees shall receive experience credit for all previous teaching experience in the State of Florida or other teaching experience in a school district accredited by a recognized accrediting agency.",19-1,medium,"Document mentions receipt of experience credit for prior teaching in FL or accredited districts, but does not specify exact rates or distinguish between in-district and out-of-district/in-state/out-of-state placement mechanisms."
broward_county_public_schools__broward_teachers_u_contract_2011_2014__aca1af17,Broward_Teachers_U_Contract_2011_2014.pdf,pay_experience_credit_outofstate_015,compensation,Does the document specify how out-of-state teaching experience is credited for salary placement?,discussed_unclear,"Effective July 1, 2002, pursuant to Florida State Statute all newly hired eligible employees shall receive experience credit for all previous teaching experience in the State of Florida or other teaching experience in a school district accredited by a recognized accrediting agency.",19-1,medium,"Document mentions receipt of experience credit for prior teaching in FL or accredited districts, but does not specify exact rates or distinguish between in-district and out-of-district/in-state/out-of-state placement mechanisms."
broward_county_public_schools__broward_teachers_u_contract_2011_2014__aca1af17,Broward_Teachers_U_Contract_2011_2014.pdf,pay_experience_credit_military_public_016,compensation,Does the document credit military service or other public service for salary placement?,yes,Full credit (up to four [4] years) will be allowed for military service if under contract at the time of induction. Any employee previously granted more than four (4) years of credit for such service shall continue to receive such credit as previously granted if under contract at the time of induction. Up to an additional four (4) years of credit may be granted provided such additional years of service is related to educational responsibilities.,19-1,high,
broward_county_public_schools__broward_teachers_u_contract_2011_2014__aca1af17,Broward_Teachers_U_Contract_2011_2014.pdf,pay_national_board_017,compensation,Does the document provide extra pay for National Board certification or similar advanced certification?,"$1,000.00 one-time signing bonus","New teachers entering Broward County in 2004-2005 school year with NBPTS certification shall be awarded a one (1) time payment signing bonus of one thousand dollars and zero cents ($1,000.00) after verification by the district of their certification by January 15, 2005 retroactive to the beginning of the 2004-2005 school year.",15-6,high,"Document also references a negotiated supplement for NB certification in Article XVIII, Section O.4, but the $1,000 bonus is explicitly stated and preserves the specific answer."
broward_county_public_schools__broward_teachers_u_contract_2011_2014__aca1af17,Broward_Teachers_U_Contract_2011_2014.pdf,benefits_health_001,benefits,Does the document state that health or medical insurance is available to teachers?,"yes. Plans: Humana/VISTA PPO, Humana/VISTA HMO, and Humana Consumer Driven Plan. Eligible group: employees.",The premiums paid by the Board shall be to provide employees’ elected group health insurance plan (Humana/VISTA PPO plan or the Humana/VISTA HMO option or the Humana Consumer Driven Plan),22-1,high,
broward_county_public_schools__broward_teachers_u_contract_2011_2014__aca1af17,Broward_Teachers_U_Contract_2011_2014.pdf,benefits_health_contribution_002,benefits,What employer contribution toward health insurance is stated?,100% of premiums for HMO and Consumer Driven Plan individual coverage; straight leveling model contribution for PPO; max $10.80/month toward dental.,The Board agrees to pay 100% of the health insurance premiums for HMO and Consumer Driven Plan coverage for the individual employee... The Board agrees to implement a straight leveling model for the payment of health insurance premiums... plus a maximum of $10.80 per month toward dental insurance,22-1,high,Updated evidence to include the PPO straight leveling model provision to fully support the answer's details on employer contributions across all plan types.
broward_county_public_schools__broward_teachers_u_contract_2011_2014__aca1af17,Broward_Teachers_U_Contract_2011_2014.pdf,benefits_health_employee_premium_003,benefits,What employee health insurance premium or contribution is stated?,Employee pays any monthly premium cost above the Board's straight leveling contribution for PPO coverage; no employee cost for HMO and Consumer Driven plans.,The employee shall be responsible for paying any monthly premium cost above the Board’s straight leveling contribution based upon the PPO coverage selected by the employee. This does not include employees on HMO and Consumer Driven plan(s).,22-1,high,
broward_county_public_schools__broward_teachers_u_contract_2011_2014__aca1af17,Broward_Teachers_U_Contract_2011_2014.pdf,benefits_dependent_health_004,benefits,"Does the document mention dependent, spouse, family, or domestic partner health coverage?",yes. Covers dependent coverage in HMO (offset by 50% of PPO cost-sharing savings) and references a fourth tier for dependents/children.,"The Board agrees to utilize 50% of the savings received from the increase in cost sharing for PPO coverage to offset dependent coverage in the HMO. ... The parties agree to eliminate enrollment in the fourth tier dependent rate which is identified in insurance documents as the ""children (both spouses School Board employees employed in the same plan)""","22-2, 22-4",high,Updated evidence to explicitly cite both the HMO dependent offset provision and the fourth-tier dependent/children rate provision to fully support the coded answer.
broward_county_public_schools__broward_teachers_u_contract_2011_2014__aca1af17,Broward_Teachers_U_Contract_2011_2014.pdf,benefits_health_plan_type_005,benefits,What health plan types are described?,"HMO, PPO, Consumer Driven Plan.",Humana/VISTA PPO plan or the Humana/VISTA HMO option or the Humana Consumer Driven Plan,22-1,high,
broward_county_public_schools__broward_teachers_u_contract_2011_2014__aca1af17,Broward_Teachers_U_Contract_2011_2014.pdf,benefits_dental_006,benefits,Does the document state that dental insurance is available?,yes. Board provides up to $10.80 per month toward dental insurance.,plus a maximum of $10.80 per month toward dental insurance in accordance with the term and schedule of benefits in currently effect.,22-1,high,
broward_county_public_schools__broward_teachers_u_contract_2011_2014__aca1af17,Broward_Teachers_U_Contract_2011_2014.pdf,benefits_vision_007,benefits,Does the document state that vision or optical insurance is available?,not_discussed,,not_applicable,high,
broward_county_public_schools__broward_teachers_u_contract_2011_2014__aca1af17,Broward_Teachers_U_Contract_2011_2014.pdf,benefits_life_008,benefits,Does the document provide district-paid or voluntary life insurance?,yes,"The Board shall provide, without cost to each employee, Group Term Life Insurance equal to one and one-quarter (1 1/4) times the employee's annual salary... The employee shall have the option of purchasing at their own expense through payroll deduction, an additional amount of ""group term"" life insurance equal to that provided by the Board.",22-1,high,
broward_county_public_schools__broward_teachers_u_contract_2011_2014__aca1af17,Broward_Teachers_U_Contract_2011_2014.pdf,benefits_disability_009,benefits,Does the document mention short-term or long-term disability coverage?,yes,The Board shall provide without cost to each employee Disability Income Insurance in accordance with terms and benefits in effect.,22-3,high,
broward_county_public_schools__broward_teachers_u_contract_2011_2014__aca1af17,Broward_Teachers_U_Contract_2011_2014.pdf,benefits_retirement_contribution_010,benefits,What employer retirement or pension contribution is stated?,not_discussed,,not_applicable,high,
broward_county_public_schools__broward_teachers_u_contract_2011_2014__aca1af17,Broward_Teachers_U_Contract_2011_2014.pdf,benefits_leave_continuation_011,benefits,Does the document state whether insurance benefits continue during paid or unpaid leave?,yes,The employee's insurance benefits normally paid by the Board and provided in this Agreement will be paid by the Board while the employee is on sabbatical leave.,23-7,high,
broward_county_public_schools__broward_teachers_u_contract_2011_2014__aca1af17,Broward_Teachers_U_Contract_2011_2014.pdf,benefits_retiree_012,benefits,"Does the document provide retiree health, dental, life, or other post-employment benefits?",yes,"Employees with a minimum of ten (10) years service with the Board retiring prior to Medicare eligibility may elect to remain in the Group Insurance Program until eligible for Medicare; rates applicable to the entire group; the cost of such insurance shall be borne by the retiree, except that the Board shall provide without charge for the collection and remittance of premiums for such insurance.",22-4,high,
broward_county_public_schools__broward_teachers_u_contract_2011_2014__aca1af17,Broward_Teachers_U_Contract_2011_2014.pdf,leave_sick_days_001,leave,How many paid sick leave days are granted per year?,4,Each employee on a full time basis shall receive four days of sick leave as of the first day of employment of each contract year,19-6,high,
broward_county_public_schools__broward_teachers_u_contract_2011_2014__aca1af17,Broward_Teachers_U_Contract_2011_2014.pdf,leave_sick_accrual_002,leave,"Does sick leave accumulate or carry over, and what cap is stated?","Yes, cumulative. No cap, except at least half must be established within the district.","Such sick leave shall be cumulative from year to year. There shall be no limit on the number of days of sick leave an employee may accrue, except that at least one half of this cumulative leave must be established within the district.",23-1,high,
broward_county_public_schools__broward_teachers_u_contract_2011_2014__aca1af17,Broward_Teachers_U_Contract_2011_2014.pdf,leave_sick_family_003,leave,May teachers use sick leave for family illness or family care?,yes,"because of illness, or because of illness or death of father, mother, sister, brother, husband, wife, child, other close relative, or member of his/her own household",23-1,high,
broward_county_public_schools__broward_teachers_u_contract_2011_2014__aca1af17,Broward_Teachers_U_Contract_2011_2014.pdf,leave_personal_days_004,leave,How many paid personal leave days are granted per year?,6,"Employees shall be granted up to six (6) days each school year for personal reasons. However, such absences for personal reasons shall be charged only to accrued sick leave",23-2,high,
broward_county_public_schools__broward_teachers_u_contract_2011_2014__aca1af17,Broward_Teachers_U_Contract_2011_2014.pdf,leave_personal_restrictions_005,leave,What restrictions apply to personal leave use?,"Cannot be used the day before or after a holiday, or during the first or last week of school.",Personal reasons leave shall not be granted on the day preceding or following a holiday* nor during the first or last week of school.,23-2,high,
broward_county_public_schools__broward_teachers_u_contract_2011_2014__aca1af17,Broward_Teachers_U_Contract_2011_2014.pdf,leave_personal_conversion_006,leave,"Does unused personal leave convert to sick leave, cash, or another benefit?",not_discussed,,not_applicable,high,
broward_county_public_schools__broward_teachers_u_contract_2011_2014__aca1af17,Broward_Teachers_U_Contract_2011_2014.pdf,leave_bereavement_days_007,leave,How many bereavement leave days are available?,4-5,maximum of four (4) days of sick leave for bereavement purposes... maximum of five (5) days of sick leave for bereavement purposes,23-2,high,
broward_county_public_schools__broward_teachers_u_contract_2011_2014__aca1af17,Broward_Teachers_U_Contract_2011_2014.pdf,leave_bereavement_relatives_008,leave,Which relatives or household members are covered by bereavement leave?,"spouse, domestic cohabitant, child, stepchild, grandchild, mother, father, sister, brother, parents of domestic cohabitant, mother-in-law, father-in-law, grandmother, grandfather, daughter-in-law, son-in-law, brother-in-law, sister-in-law, domestic cohabitant’s sibling(s), grandparents of employee's spouse, grandparents of employee's domestic cohabitant, any other relative, or member of the employee's household","an immediate family member shall be defined as the spouse, domestic cohabitant, child, stepchild, grandchild, mother, father, sister, brother, parents of domestic cohabitant, mother-in-law, father-in-law, grandmother, grandfather, daughter-in-law, son-in-law, brother-in-law, sister-in-law, domestic cohabitant’s sibling(s), grandparents of employee's spouse, grandparents of employee's domestic cohabitant, any other relative, or member of the employee's household.",23-2,high,
broward_county_public_schools__broward_teachers_u_contract_2011_2014__aca1af17,Broward_Teachers_U_Contract_2011_2014.pdf,leave_parental_paid_009,leave,"Does the document provide paid parental, bonding, maternity, paternity, or adoption leave beyond accrued sick leave?",no,K. A Personal or Maternity Leave without pay and not to exceed three (3) years shall be granted to an employee for the purpose of childbearing and/or child rearing and/or child care as follows:,23-11,high,
broward_county_public_schools__broward_teachers_u_contract_2011_2014__aca1af17,Broward_Teachers_U_Contract_2011_2014.pdf,leave_pregnancy_disability_010,leave,"Does the document address pregnancy, childbirth, or temporary disability leave?",yes,A Personal or Maternity Leave without pay and not to exceed three (3) years shall be granted to an employee for the purpose of childbearing,23-11,high,
broward_county_public_schools__broward_teachers_u_contract_2011_2014__aca1af17,Broward_Teachers_U_Contract_2011_2014.pdf,leave_adoption_childcare_011,leave,"Does the document provide adoption, child care, or bonding leave?",yes,A Personal or Maternity Leave without pay and not to exceed three (3) years shall be granted to an employee for the purpose of childbearing and/or child rearing and/or child care,23-11,high,
broward_county_public_schools__broward_teachers_u_contract_2011_2014__aca1af17,Broward_Teachers_U_Contract_2011_2014.pdf,leave_fmla_012,leave,Does the document discuss Family and Medical Leave Act rights or equivalent family medical leave?,yes,S. Family and Medical Leave: The Board will provide family and medical leave for qualified employees pursuant to the provisions of the Family and Medical Leave Act (FMLA) of 1993.,23-17,high,
broward_county_public_schools__broward_teachers_u_contract_2011_2014__aca1af17,Broward_Teachers_U_Contract_2011_2014.pdf,leave_absence_reporting_013,leave,Does the document specify absence reporting or substitute-request procedures for teachers?,yes,"Employees who are to be temporarily absent from school for any reason shall, if possible, notify the principal or his/her designee at least two (2) hours prior to school opening.",23-1,high,
broward_county_public_schools__broward_teachers_u_contract_2011_2014__aca1af17,Broward_Teachers_U_Contract_2011_2014.pdf,workload_work_year_days_001,workload,How many teacher work days or duty days are required in the regular work year?,196,The salary of any employee employed in excess of the 196 day work year shall be computed at a daily rate of 1/196 of the employee's basic annual contracted salary times the number of days employed.,19-3,high,
broward_county_public_schools__broward_teachers_u_contract_2011_2014__aca1af17,Broward_Teachers_U_Contract_2011_2014.pdf,workload_workday_length_002,workload,What is the required length of the teacher workday?,7.5 hours (8.5 hours for teachers teaching 360 minutes),"The employees' workday shall be seven and one-half (7 1/2) consecutive hours, including the lunch period. Those teachers who teach 360 minutes shall have a workday of no longer than eight and one-half (8 1/2) hours.",5-1,high,
broward_county_public_schools__broward_teachers_u_contract_2011_2014__aca1af17,Broward_Teachers_U_Contract_2011_2014.pdf,workload_prep_guarantee_003,workload,Does the document guarantee teacher planning or preparation time?,yes,"Elementary school employees shall have a preparation conference time totaling not less than sixty (60) minutes per day, excluding relief periods. Additionally, high school and middle school employees shall be given one (1) uninterrupted preparation/conference period per day of the same length as the regular class period.",10-1,high,"Updated evidence to Article Ten, which explicitly guarantees daily preparation/conference time, providing stronger and more direct support for the guarantee than the 10 annual planning days alone."
broward_county_public_schools__broward_teachers_u_contract_2011_2014__aca1af17,Broward_Teachers_U_Contract_2011_2014.pdf,workload_prep_minutes_004,workload,How much planning or preparation time is guaranteed?,"10 days per year, plus daily preparation/conference time (60 minutes for elementary, one uninterrupted period for secondary)","The school calendar shall contain ten (10) planning days throughout each school year. Elementary school employees shall have a preparation conference time totaling not less than sixty (60) minutes per day, excluding relief periods. High school and middle school employees shall be given one (1) uninterrupted preparation/conference period per day of the same length as the regular class period.","5-3, 10-1",high,Revised answer to comprehensively reflect both the 10 annual planning days and the daily preparation/conference time guaranteed in Article Ten. The original answer was incomplete.
broward_county_public_schools__broward_teachers_u_contract_2011_2014__aca1af17,Broward_Teachers_U_Contract_2011_2014.pdf,workload_prep_protected_005,workload,"Does the document restrict use of planning time for meetings, coverage, or other duties?",yes,The Superintendent shall designate one of the four preplanning days with the intent of not scheduling any activities except teacher planning.,5-3,high,
broward_county_public_schools__broward_teachers_u_contract_2011_2014__aca1af17,Broward_Teachers_U_Contract_2011_2014.pdf,workload_lunch_duty_free_006,workload,Does the document guarantee a duty-free lunch?,yes,"All employees shall be entitled to a duty-free, uninterrupted lunch period of at least thirty (30) consecutive minutes.",5-2,high,
broward_county_public_schools__broward_teachers_u_contract_2011_2014__aca1af17,Broward_Teachers_U_Contract_2011_2014.pdf,workload_lunch_minutes_007,workload,How many minutes is the lunch period?,30,"All employees shall be entitled to a duty-free, uninterrupted lunch period of at least thirty (30) consecutive minutes.",5-1,high,Corrected page number from 5-2 to 5-1 based on the document layout.
broward_county_public_schools__broward_teachers_u_contract_2011_2014__aca1af17,Broward_Teachers_U_Contract_2011_2014.pdf,workload_meetings_limits_008,workload,"Does the document limit required faculty, staff, department, or PLC meetings?",yes,"Principals shall have the authority to schedule necessary faculty meetings; however, such meetings shall be as brief and well planned as possible. Such meetings shall be used for purposes that cannot be accomplished effectively through other means. Faculty meetings shall be scheduled in a manner that impacts teacher planning time to the least degree possible. If more than one faculty meeting is held in a month, the purpose of the meeting shall be announced to the faculty in advance.",5-3,high,
broward_county_public_schools__broward_teachers_u_contract_2011_2014__aca1af17,Broward_Teachers_U_Contract_2011_2014.pdf,workload_nonteaching_duties_009,workload,"Does the document describe non-teaching duties such as supervision, lunch duty, bus duty, hall duty, or clerical duties?",yes,"every effort shall be made to relieve employees of all non-professional supervisory and clerical responsibilities such as, but not limited to, playground and other school ground supervision (excluding recess supervision for elementary level students), lunchroom supervision, hallway and restroom supervision, study hall and detention supervision, bus loading and unloading supervision, money collection or transmittal, and various and similar non-professional responsibilities.",5-1,high,
broward_county_public_schools__broward_teachers_u_contract_2011_2014__aca1af17,Broward_Teachers_U_Contract_2011_2014.pdf,class_size_limits_001,class size,"Does the document include class-size limits, caps, goals, or review procedures?",not_discussed,,not_applicable,high,
broward_county_public_schools__broward_teachers_u_contract_2011_2014__aca1af17,Broward_Teachers_U_Contract_2011_2014.pdf,class_elementary_max_002,class size,What elementary class-size maximums or targets are stated?,not_discussed,,not_discussed,high,
broward_county_public_schools__broward_teachers_u_contract_2011_2014__aca1af17,Broward_Teachers_U_Contract_2011_2014.pdf,class_secondary_max_003,class size,What middle or high school class-size maximums or targets are stated?,not_discussed,,not_discussed,high,
broward_county_public_schools__broward_teachers_u_contract_2011_2014__aca1af17,Broward_Teachers_U_Contract_2011_2014.pdf,class_overage_remedy_004,class size,Does the document provide remedies when class-size limits are exceeded?,not_discussed,,not_discussed,high,
broward_county_public_schools__broward_teachers_u_contract_2011_2014__aca1af17,Broward_Teachers_U_Contract_2011_2014.pdf,evaluation_procedure_001,evaluation,Does the document describe teacher evaluation procedures?,no,"Should the employee receive less than a satisfactory overall end of the year performance evaluation ranking, that employee shall not be eligible for summer employment.",6-2,high,
broward_county_public_schools__broward_teachers_u_contract_2011_2014__aca1af17,Broward_Teachers_U_Contract_2011_2014.pdf,evaluation_system_002,evaluation,"What evaluation system, framework, or model is named?",Instructional Personnel Assessment System (IPAS),F. INSTRUCTIONAL PERSONAL ASSESSMENT SYSTEM (IPAS) Employee Evaluation,18-6,medium,Answer revised to remove FPMS as it is not supported by the quoted evidence. Referenced pages are truncated in the provided document.
broward_county_public_schools__broward_teachers_u_contract_2011_2014__aca1af17,Broward_Teachers_U_Contract_2011_2014.pdf,evaluation_observation_count_003,evaluation,How many formal observations are required?,1 per year (conducted during the first semester),"Prior to each formal assessment of personnel on an annual contract, no fewer than one (1) observation in the classroom or equivalent work location, of no less than 30 minutes will be conducted by the principal, director or his/her designee during the first semester of the contract period.",18-16,high,Evidence explicitly supports the answer. Referenced pages are truncated in the provided document; verification relies on Stage 1 quotes.
broward_county_public_schools__broward_teachers_u_contract_2011_2014__aca1af17,Broward_Teachers_U_Contract_2011_2014.pdf,evaluation_observation_duration_004,evaluation,Does the document specify observation duration or minimum length?,30 minutes (may be shortened by mutual agreement),"These are not less than 30 minutes in duration and are conducted by the principal, director or his/her designee. The 30 minute time period may be shortened by mutual agreement between the principal and the affected employee.",18-15,high,Evidence explicitly supports the answer. Referenced pages are truncated in the provided document; verification relies on Stage 1 quotes.
broward_county_public_schools__broward_teachers_u_contract_2011_2014__aca1af17,Broward_Teachers_U_Contract_2011_2014.pdf,evaluation_ratings_005,evaluation,What rating categories or performance levels are used?,"Satisfactory, Needs Improvement, Unsatisfactory",1. Rating Scale for Assessment Criteria a. Satisfactory b. Needs Improvement c. Unsatisfactory... 2. Rating Scale for Overall Performance a. Satisfactory b. Needs Improvement c. Unsatisfactory,18-19,high,Evidence explicitly supports the answer. Referenced pages are truncated in the provided document; verification relies on Stage 1 quotes.
broward_county_public_schools__broward_teachers_u_contract_2011_2014__aca1af17,Broward_Teachers_U_Contract_2011_2014.pdf,evaluation_student_growth_006,evaluation,"Does the evaluation use student growth, test scores, value-added, or student outcomes?",yes; measures: standardized test results and student achievement gains,Ongoing teacher documentation of student achievement gains through norm - referenced and criterion-referenced standardized test results where available,G-4,high,Evidence explicitly supports the answer. Referenced pages are truncated in the provided document; verification relies on Stage 1 quotes.
broward_county_public_schools__broward_teachers_u_contract_2011_2014__aca1af17,Broward_Teachers_U_Contract_2011_2014.pdf,evaluation_improvement_plan_007,evaluation,"Does the document describe improvement plans, remediation plans, or professional support plans for low-rated teachers?",yes,"When a rating of Needs Improvement or Unsatisfactory is used, a Performance Development Plan is developed by the principal in collaboration with the employee.",18-20,high,
broward_county_public_schools__broward_teachers_u_contract_2011_2014__aca1af17,Broward_Teachers_U_Contract_2011_2014.pdf,evaluation_consequences_008,evaluation,"Does the document state how evaluation results are used in decisions about tenure, layoff priority, transfers, or compensation?",yes,"Should the employee receive less than a satisfactory overall end of the year performance evaluation ranking, that employee shall not be eligible for summer employment.",6-3,high,
broward_county_public_schools__broward_teachers_u_contract_2011_2014__aca1af17,Broward_Teachers_U_Contract_2011_2014.pdf,security_probation_001,job security,"Does the document define probationary, provisional, temporary, permanent, tenure, or continuing contract status?",yes,"The term ""continuing contract"" may be used interchangeably with the term ""professional service contract"" throughout this Agreement. Teachers hired with valid continuing or professional service contract in the State of Florida will automatically have reinstatement of said status upon the successful completion of one year of employment with the SBBC.","3-2, 4-1",high,
broward_county_public_schools__broward_teachers_u_contract_2011_2014__aca1af17,Broward_Teachers_U_Contract_2011_2014.pdf,security_nonrenewal_002,job security,"Does the document state nonrenewal notice, hearing, or appeal rules?",yes,All annual contract employees whose contracts are not being renewed shall receive written notice of same no later than one month prior to the last workday of the regular school year. Any such employee not given such notice two weeks prior to the last workday of the regular school year shall be reemployed for the following school year.,18-3,high,
broward_county_public_schools__broward_teachers_u_contract_2011_2014__aca1af17,Broward_Teachers_U_Contract_2011_2014.pdf,security_seniority_definition_003,seniority,Does the document define seniority?,yes,Seniority: The longest uninterrupted service in a position in the bargaining unit represented by BTU.,3-1,high,
broward_county_public_schools__broward_teachers_u_contract_2011_2014__aca1af17,Broward_Teachers_U_Contract_2011_2014.pdf,security_voluntary_transfer_004,transfers,"What are the voluntary transfer procedures, if any?","Applications submitted Jan 1–last day of school year (active until Dec 31). Ineligible if eval < satisfactory or on PDP; may list 10 schools. Hardship transfers (>20 miles travel or medical/personal issue) guarantee an interview. Regular transfers require application by last school day; principals consider certification, racial ratio, mutual agreement, and seniority. Guaranteed transfers apply to teachers with 15+ years at current school for vacancies at selected schools (10% BU limit per school, max 1 ESE/2 Middle/3 Voc/HS per school), awarded by seniority if tied. Processed before regular transfers and after surplus placement. Supt may approve post-school-start transfers for extenuating circumstances.",Transfer applications shall be provided by the District and may be submitted any time after January 1st through the last day of the regular school year for the following school year.,25-3,high,
broward_county_public_schools__broward_teachers_u_contract_2011_2014__aca1af17,Broward_Teachers_U_Contract_2011_2014.pdf,security_involuntary_transfer_005,transfers,Does the document describe involuntary transfer or reassignment procedures?,yes,"Surplussing shall occur in accordance with Article Twenty-Five, Section D of this agreement, Involuntary Transfers. The Division of Human Resources shall be responsible for placing employees who meet the provisions of this section. If an instructional position is not available for which the affected employee is certified by the commencement of the subsequent school year, the Division of Human Resources shall place the affected employee on a waiting list until a position for which the teacher is certified becomes available. The employee shall not be on the district's payroll until a job becomes vacant.",18-3,high,
broward_county_public_schools__broward_teachers_u_contract_2011_2014__aca1af17,Broward_Teachers_U_Contract_2011_2014.pdf,security_rif_006,layoffs,"What are the layoff, reduction in force, retrenchment, or staff reduction procedures, if any?","Layoffs use objective, nondiscriminatory standards. The Superintendent meets with the BTU to discuss reductions before implementation. The Board determines positions and subject areas to reduce. The least senior employees in each area/program are laid off, provided retained staff are qualified. A district seniority list is prepared and shared with the union. Laid-off employees retain recall rights for 12 months for vacancies in their original area/program, processed in reverse layoff order. Employees beginning their 10th year may complete the year to vest in retirement. No new/substitute appointments may be made while qualified laid-off employees are available. Laid-off employees may continue insurance by paying premiums monthly.","Prior to implementing a reduction in personnel, the Superintendent shall meet with representatives of the BTU to discuss the proposed Board action and solicit their suggestions. ... The least senior employees in each subject area/program or specific positions shall then be laid off.","26-1, 26-2",high,
broward_county_public_schools__broward_teachers_u_contract_2011_2014__aca1af17,Broward_Teachers_U_Contract_2011_2014.pdf,security_recall_007,layoffs,Does the document provide recall or callback rights after layoff?,yes,Employees will be recalled to the same subject area/program they were teaching at the time of their layoff in reverse order of layoff when a vacancy occurs.,26-1,high,
broward_county_public_schools__broward_teachers_u_contract_2011_2014__aca1af17,Broward_Teachers_U_Contract_2011_2014.pdf,security_rif_criterion_008,layoffs,What is the primary criterion for determining the order of layoff among teachers?,seniority,The least senior employees in each subject area/program or specific positions shall then be laid off.,26-1,high,
broward_county_public_schools__broward_teachers_u_contract_2011_2014__aca1af17,Broward_Teachers_U_Contract_2011_2014.pdf,security_probation_length_009,job security,What is the probationary or provisional period before tenure or continuing status?,three years,"Annual contract employees who receive at least a satisfactory rating on their performance evaluations during each of their three probationary years of employment, shall be awarded a professional services contract (PSC)",18-4,high,
broward_county_public_schools__broward_teachers_u_contract_2011_2014__aca1af17,Broward_Teachers_U_Contract_2011_2014.pdf,security_tenure_rules_010,job security,"Does the document describe tenure, continuing contract, or permanent status rights?",yes,Teachers hired with valid continuing or professional service contract in the State of Florida will automatically have reinstatement of said status upon the successful completion of one year of employment with the SBBC.,4-1,high,
broward_county_public_schools__broward_teachers_u_contract_2011_2014__aca1af17,Broward_Teachers_U_Contract_2011_2014.pdf,security_certification_011,job security,"Does the document state teacher certification, licensure, endorsement, or renewal requirements?",yes,"No new employee shall be employed who is not fully or provisionally certified in the grade level and/or subject area to which assigned, except when employees with such certification are unavailable or in emergencies.",4-1,high,
broward_county_public_schools__broward_teachers_u_contract_2011_2014__aca1af17,Broward_Teachers_U_Contract_2011_2014.pdf,discipline_just_cause_001,discipline,"Does the document require just cause, proper cause, or cause for teacher discipline or dismissal?",yes,Any discipline of an employee shall be for just cause.,18-1,high,
broward_county_public_schools__broward_teachers_u_contract_2011_2014__aca1af17,Broward_Teachers_U_Contract_2011_2014.pdf,discipline_dismissal_002,discipline,"Does the document describe dismissal, termination, discharge, or contract cancellation procedures?",yes,"Disciplinary procedures may include but are not limited to: verbal/written reprimand, suspension, demotion and termination. Prior to making a recommendation for termination of an employee during an initial probationary period, the Area Superintendent shall review the recommendation... An employee shall be given two (2)three (3) work days notice... and a written statement of the reason(s)... right to request BTU representation... no action shall be taken with respect to the employee until such representative of the BTU is present.",18-1,high,
broward_county_public_schools__broward_teachers_u_contract_2011_2014__aca1af17,Broward_Teachers_U_Contract_2011_2014.pdf,conduct_outside_employment_001,teacher rights and conduct,"Does the document restrict outside employment, tutoring, or conflicts of interest?",not_discussed,,not_discussed,high,
broward_county_public_schools__broward_teachers_u_contract_2011_2014__aca1af17,Broward_Teachers_U_Contract_2011_2014.pdf,conduct_ethics_002,teacher rights and conduct,"Does the document include a code of ethics, standards of conduct, or professional responsibility rules?",not_discussed,,not_discussed,high,
broward_county_public_schools__broward_teachers_u_contract_2011_2014__aca1af17,Broward_Teachers_U_Contract_2011_2014.pdf,conduct_drug_alcohol_003,teacher rights and conduct,"Does the document include drug-free workplace, alcohol, or substance-abuse rules?",yes,"The Board and BTU share a commitment to maintain a drug-free work place. Circumstances under which testing may be considered include, but are not limited to, the following: a. observed use of illegal drugs and/or abuse of alcohol during work hours; b. apparent physical state of impairment of motor functions; c. marked changes in personal behavior on the job not attributable to other factors; d. employee involvement in serious or repetitive accidents on the job... Employees who test positive for the first time shall be referred to EAP. Successful completion of a recommended program may mitigate any recommended disciplinary action.","24-1, 24-2",high,
broward_county_public_schools__broward_teachers_u_contract_2011_2014__aca1af17,Broward_Teachers_U_Contract_2011_2014.pdf,conduct_social_media_005,teacher rights and conduct,Does the document regulate employee social media use?,not_discussed,,not_discussed,high,
broward_county_public_schools__broward_teachers_u_contract_2011_2014__aca1af17,Broward_Teachers_U_Contract_2011_2014.pdf,conduct_acceptable_use_006,teacher rights and conduct,"Does the document include acceptable-use, email, internet, or network technology rules for employees?",not_discussed,,not_discussed,high,
broward_county_public_schools__broward_teachers_u_contract_2011_2014__aca1af17,Broward_Teachers_U_Contract_2011_2014.pdf,conduct_academic_freedom_007,teacher rights and conduct,Does the document protect academic freedom or personal academic views?,yes,"It is recognized that these democratic values can best be transmitted in an atmosphere which is free from censorship and artificial restraints upon free inquiry and learning, and in which academic freedom for employee and students is encouraged.",13-1,high,
broward_county_public_schools__broward_teachers_u_contract_2011_2014__aca1af17,Broward_Teachers_U_Contract_2011_2014.pdf,conduct_curriculum_autonomy_008,teacher rights and conduct,"Does the document address teacher discretion over curriculum, lesson content, methods, or instructional materials?",yes,"The parties agree, within the prescribed course of study of the Broward County public school system, to seek to educate young people in the democratic tradition... and in which academic freedom for employee and students is encouraged.",13-1,high,
broward_county_public_schools__broward_teachers_u_contract_2011_2014__aca1af17,Broward_Teachers_U_Contract_2011_2014.pdf,conduct_lesson_plans_009,teacher rights and conduct,Does the document require lesson plans or specify lesson-plan submission rules?,yes,"Annual contract teachers may be required to submit their lesson plans to the principal on a regular basis as determined by the principal... employees holding continuing contract or professional service contracts shall not be required to regularly submit lesson plans, however, any time the principal does request lesson plans, the teacher shall submit the plans.",5-6,high,
broward_county_public_schools__broward_teachers_u_contract_2011_2014__aca1af17,Broward_Teachers_U_Contract_2011_2014.pdf,conduct_political_activity_010,teacher rights and conduct,Does the document restrict or protect political activity by teachers?,yes,A. Political Action: All employees shall have the entire liberty of political action when not engaged in their employment... B. Political Materials: Use of political material for instructional purposes in the classroom is permitted... Use of political material for political purposes in the classroom is prohibited.,14-1,high,
broward_county_public_schools__broward_teachers_u_contract_2011_2014__aca1af17,Broward_Teachers_U_Contract_2011_2014.pdf,conduct_non_duty_hours_011,teacher rights and conduct,Does the document protect teachers' personal affairs or conduct during non-duty hours?,not_discussed,,not_applicable,high,
broward_county_public_schools__broward_teachers_u_contract_2011_2014__aca1af17,Broward_Teachers_U_Contract_2011_2014.pdf,safety_health_committee_001,safety and working conditions,Does the document include health and safety provisions or a safety committee?,yes,"Air Quality And Health/Safety Committee: The Broward Teachers Union shall appoint two (2) people to serve on the district's Air Quality Committee. Each site’s Faculty Council, or subcommittee thereof, may review health/safety/air quality issues and make recommendations addressing such issues to the site principal/administrator.",7-2,high,
broward_county_public_schools__broward_teachers_u_contract_2011_2014__aca1af17,Broward_Teachers_U_Contract_2011_2014.pdf,safety_assault_protection_002,safety and working conditions,Does the document provide teacher assault protections or procedures after assault?,yes,"The Board shall do everything within its legal power to protect and support the principal and employees in their disciplinary role. This shall include, but not be limited to, legal defense or reimbursement in accordance with Florida statutes... In addition, the Board shall assist the principal, employee and/or other school staff members in bringing about penalties for the disruption of school functions or assault or battery upon the instructional staff as set forth under Florida Statute 1006.145 and 784.081.",11-2,high,
broward_county_public_schools__broward_teachers_u_contract_2011_2014__aca1af17,Broward_Teachers_U_Contract_2011_2014.pdf,safety_student_discipline_003,safety and working conditions,Does the document describe student discipline or behavior-management procedures affecting teachers?,yes,"The principal, or in his/her absence, the person designated to be in charge of the school, shall have the responsibility for maintaining overall discipline within the school setting. Further, the principal shall delegate to the employee such responsibility for control and direction of the students as he/she considers desirable or as required by district policy and rules. District Discipline Committee: The Student Conduct and Discipline Code adopted by the Board shall be reviewed once during the term of this contract by a committee appointed by the Superintendent... Nine (9) of these employees shall be as recommended by the BTU.","11-1, 11-2",high,
broward_county_public_schools__broward_teachers_u_contract_2011_2014__aca1af17,Broward_Teachers_U_Contract_2011_2014.pdf,safety_remove_student_004,safety and working conditions,Does the document state a teacher's authority to remove a student from class?,yes,"An employee may remove a student to the principal or his/her designee when the grossness of the offense, the persistence of the misbehavior or disruptive effect of the behavior makes the continued presence of the student in the classroom intolerable.",11-4,high,"Updated evidence to a more direct provision explicitly granting removal authority (Article XI, Section F.5.a), replacing the original conditional phrasing."
broward_county_public_schools__broward_teachers_u_contract_2011_2014__aca1af17,Broward_Teachers_U_Contract_2011_2014.pdf,safety_emergency_closure_005,safety and working conditions,"Does the document address emergency, lockdown, inclement weather, or school closure procedures for staff?",yes,"ARTICLE TWENTY-EIGHT EMERGENCY SCHOOL CLOSING ... A. Authority: The Superintendent of Schools shall exercise full authority granted under Section), Florida Statutes, to close any or all schools during an emergency. ... B. Nothing in this Article shall require the Superintendent or the Board to keep schools open in the event of severe inclement weather or when otherwise prevented by act of God ... C. Meeting: When the emergency closing results in a day or days off for employees, Board and BTU representatives shall meet within 48 hours and by mutual agreement recommend amendments to the calendar to substitute another day or days work, if necessary, in order to fulfill the complete contract year and avoid loss of pay to employees ... D. When one (1) or more school or school offices are officially closed by the Superintendent, no leave days previously arranged by an employee will be deducted for such emergency days.",28-1,high,
broward_county_public_schools__broward_teachers_u_contract_2011_2014__aca1af17,Broward_Teachers_U_Contract_2011_2014.pdf,safety_environment_006,safety and working conditions,"Does the document address physical working conditions such as temperature, ventilation, air quality, cleanliness, acoustics, or construction disruption?",yes,"The Board agrees to maintain classrooms, other learning areas, and school facilities in a clean and working condition conducive to effective teaching and learning. Whenever an unsafe or unhealthy condition exists, the employee aware of the condition, shall report to the principal who shall attempt to correct the problem.","7-1, 7-2",high,
broward_county_public_schools__broward_teachers_u_contract_2011_2014__aca1af17,Broward_Teachers_U_Contract_2011_2014.pdf,safety_security_measures_007,safety and working conditions,"Does the document mention security staff, building access, visitor controls, cameras, or personal security measures?",yes,"Access to Buildings: When school is not in session, employees may have access to the building to voluntarily perform job related duties by arranging such access with the principal.",5-5,high,
broward_county_public_schools__broward_teachers_u_contract_2011_2014__aca1af17,Broward_Teachers_U_Contract_2011_2014.pdf,safety_weapons_008,safety and working conditions,Does the document state employee obligations or restrictions related to weapons on school property?,not_discussed,,not_applicable,high,
broward_county_public_schools__broward_teachers_u_contract_2011_2014__aca1af17,Broward_Teachers_U_Contract_2011_2014.pdf,pd_new_teacher_mentoring_001,professional development,"Does the document provide mentoring, induction, orientation, or support for new teachers?",yes,"The parties agree that on an annual basis, newly hired district teachers shall attend a Broward Teachers Union-Broward County School District Orientation Program.",5-8,high,
broward_county_public_schools__broward_teachers_u_contract_2011_2014__aca1af17,Broward_Teachers_U_Contract_2011_2014.pdf,pd_teacher_leadership_002,professional development,"Does the document create teacher leadership roles, instructional coaches, councils, or committees tied to professional practice?",yes,"Article Nine establishes 'Department/Grade Level Chairpersons, and Team Leaders' and 'Curriculum Councils' and 'Professional Development Council'. Duties include 'serving on curriculum councils', 'coaching opportunities', and 'monitor the implementation of school improvement plans.' Release time is provided (e.g., 'one (1) day of release time per month'). 'ESE support facilitators, autism coaches... shall be provided at least two (2) days of release time.' Members conducting activities 'beyond the normal workday' are 'compensated... at their hourly rate.'",9-1 to 9-4,high,
broward_county_public_schools__broward_teachers_u_contract_2011_2014__aca1af17,Broward_Teachers_U_Contract_2011_2014.pdf,pd_career_ladder_003,professional development,"Does the document include a career ladder, teacher advancement pathway, or differentiated career roles?","yes. The document establishes the Broward Teacher Career Ladder (TCL) program with four sequential levels: Associate, Professional, Lead, and Mentor. Eligibility is based on certification status, evaluation ratings, and tenure in the preceding level (e.g., Lead requires one year as a Professional Teacher with a satisfactory evaluation; Mentor requires two years as a Lead Teacher with three consecutive satisfactory evaluations). Implementation is contingent upon state funding.","The Broward TCL shall consist of four sequential career advancement levels for classroom teachers: Associate, Professional, Lead and Mentor.",L-1,high,
