document_id,file_name,district_name,chunk_index,quote,subject_text,acting_party,protected_party,modal,negation,voice,verb_lexical_category,statement_type,llm_judgment,statement_type_match,modal_strength,topic,quote_verified,notes
montgomery_county_public_schools__mcea_contract_fy15_fy17_3_15_14__d1f7af4d,MCEA-Contract-FY15-FY17-3-15-14.pdf,Montgomery County Public Schools,2,The Board of Education of Montgomery County shall have the right to subcontract work.,The Board of Education of Montgomery County,management,management,shall,False,active,rights_active,right,right,True,1.0,other,True,
montgomery_county_public_schools__mcea_contract_fy15_fy17_3_15_14__d1f7af4d,MCEA-Contract-FY15-FY17-3-15-14.pdf,Montgomery County Public Schools,2,"However, work that is normally performed by members of the bargaining unit who are covered by this Agreement shall not be subcontracted to organizations and/or workers not covered by this Agreement unless there is a substantial business or professional reason for so doing.",work that is normally performed by members of the bargaining unit who are covered by this Agreement,worker,worker,shall,True,passive,plain,prohibition,prohibition,True,1.0,job_security,True,
montgomery_county_public_schools__mcea_contract_fy15_fy17_3_15_14__d1f7af4d,MCEA-Contract-FY15-FY17-3-15-14.pdf,Montgomery County Public Schools,2,"In addition, if the Board is contemplating subcontracting any bargaining unit work, the Association shall be given sufficient advance notice of such plans so that they shall have ample opportunity to meet with the Board before such a decision is put into effect.",the Association,management,worker,shall,False,passive,rights_passive,right,obligation,False,1.0,other,True,
montgomery_county_public_schools__mcea_contract_fy15_fy17_3_15_14__d1f7af4d,MCEA-Contract-FY15-FY17-3-15-14.pdf,Montgomery County Public Schools,2,There will be no reprisals of any kind taken against any unit member because of the unit member's membership or non-membership in the Association or participation in any of its legal activities.,There,management,worker,will,True,passive,plain,prohibition,prohibition,True,0.9,teacher_rights_and_conduct,True,
montgomery_county_public_schools__mcea_contract_fy15_fy17_3_15_14__d1f7af4d,MCEA-Contract-FY15-FY17-3-15-14.pdf,Montgomery County Public Schools,2,The Board of Education and the superintendent agree to meet with the Association's Board of Directors at mutually agreed upon times to discuss matters of interest and concern.,The Board of Education and the superintendent,management,worker,,False,active,plain,other,obligation,False,0.0,other,True,
montgomery_county_public_schools__mcea_contract_fy15_fy17_3_15_14__d1f7af4d,MCEA-Contract-FY15-FY17-3-15-14.pdf,Montgomery County Public Schools,3,The Association's Board of Directors will submit items to be included on the agenda five working days prior to the meeting.,The Association's Board of Directors,worker,management,will,False,active,plain,obligation,obligation,True,0.9,other,True,
montgomery_county_public_schools__mcea_contract_fy15_fy17_3_15_14__d1f7af4d,MCEA-Contract-FY15-FY17-3-15-14.pdf,Montgomery County Public Schools,3,The Association's Board of Directors will meet with the superintendent at least once a month during the term of this Agreement to review and discuss matters of mutual concern and the administration of this Agreement.,The Association's Board of Directors,worker,worker,will,False,active,plain,obligation,obligation,True,0.9,other,True,
montgomery_county_public_schools__mcea_contract_fy15_fy17_3_15_14__d1f7af4d,MCEA-Contract-FY15-FY17-3-15-14.pdf,Montgomery County Public Schools,3,Association officers and/or representatives will be permitted to draw on a bank of 500 full paydays in each year of this Agreement.,Association officers and/or representatives,worker,worker,will,False,passive,permission_verb,permission,permission,True,0.9,benefits,True,
montgomery_county_public_schools__mcea_contract_fy15_fy17_3_15_14__d1f7af4d,MCEA-Contract-FY15-FY17-3-15-14.pdf,Montgomery County Public Schools,3,Such leave will be granted in accordance with the current procedures established by the superintendent.,Such leave,management,management,will,False,passive,rights_passive,right,obligation,False,0.9,leave,True,
montgomery_county_public_schools__mcea_contract_fy15_fy17_3_15_14__d1f7af4d,MCEA-Contract-FY15-FY17-3-15-14.pdf,Montgomery County Public Schools,3,the members of the Association's negotiating team will have their leave charged to the Association's leave bank to permit their participation.,the members of the Association's negotiating team,worker,management,will,False,active,plain,obligation,obligation,True,0.9,leave,True,
montgomery_county_public_schools__mcea_contract_fy15_fy17_3_15_14__d1f7af4d,MCEA-Contract-FY15-FY17-3-15-14.pdf,Montgomery County Public Schools,3,The president of the Association will be granted leave during the term of this contract.,The president of the Association,management,worker,will,False,passive,rights_passive,right,obligation,False,0.9,leave,True,
montgomery_county_public_schools__mcea_contract_fy15_fy17_3_15_14__d1f7af4d,MCEA-Contract-FY15-FY17-3-15-14.pdf,Montgomery County Public Schools,3,"The president of the Association will, on a fully reimbursable 12-month employment basis at no cost to MCPS, be paid by the Board and covered under the appropriate retirement plan and the employee benefit package plan.",The president of the Association,management,worker,will,False,passive,rights_passive,right,obligation,False,0.9,compensation,True,
montgomery_county_public_schools__mcea_contract_fy15_fy17_3_15_14__d1f7af4d,MCEA-Contract-FY15-FY17-3-15-14.pdf,Montgomery County Public Schools,3,"The president of the Association will have the right to receive step increases as provided by the policies and procedures of the Board of Education, which will be the same as if the president had remained in the position from which leave was granted.",The president of the Association,worker,worker,will,False,active,rights_active,right,right,True,0.9,compensation,True,
montgomery_county_public_schools__mcea_contract_fy15_fy17_3_15_14__d1f7af4d,MCEA-Contract-FY15-FY17-3-15-14.pdf,Montgomery County Public Schools,3,"Upon return to MCPS employment, the president will be granted credit on the salary schedule for the term of this Agreement.",the president,management,worker,will,False,passive,rights_passive,right,obligation,False,0.9,compensation,True,
montgomery_county_public_schools__mcea_contract_fy15_fy17_3_15_14__d1f7af4d,MCEA-Contract-FY15-FY17-3-15-14.pdf,Montgomery County Public Schools,3,Sick leave may not be used or earned while on leave.,Sick leave,other,management,may,True,active,plain,prohibition,prohibition,True,0.3,leave,True,
montgomery_county_public_schools__mcea_contract_fy15_fy17_3_15_14__d1f7af4d,MCEA-Contract-FY15-FY17-3-15-14.pdf,Montgomery County Public Schools,3,The Association will be emailed a copy of the official Board agenda prior to each meeting and a copy of the Board minutes after their approval by the Board.,The Association,management,worker,will,False,passive,rights_passive,right,obligation,False,0.9,other,True,
montgomery_county_public_schools__mcea_contract_fy15_fy17_3_15_14__d1f7af4d,MCEA-Contract-FY15-FY17-3-15-14.pdf,Montgomery County Public Schools,3,The Association will have the right to use school buildings for any legal purpose without cost for meetings with the faculties of such buildings.,The Association,worker,worker,will,False,active,rights_active,right,right,True,0.9,other,True,
montgomery_county_public_schools__mcea_contract_fy15_fy17_3_15_14__d1f7af4d,MCEA-Contract-FY15-FY17-3-15-14.pdf,Montgomery County Public Schools,3,"In addition, the Association may schedule meetings of more than one school faculty or their representatives in school buildings, without cost, when building services staff is normally on duty, one or more times per month.",the Association,worker,worker,may,False,active,plain,permission,permission,True,0.3,other,True,
montgomery_county_public_schools__mcea_contract_fy15_fy17_3_15_14__d1f7af4d,MCEA-Contract-FY15-FY17-3-15-14.pdf,Montgomery County Public Schools,3,Any damage in excess of normal wear will be paid for by the Association within 30 days.,Any damage in excess of normal wear,worker,management,will,False,passive,plain,obligation,obligation,True,0.9,other,True,
montgomery_county_public_schools__mcea_contract_fy15_fy17_3_15_14__d1f7af4d,MCEA-Contract-FY15-FY17-3-15-14.pdf,Montgomery County Public Schools,3,Nonpayment will result in abrogation of this Section of Article 3.,Nonpayment,other,management,will,False,active,plain,obligation,other,False,0.9,other,True,
montgomery_county_public_schools__mcea_contract_fy15_fy17_3_15_14__d1f7af4d,MCEA-Contract-FY15-FY17-3-15-14.pdf,Montgomery County Public Schools,3,"There will be one bulletin board of appropriate size reserved for the Association in each work site for displaying notices, circulars, and other material.",There,other,worker,will,False,active,plain,obligation,obligation,True,0.9,other,True,
montgomery_county_public_schools__mcea_contract_fy15_fy17_3_15_14__d1f7af4d,MCEA-Contract-FY15-FY17-3-15-14.pdf,Montgomery County Public Schools,3,Copies of all materials to be posted will be given to the building principal,Copies of all materials to be posted,management,management,will,False,passive,rights_passive,right,obligation,False,0.9,other,True,
montgomery_county_public_schools__mcea_contract_fy15_fy17_3_15_14__d1f7af4d,MCEA-Contract-FY15-FY17-3-15-14.pdf,Montgomery County Public Schools,3,no approval will be required prior to,no approval,management,worker,will,True,passive,plain,prohibition,right,False,0.9,other,True,Truncated at end of chunk.
montgomery_county_public_schools__mcea_contract_fy15_fy17_3_15_14__d1f7af4d,MCEA-Contract-FY15-FY17-3-15-14.pdf,Montgomery County Public Schools,4,"Copies of all materials to be posted will be given to the building principal,",Copies of all materials to be posted,other,management,will,False,passive,rights_passive,right,obligation,False,0.9,other,True,
montgomery_county_public_schools__mcea_contract_fy15_fy17_3_15_14__d1f7af4d,MCEA-Contract-FY15-FY17-3-15-14.pdf,Montgomery County Public Schools,4,no approval will be required prior to this posting.,no approval,other,worker,will,True,passive,obligation_verb,right,right,True,0.9,other,True,
montgomery_county_public_schools__mcea_contract_fy15_fy17_3_15_14__d1f7af4d,MCEA-Contract-FY15-FY17-3-15-14.pdf,Montgomery County Public Schools,4,Use of the bulletin board to display material detrimental to the goals and activities of MCPS is expressly prohibited.,Use of the bulletin board to display material detrimental to the goals and activities of MCPS,other,management,,False,active,prohibition_verb,prohibition,prohibition,True,0.85,other,True,
montgomery_county_public_schools__mcea_contract_fy15_fy17_3_15_14__d1f7af4d,MCEA-Contract-FY15-FY17-3-15-14.pdf,Montgomery County Public Schools,4,Use of the interschool mail facility is authorized to distribute official Association material.,Use of the interschool mail facility,other,worker,,False,active,permission_verb,permission,permission,True,0.85,other,True,
montgomery_county_public_schools__mcea_contract_fy15_fy17_3_15_14__d1f7af4d,MCEA-Contract-FY15-FY17-3-15-14.pdf,Montgomery County Public Schools,4,Printed materials or literature indicating MCEA's position concerning any candidate for public office may not be distributed through the interschool facility.,Printed materials or literature indicating MCEA's position concerning any candidate for public office,other,management,may,True,passive,plain,prohibition,prohibition,True,0.3,other,True,
montgomery_county_public_schools__mcea_contract_fy15_fy17_3_15_14__d1f7af4d,MCEA-Contract-FY15-FY17-3-15-14.pdf,Montgomery County Public Schools,4,Use of the facility to distribute material detrimental to the goals and purposes of MCPS or material in violation of the law is expressly prohibited.,Use of the facility to distribute material detrimental to the goals and purposes of MCPS or material in violation of the law,other,management,,False,active,prohibition_verb,prohibition,prohibition,True,0.85,other,True,
montgomery_county_public_schools__mcea_contract_fy15_fy17_3_15_14__d1f7af4d,MCEA-Contract-FY15-FY17-3-15-14.pdf,Montgomery County Public Schools,4,Use of the interschool mail facility will be in accordance with procedures established by the superintendent.,Use of the interschool mail facility,other,management,will,False,active,plain,obligation,obligation,True,0.9,other,True,
montgomery_county_public_schools__mcea_contract_fy15_fy17_3_15_14__d1f7af4d,MCEA-Contract-FY15-FY17-3-15-14.pdf,Montgomery County Public Schools,4,The Association will be provided with the names and addresses of all new unit members as they are contracted.,The Association,management,worker,will,False,passive,rights_passive,right,obligation,False,0.9,other,True,
montgomery_county_public_schools__mcea_contract_fy15_fy17_3_15_14__d1f7af4d,MCEA-Contract-FY15-FY17-3-15-14.pdf,Montgomery County Public Schools,4,The Association will be provided with an hour during the orientation program for newly employed teachers to use for Agreement orientation.,The Association,management,worker,will,False,passive,rights_passive,right,obligation,False,0.9,other,True,
montgomery_county_public_schools__mcea_contract_fy15_fy17_3_15_14__d1f7af4d,MCEA-Contract-FY15-FY17-3-15-14.pdf,Montgomery County Public Schools,4,The Association will have online access to the annual directory without cost to the Associa-tion,The Association,worker,worker,will,False,active,plain,obligation,right,False,0.9,other,True,
montgomery_county_public_schools__mcea_contract_fy15_fy17_3_15_14__d1f7af4d,MCEA-Contract-FY15-FY17-3-15-14.pdf,Montgomery County Public Schools,4,50 copies of each issue of the Advocate will be provided without cost to the Department of Association Relations.,50 copies of each issue of the Advocate,other,worker,will,False,passive,rights_passive,right,obligation,False,0.9,other,True,
montgomery_county_public_schools__mcea_contract_fy15_fy17_3_15_14__d1f7af4d,MCEA-Contract-FY15-FY17-3-15-14.pdf,Montgomery County Public Schools,4,The Board agrees to include the Association's headquarters as a regular interschool mail stop provided that MCEA complies with MCPS regulations on this subject.,The Board,management,worker,,False,active,plain,other,obligation,False,0.0,other,True,
montgomery_county_public_schools__mcea_contract_fy15_fy17_3_15_14__d1f7af4d,MCEA-Contract-FY15-FY17-3-15-14.pdf,Montgomery County Public Schools,4,"Except for Section F, the rights and/or privileges granted to the Association in this Agreement will not be granted to any other unit member group or employee organization as defined in Section 6-401(b) of the Education Article of the Annotated Code of Maryland during the term of this Agreement, except as may be required by law.",the rights and/or privileges granted to the Association in this Agreement,management,worker,will,True,passive,plain,prohibition,prohibition,True,0.9,other,True,
montgomery_county_public_schools__mcea_contract_fy15_fy17_3_15_14__d1f7af4d,MCEA-Contract-FY15-FY17-3-15-14.pdf,Montgomery County Public Schools,4,"Twelve months prior to the expiration of the Agreement, the parties will meet to establish negotiation procedures.",the parties,other,other,will,False,active,plain,obligation,obligation,True,0.9,other,True,
montgomery_county_public_schools__mcea_contract_fy15_fy17_3_15_14__d1f7af4d,MCEA-Contract-FY15-FY17-3-15-14.pdf,Montgomery County Public Schools,4,"Such procedures shall include, but not be limited to: meeting dates and times, locations, limitation on the number of team members, consultants and/or facilitators, and/or observers, tentative Agreement procedures, expense sharing of third party neutrals, and procedures for joint union bargaining (if agreed upon).",Such procedures,other,other,shall,False,active,plain,obligation,obligation,True,1.0,other,True,
montgomery_county_public_schools__mcea_contract_fy15_fy17_3_15_14__d1f7af4d,MCEA-Contract-FY15-FY17-3-15-14.pdf,Montgomery County Public Schools,5,The parties may also discuss and establish other procedures.,The parties,other,other,may,False,active,plain,permission,permission,True,0.3,other,True,
montgomery_county_public_schools__mcea_contract_fy15_fy17_3_15_14__d1f7af4d,MCEA-Contract-FY15-FY17-3-15-14.pdf,Montgomery County Public Schools,5,The parties agree to consult in advance about the general and specific content of all press and public communications dealing with the directions and accomplishments of the teams that might be released from time to time by the parties either jointly or independently.,The parties,other,other,might,False,active,plain,permission,obligation,False,0.1,other,True,
montgomery_county_public_schools__mcea_contract_fy15_fy17_3_15_14__d1f7af4d,MCEA-Contract-FY15-FY17-3-15-14.pdf,Montgomery County Public Schools,5,This Agreement may be modified in whole or in part by an instrument in writing duly executed by both parties.,This Agreement,other,other,may,False,passive,plain,permission,permission,True,0.3,other,True,
montgomery_county_public_schools__mcea_contract_fy15_fy17_3_15_14__d1f7af4d,MCEA-Contract-FY15-FY17-3-15-14.pdf,Montgomery County Public Schools,5,The Board of Education will not select unit members covered by this Agreement for its negotiating team nor will it select unit members covered by this Agreement to be in its negotiations group.,The Board of Education,management,worker,will,True,active,plain,prohibition,prohibition,True,0.9,other,True,
montgomery_county_public_schools__mcea_contract_fy15_fy17_3_15_14__d1f7af4d,MCEA-Contract-FY15-FY17-3-15-14.pdf,Montgomery County Public Schools,5,"Should either party determine an impasse exists, the procedures as provided for in Section 6-408 of the Education Article of the Annotated Code of Maryland relating to impasse shall be followed.",the procedures as provided for in Section 6-408 of the Education Article of the Annotated Code of Maryland relating to impasse,other,other,shall,False,passive,plain,obligation,obligation,True,1.0,other,True,
montgomery_county_public_schools__mcea_contract_fy15_fy17_3_15_14__d1f7af4d,MCEA-Contract-FY15-FY17-3-15-14.pdf,Montgomery County Public Schools,5,"If the Montgomery County Council, in the exercise of its fiscal authority under the law, reduces the budget recommendations of the Board of Education and such action makes it necessary for the Board to reduce one or more items that have been negotiated, such items and all other negotiated items that are dependent upon budget funding shall be subject to renegotiation.",such items and all other negotiated items that are dependent upon budget funding,other,other,shall,False,passive,plain,obligation,obligation,True,1.0,other,True,
montgomery_county_public_schools__mcea_contract_fy15_fy17_3_15_14__d1f7af4d,MCEA-Contract-FY15-FY17-3-15-14.pdf,Montgomery County Public Schools,5,Any resolution jointly reached through renegotiation will constitute the final Agreement between the parties.,Any resolution jointly reached through renegotiation,other,other,will,False,active,plain,obligation,obligation,True,0.9,other,True,
montgomery_county_public_schools__mcea_contract_fy15_fy17_3_15_14__d1f7af4d,MCEA-Contract-FY15-FY17-3-15-14.pdf,Montgomery County Public Schools,5,In the absence of agreement the Statute and any relevant interpretive decisions will control.,the Statute and any relevant interpretive decisions,other,other,will,False,active,plain,obligation,obligation,True,0.9,other,True,
montgomery_county_public_schools__mcea_contract_fy15_fy17_3_15_14__d1f7af4d,MCEA-Contract-FY15-FY17-3-15-14.pdf,Montgomery County Public Schools,6,Nothing herein contained shall be construed as limiting the right of any unit member having a grievance to discuss the matter with any appropriate member of the administration.,Nothing herein contained,other,worker,shall,True,active,plain,prohibition,prohibition,True,1.0,discipline,True,
montgomery_county_public_schools__mcea_contract_fy15_fy17_3_15_14__d1f7af4d,MCEA-Contract-FY15-FY17-3-15-14.pdf,Montgomery County Public Schools,6,"Such grievance may be adjusted without intervention of the Association, providing that the adjustment is not inconsistent with the terms of this Agreement.",Such grievance,management,management,may,False,passive,plain,permission,permission,True,0.3,discipline,True,
montgomery_county_public_schools__mcea_contract_fy15_fy17_3_15_14__d1f7af4d,MCEA-Contract-FY15-FY17-3-15-14.pdf,Montgomery County Public Schools,6,The Association can grieve on matters with respect to the general application of any clause in the Agreement to the unit as a whole or with respect to association rights and privileges as set forth in Article 3.,The Association,worker,worker,can,False,active,plain,permission,permission,True,0.3,discipline,True,
montgomery_county_public_schools__mcea_contract_fy15_fy17_3_15_14__d1f7af4d,MCEA-Contract-FY15-FY17-3-15-14.pdf,Montgomery County Public Schools,6,"The time limits specified may, however, be extended by mutual agreement between the superintendent and the Association",The time limits specified,other,other,may,False,passive,plain,permission,permission,True,0.3,discipline,True,
montgomery_county_public_schools__mcea_contract_fy15_fy17_3_15_14__d1f7af4d,MCEA-Contract-FY15-FY17-3-15-14.pdf,Montgomery County Public Schools,6,and shall be stated in writing.,The time limits specified,other,other,shall,False,passive,plain,obligation,obligation,True,1.0,discipline,True,Subject implied from preceding clause
montgomery_county_public_schools__mcea_contract_fy15_fy17_3_15_14__d1f7af4d,MCEA-Contract-FY15-FY17-3-15-14.pdf,Montgomery County Public Schools,6,the parties shall attempt to process such grievance prior to the end of the school year.,the parties,other,worker,shall,False,active,plain,obligation,obligation,True,1.0,discipline,True,
montgomery_county_public_schools__mcea_contract_fy15_fy17_3_15_14__d1f7af4d,MCEA-Contract-FY15-FY17-3-15-14.pdf,Montgomery County Public Schools,6,No grievance shall be initiated more than 15 duty days after the cause thereof has occurred or been discovered.,No grievance,management,management,shall,True,passive,plain,prohibition,prohibition,True,1.0,discipline,True,
montgomery_county_public_schools__mcea_contract_fy15_fy17_3_15_14__d1f7af4d,MCEA-Contract-FY15-FY17-3-15-14.pdf,Montgomery County Public Schools,6,The grievant may be represented by himself/herself at the informal level and Level One,The grievant,worker,worker,may,False,passive,rights_passive,right,permission,False,0.3,discipline,True,
montgomery_county_public_schools__mcea_contract_fy15_fy17_3_15_14__d1f7af4d,MCEA-Contract-FY15-FY17-3-15-14.pdf,Montgomery County Public Schools,6,or may request that MCEA be his/her representative.,The grievant,worker,worker,may,False,active,plain,permission,permission,True,0.3,discipline,True,Subject implied from preceding clause
montgomery_county_public_schools__mcea_contract_fy15_fy17_3_15_14__d1f7af4d,MCEA-Contract-FY15-FY17-3-15-14.pdf,Montgomery County Public Schools,6,The grievant shall be represented by an MCEA representative at Level Two and above.,The grievant,worker,worker,shall,False,passive,rights_passive,right,obligation,False,1.0,discipline,True,
montgomery_county_public_schools__mcea_contract_fy15_fy17_3_15_14__d1f7af4d,MCEA-Contract-FY15-FY17-3-15-14.pdf,Montgomery County Public Schools,6,"Forms for filing grievances, serving notices, taking appeals, making reports and recommendations, and other necessary documents will be prepared jointly by the superintendent and the Association,","Forms for filing grievances, serving notices, taking appeals, making reports and recommendations, and other necessary documents",worker,other,will,False,passive,plain,obligation,obligation,True,0.9,discipline,True,
montgomery_county_public_schools__mcea_contract_fy15_fy17_3_15_14__d1f7af4d,MCEA-Contract-FY15-FY17-3-15-14.pdf,Montgomery County Public Schools,6,and will be given appropriate distribution so as to facilitate operation of the grievance procedure.,"Forms for filing grievances, serving notices, taking appeals, making reports and recommendations, and other necessary documents",other,other,will,False,passive,rights_passive,right,obligation,False,0.9,discipline,True,Subject implied from preceding clause
montgomery_county_public_schools__mcea_contract_fy15_fy17_3_15_14__d1f7af4d,MCEA-Contract-FY15-FY17-3-15-14.pdf,Montgomery County Public Schools,6,Grievance meetings and/or hearings shall normally be scheduled before or after the unit member's duty day unless otherwise agreed to by the parties.,Grievance meetings and/or hearings,management,worker,shall,False,passive,plain,obligation,obligation,True,1.0,discipline,True,
montgomery_county_public_schools__mcea_contract_fy15_fy17_3_15_14__d1f7af4d,MCEA-Contract-FY15-FY17-3-15-14.pdf,Montgomery County Public Schools,7,the Association will assume one-half the cost of a substitute if one is employed.,the Association,worker,worker,will,False,active,plain,obligation,obligation,True,0.9,discipline,True,
montgomery_county_public_schools__mcea_contract_fy15_fy17_3_15_14__d1f7af4d,MCEA-Contract-FY15-FY17-3-15-14.pdf,Montgomery County Public Schools,7,A unit member with a grievance will first discuss it with his/her principal or immediate supervisor.,A unit member with a grievance,worker,worker,will,False,active,plain,obligation,obligation,True,0.9,discipline,True,
montgomery_county_public_schools__mcea_contract_fy15_fy17_3_15_14__d1f7af4d,MCEA-Contract-FY15-FY17-3-15-14.pdf,Montgomery County Public Schools,7,An Association representative may be present at this informal level of the procedure,An Association representative,worker,worker,may,False,active,permission_verb,permission,permission,True,0.3,discipline,True,
montgomery_county_public_schools__mcea_contract_fy15_fy17_3_15_14__d1f7af4d,MCEA-Contract-FY15-FY17-3-15-14.pdf,Montgomery County Public Schools,7,"if chosen as his/her representative under Article 5, Section C.3, shall represent the grievant.",(implied representative),worker,worker,shall,False,active,plain,obligation,obligation,True,1.0,discipline,True,
montgomery_county_public_schools__mcea_contract_fy15_fy17_3_15_14__d1f7af4d,MCEA-Contract-FY15-FY17-3-15-14.pdf,Montgomery County Public Schools,7,the grievant will be required to present to the principal or other appropriate official his/her grievance in writing on the proper form within 15 duty days after the cause thereof has occurred or been discovered.,the grievant,worker,worker,will,False,active,obligation_verb,obligation,obligation,True,0.9,discipline,True,
montgomery_county_public_schools__mcea_contract_fy15_fy17_3_15_14__d1f7af4d,MCEA-Contract-FY15-FY17-3-15-14.pdf,Montgomery County Public Schools,7,the grievance shall be deemed to be waived,the grievance,other,management,shall,False,passive,plain,obligation,other,False,1.0,discipline,True,inanimate subject
montgomery_county_public_schools__mcea_contract_fy15_fy17_3_15_14__d1f7af4d,MCEA-Contract-FY15-FY17-3-15-14.pdf,Montgomery County Public Schools,7,and shall not be subject to further discussion or appeal.,(implied the grievance),other,management,shall,True,passive,prohibition_verb,permission,prohibition,False,1.0,discipline,True,
montgomery_county_public_schools__mcea_contract_fy15_fy17_3_15_14__d1f7af4d,MCEA-Contract-FY15-FY17-3-15-14.pdf,Montgomery County Public Schools,7,The principal shall have five duty days to respond.,The principal,management,worker,shall,False,active,plain,obligation,obligation,True,1.0,discipline,True,
montgomery_county_public_schools__mcea_contract_fy15_fy17_3_15_14__d1f7af4d,MCEA-Contract-FY15-FY17-3-15-14.pdf,Montgomery County Public Schools,7,he/she may file the grievance in writing with the Association within 10 duty days after the grievance was presented.,he/she,worker,worker,may,False,active,permission_verb,permission,permission,True,0.3,discipline,True,
montgomery_county_public_schools__mcea_contract_fy15_fy17_3_15_14__d1f7af4d,MCEA-Contract-FY15-FY17-3-15-14.pdf,Montgomery County Public Schools,7,the Association will review the merits of the grievance,the Association,worker,worker,will,False,active,plain,obligation,obligation,True,0.9,discipline,True,
montgomery_county_public_schools__mcea_contract_fy15_fy17_3_15_14__d1f7af4d,MCEA-Contract-FY15-FY17-3-15-14.pdf,Montgomery County Public Schools,7,"and counsel the grievant, referring the grievance to the appropriate associate/community superintendent if the Association determines that the grievance is meritorious.",(implied the Association),worker,worker,,False,active,plain,other,obligation,False,0.0,discipline,True,modal carried over from preceding clause
montgomery_county_public_schools__mcea_contract_fy15_fy17_3_15_14__d1f7af4d,MCEA-Contract-FY15-FY17-3-15-14.pdf,Montgomery County Public Schools,7,the associate/community superintendent will meet with the aggrieved person for the purpose of resolving the grievance.,the associate/community superintendent,management,worker,will,False,active,plain,obligation,obligation,True,0.9,discipline,True,
montgomery_county_public_schools__mcea_contract_fy15_fy17_3_15_14__d1f7af4d,MCEA-Contract-FY15-FY17-3-15-14.pdf,Montgomery County Public Schools,7,The associate/community superintendent shall render a decision in writing within five duty days of the meeting held with the aggrieved person.,The associate/community superintendent,management,worker,shall,False,active,plain,obligation,obligation,True,1.0,discipline,True,
montgomery_county_public_schools__mcea_contract_fy15_fy17_3_15_14__d1f7af4d,MCEA-Contract-FY15-FY17-3-15-14.pdf,Montgomery County Public Schools,8,he/she may again file the written grievance with the Association within five duty days after a decision by the aforesaid administrator or ten duty days after the grievance was referred to the aforesaid administrator.,he/she,worker,worker,may,False,active,plain,permission,permission,True,0.3,discipline,True,conditional on prior dissatisfaction at Level Two
montgomery_county_public_schools__mcea_contract_fy15_fy17_3_15_14__d1f7af4d,MCEA-Contract-FY15-FY17-3-15-14.pdf,Montgomery County Public Schools,8,the Association will review the merits of the grievance and counsel the grievant,the Association,worker,worker,will,False,active,plain,obligation,obligation,True,0.9,discipline,True,compound predicate; trailing participle phrase omitted
montgomery_county_public_schools__mcea_contract_fy15_fy17_3_15_14__d1f7af4d,MCEA-Contract-FY15-FY17-3-15-14.pdf,Montgomery County Public Schools,8,the grievance shall be deemed to be waived and shall not be subject to further discussion or appeal.,the grievance,management,management,shall,True,passive,plain,prohibition,prohibition,True,1.0,discipline,True,compound predicate; procedural default for missed deadline
montgomery_county_public_schools__mcea_contract_fy15_fy17_3_15_14__d1f7af4d,MCEA-Contract-FY15-FY17-3-15-14.pdf,Montgomery County Public Schools,8,the superintendent shall review the record and render a decision in writing.,the superintendent,management,worker,shall,False,active,plain,obligation,obligation,True,1.0,discipline,True,compound predicate
montgomery_county_public_schools__mcea_contract_fy15_fy17_3_15_14__d1f7af4d,MCEA-Contract-FY15-FY17-3-15-14.pdf,Montgomery County Public Schools,8,"The superintendent, or designee, may request information directly from any party of interest in the grievance","The superintendent, or designee",management,management,may,False,active,plain,permission,permission,True,0.3,discipline,True,conditional on need for additional information
montgomery_county_public_schools__mcea_contract_fy15_fy17_3_15_14__d1f7af4d,MCEA-Contract-FY15-FY17-3-15-14.pdf,Montgomery County Public Schools,8,Any such written information shall be shared with the other party.,Any such written information,management,worker,shall,False,passive,plain,obligation,obligation,True,1.0,discipline,True,implicit agent is management/administration
montgomery_county_public_schools__mcea_contract_fy15_fy17_3_15_14__d1f7af4d,MCEA-Contract-FY15-FY17-3-15-14.pdf,Montgomery County Public Schools,8,he/she may within five duty days after a decision by the superintendent request in writing that the Association submit his/her grievance to arbitration.,he/she,worker,worker,may,False,active,plain,permission,permission,True,0.3,discipline,True,conditional on prior dissatisfaction at Level Three
montgomery_county_public_schools__mcea_contract_fy15_fy17_3_15_14__d1f7af4d,MCEA-Contract-FY15-FY17-3-15-14.pdf,Montgomery County Public Schools,8,such question will be ruled upon by the arbitrator before hearing the case.,such question,other,management,will,False,passive,plain,obligation,obligation,True,0.9,discipline,True,explicit agent 'by the arbitrator'
montgomery_county_public_schools__mcea_contract_fy15_fy17_3_15_14__d1f7af4d,MCEA-Contract-FY15-FY17-3-15-14.pdf,Montgomery County Public Schools,8,The parties shall agree to a standing list of arbitrators who are mutually acceptable and who agree to be readily available.,The parties,other,worker,shall,False,active,plain,obligation,obligation,True,1.0,discipline,True,"relative clauses describe the list, not independent duties"
montgomery_county_public_schools__mcea_contract_fy15_fy17_3_15_14__d1f7af4d,MCEA-Contract-FY15-FY17-3-15-14.pdf,Montgomery County Public Schools,8,Cases appealed to arbitration shall be submitted to one of those arbitrators by mutual agreement of the parties.,Cases appealed to arbitration,other,worker,shall,False,passive,plain,obligation,obligation,True,1.0,discipline,True,explicit agent 'by mutual agreement of the parties'
montgomery_county_public_schools__mcea_contract_fy15_fy17_3_15_14__d1f7af4d,MCEA-Contract-FY15-FY17-3-15-14.pdf,Montgomery County Public Schools,8,a request for a list of arbitrators may be made to the American Arbitration Association by either party.,a request for a list of arbitrators,other,worker,may,False,passive,plain,permission,permission,True,0.3,discipline,True,explicit agent 'by either party'
montgomery_county_public_schools__mcea_contract_fy15_fy17_3_15_14__d1f7af4d,MCEA-Contract-FY15-FY17-3-15-14.pdf,Montgomery County Public Schools,8,The parties will then be bound by the rules and procedures of the American Arbitration Association.,The parties,other,worker,will,False,passive,plain,obligation,obligation,True,0.9,discipline,True,
montgomery_county_public_schools__mcea_contract_fy15_fy17_3_15_14__d1f7af4d,MCEA-Contract-FY15-FY17-3-15-14.pdf,Montgomery County Public Schools,8,"The arbitrator so selected will confer with the representatives of the superintendent and the Association and hold hearings promptly and will issue his/her decision not later than 10 days from the date of the close of hearings, or, if oral hearings have been waived, from the date the f",The arbitrator so selected,other,worker,will,False,active,plain,obligation,obligation,True,0.9,discipline,True,compound predicate; truncated at end of chunk
montgomery_county_public_schools__mcea_contract_fy15_fy17_3_15_14__d1f7af4d,MCEA-Contract-FY15-FY17-3-15-14.pdf,Montgomery County Public Schools,9,The arbitrator so selected will confer with the representatives of the superintendent and the Association,The arbitrator so selected,other,worker,will,False,active,plain,obligation,obligation,True,0.9,discipline,True,
montgomery_county_public_schools__mcea_contract_fy15_fy17_3_15_14__d1f7af4d,MCEA-Contract-FY15-FY17-3-15-14.pdf,Montgomery County Public Schools,9,will hold hearings promptly,,other,worker,will,False,active,plain,obligation,obligation,True,0.9,discipline,False,Subject implied from prior clause
montgomery_county_public_schools__mcea_contract_fy15_fy17_3_15_14__d1f7af4d,MCEA-Contract-FY15-FY17-3-15-14.pdf,Montgomery County Public Schools,9,"will issue his/her decision not later than 10 days from the date of the close of hearings, or, if oral hearings have been waived, from the date the final statements and proofs are submitted to him/her.",,other,worker,will,False,active,plain,obligation,obligation,True,0.9,discipline,True,Subject implied from prior clause
montgomery_county_public_schools__mcea_contract_fy15_fy17_3_15_14__d1f7af4d,MCEA-Contract-FY15-FY17-3-15-14.pdf,Montgomery County Public Schools,9,The arbitrator's recommendations will be in writing,The arbitrator's recommendations,other,worker,will,False,active,plain,obligation,obligation,True,0.9,discipline,True,
montgomery_county_public_schools__mcea_contract_fy15_fy17_3_15_14__d1f7af4d,MCEA-Contract-FY15-FY17-3-15-14.pdf,Montgomery County Public Schools,9,"will set forth his/her findings of fact, reasoning, and conclusions on the issues submitted.",,other,worker,will,False,active,plain,obligation,obligation,True,0.9,discipline,True,Subject implied from prior clause
montgomery_county_public_schools__mcea_contract_fy15_fy17_3_15_14__d1f7af4d,MCEA-Contract-FY15-FY17-3-15-14.pdf,Montgomery County Public Schools,9,The arbitrator will be without authority to make any recommendation beyond the terms of this Agreement.,The arbitrator,other,management,will,False,active,plain,obligation,obligation,True,0.9,discipline,True,
montgomery_county_public_schools__mcea_contract_fy15_fy17_3_15_14__d1f7af4d,MCEA-Contract-FY15-FY17-3-15-14.pdf,Montgomery County Public Schools,9,The recommendation of the arbitrator shall be binding upon both parties.,The recommendation of the arbitrator,other,worker,shall,False,active,plain,obligation,obligation,True,1.0,discipline,True,
montgomery_county_public_schools__mcea_contract_fy15_fy17_3_15_14__d1f7af4d,MCEA-Contract-FY15-FY17-3-15-14.pdf,Montgomery County Public Schools,9,"The costs for the services of the arbitrator, including per diem expenses, if any, and actual and necessary travel and subsistence expenses, and the cost of any hearing room, will be borne equally by the Board and the Association.","The costs for the services of the arbitrator, including per diem expenses, if any, and actual and necessary travel and subsistence expenses, and the cost of any hearing room,",worker,worker,will,False,passive,plain,obligation,obligation,True,0.9,discipline,True,
montgomery_county_public_schools__mcea_contract_fy15_fy17_3_15_14__d1f7af4d,MCEA-Contract-FY15-FY17-3-15-14.pdf,Montgomery County Public Schools,9,All other expenses will be paid by the party incurring them.,All other expenses,other,management,will,False,passive,rights_passive,right,obligation,False,0.9,other,True,
montgomery_county_public_schools__mcea_contract_fy15_fy17_3_15_14__d1f7af4d,MCEA-Contract-FY15-FY17-3-15-14.pdf,Montgomery County Public Schools,9,Either party may request grievance mediation,Either party,other,worker,may,False,active,plain,permission,permission,True,0.3,discipline,True,
montgomery_county_public_schools__mcea_contract_fy15_fy17_3_15_14__d1f7af4d,MCEA-Contract-FY15-FY17-3-15-14.pdf,Montgomery County Public Schools,9,the Federal Mediation and Conciliation Service's Grievance Mediation Program may be used.,the Federal Mediation and Conciliation Service's Grievance Mediation Program,management,worker,may,False,passive,plain,permission,permission,True,0.3,discipline,True,
montgomery_county_public_schools__mcea_contract_fy15_fy17_3_15_14__d1f7af4d,MCEA-Contract-FY15-FY17-3-15-14.pdf,Montgomery County Public Schools,9,the case may proceed to arbitration.,the case,other,worker,may,False,active,plain,permission,permission,True,0.3,discipline,True,
montgomery_county_public_schools__mcea_contract_fy15_fy17_3_15_14__d1f7af4d,MCEA-Contract-FY15-FY17-3-15-14.pdf,Montgomery County Public Schools,9,No reprisals of any kind shall be taken by any party to this Agreement against any party in interest or any grievant.,No reprisals of any kind,other,worker,shall,True,passive,plain,prohibition,prohibition,True,1.0,discipline,True,
montgomery_county_public_schools__mcea_contract_fy15_fy17_3_15_14__d1f7af4d,MCEA-Contract-FY15-FY17-3-15-14.pdf,Montgomery County Public Schools,9,"All documents, communications, and records dealing with the processing of a grievance will be filed in a separate grievance file","All documents, communications, and records dealing with the processing of a grievance",management,worker,will,False,passive,plain,obligation,obligation,True,0.9,discipline,True,
montgomery_county_public_schools__mcea_contract_fy15_fy17_3_15_14__d1f7af4d,MCEA-Contract-FY15-FY17-3-15-14.pdf,Montgomery County Public Schools,9,will not be kept in the personnel file of any of the participants.,,management,worker,will,True,passive,plain,prohibition,prohibition,True,0.9,discipline,True,Subject implied from prior clause
montgomery_county_public_schools__mcea_contract_fy15_fy17_3_15_14__d1f7af4d,MCEA-Contract-FY15-FY17-3-15-14.pdf,Montgomery County Public Schools,9,All decisions rendered at all levels of the grievance procedure will be in writing,All decisions rendered at all levels of the grievance procedure,management,worker,will,False,active,plain,obligation,obligation,True,0.9,discipline,True,
montgomery_county_public_schools__mcea_contract_fy15_fy17_3_15_14__d1f7af4d,MCEA-Contract-FY15-FY17-3-15-14.pdf,Montgomery County Public Schools,9,will be transmitted promptly to all parties in interest and to the Association.,,management,worker,will,False,passive,plain,obligation,obligation,True,0.9,discipline,True,Subject implied from prior clause
montgomery_county_public_schools__mcea_contract_fy15_fy17_3_15_14__d1f7af4d,MCEA-Contract-FY15-FY17-3-15-14.pdf,Montgomery County Public Schools,9,The grievant shall be permitted to present evidence and witnesses,The grievant,management,worker,shall,False,passive,permission_verb,permission,permission,True,1.0,discipline,True,
montgomery_county_public_schools__mcea_contract_fy15_fy17_3_15_14__d1f7af4d,MCEA-Contract-FY15-FY17-3-15-14.pdf,Montgomery County Public Schools,9,shall be permitted to cross-examine all witnesses whenever a hearing is held.,,management,worker,shall,False,passive,permission_verb,permission,permission,True,1.0,discipline,True,Subject implied from prior clause
montgomery_county_public_schools__mcea_contract_fy15_fy17_3_15_14__d1f7af4d,MCEA-Contract-FY15-FY17-3-15-14.pdf,Montgomery County Public Schools,9,the Association will have the right to be present,the Association,worker,worker,will,False,active,plain,obligation,right,False,0.9,discipline,True,
montgomery_county_public_schools__mcea_contract_fy15_fy17_3_15_14__d1f7af4d,MCEA-Contract-FY15-FY17-3-15-14.pdf,Montgomery County Public Schools,9,will have the right to state its views at all stages of the grievance procedure.,,worker,worker,will,False,active,plain,obligation,right,False,0.9,discipline,True,Subject implied from prior clause
montgomery_county_public_schools__mcea_contract_fy15_fy17_3_15_14__d1f7af4d,MCEA-Contract-FY15-FY17-3-15-14.pdf,Montgomery County Public Schools,9,The Association may submit any intended class action grievance to the superintendent or designee,The Association,worker,worker,may,False,active,plain,permission,permission,True,0.3,discipline,True,
montgomery_county_public_schools__mcea_contract_fy15_fy17_3_15_14__d1f7af4d,MCEA-Contract-FY15-FY17-3-15-14.pdf,Montgomery County Public Schools,9,the superintendent shall rule within five duty days if any other administrator has the authority to resolve the grievance.,the superintendent,management,worker,shall,False,active,plain,obligation,obligation,True,1.0,discipline,True,
montgomery_county_public_schools__mcea_contract_fy15_fy17_3_15_14__d1f7af4d,MCEA-Contract-FY15-FY17-3-15-14.pdf,Montgomery County Public Schools,9,the superintendent or designee shall within10 duty days from the initial submission of the grievance respond,the superintendent or designee,management,worker,shall,False,active,plain,obligation,obligation,True,1.0,discipline,True,
montgomery_county_public_schools__mcea_contract_fy15_fy17_3_15_14__d1f7af4d,MCEA-Contract-FY15-FY17-3-15-14.pdf,Montgomery County Public Schools,9,the Association shall be free to seek arbitration of the grievance.,the Association,worker,worker,shall,False,active,plain,obligation,permission,False,1.0,discipline,True,
montgomery_county_public_schools__mcea_contract_fy15_fy17_3_15_14__d1f7af4d,MCEA-Contract-FY15-FY17-3-15-14.pdf,Montgomery County Public Schools,10,The parties shall develop a set of procedural guidelines for the conduct of grievance hearings.,The parties,other,worker,shall,False,active,plain,obligation,obligation,True,1.0,discipline,True,
montgomery_county_public_schools__mcea_contract_fy15_fy17_3_15_14__d1f7af4d,MCEA-Contract-FY15-FY17-3-15-14.pdf,Montgomery County Public Schools,10,The administrative complaint procedure currently in use to process and resolve unit member complaints pertaining to matters not covered by this Agreement shall be continued.,The administrative complaint procedure currently in use to process and resolve unit member complaints pertaining to matters not covered by this Agreement,other,worker,shall,False,passive,plain,obligation,obligation,True,1.0,discipline,True,
montgomery_county_public_schools__mcea_contract_fy15_fy17_3_15_14__d1f7af4d,MCEA-Contract-FY15-FY17-3-15-14.pdf,Montgomery County Public Schools,10,"The partners will identify and define issues of common concern, propose and evaluate solutions, and agree on recommendations.",The partners,other,management,will,False,active,plain,obligation,obligation,True,0.9,other,True,
montgomery_county_public_schools__mcea_contract_fy15_fy17_3_15_14__d1f7af4d,MCEA-Contract-FY15-FY17-3-15-14.pdf,Montgomery County Public Schools,10,The Board of Education and the superintendent agree to meet with the Association’s Board of Directors at mutually agreed upon times to discuss matters of interest and concern.,The Board of Education and the superintendent,management,worker,,False,active,plain,other,obligation,False,0.0,other,True,
montgomery_county_public_schools__mcea_contract_fy15_fy17_3_15_14__d1f7af4d,MCEA-Contract-FY15-FY17-3-15-14.pdf,Montgomery County Public Schools,10,The Association’s Board of Directors will submit items to be included on the agenda five working days prior to the meeting.,The Association’s Board of Directors,worker,worker,will,False,active,plain,obligation,obligation,True,0.9,other,True,
montgomery_county_public_schools__mcea_contract_fy15_fy17_3_15_14__d1f7af4d,MCEA-Contract-FY15-FY17-3-15-14.pdf,Montgomery County Public Schools,10,The Association’s Board of Directors will meet with the superintendent at least once a month during the term of this agreement to review and discuss matters of mutual concern and administration of this Agreement,The Association’s Board of Directors,worker,worker,will,False,active,plain,obligation,obligation,True,0.9,other,True,
montgomery_county_public_schools__mcea_contract_fy15_fy17_3_15_14__d1f7af4d,MCEA-Contract-FY15-FY17-3-15-14.pdf,Montgomery County Public Schools,11,Managers and supervisors must model this behavior,Managers and supervisors,management,worker,must,False,active,plain,obligation,obligation,True,1.0,safety_and_working_conditions,True,
montgomery_county_public_schools__mcea_contract_fy15_fy17_3_15_14__d1f7af4d,MCEA-Contract-FY15-FY17-3-15-14.pdf,Montgomery County Public Schools,11,all employees are expected to exhibit this behavior at all times.,all employees,worker,management,,False,active,obligation_verb,obligation,obligation,True,0.85,teacher_rights_and_conduct,True,
montgomery_county_public_schools__mcea_contract_fy15_fy17_3_15_14__d1f7af4d,MCEA-Contract-FY15-FY17-3-15-14.pdf,Montgomery County Public Schools,11,"In addition, all employees are expected to provide and receive feedback constructively and respectfully.",all employees,worker,management,,False,active,obligation_verb,obligation,obligation,True,0.85,teacher_rights_and_conduct,True,
montgomery_county_public_schools__mcea_contract_fy15_fy17_3_15_14__d1f7af4d,MCEA-Contract-FY15-FY17-3-15-14.pdf,Montgomery County Public Schools,11,"In order to be successful, the parties expect all staff to respect individual and group differences and to recognize that diverse opinions, perspectives, experiences, and backgrounds help MCPS attain the high expectations we have for all students.",the parties,other,worker,,False,active,obligation_verb,obligation,obligation,True,0.85,safety_and_working_conditions,True,
montgomery_county_public_schools__mcea_contract_fy15_fy17_3_15_14__d1f7af4d,MCEA-Contract-FY15-FY17-3-15-14.pdf,Montgomery County Public Schools,13,"The membership of this committee will include the president and executive director of each of the employee organizations, the deputy superintendent, and the chief operating officer (COO).",The membership of this committee,other,worker,will,False,active,plain,obligation,obligation,True,0.9,other,True,
montgomery_county_public_schools__mcea_contract_fy15_fy17_3_15_14__d1f7af4d,MCEA-Contract-FY15-FY17-3-15-14.pdf,Montgomery County Public Schools,13,"The membership of the Executive Leadership Team will include the president and executive director of each of the employee organizations, the deputy superintendent, the COO, other MCPS leadership.",The membership of the Executive Leadership Team,other,worker,will,False,active,plain,obligation,obligation,True,0.9,other,True,
montgomery_county_public_schools__mcea_contract_fy15_fy17_3_15_14__d1f7af4d,MCEA-Contract-FY15-FY17-3-15-14.pdf,Montgomery County Public Schools,13,The presidents or designees of each employee organization will serve on the Team,The presidents or designees of each employee organization,worker,management,will,False,active,plain,obligation,obligation,True,0.9,other,True,
montgomery_county_public_schools__mcea_contract_fy15_fy17_3_15_14__d1f7af4d,MCEA-Contract-FY15-FY17-3-15-14.pdf,Montgomery County Public Schools,13,The presidents or designees of each employee organization will join designees from central services as identified in the approved charge statement.,The presidents or designees of each employee organization,worker,management,will,False,active,plain,obligation,obligation,True,0.9,other,True,
montgomery_county_public_schools__mcea_contract_fy15_fy17_3_15_14__d1f7af4d,MCEA-Contract-FY15-FY17-3-15-14.pdf,Montgomery County Public Schools,13,"In addition a subcommittee designed to focus on the professional learning needs of MCEA unit members, will operate to provide input to the full Cross-functional Team",a subcommittee designed to focus on the professional learning needs of MCEA unit members,other,worker,will,False,active,plain,obligation,obligation,True,0.9,professional_development,True,
montgomery_county_public_schools__mcea_contract_fy15_fy17_3_15_14__d1f7af4d,MCEA-Contract-FY15-FY17-3-15-14.pdf,Montgomery County Public Schools,13,"a subcommittee designed to focus on the professional learning needs of MCEA unit members, will include three (3) to six (6) additional MCEA members.",a subcommittee designed to focus on the professional learning needs of MCEA unit members,other,worker,will,False,active,plain,obligation,obligation,True,0.9,professional_development,True,
montgomery_county_public_schools__mcea_contract_fy15_fy17_3_15_14__d1f7af4d,MCEA-Contract-FY15-FY17-3-15-14.pdf,Montgomery County Public Schools,13,The parties are committed to working with the other unions to provide oversight for collaborative problem solving in MCPS.,The parties,other,worker,,False,active,obligation_verb,obligation,obligation,True,0.85,other,True,
montgomery_county_public_schools__mcea_contract_fy15_fy17_3_15_14__d1f7af4d,MCEA-Contract-FY15-FY17-3-15-14.pdf,Montgomery County Public Schools,13,A multi-stakeholder committee will support the ADC with this work.,A multi-stakeholder committee,other,worker,will,False,active,plain,obligation,obligation,True,0.9,other,True,
montgomery_county_public_schools__mcea_contract_fy15_fy17_3_15_14__d1f7af4d,MCEA-Contract-FY15-FY17-3-15-14.pdf,Montgomery County Public Schools,13,The vice presidents of the three employee organizations will co-chair this committee.,The vice presidents of the three employee organizations,worker,management,will,False,active,plain,obligation,obligation,True,0.9,other,True,
montgomery_county_public_schools__mcea_contract_fy15_fy17_3_15_14__d1f7af4d,MCEA-Contract-FY15-FY17-3-15-14.pdf,Montgomery County Public Schools,13,The job description of these three vice presidents will include the work of the committee as part of their ongoing duties and responsibilities.,The job description of these three vice presidents,other,worker,will,False,active,plain,obligation,obligation,True,0.9,other,True,
montgomery_county_public_schools__mcea_contract_fy15_fy17_3_15_14__d1f7af4d,MCEA-Contract-FY15-FY17-3-15-14.pdf,Montgomery County Public Schools,13,The initial work will be to develop an action plan to address opportunities to improve the coordination and alignment of the collaborative problem solving initiatives in MCPS.,The initial work,other,worker,will,False,active,plain,obligation,obligation,True,0.9,other,True,
montgomery_county_public_schools__mcea_contract_fy15_fy17_3_15_14__d1f7af4d,MCEA-Contract-FY15-FY17-3-15-14.pdf,Montgomery County Public Schools,13,This committee also will monitor the implementation of the Alternative Dispute Resolution Program.,This committee,other,worker,will,False,active,plain,obligation,obligation,True,0.9,discipline,True,
montgomery_county_public_schools__mcea_contract_fy15_fy17_3_15_14__d1f7af4d,MCEA-Contract-FY15-FY17-3-15-14.pdf,Montgomery County Public Schools,13,The leadership of each of the employee organizations is invited to be a member of each of the three implementation teams.,The leadership of each of the employee organizations,worker,worker,,False,passive,permission_verb,permission,permission,True,0.85,other,True,
montgomery_county_public_schools__mcea_contract_fy15_fy17_3_15_14__d1f7af4d,MCEA-Contract-FY15-FY17-3-15-14.pdf,Montgomery County Public Schools,14,The vice president of MCEA co-chairs the Teachers PGS Implementation Team and PAR Panel.,The vice president of MCEA,worker,worker,,False,active,plain,other,other,True,0.0,other,True,
montgomery_county_public_schools__mcea_contract_fy15_fy17_3_15_14__d1f7af4d,MCEA-Contract-FY15-FY17-3-15-14.pdf,Montgomery County Public Schools,14,This commitment requires the parties to take appropriate steps to deescalate situations in schools or other work sites and to collaborate with representatives of the other unions and the appropriate MCPS office to resolve issues quickly at the lowest level possible.,This commitment,other,worker,,False,active,plain,other,obligation,False,0.0,other,True,
montgomery_county_public_schools__mcea_contract_fy15_fy17_3_15_14__d1f7af4d,MCEA-Contract-FY15-FY17-3-15-14.pdf,Montgomery County Public Schools,14,This may require providing resources and supports to schools and work sites to help them address their climate issues.,This,other,worker,may,False,active,plain,permission,permission,True,0.3,safety_and_working_conditions,True,
montgomery_county_public_schools__mcea_contract_fy15_fy17_3_15_14__d1f7af4d,MCEA-Contract-FY15-FY17-3-15-14.pdf,Montgomery County Public Schools,14,will be used jointly by all parties to identify successful practices of an organization and provide opportunities to identify areas for improvement.,Such surveys,management,worker,will,False,passive,plain,obligation,obligation,True,0.9,evaluation,True,
montgomery_county_public_schools__mcea_contract_fy15_fy17_3_15_14__d1f7af4d,MCEA-Contract-FY15-FY17-3-15-14.pdf,Montgomery County Public Schools,14,These surveys should be considered important feedback.,These surveys,management,worker,should,False,passive,plain,obligation,obligation,True,0.7,evaluation,True,
montgomery_county_public_schools__mcea_contract_fy15_fy17_3_15_14__d1f7af4d,MCEA-Contract-FY15-FY17-3-15-14.pdf,Montgomery County Public Schools,14,Time will be provided during the workday for employees to complete surveys such as the current Gallup survey.,Time,management,worker,will,False,passive,rights_passive,right,obligation,False,0.9,other,True,
montgomery_county_public_schools__mcea_contract_fy15_fy17_3_15_14__d1f7af4d,MCEA-Contract-FY15-FY17-3-15-14.pdf,Montgomery County Public Schools,14,"The questions on these surveys will be reviewed by all parties on a regular basis to be certain they are updated to reflect changes in the organization, new responsibilities, and new initiatives.",The questions on these surveys,management,worker,will,False,passive,plain,obligation,obligation,True,0.9,other,True,
montgomery_county_public_schools__mcea_contract_fy15_fy17_3_15_14__d1f7af4d,MCEA-Contract-FY15-FY17-3-15-14.pdf,Montgomery County Public Schools,14,"Unit members will have Web-based access to both summary data and specific item analysis for the Staff Survey of the School/Office Environment for their worksite, provided there was a sufficient response rate to report out valid data.",Unit members,worker,worker,will,False,active,plain,obligation,right,False,0.9,other,True,
montgomery_county_public_schools__mcea_contract_fy15_fy17_3_15_14__d1f7af4d,MCEA-Contract-FY15-FY17-3-15-14.pdf,Montgomery County Public Schools,14,"The parties agree to maintain and expand the use of the Labor Management Collaboration Committee (LMCC), a district-level joint committee",The parties,other,worker,,False,active,plain,other,obligation,False,0.0,other,True,
montgomery_county_public_schools__mcea_contract_fy15_fy17_3_15_14__d1f7af4d,MCEA-Contract-FY15-FY17-3-15-14.pdf,Montgomery County Public Schools,15,"The parties agree to maintain and expand the use of the Labor Management Collaboration Committee (LMCC), a district-level joint committee that provides for regular, on-going discussions and decision-making on matters germane to union-management relations and, when appropriate, to the continuous improvement of instruction and school system operations.",The parties,other,worker,,False,active,plain,other,obligation,False,0.0,other,True,
montgomery_county_public_schools__mcea_contract_fy15_fy17_3_15_14__d1f7af4d,MCEA-Contract-FY15-FY17-3-15-14.pdf,Montgomery County Public Schools,15,"Each party shall identify at least four representatives, and no more than six representatives, as permanent members of the committee.",Each party,other,worker,shall,False,active,plain,obligation,obligation,True,1.0,other,True,
montgomery_county_public_schools__mcea_contract_fy15_fy17_3_15_14__d1f7af4d,MCEA-Contract-FY15-FY17-3-15-14.pdf,Montgomery County Public Schools,15,Any school leadership team that desires to waive a portion or section of this collective bargaining agreement shall first meet with the MCEA President or his/her designee and the appropriate Associate Superintendent from the Office of School Support and Improvement to discuss what the interest is in requesting such a waiver.,Any school leadership team that desires to waive a portion or section of this collective bargaining agreement,management,worker,shall,False,active,plain,obligation,obligation,True,1.0,other,True,
montgomery_county_public_schools__mcea_contract_fy15_fy17_3_15_14__d1f7af4d,MCEA-Contract-FY15-FY17-3-15-14.pdf,Montgomery County Public Schools,15,"Following this meeting, if the leadership team is still interested in pursuing a waiver, it is expected to follow an interest-based decision-making process to discuss the waiver request:",it,management,worker,,False,active,obligation_verb,obligation,obligation,True,0.85,other,True,
montgomery_county_public_schools__mcea_contract_fy15_fy17_3_15_14__d1f7af4d,MCEA-Contract-FY15-FY17-3-15-14.pdf,Montgomery County Public Schools,15,The issue should first be clearly articulated,The issue,management,worker,should,False,passive,plain,obligation,obligation,True,0.7,other,True,
montgomery_county_public_schools__mcea_contract_fy15_fy17_3_15_14__d1f7af4d,MCEA-Contract-FY15-FY17-3-15-14.pdf,Montgomery County Public Schools,15,The interests of the parties should be discussed,The interests of the parties,management,worker,should,False,passive,plain,obligation,obligation,True,0.7,other,True,
montgomery_county_public_schools__mcea_contract_fy15_fy17_3_15_14__d1f7af4d,MCEA-Contract-FY15-FY17-3-15-14.pdf,Montgomery County Public Schools,15,Those interests that are shared should be identified,Those interests that are shared,management,worker,should,False,passive,plain,obligation,obligation,True,0.7,other,True,
montgomery_county_public_schools__mcea_contract_fy15_fy17_3_15_14__d1f7af4d,MCEA-Contract-FY15-FY17-3-15-14.pdf,Montgomery County Public Schools,15,The team should discuss different options and determine which options address the issue and meet the shared interests,The team,management,worker,should,False,active,plain,obligation,obligation,True,0.7,other,True,
montgomery_county_public_schools__mcea_contract_fy15_fy17_3_15_14__d1f7af4d,MCEA-Contract-FY15-FY17-3-15-14.pdf,Montgomery County Public Schools,15,"The team should determine if they can reach agreement on one option, and if they can, they should communicate this waiver request to the other unit members in the school and share their intent to submit the request to the LMCC.",The team,management,,should,False,active,plain,obligation,,False,0.7,,True,
montgomery_county_public_schools__mcea_contract_fy15_fy17_3_15_14__d1f7af4d,MCEA-Contract-FY15-FY17-3-15-14.pdf,Montgomery County Public Schools,15,"The LMCC will ask representatives of the school leadership team to present their request at a LMCC meeting and describe why they believe it should be approved, the process that was followed, the interests that are being addressed, and the other options that were considered.",The LMCC,other,,will,False,active,plain,obligation,,False,0.9,,True,
montgomery_county_public_schools__mcea_contract_fy15_fy17_3_15_14__d1f7af4d,MCEA-Contract-FY15-FY17-3-15-14.pdf,Montgomery County Public Schools,15,The LMCC will deliberate following this presentation,The LMCC,other,,will,False,active,plain,obligation,,False,0.9,,True,
montgomery_county_public_schools__mcea_contract_fy15_fy17_3_15_14__d1f7af4d,MCEA-Contract-FY15-FY17-3-15-14.pdf,Montgomery County Public Schools,15,The LMCC may either make a decision at the time or request additional information so that the decision can be made at the following LMCC meeting.,The LMCC,other,,may,False,active,plain,permission,,False,0.3,,True,
montgomery_county_public_schools__mcea_contract_fy15_fy17_3_15_14__d1f7af4d,MCEA-Contract-FY15-FY17-3-15-14.pdf,Montgomery County Public Schools,15,The waiver will be reviewed annually by the LMCC.,The waiver,other,,will,False,passive,plain,obligation,,False,0.9,,True,
montgomery_county_public_schools__mcea_contract_fy15_fy17_3_15_14__d1f7af4d,MCEA-Contract-FY15-FY17-3-15-14.pdf,Montgomery County Public Schools,16,and may either make a decision at the time or request additional information so that the decision can be made at the following LMCC meeting.,The LMCC,other,,may,False,active,plain,permission,,False,0.3,,True,Implied subject from preceding clause.
montgomery_county_public_schools__mcea_contract_fy15_fy17_3_15_14__d1f7af4d,MCEA-Contract-FY15-FY17-3-15-14.pdf,Montgomery County Public Schools,16,Waiver requests that involve contract waivers for more than just the MCEA bargaining unit will be referred to the Associations/Deputies/Chief Operating Officer (ADC) Committee for review and decision.,Waiver requests that involve contract waivers for more than just the MCEA bargaining unit,management,,will,False,passive,plain,obligation,,False,0.9,,True,
montgomery_county_public_schools__mcea_contract_fy15_fy17_3_15_14__d1f7af4d,MCEA-Contract-FY15-FY17-3-15-14.pdf,Montgomery County Public Schools,16,Such committees will report back to the LMCC.,Such committees,other,,will,False,active,plain,obligation,,False,0.9,,True,
montgomery_county_public_schools__mcea_contract_fy15_fy17_3_15_14__d1f7af4d,MCEA-Contract-FY15-FY17-3-15-14.pdf,Montgomery County Public Schools,16,"The LMCC shall be authorized to establish the membership charge and the tasks of these committees as well as discontinue the joint committees when their work is completed, task forces.",The LMCC,other,,shall,False,passive,permission_verb,permission,,False,1.0,,True,
montgomery_county_public_schools__mcea_contract_fy15_fy17_3_15_14__d1f7af4d,MCEA-Contract-FY15-FY17-3-15-14.pdf,Montgomery County Public Schools,16,The LMCC will review recommendations and implementation plans for final decisions.,The LMCC,other,,will,False,active,plain,obligation,,False,0.9,,True,
montgomery_county_public_schools__mcea_contract_fy15_fy17_3_15_14__d1f7af4d,MCEA-Contract-FY15-FY17-3-15-14.pdf,Montgomery County Public Schools,16,Recommendations for such changes or corrections to the Agreement shall be subject to internal ratification and approval procedures of MCPS and MCEA.,Recommendations for such changes or corrections to the Agreement,other,,shall,False,active,plain,obligation,,False,1.0,,True,
montgomery_county_public_schools__mcea_contract_fy15_fy17_3_15_14__d1f7af4d,MCEA-Contract-FY15-FY17-3-15-14.pdf,Montgomery County Public Schools,16,"Where resolution is not possible within the LMCC, the LMCC is authorized to involve a third party facilitator or other problem-solving process to help the parties reach agreement.",the LMCC,other,,,False,passive,permission_verb,permission,,False,0.85,,True,Main clause: 'the LMCC is authorized to involve...'
montgomery_county_public_schools__mcea_contract_fy15_fy17_3_15_14__d1f7af4d,MCEA-Contract-FY15-FY17-3-15-14.pdf,Montgomery County Public Schools,16,The committee will develop ground rules that will guide its deliberations.,The committee,other,,will,False,active,plain,obligation,,False,0.9,,True,
montgomery_county_public_schools__mcea_contract_fy15_fy17_3_15_14__d1f7af4d,MCEA-Contract-FY15-FY17-3-15-14.pdf,Montgomery County Public Schools,16,The LMCC will consider the following collaborative venues determined by the parties to be of high priority.,The LMCC,other,,will,False,active,plain,obligation,,False,0.9,,True,
montgomery_county_public_schools__mcea_contract_fy15_fy17_3_15_14__d1f7af4d,MCEA-Contract-FY15-FY17-3-15-14.pdf,Montgomery County Public Schools,16,"The Councils on Teaching and Learning (CTL) continue to provide school-based unit members an opportunity to discuss, collaborate with MCPS staff and communicate about MCPS initiatives related to curriculum, assessment, instruction, and staff development.",The Councils on Teaching and Learning (CTL),worker,,,False,active,plain,other,,False,0.0,,True,
montgomery_county_public_schools__mcea_contract_fy15_fy17_3_15_14__d1f7af4d,MCEA-Contract-FY15-FY17-3-15-14.pdf,Montgomery County Public Schools,16,The representatives on the CTL will provide the perspective of teachers at each grade level and in each subject discipline.,The representatives on the CTL,worker,,will,False,active,plain,obligation,,False,0.9,,True,
montgomery_county_public_schools__mcea_contract_fy15_fy17_3_15_14__d1f7af4d,MCEA-Contract-FY15-FY17-3-15-14.pdf,Montgomery County Public Schools,16,They will participate with MCPS representatives in collaborative problem-solving regarding matters germane to curriculum and staff development.,They,worker,,will,False,active,plain,obligation,,False,0.9,,True,Pronoun refers to CTL representatives.
montgomery_county_public_schools__mcea_contract_fy15_fy17_3_15_14__d1f7af4d,MCEA-Contract-FY15-FY17-3-15-14.pdf,Montgomery County Public Schools,16,"They will communicate regularly with their constituency groups for feedback, input and suggestions on how to improve instruction through the use of curricular tools and professional development activities.",They,worker,,will,False,active,plain,obligation,,False,0.9,,True,Pronoun refers to CTL representatives.
montgomery_county_public_schools__mcea_contract_fy15_fy17_3_15_14__d1f7af4d,MCEA-Contract-FY15-FY17-3-15-14.pdf,Montgomery County Public Schools,16,Any new systemwide assessments will be presented to and discussed with the CTL prior to any final decision on implementation.,Any new systemwide assessments,management,,will,False,passive,plain,obligation,,False,0.9,,True,
montgomery_county_public_schools__mcea_contract_fy15_fy17_3_15_14__d1f7af4d,MCEA-Contract-FY15-FY17-3-15-14.pdf,Montgomery County Public Schools,18,The agenda for these meetings should be developed collaboratively,The agenda for these meetings,management,,should,False,passive,plain,obligation,,False,0.7,,True,
montgomery_county_public_schools__mcea_contract_fy15_fy17_3_15_14__d1f7af4d,MCEA-Contract-FY15-FY17-3-15-14.pdf,Montgomery County Public Schools,18,the meetings will be chaired by the appropriate central services supervisor.,the meetings,management,,will,False,passive,plain,obligation,,False,0.9,,True,
montgomery_county_public_schools__mcea_contract_fy15_fy17_3_15_14__d1f7af4d,MCEA-Contract-FY15-FY17-3-15-14.pdf,Montgomery County Public Schools,18,These meetings should use collaborative problem solving strategies to ensure that school-based leadership staff are engaged in critical decision making.,These meetings,other,,should,False,active,plain,obligation,,False,0.7,,True,Inanimate subject.
montgomery_county_public_schools__mcea_contract_fy15_fy17_3_15_14__d1f7af4d,MCEA-Contract-FY15-FY17-3-15-14.pdf,Montgomery County Public Schools,18,the committee will consider the following collaborative projects determined by the parties to be of high priority.,the committee,other,,will,False,active,plain,obligation,,False,0.9,,True,
montgomery_county_public_schools__mcea_contract_fy15_fy17_3_15_14__d1f7af4d,MCEA-Contract-FY15-FY17-3-15-14.pdf,Montgomery County Public Schools,18,The Labor Management Collaboration Committee will discuss systemic structures and processes that engage school-based staff in decision making about the strategic direction and priorities of MCPS.,The Labor Management Collaboration Committee,other,,will,False,active,plain,obligation,,False,0.9,,True,
montgomery_county_public_schools__mcea_contract_fy15_fy17_3_15_14__d1f7af4d,MCEA-Contract-FY15-FY17-3-15-14.pdf,Montgomery County Public Schools,18,"This feedback will be gathered at the local school level through focus groups, surveys, or other processes.",This feedback,management,,will,False,passive,plain,obligation,,False,0.9,,True,
montgomery_county_public_schools__mcea_contract_fy15_fy17_3_15_14__d1f7af4d,MCEA-Contract-FY15-FY17-3-15-14.pdf,Montgomery County Public Schools,18,A technology committee will be established to address the ongoing needs and concerns of school-based users.,A technology committee,management,,will,False,passive,plain,obligation,,False,0.9,,True,
montgomery_county_public_schools__mcea_contract_fy15_fy17_3_15_14__d1f7af4d,MCEA-Contract-FY15-FY17-3-15-14.pdf,Montgomery County Public Schools,18,"The committee will advise and support the Office of the Chief Technology Officer (OCTO) in defining and developing technology solutions that will streamline administrative processes, save time, and improve operations.",The committee,other,,will,False,active,plain,obligation,,False,0.9,,True,
montgomery_county_public_schools__mcea_contract_fy15_fy17_3_15_14__d1f7af4d,MCEA-Contract-FY15-FY17-3-15-14.pdf,Montgomery County Public Schools,18,"This advisory group will represent a diverse range of perspectives, grade levels, and types of teaching positions.",This advisory group,other,,will,False,active,plain,obligation,,False,0.9,,True,
montgomery_county_public_schools__mcea_contract_fy15_fy17_3_15_14__d1f7af4d,MCEA-Contract-FY15-FY17-3-15-14.pdf,Montgomery County Public Schools,18,"The committee will initiate work with staff from OCTO, along with school administrators, to prioritize and define the requirements for a number of time-saving and operational effectiveness opportunities.",The committee,other,,will,False,active,plain,obligation,,False,0.9,,True,
montgomery_county_public_schools__mcea_contract_fy15_fy17_3_15_14__d1f7af4d,MCEA-Contract-FY15-FY17-3-15-14.pdf,Montgomery County Public Schools,18,The parties agree to establish a committee to consider all of the issues and implications related to establishing online courses for students during the regular school day.,The parties,other,,,False,active,plain,other,,False,0.0,,True,
montgomery_county_public_schools__mcea_contract_fy15_fy17_3_15_14__d1f7af4d,MCEA-Contract-FY15-FY17-3-15-14.pdf,Montgomery County Public Schools,19,parties agree to establish a committee to consider all of the issues and implications related to establishing online courses for students during the regular school day.,parties,other,management,,False,active,plain,other,obligation,False,0.0,other,True,
montgomery_county_public_schools__mcea_contract_fy15_fy17_3_15_14__d1f7af4d,MCEA-Contract-FY15-FY17-3-15-14.pdf,Montgomery County Public Schools,19,"When the Board of Education wishes to move positions into the MCEA unit or out of the MCEA unit, such movement shall be subject to negotiations between the parties.",such movement,other,worker,shall,False,active,obligation_verb,obligation,obligation,True,1.0,other,True,
montgomery_county_public_schools__mcea_contract_fy15_fy17_3_15_14__d1f7af4d,MCEA-Contract-FY15-FY17-3-15-14.pdf,Montgomery County Public Schools,19,"Where unit members have identical employment dates, the dates they signed their individual employment contracts shall be determinative of seniority.",the dates they signed their individual employment contracts,other,worker,shall,False,active,plain,obligation,obligation,True,1.0,seniority,True,
montgomery_county_public_schools__mcea_contract_fy15_fy17_3_15_14__d1f7af4d,MCEA-Contract-FY15-FY17-3-15-14.pdf,Montgomery County Public Schools,19,"If two or more unit members have the same date of signature, seniority shall be permanently determined by chance.",seniority,other,worker,shall,False,passive,plain,obligation,obligation,True,1.0,seniority,True,
montgomery_county_public_schools__mcea_contract_fy15_fy17_3_15_14__d1f7af4d,MCEA-Contract-FY15-FY17-3-15-14.pdf,Montgomery County Public Schools,20,"If a temporary employee serves in this same assignment in excess of 700 hours in a school year, a position shall be included in the superintendent's next yearly budget request to cover that assignment.",a position,management,worker,shall,False,passive,plain,obligation,obligation,True,1.0,job_security,True,
montgomery_county_public_schools__mcea_contract_fy15_fy17_3_15_14__d1f7af4d,MCEA-Contract-FY15-FY17-3-15-14.pdf,Montgomery County Public Schools,20,An employee in a temporary assignment for which a position has been approved shall be employed on a regular contract and assigned to that position.,An employee in a temporary assignment for which a position has been approved,management,worker,shall,False,passive,plain,obligation,obligation,True,1.0,job_security,True,
montgomery_county_public_schools__mcea_contract_fy15_fy17_3_15_14__d1f7af4d,MCEA-Contract-FY15-FY17-3-15-14.pdf,Montgomery County Public Schools,20,"After the position becomes permanent, the incumbent shall be entitled to the same benefits and protection as all other unit members in permanent positions in the bargaining unit.",the incumbent,management,worker,shall,False,passive,rights_passive,right,right,True,1.0,benefits,True,
montgomery_county_public_schools__mcea_contract_fy15_fy17_3_15_14__d1f7af4d,MCEA-Contract-FY15-FY17-3-15-14.pdf,Montgomery County Public Schools,20,The Board will amend its written policies and take such other action as may be necessary to give full force and effect to the provisions of this Agreement.,The Board,management,worker,will,False,active,plain,obligation,obligation,True,0.9,other,True,
montgomery_county_public_schools__mcea_contract_fy15_fy17_3_15_14__d1f7af4d,MCEA-Contract-FY15-FY17-3-15-14.pdf,Montgomery County Public Schools,20,The MCEA will print copies of the Agreement.,The MCEA,worker,management,will,False,active,plain,obligation,obligation,True,0.9,other,True,
montgomery_county_public_schools__mcea_contract_fy15_fy17_3_15_14__d1f7af4d,MCEA-Contract-FY15-FY17-3-15-14.pdf,Montgomery County Public Schools,20,The Board will distribute a copy to each newly-hired unit member.,The Board,management,worker,will,False,active,plain,obligation,obligation,True,0.9,other,True,
montgomery_county_public_schools__mcea_contract_fy15_fy17_3_15_14__d1f7af4d,MCEA-Contract-FY15-FY17-3-15-14.pdf,Montgomery County Public Schools,20,MCEA will receive one copy of the Agreement for each unit,MCEA,worker,worker,will,False,active,rights_active,right,right,True,0.9,other,True,Clause truncated at the end of the chunk.
montgomery_county_public_schools__mcea_contract_fy15_fy17_3_15_14__d1f7af4d,MCEA-Contract-FY15-FY17-3-15-14.pdf,Montgomery County Public Schools,21,MCEA will receive one copy of the Agreement for each unit member,MCEA,worker,worker,will,False,active,rights_active,right,right,True,0.9,other,True,
montgomery_county_public_schools__mcea_contract_fy15_fy17_3_15_14__d1f7af4d,MCEA-Contract-FY15-FY17-3-15-14.pdf,Montgomery County Public Schools,21,MCEA shall be responsible for distribution to each unit member.,MCEA,worker,management,shall,False,active,plain,obligation,obligation,True,1.0,other,True,
montgomery_county_public_schools__mcea_contract_fy15_fy17_3_15_14__d1f7af4d,MCEA-Contract-FY15-FY17-3-15-14.pdf,Montgomery County Public Schools,21,The parties will share equally in the cost of printing the Agreement.,The parties,other,management,will,False,active,plain,obligation,obligation,True,0.9,other,True,
montgomery_county_public_schools__mcea_contract_fy15_fy17_3_15_14__d1f7af4d,MCEA-Contract-FY15-FY17-3-15-14.pdf,Montgomery County Public Schools,21,"Each party will be given 1,000 additional copies of the Agreement.",Each party,other,worker,will,False,passive,rights_passive,right,right,True,0.9,other,True,
montgomery_county_public_schools__mcea_contract_fy15_fy17_3_15_14__d1f7af4d,MCEA-Contract-FY15-FY17-3-15-14.pdf,Montgomery County Public Schools,21,"Any written communication to be given by one party to the other under this Agreement will be given by telegram, registered mail, regular mail, or personally receipted mail.",Any written communication,other,worker,will,False,passive,plain,obligation,obligation,True,0.9,other,True,
montgomery_county_public_schools__mcea_contract_fy15_fy17_3_15_14__d1f7af4d,MCEA-Contract-FY15-FY17-3-15-14.pdf,Montgomery County Public Schools,21,"If given by the Board, said notice will be sent to the Montgomery County Education Association, 12 Taft Court, Rockville, Maryland 20850",said notice,management,worker,will,False,passive,plain,obligation,obligation,True,0.9,other,True,
montgomery_county_public_schools__mcea_contract_fy15_fy17_3_15_14__d1f7af4d,MCEA-Contract-FY15-FY17-3-15-14.pdf,Montgomery County Public Schools,21,"and if given by the Association, such notice will be sent to the Board of Education of Montgomery County, 850 Hungerford Drive, Rockville, Maryland 20850.",such notice,worker,management,will,False,passive,plain,obligation,obligation,True,0.9,other,True,
montgomery_county_public_schools__mcea_contract_fy15_fy17_3_15_14__d1f7af4d,MCEA-Contract-FY15-FY17-3-15-14.pdf,Montgomery County Public Schools,21,"Either party may, by like written notice, change the address at which notice to it may be given.",Either party,other,worker,may,False,active,plain,permission,permission,True,0.3,other,True,
montgomery_county_public_schools__mcea_contract_fy15_fy17_3_15_14__d1f7af4d,MCEA-Contract-FY15-FY17-3-15-14.pdf,Montgomery County Public Schools,21,Any article in this Agreement that is dependent for its fulfillment upon public funds shall be subject to and contingent upon funding by the County Council of Montgomery County or upon subsequent renegotiation as described elsewhere in this Agreement.,Any article,other,management,shall,False,active,plain,obligation,obligation,True,1.0,compensation,True,
montgomery_county_public_schools__mcea_contract_fy15_fy17_3_15_14__d1f7af4d,MCEA-Contract-FY15-FY17-3-15-14.pdf,Montgomery County Public Schools,21,This Agreement incorporates the entire understanding of the parties on all matters which were or could have been the subject of negotiation.,This Agreement,other,management,could,False,active,plain,permission,other,False,0.2,other,True,
montgomery_county_public_schools__mcea_contract_fy15_fy17_3_15_14__d1f7af4d,MCEA-Contract-FY15-FY17-3-15-14.pdf,Montgomery County Public Schools,21,"During the term of this Agreement, neither party will be required to negotiate with respect to any matters whether or not covered by this Agreement and whether or not within the knowledge or contemplation of either or both of the parties at the time they negotiated or executed this Agreement.",neither party,other,management,will,True,passive,obligation_verb,right,right,True,0.9,other,True,
montgomery_county_public_schools__mcea_contract_fy15_fy17_3_15_14__d1f7af4d,MCEA-Contract-FY15-FY17-3-15-14.pdf,Montgomery County Public Schools,21,The terms of this Agreement shall not be construed in such a way as to prohibit the Board of Education from providing a racially or sexually balanced staff in each building or program or for the purpose of implementing an affirmative action program.,The terms of this Agreement,other,management,shall,True,passive,plain,prohibition,prohibition,True,1.0,other,True,
montgomery_county_public_schools__mcea_contract_fy15_fy17_3_15_14__d1f7af4d,MCEA-Contract-FY15-FY17-3-15-14.pdf,Montgomery County Public Schools,21,"A unit member wishing to terminate employment, or vacate his/her position, must give written notice to the Office of Human Resources and Development on or before July 15.",A unit member,worker,management,must,False,active,plain,obligation,obligation,True,1.0,other,True,
montgomery_county_public_schools__mcea_contract_fy15_fy17_3_15_14__d1f7af4d,MCEA-Contract-FY15-FY17-3-15-14.pdf,Montgomery County Public Schools,21,A probationary unit member must provide such written notice no later than May 1,A probationary unit member,worker,management,must,False,active,plain,obligation,obligation,True,1.0,other,True,
montgomery_county_public_schools__mcea_contract_fy15_fy17_3_15_14__d1f7af4d,MCEA-Contract-FY15-FY17-3-15-14.pdf,Montgomery County Public Schools,21,a probationary unit member hired on or after January 1 must do so no later than June 15.,a probationary unit member hired on or after January 1,worker,management,must,False,active,plain,obligation,obligation,True,1.0,other,True,
montgomery_county_public_schools__mcea_contract_fy15_fy17_3_15_14__d1f7af4d,MCEA-Contract-FY15-FY17-3-15-14.pdf,Montgomery County Public Schools,21,"Except in cases of emergency, resignations with less than proper notice will be considered a breach of contract.",resignations with less than proper notice,other,management,will,False,passive,plain,obligation,obligation,True,0.9,other,True,
montgomery_county_public_schools__mcea_contract_fy15_fy17_3_15_14__d1f7af4d,MCEA-Contract-FY15-FY17-3-15-14.pdf,Montgomery County Public Schools,21,Announcements will be made regarding the notice requirements in early April and late May through appropriate vehicles.,Announcements,management,worker,will,False,passive,plain,obligation,obligation,True,0.9,other,True,
montgomery_county_public_schools__mcea_contract_fy15_fy17_3_15_14__d1f7af4d,MCEA-Contract-FY15-FY17-3-15-14.pdf,Montgomery County Public Schools,21,The Department of Recruitment and Staffing will monitor the receipt of resignations.,The Department of Recruitment and Staffing,management,management,will,False,active,plain,obligation,obligation,True,0.9,other,True,
montgomery_county_public_schools__mcea_contract_fy15_fy17_3_15_14__d1f7af4d,MCEA-Contract-FY15-FY17-3-15-14.pdf,Montgomery County Public Schools,22,the director of the Department of Recruitment and Staffing will confer with the principal and appropriate community superintendent in the Office of School Performance regarding the matter.,the director of the Department of Recruitment and Staffing,management,management,will,False,active,plain,obligation,obligation,True,0.9,other,True,
montgomery_county_public_schools__mcea_contract_fy15_fy17_3_15_14__d1f7af4d,MCEA-Contract-FY15-FY17-3-15-14.pdf,Montgomery County Public Schools,24,The elected faculty representative(s) are expected to be members of and participate on the school leadership team.,The elected faculty representative(s),worker,worker,,False,active,obligation_verb,obligation,obligation,True,0.85,other,True,
montgomery_county_public_schools__mcea_contract_fy15_fy17_3_15_14__d1f7af4d,MCEA-Contract-FY15-FY17-3-15-14.pdf,Montgomery County Public Schools,24,The elected faculty representative(s) establish a feedback and input loop with unit members to identify interests and issues that are important to them.,The elected faculty representative(s),worker,worker,,False,active,plain,other,other,True,0.0,other,True,
montgomery_county_public_schools__mcea_contract_fy15_fy17_3_15_14__d1f7af4d,MCEA-Contract-FY15-FY17-3-15-14.pdf,Montgomery County Public Schools,24,These interests and issues will be shared with the principal.,These interests and issues,worker,worker,will,False,passive,plain,obligation,obligation,True,0.9,other,True,
montgomery_county_public_schools__mcea_contract_fy15_fy17_3_15_14__d1f7af4d,MCEA-Contract-FY15-FY17-3-15-14.pdf,Montgomery County Public Schools,24,The elected faculty representative(s) and the principal will discuss them and determine how and in what venue they should be addressed and to identify topics that are important for the leadership team to address.,The elected faculty representative(s) and the principal,other,worker,will,False,active,plain,obligation,obligation,True,0.9,other,True,
montgomery_county_public_schools__mcea_contract_fy15_fy17_3_15_14__d1f7af4d,MCEA-Contract-FY15-FY17-3-15-14.pdf,Montgomery County Public Schools,24,"The principal and elected faculty representative(s) identify communications plans for sharing important information with staff about school system or school-based decisions and to communicate decisions, resolutions, and actions that have been taken.",The principal and elected faculty representative(s),other,worker,,False,active,plain,other,other,True,0.0,other,True,
montgomery_county_public_schools__mcea_contract_fy15_fy17_3_15_14__d1f7af4d,MCEA-Contract-FY15-FY17-3-15-14.pdf,Montgomery County Public Schools,24,"The team participates in MCPS training offered, including interest-based decision making training, to build capacity to operate effectively.",The team,other,worker,,False,active,plain,other,obligation,False,0.0,professional_development,True,
montgomery_county_public_schools__mcea_contract_fy15_fy17_3_15_14__d1f7af4d,MCEA-Contract-FY15-FY17-3-15-14.pdf,Montgomery County Public Schools,24,"Every school leadership team is expected to operate collaboratively, be representative of and accountable to staff, and involve staff in decision making.",Every school leadership team,other,worker,,False,active,obligation_verb,obligation,obligation,True,0.85,other,True,
montgomery_county_public_schools__mcea_contract_fy15_fy17_3_15_14__d1f7af4d,MCEA-Contract-FY15-FY17-3-15-14.pdf,Montgomery County Public Schools,24,"MCEA unit members on the team may include resource teachers, team leaders, content specialists, classroom teachers, and others designated by the principal.",MCEA unit members on the team,worker,worker,may,False,active,plain,permission,permission,True,0.3,other,True,
montgomery_county_public_schools__mcea_contract_fy15_fy17_3_15_14__d1f7af4d,MCEA-Contract-FY15-FY17-3-15-14.pdf,Montgomery County Public Schools,24,The leadership team will include the elected faculty representative.,The leadership team,other,worker,will,False,active,plain,obligation,obligation,True,0.9,other,True,
montgomery_county_public_schools__mcea_contract_fy15_fy17_3_15_14__d1f7af4d,MCEA-Contract-FY15-FY17-3-15-14.pdf,Montgomery County Public Schools,25,School leadership teams will operate in an open manner,School leadership teams,other,worker,will,False,active,plain,obligation,obligation,True,0.9,other,True,
montgomery_county_public_schools__mcea_contract_fy15_fy17_3_15_14__d1f7af4d,MCEA-Contract-FY15-FY17-3-15-14.pdf,Montgomery County Public Schools,25,their decision-making processes will be communicated to all staff.,their decision-making processes,other,worker,will,False,passive,plain,obligation,obligation,True,0.9,other,True,
montgomery_county_public_schools__mcea_contract_fy15_fy17_3_15_14__d1f7af4d,MCEA-Contract-FY15-FY17-3-15-14.pdf,Montgomery County Public Schools,25,The elected faculty representative and other MCEA unit members on the leadership team serve as a communicators and liaisons with the school’s faculty.,The elected faculty representative and other MCEA unit members on the leadership team,worker,worker,,False,active,plain,other,other,True,0.0,other,True,
montgomery_county_public_schools__mcea_contract_fy15_fy17_3_15_14__d1f7af4d,MCEA-Contract-FY15-FY17-3-15-14.pdf,Montgomery County Public Schools,25,Meetings of school leadership teams should be open to any interested staff.,Meetings of school leadership teams,other,worker,should,False,active,plain,obligation,obligation,True,0.7,other,True,
montgomery_county_public_schools__mcea_contract_fy15_fy17_3_15_14__d1f7af4d,MCEA-Contract-FY15-FY17-3-15-14.pdf,Montgomery County Public Schools,25,Leadership teams should design and implement two-way communication between staff and leadership teams.,Leadership teams,other,worker,should,False,active,plain,obligation,obligation,True,0.7,other,True,
montgomery_county_public_schools__mcea_contract_fy15_fy17_3_15_14__d1f7af4d,MCEA-Contract-FY15-FY17-3-15-14.pdf,Montgomery County Public Schools,25,"the school leadership team will be responsible for gathering input from all faculty (for example, using online surveys and Baldrige processes such as energy votes, focus groups, etc.) for use in making decisions surrounding the areas identified in A.1.a.",the school leadership team,other,worker,will,False,active,obligation_verb,obligation,obligation,True,0.9,other,True,
montgomery_county_public_schools__mcea_contract_fy15_fy17_3_15_14__d1f7af4d,MCEA-Contract-FY15-FY17-3-15-14.pdf,Montgomery County Public Schools,26,"School leadership teams also will be responsible for gathering data annually to review the effective functioning and efficiency of the leadership team as well as other teams, department, and committees in the school.",School leadership teams,worker,worker,will,False,active,plain,obligation,obligation,True,0.9,other,True,
montgomery_county_public_schools__mcea_contract_fy15_fy17_3_15_14__d1f7af4d,MCEA-Contract-FY15-FY17-3-15-14.pdf,Montgomery County Public Schools,26,One or more self-assessment instruments will be provided to leadership teams to assist them with this assessment.,One or more self-assessment instruments,other,worker,will,False,passive,rights_passive,right,right,True,0.9,other,True,
montgomery_county_public_schools__mcea_contract_fy15_fy17_3_15_14__d1f7af4d,MCEA-Contract-FY15-FY17-3-15-14.pdf,Montgomery County Public Schools,26,This self-assessment information should be provided to the school staff as well as the community superintendent and the MCEA UniServ director.,This self-assessment information,other,worker,should,False,passive,rights_passive,right,obligation,False,0.7,other,True,
montgomery_county_public_schools__mcea_contract_fy15_fy17_3_15_14__d1f7af4d,MCEA-Contract-FY15-FY17-3-15-14.pdf,Montgomery County Public Schools,26,"If the leadership team determines that there are opportunities to improve the operations of the teams and the decision-making processes in the school, a conference will be held to consider options for supporting the school.",a conference,management,worker,will,False,passive,plain,obligation,obligation,True,0.9,other,True,
montgomery_county_public_schools__mcea_contract_fy15_fy17_3_15_14__d1f7af4d,MCEA-Contract-FY15-FY17-3-15-14.pdf,Montgomery County Public Schools,26,"School leadership teams will have access to training that is provided by the School Leadership Team Institute, including training in collaborative decision-making, interest-based approaches to problem solving, facilitation, effective meetings, and team development.",School leadership teams,worker,worker,will,False,active,rights_active,right,right,True,0.9,professional_development,True,
montgomery_county_public_schools__mcea_contract_fy15_fy17_3_15_14__d1f7af4d,MCEA-Contract-FY15-FY17-3-15-14.pdf,Montgomery County Public Schools,26,The ADC will work to assure that all leadership teams have access to this training.,The ADC,management,worker,will,False,active,plain,obligation,obligation,True,0.9,professional_development,True,
montgomery_county_public_schools__mcea_contract_fy15_fy17_3_15_14__d1f7af4d,MCEA-Contract-FY15-FY17-3-15-14.pdf,Montgomery County Public Schools,26,"Leadership teams which would benefit from support in collaborative, decision-making, and representative processes and systems may request support from the Collaboration Management Coordinating Committee.","Leadership teams which would benefit from support in collaborative, decision-making, and representative processes and systems",worker,worker,may,False,active,permission_verb,permission,permission,True,0.3,other,True,
montgomery_county_public_schools__mcea_contract_fy15_fy17_3_15_14__d1f7af4d,MCEA-Contract-FY15-FY17-3-15-14.pdf,Montgomery County Public Schools,26,"Each school shall have one elected faculty representative for every 75 MCEA unit members, or portion thereof, in the school.",Each school,management,worker,shall,False,active,plain,obligation,obligation,True,1.0,other,True,
montgomery_county_public_schools__mcea_contract_fy15_fy17_3_15_14__d1f7af4d,MCEA-Contract-FY15-FY17-3-15-14.pdf,Montgomery County Public Schools,27,"Each principal will submit to the Office of School Support and Improvement at the beginning of each school year the title of the team, a complete roster of team members, and the frequency of meetings.",Each principal,management,management,will,False,active,plain,obligation,obligation,True,0.9,other,True,
montgomery_county_public_schools__mcea_contract_fy15_fy17_3_15_14__d1f7af4d,MCEA-Contract-FY15-FY17-3-15-14.pdf,Montgomery County Public Schools,27,OSSI will provide MCEA with a copy of this information.,OSSI,management,worker,will,False,active,plain,obligation,obligation,True,0.9,other,True,
montgomery_county_public_schools__mcea_contract_fy15_fy17_3_15_14__d1f7af4d,MCEA-Contract-FY15-FY17-3-15-14.pdf,Montgomery County Public Schools,27,"School leadership teams and administrators will identify the goals of the work that needs to be accomplished by teams/departments and committees, as reflected in the school improvement plans.",School leadership teams and administrators,management,worker,will,False,active,plain,obligation,obligation,True,0.9,other,True,
montgomery_county_public_schools__mcea_contract_fy15_fy17_3_15_14__d1f7af4d,MCEA-Contract-FY15-FY17-3-15-14.pdf,Montgomery County Public Schools,27,"Expectations and parameters outlined for teams, departments, and committees should include who needs to attend meetings and what needs to be accomplished through the meetings.","Expectations and parameters outlined for teams, departments, and committees",other,worker,should,False,active,plain,obligation,obligation,True,0.7,other,True,
montgomery_county_public_schools__mcea_contract_fy15_fy17_3_15_14__d1f7af4d,MCEA-Contract-FY15-FY17-3-15-14.pdf,Montgomery County Public Schools,27,"Teams, departments, and committees will determine how and when they will accomplish this work.","Teams, departments, and committees",worker,worker,will,False,active,plain,obligation,permission,False,0.9,other,True,
montgomery_county_public_schools__mcea_contract_fy15_fy17_3_15_14__d1f7af4d,MCEA-Contract-FY15-FY17-3-15-14.pdf,Montgomery County Public Schools,27,"When teams are unable to accomplish the work as identified by the school leadership team, the principal or designee will determine when the team will meet.",the principal or designee,management,management,will,False,active,plain,obligation,obligation,True,0.9,other,True,Contains a dependent conditional clause.
montgomery_county_public_schools__mcea_contract_fy15_fy17_3_15_14__d1f7af4d,MCEA-Contract-FY15-FY17-3-15-14.pdf,Montgomery County Public Schools,28,Groups that meet should evaluate their operations in relation to the above-referenced characteristics on an on-going basis.,Groups that meet,other,worker,should,False,active,plain,obligation,obligation,True,0.7,other,True,
montgomery_county_public_schools__mcea_contract_fy15_fy17_3_15_14__d1f7af4d,MCEA-Contract-FY15-FY17-3-15-14.pdf,Montgomery County Public Schools,28,"If assistance is needed, it is expected the School Leadership Team will work with the team to supply that assistance.",the School Leadership Team,management,worker,will,False,active,plain,obligation,obligation,True,0.9,professional_development,True,
montgomery_county_public_schools__mcea_contract_fy15_fy17_3_15_14__d1f7af4d,MCEA-Contract-FY15-FY17-3-15-14.pdf,Montgomery County Public Schools,28,"Given that time is a finite resource, it is expected the School Leadership Team will seek to make efficient use of all collaborative time within the building, taking advantage of technology when appropriate.",the School Leadership Team,management,management,will,False,active,plain,obligation,obligation,True,0.9,other,True,
montgomery_county_public_schools__mcea_contract_fy15_fy17_3_15_14__d1f7af4d,MCEA-Contract-FY15-FY17-3-15-14.pdf,Montgomery County Public Schools,28,"Examining what might be communicated electronically through email, web video, shared documents, or social media is the responsibility of the School Leadership Team.","Examining what might be communicated electronically through email, web video, shared documents, or social media",management,management,might,False,active,obligation_verb,obligation,obligation,True,0.1,other,True,
montgomery_county_public_schools__mcea_contract_fy15_fy17_3_15_14__d1f7af4d,MCEA-Contract-FY15-FY17-3-15-14.pdf,Montgomery County Public Schools,28,"At the district level, the Board of Education and Executive Leadership Team are responsible for encouraging, modeling and sustaining a culture necessary to support the shared responsibility for student achievement.",the Board of Education and Executive Leadership Team,management,management,,False,active,obligation_verb,obligation,obligation,True,0.85,other,True,
montgomery_county_public_schools__mcea_contract_fy15_fy17_3_15_14__d1f7af4d,MCEA-Contract-FY15-FY17-3-15-14.pdf,Montgomery County Public Schools,28,"They must continually articulate core values, reinforce the vision, and demonstrate their commitment to a new way of doing business.",They,management,management,must,False,active,plain,obligation,obligation,True,1.0,other,True,
montgomery_county_public_schools__mcea_contract_fy15_fy17_3_15_14__d1f7af4d,MCEA-Contract-FY15-FY17-3-15-14.pdf,Montgomery County Public Schools,28,The continuous improvement process requires that the central administration of the school system supports the needs of students and those who work in classrooms and schools.,The continuous improvement process,other,worker,,False,active,plain,other,other,True,0.0,other,True,
montgomery_county_public_schools__mcea_contract_fy15_fy17_3_15_14__d1f7af4d,MCEA-Contract-FY15-FY17-3-15-14.pdf,Montgomery County Public Schools,28,"They are responsible for providing the resources that are needed at the school and classroom levels, and also the resources required for the planning, critiquing, and assessment of the work of teaching and learning.",They,management,worker,,False,active,obligation_verb,obligation,obligation,True,0.85,professional_development,True,
montgomery_county_public_schools__mcea_contract_fy15_fy17_3_15_14__d1f7af4d,MCEA-Contract-FY15-FY17-3-15-14.pdf,Montgomery County Public Schools,29,"At the school level, administrators and the staff as a whole are accountable for establishing a learning community conducive to the best teaching practices and success for every student.",administrators and the staff as a whole,management,management,,False,active,plain,other,other,True,0.0,other,True,
montgomery_county_public_schools__mcea_contract_fy15_fy17_3_15_14__d1f7af4d,MCEA-Contract-FY15-FY17-3-15-14.pdf,Montgomery County Public Schools,29,They have a responsibility for managing time and creating opportunities that allow for collaborative problem solving and for using a wide range of data so that an environment conducive to analysis and improvement is created.,They,management,management,,False,active,plain,other,other,True,0.0,other,True,
montgomery_county_public_schools__mcea_contract_fy15_fy17_3_15_14__d1f7af4d,MCEA-Contract-FY15-FY17-3-15-14.pdf,Montgomery County Public Schools,29,"At the classroom level, teachers are accountable for the instruction they deliver and the classroom environment they create within which every student can succeed.",teachers,worker,management,can,False,active,plain,permission,other,False,0.3,evaluation,True,
montgomery_county_public_schools__mcea_contract_fy15_fy17_3_15_14__d1f7af4d,MCEA-Contract-FY15-FY17-3-15-14.pdf,Montgomery County Public Schools,29,"Teachers implement the curriculum aligned with established measures of performance and international, national, state, and local standards.",Teachers,worker,management,,False,active,plain,other,other,True,0.0,evaluation,True,
montgomery_county_public_schools__mcea_contract_fy15_fy17_3_15_14__d1f7af4d,MCEA-Contract-FY15-FY17-3-15-14.pdf,Montgomery County Public Schools,29,The individual teacher receives training in obtaining and interpreting student data,The individual teacher,worker,worker,,False,active,rights_passive,right,right,True,0.85,professional_development,True,
montgomery_county_public_schools__mcea_contract_fy15_fy17_3_15_14__d1f7af4d,MCEA-Contract-FY15-FY17-3-15-14.pdf,Montgomery County Public Schools,29,The individual teacher will have the responsibility to use this data to examine his or her classroom strategies and systems.,The individual teacher,worker,management,will,False,active,plain,obligation,obligation,True,0.9,evaluation,True,
montgomery_county_public_schools__mcea_contract_fy15_fy17_3_15_14__d1f7af4d,MCEA-Contract-FY15-FY17-3-15-14.pdf,Montgomery County Public Schools,29,"The Board of Education, administrative and supervisory staff, and teaching staff are ultimately held accountable by the public for student performance.","The Board of Education, administrative and supervisory staff, and teaching staff",other,management,,False,passive,plain,other,other,True,0.0,other,True,
montgomery_county_public_schools__mcea_contract_fy15_fy17_3_15_14__d1f7af4d,MCEA-Contract-FY15-FY17-3-15-14.pdf,Montgomery County Public Schools,29,Schools that do not meet adequate yearly progress may be subject to state and school system interventions.,Schools that do not meet adequate yearly progress,management,management,may,False,active,plain,permission,permission,True,0.3,evaluation,True,
montgomery_county_public_schools__mcea_contract_fy15_fy17_3_15_14__d1f7af4d,MCEA-Contract-FY15-FY17-3-15-14.pdf,Montgomery County Public Schools,29,"MCPS administration and the Board of Education have a responsibility to work collaboratively with MCEA, and vice versa, to ensure that standardized test scores and other assessment measures are used as tools for the improvement of teaching and learning, not simply as ends in themselves.",MCPS administration and the Board of Education,management,worker,,False,active,plain,other,other,True,0.0,evaluation,True,
montgomery_county_public_schools__mcea_contract_fy15_fy17_3_15_14__d1f7af4d,MCEA-Contract-FY15-FY17-3-15-14.pdf,Montgomery County Public Schools,30,school staff will participate in the intervention and improvement process.,school staff,worker,management,will,False,active,plain,obligation,obligation,True,0.9,evaluation,True,
montgomery_county_public_schools__mcea_contract_fy15_fy17_3_15_14__d1f7af4d,MCEA-Contract-FY15-FY17-3-15-14.pdf,Montgomery County Public Schools,30,The deputy superintendent will notify MCEA when an intensive intervention is needed.,The deputy superintendent,management,worker,will,False,active,plain,obligation,obligation,True,0.9,evaluation,True,
montgomery_county_public_schools__mcea_contract_fy15_fy17_3_15_14__d1f7af4d,MCEA-Contract-FY15-FY17-3-15-14.pdf,Montgomery County Public Schools,30,MCEA will collaborate with MCPS in developing intervention plans for individual schools to ensure staff ownership of the improvement process,MCEA,worker,management,will,False,active,plain,obligation,obligation,True,0.9,evaluation,True,
montgomery_county_public_schools__mcea_contract_fy15_fy17_3_15_14__d1f7af4d,MCEA-Contract-FY15-FY17-3-15-14.pdf,Montgomery County Public Schools,30,MCPS will provide a reasonable opportunity for all unit members to participate in developing an improvement plan that addresses the problems identified by the profile data.,MCPS,management,worker,will,False,active,plain,obligation,obligation,True,0.9,evaluation,True,
montgomery_county_public_schools__mcea_contract_fy15_fy17_3_15_14__d1f7af4d,MCEA-Contract-FY15-FY17-3-15-14.pdf,Montgomery County Public Schools,30,"The principal, school leadership team, staff development teacher, and the Office of School Support and Improvement (OSSI) will work to ensure that the school’s plan for professional development is integrated with and driven by the improvement plan and is communicated to all staff.","The principal, school leadership team, staff development teacher, and the Office of School Support and Improvement (OSSI)",management,worker,will,False,active,plain,obligation,obligation,True,0.9,professional_development,True,
montgomery_county_public_schools__mcea_contract_fy15_fy17_3_15_14__d1f7af4d,MCEA-Contract-FY15-FY17-3-15-14.pdf,Montgomery County Public Schools,30,The OSSI will facilitate ongoing communication with MCEA and with the entire staff throughout the process of developing a new direction/improvement plan for the school.,The OSSI,management,worker,will,False,active,plain,obligation,obligation,True,0.9,other,True,
montgomery_county_public_schools__mcea_contract_fy15_fy17_3_15_14__d1f7af4d,MCEA-Contract-FY15-FY17-3-15-14.pdf,Montgomery County Public Schools,30,Schools and school staffs must take proactive steps to advance an environment of high expectations and mutual respect.,Schools and school staffs,management,worker,must,False,active,plain,obligation,obligation,True,1.0,safety_and_working_conditions,True,
montgomery_county_public_schools__mcea_contract_fy15_fy17_3_15_14__d1f7af4d,MCEA-Contract-FY15-FY17-3-15-14.pdf,Montgomery County Public Schools,30,"The Board and MCEA agree to establish, maintain and support productive and harmonious working and learning environments for staff and students.",The Board and MCEA,other,worker,,False,active,plain,other,other,True,0.0,safety_and_working_conditions,True,
montgomery_county_public_schools__mcea_contract_fy15_fy17_3_15_14__d1f7af4d,MCEA-Contract-FY15-FY17-3-15-14.pdf,Montgomery County Public Schools,30,"The parties agree that acts of disrespect, insensitivity, bias, harassment, verbal abuse, physical violence or illegal discrimination toward any person will not be condoned.",The parties,other,worker,will,False,active,plain,obligation,other,False,0.9,safety_and_working_conditions,True,Negation resides in subordinate clause; main operative verb is affirmative.
montgomery_county_public_schools__mcea_contract_fy15_fy17_3_15_14__d1f7af4d,MCEA-Contract-FY15-FY17-3-15-14.pdf,Montgomery County Public Schools,30,"There shall be no discrimination by the Board or MCEA against individuals because of race, color, gender, religion, ancestry, national origin, marital status, age, sexual orientation, or disability.",There,other,worker,shall,True,active,prohibition_verb,permission,prohibition,False,1.0,teacher_rights_and_conduct,True,Existential construction functioning as a prohibition; explicit agent names both parties.
montgomery_county_public_schools__mcea_contract_fy15_fy17_3_15_14__d1f7af4d,MCEA-Contract-FY15-FY17-3-15-14.pdf,Montgomery County Public Schools,31,"Each unit member shall be responsible for establishing and maintaining an educational atmosphere which is inclusive, bias-free and welcoming, and one in which students can develop attitudes and skills for effective, cooperative living, including—",Each unit member,worker,management,shall,False,active,obligation_verb,obligation,obligation,True,1.0,teacher_rights_and_conduct,True,
montgomery_county_public_schools__mcea_contract_fy15_fy17_3_15_14__d1f7af4d,MCEA-Contract-FY15-FY17-3-15-14.pdf,Montgomery County Public Schools,32,"It is the responsibility of each MCPS school, through its leadership team, to design and implement a consistent, comprehensive plan for managing student behavior as a whole school community.",It,management,management,,False,active,obligation_verb,obligation,obligation,True,0.85,other,True,
montgomery_county_public_schools__mcea_contract_fy15_fy17_3_15_14__d1f7af4d,MCEA-Contract-FY15-FY17-3-15-14.pdf,Montgomery County Public Schools,32,These staff members might participate in the design of school behavior management plans,These staff members,worker,worker,might,False,active,plain,permission,permission,True,0.1,other,True,
montgomery_county_public_schools__mcea_contract_fy15_fy17_3_15_14__d1f7af4d,MCEA-Contract-FY15-FY17-3-15-14.pdf,Montgomery County Public Schools,32,consult with staff on effective techniques and interventions,These staff members,worker,management,,False,active,plain,other,other,True,0.0,professional_development,True,
montgomery_county_public_schools__mcea_contract_fy15_fy17_3_15_14__d1f7af4d,MCEA-Contract-FY15-FY17-3-15-14.pdf,Montgomery County Public Schools,32,"assist in the integration of social skills, conflict resolution and problem-solving concepts into instruction and curriculum",These staff members,worker,management,,False,active,plain,other,other,True,0.0,workload,True,
montgomery_county_public_schools__mcea_contract_fy15_fy17_3_15_14__d1f7af4d,MCEA-Contract-FY15-FY17-3-15-14.pdf,Montgomery County Public Schools,32,work with individual staff and students to respond to behavior problems and crises,These staff members,worker,management,,False,active,plain,other,other,True,0.0,discipline,True,
montgomery_county_public_schools__mcea_contract_fy15_fy17_3_15_14__d1f7af4d,MCEA-Contract-FY15-FY17-3-15-14.pdf,Montgomery County Public Schools,32,Each school shall annually develop and adopt a local school discipline policy with the involvement of all school community stakeholders and in accordance with the existing MCPS policy on Student Rights and Responsibilities.,Each school,management,management,shall,False,active,plain,obligation,obligation,True,1.0,discipline,True,
montgomery_county_public_schools__mcea_contract_fy15_fy17_3_15_14__d1f7af4d,MCEA-Contract-FY15-FY17-3-15-14.pdf,Montgomery County Public Schools,32,The development of the school discipline policy will be coordinated and ratified by the school leadership team or the school’s designated decision-making process that includes parents and students where appropriate.,The development of the school discipline policy,management,management,will,False,passive,plain,obligation,obligation,True,0.9,discipline,True,
montgomery_county_public_schools__mcea_contract_fy15_fy17_3_15_14__d1f7af4d,MCEA-Contract-FY15-FY17-3-15-14.pdf,Montgomery County Public Schools,32,All members of the faculty and administration must be consulted about the development of the policy prior t,All members of the faculty and administration,management,worker,must,False,passive,plain,obligation,obligation,True,1.0,discipline,True,Text truncated at end of chunk.
montgomery_county_public_schools__mcea_contract_fy15_fy17_3_15_14__d1f7af4d,MCEA-Contract-FY15-FY17-3-15-14.pdf,Montgomery County Public Schools,33,All members of the faculty and administration must be consulted about the development of the policy prior to its implementation.,All members of the faculty and administration,management,worker,must,False,passive,plain,obligation,obligation,True,1.0,discipline,True,
montgomery_county_public_schools__mcea_contract_fy15_fy17_3_15_14__d1f7af4d,MCEA-Contract-FY15-FY17-3-15-14.pdf,Montgomery County Public Schools,33,"Teachers must have high standards and expectations for what students are expected to know and do,",Teachers,worker,management,must,False,active,plain,obligation,obligation,True,1.0,workload,True,
montgomery_county_public_schools__mcea_contract_fy15_fy17_3_15_14__d1f7af4d,MCEA-Contract-FY15-FY17-3-15-14.pdf,Montgomery County Public Schools,33,and communicate these to all students and families.,Teachers,worker,management,,False,active,plain,other,other,True,0.0,workload,True,
montgomery_county_public_schools__mcea_contract_fy15_fy17_3_15_14__d1f7af4d,MCEA-Contract-FY15-FY17-3-15-14.pdf,Montgomery County Public Schools,33,Students must be encouraged to share responsibility for their own learning.,Students,management,management,must,False,passive,plain,obligation,obligation,True,1.0,discipline,True,
montgomery_county_public_schools__mcea_contract_fy15_fy17_3_15_14__d1f7af4d,MCEA-Contract-FY15-FY17-3-15-14.pdf,Montgomery County Public Schools,33,"To the extent permitted by law, all unit members shall be given any information reasonably available to MCPS showing that students they teach or service have a record of violent acts or other documented chronic problems in school.",all unit members,management,worker,shall,False,passive,rights_passive,right,right,True,1.0,safety_and_working_conditions,True,
montgomery_county_public_schools__mcea_contract_fy15_fy17_3_15_14__d1f7af4d,MCEA-Contract-FY15-FY17-3-15-14.pdf,Montgomery County Public Schools,33,"The teacher shall take reasonable steps to understand the nature of the problem, work with the student in a professional manner, and consult with other staff and, where appropriate, family members.",The teacher,worker,management,shall,False,active,plain,obligation,obligation,True,1.0,discipline,True,
montgomery_county_public_schools__mcea_contract_fy15_fy17_3_15_14__d1f7af4d,MCEA-Contract-FY15-FY17-3-15-14.pdf,Montgomery County Public Schools,33,Unit members are expected to have and use appropriate behavior management skills.,Unit members,worker,management,,False,active,obligation_verb,obligation,obligation,True,0.85,discipline,True,
montgomery_county_public_schools__mcea_contract_fy15_fy17_3_15_14__d1f7af4d,MCEA-Contract-FY15-FY17-3-15-14.pdf,Montgomery County Public Schools,33,Unit members who are experiencing difficulty in classroom management impacting upon student discipline and learning should receive assistance from MCPS and/or MCEA.,Unit members who are experiencing difficulty in classroom management impacting upon student discipline and learning,worker,worker,should,False,active,plain,obligation,obligation,True,0.7,professional_development,True,
montgomery_county_public_schools__mcea_contract_fy15_fy17_3_15_14__d1f7af4d,MCEA-Contract-FY15-FY17-3-15-14.pdf,Montgomery County Public Schools,33,"Assistance may include a range of professional development opportunities, such as courses, reading, mentoring, observation of well-managed classes, videotaping and feedback, and/or consultation with colleagues.",Assistance,other,worker,may,False,active,plain,permission,permission,True,0.3,professional_development,True,
montgomery_county_public_schools__mcea_contract_fy15_fy17_3_15_14__d1f7af4d,MCEA-Contract-FY15-FY17-3-15-14.pdf,Montgomery County Public Schools,33,A unit member may retain a disruptive student after school on the same day that an incident occurs if the unit member notifies the student's parent or guardian by telephone or other means and obtains permission.,A unit member,worker,worker,may,False,active,plain,permission,permission,True,0.3,discipline,True,conditional structure
montgomery_county_public_schools__mcea_contract_fy15_fy17_3_15_14__d1f7af4d,MCEA-Contract-FY15-FY17-3-15-14.pdf,Montgomery County Public Schools,33,the student will normally fulfill his/her obligation to meet after school with his/her classroom teacher,the student,other,management,will,False,active,plain,obligation,obligation,True,0.9,discipline,True,
montgomery_county_public_schools__mcea_contract_fy15_fy17_3_15_14__d1f7af4d,MCEA-Contract-FY15-FY17-3-15-14.pdf,Montgomery County Public Schools,34,A unit member may retain a disruptive student after school on the same day that an incident occurs,A unit member,worker,worker,may,False,active,plain,permission,permission,True,0.3,discipline,True,
montgomery_county_public_schools__mcea_contract_fy15_fy17_3_15_14__d1f7af4d,MCEA-Contract-FY15-FY17-3-15-14.pdf,Montgomery County Public Schools,34,the unit member notifies the student's parent or guardian by telephone or other means,the unit member,worker,management,,False,active,plain,other,obligation,False,0.0,discipline,True,
montgomery_county_public_schools__mcea_contract_fy15_fy17_3_15_14__d1f7af4d,MCEA-Contract-FY15-FY17-3-15-14.pdf,Montgomery County Public Schools,34,obtains permission.,[unit member],worker,management,,False,active,plain,other,obligation,False,0.0,discipline,True,implied subject
montgomery_county_public_schools__mcea_contract_fy15_fy17_3_15_14__d1f7af4d,MCEA-Contract-FY15-FY17-3-15-14.pdf,Montgomery County Public Schools,34,the student will normally fulfill his/her obligation to meet after school with his/her classroom teacher the following school day,the student,other,management,will,False,active,plain,obligation,obligation,True,0.9,discipline,True,
montgomery_county_public_schools__mcea_contract_fy15_fy17_3_15_14__d1f7af4d,MCEA-Contract-FY15-FY17-3-15-14.pdf,Montgomery County Public Schools,34,the unit member will attempt to inform the parent or guardian.,the unit member,worker,management,will,False,active,plain,obligation,obligation,True,0.9,discipline,True,
montgomery_county_public_schools__mcea_contract_fy15_fy17_3_15_14__d1f7af4d,MCEA-Contract-FY15-FY17-3-15-14.pdf,Montgomery County Public Schools,34,a unit member shall have the right to temporarily remove that student from class.,a unit member,worker,worker,shall,False,active,plain,obligation,right,False,1.0,discipline,True,
montgomery_county_public_schools__mcea_contract_fy15_fy17_3_15_14__d1f7af4d,MCEA-Contract-FY15-FY17-3-15-14.pdf,Montgomery County Public Schools,34,The unit member will use a written referral form when referring a student to a school administrator or his/her designees.,The unit member,worker,management,will,False,active,plain,obligation,obligation,True,0.9,discipline,True,
montgomery_county_public_schools__mcea_contract_fy15_fy17_3_15_14__d1f7af4d,MCEA-Contract-FY15-FY17-3-15-14.pdf,Montgomery County Public Schools,34,A unit member may temporarily remove a student exhibiting disruptive behavior from class.,A unit member,worker,worker,may,False,active,plain,permission,permission,True,0.3,discipline,True,
montgomery_county_public_schools__mcea_contract_fy15_fy17_3_15_14__d1f7af4d,MCEA-Contract-FY15-FY17-3-15-14.pdf,Montgomery County Public Schools,34,"The unit member may request that the student not be readmitted to that class until the unit member has had an opportunity to confer with the administrator (or other persons specified by the local discipline policy), or with colleagues on a grade level or department team.",The unit member,worker,worker,may,False,active,plain,permission,permission,True,0.3,discipline,True,negation 'not' applies to subordinate clause regarding student readmission
montgomery_county_public_schools__mcea_contract_fy15_fy17_3_15_14__d1f7af4d,MCEA-Contract-FY15-FY17-3-15-14.pdf,Montgomery County Public Schools,34,Such a request must be made in writing on a standardized discipline referral form which lists reasons for removal of the students.,Such a request,other,management,must,False,passive,plain,obligation,obligation,True,1.0,discipline,True,
montgomery_county_public_schools__mcea_contract_fy15_fy17_3_15_14__d1f7af4d,MCEA-Contract-FY15-FY17-3-15-14.pdf,Montgomery County Public Schools,34,"the principal may, after consultation with the classroom teacher, schedule another conference involving the parent(s), other administrators, and/or a member of pupil services staff.",the principal,management,management,may,False,active,plain,permission,permission,True,0.3,discipline,True,
montgomery_county_public_schools__mcea_contract_fy15_fy17_3_15_14__d1f7af4d,MCEA-Contract-FY15-FY17-3-15-14.pdf,Montgomery County Public Schools,34,The principal will make the final decision regarding the student’s return to class,The principal,management,management,will,False,active,plain,obligation,obligation,True,0.9,discipline,True,
montgomery_county_public_schools__mcea_contract_fy15_fy17_3_15_14__d1f7af4d,MCEA-Contract-FY15-FY17-3-15-14.pdf,Montgomery County Public Schools,34,will confer with the teacher regarding the decision.,[principal],management,worker,will,False,active,plain,obligation,obligation,True,0.9,discipline,True,implied subject
montgomery_county_public_schools__mcea_contract_fy15_fy17_3_15_14__d1f7af4d,MCEA-Contract-FY15-FY17-3-15-14.pdf,Montgomery County Public Schools,34,"physical restraint may be used by a unit member in an extraordinary case of breach of discipline to restrain a disruptive pupil, provided the force used is reasonable under the circumstances.",physical restraint,worker,worker,may,False,passive,plain,permission,permission,True,0.3,discipline,True,
montgomery_county_public_schools__mcea_contract_fy15_fy17_3_15_14__d1f7af4d,MCEA-Contract-FY15-FY17-3-15-14.pdf,Montgomery County Public Schools,34,The unit member shall inform the principal at once of such an action,The unit member,worker,management,shall,False,active,plain,obligation,obligation,True,1.0,teacher_rights_and_conduct,True,
montgomery_county_public_schools__mcea_contract_fy15_fy17_3_15_14__d1f7af4d,MCEA-Contract-FY15-FY17-3-15-14.pdf,Montgomery County Public Schools,34,"shall make an accurate, written account of it, within 24 hours, if possible.",[unit member],worker,management,shall,False,active,plain,obligation,obligation,True,1.0,teacher_rights_and_conduct,True,implied subject
montgomery_county_public_schools__mcea_contract_fy15_fy17_3_15_14__d1f7af4d,MCEA-Contract-FY15-FY17-3-15-14.pdf,Montgomery County Public Schools,34,"Suspension, expulsion, or removal of students shall be made in compliance with Board policies.","Suspension, expulsion, or removal of students",other,worker,shall,False,passive,plain,obligation,obligation,True,1.0,discipline,True,
montgomery_county_public_schools__mcea_contract_fy15_fy17_3_15_14__d1f7af4d,MCEA-Contract-FY15-FY17-3-15-14.pdf,Montgomery County Public Schools,34,the school's comprehensive behavior management plan should be utilized to provide the most effective intervention within the school for that student with the goal of changing that student's behavior.,the school's comprehensive behavior management plan,other,management,should,False,passive,plain,obligation,obligation,True,0.7,discipline,True,
montgomery_county_public_schools__mcea_contract_fy15_fy17_3_15_14__d1f7af4d,MCEA-Contract-FY15-FY17-3-15-14.pdf,Montgomery County Public Schools,34,"appropriate staff, parents, and students when appropriate, will design individual plans to improve student behavior.","appropriate staff, parents, and students when appropriate,",other,management,will,False,active,plain,obligation,obligation,True,0.9,discipline,True,
montgomery_county_public_schools__mcea_contract_fy15_fy17_3_15_14__d1f7af4d,MCEA-Contract-FY15-FY17-3-15-14.pdf,Montgomery County Public Schools,34,Alternatives to suspension should be utilized whenever possible.,Alternatives to suspension,other,management,should,False,passive,plain,obligation,obligation,True,0.7,discipline,True,
montgomery_county_public_schools__mcea_contract_fy15_fy17_3_15_14__d1f7af4d,MCEA-Contract-FY15-FY17-3-15-14.pdf,Montgomery County Public Schools,35,"In the context of the comprehensive school plan, appropriate staff, parents, and students when appropriate, will design individual plans to improve student behavior.","appropriate staff, parents, and students when appropriate",other,management,will,False,active,plain,obligation,obligation,True,0.9,discipline,True,
montgomery_county_public_schools__mcea_contract_fy15_fy17_3_15_14__d1f7af4d,MCEA-Contract-FY15-FY17-3-15-14.pdf,Montgomery County Public Schools,35,"When feasible within the constraints of a school’s facilities and staff, schools may consider alternative structure rooms or programs as a consequence for specific student behaviors.",schools,management,management,may,False,active,plain,permission,permission,True,0.3,discipline,True,
montgomery_county_public_schools__mcea_contract_fy15_fy17_3_15_14__d1f7af4d,MCEA-Contract-FY15-FY17-3-15-14.pdf,Montgomery County Public Schools,35,The assignment to alternative structure would depend on the needs of each student.,The assignment to alternative structure,other,management,,False,active,plain,other,other,True,0.0,discipline,True,
montgomery_county_public_schools__mcea_contract_fy15_fy17_3_15_14__d1f7af4d,MCEA-Contract-FY15-FY17-3-15-14.pdf,Montgomery County Public Schools,35,Rooms for students with disciplinary problems of the nature to warrant their removal from class will be staffed in senior high schools by employees of another unit.,Rooms for students with disciplinary problems of the nature to warrant their removal from class,worker,worker,will,False,passive,plain,obligation,obligation,True,0.9,workload,True,
montgomery_county_public_schools__mcea_contract_fy15_fy17_3_15_14__d1f7af4d,MCEA-Contract-FY15-FY17-3-15-14.pdf,Montgomery County Public Schools,35,"In mid-level schools and as budget permits, such rooms and staffing will be supplied.",such rooms and staffing,management,management,will,False,passive,plain,obligation,obligation,True,0.9,discipline,True,
montgomery_county_public_schools__mcea_contract_fy15_fy17_3_15_14__d1f7af4d,MCEA-Contract-FY15-FY17-3-15-14.pdf,Montgomery County Public Schools,35,"In the event of an emergency, unit members will be required to supervise those rooms.",unit members,worker,management,will,False,passive,obligation_verb,obligation,obligation,True,0.9,discipline,True,
montgomery_county_public_schools__mcea_contract_fy15_fy17_3_15_14__d1f7af4d,MCEA-Contract-FY15-FY17-3-15-14.pdf,Montgomery County Public Schools,35,"When a local school determines that a student's actions are chronically disruptive and exceed the resources or skills of a local school staff to change his/her behavior, the Board shall attempt to provide for that student an alternative educational program.",the Board,management,worker,shall,False,active,plain,obligation,obligation,True,1.0,discipline,True,
montgomery_county_public_schools__mcea_contract_fy15_fy17_3_15_14__d1f7af4d,MCEA-Contract-FY15-FY17-3-15-14.pdf,Montgomery County Public Schools,35,"Alternative programs can provide a positive learning experience for students who have not been successful in regular school programs due to problems such as delinquency, truancy, substance abuse, domestic violence, or chronically disruptive behaviors.",Alternative programs,other,management,can,False,active,plain,permission,other,False,0.3,discipline,True,
montgomery_county_public_schools__mcea_contract_fy15_fy17_3_15_14__d1f7af4d,MCEA-Contract-FY15-FY17-3-15-14.pdf,Montgomery County Public Schools,35,"In the context of data-driven continuous improvement, school staffs are encouraged to collect and analyze data regarding behavioral referrals, alternative interventions, and disciplinary actions, and use this analysis to assist in understanding the causes of behavior problems and in designing effective behavior management systems.",school staffs,worker,management,,False,passive,plain,other,other,True,0.0,discipline,True,
montgomery_county_public_schools__mcea_contract_fy15_fy17_3_15_14__d1f7af4d,MCEA-Contract-FY15-FY17-3-15-14.pdf,Montgomery County Public Schools,35,"Within legal and MCPS guidelines and policies regarding confidentiality of student information, unit members will have access to this information for their local school.",unit members,worker,worker,will,False,active,plain,obligation,right,False,0.9,teacher_rights_and_conduct,True,
montgomery_county_public_schools__mcea_contract_fy15_fy17_3_15_14__d1f7af4d,MCEA-Contract-FY15-FY17-3-15-14.pdf,Montgomery County Public Schools,35,Uniformity in such data collection will be enhanced by the implementation of the MCPS Student Information System.,Uniformity in such data collection,other,management,will,False,passive,plain,obligation,other,False,0.9,other,True,
montgomery_county_public_schools__mcea_contract_fy15_fy17_3_15_14__d1f7af4d,MCEA-Contract-FY15-FY17-3-15-14.pdf,Montgomery County Public Schools,36,"MCPS should provide a margin of safety for children, whose vulnerability is greater.",MCPS,management,worker,should,False,active,plain,obligation,obligation,True,0.7,safety_and_working_conditions,True,
montgomery_county_public_schools__mcea_contract_fy15_fy17_3_15_14__d1f7af4d,MCEA-Contract-FY15-FY17-3-15-14.pdf,Montgomery County Public Schools,36,"All health and safety complaints should be addressed and resolved expeditiously, at the lowest possible level,",All health and safety complaints,management,worker,should,False,passive,plain,obligation,obligation,True,0.7,safety_and_working_conditions,True,
montgomery_county_public_schools__mcea_contract_fy15_fy17_3_15_14__d1f7af4d,MCEA-Contract-FY15-FY17-3-15-14.pdf,Montgomery County Public Schools,36,full disclosure concerning the complaint’s resolution should be provided to the complainant.,full disclosure concerning the complaint’s resolution,management,worker,should,False,passive,plain,obligation,obligation,True,0.7,safety_and_working_conditions,True,
montgomery_county_public_schools__mcea_contract_fy15_fy17_3_15_14__d1f7af4d,MCEA-Contract-FY15-FY17-3-15-14.pdf,Montgomery County Public Schools,36,The joint committee shall be empowered to hear any health and safety issue brought to its attention by either party.,The joint committee,management,worker,shall,False,passive,plain,obligation,obligation,True,1.0,safety_and_working_conditions,True,
montgomery_county_public_schools__mcea_contract_fy15_fy17_3_15_14__d1f7af4d,MCEA-Contract-FY15-FY17-3-15-14.pdf,Montgomery County Public Schools,36,Unit members may bring concerns based on any of the principles listed above or on other health and safety issues.,Unit members,worker,worker,may,False,active,plain,permission,permission,True,0.3,safety_and_working_conditions,True,
montgomery_county_public_schools__mcea_contract_fy15_fy17_3_15_14__d1f7af4d,MCEA-Contract-FY15-FY17-3-15-14.pdf,Montgomery County Public Schools,36,"The committee shall make recommendations to correct unsafe and/or unhealthful conditions, including the expenditure of funds to make those corrections.",The committee,other,worker,shall,False,active,plain,obligation,obligation,True,1.0,safety_and_working_conditions,True,
montgomery_county_public_schools__mcea_contract_fy15_fy17_3_15_14__d1f7af4d,MCEA-Contract-FY15-FY17-3-15-14.pdf,Montgomery County Public Schools,36,"Concerns and complaints, which remain unresolved after committee recommendations have been issued, will be referred directly to the chief operating officer who, within 30 duty days of receiving a complaint, shall investigate and render a final and binding decision.",Concerns and complaints,management,worker,will,False,passive,plain,obligation,obligation,True,0.9,safety_and_working_conditions,True,sentence extends into a relative clause with a second operative verb
montgomery_county_public_schools__mcea_contract_fy15_fy17_3_15_14__d1f7af4d,MCEA-Contract-FY15-FY17-3-15-14.pdf,Montgomery County Public Schools,36,Health and safety complaints shall not be subject to the grievance procedure in Article 5.,Health and safety complaints,other,management,shall,True,active,plain,prohibition,prohibition,True,1.0,safety_and_working_conditions,True,
montgomery_county_public_schools__mcea_contract_fy15_fy17_3_15_14__d1f7af4d,MCEA-Contract-FY15-FY17-3-15-14.pdf,Montgomery County Public Schools,36,"Unit members are not precluded from exercising any rights they may have under federal and state laws to seek outside review of alleged violations,",Unit members,worker,worker,may,True,active,plain,prohibition,right,False,0.3,safety_and_working_conditions,True,truncated at end of chunk
montgomery_county_public_schools__mcea_contract_fy15_fy17_3_15_14__d1f7af4d,MCEA-Contract-FY15-FY17-3-15-14.pdf,Montgomery County Public Schools,37,Unit members are not precluded from exercising any rights they may have under federal and state laws to seek outside review of alleged violations,Unit members,worker,worker,may,True,active,plain,prohibition,right,False,0.3,safety_and_working_conditions,True,
montgomery_county_public_schools__mcea_contract_fy15_fy17_3_15_14__d1f7af4d,MCEA-Contract-FY15-FY17-3-15-14.pdf,Montgomery County Public Schools,37,and are encouraged to inform the school system when exercising such rights.,Unit members,worker,management,,False,active,plain,other,other,True,0.0,safety_and_working_conditions,True,
montgomery_county_public_schools__mcea_contract_fy15_fy17_3_15_14__d1f7af4d,MCEA-Contract-FY15-FY17-3-15-14.pdf,Montgomery County Public Schools,37,The parties agree that Federal and State Occupational Safety and Health Laws will be adhered to.,The parties,other,worker,will,False,active,plain,obligation,obligation,True,0.9,safety_and_working_conditions,True,
montgomery_county_public_schools__mcea_contract_fy15_fy17_3_15_14__d1f7af4d,MCEA-Contract-FY15-FY17-3-15-14.pdf,Montgomery County Public Schools,37,"Unit members who are experiencing problems with the indoor air quality in their workplaces may request an investigation and appropriate relief by using the mutually established process for an Indoor Air Quality Inquiry, Investigation, Report, and Review (MCPS Forms 230-23, 230-24, and 230-25).",Unit members,worker,worker,may,False,active,plain,permission,permission,True,0.3,safety_and_working_conditions,True,
montgomery_county_public_schools__mcea_contract_fy15_fy17_3_15_14__d1f7af4d,MCEA-Contract-FY15-FY17-3-15-14.pdf,Montgomery County Public Schools,37,The administration shall respond in accord with the timelines established therein at each stage of the process.,The administration,management,worker,shall,False,active,plain,obligation,obligation,True,1.0,discipline,True,
montgomery_county_public_schools__mcea_contract_fy15_fy17_3_15_14__d1f7af4d,MCEA-Contract-FY15-FY17-3-15-14.pdf,Montgomery County Public Schools,37,Failure to do so may be appealed only through the administrative complaint procedure.,Failure to do so,management,management,may,False,passive,plain,permission,prohibition,False,0.3,discipline,True,
montgomery_county_public_schools__mcea_contract_fy15_fy17_3_15_14__d1f7af4d,MCEA-Contract-FY15-FY17-3-15-14.pdf,Montgomery County Public Schools,37,Schools will be notified of their HVAC conversion dates in a timely manner.,Schools,management,worker,will,False,passive,rights_passive,right,obligation,False,0.9,safety_and_working_conditions,True,
montgomery_county_public_schools__mcea_contract_fy15_fy17_3_15_14__d1f7af4d,MCEA-Contract-FY15-FY17-3-15-14.pdf,Montgomery County Public Schools,37,"The principal, in consultation with the Quality Management Council, or designated school decision-making process, may request earlier or later conversion dates.",The principal,management,management,may,False,active,plain,permission,permission,True,0.3,safety_and_working_conditions,True,
montgomery_county_public_schools__mcea_contract_fy15_fy17_3_15_14__d1f7af4d,MCEA-Contract-FY15-FY17-3-15-14.pdf,Montgomery County Public Schools,37,Such requests shall be honored to the extent possible.,Such requests,management,management,shall,False,passive,plain,obligation,obligation,True,1.0,safety_and_working_conditions,True,
montgomery_county_public_schools__mcea_contract_fy15_fy17_3_15_14__d1f7af4d,MCEA-Contract-FY15-FY17-3-15-14.pdf,Montgomery County Public Schools,37,The Board shall keep schools reasonably and properly equipped and maintained.,The Board,management,worker,shall,False,active,plain,obligation,obligation,True,1.0,safety_and_working_conditions,True,
montgomery_county_public_schools__mcea_contract_fy15_fy17_3_15_14__d1f7af4d,MCEA-Contract-FY15-FY17-3-15-14.pdf,Montgomery County Public Schools,37,"Where such facilities or capabilities are not immediately practical and possible, effort will be made to progress toward these objectives as quickly as possible.",effort,management,worker,will,False,passive,plain,obligation,obligation,True,0.9,safety_and_working_conditions,True,
montgomery_county_public_schools__mcea_contract_fy15_fy17_3_15_14__d1f7af4d,MCEA-Contract-FY15-FY17-3-15-14.pdf,Montgomery County Public Schools,37,"As the budget permits, each school should have the following facilities or capabilities:",each school,management,worker,should,False,active,plain,obligation,obligation,True,0.7,safety_and_working_conditions,True,
montgomery_county_public_schools__mcea_contract_fy15_fy17_3_15_14__d1f7af4d,MCEA-Contract-FY15-FY17-3-15-14.pdf,Montgomery County Public Schools,37,"Unit members should have access to phones, electronic-mail, voice mail, the Internet, and computerized teaching resources.",Unit members,worker,worker,should,False,active,plain,obligation,right,False,0.7,safety_and_working_conditions,True,
montgomery_county_public_schools__mcea_contract_fy15_fy17_3_15_14__d1f7af4d,MCEA-Contract-FY15-FY17-3-15-14.pdf,Montgomery County Public Schools,38,"Where such facilities are not immediately practical and possible, effort will be made to progress toward this objective as quickly as possible.",effort,management,worker,will,False,active,plain,obligation,obligation,True,0.9,safety_and_working_conditions,True,
montgomery_county_public_schools__mcea_contract_fy15_fy17_3_15_14__d1f7af4d,MCEA-Contract-FY15-FY17-3-15-14.pdf,Montgomery County Public Schools,38,Each direct link shall be kept in good working order,Each direct link,management,worker,shall,False,passive,plain,obligation,obligation,True,1.0,safety_and_working_conditions,True,
montgomery_county_public_schools__mcea_contract_fy15_fy17_3_15_14__d1f7af4d,MCEA-Contract-FY15-FY17-3-15-14.pdf,Montgomery County Public Schools,38,shall be appropriately staffed to ensure response to reports of crisis.,Each direct link,management,worker,shall,False,passive,plain,obligation,obligation,True,1.0,safety_and_working_conditions,True,Subject omitted in text; coordinated with preceding clause.
montgomery_county_public_schools__mcea_contract_fy15_fy17_3_15_14__d1f7af4d,MCEA-Contract-FY15-FY17-3-15-14.pdf,Montgomery County Public Schools,38,"Itinerant related service providers (e.g. occupational therapists, physical therapists, and psychologists) should be provided access to an appropriate workspace that is suitable for the service.","Itinerant related service providers (e.g. occupational therapists, physical therapists, and psychologists)",management,worker,should,False,passive,rights_passive,right,right,True,0.7,safety_and_working_conditions,True,
montgomery_county_public_schools__mcea_contract_fy15_fy17_3_15_14__d1f7af4d,MCEA-Contract-FY15-FY17-3-15-14.pdf,Montgomery County Public Schools,38,The parties agree to pursue creative private/public partnerships that would help meet these facility goals.,The parties,other,management,,False,active,plain,other,other,True,0.0,safety_and_working_conditions,True,
montgomery_county_public_schools__mcea_contract_fy15_fy17_3_15_14__d1f7af4d,MCEA-Contract-FY15-FY17-3-15-14.pdf,Montgomery County Public Schools,38,"In order to permit freedom of access both during and after regular school hours, all unit members of that building will, as needed for their work, be provided access to the lounge, teachers' workrooms, and through interior hallway gates.",all unit members of that building,management,worker,will,False,passive,rights_passive,right,right,True,0.9,safety_and_working_conditions,True,
montgomery_county_public_schools__mcea_contract_fy15_fy17_3_15_14__d1f7af4d,MCEA-Contract-FY15-FY17-3-15-14.pdf,Montgomery County Public Schools,38,"Upon request, subject to approval by the principal, unit members may be provided temporary access to an outside door in their area of the building during nonschool hours.",unit members,management,worker,may,False,passive,rights_passive,right,right,True,0.3,safety_and_working_conditions,True,
montgomery_county_public_schools__mcea_contract_fy15_fy17_3_15_14__d1f7af4d,MCEA-Contract-FY15-FY17-3-15-14.pdf,Montgomery County Public Schools,38,"When a speech and hearing room is provided, every reasonable effort will be made to make it available for the exclusive use of the speech and hearing therapists during their assigned times in a school.",every reasonable effort,management,worker,will,False,active,plain,obligation,obligation,True,0.9,safety_and_working_conditions,True,
montgomery_county_public_schools__mcea_contract_fy15_fy17_3_15_14__d1f7af4d,MCEA-Contract-FY15-FY17-3-15-14.pdf,Montgomery County Public Schools,38,"When a school building or rooms are used during the evening for any instructional or meeting activity, the facilities shall be properly cleaned and maintained before the opening of the building for the regular school session.",the facilities,management,worker,shall,False,passive,plain,obligation,obligation,True,1.0,safety_and_working_conditions,True,
montgomery_county_public_schools__mcea_contract_fy15_fy17_3_15_14__d1f7af4d,MCEA-Contract-FY15-FY17-3-15-14.pdf,Montgomery County Public Schools,38,Any violations of this section shall be processed through the administrative complaint procedure.,Any violations of this section,management,management,shall,False,passive,plain,obligation,obligation,True,1.0,discipline,True,
montgomery_county_public_schools__mcea_contract_fy15_fy17_3_15_14__d1f7af4d,MCEA-Contract-FY15-FY17-3-15-14.pdf,Montgomery County Public Schools,38,All future classrooms shall be air-conditioned,All future classrooms,management,worker,shall,False,passive,plain,obligation,obligation,True,1.0,safety_and_working_conditions,True,
montgomery_county_public_schools__mcea_contract_fy15_fy17_3_15_14__d1f7af4d,MCEA-Contract-FY15-FY17-3-15-14.pdf,Montgomery County Public Schools,38,all existing non-air-conditioning classrooms shall be air-conditioned as soon as funds permit.,all existing non-air-conditioning classrooms,management,worker,shall,False,passive,plain,obligation,obligation,True,1.0,safety_and_working_conditions,True,
montgomery_county_public_schools__mcea_contract_fy15_fy17_3_15_14__d1f7af4d,MCEA-Contract-FY15-FY17-3-15-14.pdf,Montgomery County Public Schools,38,Each school will provide a place for unit members to make official confidential telephone calls in private.,Each school,management,worker,will,False,active,plain,obligation,obligation,True,0.9,safety_and_working_conditions,True,
montgomery_county_public_schools__mcea_contract_fy15_fy17_3_15_14__d1f7af4d,MCEA-Contract-FY15-FY17-3-15-14.pdf,Montgomery County Public Schools,39,"Religious activity, political activity, marital, or parental status shall not be grounds for discrimination for professional employment or promotion, providing said activities do not violate state, local, national, or common law, or are not prejudicial to the unit member's effectiveness in his/her teaching position.","Religious activity, political activity, marital, or parental status",other,worker,shall,True,active,plain,prohibition,prohibition,True,1.0,job_security,True,
montgomery_county_public_schools__mcea_contract_fy15_fy17_3_15_14__d1f7af4d,MCEA-Contract-FY15-FY17-3-15-14.pdf,Montgomery County Public Schools,39,"The Board and the Association agree that they will not take any action against any unit member because of his/her participation in religious, political, or teacher organization activities conducted outside duty hours and off school property.",The Board and the Association,other,worker,will,True,active,plain,prohibition,prohibition,True,0.9,teacher_rights_and_conduct,True,
montgomery_county_public_schools__mcea_contract_fy15_fy17_3_15_14__d1f7af4d,MCEA-Contract-FY15-FY17-3-15-14.pdf,Montgomery County Public Schools,39,Each unit member recognizes and accepts his/her obligation to support the goals of education and to foster respect for the heritage of democratic values.,Each unit member,worker,management,,False,active,plain,other,obligation,False,0.0,teacher_rights_and_conduct,True,
montgomery_county_public_schools__mcea_contract_fy15_fy17_3_15_14__d1f7af4d,MCEA-Contract-FY15-FY17-3-15-14.pdf,Montgomery County Public Schools,39,"Unit members shall be responsible for providing students with the opportunity to investigate various sides of the topics presented in their courses, particularly in relation to controversial subjects, within such limits as may be imposed by relevance to the course, the level of maturity and the intellectual ability of the students, and the time available.",Unit members,worker,management,shall,False,active,plain,obligation,obligation,True,1.0,teacher_rights_and_conduct,True,
montgomery_county_public_schools__mcea_contract_fy15_fy17_3_15_14__d1f7af4d,MCEA-Contract-FY15-FY17-3-15-14.pdf,Montgomery County Public Schools,39,Unit members shall permit freedom of expression on those topics that are matters of opinion so that students may weigh alternate views and make up their own minds.,Unit members,worker,management,shall,False,active,plain,obligation,obligation,True,1.0,teacher_rights_and_conduct,True,
montgomery_county_public_schools__mcea_contract_fy15_fy17_3_15_14__d1f7af4d,MCEA-Contract-FY15-FY17-3-15-14.pdf,Montgomery County Public Schools,39,"Students shall be encouraged to examine, analyze, evaluate, and synthesize the information available to them before drawing conclusions in order to develop as fully as possible their capacities for rational judgment.",Students,other,management,shall,False,passive,plain,obligation,obligation,True,1.0,teacher_rights_and_conduct,True,
montgomery_county_public_schools__mcea_contract_fy15_fy17_3_15_14__d1f7af4d,MCEA-Contract-FY15-FY17-3-15-14.pdf,Montgomery County Public Schools,39,Unit members shall strive to promote tolerance for the opinions of others and respect for the right of all individuals to hold and express differing opinions.,Unit members,worker,management,shall,False,active,plain,obligation,obligation,True,1.0,teacher_rights_and_conduct,True,
montgomery_county_public_schools__mcea_contract_fy15_fy17_3_15_14__d1f7af4d,MCEA-Contract-FY15-FY17-3-15-14.pdf,Montgomery County Public Schools,40,"A unit member does not have privileged status by virtue of his/her position to make statements that are libelous, slanderous, or that violate the civil rights of others.",A unit member,worker,management,,True,active,plain,prohibition,prohibition,True,0.0,teacher_rights_and_conduct,True,
montgomery_county_public_schools__mcea_contract_fy15_fy17_3_15_14__d1f7af4d,MCEA-Contract-FY15-FY17-3-15-14.pdf,Montgomery County Public Schools,40,"A unit member may express his/her own opinions in regard to political, social, and religious values or issues provided that the total presentation is essentially balanced and fair.",A unit member,worker,worker,may,False,active,plain,permission,permission,True,0.3,teacher_rights_and_conduct,True,
montgomery_county_public_schools__mcea_contract_fy15_fy17_3_15_14__d1f7af4d,MCEA-Contract-FY15-FY17-3-15-14.pdf,Montgomery County Public Schools,40,He/she shall not use his/her professional contacts with students to further his/her own political aims or those of any individual or group.,He/she,worker,management,shall,True,active,plain,prohibition,prohibition,True,1.0,teacher_rights_and_conduct,True,
montgomery_county_public_schools__mcea_contract_fy15_fy17_3_15_14__d1f7af4d,MCEA-Contract-FY15-FY17-3-15-14.pdf,Montgomery County Public Schools,40,No unit member shall be disciplined without proper cause.,No unit member,management,worker,shall,True,passive,plain,prohibition,prohibition,True,1.0,discipline,True,
montgomery_county_public_schools__mcea_contract_fy15_fy17_3_15_14__d1f7af4d,MCEA-Contract-FY15-FY17-3-15-14.pdf,Montgomery County Public Schools,40,"If a remedy exists under Article 6, Section 202 of the Education Article of the Annotated Code of Maryland, it is understood that actions taken under that article and section are not subject to the grievance and arbitration procedure in Article 5 of this Agreement.",it,other,management,,True,active,plain,prohibition,other,False,0.0,discipline,True,
montgomery_county_public_schools__mcea_contract_fy15_fy17_3_15_14__d1f7af4d,MCEA-Contract-FY15-FY17-3-15-14.pdf,Montgomery County Public Schools,40,Unit members may be placed on administrative leave with pay pending investigation of misconduct or possible criminal conduct,Unit members,management,management,may,False,passive,plain,permission,permission,True,0.3,discipline,True,Extracted main clause preceding bulleted conditions.
montgomery_county_public_schools__mcea_contract_fy15_fy17_3_15_14__d1f7af4d,MCEA-Contract-FY15-FY17-3-15-14.pdf,Montgomery County Public Schools,40,The Office of Human Resources and Development will work with teachers on administrative leave to find temporary alternative assignments when it is in the best interest of unit member and the school system.,The Office of Human Resources and Development,management,worker,will,False,active,plain,obligation,obligation,True,0.9,discipline,True,
montgomery_county_public_schools__mcea_contract_fy15_fy17_3_15_14__d1f7af4d,MCEA-Contract-FY15-FY17-3-15-14.pdf,Montgomery County Public Schools,40,"During the course of an investigation, the Office of Human Resources and Development will regularly update the appropriate MCEA representative as to the status of the case.",the Office of Human Resources and Development,management,worker,will,False,active,plain,obligation,obligation,True,0.9,discipline,True,
montgomery_county_public_schools__mcea_contract_fy15_fy17_3_15_14__d1f7af4d,MCEA-Contract-FY15-FY17-3-15-14.pdf,Montgomery County Public Schools,40,A unit member will be entitled to have an Association representative present when the unit member is to be disciplined.,A unit member,management,worker,will,False,passive,rights_passive,right,right,True,0.9,discipline,True,
montgomery_county_public_schools__mcea_contract_fy15_fy17_3_15_14__d1f7af4d,MCEA-Contract-FY15-FY17-3-15-14.pdf,Montgomery County Public Schools,40,"Unit members who claim administrative harassment, intimidation, and reprisal may seek relief through administrative complaint, and where appropriate, the Diversity and Training Unit, the Employee Assistance Program, or the Office of Ombudsman.",Unit members,worker,worker,may,False,active,plain,permission,permission,True,0.3,teacher_rights_and_conduct,True,
montgomery_county_public_schools__mcea_contract_fy15_fy17_3_15_14__d1f7af4d,MCEA-Contract-FY15-FY17-3-15-14.pdf,Montgomery County Public Schools,41,The protections afforded under this Agreement to speech and academic freedom will be applied equally to information posted on school computer networks.,The protections afforded under this Agreement to speech and academic freedom,other,worker,will,False,passive,plain,obligation,obligation,True,0.9,teacher_rights_and_conduct,True,
montgomery_county_public_schools__mcea_contract_fy15_fy17_3_15_14__d1f7af4d,MCEA-Contract-FY15-FY17-3-15-14.pdf,Montgomery County Public Schools,41,The right of individuals to protect themselves and others consistent with the law shall not be denied to unit members as a condition of their employment.,The right of individuals to protect themselves and others consistent with the law,other,worker,shall,True,passive,plain,prohibition,prohibition,True,1.0,safety_and_working_conditions,True,
montgomery_county_public_schools__mcea_contract_fy15_fy17_3_15_14__d1f7af4d,MCEA-Contract-FY15-FY17-3-15-14.pdf,Montgomery County Public Schools,41,"The Board will take precautions to prevent theft, damage, and/or other types of vandalism on Board property.",The Board,management,management,will,False,active,plain,obligation,obligation,True,0.9,safety_and_working_conditions,True,
montgomery_county_public_schools__mcea_contract_fy15_fy17_3_15_14__d1f7af4d,MCEA-Contract-FY15-FY17-3-15-14.pdf,Montgomery County Public Schools,41,All unit members have the responsibility to develop in students habits of good citizenship and good behavior.,All unit members,worker,management,,False,active,obligation_verb,obligation,obligation,True,0.85,other,True,
montgomery_county_public_schools__mcea_contract_fy15_fy17_3_15_14__d1f7af4d,MCEA-Contract-FY15-FY17-3-15-14.pdf,Montgomery County Public Schools,41,All unit members share responsibility to work with students to reduce vandalism.,All unit members,worker,management,,False,active,obligation_verb,obligation,obligation,True,0.85,other,True,
montgomery_county_public_schools__mcea_contract_fy15_fy17_3_15_14__d1f7af4d,MCEA-Contract-FY15-FY17-3-15-14.pdf,Montgomery County Public Schools,41,Unit members shall exercise responsibility for the following:,Unit members,worker,management,shall,False,active,obligation_verb,obligation,obligation,True,1.0,other,True,
montgomery_county_public_schools__mcea_contract_fy15_fy17_3_15_14__d1f7af4d,MCEA-Contract-FY15-FY17-3-15-14.pdf,Montgomery County Public Schools,41,"The Board will put its full support behind the policies it adopts in matters of discipline, disruptive and/or unauthorized visitors.",The Board,management,management,will,False,active,plain,obligation,obligation,True,0.9,discipline,True,
montgomery_county_public_schools__mcea_contract_fy15_fy17_3_15_14__d1f7af4d,MCEA-Contract-FY15-FY17-3-15-14.pdf,Montgomery County Public Schools,41,The Board and the unit members recognize a mutual responsibility for the enforcement of such policies.,The Board and the unit members,other,management,,False,active,plain,other,other,True,0.0,discipline,True,
montgomery_county_public_schools__mcea_contract_fy15_fy17_3_15_14__d1f7af4d,MCEA-Contract-FY15-FY17-3-15-14.pdf,Montgomery County Public Schools,41,Any case of assault on a unit member by other than another unit member shall be promptly reported by the unit member to his/her immediate supervisor.,Any case of assault on a unit member by other than another unit member,worker,management,shall,False,passive,plain,obligation,obligation,True,1.0,safety_and_working_conditions,True,Agent explicitly named as 'unit member'.
montgomery_county_public_schools__mcea_contract_fy15_fy17_3_15_14__d1f7af4d,MCEA-Contract-FY15-FY17-3-15-14.pdf,Montgomery County Public Schools,41,This report will be forwarded to the superintendent or designee who will comply with any reasonable request from the unit member for information in his/her possession relating to the incident or the persons involved.,This report,other,worker,will,False,passive,plain,obligation,obligation,True,0.9,safety_and_working_conditions,True,
montgomery_county_public_schools__mcea_contract_fy15_fy17_3_15_14__d1f7af4d,MCEA-Contract-FY15-FY17-3-15-14.pdf,Montgomery County Public Schools,41,"In the event a unit member is charged with personal liability arising from acts or omissions he/she committed within the scope of his/her employment, he/she will be provided legal representation for his/her defense",he/she,management,worker,will,False,passive,rights_passive,right,right,True,0.9,safety_and_working_conditions,True,
montgomery_county_public_schools__mcea_contract_fy15_fy17_3_15_14__d1f7af4d,MCEA-Contract-FY15-FY17-3-15-14.pdf,Montgomery County Public Schools,41,and will be fully indemnified against any monetary judgment or fine levied against him/her by a court or administrative body.,he/she,management,worker,will,False,passive,rights_passive,right,right,True,0.9,safety_and_working_conditions,True,
montgomery_county_public_schools__mcea_contract_fy15_fy17_3_15_14__d1f7af4d,MCEA-Contract-FY15-FY17-3-15-14.pdf,Montgomery County Public Schools,42,he/she will be provided legal representation for his/her defense,he/she,management,worker,will,False,passive,rights_passive,right,right,True,0.9,safety_and_working_conditions,True,
montgomery_county_public_schools__mcea_contract_fy15_fy17_3_15_14__d1f7af4d,MCEA-Contract-FY15-FY17-3-15-14.pdf,Montgomery County Public Schools,42,he/she will be fully indemnified against any monetary judgment or fine levied against him/her by a court or administrative body.,he/she,management,worker,will,False,passive,rights_passive,right,right,True,0.9,safety_and_working_conditions,True,
montgomery_county_public_schools__mcea_contract_fy15_fy17_3_15_14__d1f7af4d,MCEA-Contract-FY15-FY17-3-15-14.pdf,Montgomery County Public Schools,42,"he/she will be protected by the MCPS liability policy, Article 22, Section G",he/she,management,worker,will,False,passive,rights_passive,right,right,True,0.9,safety_and_working_conditions,True,
montgomery_county_public_schools__mcea_contract_fy15_fy17_3_15_14__d1f7af4d,MCEA-Contract-FY15-FY17-3-15-14.pdf,Montgomery County Public Schools,42,he/she will receive all the legal assistance provided by that policy.,he/she,worker,worker,will,False,active,rights_active,right,right,True,0.9,safety_and_working_conditions,True,
montgomery_county_public_schools__mcea_contract_fy15_fy17_3_15_14__d1f7af4d,MCEA-Contract-FY15-FY17-3-15-14.pdf,Montgomery County Public Schools,42,"Unit members in every school in the county may intervene in any fight or physical struggle which takes place in their presence in any school building or on the school grounds, between or among students or any other persons.",Unit members in every school in the county,worker,worker,may,False,active,plain,permission,permission,True,0.3,safety_and_working_conditions,True,
montgomery_county_public_schools__mcea_contract_fy15_fy17_3_15_14__d1f7af4d,MCEA-Contract-FY15-FY17-3-15-14.pdf,Montgomery County Public Schools,42,The degree and force of the intervention shall be as reasonably necessary to restore order and to protect the safety of the combatants and surrounding persons.,The degree and force of the intervention,other,worker,shall,False,active,obligation_verb,obligation,obligation,True,1.0,safety_and_working_conditions,True,
montgomery_county_public_schools__mcea_contract_fy15_fy17_3_15_14__d1f7af4d,MCEA-Contract-FY15-FY17-3-15-14.pdf,Montgomery County Public Schools,42,A unit member who incurs injury while thus intervening shall be compensated by the Board for necessary medical expenses resulting directly from the intervention,A unit member who incurs injury while thus intervening,management,worker,shall,False,passive,rights_passive,right,right,True,1.0,safety_and_working_conditions,True,
montgomery_county_public_schools__mcea_contract_fy15_fy17_3_15_14__d1f7af4d,MCEA-Contract-FY15-FY17-3-15-14.pdf,Montgomery County Public Schools,42,and shall not suffer any loss of compensation for time lost from his/her school duties resulting directly from the intervention,he/she,worker,worker,shall,True,active,plain,prohibition,right,False,1.0,safety_and_working_conditions,True,
montgomery_county_public_schools__mcea_contract_fy15_fy17_3_15_14__d1f7af4d,MCEA-Contract-FY15-FY17-3-15-14.pdf,Montgomery County Public Schools,42,but such compensation shall be reduced by any payments made pursuant to the Workers' Compensation Law.,such compensation,management,management,shall,False,passive,plain,obligation,obligation,True,1.0,safety_and_working_conditions,True,
montgomery_county_public_schools__mcea_contract_fy15_fy17_3_15_14__d1f7af4d,MCEA-Contract-FY15-FY17-3-15-14.pdf,Montgomery County Public Schools,42,"the unit member will be paid his/her full salary, less the amount of any workers' compensation award made for temporary disability due to said injury for the period of such absence.",the unit member,management,worker,will,False,passive,rights_passive,right,obligation,False,0.9,compensation,True,
montgomery_county_public_schools__mcea_contract_fy15_fy17_3_15_14__d1f7af4d,MCEA-Contract-FY15-FY17-3-15-14.pdf,Montgomery County Public Schools,42,No part of such absence will be charged to the unit member's annual or sick leave.,No part of such absence,management,worker,will,True,passive,plain,prohibition,prohibition,True,0.9,leave,True,
montgomery_county_public_schools__mcea_contract_fy15_fy17_3_15_14__d1f7af4d,MCEA-Contract-FY15-FY17-3-15-14.pdf,Montgomery County Public Schools,43,"The Board will reimburse a unit member up to a limit of $15,000 for the cost of medical, surgical, or hospital services (less the amount of any insurance reimbursement) incurred as a result of any injury sustained in the course of the unit member's employment except injuries covered by Section G above.",The Board,management,worker,will,False,active,plain,obligation,obligation,True,0.9,benefits,True,
montgomery_county_public_schools__mcea_contract_fy15_fy17_3_15_14__d1f7af4d,MCEA-Contract-FY15-FY17-3-15-14.pdf,Montgomery County Public Schools,43,"In the event that a unit member has any clothing or other personal property, with the exception of motor vehicles or their contents, damaged or destroyed as a result of his/her enforcement of school regulations, or in the performance of other school duties, the Board of Education will reimburse the unit member for such loss up to an amount not to exceed $900.",the Board of Education,management,worker,will,False,active,plain,obligation,obligation,True,0.9,benefits,True,
montgomery_county_public_schools__mcea_contract_fy15_fy17_3_15_14__d1f7af4d,MCEA-Contract-FY15-FY17-3-15-14.pdf,Montgomery County Public Schools,43,"Where a claim for damage or destruction of personal property is based upon the performance of other school duties, reimbursement will not be required if possession of the personal property for which reimbursement is claimed was not reasonable or proper under the circumstances, or if damage or destruction was caused by the negligent or wrongful act of the employee.",reimbursement,worker,management,will,True,passive,plain,prohibition,prohibition,True,0.9,benefits,True,complex conditional structure
montgomery_county_public_schools__mcea_contract_fy15_fy17_3_15_14__d1f7af4d,MCEA-Contract-FY15-FY17-3-15-14.pdf,Montgomery County Public Schools,43,Damage to a unit member's motor vehicle will be reimbursed up to the level of his/her motor vehicle insurance deductible not to exceed $100 provided that the unit member can produce the proof that his/her motor vehicle was damaged as a result of his/her enforcement of school regulations.,Damage to a unit member's motor vehicle,other,worker,will,False,passive,plain,obligation,obligation,True,0.9,benefits,True,
montgomery_county_public_schools__mcea_contract_fy15_fy17_3_15_14__d1f7af4d,MCEA-Contract-FY15-FY17-3-15-14.pdf,Montgomery County Public Schools,43,"The Board will budget funds to the superintendent and staff to provide for the purchase of new and/or replacement textbooks, library books, other instructional materials, supplies, and equipment of sufficient quality and quantity to support the instructional program both during the regular school year and in summer school programs.",The Board,management,worker,will,False,active,plain,obligation,obligation,True,0.9,other,True,
montgomery_county_public_schools__mcea_contract_fy15_fy17_3_15_14__d1f7af4d,MCEA-Contract-FY15-FY17-3-15-14.pdf,Montgomery County Public Schools,43,"The Board agrees to submit in its budget request for FY 11 through FY 14 no less than the dollar amount provided on a per pupil basis in the FY 10 through FY 13 budgets,",The Board,management,worker,,False,active,plain,other,obligation,False,0.0,other,True,truncated at end of chunk
montgomery_county_public_schools__mcea_contract_fy15_fy17_3_15_14__d1f7af4d,MCEA-Contract-FY15-FY17-3-15-14.pdf,Montgomery County Public Schools,44,"The Board agrees to submit in its budget request for FY 11 through FY 14 no less than the dollar amount provided on a per pupil basis in the FY 10 through FY 13 budgets, respectively.",The Board,management,worker,,False,active,plain,other,obligation,False,0.0,other,True,
montgomery_county_public_schools__mcea_contract_fy15_fy17_3_15_14__d1f7af4d,MCEA-Contract-FY15-FY17-3-15-14.pdf,Montgomery County Public Schools,44,Instructional materials and supplies will be funded to maintain the present rate and to provide for increases in rate as needs indicate and as budget funding will allow.,Instructional materials and supplies,management,worker,will,False,passive,plain,obligation,obligation,True,0.9,other,True,
montgomery_county_public_schools__mcea_contract_fy15_fy17_3_15_14__d1f7af4d,MCEA-Contract-FY15-FY17-3-15-14.pdf,Montgomery County Public Schools,44,The various programs of instruction supported by the Board will be funded according to purposes and needs.,The various programs of instruction supported by the Board,management,worker,will,False,passive,plain,obligation,obligation,True,0.9,other,True,
montgomery_county_public_schools__mcea_contract_fy15_fy17_3_15_14__d1f7af4d,MCEA-Contract-FY15-FY17-3-15-14.pdf,Montgomery County Public Schools,44,"At the time of initial allocation of the materials of instruction funds, a report to the principals of how these funds are allocated will be provided by the superintendent to the schools.",a report to the principals of how these funds are allocated,management,worker,will,False,passive,rights_passive,right,obligation,False,0.9,other,True,
montgomery_county_public_schools__mcea_contract_fy15_fy17_3_15_14__d1f7af4d,MCEA-Contract-FY15-FY17-3-15-14.pdf,Montgomery County Public Schools,44,Summer school materials and supplies shall be funded in addition to the regular school allocation.,Summer school materials and supplies,management,worker,shall,False,passive,plain,obligation,obligation,True,1.0,other,True,
montgomery_county_public_schools__mcea_contract_fy15_fy17_3_15_14__d1f7af4d,MCEA-Contract-FY15-FY17-3-15-14.pdf,Montgomery County Public Schools,44,An additional allocation will be made for summer school laboratory courses.,An additional allocation,management,worker,will,False,passive,plain,obligation,obligation,True,0.9,other,True,
montgomery_county_public_schools__mcea_contract_fy15_fy17_3_15_14__d1f7af4d,MCEA-Contract-FY15-FY17-3-15-14.pdf,Montgomery County Public Schools,44,Distribution of those materials of instruction funds allocated on a per pupil basis shall be based on the projected enrollment for the school year with the final allocation of these funds based on the actual enrollment on September 30.,Distribution of those materials of instruction funds allocated on a per pupil basis,management,worker,shall,False,active,plain,obligation,obligation,True,1.0,other,True,
montgomery_county_public_schools__mcea_contract_fy15_fy17_3_15_14__d1f7af4d,MCEA-Contract-FY15-FY17-3-15-14.pdf,Montgomery County Public Schools,44,Unit members using personal funds to purchase materials and/or supplies with the advance approval of their principal or immediate supervisor will be reimbursed for the amount of the purchase upon submission of an appropriate receipt.,Unit members using personal funds to purchase materials and/or supplies with the advance approval of their principal or immediate supervisor,management,worker,will,False,passive,rights_passive,right,obligation,False,0.9,other,True,
montgomery_county_public_schools__mcea_contract_fy15_fy17_3_15_14__d1f7af4d,MCEA-Contract-FY15-FY17-3-15-14.pdf,Montgomery County Public Schools,44,"The parties agree that bargaining unit members will not be required to implement new curriculum if 1. detailed outlines (including common tasks or required summative assessments, and a list of required readings) with timelines are not provided to the teachers at least two weeks prior to the beginning of the semester during which the curriculum is scheduled to be taught, or 2. the MCPS curriculum materials for a unit are not available to teachers who are expected to teach it at least two weeks before the unit is scheduled to be taught.",The parties,other,worker,will,False,active,plain,obligation,prohibition,False,0.9,workload,True,contains embedded conditional deontic clause
montgomery_county_public_schools__mcea_contract_fy15_fy17_3_15_14__d1f7af4d,MCEA-Contract-FY15-FY17-3-15-14.pdf,Montgomery County Public Schools,45,We will develop and encourage innovations in professional development and teacher leadership that allow our best teachers to lead and coach colleagues for educational improvement.,We,other,worker,will,False,active,plain,obligation,obligation,True,0.9,professional_development,True,Joint commitment by MCEA and MCPS
montgomery_county_public_schools__mcea_contract_fy15_fy17_3_15_14__d1f7af4d,MCEA-Contract-FY15-FY17-3-15-14.pdf,Montgomery County Public Schools,45,We commit to developing a support system that will encourage and sustain applicants and reward recipients of National Board Certification.,We,other,worker,will,False,active,plain,obligation,obligation,True,0.9,professional_development,True,Joint commitment
montgomery_county_public_schools__mcea_contract_fy15_fy17_3_15_14__d1f7af4d,MCEA-Contract-FY15-FY17-3-15-14.pdf,Montgomery County Public Schools,46,The parties commit to maintain the comprehensive professional growth system that has been jointly designed and implemented.,The parties,other,worker,,False,active,obligation_verb,obligation,obligation,True,0.85,professional_development,True,
montgomery_county_public_schools__mcea_contract_fy15_fy17_3_15_14__d1f7af4d,MCEA-Contract-FY15-FY17-3-15-14.pdf,Montgomery County Public Schools,47,changes shall not be made without following the procedures set out in Article 15.,changes,management,worker,shall,True,passive,plain,prohibition,prohibition,True,1.0,other,True,
montgomery_county_public_schools__mcea_contract_fy15_fy17_3_15_14__d1f7af4d,MCEA-Contract-FY15-FY17-3-15-14.pdf,Montgomery County Public Schools,47,All teachers may be observed formally and/or informally at any time.,All teachers,management,management,may,False,passive,plain,permission,permission,True,0.3,evaluation,True,
montgomery_county_public_schools__mcea_contract_fy15_fy17_3_15_14__d1f7af4d,MCEA-Contract-FY15-FY17-3-15-14.pdf,Montgomery County Public Schools,47,"During professional development years, formal observations are not required.",formal observations,management,worker,,True,passive,obligation_verb,right,right,True,0.85,evaluation,True,
montgomery_county_public_schools__mcea_contract_fy15_fy17_3_15_14__d1f7af4d,MCEA-Contract-FY15-FY17-3-15-14.pdf,Montgomery County Public Schools,47,"administrators, resource teachers (RTs), middle school content specialists, or interdisciplinary resource teachers (IRTs) are expected to do a minimum of two informal observations each professional development year in order to be familiar with teachers’ classroom practices.","administrators, resource teachers (RTs), middle school content specialists, or interdisciplinary resource teachers (IRTs)",management,worker,,False,active,obligation_verb,obligation,obligation,True,0.85,evaluation,True,
montgomery_county_public_schools__mcea_contract_fy15_fy17_3_15_14__d1f7af4d,MCEA-Contract-FY15-FY17-3-15-14.pdf,Montgomery County Public Schools,47,a program of 360-degree feedback will be implemented for all unit members.,a program of 360-degree feedback,other,worker,will,False,passive,plain,obligation,obligation,True,0.9,evaluation,True,
montgomery_county_public_schools__mcea_contract_fy15_fy17_3_15_14__d1f7af4d,MCEA-Contract-FY15-FY17-3-15-14.pdf,Montgomery County Public Schools,47,"This practice of 360-degree feedback will include classroom teachers, counselors, media specialists, pupil personnel workers, and other unit members working with students by students; and assistant principals and principals by teachers.",This practice of 360-degree feedback,other,worker,will,False,active,plain,obligation,obligation,True,0.9,evaluation,True,
montgomery_county_public_schools__mcea_contract_fy15_fy17_3_15_14__d1f7af4d,MCEA-Contract-FY15-FY17-3-15-14.pdf,Montgomery County Public Schools,47,All feedback will be confidential and for the sole use of the unit member seeking the feedback.,All feedback,other,worker,will,False,active,plain,obligation,obligation,True,0.9,evaluation,True,
montgomery_county_public_schools__mcea_contract_fy15_fy17_3_15_14__d1f7af4d,MCEA-Contract-FY15-FY17-3-15-14.pdf,Montgomery County Public Schools,47,Unit members are encouraged to share the results of the data and their plans for improvement with those individuals who have participated with them in the feedback process.,Unit members,worker,worker,,False,active,obligation_verb,obligation,other,False,0.85,evaluation,True,
montgomery_county_public_schools__mcea_contract_fy15_fy17_3_15_14__d1f7af4d,MCEA-Contract-FY15-FY17-3-15-14.pdf,Montgomery County Public Schools,48,The PAR Program shall operate in accord with the procedures enumerated in the Teacher Evaluation Handbook.,The PAR Program,other,worker,shall,False,active,plain,obligation,obligation,True,1.0,evaluation,True,
montgomery_county_public_schools__mcea_contract_fy15_fy17_3_15_14__d1f7af4d,MCEA-Contract-FY15-FY17-3-15-14.pdf,Montgomery County Public Schools,48,"PAR operational guidelines will be established by the Panel, in accord with the Handbook.",PAR operational guidelines,other,worker,will,False,passive,plain,obligation,obligation,True,0.9,evaluation,True,
montgomery_county_public_schools__mcea_contract_fy15_fy17_3_15_14__d1f7af4d,MCEA-Contract-FY15-FY17-3-15-14.pdf,Montgomery County Public Schools,48,The PAR Program shall be run by a PAR Panel.,The PAR Program,other,worker,shall,False,passive,plain,obligation,obligation,True,1.0,evaluation,True,
montgomery_county_public_schools__mcea_contract_fy15_fy17_3_15_14__d1f7af4d,MCEA-Contract-FY15-FY17-3-15-14.pdf,Montgomery County Public Schools,48,MCEA can discontinue its involvement in the program with 90 days’ notice.,MCEA,worker,worker,can,False,active,plain,permission,permission,True,0.3,other,True,
montgomery_county_public_schools__mcea_contract_fy15_fy17_3_15_14__d1f7af4d,MCEA-Contract-FY15-FY17-3-15-14.pdf,Montgomery County Public Schools,48,MCPS may continue to fund positions in the budget associated with the evaluation system,MCPS,management,management,may,False,active,plain,permission,permission,True,0.3,evaluation,True,
montgomery_county_public_schools__mcea_contract_fy15_fy17_3_15_14__d1f7af4d,MCEA-Contract-FY15-FY17-3-15-14.pdf,Montgomery County Public Schools,48,it may not refer to the program as PAR.,it,management,management,may,True,active,plain,prohibition,prohibition,True,0.3,other,True,
montgomery_county_public_schools__mcea_contract_fy15_fy17_3_15_14__d1f7af4d,MCEA-Contract-FY15-FY17-3-15-14.pdf,Montgomery County Public Schools,49,the teacher will be given the opportunity to appear before the PAR Panel.,the teacher,management,worker,will,False,passive,rights_passive,right,right,True,0.9,evaluation,True,
montgomery_county_public_schools__mcea_contract_fy15_fy17_3_15_14__d1f7af4d,MCEA-Contract-FY15-FY17-3-15-14.pdf,Montgomery County Public Schools,49,the principal also will be given the opportunity to present information to the PAR Panel.,the principal,management,management,will,False,passive,rights_passive,right,right,True,0.9,evaluation,True,
montgomery_county_public_schools__mcea_contract_fy15_fy17_3_15_14__d1f7af4d,MCEA-Contract-FY15-FY17-3-15-14.pdf,Montgomery County Public Schools,49,that recommendation is forwarded to the superintendent.,that recommendation,management,management,,False,passive,plain,other,other,True,0.0,evaluation,True,
montgomery_county_public_schools__mcea_contract_fy15_fy17_3_15_14__d1f7af4d,MCEA-Contract-FY15-FY17-3-15-14.pdf,Montgomery County Public Schools,49,A majority vote of the PAR Panel shall be required to overturn its preliminary recommendation and uphold the teacher who has submitted the information.,A majority vote of the PAR Panel,other,worker,shall,False,passive,plain,obligation,obligation,True,1.0,evaluation,True,
montgomery_county_public_schools__mcea_contract_fy15_fy17_3_15_14__d1f7af4d,MCEA-Contract-FY15-FY17-3-15-14.pdf,Montgomery County Public Schools,49,the principal also will have the opportunity to present information.,the principal,management,management,will,False,active,plain,obligation,right,False,0.9,evaluation,True,
montgomery_county_public_schools__mcea_contract_fy15_fy17_3_15_14__d1f7af4d,MCEA-Contract-FY15-FY17-3-15-14.pdf,Montgomery County Public Schools,49,A majority vote of the PAR Panel shall be required to overturn its preliminary recommendation and uphold the teacher.,A majority vote of the PAR Panel,other,worker,shall,False,passive,plain,obligation,obligation,True,1.0,evaluation,True,
montgomery_county_public_schools__mcea_contract_fy15_fy17_3_15_14__d1f7af4d,MCEA-Contract-FY15-FY17-3-15-14.pdf,Montgomery County Public Schools,49,that recommendation will be forwarded to the superintendent.,that recommendation,management,management,will,False,passive,plain,obligation,obligation,True,0.9,evaluation,True,
montgomery_county_public_schools__mcea_contract_fy15_fy17_3_15_14__d1f7af4d,MCEA-Contract-FY15-FY17-3-15-14.pdf,Montgomery County Public Schools,49,Tenured teachers retain due process rights afforded them by the MCEA collective bargaining agreement and/or state law.,Tenured teachers,worker,worker,,False,active,rights_active,right,right,True,0.85,job_security,True,
montgomery_county_public_schools__mcea_contract_fy15_fy17_3_15_14__d1f7af4d,MCEA-Contract-FY15-FY17-3-15-14.pdf,Montgomery County Public Schools,49,"Nothing in this Article or the PAR Program shall diminish the rights granted to teachers under Section 6-202 of the Education Article of the Annotated Code of Maryland, relative to suspension and dismissal, and the right to appeal such personnel actions.",Nothing in this Article or the PAR Program,other,worker,shall,True,active,plain,prohibition,prohibition,True,1.0,job_security,True,Subject-side quantifier negation ('Nothing')
montgomery_county_public_schools__mcea_contract_fy15_fy17_3_15_14__d1f7af4d,MCEA-Contract-FY15-FY17-3-15-14.pdf,Montgomery County Public Schools,49,"MCEA unit members participating in the PAR Program, as consulting teachers or as members of the PAR Panel, shall be indemnified and held harmless by the Board against any and all claims arising as a result of their actions within the scope of their duties.","MCEA unit members participating in the PAR Program, as consulting teachers or as members of the PAR Panel",management,worker,shall,False,passive,rights_passive,right,obligation,False,1.0,safety_and_working_conditions,True,
montgomery_county_public_schools__mcea_contract_fy15_fy17_3_15_14__d1f7af4d,MCEA-Contract-FY15-FY17-3-15-14.pdf,Montgomery County Public Schools,50,"MCEA unit members, in collaboration with their administrators and staff development teacher, will determine the forms of professional growth and development appropriate for meeting the goals of the PDP.","MCEA unit members, in collaboration with their administrators and staff development teacher",worker,worker,will,False,active,plain,obligation,obligation,True,0.9,professional_development,True,
montgomery_county_public_schools__mcea_contract_fy15_fy17_3_15_14__d1f7af4d,MCEA-Contract-FY15-FY17-3-15-14.pdf,Montgomery County Public Schools,50,The Board agrees to provide a tuition reimbursement program for full-time and part-time unit members who complete graduate courses that enable them to continue their professional development and to maintain or increase their skills as education professionals in their employment with MCPS.,The Board,management,worker,,False,active,obligation_verb,obligation,obligation,True,0.85,benefits,True,
montgomery_county_public_schools__mcea_contract_fy15_fy17_3_15_14__d1f7af4d,MCEA-Contract-FY15-FY17-3-15-14.pdf,Montgomery County Public Schools,50,Unit members may request tuition reimbursement for graduate university and college courses.,Unit members,worker,worker,may,False,active,plain,permission,permission,True,0.3,benefits,True,
montgomery_county_public_schools__mcea_contract_fy15_fy17_3_15_14__d1f7af4d,MCEA-Contract-FY15-FY17-3-15-14.pdf,Montgomery County Public Schools,50,Courses must be approved by MCPS.,Courses,management,management,must,False,passive,obligation_verb,obligation,obligation,True,1.0,benefits,True,
montgomery_county_public_schools__mcea_contract_fy15_fy17_3_15_14__d1f7af4d,MCEA-Contract-FY15-FY17-3-15-14.pdf,Montgomery County Public Schools,50,"The unit member must achieve a grade of ""B"" or better.",The unit member,worker,management,must,False,active,obligation_verb,obligation,obligation,True,1.0,benefits,True,
montgomery_county_public_schools__mcea_contract_fy15_fy17_3_15_14__d1f7af4d,MCEA-Contract-FY15-FY17-3-15-14.pdf,Montgomery County Public Schools,50,Documentation must be submitted (report card and proof of payment) within 60 days of the end of the course.,Documentation,worker,management,must,False,passive,obligation_verb,obligation,obligation,True,1.0,benefits,True,
montgomery_county_public_schools__mcea_contract_fy15_fy17_3_15_14__d1f7af4d,MCEA-Contract-FY15-FY17-3-15-14.pdf,Montgomery County Public Schools,50,Reimbursement shall cover actual tuition only and not the cost of books or other materials.,Reimbursement,other,management,shall,False,active,plain,obligation,obligation,True,1.0,benefits,True,
montgomery_county_public_schools__mcea_contract_fy15_fy17_3_15_14__d1f7af4d,MCEA-Contract-FY15-FY17-3-15-14.pdf,Montgomery County Public Schools,51,"Reimbursement shall be for 50 percent of the current cost of in-state tuition at the University of Maryland, College Park, up to a maximum of nine hours credit per fiscal year for graduate courses not currently offered by the in-service program.",Reimbursement,other,worker,shall,False,active,plain,obligation,obligation,True,1.0,benefits,True,
montgomery_county_public_schools__mcea_contract_fy15_fy17_3_15_14__d1f7af4d,MCEA-Contract-FY15-FY17-3-15-14.pdf,Montgomery County Public Schools,51,The nine credit hour limitation may be waived for a specific year or years under the following conditions:,The nine credit hour limitation,management,management,may,False,passive,plain,permission,permission,True,0.3,benefits,True,
montgomery_county_public_schools__mcea_contract_fy15_fy17_3_15_14__d1f7af4d,MCEA-Contract-FY15-FY17-3-15-14.pdf,Montgomery County Public Schools,51,"Completion of the requirements of an approved program requires enrollment in more than nine credits during one or more years of the program, or MCPS approves enrollment in more than nine credits in order to meet a specific school system need.",Completion of the requirements of an approved program,other,management,need,False,active,plain,obligation,other,False,0.7,benefits,True,compound sentence; second clause subject is MCPS (management)
montgomery_county_public_schools__mcea_contract_fy15_fy17_3_15_14__d1f7af4d,MCEA-Contract-FY15-FY17-3-15-14.pdf,Montgomery County Public Schools,51,No reimbursement for additional credits outside the approved program will be approved until the total reimbursement from the first year of excess credits is less than an average of nine credits per year.,No reimbursement for additional credits outside the approved program,management,management,will,True,passive,plain,prohibition,prohibition,True,0.9,benefits,True,
montgomery_county_public_schools__mcea_contract_fy15_fy17_3_15_14__d1f7af4d,MCEA-Contract-FY15-FY17-3-15-14.pdf,Montgomery County Public Schools,51,If the employee retires or resigns prior to the time the average reduces to nine credits per year the employee will be required to repay MCPS for any excess reimbursement beyond the average of nine credits per year from the first year of excess reimbursement.,the employee,worker,management,will,False,active,obligation_verb,obligation,obligation,True,0.9,benefits,True,conditional main clause
montgomery_county_public_schools__mcea_contract_fy15_fy17_3_15_14__d1f7af4d,MCEA-Contract-FY15-FY17-3-15-14.pdf,Montgomery County Public Schools,51,In no event may the employee be reimbursed for more than 45 credits in the five year period beginning with the first year of excess reimbursement.,the employee,management,management,may,True,passive,rights_passive,other,prohibition,False,0.0,benefits,True,
montgomery_county_public_schools__mcea_contract_fy15_fy17_3_15_14__d1f7af4d,MCEA-Contract-FY15-FY17-3-15-14.pdf,Montgomery County Public Schools,51,"The Board will reimburse 50 percent of the cost of tuition for the equivalent of one credit hour, up to the maximum of nine credit hours per year, for completion of Continuing Education Unit (CEU) or Continuing Professional Development (CPD) courses not offered by the in-service program (see below).",The Board,management,worker,will,False,active,plain,obligation,obligation,True,0.9,professional_development,True,
montgomery_county_public_schools__mcea_contract_fy15_fy17_3_15_14__d1f7af4d,MCEA-Contract-FY15-FY17-3-15-14.pdf,Montgomery County Public Schools,51,Reimbursement requests must be submitted with proper documentation verifying completion of CEUs or CPDs that have been approved through a State-accepted accrediting agency.,Reimbursement requests,management,management,must,False,passive,plain,obligation,obligation,True,1.0,professional_development,True,
montgomery_county_public_schools__mcea_contract_fy15_fy17_3_15_14__d1f7af4d,MCEA-Contract-FY15-FY17-3-15-14.pdf,Montgomery County Public Schools,52,"MCPS and MCEA will jointly plan, design, implement and assess courses carrying CPD.",MCPS and MCEA,other,worker,will,False,active,plain,obligation,obligation,True,0.9,professional_development,True,
montgomery_county_public_schools__mcea_contract_fy15_fy17_3_15_14__d1f7af4d,MCEA-Contract-FY15-FY17-3-15-14.pdf,Montgomery County Public Schools,52,MCPS and MCEA will design and implement courses that address system and unit member needs.,MCPS and MCEA,other,worker,will,False,active,plain,obligation,obligation,True,0.9,professional_development,True,
montgomery_county_public_schools__mcea_contract_fy15_fy17_3_15_14__d1f7af4d,MCEA-Contract-FY15-FY17-3-15-14.pdf,Montgomery County Public Schools,52,Funds available for local school professional development will be allocated to the local school with no less than a $2000 base and half (.5) of the substitute cost for each member of the school’s professional staff to come from allocated funds.,Funds available for local school professional development,management,worker,will,False,passive,plain,obligation,obligation,True,0.9,professional_development,True,
montgomery_county_public_schools__mcea_contract_fy15_fy17_3_15_14__d1f7af4d,MCEA-Contract-FY15-FY17-3-15-14.pdf,Montgomery County Public Schools,53,The allocation of these funds will be reported to the school leadership team.,The allocation of these funds,other,worker,will,False,passive,plain,obligation,obligation,True,0.9,professional_development,True,
montgomery_county_public_schools__mcea_contract_fy15_fy17_3_15_14__d1f7af4d,MCEA-Contract-FY15-FY17-3-15-14.pdf,Montgomery County Public Schools,53,"For the term of this Agreement, the Board agrees to budget funds for the purchase of books, equipment, and other educational resource materials it determines to be necessary for use by the professional staff.",the Board,management,worker,,False,active,obligation_verb,obligation,obligation,True,0.85,professional_development,True,
montgomery_county_public_schools__mcea_contract_fy15_fy17_3_15_14__d1f7af4d,MCEA-Contract-FY15-FY17-3-15-14.pdf,Montgomery County Public Schools,53,The Board is committed to continuous improvement through job-embedded professional development,The Board,management,worker,,False,active,obligation_verb,obligation,obligation,True,0.85,professional_development,True,
montgomery_county_public_schools__mcea_contract_fy15_fy17_3_15_14__d1f7af4d,MCEA-Contract-FY15-FY17-3-15-14.pdf,Montgomery County Public Schools,53,and agrees to fund support for activities that may include the following:,The Board,management,worker,may,False,active,obligation_verb,obligation,obligation,True,0.3,professional_development,True,
montgomery_county_public_schools__mcea_contract_fy15_fy17_3_15_14__d1f7af4d,MCEA-Contract-FY15-FY17-3-15-14.pdf,Montgomery County Public Schools,53,MCPS will provide for the assignment of staff development substitute teachers to schools to allow teachers to participate in professional development and growth during their normal school day.,MCPS,management,worker,will,False,active,plain,obligation,obligation,True,0.9,professional_development,True,
montgomery_county_public_schools__mcea_contract_fy15_fy17_3_15_14__d1f7af4d,MCEA-Contract-FY15-FY17-3-15-14.pdf,Montgomery County Public Schools,53,"Each school develops its own procedures for assuring that educators have an opportunity to utilize the substitute to make time available for work on professional growth, including Professional Development Plans (PDPs).",Each school,management,worker,,False,active,plain,other,other,True,0.0,professional_development,True,
montgomery_county_public_schools__mcea_contract_fy15_fy17_3_15_14__d1f7af4d,MCEA-Contract-FY15-FY17-3-15-14.pdf,Montgomery County Public Schools,53,"Given those assumptions, MCEA and MCPS are committed to creating a variety of opportunities to recognize, reward, and encourage mastery and leadership in teaching and to encourage our master teachers and teacher leaders to contribute to the improvement of our schools, especially our highest needs schools.",MCEA and MCPS,other,worker,,False,active,obligation_verb,obligation,obligation,True,0.85,professional_development,True,
montgomery_county_public_schools__mcea_contract_fy15_fy17_3_15_14__d1f7af4d,MCEA-Contract-FY15-FY17-3-15-14.pdf,Montgomery County Public Schools,54,Participation by supervising unit members in the training of student teachers or graduate interns in an education program shall be voluntary and shall be based on criteria established by the Office of Human Resources and Development.,Participation by supervising unit members in the training of student teachers or graduate interns in an education program,other,worker,shall,False,active,plain,obligation,obligation,True,1.0,professional_development,True,Compound predicate; grants permission regarding participation and imposes criterion-based obligation on program design.
montgomery_county_public_schools__mcea_contract_fy15_fy17_3_15_14__d1f7af4d,MCEA-Contract-FY15-FY17-3-15-14.pdf,Montgomery County Public Schools,54,"The teacher and principal will receive a copy of the assignment, programs, and work schedules for approval.",The teacher and principal,worker,worker,will,False,active,rights_active,right,right,True,0.9,evaluation,True,"Mixed subject (teacher = worker, principal = management)"
montgomery_county_public_schools__mcea_contract_fy15_fy17_3_15_14__d1f7af4d,MCEA-Contract-FY15-FY17-3-15-14.pdf,Montgomery County Public Schools,54,The Board shall support a systematic program of training for those unit members who wish to train personnel from approved teacher training programs in accredited institutions.,The Board,management,worker,shall,False,active,plain,obligation,obligation,True,1.0,professional_development,True,
montgomery_county_public_schools__mcea_contract_fy15_fy17_3_15_14__d1f7af4d,MCEA-Contract-FY15-FY17-3-15-14.pdf,Montgomery County Public Schools,55,Educors with lead teacher status are eligible for a variety of teacher leadership roles,Educors with lead teacher status,worker,worker,,False,active,plain,other,other,True,0.0,professional_development,True,
montgomery_county_public_schools__mcea_contract_fy15_fy17_3_15_14__d1f7af4d,MCEA-Contract-FY15-FY17-3-15-14.pdf,Montgomery County Public Schools,55,Classroom teachers who achieve lead teacher status can apply for teacher leadership positions,Classroom teachers who achieve lead teacher status,worker,worker,can,False,active,plain,permission,permission,True,0.3,professional_development,True,
montgomery_county_public_schools__mcea_contract_fy15_fy17_3_15_14__d1f7af4d,MCEA-Contract-FY15-FY17-3-15-14.pdf,Montgomery County Public Schools,55,carry out school-based improvement projects.,[Classroom teachers who achieve lead teacher status],worker,worker,can,False,active,plain,permission,permission,True,0.3,professional_development,True,
montgomery_county_public_schools__mcea_contract_fy15_fy17_3_15_14__d1f7af4d,MCEA-Contract-FY15-FY17-3-15-14.pdf,Montgomery County Public Schools,55,Lead teachers in designated leadership positions will receive a salary supplement.,Lead teachers in designated leadership positions,worker,worker,will,False,active,rights_active,right,right,True,0.9,compensation,True,
montgomery_county_public_schools__mcea_contract_fy15_fy17_3_15_14__d1f7af4d,MCEA-Contract-FY15-FY17-3-15-14.pdf,Montgomery County Public Schools,55,Lead Teachers who are approved for project work will receive a salary supplement.,Lead Teachers who are approved for project work,worker,worker,will,False,active,rights_active,right,right,True,0.9,compensation,True,
montgomery_county_public_schools__mcea_contract_fy15_fy17_3_15_14__d1f7af4d,MCEA-Contract-FY15-FY17-3-15-14.pdf,Montgomery County Public Schools,55,which will be created by the Career Lattice Joint Panel,which,other,worker,will,False,passive,rights_passive,right,obligation,False,0.9,professional_development,True,
montgomery_county_public_schools__mcea_contract_fy15_fy17_3_15_14__d1f7af4d,MCEA-Contract-FY15-FY17-3-15-14.pdf,Montgomery County Public Schools,55,and will be reviewed and revised annually by the Teacher PGS Implementation Team.,[which],worker,worker,will,False,passive,rights_passive,right,obligation,False,0.9,professional_development,True,
montgomery_county_public_schools__mcea_contract_fy15_fy17_3_15_14__d1f7af4d,MCEA-Contract-FY15-FY17-3-15-14.pdf,Montgomery County Public Schools,56,The Career Lattice program shall operate in accord with the procedures enumerated in the Career Lattice Handbook,The Career Lattice program,other,worker,shall,False,active,plain,obligation,obligation,True,1.0,professional_development,True,
montgomery_county_public_schools__mcea_contract_fy15_fy17_3_15_14__d1f7af4d,MCEA-Contract-FY15-FY17-3-15-14.pdf,Montgomery County Public Schools,56,The Career Lattice Program shall be run by a Career Lattice Joint Panel.,The Career Lattice Program,other,worker,shall,False,passive,plain,obligation,obligation,True,1.0,professional_development,True,
montgomery_county_public_schools__mcea_contract_fy15_fy17_3_15_14__d1f7af4d,MCEA-Contract-FY15-FY17-3-15-14.pdf,Montgomery County Public Schools,56,The Panel shall consist of at least 12 members appointed by the Superintendent;,The Panel,other,worker,shall,False,active,plain,obligation,obligation,True,1.0,professional_development,True,fragment continues after semicolon
montgomery_county_public_schools__mcea_contract_fy15_fy17_3_15_14__d1f7af4d,MCEA-Contract-FY15-FY17-3-15-14.pdf,Montgomery County Public Schools,56,The associate superintendent for the Office of Human Resources and Development (or his/her designee) shall also serve as a panel member.,The associate superintendent for the Office of Human Resources and Development (or his/her designee),management,management,shall,False,active,plain,obligation,obligation,True,1.0,professional_development,True,
montgomery_county_public_schools__mcea_contract_fy15_fy17_3_15_14__d1f7af4d,MCEA-Contract-FY15-FY17-3-15-14.pdf,Montgomery County Public Schools,56,The Career Lattice Joint Panel will report to the Teacher PGS Implementation Team,The Career Lattice Joint Panel,other,worker,will,False,active,plain,obligation,obligation,True,0.9,professional_development,True,
montgomery_county_public_schools__mcea_contract_fy15_fy17_3_15_14__d1f7af4d,MCEA-Contract-FY15-FY17-3-15-14.pdf,Montgomery County Public Schools,56,The Teacher PGS Implementation Team will provide quarterly reports to the MCEA/MCPS LMCC.,The Teacher PGS Implementation Team,management,worker,will,False,active,plain,obligation,obligation,True,0.9,professional_development,True,
montgomery_county_public_schools__mcea_contract_fy15_fy17_3_15_14__d1f7af4d,MCEA-Contract-FY15-FY17-3-15-14.pdf,Montgomery County Public Schools,56,Unresolved issues will be submitted to the LMCC and to the Joint Associations/Deputies/Chief Operating Officer (ADC) Committee.,Unresolved issues,management,worker,will,False,passive,plain,obligation,obligation,True,0.9,discipline,True,
montgomery_county_public_schools__mcea_contract_fy15_fy17_3_15_14__d1f7af4d,MCEA-Contract-FY15-FY17-3-15-14.pdf,Montgomery County Public Schools,56,The parties agree to design and oversee jointly evaluation of the Career Lattice Program.,The parties,other,worker,,False,active,plain,other,other,True,0.0,professional_development,True,
montgomery_county_public_schools__mcea_contract_fy15_fy17_3_15_14__d1f7af4d,MCEA-Contract-FY15-FY17-3-15-14.pdf,Montgomery County Public Schools,56,"During the formal evaluation year, both the educator and evaluator gather data from the professional development years as well as from the evaluation year.",both the educator and evaluator,worker,worker,,False,active,plain,other,other,True,0.0,evaluation,True,
montgomery_county_public_schools__mcea_contract_fy15_fy17_3_15_14__d1f7af4d,MCEA-Contract-FY15-FY17-3-15-14.pdf,Montgomery County Public Schools,56,Formal evaluations are not required during professional development years of the professional growth cycle.,Formal evaluations,management,worker,,True,passive,obligation_verb,right,right,True,0.85,evaluation,True,
montgomery_county_public_schools__mcea_contract_fy15_fy17_3_15_14__d1f7af4d,MCEA-Contract-FY15-FY17-3-15-14.pdf,Montgomery County Public Schools,56,"However, the principal must complete the Yearly Evaluation Report for MSDE Certification Renewal annually to verify to the Maryland State Department of Education (MSDE) that the certificate holder’s performance is satisfactory (“meets standard”).",the principal,management,management,must,False,active,plain,obligation,obligation,True,1.0,evaluation,True,
montgomery_county_public_schools__mcea_contract_fy15_fy17_3_15_14__d1f7af4d,MCEA-Contract-FY15-FY17-3-15-14.pdf,Montgomery County Public Schools,57,The final evaluation report is completed by the principal or assistant principal.,The final evaluation report,management,management,,False,passive,plain,other,other,True,0.0,evaluation,True,
montgomery_county_public_schools__mcea_contract_fy15_fy17_3_15_14__d1f7af4d,MCEA-Contract-FY15-FY17-3-15-14.pdf,Montgomery County Public Schools,57,Formal observation data must be included in the final evaluation report.,Formal observation data,other,worker,must,False,passive,plain,obligation,obligation,True,1.0,evaluation,True,
montgomery_county_public_schools__mcea_contract_fy15_fy17_3_15_14__d1f7af4d,MCEA-Contract-FY15-FY17-3-15-14.pdf,Montgomery County Public Schools,57,"After the observation conference, the observer prepares a written narrative summary of the class and the conference called the Post-Observation Conference Report.",the observer,management,management,,False,active,plain,other,other,True,0.0,evaluation,True,
montgomery_county_public_schools__mcea_contract_fy15_fy17_3_15_14__d1f7af4d,MCEA-Contract-FY15-FY17-3-15-14.pdf,Montgomery County Public Schools,57,The educator is expected to review and return a signed copy of the Post-Observation Conference Report.,The educator,worker,management,,False,passive,obligation_verb,obligation,obligation,True,0.85,evaluation,True,
montgomery_county_public_schools__mcea_contract_fy15_fy17_3_15_14__d1f7af4d,MCEA-Contract-FY15-FY17-3-15-14.pdf,Montgomery County Public Schools,57,"Upon request, unit members will be given a copy of any evaluation report prepared by their administrator or supervisor at least one day before a conference is held to discuss it.",unit members,management,worker,will,False,passive,rights_passive,right,right,True,0.9,evaluation,True,
montgomery_county_public_schools__mcea_contract_fy15_fy17_3_15_14__d1f7af4d,MCEA-Contract-FY15-FY17-3-15-14.pdf,Montgomery County Public Schools,57,Unit members will be required to sign the evaluation report as evidence that they have seen it.,Unit members,worker,management,will,False,passive,obligation_verb,obligation,obligation,True,0.9,evaluation,True,
montgomery_county_public_schools__mcea_contract_fy15_fy17_3_15_14__d1f7af4d,MCEA-Contract-FY15-FY17-3-15-14.pdf,Montgomery County Public Schools,57,They will not be required to sign a blank or incomplete evaluation form.,They,worker,worker,will,True,passive,obligation_verb,right,right,True,0.9,evaluation,True,
montgomery_county_public_schools__mcea_contract_fy15_fy17_3_15_14__d1f7af4d,MCEA-Contract-FY15-FY17-3-15-14.pdf,Montgomery County Public Schools,58,PAR Program will be given a copy of the mid-year and/or summative report of the consulting teacher at least one day prior to a conference to discuss it.,PAR Program,management,worker,will,False,passive,rights_passive,right,right,True,0.9,evaluation,True,
montgomery_county_public_schools__mcea_contract_fy15_fy17_3_15_14__d1f7af4d,MCEA-Contract-FY15-FY17-3-15-14.pdf,Montgomery County Public Schools,58,Unit members will be required to sign the mid-year and summative reports as evidence that they have seen them.,Unit members,worker,management,will,False,active,obligation_verb,obligation,obligation,True,0.9,evaluation,True,
montgomery_county_public_schools__mcea_contract_fy15_fy17_3_15_14__d1f7af4d,MCEA-Contract-FY15-FY17-3-15-14.pdf,Montgomery County Public Schools,58,"All observation of the work of a unit member, either by an administrator/supervisor or consulting teacher, will be conducted openly and with the observer visible to the unit member.","All observation of the work of a unit member, either by an administrator/supervisor or consulting teacher",management,worker,will,False,passive,plain,obligation,obligation,True,0.9,evaluation,True,
montgomery_county_public_schools__mcea_contract_fy15_fy17_3_15_14__d1f7af4d,MCEA-Contract-FY15-FY17-3-15-14.pdf,Montgomery County Public Schools,58,"Upon request, unit members will be given a copy of the formal observation scripted notes by their administrator, supervisor, or consulting teacher at least one day before a post-observation conference is held to discuss it, unless the observation and conference occur on the same day.",unit members,management,worker,will,False,passive,rights_passive,right,right,True,0.9,evaluation,True,
montgomery_county_public_schools__mcea_contract_fy15_fy17_3_15_14__d1f7af4d,MCEA-Contract-FY15-FY17-3-15-14.pdf,Montgomery County Public Schools,58,"No class visit/observation report will be submitted to the central office, placed in the unit member's file, or otherwise acted upon before the conference with the unit member, unless the unit member is not available for a timely conference.",No class visit/observation report,management,worker,will,True,passive,plain,prohibition,prohibition,True,0.9,evaluation,True,
montgomery_county_public_schools__mcea_contract_fy15_fy17_3_15_14__d1f7af4d,MCEA-Contract-FY15-FY17-3-15-14.pdf,Montgomery County Public Schools,58,Unit Members will be required to sign the class visit/observation report.,Unit Members,worker,management,will,False,active,obligation_verb,obligation,obligation,True,0.9,evaluation,True,
montgomery_county_public_schools__mcea_contract_fy15_fy17_3_15_14__d1f7af4d,MCEA-Contract-FY15-FY17-3-15-14.pdf,Montgomery County Public Schools,58,"Unit members will have the right, upon written request on the appropriate form, to review the contents of their personnel file.",Unit members,worker,worker,will,False,active,plain,obligation,right,False,0.9,teacher_rights_and_conduct,True,
montgomery_county_public_schools__mcea_contract_fy15_fy17_3_15_14__d1f7af4d,MCEA-Contract-FY15-FY17-3-15-14.pdf,Montgomery County Public Schools,58,"If a unit member wishes to be accompanied by another person or a representative of the Association during such a review, that request must be entered on the request-to-review form.",that request,worker,worker,must,False,passive,plain,obligation,obligation,True,1.0,teacher_rights_and_conduct,True,
montgomery_county_public_schools__mcea_contract_fy15_fy17_3_15_14__d1f7af4d,MCEA-Contract-FY15-FY17-3-15-14.pdf,Montgomery County Public Schools,58,Confidential records such as application references and promotional references will not be made available to a unit member.,Confidential records such as application references and promotional references,management,management,will,True,passive,plain,prohibition,prohibition,True,0.9,teacher_rights_and_conduct,True,
montgomery_county_public_schools__mcea_contract_fy15_fy17_3_15_14__d1f7af4d,MCEA-Contract-FY15-FY17-3-15-14.pdf,Montgomery County Public Schools,58,"Non-confidential complaints about, or material derogatory to, a unit member's conduct, service, character, or personality may be placed in his/her personnel file only if—","Non-confidential complaints about, or material derogatory to, a unit member's conduct, service, character, or personality",management,worker,may,False,passive,plain,permission,permission,True,0.3,teacher_rights_and_conduct,True,
montgomery_county_public_schools__mcea_contract_fy15_fy17_3_15_14__d1f7af4d,MCEA-Contract-FY15-FY17-3-15-14.pdf,Montgomery County Public Schools,58,"The unit member will acknowledge that he/she has had the opportunity to review such material by affixing his/her initials to the copy to be filed, with the expressed understanding that such initialing in no way indicates agreement with the contents.",The unit member,worker,management,will,False,active,plain,obligation,obligation,True,0.9,teacher_rights_and_conduct,True,
montgomery_county_public_schools__mcea_contract_fy15_fy17_3_15_14__d1f7af4d,MCEA-Contract-FY15-FY17-3-15-14.pdf,Montgomery County Public Schools,58,The unit member shall be permitted to attach his/her comments related to the derogatory material.,The unit member,worker,worker,shall,False,active,permission_verb,permission,permission,True,1.0,teacher_rights_and_conduct,True,
montgomery_county_public_schools__mcea_contract_fy15_fy17_3_15_14__d1f7af4d,MCEA-Contract-FY15-FY17-3-15-14.pdf,Montgomery County Public Schools,58,Complaints regarding a unit member made to an administrator that are used in the unit member's evaluation will be called to his/her attention.,Complaints regarding a unit member made to an administrator that are used in the unit member's evaluation,management,worker,will,False,passive,rights_passive,right,obligation,False,0.9,evaluation,True,
montgomery_county_public_schools__mcea_contract_fy15_fy17_3_15_14__d1f7af4d,MCEA-Contract-FY15-FY17-3-15-14.pdf,Montgomery County Public Schools,59,the unit member will be given a copy.,the unit member,management,worker,will,False,passive,rights_passive,right,right,True,0.9,teacher_rights_and_conduct,True,
montgomery_county_public_schools__mcea_contract_fy15_fy17_3_15_14__d1f7af4d,MCEA-Contract-FY15-FY17-3-15-14.pdf,Montgomery County Public Schools,59,The unit member will be required to initial the material indicating that he/she has read it.,The unit member,management,management,will,False,passive,obligation_verb,obligation,obligation,True,0.9,teacher_rights_and_conduct,True,
montgomery_county_public_schools__mcea_contract_fy15_fy17_3_15_14__d1f7af4d,MCEA-Contract-FY15-FY17-3-15-14.pdf,Montgomery County Public Schools,59,He/she will be permitted to attach his/her comments related to the complaint.,He/she,management,worker,will,False,passive,permission_verb,permission,permission,True,0.9,teacher_rights_and_conduct,True,
montgomery_county_public_schools__mcea_contract_fy15_fy17_3_15_14__d1f7af4d,MCEA-Contract-FY15-FY17-3-15-14.pdf,Montgomery County Public Schools,59,"Reprisals taken by the unit member against any student, any class, or any person will be cause for immediate investigation that may result in dismissal proceedings being activated.","Reprisals taken by the unit member against any student, any class, or any person",management,management,will,False,active,plain,obligation,obligation,True,0.9,discipline,True,
montgomery_county_public_schools__mcea_contract_fy15_fy17_3_15_14__d1f7af4d,MCEA-Contract-FY15-FY17-3-15-14.pdf,Montgomery County Public Schools,59,"The District may maintain a register of events or circumstances involving an employee that raise questions about student or employee safety and security, provided that the employee who is the subject of an individual record has been informed, in writing, of the circumstances giving rise to the concern, and subject to the provisions in Subsections 7(a), (b) and (c) above.",The District,management,management,may,False,active,plain,permission,permission,True,0.3,safety_and_working_conditions,True,
montgomery_county_public_schools__mcea_contract_fy15_fy17_3_15_14__d1f7af4d,MCEA-Contract-FY15-FY17-3-15-14.pdf,Montgomery County Public Schools,59,The principal or immediate supervisor of a unit member will discuss the unit member's work performance with that person prior to a formal evaluation of that performance.,The principal or immediate supervisor of a unit member,management,worker,will,False,active,plain,obligation,obligation,True,0.9,evaluation,True,
montgomery_county_public_schools__mcea_contract_fy15_fy17_3_15_14__d1f7af4d,MCEA-Contract-FY15-FY17-3-15-14.pdf,Montgomery County Public Schools,59,Final evaluation of a unit member upon termination or retirement will be concluded prior to severance,Final evaluation of a unit member upon termination or retirement,management,worker,will,False,passive,plain,obligation,obligation,True,0.9,evaluation,True,
montgomery_county_public_schools__mcea_contract_fy15_fy17_3_15_14__d1f7af4d,MCEA-Contract-FY15-FY17-3-15-14.pdf,Montgomery County Public Schools,59,no document or other material will be placed in the personnel file of such unit member after severance except in accordance with the procedures set forth in this Article.,no document or other material,management,worker,will,True,passive,plain,prohibition,prohibition,True,0.9,evaluation,True,
montgomery_county_public_schools__mcea_contract_fy15_fy17_3_15_14__d1f7af4d,MCEA-Contract-FY15-FY17-3-15-14.pdf,Montgomery County Public Schools,59,he/she will not be continued in employment.,he/she,management,management,will,True,passive,plain,prohibition,prohibition,True,0.9,job_security,True,
montgomery_county_public_schools__mcea_contract_fy15_fy17_3_15_14__d1f7af4d,MCEA-Contract-FY15-FY17-3-15-14.pdf,Montgomery County Public Schools,59,"probationary unit members may, within 10 days of that notice, request a hearing by the superintendent.",probationary unit members,worker,worker,may,False,active,plain,permission,permission,True,0.3,job_security,True,
montgomery_county_public_schools__mcea_contract_fy15_fy17_3_15_14__d1f7af4d,MCEA-Contract-FY15-FY17-3-15-14.pdf,Montgomery County Public Schools,59,"The unit member, upon request, will be given adequate notice of the hearing date.","The unit member, upon request",management,worker,will,False,passive,rights_passive,right,obligation,False,0.9,discipline,True,
montgomery_county_public_schools__mcea_contract_fy15_fy17_3_15_14__d1f7af4d,MCEA-Contract-FY15-FY17-3-15-14.pdf,Montgomery County Public Schools,59,Reasons for the proposed action will be given to the unit member upon request.,Reasons for the proposed action,management,worker,will,False,passive,plain,obligation,obligation,True,0.9,discipline,True,
montgomery_county_public_schools__mcea_contract_fy15_fy17_3_15_14__d1f7af4d,MCEA-Contract-FY15-FY17-3-15-14.pdf,Montgomery County Public Schools,59,The unit member will be entitled to be represented by the Association and/or counsel of his/her choice,The unit member,worker,worker,will,False,passive,rights_passive,right,right,True,0.9,discipline,True,
montgomery_county_public_schools__mcea_contract_fy15_fy17_3_15_14__d1f7af4d,MCEA-Contract-FY15-FY17-3-15-14.pdf,Montgomery County Public Schools,59,"The unit member will be granted an opportunity to defend him- self/herself, presenting arguments and/or evidence.",The unit member,management,worker,will,False,passive,rights_passive,right,right,True,0.9,discipline,True,
montgomery_county_public_schools__mcea_contract_fy15_fy17_3_15_14__d1f7af4d,MCEA-Contract-FY15-FY17-3-15-14.pdf,Montgomery County Public Schools,60,"will be granted an opportunity to defend him- self/herself, presenting arguments and/or evidence.",The unit member,worker,worker,will,False,passive,rights_passive,right,right,True,0.9,discipline,True,
montgomery_county_public_schools__mcea_contract_fy15_fy17_3_15_14__d1f7af4d,MCEA-Contract-FY15-FY17-3-15-14.pdf,Montgomery County Public Schools,60,"The decision of the superintendent shall be in writing, stating the reasons for the determination.",The decision of the superintendent,other,worker,shall,False,active,plain,obligation,obligation,True,1.0,discipline,True,
montgomery_county_public_schools__mcea_contract_fy15_fy17_3_15_14__d1f7af4d,MCEA-Contract-FY15-FY17-3-15-14.pdf,Montgomery County Public Schools,60,"The current unit member evaluation system, including the instrument and the teacher evaluation system booklet of the Montgomery County Public Schools, Rockville, Maryland, (also known as the Professional Growth System Handbook) shall not be changed without following the procedures set out below:","The current unit member evaluation system, including the instrument and the teacher evaluation system booklet of the Montgomery County Public Schools, Rockville, Maryland, (also known as the Professional Growth System Handbook)",other,worker,shall,True,passive,plain,prohibition,prohibition,True,1.0,evaluation,True,
montgomery_county_public_schools__mcea_contract_fy15_fy17_3_15_14__d1f7af4d,MCEA-Contract-FY15-FY17-3-15-14.pdf,Montgomery County Public Schools,60,"Preceding the proposed implementation of any proposed changes, the Board shall notify MCEA of its desire to change the evaluation system.",the Board,management,worker,shall,False,active,plain,obligation,obligation,True,1.0,evaluation,True,
montgomery_county_public_schools__mcea_contract_fy15_fy17_3_15_14__d1f7af4d,MCEA-Contract-FY15-FY17-3-15-14.pdf,Montgomery County Public Schools,60,"Thereafter, the parties shall confer in good faith over the content of any proposed changes in the evaluation system, until agreement is reached, or until 90 days following receipt by MCEA of notification that the Board desires to change the evaluation system.",the parties,other,worker,shall,False,active,plain,obligation,obligation,True,1.0,evaluation,True,
montgomery_county_public_schools__mcea_contract_fy15_fy17_3_15_14__d1f7af4d,MCEA-Contract-FY15-FY17-3-15-14.pdf,Montgomery County Public Schools,60,The conferring teams shall be headed by the chief negotiator for each party.,The conferring teams,other,worker,shall,False,passive,plain,obligation,obligation,True,1.0,evaluation,True,
montgomery_county_public_schools__mcea_contract_fy15_fy17_3_15_14__d1f7af4d,MCEA-Contract-FY15-FY17-3-15-14.pdf,Montgomery County Public Schools,60,"If no agreement is reached within 90 days following receipt by MCEA of notification that the Board desires to change the evaluation system, the Board may unilaterally implement changes in the evaluation system.",the Board,management,management,may,False,active,plain,permission,permission,True,0.3,evaluation,True,
montgomery_county_public_schools__mcea_contract_fy15_fy17_3_15_14__d1f7af4d,MCEA-Contract-FY15-FY17-3-15-14.pdf,Montgomery County Public Schools,61,All 12-month personnel in this unit and all 10-month professional personnel in the central office or field offices will be assigned appropriate starting and dismissal times,All 12-month personnel in this unit and all 10-month professional personnel in the central office or field offices,management,worker,will,False,passive,rights_passive,right,obligation,False,0.9,workload,True,
montgomery_county_public_schools__mcea_contract_fy15_fy17_3_15_14__d1f7af4d,MCEA-Contract-FY15-FY17-3-15-14.pdf,Montgomery County Public Schools,61,All resource teachers and resource counselors will be assigned appropriate starting and dismissal times,All resource teachers and resource counselors,management,worker,will,False,passive,rights_passive,right,obligation,False,0.9,workload,True,
montgomery_county_public_schools__mcea_contract_fy15_fy17_3_15_14__d1f7af4d,MCEA-Contract-FY15-FY17-3-15-14.pdf,Montgomery County Public Schools,61,All 10-month school-based professional personnel will be assigned appropriate starting and dismissal times,All 10-month school-based professional personnel,management,worker,will,False,passive,rights_passive,right,obligation,False,0.9,workload,True,
montgomery_county_public_schools__mcea_contract_fy15_fy17_3_15_14__d1f7af4d,MCEA-Contract-FY15-FY17-3-15-14.pdf,Montgomery County Public Schools,61,Unit members' lunch period shall be no less than 30 minutes in length.,Unit members' lunch period,other,worker,shall,False,active,plain,obligation,obligation,True,1.0,workload,True,
montgomery_county_public_schools__mcea_contract_fy15_fy17_3_15_14__d1f7af4d,MCEA-Contract-FY15-FY17-3-15-14.pdf,Montgomery County Public Schools,62,"School-based unit members will indicate their presence by placing a check mark in the appropriate column of the faculty ""sign in"" roster or by a technical solution determined by the school leadership team.",School-based unit members,worker,management,will,False,active,plain,obligation,obligation,True,0.9,other,True,
montgomery_county_public_schools__mcea_contract_fy15_fy17_3_15_14__d1f7af4d,MCEA-Contract-FY15-FY17-3-15-14.pdf,Montgomery County Public Schools,62,Adjustments to starting or dismissal times may be assigned by the principal if requested by a unit member(s) and if the principal determines the adjustment to be appropriate.,Adjustments to starting or dismissal times,worker,management,may,False,passive,plain,permission,permission,True,0.3,workload,True,
montgomery_county_public_schools__mcea_contract_fy15_fy17_3_15_14__d1f7af4d,MCEA-Contract-FY15-FY17-3-15-14.pdf,Montgomery County Public Schools,62,In all cases the principal's decision shall be final.,the principal's decision,other,management,shall,False,active,plain,obligation,obligation,True,1.0,workload,True,
montgomery_county_public_schools__mcea_contract_fy15_fy17_3_15_14__d1f7af4d,MCEA-Contract-FY15-FY17-3-15-14.pdf,Montgomery County Public Schools,62,the workday of 10-month school-based unit members will begin 20 minutes before the scheduled student starting time on said day,the workday of 10-month school-based unit members,other,management,will,False,active,plain,obligation,obligation,True,0.9,workload,True,
montgomery_county_public_schools__mcea_contract_fy15_fy17_3_15_14__d1f7af4d,MCEA-Contract-FY15-FY17-3-15-14.pdf,Montgomery County Public Schools,62,and will end as soon as all students under the unit member's direct supervision are clear of the school.,the workday of 10-month school-based unit members,other,management,will,False,active,plain,obligation,obligation,True,0.9,workload,True,
montgomery_county_public_schools__mcea_contract_fy15_fy17_3_15_14__d1f7af4d,MCEA-Contract-FY15-FY17-3-15-14.pdf,Montgomery County Public Schools,62,The principal may require unit members to be on duty in excess of these times if they are needed to care for the children.,The principal,management,management,may,False,active,plain,permission,permission,True,0.3,workload,True,
montgomery_county_public_schools__mcea_contract_fy15_fy17_3_15_14__d1f7af4d,MCEA-Contract-FY15-FY17-3-15-14.pdf,Montgomery County Public Schools,62,"School-based unit members may be required to remain after the end of the unit members' day without compensation for no more than three hours per month to attend faculty or other meetings, which will commence 15 minutes after the students' day.",School-based unit members,management,worker,may,False,passive,obligation_verb,obligation,permission,False,0.3,workload,True,
montgomery_county_public_schools__mcea_contract_fy15_fy17_3_15_14__d1f7af4d,MCEA-Contract-FY15-FY17-3-15-14.pdf,Montgomery County Public Schools,62,No single meeting will last more than one and one-half hours.,No single meeting,other,worker,will,True,active,plain,prohibition,prohibition,True,0.9,workload,True,
montgomery_county_public_schools__mcea_contract_fy15_fy17_3_15_14__d1f7af4d,MCEA-Contract-FY15-FY17-3-15-14.pdf,Montgomery County Public Schools,62,"When needed for the educational program, it may be necessary to meet more than three hours per month (e.g., Recertification of IB programs, special programs, etc.) as determined by the principal in collaboration with the leadership team, after consultation with the faculty.",it,other,management,may,False,active,plain,permission,permission,True,0.3,workload,True,
montgomery_county_public_schools__mcea_contract_fy15_fy17_3_15_14__d1f7af4d,MCEA-Contract-FY15-FY17-3-15-14.pdf,Montgomery County Public Schools,62,unit members will not be charged leave for missing faculty meetings,unit members,management,worker,will,True,passive,plain,prohibition,prohibition,True,0.9,leave,True,
montgomery_county_public_schools__mcea_contract_fy15_fy17_3_15_14__d1f7af4d,MCEA-Contract-FY15-FY17-3-15-14.pdf,Montgomery County Public Schools,62,repeatedly missing meetings may be addressed as a performance standard issue.,repeatedly missing meetings,management,management,may,False,active,plain,permission,permission,True,0.3,discipline,True,
montgomery_county_public_schools__mcea_contract_fy15_fy17_3_15_14__d1f7af4d,MCEA-Contract-FY15-FY17-3-15-14.pdf,Montgomery County Public Schools,62,MCEA unit members will attend back-to-school night and two other activities outside of the contractually agreed upon workday.,MCEA unit members,worker,management,will,False,active,plain,obligation,obligation,True,0.9,workload,True,
montgomery_county_public_schools__mcea_contract_fy15_fy17_3_15_14__d1f7af4d,MCEA-Contract-FY15-FY17-3-15-14.pdf,Montgomery County Public Schools,62,Duty assignments on holidays or the Sabbath of unit members shall be voluntary.,Duty assignments on holidays or the Sabbath of unit members,other,worker,shall,False,active,plain,obligation,obligation,True,1.0,workload,True,
montgomery_county_public_schools__mcea_contract_fy15_fy17_3_15_14__d1f7af4d,MCEA-Contract-FY15-FY17-3-15-14.pdf,Montgomery County Public Schools,64,Teachers’ schedules will include at least seven hours per normal week for such instructionally related work.,Teachers’ schedules,other,worker,will,False,active,plain,obligation,obligation,True,0.9,workload,True,
montgomery_county_public_schools__mcea_contract_fy15_fy17_3_15_14__d1f7af4d,MCEA-Contract-FY15-FY17-3-15-14.pdf,Montgomery County Public Schools,64,"Within the teacher onsite workday, teacher schedules will include a minimum of 3 hours and 45 minutes of time that is for individually managed planning and work during regular workweeks.",teacher schedules,other,worker,will,False,active,plain,obligation,obligation,True,0.9,workload,True,
montgomery_county_public_schools__mcea_contract_fy15_fy17_3_15_14__d1f7af4d,MCEA-Contract-FY15-FY17-3-15-14.pdf,Montgomery County Public Schools,64,Teams will determine when they will meet during the workday.,Teams,worker,worker,will,False,active,plain,obligation,obligation,True,0.9,workload,True,
montgomery_county_public_schools__mcea_contract_fy15_fy17_3_15_14__d1f7af4d,MCEA-Contract-FY15-FY17-3-15-14.pdf,Montgomery County Public Schools,64,"When teams are unable to identify meeting times that adhere to the outlined parameters, the principal or designee will determine when the team will meet.",the principal or designee,management,management,will,False,active,plain,obligation,obligation,True,0.9,workload,True,Contains conditional subordinate clause.
montgomery_county_public_schools__mcea_contract_fy15_fy17_3_15_14__d1f7af4d,MCEA-Contract-FY15-FY17-3-15-14.pdf,Montgomery County Public Schools,64,Parameters must take into account the other duties assigned to teachers and the requirement to provide a minimum of 3 hours and 45 minutes for individually managed planning and work.,Parameters,other,worker,must,False,active,plain,obligation,obligation,True,1.0,workload,True,Inanimate subject; operative duty falls on management drafting parameters.
montgomery_county_public_schools__mcea_contract_fy15_fy17_3_15_14__d1f7af4d,MCEA-Contract-FY15-FY17-3-15-14.pdf,Montgomery County Public Schools,64,"For work weeks that are not typical, teams and leadership will determine how work will be accomplished.",teams and leadership,other,worker,will,False,active,plain,obligation,obligation,True,0.9,workload,True,Joint subject includes both worker and management parties.
montgomery_county_public_schools__mcea_contract_fy15_fy17_3_15_14__d1f7af4d,MCEA-Contract-FY15-FY17-3-15-14.pdf,Montgomery County Public Schools,64,"When a decrease in total available non-instructional time is unavoidable, it is expected that, except for emergencies, group meeting time will be adjusted to a greater degree than individually managed time.",group meeting time,management,worker,will,False,passive,plain,obligation,obligation,True,0.9,workload,True,Passive construction; implicit agent is management/administration.
montgomery_county_public_schools__mcea_contract_fy15_fy17_3_15_14__d1f7af4d,MCEA-Contract-FY15-FY17-3-15-14.pdf,Montgomery County Public Schools,65,Every effort will be made to provide equitable distribution for this non-instructional time throughout the organization in keeping with the desires of the staff and individual schedules.,Every effort,management,worker,will,False,passive,plain,obligation,obligation,True,0.9,workload,True,
montgomery_county_public_schools__mcea_contract_fy15_fy17_3_15_14__d1f7af4d,MCEA-Contract-FY15-FY17-3-15-14.pdf,Montgomery County Public Schools,65,"However, at least one hour a week shall be uninterrupted.",at least one hour a week,management,worker,shall,False,passive,plain,obligation,obligation,True,1.0,workload,True,
montgomery_county_public_schools__mcea_contract_fy15_fy17_3_15_14__d1f7af4d,MCEA-Contract-FY15-FY17-3-15-14.pdf,Montgomery County Public Schools,65,"At the elementary level, each art, music, and physical education teacher will participate in the development of their teaching schedule.","each art, music, and physical education teacher",worker,worker,will,False,active,plain,obligation,obligation,True,0.9,workload,True,
montgomery_county_public_schools__mcea_contract_fy15_fy17_3_15_14__d1f7af4d,MCEA-Contract-FY15-FY17-3-15-14.pdf,Montgomery County Public Schools,65,Consideration should be made for set up and change of grade levels.,Consideration,management,worker,should,False,passive,plain,obligation,obligation,True,0.7,workload,True,
montgomery_county_public_schools__mcea_contract_fy15_fy17_3_15_14__d1f7af4d,MCEA-Contract-FY15-FY17-3-15-14.pdf,Montgomery County Public Schools,65,the schedule must be submitted to the Office of School Support and Improvement and MCEA for review.,the schedule,other,worker,must,False,passive,plain,obligation,obligation,True,1.0,workload,True,
montgomery_county_public_schools__mcea_contract_fy15_fy17_3_15_14__d1f7af4d,MCEA-Contract-FY15-FY17-3-15-14.pdf,Montgomery County Public Schools,65,All Other School Based Unit Members will have schedules that include a minimum of one hour of time for this instructionally related work during the student day.,All Other School Based Unit Members,worker,worker,will,False,active,plain,obligation,right,False,0.9,workload,True,
montgomery_county_public_schools__mcea_contract_fy15_fy17_3_15_14__d1f7af4d,MCEA-Contract-FY15-FY17-3-15-14.pdf,Montgomery County Public Schools,65,one hour and thirty minutes per week will be provided.,one hour and thirty minutes per week,management,worker,will,False,passive,rights_passive,right,obligation,False,0.9,workload,True,
montgomery_county_public_schools__mcea_contract_fy15_fy17_3_15_14__d1f7af4d,MCEA-Contract-FY15-FY17-3-15-14.pdf,Montgomery County Public Schools,65,Media specialists and other school based unit members will also participate in the development of their schedules.,Media specialists and other school based unit members,worker,worker,will,False,active,plain,obligation,obligation,True,0.9,workload,True,
montgomery_county_public_schools__mcea_contract_fy15_fy17_3_15_14__d1f7af4d,MCEA-Contract-FY15-FY17-3-15-14.pdf,Montgomery County Public Schools,65,"the principal shall release teachers for other professional activities when teachers of art, music, and physical education are instructing their students.",the principal,management,worker,shall,False,active,plain,obligation,obligation,True,1.0,professional_development,True,
montgomery_county_public_schools__mcea_contract_fy15_fy17_3_15_14__d1f7af4d,MCEA-Contract-FY15-FY17-3-15-14.pdf,Montgomery County Public Schools,65,the principal may release teachers for other professional activities when other unit members are instructing their students.,the principal,management,worker,may,False,active,plain,permission,permission,True,0.3,professional_development,True,
montgomery_county_public_schools__mcea_contract_fy15_fy17_3_15_14__d1f7af4d,MCEA-Contract-FY15-FY17-3-15-14.pdf,Montgomery County Public Schools,66,"In addition, the principal may release teachers for other professional activities when other unit members are instructing their students.",the principal,management,worker,may,False,active,plain,permission,permission,True,0.3,professional_development,True,
montgomery_county_public_schools__mcea_contract_fy15_fy17_3_15_14__d1f7af4d,MCEA-Contract-FY15-FY17-3-15-14.pdf,Montgomery County Public Schools,66,"Effort will be made to schedule Education Management Team (EMT), Individual Education Program (IEP), and building level CAP meetings requiring the participation of classroom teachers at times when coverage is available for their classroom, and not at times that result in loss of guaranteed minimum individually managed time.",Effort,management,worker,will,False,passive,plain,obligation,obligation,True,0.9,workload,True,
montgomery_county_public_schools__mcea_contract_fy15_fy17_3_15_14__d1f7af4d,MCEA-Contract-FY15-FY17-3-15-14.pdf,Montgomery County Public Schools,66,"When such meetings pre-empt a teacher’s lunch period, coverage will be sought to provide a lunch period at a different time.",coverage,management,worker,will,False,passive,plain,obligation,obligation,True,0.9,workload,True,
montgomery_county_public_schools__mcea_contract_fy15_fy17_3_15_14__d1f7af4d,MCEA-Contract-FY15-FY17-3-15-14.pdf,Montgomery County Public Schools,66,"Although the parties to this agreement support flexibility in the use of time, changes in the structure of the student day may not reduce the amount of daily planning time for secondary teachers or weekly planning time for elementary teachers as guaranteed in this Agreement.",changes in the structure of the student day,management,worker,may,True,active,plain,prohibition,prohibition,True,0.3,workload,True,
montgomery_county_public_schools__mcea_contract_fy15_fy17_3_15_14__d1f7af4d,MCEA-Contract-FY15-FY17-3-15-14.pdf,Montgomery County Public Schools,66,"At the secondary level, individual teachers may volunteer to accept a schedule that guarantees weekly rather than daily planning time.",individual teachers,worker,worker,may,False,active,plain,permission,permission,True,0.3,workload,True,
montgomery_county_public_schools__mcea_contract_fy15_fy17_3_15_14__d1f7af4d,MCEA-Contract-FY15-FY17-3-15-14.pdf,Montgomery County Public Schools,66,"However, a teacher newly assigned to a school after the last day of school may be assigned to an existing schedule involving weekly rather than daily planning time.",a teacher newly assigned to a school after the last day of school,management,management,may,False,passive,plain,permission,permission,True,0.3,transfers,True,
montgomery_county_public_schools__mcea_contract_fy15_fy17_3_15_14__d1f7af4d,MCEA-Contract-FY15-FY17-3-15-14.pdf,Montgomery County Public Schools,66,"A request to study alternative schedules can be initiated by the school leadership team, a supermajority (58 percent) of all MCEA unit members in the school, or through a major MCPS initiative.",A request to study alternative schedules,management,worker,can,False,passive,plain,permission,permission,True,0.3,workload,True,
montgomery_county_public_schools__mcea_contract_fy15_fy17_3_15_14__d1f7af4d,MCEA-Contract-FY15-FY17-3-15-14.pdf,Montgomery County Public Schools,66,Decisions to change the structure of the school day may only be made after a formal process that includes MCEA unit members is undertaken.,Decisions to change the structure of the school day,management,worker,may,False,passive,plain,permission,permission,True,0.3,workload,True,
montgomery_county_public_schools__mcea_contract_fy15_fy17_3_15_14__d1f7af4d,MCEA-Contract-FY15-FY17-3-15-14.pdf,Montgomery County Public Schools,66,The faculty representatives to a multi-stakeholder workgroup will be selected by a vote of MCEA unit members conducted by the elected faculty representative.,The faculty representatives to a multi-stakeholder workgroup,worker,worker,will,False,passive,rights_passive,right,right,True,0.9,teacher_rights_and_conduct,True,
montgomery_county_public_schools__mcea_contract_fy15_fy17_3_15_14__d1f7af4d,MCEA-Contract-FY15-FY17-3-15-14.pdf,Montgomery County Public Schools,66,The multi-stakeholder group will recommend any change to the deputy superintendent of school support and improvement for approval.,The multi-stakeholder group,other,management,will,False,active,plain,obligation,obligation,True,0.9,other,True,
montgomery_county_public_schools__mcea_contract_fy15_fy17_3_15_14__d1f7af4d,MCEA-Contract-FY15-FY17-3-15-14.pdf,Montgomery County Public Schools,66,The school leadership team will submit input to the multi-stakeholder group.,The school leadership team,management,management,will,False,active,plain,obligation,obligation,True,0.9,other,True,
montgomery_county_public_schools__mcea_contract_fy15_fy17_3_15_14__d1f7af4d,MCEA-Contract-FY15-FY17-3-15-14.pdf,Montgomery County Public Schools,66,If there is not agreement about the OSSI decision the ADC Committee will consider the issue to make a recommendation to the Superintendent.,the ADC Committee,other,worker,will,False,active,plain,obligation,obligation,True,0.9,discipline,True,
montgomery_county_public_schools__mcea_contract_fy15_fy17_3_15_14__d1f7af4d,MCEA-Contract-FY15-FY17-3-15-14.pdf,Montgomery County Public Schools,67,Any disagreement about the application of “equivalent” in this paragraph will be resolved by the ADC.,Any disagreement,management,worker,will,False,passive,plain,obligation,obligation,True,0.9,discipline,True,
montgomery_county_public_schools__mcea_contract_fy15_fy17_3_15_14__d1f7af4d,MCEA-Contract-FY15-FY17-3-15-14.pdf,Montgomery County Public Schools,67,each classroom teacher will be assigned no more than five regular classes.,each classroom teacher,management,worker,will,False,passive,plain,obligation,obligation,True,0.9,class_size,True,
montgomery_county_public_schools__mcea_contract_fy15_fy17_3_15_14__d1f7af4d,MCEA-Contract-FY15-FY17-3-15-14.pdf,Montgomery County Public Schools,67,Classroom teachers of vocational subjects may be assigned to teach the equivalent of six classes when organized on a multiple class schedule.,Classroom teachers of vocational subjects,management,management,may,False,passive,plain,permission,permission,True,0.3,class_size,True,
montgomery_county_public_schools__mcea_contract_fy15_fy17_3_15_14__d1f7af4d,MCEA-Contract-FY15-FY17-3-15-14.pdf,Montgomery County Public Schools,67,Schedules must reflect the need for both individually managed work and time that may be structured by the school leadership team.,Schedules,other,worker,must,False,active,plain,obligation,obligation,True,1.0,workload,True,
montgomery_county_public_schools__mcea_contract_fy15_fy17_3_15_14__d1f7af4d,MCEA-Contract-FY15-FY17-3-15-14.pdf,Montgomery County Public Schools,67,a school schedule will provide for a minimum of 50 percent of the total non-instructional time during the student day to be individually managed.,a school schedule,other,worker,will,False,active,plain,obligation,obligation,True,0.9,workload,True,
montgomery_county_public_schools__mcea_contract_fy15_fy17_3_15_14__d1f7af4d,MCEA-Contract-FY15-FY17-3-15-14.pdf,Montgomery County Public Schools,67,"The remaining time may be available for the work of teams/departments, including instructionally related activities (IRAs) with students.",The remaining time,other,worker,may,False,active,plain,permission,permission,True,0.3,workload,True,
montgomery_county_public_schools__mcea_contract_fy15_fy17_3_15_14__d1f7af4d,MCEA-Contract-FY15-FY17-3-15-14.pdf,Montgomery County Public Schools,67,the amount of time may be considered on a one-week or two-week basis.,the amount of time,management,worker,may,False,passive,plain,permission,permission,True,0.3,workload,True,
montgomery_county_public_schools__mcea_contract_fy15_fy17_3_15_14__d1f7af4d,MCEA-Contract-FY15-FY17-3-15-14.pdf,Montgomery County Public Schools,67,teams and leadership will determine how work will be accomplished.,teams and leadership,management,management,will,False,active,plain,obligation,obligation,True,0.9,workload,True,
montgomery_county_public_schools__mcea_contract_fy15_fy17_3_15_14__d1f7af4d,MCEA-Contract-FY15-FY17-3-15-14.pdf,Montgomery County Public Schools,67,group meeting time will be adjusted to a greater degree than individually managed time.,group meeting time,management,worker,will,False,passive,plain,obligation,obligation,True,0.9,workload,True,
montgomery_county_public_schools__mcea_contract_fy15_fy17_3_15_14__d1f7af4d,MCEA-Contract-FY15-FY17-3-15-14.pdf,Montgomery County Public Schools,67,Teachers may volunteer to teach more than the above.,Teachers,worker,worker,may,False,active,plain,permission,permission,True,0.3,compensation,True,
montgomery_county_public_schools__mcea_contract_fy15_fy17_3_15_14__d1f7af4d,MCEA-Contract-FY15-FY17-3-15-14.pdf,Montgomery County Public Schools,67,Secondary RTs and ADs will have a reduced teaching schedule providing at least the equivalent of five standard periods per week for their position responsibilities.,Secondary RTs and ADs,worker,worker,will,False,active,rights_active,right,right,True,0.9,workload,True,
montgomery_county_public_schools__mcea_contract_fy15_fy17_3_15_14__d1f7af4d,MCEA-Contract-FY15-FY17-3-15-14.pdf,Montgomery County Public Schools,67,Secondary RTs and ADs will be excused from regular study hall duties and homeroom assignments.,Secondary RTs and ADs,management,worker,will,False,passive,plain,obligation,obligation,True,0.9,workload,True,
montgomery_county_public_schools__mcea_contract_fy15_fy17_3_15_14__d1f7af4d,MCEA-Contract-FY15-FY17-3-15-14.pdf,Montgomery County Public Schools,67,Secondary RTs' and ADs' non-teaching periods shall not be a part of the teacher allocation.,Secondary RTs' and ADs' non-teaching periods,other,worker,shall,True,active,plain,prohibition,prohibition,True,1.0,workload,True,
montgomery_county_public_schools__mcea_contract_fy15_fy17_3_15_14__d1f7af4d,MCEA-Contract-FY15-FY17-3-15-14.pdf,Montgomery County Public Schools,67,"When possible, the principal, in consultation with the school leadership team, may provide additional release time to RT",the principal,management,worker,may,False,active,plain,permission,permission,True,0.3,workload,True,Truncated at end of chunk.
montgomery_county_public_schools__mcea_contract_fy15_fy17_3_15_14__d1f7af4d,MCEA-Contract-FY15-FY17-3-15-14.pdf,Montgomery County Public Schools,68,"When possible, the principal, in consultation with the school leadership team, may provide additional release time to RT/Interdisciplinary RT/ADs based on the size of their departments and responsibilities.",the principal,management,worker,may,False,active,plain,permission,permission,True,0.3,workload,True,
montgomery_county_public_schools__mcea_contract_fy15_fy17_3_15_14__d1f7af4d,MCEA-Contract-FY15-FY17-3-15-14.pdf,Montgomery County Public Schools,68,Middle school content specialists and team leaders will have a reduced teaching schedule providing at least the equivalent of five standard periods per week for their position responsibilities.,Middle school content specialists and team leaders,worker,worker,will,False,active,plain,obligation,right,False,0.9,workload,True,
montgomery_county_public_schools__mcea_contract_fy15_fy17_3_15_14__d1f7af4d,MCEA-Contract-FY15-FY17-3-15-14.pdf,Montgomery County Public Schools,68,Each secondary school leadership team will develop a plan to address when reteaching and reassessing is to occur.,Each secondary school leadership team,management,management,will,False,active,plain,obligation,obligation,True,0.9,workload,True,
montgomery_county_public_schools__mcea_contract_fy15_fy17_3_15_14__d1f7af4d,MCEA-Contract-FY15-FY17-3-15-14.pdf,Montgomery County Public Schools,68,"Effort will be made to schedule EMT, IEP, and building level CAP meetings requiring the participation of classroom teachers during IRA periods, team planning periods, or at times when coverage is available for their classroom, and not at times that result in loss of guaranteed minimum planning time.",Effort,management,worker,will,False,passive,plain,obligation,obligation,True,0.9,workload,True,
montgomery_county_public_schools__mcea_contract_fy15_fy17_3_15_14__d1f7af4d,MCEA-Contract-FY15-FY17-3-15-14.pdf,Montgomery County Public Schools,68,"When such meetings pre-empt a teacher’s lunch period, effort will be made to provide a lunch period at a different time.",effort,management,worker,will,False,passive,plain,obligation,obligation,True,0.9,workload,True,
montgomery_county_public_schools__mcea_contract_fy15_fy17_3_15_14__d1f7af4d,MCEA-Contract-FY15-FY17-3-15-14.pdf,Montgomery County Public Schools,68,"Since every classroom teacher will plan differently for each group of students, principals will strive to assign secondary school teachers in their major fields of certification and to require no more than three separate preparations.",principals,management,worker,will,False,active,plain,obligation,obligation,True,0.9,workload,True,
montgomery_county_public_schools__mcea_contract_fy15_fy17_3_15_14__d1f7af4d,MCEA-Contract-FY15-FY17-3-15-14.pdf,Montgomery County Public Schools,68,"When secondary classroom teachers have more than three separate preparations and/or an unusually large student load (considering both numbers and educational needs), effort will be made to allow use of IRA time to accommodate the additional responsibilities.",effort,management,worker,will,False,passive,plain,obligation,obligation,True,0.9,workload,True,
montgomery_county_public_schools__mcea_contract_fy15_fy17_3_15_14__d1f7af4d,MCEA-Contract-FY15-FY17-3-15-14.pdf,Montgomery County Public Schools,68,"Other accommodations, such as reduced committee and/or chaperone assignments, may also be considered.",Other accommodations,management,worker,may,False,passive,plain,permission,permission,True,0.3,workload,True,
montgomery_county_public_schools__mcea_contract_fy15_fy17_3_15_14__d1f7af4d,MCEA-Contract-FY15-FY17-3-15-14.pdf,Montgomery County Public Schools,68,The number of student instructional days shall not exceed 185 days.,The number of student instructional days,other,worker,shall,True,active,plain,prohibition,prohibition,True,1.0,workload,True,
montgomery_county_public_schools__mcea_contract_fy15_fy17_3_15_14__d1f7af4d,MCEA-Contract-FY15-FY17-3-15-14.pdf,Montgomery County Public Schools,68,The work year for unit members identified in this Section includes two days (16 hours) not scheduled in the school calendar that shall be used as described in Section J of this Article:,The work year for unit members identified in this Section,other,worker,shall,False,active,plain,obligation,other,False,1.0,workload,True,
montgomery_county_public_schools__mcea_contract_fy15_fy17_3_15_14__d1f7af4d,MCEA-Contract-FY15-FY17-3-15-14.pdf,Montgomery County Public Schools,68,The work year for all 10-month unit members shall not exceed 195 duty days.,The work year for all 10-month unit members,other,worker,shall,True,active,plain,prohibition,prohibition,True,1.0,workload,True,
montgomery_county_public_schools__mcea_contract_fy15_fy17_3_15_14__d1f7af4d,MCEA-Contract-FY15-FY17-3-15-14.pdf,Montgomery County Public Schools,68,The work year for secondary counselors shall not exceed 216.5 duty days.,The work year for secondary counselors,other,worker,shall,True,active,plain,prohibition,prohibition,True,1.0,workload,True,
montgomery_county_public_schools__mcea_contract_fy15_fy17_3_15_14__d1f7af4d,MCEA-Contract-FY15-FY17-3-15-14.pdf,Montgomery County Public Schools,68,The work year for middle school resource counselors shall not exceed 221.5 duty days.,The work year for middle school resource counselors,other,worker,shall,True,active,plain,prohibition,prohibition,True,1.0,workload,True,
montgomery_county_public_schools__mcea_contract_fy15_fy17_3_15_14__d1f7af4d,MCEA-Contract-FY15-FY17-3-15-14.pdf,Montgomery County Public Schools,69,"The work year for high school resource counselors shall not exceed 226.5 duty days, which may be used on any MCPS work day to work onsite, in consultation with the principal and leadership team",The work year for high school resource counselors,other,worker,shall,True,active,plain,prohibition,prohibition,True,1.0,workload,True,
montgomery_county_public_schools__mcea_contract_fy15_fy17_3_15_14__d1f7af4d,MCEA-Contract-FY15-FY17-3-15-14.pdf,Montgomery County Public Schools,69,The work year for resource teachers shall not exceed 215 duty days.,The work year for resource teachers,other,worker,shall,True,active,plain,prohibition,prohibition,True,1.0,workload,True,
montgomery_county_public_schools__mcea_contract_fy15_fy17_3_15_14__d1f7af4d,MCEA-Contract-FY15-FY17-3-15-14.pdf,Montgomery County Public Schools,69,The work year for middle school content specialists shall not exceed 215 duty days.,The work year for middle school content specialists,other,worker,shall,True,active,plain,prohibition,prohibition,True,1.0,workload,True,
montgomery_county_public_schools__mcea_contract_fy15_fy17_3_15_14__d1f7af4d,MCEA-Contract-FY15-FY17-3-15-14.pdf,Montgomery County Public Schools,69,The work year for athletic directors shall not exceed 215 duty days.,The work year for athletic directors,other,worker,shall,True,active,plain,prohibition,prohibition,True,1.0,workload,True,
montgomery_county_public_schools__mcea_contract_fy15_fy17_3_15_14__d1f7af4d,MCEA-Contract-FY15-FY17-3-15-14.pdf,Montgomery County Public Schools,69,The work year for middle school literacy coaches shall not exceed 210 duty days.,The work year for middle school literacy coaches,other,worker,shall,True,active,plain,prohibition,prohibition,True,1.0,workload,True,
montgomery_county_public_schools__mcea_contract_fy15_fy17_3_15_14__d1f7af4d,MCEA-Contract-FY15-FY17-3-15-14.pdf,Montgomery County Public Schools,69,The work year for middle school team leaders shall not exceed 205 duty days.,The work year for middle school team leaders,other,worker,shall,True,active,plain,prohibition,prohibition,True,1.0,workload,True,
montgomery_county_public_schools__mcea_contract_fy15_fy17_3_15_14__d1f7af4d,MCEA-Contract-FY15-FY17-3-15-14.pdf,Montgomery County Public Schools,69,The work year for elementary counselors shall not exceed 210 duty days.,The work year for elementary counselors,other,worker,shall,True,active,plain,prohibition,prohibition,True,1.0,workload,True,
montgomery_county_public_schools__mcea_contract_fy15_fy17_3_15_14__d1f7af4d,MCEA-Contract-FY15-FY17-3-15-14.pdf,Montgomery County Public Schools,69,The work year for full-time elementary reading specialists shall not exceed 203 duty days.,The work year for full-time elementary reading specialists,other,worker,shall,True,active,plain,prohibition,prohibition,True,1.0,workload,True,
montgomery_county_public_schools__mcea_contract_fy15_fy17_3_15_14__d1f7af4d,MCEA-Contract-FY15-FY17-3-15-14.pdf,Montgomery County Public Schools,69,The work year for media specialists shall not exceed 205 duty days.,The work year for media specialists,other,worker,shall,True,active,plain,prohibition,prohibition,True,1.0,workload,True,
montgomery_county_public_schools__mcea_contract_fy15_fy17_3_15_14__d1f7af4d,MCEA-Contract-FY15-FY17-3-15-14.pdf,Montgomery County Public Schools,69,The work year for staff development teachers shall not exceed 210 duty days.,The work year for staff development teachers,other,worker,shall,True,active,plain,prohibition,prohibition,True,1.0,workload,True,
montgomery_county_public_schools__mcea_contract_fy15_fy17_3_15_14__d1f7af4d,MCEA-Contract-FY15-FY17-3-15-14.pdf,Montgomery County Public Schools,69,The work year for consulting teachers shall not exceed 215 duty days.,The work year for consulting teachers,other,worker,shall,True,active,plain,prohibition,prohibition,True,1.0,workload,True,
montgomery_county_public_schools__mcea_contract_fy15_fy17_3_15_14__d1f7af4d,MCEA-Contract-FY15-FY17-3-15-14.pdf,Montgomery County Public Schools,69,The work year for elementary team leaders (including ESOL teams shall not exceed 198 duty days.,The work year for elementary team leaders (including ESOL teams,other,worker,shall,True,active,plain,prohibition,prohibition,True,1.0,workload,True,
montgomery_county_public_schools__mcea_contract_fy15_fy17_3_15_14__d1f7af4d,MCEA-Contract-FY15-FY17-3-15-14.pdf,Montgomery County Public Schools,69,The work year for elementary elected faculty representatives to the school leadership team shall not exceed 198 duty days.,The work year for elementary elected faculty representatives to the school leadership team,other,worker,shall,True,active,plain,prohibition,prohibition,True,1.0,workload,True,
montgomery_county_public_schools__mcea_contract_fy15_fy17_3_15_14__d1f7af4d,MCEA-Contract-FY15-FY17-3-15-14.pdf,Montgomery County Public Schools,69,The work year for secondary elected faculty representatives to the school leadership team shall not exceed 200 duty days.,The work year for secondary elected faculty representatives to the school leadership team,other,worker,shall,True,active,plain,prohibition,prohibition,True,1.0,workload,True,
montgomery_county_public_schools__mcea_contract_fy15_fy17_3_15_14__d1f7af4d,MCEA-Contract-FY15-FY17-3-15-14.pdf,Montgomery County Public Schools,69,"The work year for classroom teachers, speech pathologists, occupational therapists, and physical therapists assigned to the Montgomery County Infants and Toddlers Program (MCITP) shall not exceed 215 duty days.","The work year for classroom teachers, speech pathologists, occupational therapists, and physical therapists assigned to the Montgomery County Infants and Toddlers Program (MCITP)",other,worker,shall,True,active,plain,prohibition,prohibition,True,1.0,workload,True,
montgomery_county_public_schools__mcea_contract_fy15_fy17_3_15_14__d1f7af4d,MCEA-Contract-FY15-FY17-3-15-14.pdf,Montgomery County Public Schools,69,Flexible scheduling shall be used to determine assigned work days throughout the fiscal year,Flexible scheduling,management,worker,shall,False,passive,plain,obligation,obligation,True,1.0,workload,True,
montgomery_county_public_schools__mcea_contract_fy15_fy17_3_15_14__d1f7af4d,MCEA-Contract-FY15-FY17-3-15-14.pdf,Montgomery County Public Schools,69,all leave provisions will be applied throughout the year.,all leave provisions,management,worker,will,False,passive,plain,obligation,obligation,True,0.9,leave,True,
montgomery_county_public_schools__mcea_contract_fy15_fy17_3_15_14__d1f7af4d,MCEA-Contract-FY15-FY17-3-15-14.pdf,Montgomery County Public Schools,69,The work year for full-time support speech pathologists assigned to the Speech and Language Programs office shall not exceed 215 duty days.,The work year for full-time support speech pathologists assigned to the Speech and Language Programs office,other,worker,shall,True,active,plain,prohibition,prohibition,True,1.0,workload,True,
montgomery_county_public_schools__mcea_contract_fy15_fy17_3_15_14__d1f7af4d,MCEA-Contract-FY15-FY17-3-15-14.pdf,Montgomery County Public Schools,69,The work year for full-time occupational therapists and speech pathologists assigned to the Developmental Evaluation Services for Children (DESC) program shall not exceed 215 duty days.,The work year for full-time occupational therapists and speech pathologists assigned to the Developmental Evaluation Services for Children (DESC) program,other,worker,shall,True,active,plain,prohibition,prohibition,True,1.0,workload,True,
montgomery_county_public_schools__mcea_contract_fy15_fy17_3_15_14__d1f7af4d,MCEA-Contract-FY15-FY17-3-15-14.pdf,Montgomery County Public Schools,70,The work year for full-time elementary program specialists assigned to the Preschool Education Program (PEP) shall not exceed 215 duty days.,The work year for full-time elementary program specialists assigned to the Preschool Education Program (PEP),other,worker,shall,True,active,plain,prohibition,prohibition,True,1.0,workload,True,
montgomery_county_public_schools__mcea_contract_fy15_fy17_3_15_14__d1f7af4d,MCEA-Contract-FY15-FY17-3-15-14.pdf,Montgomery County Public Schools,70,The work year for full-time InterACT teachers and InterACT speech pathologists shall not exceed 205 duty days.,The work year for full-time InterACT teachers and InterACT speech pathologists,other,worker,shall,True,active,plain,prohibition,prohibition,True,1.0,workload,True,
montgomery_county_public_schools__mcea_contract_fy15_fy17_3_15_14__d1f7af4d,MCEA-Contract-FY15-FY17-3-15-14.pdf,Montgomery County Public Schools,70,"The work year for department chairpersons in departments of two or more unit members shall not exceed 197 duty days, with one day prior to the day teachers report for duty in the fall and one day after the close of the school year in June.",The work year for department chairpersons in departments of two or more unit members,other,worker,shall,True,active,plain,prohibition,prohibition,True,1.0,workload,True,
montgomery_county_public_schools__mcea_contract_fy15_fy17_3_15_14__d1f7af4d,MCEA-Contract-FY15-FY17-3-15-14.pdf,Montgomery County Public Schools,70,"The number of days at work for a 12-month unit member shall be determined by subtracting Saturdays, Sundays, holidays, and annual leave days from the total days in the year.",The number of days at work for a 12-month unit member,other,worker,shall,False,passive,plain,obligation,obligation,True,1.0,workload,True,
montgomery_county_public_schools__mcea_contract_fy15_fy17_3_15_14__d1f7af4d,MCEA-Contract-FY15-FY17-3-15-14.pdf,Montgomery County Public Schools,70,All unit members on duty on the afternoon of the Wednesday before Thanksgiving will be allowed to leave work two (2) hours early without charge to leave.,All unit members on duty on the afternoon of the Wednesday before Thanksgiving,management,worker,will,False,passive,permission_verb,permission,permission,True,0.9,leave,True,
montgomery_county_public_schools__mcea_contract_fy15_fy17_3_15_14__d1f7af4d,MCEA-Contract-FY15-FY17-3-15-14.pdf,Montgomery County Public Schools,70,"The two unscheduled days (16 hours) identified in Section H of this Article for 10-month unit members shall be professional time that will focus on instruction and improving student achievement, thereby raising the bar for all students and closing the gap in student achievement.",The two unscheduled days (16 hours) identified in Section H of this Article for 10-month unit members,other,worker,shall,False,active,plain,obligation,obligation,True,1.0,professional_development,True,
montgomery_county_public_schools__mcea_contract_fy15_fy17_3_15_14__d1f7af4d,MCEA-Contract-FY15-FY17-3-15-14.pdf,Montgomery County Public Schools,70,This time will be used by teachers to concentrate on the achievement of their students.,This time,worker,worker,will,False,passive,plain,obligation,obligation,True,0.9,professional_development,True,
montgomery_county_public_schools__mcea_contract_fy15_fy17_3_15_14__d1f7af4d,MCEA-Contract-FY15-FY17-3-15-14.pdf,Montgomery County Public Schools,70,The professional time is to be used by teachers to work collaboratively with other teachers.,The professional time,worker,worker,,False,passive,plain,other,obligation,False,0.0,professional_development,True,
montgomery_county_public_schools__mcea_contract_fy15_fy17_3_15_14__d1f7af4d,MCEA-Contract-FY15-FY17-3-15-14.pdf,Montgomery County Public Schools,72,The full day(s) may be split into half-day blocks by mutual agreement between the principal and the bargaining unit staff of the school.,The full day(s),management,worker,may,False,passive,plain,permission,permission,True,0.3,workload,True,
montgomery_county_public_schools__mcea_contract_fy15_fy17_3_15_14__d1f7af4d,MCEA-Contract-FY15-FY17-3-15-14.pdf,Montgomery County Public Schools,72,No other meetings or duties shall be required of the unit member during the two day period.,No other meetings or duties,management,worker,shall,True,passive,obligation_verb,right,prohibition,False,1.0,workload,True,
montgomery_county_public_schools__mcea_contract_fy15_fy17_3_15_14__d1f7af4d,MCEA-Contract-FY15-FY17-3-15-14.pdf,Montgomery County Public Schools,72,"Teachers will have one full professional day each at the end of the first, second, and third grading periods and one half-day during each of the first and second semesters for grading, planning, working collaboratively with colleagues, and/or activities related to professional learning.",Teachers,worker,worker,will,False,active,rights_active,right,right,True,0.9,workload,True,
montgomery_county_public_schools__mcea_contract_fy15_fy17_3_15_14__d1f7af4d,MCEA-Contract-FY15-FY17-3-15-14.pdf,Montgomery County Public Schools,72,The professional day will not be rescheduled if schools are closed for teachers because of inclement weather.,The professional day,management,worker,will,True,passive,plain,prohibition,prohibition,True,0.9,workload,True,
montgomery_county_public_schools__mcea_contract_fy15_fy17_3_15_14__d1f7af4d,MCEA-Contract-FY15-FY17-3-15-14.pdf,Montgomery County Public Schools,72,"Unit members are eligible for teleworking during the professional days at the end of the first, second, and third grading periods.",Unit members,worker,worker,,False,active,plain,other,right,False,0.0,safety_and_working_conditions,True,
montgomery_county_public_schools__mcea_contract_fy15_fy17_3_15_14__d1f7af4d,MCEA-Contract-FY15-FY17-3-15-14.pdf,Montgomery County Public Schools,72,"The school leadership team and administration will determine which positions, if any, may need to be on site for all or part of the day to support other professionals in the building or to fulfill their professional responsibilities.",The school leadership team and administration,management,management,will,False,active,plain,obligation,obligation,True,0.9,workload,True,
montgomery_county_public_schools__mcea_contract_fy15_fy17_3_15_14__d1f7af4d,MCEA-Contract-FY15-FY17-3-15-14.pdf,Montgomery County Public Schools,72,"With the approval of the principal/supervisor, school-based educators who have demonstrated the ability to meet their professional responsibilities, including grade submission according to the Grading and Reporting Guidelines, may telework on the full professional days at the end of each of the first three marking periods.","school-based educators who have demonstrated the ability to meet their professional responsibilities, including grade submission according to the Grading and Reporting Guidelines",worker,worker,may,False,active,plain,permission,permission,True,0.3,safety_and_working_conditions,True,
montgomery_county_public_schools__mcea_contract_fy15_fy17_3_15_14__d1f7af4d,MCEA-Contract-FY15-FY17-3-15-14.pdf,Montgomery County Public Schools,72,First-year teachers will be required to work on-site for the first two marking periods on these days.,First-year teachers,worker,management,will,False,active,obligation_verb,obligation,obligation,True,0.9,safety_and_working_conditions,True,
montgomery_county_public_schools__mcea_contract_fy15_fy17_3_15_14__d1f7af4d,MCEA-Contract-FY15-FY17-3-15-14.pdf,Montgomery County Public Schools,72,A written rationale will be provided by the supervisor of an educator whose request to telework is denied.,A written rationale,worker,worker,will,False,passive,rights_passive,right,obligation,False,0.9,safety_and_working_conditions,True,
montgomery_county_public_schools__mcea_contract_fy15_fy17_3_15_14__d1f7af4d,MCEA-Contract-FY15-FY17-3-15-14.pdf,Montgomery County Public Schools,72,Teachers who work in school buildings on professional days will not be required to turn in grades until the end of the duty day on the final day allotted for the completion of grades.,Teachers who work in school buildings on professional days,worker,worker,will,True,active,obligation_verb,right,right,True,0.9,workload,True,
montgomery_county_public_schools__mcea_contract_fy15_fy17_3_15_14__d1f7af4d,MCEA-Contract-FY15-FY17-3-15-14.pdf,Montgomery County Public Schools,72,Teachers who telework must submit grades 2.5 hours prior to the end of the duty day.,Teachers who telework,worker,management,must,False,active,obligation_verb,obligation,obligation,True,1.0,workload,True,
montgomery_county_public_schools__mcea_contract_fy15_fy17_3_15_14__d1f7af4d,MCEA-Contract-FY15-FY17-3-15-14.pdf,Montgomery County Public Schools,73,LMCC will evaluate the timeline for grade submission for teleworking after year one.,LMCC,management,management,will,False,active,plain,obligation,obligation,True,0.9,other,True,
montgomery_county_public_schools__mcea_contract_fy15_fy17_3_15_14__d1f7af4d,MCEA-Contract-FY15-FY17-3-15-14.pdf,Montgomery County Public Schools,73,Teachers completing comment pages for report cards will be permitted to have as much additional time as possible beyond the due date for grade collection sheets to turn in the completed comments.,Teachers completing comment pages for report cards,management,worker,will,False,passive,permission_verb,permission,permission,True,0.9,workload,True,
montgomery_county_public_schools__mcea_contract_fy15_fy17_3_15_14__d1f7af4d,MCEA-Contract-FY15-FY17-3-15-14.pdf,Montgomery County Public Schools,73,"The leadership team of each school will work, within the MCPS grading and reporting policy, to ensure that the local school’s policy on interims is formulated in a collaborative manner with staff.",The leadership team of each school,management,worker,will,False,active,plain,obligation,obligation,True,0.9,workload,True,
montgomery_county_public_schools__mcea_contract_fy15_fy17_3_15_14__d1f7af4d,MCEA-Contract-FY15-FY17-3-15-14.pdf,Montgomery County Public Schools,73,Teachers will have input on which students receive interims and when interims are required to be completed by teachers.,Teachers,worker,worker,will,False,active,plain,obligation,right,False,0.9,workload,True,
montgomery_county_public_schools__mcea_contract_fy15_fy17_3_15_14__d1f7af4d,MCEA-Contract-FY15-FY17-3-15-14.pdf,Montgomery County Public Schools,73,Local schools will determine the best use of Board-approved parent conference days.,Local schools,management,management,will,False,active,plain,obligation,obligation,True,0.9,other,True,
montgomery_county_public_schools__mcea_contract_fy15_fy17_3_15_14__d1f7af4d,MCEA-Contract-FY15-FY17-3-15-14.pdf,Montgomery County Public Schools,73,"Leadership teams will determine the best configuration of conference times, with input from teachers and parents.",Leadership teams,management,management,will,False,active,plain,obligation,obligation,True,0.9,other,True,
montgomery_county_public_schools__mcea_contract_fy15_fy17_3_15_14__d1f7af4d,MCEA-Contract-FY15-FY17-3-15-14.pdf,Montgomery County Public Schools,73,Unit members may be required to do certain student supervision duties during their workday.,Unit members,management,management,may,False,passive,obligation_verb,obligation,obligation,True,0.3,safety_and_working_conditions,True,
montgomery_county_public_schools__mcea_contract_fy15_fy17_3_15_14__d1f7af4d,MCEA-Contract-FY15-FY17-3-15-14.pdf,Montgomery County Public Schools,73,"Unit members will not be required to perform breakfast, lunch, or lunchtime recess duties.",Unit members,management,worker,will,True,passive,obligation_verb,right,right,True,0.9,safety_and_working_conditions,True,
montgomery_county_public_schools__mcea_contract_fy15_fy17_3_15_14__d1f7af4d,MCEA-Contract-FY15-FY17-3-15-14.pdf,Montgomery County Public Schools,73,Unit members may choose to volunteer for these duties in exchange for release from their required student supervision duties.,Unit members,worker,worker,may,False,active,plain,permission,permission,True,0.3,safety_and_working_conditions,True,
montgomery_county_public_schools__mcea_contract_fy15_fy17_3_15_14__d1f7af4d,MCEA-Contract-FY15-FY17-3-15-14.pdf,Montgomery County Public Schools,73,A principal may assign a unit member to cover such duties when the normally assigned staff is temporarily absent or when the principal determines the need for additional supervision due to safety and security issues.,A principal,management,management,may,False,active,plain,permission,permission,True,0.3,safety_and_working_conditions,True,
montgomery_county_public_schools__mcea_contract_fy15_fy17_3_15_14__d1f7af4d,MCEA-Contract-FY15-FY17-3-15-14.pdf,Montgomery County Public Schools,73,Itinerant teachers and teachers with split positions in more than one school shall be assigned non-teaching duties during the school day in a manner that insures they do not have extra duties.,Itinerant teachers and teachers with split positions in more than one school,management,worker,shall,False,passive,plain,obligation,obligation,True,1.0,workload,True,
montgomery_county_public_schools__mcea_contract_fy15_fy17_3_15_14__d1f7af4d,MCEA-Contract-FY15-FY17-3-15-14.pdf,Montgomery County Public Schools,74,The determination as to non-teaching duties shall be made by mutual agreement of the teacher and the principals involved.,The determination as to non-teaching duties,worker,worker,shall,False,passive,plain,obligation,obligation,True,1.0,workload,True,
montgomery_county_public_schools__mcea_contract_fy15_fy17_3_15_14__d1f7af4d,MCEA-Contract-FY15-FY17-3-15-14.pdf,Montgomery County Public Schools,74,The teacher's schedule shall be the determining factor.,The teacher's schedule,other,worker,shall,False,active,plain,obligation,other,False,1.0,workload,True,
montgomery_county_public_schools__mcea_contract_fy15_fy17_3_15_14__d1f7af4d,MCEA-Contract-FY15-FY17-3-15-14.pdf,Montgomery County Public Schools,74,Unit members will not be required to perform building maintenance functions.,Unit members,management,worker,will,True,passive,obligation_verb,right,right,True,0.9,safety_and_working_conditions,True,
montgomery_county_public_schools__mcea_contract_fy15_fy17_3_15_14__d1f7af4d,MCEA-Contract-FY15-FY17-3-15-14.pdf,Montgomery County Public Schools,74,Assumption of duties as an elementary team leader shall be voluntary.,Assumption of duties as an elementary team leader,other,worker,shall,False,active,plain,obligation,right,False,1.0,other,True,
montgomery_county_public_schools__mcea_contract_fy15_fy17_3_15_14__d1f7af4d,MCEA-Contract-FY15-FY17-3-15-14.pdf,Montgomery County Public Schools,74,they will not be held responsible for the loss of money collected if such loss is not due to the negligence of the teacher.,they,management,worker,will,True,passive,plain,prohibition,right,False,0.9,other,True,Dependent clause starting with 'Although' omitted.
montgomery_county_public_schools__mcea_contract_fy15_fy17_3_15_14__d1f7af4d,MCEA-Contract-FY15-FY17-3-15-14.pdf,Montgomery County Public Schools,74,"a certificated staff member is to be designated, in writing, as acting principal.",a certificated staff member,management,management,,False,passive,plain,other,other,True,0.0,other,True,
montgomery_county_public_schools__mcea_contract_fy15_fy17_3_15_14__d1f7af4d,MCEA-Contract-FY15-FY17-3-15-14.pdf,Montgomery County Public Schools,74,the designation is to be made by the principal,the designation,management,management,,False,passive,plain,other,other,True,0.0,other,True,
montgomery_county_public_schools__mcea_contract_fy15_fy17_3_15_14__d1f7af4d,MCEA-Contract-FY15-FY17-3-15-14.pdf,Montgomery County Public Schools,74,the principal must notify the appropriate official of the name of the staff member designated.,the principal,management,management,must,False,active,plain,obligation,obligation,True,1.0,other,True,
montgomery_county_public_schools__mcea_contract_fy15_fy17_3_15_14__d1f7af4d,MCEA-Contract-FY15-FY17-3-15-14.pdf,Montgomery County Public Schools,74,"In other instances, the designation will be made by the appropriate official.",the designation,management,management,will,False,passive,plain,obligation,other,False,0.9,other,True,
montgomery_county_public_schools__mcea_contract_fy15_fy17_3_15_14__d1f7af4d,MCEA-Contract-FY15-FY17-3-15-14.pdf,Montgomery County Public Schools,74,elementary schools where there are ongoing issues with late buses (more than 10 minutes late) will utilize a centralized holding and dismissal program for students waiting for late buses or late pick-ups.,elementary schools where there are ongoing issues with late buses (more than 10 minutes late),management,management,will,False,active,plain,obligation,other,False,0.9,safety_and_working_conditions,True,
montgomery_county_public_schools__mcea_contract_fy15_fy17_3_15_14__d1f7af4d,MCEA-Contract-FY15-FY17-3-15-14.pdf,Montgomery County Public Schools,74,Teachers must inform the appropriate school official at least two hours in advance of the student day that they will be absent.,Teachers,worker,management,must,False,active,plain,obligation,obligation,True,1.0,leave,True,
montgomery_county_public_schools__mcea_contract_fy15_fy17_3_15_14__d1f7af4d,MCEA-Contract-FY15-FY17-3-15-14.pdf,Montgomery County Public Schools,74,Teachers may prearrange their own substitute coverage,Teachers,worker,worker,may,False,active,plain,permission,permission,True,0.3,leave,True,
montgomery_county_public_schools__mcea_contract_fy15_fy17_3_15_14__d1f7af4d,MCEA-Contract-FY15-FY17-3-15-14.pdf,Montgomery County Public Schools,74,are not required to do so.,Teachers,management,worker,,True,passive,obligation_verb,right,right,True,0.85,leave,True,Elliptical subject resolved to 'Teachers'.
montgomery_county_public_schools__mcea_contract_fy15_fy17_3_15_14__d1f7af4d,MCEA-Contract-FY15-FY17-3-15-14.pdf,Montgomery County Public Schools,74,"All substitute coverage, prearranged or requested, must be registered formally with the centralized substitute calling system.","All substitute coverage, prearranged or requested",management,management,must,False,passive,plain,obligation,obligation,True,1.0,leave,True,
montgomery_county_public_schools__mcea_contract_fy15_fy17_3_15_14__d1f7af4d,MCEA-Contract-FY15-FY17-3-15-14.pdf,Montgomery County Public Schools,74,"The principal, in collaboration with the leadership team, will decide on how the process for class coverage will be handled.","The principal, in collaboration with the leadership team",management,management,will,False,active,plain,obligation,obligation,True,0.9,leave,True,
montgomery_county_public_schools__mcea_contract_fy15_fy17_3_15_14__d1f7af4d,MCEA-Contract-FY15-FY17-3-15-14.pdf,Montgomery County Public Schools,74,teachers must provide the job number and/or identify the name of the substitute teacher on their leave request form.,teachers,worker,management,must,False,active,plain,obligation,obligation,True,1.0,leave,True,
montgomery_county_public_schools__mcea_contract_fy15_fy17_3_15_14__d1f7af4d,MCEA-Contract-FY15-FY17-3-15-14.pdf,Montgomery County Public Schools,74,The form must be submitted to the principal at least five duty days prior to the professional leave date.,The form,worker,management,must,False,passive,plain,obligation,obligation,True,1.0,leave,True,
montgomery_county_public_schools__mcea_contract_fy15_fy17_3_15_14__d1f7af4d,MCEA-Contract-FY15-FY17-3-15-14.pdf,Montgomery County Public Schools,74,"Teachers will be compensated at the stipend rate (Article 20, Section I) for each period that they are called upon to provide emergency class coverage during their scheduled planning time when the need results from the inability of the sub calling system to provide a substitute teacher when a job has been called in.",Teachers,management,worker,will,False,passive,rights_passive,right,right,True,0.9,compensation,True,
montgomery_county_public_schools__mcea_contract_fy15_fy17_3_15_14__d1f7af4d,MCEA-Contract-FY15-FY17-3-15-14.pdf,Montgomery County Public Schools,75,Volunteers shall be called upon first to provide emergency class coverage.,Volunteers,worker,worker,shall,False,passive,plain,obligation,obligation,True,1.0,workload,True,
montgomery_county_public_schools__mcea_contract_fy15_fy17_3_15_14__d1f7af4d,MCEA-Contract-FY15-FY17-3-15-14.pdf,Montgomery County Public Schools,75,"Schedules for speech/language pathologists, elementary school resource room teachers, Orthopedic Therapists/Physical Therapists, and itinerant vision and auditory teachers, will include three hours per week within the work day, in addition to the standard individually managed time specified in this Article, for caseload-related tasks, including observations, consultation, assessments, team meetings, and parent conferences.","Schedules for speech/language pathologists, elementary school resource room teachers, Orthopedic Therapists/Physical Therapists, and itinerant vision and auditory teachers",other,worker,will,False,active,plain,obligation,obligation,True,0.9,workload,True,
montgomery_county_public_schools__mcea_contract_fy15_fy17_3_15_14__d1f7af4d,MCEA-Contract-FY15-FY17-3-15-14.pdf,Montgomery County Public Schools,75,"Resource room teachers and special education classroom teachers in secondary schools shall be able to use their IRA period for caseload-related tasks, including observations, consultation, assessments, team meetings, and parent conferences.",Resource room teachers and special education classroom teachers in secondary schools,worker,worker,shall,False,active,plain,obligation,right,False,1.0,workload,True,
montgomery_county_public_schools__mcea_contract_fy15_fy17_3_15_14__d1f7af4d,MCEA-Contract-FY15-FY17-3-15-14.pdf,Montgomery County Public Schools,75,"The Board will make every reasonable effort to provide adequate clerical support to special educators responsible for annual reviews to assist in the scheduling of meetings, preparation of parent letters, and the photocopying and dissemination of IEP meeting notes.",The Board,management,worker,will,False,active,plain,obligation,obligation,True,0.9,other,True,
montgomery_county_public_schools__mcea_contract_fy15_fy17_3_15_14__d1f7af4d,MCEA-Contract-FY15-FY17-3-15-14.pdf,Montgomery County Public Schools,75,"In elementary schools, other special education teachers will be provided with time in addition to the standard individually managed time to complete caseload related tasks, including observations, consultation, assessments, team meetings, parent conferences, and resource room support.",other special education teachers,management,worker,will,False,passive,rights_passive,right,right,True,0.9,workload,True,
montgomery_county_public_schools__mcea_contract_fy15_fy17_3_15_14__d1f7af4d,MCEA-Contract-FY15-FY17-3-15-14.pdf,Montgomery County Public Schools,75,"The special education teams, in collaboration with the administration and/or leadership team, will determine the extent of this work and when this work is to be accomplished.",The special education teams,worker,worker,will,False,active,plain,obligation,obligation,True,0.9,workload,True,
montgomery_county_public_schools__mcea_contract_fy15_fy17_3_15_14__d1f7af4d,MCEA-Contract-FY15-FY17-3-15-14.pdf,Montgomery County Public Schools,75,The amount of time may vary depending upon caseload.,The amount of time,other,management,may,False,active,plain,permission,permission,True,0.3,workload,True,
montgomery_county_public_schools__mcea_contract_fy15_fy17_3_15_14__d1f7af4d,MCEA-Contract-FY15-FY17-3-15-14.pdf,Montgomery County Public Schools,75,"In elementary schools, ESOL teachers will be provided with time in addition to the standard individually managed time to complete caseload related tasks (including the preparation and distribution of state and federally mandated documents).",ESOL teachers,management,worker,will,False,passive,rights_passive,right,right,True,0.9,workload,True,
montgomery_county_public_schools__mcea_contract_fy15_fy17_3_15_14__d1f7af4d,MCEA-Contract-FY15-FY17-3-15-14.pdf,Montgomery County Public Schools,75,"The ESOL teachers, in collaboration with the administration and/or leadership team, will determine the extent of this work and when this work is to be accomplished.",The ESOL teachers,worker,worker,will,False,active,plain,obligation,obligation,True,0.9,workload,True,
montgomery_county_public_schools__mcea_contract_fy15_fy17_3_15_14__d1f7af4d,MCEA-Contract-FY15-FY17-3-15-14.pdf,Montgomery County Public Schools,75,The amount of time may vary by teacher and by time of year depending upon caseload.,The amount of time,other,management,may,False,active,plain,permission,permission,True,0.3,workload,True,
montgomery_county_public_schools__mcea_contract_fy15_fy17_3_15_14__d1f7af4d,MCEA-Contract-FY15-FY17-3-15-14.pdf,Montgomery County Public Schools,75,ESOL teachers in secondary schools shall be able to use group managed time to complete caseload related tasks (including the preparation and distribution of state and federally mandated documents).,ESOL teachers in secondary schools,worker,worker,shall,False,active,plain,obligation,right,False,1.0,workload,True,
montgomery_county_public_schools__mcea_contract_fy15_fy17_3_15_14__d1f7af4d,MCEA-Contract-FY15-FY17-3-15-14.pdf,Montgomery County Public Schools,76,Elementary schools will be provided with a pool of substitute teacher time to assist Kindergarten teachers with responsibilities for administering baseline assessments during the initial fall assessments.,Elementary schools,management,worker,will,False,passive,rights_passive,right,right,True,0.9,workload,True,
montgomery_county_public_schools__mcea_contract_fy15_fy17_3_15_14__d1f7af4d,MCEA-Contract-FY15-FY17-3-15-14.pdf,Montgomery County Public Schools,76,The classroom teachers and the school administration will collaboratively determine how the assessment and instructional responsibilities are shared.,The classroom teachers and the school administration,other,worker,will,False,active,plain,obligation,obligation,True,0.9,workload,True,
montgomery_county_public_schools__mcea_contract_fy15_fy17_3_15_14__d1f7af4d,MCEA-Contract-FY15-FY17-3-15-14.pdf,Montgomery County Public Schools,76,Middle school teachers teaching high school credit classes with required end-of-semester assessments will be provided with released time so that they can score the assessments within the prescribed timeframes.,Middle school teachers teaching high school credit classes with required end-of-semester assessments,management,worker,will,False,passive,rights_passive,right,right,True,0.9,workload,True,
montgomery_county_public_schools__mcea_contract_fy15_fy17_3_15_14__d1f7af4d,MCEA-Contract-FY15-FY17-3-15-14.pdf,Montgomery County Public Schools,76,"In order for change to be implemented effectively, infrastructure needs must be part of the planning.",infrastructure needs,other,worker,must,False,active,plain,obligation,obligation,True,1.0,other,True,
montgomery_county_public_schools__mcea_contract_fy15_fy17_3_15_14__d1f7af4d,MCEA-Contract-FY15-FY17-3-15-14.pdf,Montgomery County Public Schools,76,"To the extent feasible, Time Impact Statements will identify and assess the time necessary, and by whom, in order to prepare for and implement such initiatives.",Time Impact Statements,other,worker,will,False,active,plain,obligation,obligation,True,0.9,other,True,
montgomery_county_public_schools__mcea_contract_fy15_fy17_3_15_14__d1f7af4d,MCEA-Contract-FY15-FY17-3-15-14.pdf,Montgomery County Public Schools,76,"In such instances, that re-alignment will be identified",that re-alignment,management,management,will,False,passive,rights_passive,right,obligation,False,0.9,other,True,
montgomery_county_public_schools__mcea_contract_fy15_fy17_3_15_14__d1f7af4d,MCEA-Contract-FY15-FY17-3-15-14.pdf,Montgomery County Public Schools,77,"The parties will work with the other two employee organizations to develop impact statements that will identify and assess the impact of proposed decisions on staff time, resources needed, and processes in schools and offices to implement the changes.",The parties,other,worker,will,False,active,plain,obligation,obligation,True,0.9,other,True,
montgomery_county_public_schools__mcea_contract_fy15_fy17_3_15_14__d1f7af4d,MCEA-Contract-FY15-FY17-3-15-14.pdf,Montgomery County Public Schools,77,"Impact statements will be developed for all new initiatives, including those being considered in the budget process, new curriculum and assessments, new technology and systems, and new or revised regulations that may have an impact on the operation of schools and offices.",Impact statements,management,worker,will,False,passive,plain,obligation,obligation,True,0.9,other,True,
montgomery_county_public_schools__mcea_contract_fy15_fy17_3_15_14__d1f7af4d,MCEA-Contract-FY15-FY17-3-15-14.pdf,Montgomery County Public Schools,77,MCEA and its members will have opportunities to provide input into the decision making process.,MCEA and its members,worker,worker,will,False,active,plain,obligation,right,False,0.9,other,True,
montgomery_county_public_schools__mcea_contract_fy15_fy17_3_15_14__d1f7af4d,MCEA-Contract-FY15-FY17-3-15-14.pdf,Montgomery County Public Schools,77,The Board will make a conscientious effort to guarantee that no self-contained elementary class will exceed the number of students per classroom proposed in the current budget.,The Board,management,worker,will,False,active,plain,obligation,obligation,True,0.9,class_size,True,
montgomery_county_public_schools__mcea_contract_fy15_fy17_3_15_14__d1f7af4d,MCEA-Contract-FY15-FY17-3-15-14.pdf,Montgomery County Public Schools,77,"If any class exceeds these numbers, every effort will be made to provide a paraeducator for that teacher.",every effort,management,worker,will,False,passive,plain,obligation,obligation,True,0.9,class_size,True,
montgomery_county_public_schools__mcea_contract_fy15_fy17_3_15_14__d1f7af4d,MCEA-Contract-FY15-FY17-3-15-14.pdf,Montgomery County Public Schools,77,"In secondary schools, the Board will make a conscientious effort to reduce the number of classes that are above the desired maximum class size guidelines in the academic subjects as proposed in the current budget.",the Board,management,worker,will,False,active,plain,obligation,obligation,True,0.9,class_size,True,
montgomery_county_public_schools__mcea_contract_fy15_fy17_3_15_14__d1f7af4d,MCEA-Contract-FY15-FY17-3-15-14.pdf,Montgomery County Public Schools,77,"In the event of a dispute over this Article, the parties will meet in a good faith effort to resolve it.",the parties,other,worker,will,False,active,plain,obligation,obligation,True,0.9,discipline,True,
montgomery_county_public_schools__mcea_contract_fy15_fy17_3_15_14__d1f7af4d,MCEA-Contract-FY15-FY17-3-15-14.pdf,Montgomery County Public Schools,77,"The Office of School Support and Improvement (OSSI) will provide MCEA with the annual staffing guidelines for local schools, including the elementary art, music, and physical education guidelines.",The Office of School Support and Improvement (OSSI),management,worker,will,False,active,plain,obligation,obligation,True,0.9,other,True,
montgomery_county_public_schools__mcea_contract_fy15_fy17_3_15_14__d1f7af4d,MCEA-Contract-FY15-FY17-3-15-14.pdf,Montgomery County Public Schools,77,OSSI will keep MCEA informed of oversized class reports and the allocation steps taken to reduce the number.,OSSI,management,worker,will,False,active,plain,obligation,obligation,True,0.9,other,True,
montgomery_county_public_schools__mcea_contract_fy15_fy17_3_15_14__d1f7af4d,MCEA-Contract-FY15-FY17-3-15-14.pdf,Montgomery County Public Schools,77,MCEA will keep OSSI informed of what it learns of the conditions and impacts in specific classrooms.,MCEA,worker,management,will,False,active,plain,obligation,obligation,True,0.9,other,True,
montgomery_county_public_schools__mcea_contract_fy15_fy17_3_15_14__d1f7af4d,MCEA-Contract-FY15-FY17-3-15-14.pdf,Montgomery County Public Schools,78,OSSI will collaborate with the art/music/physical education coordinators in the Office of Curriculum and Instructional Programs as necessary to assist individual schools in understanding and applying the guidelines for developing schedules for teachers in these disciplines in elementary schools.,OSSI,management,worker,will,False,active,plain,obligation,obligation,True,0.9,other,True,
montgomery_county_public_schools__mcea_contract_fy15_fy17_3_15_14__d1f7af4d,MCEA-Contract-FY15-FY17-3-15-14.pdf,Montgomery County Public Schools,78,The parties will work together through existing joint problem-solving committees to make recommendations on staffing levels for student services personnel and other specialists that will improve the quality of service provided to students and local schools.,The parties,other,worker,will,False,active,plain,obligation,obligation,True,0.9,other,True,
montgomery_county_public_schools__mcea_contract_fy15_fy17_3_15_14__d1f7af4d,MCEA-Contract-FY15-FY17-3-15-14.pdf,Montgomery County Public Schools,78,The Office of Human Resources and Development will collaborate with the art/music/physical education coordinators in the Office of Curriculum and Instructional Programs as necessary to assist in the transfer and placement of teachers in those disciplines.,The Office of Human Resources and Development,management,worker,will,False,active,plain,obligation,obligation,True,0.9,transfers,True,
montgomery_county_public_schools__mcea_contract_fy15_fy17_3_15_14__d1f7af4d,MCEA-Contract-FY15-FY17-3-15-14.pdf,Montgomery County Public Schools,78,"In staffing schools with classroom teachers, however, school administrators should regard ratios ranging from one classroom teacher for each 28 pupils to one for each 25 pupils as the arrangement which will be approximated following assignment of all professional personnel in the local school system.",school administrators,management,worker,should,False,active,plain,obligation,obligation,True,0.7,class_size,True,
montgomery_county_public_schools__mcea_contract_fy15_fy17_3_15_14__d1f7af4d,MCEA-Contract-FY15-FY17-3-15-14.pdf,Montgomery County Public Schools,78,Each elementary school should be staffed with or have available resource personnel in order to provide a comprehensive program of instruction in all areas of the curriculum.,Each elementary school,management,worker,should,False,passive,plain,obligation,obligation,True,0.7,other,True,
montgomery_county_public_schools__mcea_contract_fy15_fy17_3_15_14__d1f7af4d,MCEA-Contract-FY15-FY17-3-15-14.pdf,Montgomery County Public Schools,78,"In making staffing decisions, the community superintendent and the principal shall give careful consideration to the views of the faculty.",the community superintendent and the principal,management,worker,shall,False,active,plain,obligation,obligation,True,1.0,other,True,
montgomery_county_public_schools__mcea_contract_fy15_fy17_3_15_14__d1f7af4d,MCEA-Contract-FY15-FY17-3-15-14.pdf,Montgomery County Public Schools,78,Staff allocations shall not include special staff allocations that are provided as the result of federally or locally funded programs for disadvantaged students.,Staff allocations,other,management,shall,True,active,plain,prohibition,prohibition,True,1.0,other,True,
montgomery_county_public_schools__mcea_contract_fy15_fy17_3_15_14__d1f7af4d,MCEA-Contract-FY15-FY17-3-15-14.pdf,Montgomery County Public Schools,78,"Staff allocations for elementary and secondary counselors, elementary and secondary media specialists, teacher specialists, reading teachers, and speech teachers will be made as additions to the regular classroom teacher allocations.","Staff allocations for elementary and secondary counselors, elementary and secondary media specialists, teacher specialists, reading teachers, and speech teachers",other,worker,will,False,passive,plain,obligation,obligation,True,0.9,other,True,
montgomery_county_public_schools__mcea_contract_fy15_fy17_3_15_14__d1f7af4d,MCEA-Contract-FY15-FY17-3-15-14.pdf,Montgomery County Public Schools,79,This program is to be expanded as budget permits with a continual evaluation to be carried out,This program,management,management,,False,passive,plain,other,other,True,0.0,other,True,
montgomery_county_public_schools__mcea_contract_fy15_fy17_3_15_14__d1f7af4d,MCEA-Contract-FY15-FY17-3-15-14.pdf,Montgomery County Public Schools,79,"Elementary art, vocal music, and physical education teachers shall be assigned to no more than two schools if possible and in no case more than three schools.","Elementary art, vocal music, and physical education teachers",management,worker,shall,False,passive,plain,obligation,obligation,True,1.0,workload,True,
montgomery_county_public_schools__mcea_contract_fy15_fy17_3_15_14__d1f7af4d,MCEA-Contract-FY15-FY17-3-15-14.pdf,Montgomery County Public Schools,79,a fully qualified substitute will be hired.,a fully qualified substitute,management,management,will,False,passive,plain,obligation,obligation,True,0.9,other,True,
montgomery_county_public_schools__mcea_contract_fy15_fy17_3_15_14__d1f7af4d,MCEA-Contract-FY15-FY17-3-15-14.pdf,Montgomery County Public Schools,79,"the principal has the authority to administratively decide to provide a fully qualified media substitute or, if not available, a qualified substitute within the appropriate level from the professional list.",the principal,management,management,,False,active,permission_verb,permission,permission,True,0.85,other,True,
montgomery_county_public_schools__mcea_contract_fy15_fy17_3_15_14__d1f7af4d,MCEA-Contract-FY15-FY17-3-15-14.pdf,Montgomery County Public Schools,80,"For those schools with only one media specialist, the principal has the authority to administratively decide to provide a fully qualified media substitute or, if not available, a qualified substitute within the appropriate level from the professional list.",the principal,management,management,,False,active,plain,other,permission,False,0.0,other,True,
montgomery_county_public_schools__mcea_contract_fy15_fy17_3_15_14__d1f7af4d,MCEA-Contract-FY15-FY17-3-15-14.pdf,Montgomery County Public Schools,80,"For those elementary schools in which counselors provide regularly scheduled instructions, a substitute may be hired for days on which such instruction is scheduled",a substitute,management,worker,may,False,passive,rights_passive,right,permission,False,0.3,other,True,
montgomery_county_public_schools__mcea_contract_fy15_fy17_3_15_14__d1f7af4d,MCEA-Contract-FY15-FY17-3-15-14.pdf,Montgomery County Public Schools,80,"Part-time teachers in secondary schools using a seven-period schedule will be allocated at least 0.2 FTE for each full class taught (5 standard periods .per week or 10 standard periods per two weeks or the equivalent when there is an alternate schedule), not to exceed 1.0 FTE.",Part-time teachers in secondary schools using a seven-period schedule,management,worker,will,False,passive,plain,obligation,obligation,True,0.9,compensation,True,
montgomery_county_public_schools__mcea_contract_fy15_fy17_3_15_14__d1f7af4d,MCEA-Contract-FY15-FY17-3-15-14.pdf,Montgomery County Public Schools,80,All unit members on duty as of June 1 of any calendar year will be given written notice by the appropriate officials of their school assignment for the forthcoming school year between June 1 and the end of the school year.,All unit members on duty as of June 1 of any calendar year,management,worker,will,False,passive,rights_passive,right,obligation,False,0.9,other,True,
montgomery_county_public_schools__mcea_contract_fy15_fy17_3_15_14__d1f7af4d,MCEA-Contract-FY15-FY17-3-15-14.pdf,Montgomery County Public Schools,80,Principals will notify all school-based members in writing of their projected class and subject assignment and other duties by the end of the school year.,Principals,management,worker,will,False,active,plain,obligation,obligation,True,0.9,other,True,
montgomery_county_public_schools__mcea_contract_fy15_fy17_3_15_14__d1f7af4d,MCEA-Contract-FY15-FY17-3-15-14.pdf,Montgomery County Public Schools,80,All unit members reporting on and after June 1 of any calendar year will be assigned and notified for the ensuing school year as soon as is feasible.,All unit members reporting on and after June 1 of any calendar year,management,worker,will,False,passive,rights_passive,right,obligation,False,0.9,other,True,
montgomery_county_public_schools__mcea_contract_fy15_fy17_3_15_14__d1f7af4d,MCEA-Contract-FY15-FY17-3-15-14.pdf,Montgomery County Public Schools,80,"In the event that changes in such schedules, class, subject assignments, and/or duties are necessary after the end of the school year, all unit members affected will be notified promptly in writing with reasons.",all unit members affected,management,worker,will,False,passive,rights_passive,right,obligation,False,0.9,other,True,
montgomery_county_public_schools__mcea_contract_fy15_fy17_3_15_14__d1f7af4d,MCEA-Contract-FY15-FY17-3-15-14.pdf,Montgomery County Public Schools,80,All unit members must leave summer addresses and telephone numbers with the appropriate official.,All unit members,worker,management,must,False,active,plain,obligation,obligation,True,1.0,other,True,
montgomery_county_public_schools__mcea_contract_fy15_fy17_3_15_14__d1f7af4d,MCEA-Contract-FY15-FY17-3-15-14.pdf,Montgomery County Public Schools,80,"Upon the request of the unit member affected, the changes will be promptly reviewed by the appropriate community superintendent, the unit member, and, at his/her option, a representative of the Association.",the changes,management,worker,will,False,passive,plain,obligation,obligation,True,0.9,other,True,
montgomery_county_public_schools__mcea_contract_fy15_fy17_3_15_14__d1f7af4d,MCEA-Contract-FY15-FY17-3-15-14.pdf,Montgomery County Public Schools,80,"If the unit member is not satisfied that such changes are necessary and if he/she wishes to resign, his/her resignation will be accepted without prejudice.",his/her resignation,management,worker,will,False,passive,plain,obligation,obligation,True,0.9,teacher_rights_and_conduct,True,
montgomery_county_public_schools__mcea_contract_fy15_fy17_3_15_14__d1f7af4d,MCEA-Contract-FY15-FY17-3-15-14.pdf,Montgomery County Public Schools,80,Principals will strive to assign teachers in the areas in which they are certified and experienced and where they meet highly qualified status as defined by the NCLB requirements.,Principals,management,worker,will,False,active,plain,obligation,obligation,True,0.9,transfers,True,
montgomery_county_public_schools__mcea_contract_fy15_fy17_3_15_14__d1f7af4d,MCEA-Contract-FY15-FY17-3-15-14.pdf,Montgomery County Public Schools,81,"the principal and the teacher will first meet to discuss options to, and potential impacts of, the potential assignment.",the principal and the teacher,other,worker,will,False,active,plain,obligation,obligation,True,0.9,transfers,True,
montgomery_county_public_schools__mcea_contract_fy15_fy17_3_15_14__d1f7af4d,MCEA-Contract-FY15-FY17-3-15-14.pdf,Montgomery County Public Schools,81,the teacher may request to be placed on the involuntary transfer list.,the teacher,worker,worker,may,False,active,plain,permission,permission,True,0.3,transfers,True,
montgomery_county_public_schools__mcea_contract_fy15_fy17_3_15_14__d1f7af4d,MCEA-Contract-FY15-FY17-3-15-14.pdf,Montgomery County Public Schools,81,it shall be made for one year at a time,it,management,management,shall,False,passive,plain,obligation,obligation,True,1.0,other,True,
montgomery_county_public_schools__mcea_contract_fy15_fy17_3_15_14__d1f7af4d,MCEA-Contract-FY15-FY17-3-15-14.pdf,Montgomery County Public Schools,81,the same process must be followed if it appears unavoidable again for the subsequent year.,the same process,management,management,must,False,passive,plain,obligation,obligation,True,1.0,other,True,
montgomery_county_public_schools__mcea_contract_fy15_fy17_3_15_14__d1f7af4d,MCEA-Contract-FY15-FY17-3-15-14.pdf,Montgomery County Public Schools,81,the teacher may pursue a voluntary transfer,the teacher,worker,worker,may,False,active,plain,permission,permission,True,0.3,transfers,True,
montgomery_county_public_schools__mcea_contract_fy15_fy17_3_15_14__d1f7af4d,MCEA-Contract-FY15-FY17-3-15-14.pdf,Montgomery County Public Schools,81,the Office of Human Resources and Development will provide assistance in identifying vacancies for which the teacher would meet the highly qualified requirements.,the Office of Human Resources and Development,management,worker,will,False,active,plain,obligation,obligation,True,0.9,transfers,True,
montgomery_county_public_schools__mcea_contract_fy15_fy17_3_15_14__d1f7af4d,MCEA-Contract-FY15-FY17-3-15-14.pdf,Montgomery County Public Schools,81,the incumbent teacher may volunteer to be involuntarily transferred to a position for which he/she is highly qualified,the incumbent teacher,worker,worker,may,False,active,plain,permission,permission,True,0.3,transfers,True,
montgomery_county_public_schools__mcea_contract_fy15_fy17_3_15_14__d1f7af4d,MCEA-Contract-FY15-FY17-3-15-14.pdf,Montgomery County Public Schools,81,the new teacher may be placed in the assignment for which he/she meets the highly qualified requirements.,the new teacher,management,management,may,False,passive,plain,permission,permission,True,0.3,transfers,True,
montgomery_county_public_schools__mcea_contract_fy15_fy17_3_15_14__d1f7af4d,MCEA-Contract-FY15-FY17-3-15-14.pdf,Montgomery County Public Schools,81,Grade changes of more than three levels for elementary teachers who have taught at a particular level for 10 or more consecutive years shall be arrived at in a collaborative manner by the principal and the teacher.,Grade changes of more than three levels for elementary teachers who have taught at a particular level for 10 or more consecutive years,worker,worker,shall,False,passive,plain,obligation,obligation,True,1.0,seniority,True,
montgomery_county_public_schools__mcea_contract_fy15_fy17_3_15_14__d1f7af4d,MCEA-Contract-FY15-FY17-3-15-14.pdf,Montgomery County Public Schools,81,the assignment will be reviewed by the community superintendent at the request of the unit member.,the assignment,management,worker,will,False,passive,plain,obligation,obligation,True,0.9,transfers,True,
montgomery_county_public_schools__mcea_contract_fy15_fy17_3_15_14__d1f7af4d,MCEA-Contract-FY15-FY17-3-15-14.pdf,Montgomery County Public Schools,81,the principal will invite teachers to express their preferences in writing.,the principal,management,worker,will,False,active,plain,obligation,obligation,True,0.9,transfers,True,
montgomery_county_public_schools__mcea_contract_fy15_fy17_3_15_14__d1f7af4d,MCEA-Contract-FY15-FY17-3-15-14.pdf,Montgomery County Public Schools,81,"The principal will review preferences with the appropriate resource teacher, department chairperson, or team leader and/or grade level teachers directly affected.",The principal,management,worker,will,False,active,plain,obligation,obligation,True,0.9,transfers,True,
montgomery_county_public_schools__mcea_contract_fy15_fy17_3_15_14__d1f7af4d,MCEA-Contract-FY15-FY17-3-15-14.pdf,Montgomery County Public Schools,81,Changes in grade assignment in the elementary schools and in subject assignment in the secondary schools will be made by the principal,Changes in grade assignment in the elementary schools and in subject assignment in the secondary schools,management,management,will,False,passive,plain,obligation,obligation,True,0.9,transfers,True,
montgomery_county_public_schools__mcea_contract_fy15_fy17_3_15_14__d1f7af4d,MCEA-Contract-FY15-FY17-3-15-14.pdf,Montgomery County Public Schools,82,"To the extent that it is possible, changes in grade assignments in the elementary and in subject assignment in the secondary schools will be voluntary.",changes in grade assignments in the elementary and in subject assignment in the secondary schools,other,worker,will,False,active,plain,obligation,obligation,True,0.9,transfers,True,
montgomery_county_public_schools__mcea_contract_fy15_fy17_3_15_14__d1f7af4d,MCEA-Contract-FY15-FY17-3-15-14.pdf,Montgomery County Public Schools,82,"Whenever practicable, in placing newly hired classroom teachers in a school assignment, the principal and the appropriate resource teacher or department chairperson shall have an opportunity to interview the new teachers.",the principal and the appropriate resource teacher or department chairperson,management,management,shall,False,active,plain,obligation,obligation,True,1.0,transfers,True,
montgomery_county_public_schools__mcea_contract_fy15_fy17_3_15_14__d1f7af4d,MCEA-Contract-FY15-FY17-3-15-14.pdf,Montgomery County Public Schools,82,"Teacher aides shall be assigned directly to departments, teams, grade levels, or instructional programs.",Teacher aides,management,management,shall,False,passive,plain,obligation,obligation,True,1.0,transfers,True,
montgomery_county_public_schools__mcea_contract_fy15_fy17_3_15_14__d1f7af4d,MCEA-Contract-FY15-FY17-3-15-14.pdf,Montgomery County Public Schools,82,The decision as to their assignment shall be determined by the principal after consultation with his/her faculty.,The decision as to their assignment,management,management,shall,False,passive,plain,obligation,obligation,True,1.0,transfers,True,
montgomery_county_public_schools__mcea_contract_fy15_fy17_3_15_14__d1f7af4d,MCEA-Contract-FY15-FY17-3-15-14.pdf,Montgomery County Public Schools,82,"Effective November 29, 2014, the salary schedule shall be increased by 1.5%",the salary schedule,management,worker,shall,False,passive,plain,obligation,obligation,True,1.0,compensation,True,
montgomery_county_public_schools__mcea_contract_fy15_fy17_3_15_14__d1f7af4d,MCEA-Contract-FY15-FY17-3-15-14.pdf,Montgomery County Public Schools,86,"Unit members who are ‘off-scale’ (Codes 50, 51, 52, 55, 60, 65) shall have their salaries increased by the same percentages (1.5%, 2%, 2%) on the same dates (11/29/14, 10/3/15, 9/3/16) as the salary schedules above.","Unit members who are ‘off-scale’ (Codes 50, 51, 52, 55, 60, 65)",worker,worker,shall,False,active,plain,obligation,obligation,True,1.0,compensation,True,
montgomery_county_public_schools__mcea_contract_fy15_fy17_3_15_14__d1f7af4d,MCEA-Contract-FY15-FY17-3-15-14.pdf,Montgomery County Public Schools,86,The anniversary date for step increase purposes for all unit members shall be July 1.,The anniversary date for step increase purposes for all unit members,other,worker,shall,False,active,plain,obligation,obligation,True,1.0,compensation,True,
montgomery_county_public_schools__mcea_contract_fy15_fy17_3_15_14__d1f7af4d,MCEA-Contract-FY15-FY17-3-15-14.pdf,Montgomery County Public Schools,86,"Anniversary dates for step increase purposes for unit members hired on or after July 1, 2013 shall be set as follows:","Anniversary dates for step increase purposes for unit members hired on or after July 1, 2013",other,worker,shall,False,passive,plain,obligation,obligation,True,1.0,compensation,True,
montgomery_county_public_schools__mcea_contract_fy15_fy17_3_15_14__d1f7af4d,MCEA-Contract-FY15-FY17-3-15-14.pdf,Montgomery County Public Schools,86,"For unit members hired prior to February 1st, their first anniversary date will be July 1 of the fiscal year following the year in which they were hired.",their first anniversary date,other,worker,will,False,active,plain,obligation,obligation,True,0.9,compensation,True,
montgomery_county_public_schools__mcea_contract_fy15_fy17_3_15_14__d1f7af4d,MCEA-Contract-FY15-FY17-3-15-14.pdf,Montgomery County Public Schools,86,"For unit members hired on or after February 1st, their first anniversary date will be July 1 of the following calendar year.",their first anniversary date,other,worker,will,False,active,plain,obligation,obligation,True,0.9,compensation,True,
montgomery_county_public_schools__mcea_contract_fy15_fy17_3_15_14__d1f7af4d,MCEA-Contract-FY15-FY17-3-15-14.pdf,Montgomery County Public Schools,87,"Notwithstanding the provisions in Section 2 above, for Fiscal Years 2015, 2016, and 2017, all employees hired on or before January 31st of the prior fiscal year who are eligible for a step increase and have an additional step available on the applicable schedule above, will move up one step from their current step each fiscal year of this agreement on the following effective dates.",all employees hired on or before January 31st of the prior fiscal year who are eligible for a step increase and have an additional step available on the applicable schedule above,worker,worker,will,False,active,plain,obligation,obligation,True,0.9,compensation,True,
montgomery_county_public_schools__mcea_contract_fy15_fy17_3_15_14__d1f7af4d,MCEA-Contract-FY15-FY17-3-15-14.pdf,Montgomery County Public Schools,87,"Effective March 4, 2017, all employees who missed a step increase in FY 2012 due to the negotiated deferral of step increases, or who had their hire-in rate adjusted back one step based on the non-payment of the FY12 steps, shall advance one additional step on the salary schedule, not to exceed the maximum step of the range.","all employees who missed a step increase in FY 2012 due to the negotiated deferral of step increases, or who had their hire-in rate adjusted back one step based on the non-payment of the FY12 steps",worker,worker,shall,False,active,plain,obligation,obligation,True,1.0,compensation,True,
montgomery_county_public_schools__mcea_contract_fy15_fy17_3_15_14__d1f7af4d,MCEA-Contract-FY15-FY17-3-15-14.pdf,Montgomery County Public Schools,87,"Employees working on June 30, 1996 as 12-month employees, but who would not qualify for the MA+30 lane if employed in a 10-month position, will continue to receive pay while in a 12-month position equal to the percent of the salary applicable to MA+30 level 10-month employees as identified in the previous paragraph.","Employees working on June 30, 1996 as 12-month employees, but who would not qualify for the MA+30 lane if employed in a 10-month position",worker,worker,will,False,active,rights_active,right,right,True,0.9,compensation,True,
montgomery_county_public_schools__mcea_contract_fy15_fy17_3_15_14__d1f7af4d,MCEA-Contract-FY15-FY17-3-15-14.pdf,Montgomery County Public Schools,87,Unit members working other than 10-month or 12-month schedules shall be compensated for the number of work days of assigned duty at their daily rate of pay.,Unit members working other than 10-month or 12-month schedules,management,worker,shall,False,passive,rights_passive,right,obligation,False,1.0,compensation,True,
montgomery_county_public_schools__mcea_contract_fy15_fy17_3_15_14__d1f7af4d,MCEA-Contract-FY15-FY17-3-15-14.pdf,Montgomery County Public Schools,87,"Unit members who qualify for a salary lane change will receive a one-time lump sum payment of $1,200",Unit members who qualify for a salary lane change,worker,worker,will,False,active,rights_active,right,right,True,0.9,compensation,True,
montgomery_county_public_schools__mcea_contract_fy15_fy17_3_15_14__d1f7af4d,MCEA-Contract-FY15-FY17-3-15-14.pdf,Montgomery County Public Schools,87,there will be no retroactive payment on the higher lane.,there,other,management,will,True,active,plain,prohibition,prohibition,True,0.9,compensation,True,
montgomery_county_public_schools__mcea_contract_fy15_fy17_3_15_14__d1f7af4d,MCEA-Contract-FY15-FY17-3-15-14.pdf,Montgomery County Public Schools,88,The parties agree that the option for 10 month unit members to receive pay over 12 months will be included in the next requirements for a replacement HRIS system.,The parties,other,worker,will,False,active,plain,obligation,other,False,0.9,compensation,True,
montgomery_county_public_schools__mcea_contract_fy15_fy17_3_15_14__d1f7af4d,MCEA-Contract-FY15-FY17-3-15-14.pdf,Montgomery County Public Schools,88,Unit members on duty as of July 1 of any calendar year will be provided with their Salary Information Notice for the forthcoming school year no later than August 15.,Unit members on duty as of July 1 of any calendar year,management,worker,will,False,passive,rights_passive,right,obligation,False,0.9,compensation,True,
montgomery_county_public_schools__mcea_contract_fy15_fy17_3_15_14__d1f7af4d,MCEA-Contract-FY15-FY17-3-15-14.pdf,Montgomery County Public Schools,88,"Resource Teachers —Will have their regular scheduled salary in Grades A-D increased $2,750 for a department of 4 to 9 teachers, $3,450 for a department of 10 to 14 teachers, and $4,425 for a department of 15 or more teachers.",Resource Teachers,worker,worker,will,False,active,plain,obligation,obligation,True,0.9,compensation,True,
montgomery_county_public_schools__mcea_contract_fy15_fy17_3_15_14__d1f7af4d,MCEA-Contract-FY15-FY17-3-15-14.pdf,Montgomery County Public Schools,88,"Middle School Resource Counselors will have their regular scheduled salary in Grade A-D increased by $2,750.",Middle School Resource Counselors,worker,worker,will,False,active,plain,obligation,obligation,True,0.9,compensation,True,
montgomery_county_public_schools__mcea_contract_fy15_fy17_3_15_14__d1f7af4d,MCEA-Contract-FY15-FY17-3-15-14.pdf,Montgomery County Public Schools,88,"High School Resource Counselors will have their regular scheduled salary in Grade A-D increased by $4,425.",High School Resource Counselors,worker,worker,will,False,active,plain,obligation,obligation,True,0.9,compensation,True,
montgomery_county_public_schools__mcea_contract_fy15_fy17_3_15_14__d1f7af4d,MCEA-Contract-FY15-FY17-3-15-14.pdf,Montgomery County Public Schools,88,"Senior high school athletic directors who are responsible for athletic departments of 15 or more coaches will have their regular scheduled salary on Grades A-D increased $7,000.",Senior high school athletic directors who are responsible for athletic departments of 15 or more coaches,worker,worker,will,False,active,plain,obligation,obligation,True,0.9,compensation,True,
montgomery_county_public_schools__mcea_contract_fy15_fy17_3_15_14__d1f7af4d,MCEA-Contract-FY15-FY17-3-15-14.pdf,Montgomery County Public Schools,88,"Professional personnel on the professional salary schedule grades A-D who are assigned as full-time consulting teachers will have their regular scheduled salary increased $4,425.",Professional personnel on the professional salary schedule grades A-D who are assigned as full-time consulting teachers,worker,worker,will,False,active,plain,obligation,obligation,True,0.9,compensation,True,
montgomery_county_public_schools__mcea_contract_fy15_fy17_3_15_14__d1f7af4d,MCEA-Contract-FY15-FY17-3-15-14.pdf,Montgomery County Public Schools,88,"Middle School Content Specialists—Will have their regular scheduled salary in Grades A-D increased $2,750 for a department of 4 to 9 teachers and $3,450 for a department of 10 or more teachers.",Middle School Content Specialists,worker,worker,will,False,active,plain,obligation,obligation,True,0.9,compensation,True,
montgomery_county_public_schools__mcea_contract_fy15_fy17_3_15_14__d1f7af4d,MCEA-Contract-FY15-FY17-3-15-14.pdf,Montgomery County Public Schools,88,"Middle School Team Leaders — Will have their regular scheduled salary in Grades A-D increased $1,500.",Middle School Team Leaders,worker,worker,will,False,active,plain,obligation,obligation,True,0.9,compensation,True,
montgomery_county_public_schools__mcea_contract_fy15_fy17_3_15_14__d1f7af4d,MCEA-Contract-FY15-FY17-3-15-14.pdf,Montgomery County Public Schools,88,"Effective July 1, 2014, lead teachers who serve in teacher leadership positions identified as part of the Career Lattice program, in accord with Article 14 Section G3, will receive a supplement of $2,000, in addition to any supplement provided for the specific position.","lead teachers who serve in teacher leadership positions identified as part of the Career Lattice program, in accord with Article 14 Section G3",worker,worker,will,False,active,rights_active,right,right,True,0.9,compensation,True,
montgomery_county_public_schools__mcea_contract_fy15_fy17_3_15_14__d1f7af4d,MCEA-Contract-FY15-FY17-3-15-14.pdf,Montgomery County Public Schools,88,"Lead Teachers who teach in designated high needs schools will have the opportunity to develop, in conjunction with the principal and the leadership team, school improvement projects which they will lead.",Lead Teachers who teach in designated high needs schools,worker,worker,will,False,active,plain,obligation,right,False,0.9,professional_development,True,
montgomery_county_public_schools__mcea_contract_fy15_fy17_3_15_14__d1f7af4d,MCEA-Contract-FY15-FY17-3-15-14.pdf,Montgomery County Public Schools,88,"Such Lead Teachers will be eligible to receive a salary supplement of $2,000 and $1,000 - $3,000 in supplemental school improvement funds, as determined by the Career Lattice Project Review Panel.",Such Lead Teachers,worker,worker,will,False,active,plain,obligation,right,False,0.9,compensation,True,
montgomery_county_public_schools__mcea_contract_fy15_fy17_3_15_14__d1f7af4d,MCEA-Contract-FY15-FY17-3-15-14.pdf,Montgomery County Public Schools,89,"All professional personnel on the professional salary schedule grades A-D who are assigned as elementary team leaders or team leaders in the Montgomery County Infants and Toddlers Program or in ESOL (with at least three other team members), will have their regular scheduled salary increased $1,500.",All professional personnel on the professional salary schedule grades A-D who are assigned as elementary team leaders or team leaders in the Montgomery County Infants and Toddlers Program or in ESOL (with at least three other team members),worker,worker,will,False,active,plain,obligation,right,False,0.9,compensation,True,
montgomery_county_public_schools__mcea_contract_fy15_fy17_3_15_14__d1f7af4d,MCEA-Contract-FY15-FY17-3-15-14.pdf,Montgomery County Public Schools,89,"All professional personnel on the professional salary schedule grades A-D who are elected as faculty representatives to school leadership teams in accordance with Article 8, Section A.1.d, will have their regular scheduled salary increased $1,500.","All professional personnel on the professional salary schedule grades A-D who are elected as faculty representatives to school leadership teams in accordance with Article 8, Section A.1.d",worker,worker,will,False,active,plain,obligation,right,False,0.9,compensation,True,
montgomery_county_public_schools__mcea_contract_fy15_fy17_3_15_14__d1f7af4d,MCEA-Contract-FY15-FY17-3-15-14.pdf,Montgomery County Public Schools,89,Unit members assigned under subsections 1 through 9 of this Section shall not have tenure in the position.,Unit members assigned under subsections 1 through 9 of this Section,worker,management,shall,True,active,plain,prohibition,prohibition,True,1.0,job_security,True,
montgomery_county_public_schools__mcea_contract_fy15_fy17_3_15_14__d1f7af4d,MCEA-Contract-FY15-FY17-3-15-14.pdf,Montgomery County Public Schools,89,"Any unit member being paid a supplement for resource teacher or resource counselor responsibility who is selected for a rotating central office, 10-month teacher specialist position, or pupil personnel intern will be permitted to retain the supplement during the period of time he/she serves in the capacity of central office teacher specialist, or pupil personnel intern.","Any unit member being paid a supplement for resource teacher or resource counselor responsibility who is selected for a rotating central office, 10-month teacher specialist position, or pupil personnel intern",worker,worker,will,False,passive,permission_verb,permission,permission,True,0.9,compensation,True,
montgomery_county_public_schools__mcea_contract_fy15_fy17_3_15_14__d1f7af4d,MCEA-Contract-FY15-FY17-3-15-14.pdf,Montgomery County Public Schools,89,"any teacher who has received National Board for Professional Teaching Standards (NBPTS) certification will have his/her regular scheduled salary increased by $2,000 annually.",any teacher who has received National Board for Professional Teaching Standards (NBPTS) certification,worker,worker,will,False,active,plain,obligation,right,False,0.9,compensation,True,Extracted from 'the parties agree that...' meta-clause
montgomery_county_public_schools__mcea_contract_fy15_fy17_3_15_14__d1f7af4d,MCEA-Contract-FY15-FY17-3-15-14.pdf,Montgomery County Public Schools,89,NBPTS certification and First Class Maryland certification must be maintained.,NBPTS certification and First Class Maryland certification,worker,management,must,False,passive,obligation_verb,obligation,obligation,True,1.0,professional_development,True,
montgomery_county_public_schools__mcea_contract_fy15_fy17_3_15_14__d1f7af4d,MCEA-Contract-FY15-FY17-3-15-14.pdf,Montgomery County Public Schools,89,"any unit member who has received National certification in Speech/Language Pathology; Occupational Therapy, Physical Therapy, School Psychology, or Counseling will have his/her regular scheduled salary increased by $1,500 annually.","any unit member who has received National certification in Speech/Language Pathology; Occupational Therapy, Physical Therapy, School Psychology, or Counseling",worker,worker,will,False,active,plain,obligation,right,False,0.9,compensation,True,Extracted from 'the parties agree that...' meta-clause
montgomery_county_public_schools__mcea_contract_fy15_fy17_3_15_14__d1f7af4d,MCEA-Contract-FY15-FY17-3-15-14.pdf,Montgomery County Public Schools,89,Any athletic director who has achieved Certified Athletic Administrator certification from the National Interscholastic Athletic Administrators Association will have his/her regular scheduled salary increased by $500 annually.,Any athletic director who has achieved Certified Athletic Administrator certification from the National Interscholastic Athletic Administrators Association,worker,worker,will,False,active,plain,obligation,right,False,0.9,compensation,True,
montgomery_county_public_schools__mcea_contract_fy15_fy17_3_15_14__d1f7af4d,MCEA-Contract-FY15-FY17-3-15-14.pdf,Montgomery County Public Schools,89,the national certification and First Class Maryland certification or Maryland State Board of Examiners license in the field must be maintained.,the national certification and First Class Maryland certification or Maryland State Board of Examiners license in the field,worker,management,must,False,passive,obligation_verb,obligation,obligation,True,1.0,professional_development,True,
montgomery_county_public_schools__mcea_contract_fy15_fy17_3_15_14__d1f7af4d,MCEA-Contract-FY15-FY17-3-15-14.pdf,Montgomery County Public Schools,90,"In order to receive this supplement, the national certification and First Class Maryland certification or Maryland State Board of Examiners license in the field must be maintained.",the national certification and First Class Maryland certification or Maryland State Board of Examiners license in the field,worker,management,must,False,passive,obligation_verb,obligation,obligation,True,1.0,compensation,True,
montgomery_county_public_schools__mcea_contract_fy15_fy17_3_15_14__d1f7af4d,MCEA-Contract-FY15-FY17-3-15-14.pdf,Montgomery County Public Schools,90,A National Board Certified Teacher who is working in the NBCT Candidates Support Program as a candidate coach shall receive a stipend of $210 for each candidate coached.,A National Board Certified Teacher who is working in the NBCT Candidates Support Program as a candidate coach,worker,worker,shall,False,active,rights_active,right,right,True,1.0,compensation,True,
montgomery_county_public_schools__mcea_contract_fy15_fy17_3_15_14__d1f7af4d,MCEA-Contract-FY15-FY17-3-15-14.pdf,Montgomery County Public Schools,90,A unit member who supervises a student teacher or graduate intern in an education program shall receive a stipend of $50 per week for such supervision.,A unit member who supervises a student teacher or graduate intern in an education program,worker,worker,shall,False,active,rights_active,right,right,True,1.0,compensation,True,
montgomery_county_public_schools__mcea_contract_fy15_fy17_3_15_14__d1f7af4d,MCEA-Contract-FY15-FY17-3-15-14.pdf,Montgomery County Public Schools,90,A unit member who is assigned by the Board to serve as a mentor for a new teacher shall receive an annual stipend of $600 for each new teacher mentored.,A unit member who is assigned by the Board to serve as a mentor for a new teacher,worker,worker,shall,False,active,rights_active,right,right,True,1.0,compensation,True,
montgomery_county_public_schools__mcea_contract_fy15_fy17_3_15_14__d1f7af4d,MCEA-Contract-FY15-FY17-3-15-14.pdf,Montgomery County Public Schools,90,A unit member who has completed MCPS mentor training shall receive $800 per year.,A unit member who has completed MCPS mentor training,worker,worker,shall,False,active,rights_active,right,right,True,1.0,compensation,True,
montgomery_county_public_schools__mcea_contract_fy15_fy17_3_15_14__d1f7af4d,MCEA-Contract-FY15-FY17-3-15-14.pdf,Montgomery County Public Schools,90,A unit member appointed as the Edline Super User in a school shall receive an annual stipend of $750.,A unit member appointed as the Edline Super User in a school,worker,worker,shall,False,active,rights_active,right,right,True,1.0,compensation,True,
montgomery_county_public_schools__mcea_contract_fy15_fy17_3_15_14__d1f7af4d,MCEA-Contract-FY15-FY17-3-15-14.pdf,Montgomery County Public Schools,90,Gradebook advisors in a school shall receive an annual stipend of $750 the first year that Edline is established in the school.,Gradebook advisors in a school,worker,worker,shall,False,active,rights_active,right,right,True,1.0,compensation,True,
montgomery_county_public_schools__mcea_contract_fy15_fy17_3_15_14__d1f7af4d,MCEA-Contract-FY15-FY17-3-15-14.pdf,Montgomery County Public Schools,90,"After the first year, Gradebook advisors shall receive an annual stipend of $500.",Gradebook advisors,worker,worker,shall,False,active,rights_active,right,right,True,1.0,compensation,True,
montgomery_county_public_schools__mcea_contract_fy15_fy17_3_15_14__d1f7af4d,MCEA-Contract-FY15-FY17-3-15-14.pdf,Montgomery County Public Schools,90,"School-based bargaining unit members who serve on the Peer Assistance and Review Panel shall receive an annual stipend of $1,000 from MCPS.",School-based bargaining unit members who serve on the Peer Assistance and Review Panel,worker,worker,shall,False,active,rights_active,right,right,True,1.0,compensation,True,
montgomery_county_public_schools__mcea_contract_fy15_fy17_3_15_14__d1f7af4d,MCEA-Contract-FY15-FY17-3-15-14.pdf,Montgomery County Public Schools,90,"The representatives shall receive the stipend in a lump sum, payable in the month of June, for the prior school year.",The representatives,worker,worker,shall,False,active,rights_active,right,right,True,1.0,compensation,True,
montgomery_county_public_schools__mcea_contract_fy15_fy17_3_15_14__d1f7af4d,MCEA-Contract-FY15-FY17-3-15-14.pdf,Montgomery County Public Schools,90,MCEA shall be responsible for providing the Office of the Chief Operating Officer with a list of eligible members.,MCEA,worker,management,shall,False,active,obligation_verb,obligation,obligation,True,1.0,other,True,
montgomery_county_public_schools__mcea_contract_fy15_fy17_3_15_14__d1f7af4d,MCEA-Contract-FY15-FY17-3-15-14.pdf,Montgomery County Public Schools,90,"School-based bargaining unit members who serve on the Career Lattice Joint Panel shall receive an annual stipend of $1,000 from MCPS.",School-based bargaining unit members who serve on the Career Lattice Joint Panel,worker,worker,shall,False,active,rights_active,right,right,True,1.0,compensation,True,
montgomery_county_public_schools__mcea_contract_fy15_fy17_3_15_14__d1f7af4d,MCEA-Contract-FY15-FY17-3-15-14.pdf,Montgomery County Public Schools,90,"Bargaining unit members elected to serve on the Councils on Teaching and Learning shall be eligible to receive an annual stipend of up to $1,200 from MCPS.",Bargaining unit members elected to serve on the Councils on Teaching and Learning,worker,worker,shall,False,active,rights_active,right,right,True,1.0,compensation,True,
montgomery_county_public_schools__mcea_contract_fy15_fy17_3_15_14__d1f7af4d,MCEA-Contract-FY15-FY17-3-15-14.pdf,Montgomery County Public Schools,90,"The representatives shall receive the stipend in a lump sum, payable in the month of June for the prior school year.",The representatives,worker,worker,shall,False,active,rights_active,right,right,True,1.0,compensation,True,
montgomery_county_public_schools__mcea_contract_fy15_fy17_3_15_14__d1f7af4d,MCEA-Contract-FY15-FY17-3-15-14.pdf,Montgomery County Public Schools,91,"MCEA shall be responsible for providing the Office of the Chief Operating Officer with a list of CTL members eligible for compensation, and the amounts due per individual.",MCEA,worker,management,shall,False,active,obligation_verb,obligation,obligation,True,1.0,other,True,
montgomery_county_public_schools__mcea_contract_fy15_fy17_3_15_14__d1f7af4d,MCEA-Contract-FY15-FY17-3-15-14.pdf,Montgomery County Public Schools,91,"MCEA shall be responsible for determining the amounts due, based upon its records of the level of participation of each CTL representative.",MCEA,worker,management,shall,False,active,obligation_verb,obligation,obligation,True,1.0,other,True,
montgomery_county_public_schools__mcea_contract_fy15_fy17_3_15_14__d1f7af4d,MCEA-Contract-FY15-FY17-3-15-14.pdf,Montgomery County Public Schools,91,"If requested to do so by MCEA, MCPS will include added monies with such stipend payments from MCEA for additional work by CTL members during the summer.",MCPS,management,worker,will,False,active,plain,obligation,obligation,True,0.9,compensation,True,
montgomery_county_public_schools__mcea_contract_fy15_fy17_3_15_14__d1f7af4d,MCEA-Contract-FY15-FY17-3-15-14.pdf,Montgomery County Public Schools,91,"If so, MCEA will determine the additional amounts per participant, and transmit that information to the Office of the COO at the same time as the initial report.",MCEA,worker,management,will,False,active,plain,obligation,obligation,True,0.9,other,True,
montgomery_county_public_schools__mcea_contract_fy15_fy17_3_15_14__d1f7af4d,MCEA-Contract-FY15-FY17-3-15-14.pdf,Montgomery County Public Schools,91,MCPS will then invoice MCEA for the amount of the additional reimbursements,MCPS,management,management,will,False,active,plain,obligation,obligation,True,0.9,other,True,
montgomery_county_public_schools__mcea_contract_fy15_fy17_3_15_14__d1f7af4d,MCEA-Contract-FY15-FY17-3-15-14.pdf,Montgomery County Public Schools,91,MCEA shall transmit full payment to MCPS.,MCEA,worker,management,shall,False,active,plain,obligation,obligation,True,1.0,other,True,
montgomery_county_public_schools__mcea_contract_fy15_fy17_3_15_14__d1f7af4d,MCEA-Contract-FY15-FY17-3-15-14.pdf,Montgomery County Public Schools,91,appeals from this authority should be provided.,appeals from this authority,management,worker,should,False,passive,rights_passive,right,obligation,False,0.7,discipline,True,Extracted from independent clause only; preceding 'Since' clause is descriptive/reasoning.
montgomery_county_public_schools__mcea_contract_fy15_fy17_3_15_14__d1f7af4d,MCEA-Contract-FY15-FY17-3-15-14.pdf,Montgomery County Public Schools,91,"A special appeals board shall be established composed of three members appointed by the superintendent from Board staff, other than staff of the Office of Human Resources and Development, and three members appointed by the Association.",A special appeals board,worker,worker,shall,False,passive,plain,obligation,obligation,True,1.0,discipline,True,
montgomery_county_public_schools__mcea_contract_fy15_fy17_3_15_14__d1f7af4d,MCEA-Contract-FY15-FY17-3-15-14.pdf,Montgomery County Public Schools,91,The appeals board will receive appeals from the credit granting authority and recommend dispositions to the Office of the Superintendent of Schools which will make the final decision.,The appeals board,other,worker,will,False,active,plain,obligation,obligation,True,0.9,discipline,True,
montgomery_county_public_schools__mcea_contract_fy15_fy17_3_15_14__d1f7af4d,MCEA-Contract-FY15-FY17-3-15-14.pdf,Montgomery County Public Schools,91,"Annually, on or before May 1, the appeals board will review the criteria employed in granting of credit and report its findings to the LMCC.",the appeals board,other,worker,will,False,active,plain,obligation,obligation,True,0.9,discipline,True,
montgomery_county_public_schools__mcea_contract_fy15_fy17_3_15_14__d1f7af4d,MCEA-Contract-FY15-FY17-3-15-14.pdf,Montgomery County Public Schools,91,Members of the appeals board will serve for two years with new members appointed each year.,Members of the appeals board,other,worker,will,False,active,plain,obligation,obligation,True,0.9,discipline,True,
montgomery_county_public_schools__mcea_contract_fy15_fy17_3_15_14__d1f7af4d,MCEA-Contract-FY15-FY17-3-15-14.pdf,Montgomery County Public Schools,91,This program shall be voluntary except for unit members covered in Section D of this Article.,This program,other,worker,shall,False,active,plain,obligation,obligation,True,1.0,other,True,
montgomery_county_public_schools__mcea_contract_fy15_fy17_3_15_14__d1f7af4d,MCEA-Contract-FY15-FY17-3-15-14.pdf,Montgomery County Public Schools,91,"if unit members are not available, non-unit members may be utilized to sp",non-unit members,management,management,may,False,passive,plain,permission,permission,True,0.3,other,True,Truncated at end of chunk.
montgomery_county_public_schools__mcea_contract_fy15_fy17_3_15_14__d1f7af4d,MCEA-Contract-FY15-FY17-3-15-14.pdf,Montgomery County Public Schools,92,non-unit members may be utilized to sponsor an activity or coach a sport.,non-unit members,management,management,may,False,passive,plain,permission,permission,True,0.3,compensation,True,
montgomery_county_public_schools__mcea_contract_fy15_fy17_3_15_14__d1f7af4d,MCEA-Contract-FY15-FY17-3-15-14.pdf,Montgomery County Public Schools,92,The principal shall be responsible for the conduct of the entire extracurricular program within his/her school.,The principal,management,management,shall,False,active,obligation_verb,obligation,obligation,True,1.0,other,True,
montgomery_county_public_schools__mcea_contract_fy15_fy17_3_15_14__d1f7af4d,MCEA-Contract-FY15-FY17-3-15-14.pdf,Montgomery County Public Schools,92,such activities shall be discontinued in that school.,such activities,management,management,shall,False,passive,plain,obligation,obligation,True,1.0,other,True,
montgomery_county_public_schools__mcea_contract_fy15_fy17_3_15_14__d1f7af4d,MCEA-Contract-FY15-FY17-3-15-14.pdf,Montgomery County Public Schools,92,The principal in each school shall be responsible for the development of the organizational structure required to carry out the approved activities.,The principal in each school,management,management,shall,False,active,obligation_verb,obligation,obligation,True,1.0,other,True,
montgomery_county_public_schools__mcea_contract_fy15_fy17_3_15_14__d1f7af4d,MCEA-Contract-FY15-FY17-3-15-14.pdf,Montgomery County Public Schools,92,The principal is responsible for making the selection of unit members to any of the approved compensated activities subject to the approval of the community superintendent.,The principal,management,management,,False,active,obligation_verb,obligation,obligation,True,0.85,compensation,True,
montgomery_county_public_schools__mcea_contract_fy15_fy17_3_15_14__d1f7af4d,MCEA-Contract-FY15-FY17-3-15-14.pdf,Montgomery County Public Schools,92,the unit member shall be given first preference for appointment by the principal to the compensated activity if that unit member makes known to the principal a desire to continue.,the unit member,management,worker,shall,False,passive,rights_passive,right,right,True,1.0,compensation,True,
montgomery_county_public_schools__mcea_contract_fy15_fy17_3_15_14__d1f7af4d,MCEA-Contract-FY15-FY17-3-15-14.pdf,Montgomery County Public Schools,92,The principal is responsible for posting a notice of sponsor vacancies for each of the activities to be conducted in the school.,The principal,management,worker,,False,active,obligation_verb,obligation,obligation,True,0.85,compensation,True,
montgomery_county_public_schools__mcea_contract_fy15_fy17_3_15_14__d1f7af4d,MCEA-Contract-FY15-FY17-3-15-14.pdf,Montgomery County Public Schools,92,Qualified unit members who work in the same building for which a stipend vacancy is posted shall be given first consideration.,Qualified unit members who work in the same building for which a stipend vacancy is posted,management,worker,shall,False,passive,rights_passive,right,right,True,1.0,compensation,True,
montgomery_county_public_schools__mcea_contract_fy15_fy17_3_15_14__d1f7af4d,MCEA-Contract-FY15-FY17-3-15-14.pdf,Montgomery County Public Schools,92,"This notice shall fully explain the requirements for the appointment to the position, the general duties of the position, and the stipend to be paid.",This notice,other,worker,shall,False,active,plain,obligation,obligation,True,1.0,compensation,True,
montgomery_county_public_schools__mcea_contract_fy15_fy17_3_15_14__d1f7af4d,MCEA-Contract-FY15-FY17-3-15-14.pdf,Montgomery County Public Schools,93,Posting vacancies outside of the local school may take place,Posting vacancies outside of the local school,other,management,may,False,active,plain,permission,permission,True,0.3,compensation,True,
montgomery_county_public_schools__mcea_contract_fy15_fy17_3_15_14__d1f7af4d,MCEA-Contract-FY15-FY17-3-15-14.pdf,Montgomery County Public Schools,93,Posting vacancies outside of the local school is not required.,Posting vacancies outside of the local school,other,management,,True,active,obligation_verb,right,right,True,0.85,compensation,True,
montgomery_county_public_schools__mcea_contract_fy15_fy17_3_15_14__d1f7af4d,MCEA-Contract-FY15-FY17-3-15-14.pdf,Montgomery County Public Schools,93,The principal need not post a vacancy notice,The principal,management,management,need,True,active,plain,prohibition,right,False,0.7,compensation,True,Conditional clause omitted.
montgomery_county_public_schools__mcea_contract_fy15_fy17_3_15_14__d1f7af4d,MCEA-Contract-FY15-FY17-3-15-14.pdf,Montgomery County Public Schools,93,Principals will attempt to notify all school-based unit members in writing of their stipend assignments before they return to school in August.,Principals,management,worker,will,False,active,plain,obligation,obligation,True,0.9,compensation,True,
montgomery_county_public_schools__mcea_contract_fy15_fy17_3_15_14__d1f7af4d,MCEA-Contract-FY15-FY17-3-15-14.pdf,Montgomery County Public Schools,93,affected unit members will be notified promptly in writing.,affected unit members,management,worker,will,False,passive,rights_passive,right,obligation,False,0.9,compensation,True,
montgomery_county_public_schools__mcea_contract_fy15_fy17_3_15_14__d1f7af4d,MCEA-Contract-FY15-FY17-3-15-14.pdf,Montgomery County Public Schools,93,Any teacher accepting the sponsorship of a stipend activity must be assigned a full teaching load.,Any teacher accepting the sponsorship of a stipend activity,management,management,must,False,passive,plain,obligation,obligation,True,1.0,workload,True,
montgomery_county_public_schools__mcea_contract_fy15_fy17_3_15_14__d1f7af4d,MCEA-Contract-FY15-FY17-3-15-14.pdf,Montgomery County Public Schools,93,Principals will annually evaluate the performance of all sponsors in the approved extracurricular activity program.,Principals,management,management,will,False,active,plain,obligation,obligation,True,0.9,evaluation,True,
montgomery_county_public_schools__mcea_contract_fy15_fy17_3_15_14__d1f7af4d,MCEA-Contract-FY15-FY17-3-15-14.pdf,Montgomery County Public Schools,93,Sponsors of stipend-compensated activities will notify the principal in writing that the activity has been completed within five working days after the completion of the activity.,Sponsors of stipend-compensated activities,worker,management,will,False,active,plain,obligation,obligation,True,0.9,compensation,True,
montgomery_county_public_schools__mcea_contract_fy15_fy17_3_15_14__d1f7af4d,MCEA-Contract-FY15-FY17-3-15-14.pdf,Montgomery County Public Schools,93,The principal will evaluate the performance of all sponsors in the approved extracurricular activity program within 30 working days following the receipt of the written notification that the activity has been completed.,The principal,management,worker,will,False,active,plain,obligation,obligation,True,0.9,evaluation,True,
montgomery_county_public_schools__mcea_contract_fy15_fy17_3_15_14__d1f7af4d,MCEA-Contract-FY15-FY17-3-15-14.pdf,Montgomery County Public Schools,93,There shall be no tenure associated with any compensated activities.,There,other,management,shall,True,active,plain,prohibition,prohibition,True,1.0,job_security,True,
montgomery_county_public_schools__mcea_contract_fy15_fy17_3_15_14__d1f7af4d,MCEA-Contract-FY15-FY17-3-15-14.pdf,Montgomery County Public Schools,93,The principal shall make every effort to select a different unit member for each stipend activity.,The principal,management,worker,shall,False,active,plain,obligation,obligation,True,1.0,compensation,True,
montgomery_county_public_schools__mcea_contract_fy15_fy17_3_15_14__d1f7af4d,MCEA-Contract-FY15-FY17-3-15-14.pdf,Montgomery County Public Schools,93,"Unit members currently sponsoring more than one activity, or coaching more than one sport, should be given first preference to continue performing the one activity or sport of his/her choice if the principal determines that the service has been satisfactory.","Unit members currently sponsoring more than one activity, or coaching more than one sport",management,worker,should,False,passive,rights_passive,right,right,True,0.7,compensation,True,
montgomery_county_public_schools__mcea_contract_fy15_fy17_3_15_14__d1f7af4d,MCEA-Contract-FY15-FY17-3-15-14.pdf,Montgomery County Public Schools,93,"A unit member, however, may be eligible for assignment to more than one stipend-compensated activity, provided the activities do not conflict with the normal responsibilities of another stipend-compensated activity or the normal teaching duties and provided that the principal has posted the notice of the vacancy and no qualified unit member has volunteered for the activity.","A unit member, however",worker,worker,may,False,active,plain,permission,permission,True,0.3,compensation,True,Conditional/provided clauses omitted.
montgomery_county_public_schools__mcea_contract_fy15_fy17_3_15_14__d1f7af4d,MCEA-Contract-FY15-FY17-3-15-14.pdf,Montgomery County Public Schools,93,Unit members currently sponsoring an activity which is being subdivided shall be given first preference to continue performing some or all of the subdivided activities of his/her choice if the principal determines that the service has been satisfactory.,Unit members currently sponsoring an activity which is being subdivided,management,worker,shall,False,passive,rights_passive,right,right,True,1.0,compensation,True,
montgomery_county_public_schools__mcea_contract_fy15_fy17_3_15_14__d1f7af4d,MCEA-Contract-FY15-FY17-3-15-14.pdf,Montgomery County Public Schools,94,"Stipend activities may be divided by more than one unit member if, after consultation with the principal, the unit members involved are in agreement.",Stipend activities,worker,worker,may,False,passive,plain,permission,permission,True,0.3,compensation,True,
montgomery_county_public_schools__mcea_contract_fy15_fy17_3_15_14__d1f7af4d,MCEA-Contract-FY15-FY17-3-15-14.pdf,Montgomery County Public Schools,94,A unit member who does not fulfill the requirements for which a stipend is to be paid must forfeit that portion of the stipend which has not been earned.,A unit member who does not fulfill the requirements for which a stipend is to be paid,worker,management,must,False,active,plain,obligation,obligation,True,1.0,compensation,True,
montgomery_county_public_schools__mcea_contract_fy15_fy17_3_15_14__d1f7af4d,MCEA-Contract-FY15-FY17-3-15-14.pdf,Montgomery County Public Schools,94,The determination will be made by the principal,The determination,management,management,will,False,passive,plain,obligation,obligation,True,0.9,other,True,
montgomery_county_public_schools__mcea_contract_fy15_fy17_3_15_14__d1f7af4d,MCEA-Contract-FY15-FY17-3-15-14.pdf,Montgomery County Public Schools,94,the amount to be forfeited will be based upon the established hourly rate for the stipend program.,the amount to be forfeited,management,management,will,False,passive,plain,obligation,obligation,True,0.9,compensation,True,
montgomery_county_public_schools__mcea_contract_fy15_fy17_3_15_14__d1f7af4d,MCEA-Contract-FY15-FY17-3-15-14.pdf,Montgomery County Public Schools,94,Activities the school will conduct in this classification must be defined in a job description which will include the time frame anticipated for the activity.,Activities the school will conduct in this classification,management,worker,must,False,passive,plain,obligation,obligation,True,1.0,compensation,True,
montgomery_county_public_schools__mcea_contract_fy15_fy17_3_15_14__d1f7af4d,MCEA-Contract-FY15-FY17-3-15-14.pdf,Montgomery County Public Schools,94,"The principal in approving the activity and selecting the sponsor will authorize the hours to be paid, which may not exceed 100 hours for each activity.",The principal in approving the activity and selecting the sponsor,management,worker,will,False,active,plain,obligation,obligation,True,0.9,compensation,True,
montgomery_county_public_schools__mcea_contract_fy15_fy17_3_15_14__d1f7af4d,MCEA-Contract-FY15-FY17-3-15-14.pdf,Montgomery County Public Schools,94,Plans for activities in this class shall be forwarded for approval to the community superintendent along with the plans for activities in all other classes.,Plans for activities in this class,management,management,shall,False,passive,plain,obligation,obligation,True,1.0,other,True,
montgomery_county_public_schools__mcea_contract_fy15_fy17_3_15_14__d1f7af4d,MCEA-Contract-FY15-FY17-3-15-14.pdf,Montgomery County Public Schools,94,"Before a principal approves the stipend in Classification I-A, the sponsor must submit a planned program, including the time frame expected for the activity.",the sponsor,worker,management,must,False,active,plain,obligation,obligation,True,1.0,compensation,True,
montgomery_county_public_schools__mcea_contract_fy15_fy17_3_15_14__d1f7af4d,MCEA-Contract-FY15-FY17-3-15-14.pdf,Montgomery County Public Schools,94,Classification I-A stipend must also be approved by the community superintendent.,Classification I-A stipend,management,management,must,False,passive,plain,obligation,obligation,True,1.0,other,True,
montgomery_county_public_schools__mcea_contract_fy15_fy17_3_15_14__d1f7af4d,MCEA-Contract-FY15-FY17-3-15-14.pdf,Montgomery County Public Schools,94,Teachers participating in the outdoor education programs at one of the outdoor education facilities utilized by Montgomery County Public Schools shall be compensated by a stipend on a per diem basis.,Teachers participating in the outdoor education programs at one of the outdoor education facilities utilized by Montgomery County Public Schools,management,worker,shall,False,passive,rights_passive,right,right,True,1.0,compensation,True,
montgomery_county_public_schools__mcea_contract_fy15_fy17_3_15_14__d1f7af4d,MCEA-Contract-FY15-FY17-3-15-14.pdf,Montgomery County Public Schools,94,The stipends should be made available to classroom teachers accompanying the classes and other professional staff members of the Montgomery County Public Schools on grades A-D who are utilized as educational specialists.,The stipends,management,worker,should,False,passive,rights_passive,right,right,True,0.7,compensation,True,
montgomery_county_public_schools__mcea_contract_fy15_fy17_3_15_14__d1f7af4d,MCEA-Contract-FY15-FY17-3-15-14.pdf,Montgomery County Public Schools,94,The amount of the stipend shall be $100.00 for each overnight stay at one of the outdoor education facilities.,The amount of the stipend,other,worker,shall,False,active,plain,obligation,obligation,True,1.0,compensation,True,
montgomery_county_public_schools__mcea_contract_fy15_fy17_3_15_14__d1f7af4d,MCEA-Contract-FY15-FY17-3-15-14.pdf,Montgomery County Public Schools,95,The team member who organizes the outdoor education program for the school shall be compensated at the stipend rate for up to 40 hours for the organizing and planning activities based on hours worked.,The team member who organizes the outdoor education program for the school,worker,worker,shall,False,passive,rights_passive,right,right,True,1.0,compensation,True,
montgomery_county_public_schools__mcea_contract_fy15_fy17_3_15_14__d1f7af4d,MCEA-Contract-FY15-FY17-3-15-14.pdf,Montgomery County Public Schools,95,"Athletic directors, consulting teachers, and 12-month unit members are not eligible for payment of an extracurricular stipend.","Athletic directors, consulting teachers, and 12-month unit members",worker,management,,True,active,plain,prohibition,prohibition,True,0.0,compensation,True,
montgomery_county_public_schools__mcea_contract_fy15_fy17_3_15_14__d1f7af4d,MCEA-Contract-FY15-FY17-3-15-14.pdf,Montgomery County Public Schools,95,The stipend has been advertised to other unit members,The stipend,other,worker,,False,passive,plain,other,other,True,0.0,compensation,True,
montgomery_county_public_schools__mcea_contract_fy15_fy17_3_15_14__d1f7af4d,MCEA-Contract-FY15-FY17-3-15-14.pdf,Montgomery County Public Schools,95,none have expressed interest in the stipend.,none,worker,management,,False,active,plain,other,other,True,0.0,compensation,True,
montgomery_county_public_schools__mcea_contract_fy15_fy17_3_15_14__d1f7af4d,MCEA-Contract-FY15-FY17-3-15-14.pdf,Montgomery County Public Schools,95,Such appointments of resource teachers or resource counselors as extra-curricular sponsors shall be for one year only,Such appointments of resource teachers or resource counselors as extra-curricular sponsors,other,management,shall,False,active,plain,obligation,obligation,True,1.0,other,True,
montgomery_county_public_schools__mcea_contract_fy15_fy17_3_15_14__d1f7af4d,MCEA-Contract-FY15-FY17-3-15-14.pdf,Montgomery County Public Schools,95,Such appointments of resource teachers or resource counselors as extra-curricular sponsors shall only be renewed if the above conditions are again met.,Such appointments of resource teachers or resource counselors as extra-curricular sponsors,other,management,shall,False,passive,plain,obligation,obligation,True,1.0,other,True,
montgomery_county_public_schools__mcea_contract_fy15_fy17_3_15_14__d1f7af4d,MCEA-Contract-FY15-FY17-3-15-14.pdf,Montgomery County Public Schools,95,"High school coaches of fall sports, assistant athletic directors who are not coaching a fall activity, marching band directors, cheerleader and pompon sponsors who are scheduled to participate in preschool activities have three and one half hours per day built into the stipend for a maximum of 8 days prior to the first scheduled day of work for 10-month teachers.","High school coaches of fall sports, assistant athletic directors who are not coaching a fall activity, marching band directors, cheerleader and pompon sponsors who are scheduled to participate in preschool activities",worker,worker,,False,active,plain,other,other,True,0.0,compensation,True,
montgomery_county_public_schools__mcea_contract_fy15_fy17_3_15_14__d1f7af4d,MCEA-Contract-FY15-FY17-3-15-14.pdf,Montgomery County Public Schools,95,The sponsor will teach five classes including a class in Journalism II.,The sponsor,worker,management,will,False,active,plain,obligation,obligation,True,0.9,workload,True,
montgomery_county_public_schools__mcea_contract_fy15_fy17_3_15_14__d1f7af4d,MCEA-Contract-FY15-FY17-3-15-14.pdf,Montgomery County Public Schools,95,this practice will be permitted,this practice,other,worker,will,False,passive,permission_verb,permission,permission,True,0.9,other,True,
montgomery_county_public_schools__mcea_contract_fy15_fy17_3_15_14__d1f7af4d,MCEA-Contract-FY15-FY17-3-15-14.pdf,Montgomery County Public Schools,95,the newspaper sponsor will receive the stipend.,the newspaper sponsor,worker,worker,will,False,active,rights_active,right,right,True,0.9,compensation,True,
montgomery_county_public_schools__mcea_contract_fy15_fy17_3_15_14__d1f7af4d,MCEA-Contract-FY15-FY17-3-15-14.pdf,Montgomery County Public Schools,95,"Payment of stipend activities will be made by the Employee and Retiree Service Center, after receipt of the certified pay vouchers, on employees' regular biweekly paychecks.",Payment of stipend activities,worker,worker,will,False,passive,plain,obligation,obligation,True,0.9,compensation,True,
montgomery_county_public_schools__mcea_contract_fy15_fy17_3_15_14__d1f7af4d,MCEA-Contract-FY15-FY17-3-15-14.pdf,Montgomery County Public Schools,95,A unit member accepting a stipend-compensated activity must perform his/her responsibilities,A unit member accepting a stipend-compensated activity,worker,management,must,False,active,obligation_verb,obligation,obligation,True,1.0,compensation,True,
montgomery_county_public_schools__mcea_contract_fy15_fy17_3_15_14__d1f7af4d,MCEA-Contract-FY15-FY17-3-15-14.pdf,Montgomery County Public Schools,95,Termination of the assignment before the activity is completed will automatically forfeit the unpaid po,Termination of the assignment before the activity is completed,other,management,will,False,active,plain,obligation,obligation,True,0.9,compensation,True,Truncated at end of chunk.
montgomery_county_public_schools__mcea_contract_fy15_fy17_3_15_14__d1f7af4d,MCEA-Contract-FY15-FY17-3-15-14.pdf,Montgomery County Public Schools,96,A unit member accepting a stipend-compensated activity must perform his/her responsibilities before payment will be authorized for those hours.,A unit member accepting a stipend-compensated activity,worker,management,must,False,active,plain,obligation,obligation,True,1.0,compensation,True,
montgomery_county_public_schools__mcea_contract_fy15_fy17_3_15_14__d1f7af4d,MCEA-Contract-FY15-FY17-3-15-14.pdf,Montgomery County Public Schools,96,Termination of the assignment before the activity is completed will automatically forfeit the unpaid portion of the stipend.,Termination of the assignment before the activity is completed,other,management,will,False,active,plain,obligation,obligation,True,0.9,compensation,True,Inanimate subject
montgomery_county_public_schools__mcea_contract_fy15_fy17_3_15_14__d1f7af4d,MCEA-Contract-FY15-FY17-3-15-14.pdf,Montgomery County Public Schools,96,Principals are responsible for prompt notification to the Office of School Performance of any unit member terminating his/her stipend activity.,Principals,management,management,,False,active,obligation_verb,obligation,obligation,True,0.85,other,True,
montgomery_county_public_schools__mcea_contract_fy15_fy17_3_15_14__d1f7af4d,MCEA-Contract-FY15-FY17-3-15-14.pdf,Montgomery County Public Schools,96,"Athletic coaches shall be paid at a flat rate of $50 per round advanced , up to $100 per week for practices, preparation, and contests when the season is extended as a result of the team being involved in post-season county competition or the MPSSAA regional and/or state competition.",Athletic coaches,management,worker,shall,False,passive,rights_passive,right,right,True,1.0,compensation,True,
montgomery_county_public_schools__mcea_contract_fy15_fy17_3_15_14__d1f7af4d,MCEA-Contract-FY15-FY17-3-15-14.pdf,Montgomery County Public Schools,99,"To meet school system program needs, consideration will be given to those unit members who apply and are found by the Board to qualify for those jobs that are available in the summer school program under the following procedures and criteria.",consideration,management,worker,will,False,passive,rights_passive,right,obligation,False,0.9,other,True,
montgomery_county_public_schools__mcea_contract_fy15_fy17_3_15_14__d1f7af4d,MCEA-Contract-FY15-FY17-3-15-14.pdf,Montgomery County Public Schools,99,Unit members will be notified concerning the status of their application for summer school employment as early as possible with a view toward facilitating personal plans of unit members.,Unit members,management,worker,will,False,passive,rights_passive,right,obligation,False,0.9,other,True,
montgomery_county_public_schools__mcea_contract_fy15_fy17_3_15_14__d1f7af4d,MCEA-Contract-FY15-FY17-3-15-14.pdf,Montgomery County Public Schools,99,Planning time shall be provided during the unit member's duty day.,Planning time,management,worker,shall,False,passive,rights_passive,right,obligation,False,1.0,workload,True,
montgomery_county_public_schools__mcea_contract_fy15_fy17_3_15_14__d1f7af4d,MCEA-Contract-FY15-FY17-3-15-14.pdf,Montgomery County Public Schools,99,All required materials of instruction and equipment shall be available at the summer school assignment.,All required materials of instruction and equipment,management,worker,shall,False,active,plain,obligation,obligation,True,1.0,safety_and_working_conditions,True,
montgomery_county_public_schools__mcea_contract_fy15_fy17_3_15_14__d1f7af4d,MCEA-Contract-FY15-FY17-3-15-14.pdf,Montgomery County Public Schools,100,"Unit members assigned to work during summer school shall be paid their hourly (annual salary divided by 1560, the number of hours paid in a 195 day school year).",Unit members assigned to work during summer school,management,worker,shall,False,passive,rights_passive,right,obligation,False,1.0,compensation,True,
montgomery_county_public_schools__mcea_contract_fy15_fy17_3_15_14__d1f7af4d,MCEA-Contract-FY15-FY17-3-15-14.pdf,Montgomery County Public Schools,100,"Unit members performing summer assessments of students shall be paid at their hourly rate (annual salary divided by 1560, the number of hours paid in a 195 day school year).",Unit members performing summer assessments of students,management,worker,shall,False,passive,rights_passive,right,obligation,False,1.0,compensation,True,
montgomery_county_public_schools__mcea_contract_fy15_fy17_3_15_14__d1f7af4d,MCEA-Contract-FY15-FY17-3-15-14.pdf,Montgomery County Public Schools,100,Unit members working as teacher trainers during the summer shall be paid at their hourly rate.,Unit members working as teacher trainers during the summer,management,worker,shall,False,passive,rights_passive,right,obligation,False,1.0,compensation,True,
montgomery_county_public_schools__mcea_contract_fy15_fy17_3_15_14__d1f7af4d,MCEA-Contract-FY15-FY17-3-15-14.pdf,Montgomery County Public Schools,100,Ten-month unit members employed during the summer shall be eligible to use all and any accrued sick leave on any duty day when illness or disability prevents their reporting to their assignment.,Ten-month unit members employed during the summer,worker,worker,shall,False,active,rights_active,right,right,True,1.0,leave,True,
montgomery_county_public_schools__mcea_contract_fy15_fy17_3_15_14__d1f7af4d,MCEA-Contract-FY15-FY17-3-15-14.pdf,Montgomery County Public Schools,100,"Ten-month unit members employed in the summer shall be eligible for bereavement leave, for jury duty leave, and for leave to conduct MCEA business in accordance with the procedures developed by the superintendent as outlined in Article 3.",Ten-month unit members employed in the summer,worker,worker,shall,False,active,rights_active,right,right,True,1.0,leave,True,
montgomery_county_public_schools__mcea_contract_fy15_fy17_3_15_14__d1f7af4d,MCEA-Contract-FY15-FY17-3-15-14.pdf,Montgomery County Public Schools,100,MCPS may offer two- or three-year summer employment contracts to unit members.,MCPS,management,management,may,False,active,permission_verb,permission,permission,True,0.3,other,True,
montgomery_county_public_schools__mcea_contract_fy15_fy17_3_15_14__d1f7af4d,MCEA-Contract-FY15-FY17-3-15-14.pdf,Montgomery County Public Schools,100,Unit members who sign multiple year contracts but find themselves unable to meet the multi-year commitment must rescind by February 1.,Unit members who sign multiple year contracts but find themselves unable to meet the multi-year commitment,worker,management,must,False,active,obligation_verb,obligation,obligation,True,1.0,other,True,
montgomery_county_public_schools__mcea_contract_fy15_fy17_3_15_14__d1f7af4d,MCEA-Contract-FY15-FY17-3-15-14.pdf,Montgomery County Public Schools,100,"Unit members will continue to be hired on an annual basis as well, to respond to actual enrollments and specific program needs.",Unit members,management,management,will,False,passive,rights_passive,right,obligation,False,0.9,other,True,
montgomery_county_public_schools__mcea_contract_fy15_fy17_3_15_14__d1f7af4d,MCEA-Contract-FY15-FY17-3-15-14.pdf,Montgomery County Public Schools,100,"Media specialists shall be employed for two days during the summer when the school is preparing for technology modernization, in addition to the work year identified in Article 16, Section H.",Media specialists,management,worker,shall,False,passive,rights_passive,right,obligation,False,1.0,compensation,True,
montgomery_county_public_schools__mcea_contract_fy15_fy17_3_15_14__d1f7af4d,MCEA-Contract-FY15-FY17-3-15-14.pdf,Montgomery County Public Schools,100,Unit members will be notified concerning the status of their application for such employment as early as possible with a view toward facilitating pe,Unit members,management,worker,will,False,passive,rights_passive,right,obligation,False,0.9,other,True,Truncated at end of source chunk
montgomery_county_public_schools__mcea_contract_fy15_fy17_3_15_14__d1f7af4d,MCEA-Contract-FY15-FY17-3-15-14.pdf,Montgomery County Public Schools,101,Unit members will be notified concerning the status of their application for such employment as early as possible with a view toward facilitating personal plans of unit members.,Unit members,management,worker,will,False,passive,rights_passive,right,obligation,False,0.9,other,True,
montgomery_county_public_schools__mcea_contract_fy15_fy17_3_15_14__d1f7af4d,MCEA-Contract-FY15-FY17-3-15-14.pdf,Montgomery County Public Schools,101,"All Summer In-Service and Curriculum Development Centers shall have clean, appropriately equipped work areas, facilities, and rest rooms.",All Summer In-Service and Curriculum Development Centers,other,worker,shall,False,active,plain,obligation,obligation,True,1.0,safety_and_working_conditions,True,
montgomery_county_public_schools__mcea_contract_fy15_fy17_3_15_14__d1f7af4d,MCEA-Contract-FY15-FY17-3-15-14.pdf,Montgomery County Public Schools,101,"Unit members assigned to work during the summer on curriculum development, in-service, or other school system projects shall be paid based upon an hourly rate of pay of $25.00 per hour for such work.","Unit members assigned to work during the summer on curriculum development, in-service, or other school system projects",management,worker,shall,False,passive,rights_passive,right,obligation,False,1.0,compensation,True,
montgomery_county_public_schools__mcea_contract_fy15_fy17_3_15_14__d1f7af4d,MCEA-Contract-FY15-FY17-3-15-14.pdf,Montgomery County Public Schools,101,"Fixed stipends, in lieu of hourly pay, may be provided for certain project work and summer workshops.","Fixed stipends, in lieu of hourly pay",management,management,may,False,passive,rights_passive,right,permission,False,0.3,compensation,True,
montgomery_county_public_schools__mcea_contract_fy15_fy17_3_15_14__d1f7af4d,MCEA-Contract-FY15-FY17-3-15-14.pdf,Montgomery County Public Schools,101,"Unit members selected for evening high school, High School Plus, and Saturday school credit program assignments shall be paid at their hourly rate (annual salary divided by 1560, the number of hours paid in a 195 day school year).","Unit members selected for evening high school, High School Plus, and Saturday school credit program assignments",management,worker,shall,False,passive,rights_passive,right,obligation,False,1.0,compensation,True,
montgomery_county_public_schools__mcea_contract_fy15_fy17_3_15_14__d1f7af4d,MCEA-Contract-FY15-FY17-3-15-14.pdf,Montgomery County Public Schools,101,Preparation time currently being received for the evening high school and Saturday school credit program shall continue.,Preparation time currently being received for the evening high school and Saturday school credit program,other,worker,shall,False,active,plain,obligation,obligation,True,1.0,workload,True,
montgomery_county_public_schools__mcea_contract_fy15_fy17_3_15_14__d1f7af4d,MCEA-Contract-FY15-FY17-3-15-14.pdf,Montgomery County Public Schools,101,Positions in the evening high school credit program will be filled by the administration first from applicants who are regularly appointed teachers in MCPS.,Positions in the evening high school credit program,management,worker,will,False,passive,plain,obligation,obligation,True,0.9,other,True,
montgomery_county_public_schools__mcea_contract_fy15_fy17_3_15_14__d1f7af4d,MCEA-Contract-FY15-FY17-3-15-14.pdf,Montgomery County Public Schools,101,Tenured teachers shall have preference over non-tenured teachers,Tenured teachers,worker,worker,shall,False,active,rights_active,right,right,True,1.0,seniority,True,
montgomery_county_public_schools__mcea_contract_fy15_fy17_3_15_14__d1f7af4d,MCEA-Contract-FY15-FY17-3-15-14.pdf,Montgomery County Public Schools,101,non-tenured teachers shall have preference over outside applicants.,non-tenured teachers,worker,worker,shall,False,active,rights_active,right,right,True,1.0,seniority,True,
montgomery_county_public_schools__mcea_contract_fy15_fy17_3_15_14__d1f7af4d,MCEA-Contract-FY15-FY17-3-15-14.pdf,Montgomery County Public Schools,101,Unit members who are ill may use their accrued sick leave and charge 2.1 hours for a one-session position and 4.2 hours for a two-session position.,Unit members who are ill,worker,worker,may,False,active,rights_active,right,permission,False,0.3,leave,True,
montgomery_county_public_schools__mcea_contract_fy15_fy17_3_15_14__d1f7af4d,MCEA-Contract-FY15-FY17-3-15-14.pdf,Montgomery County Public Schools,102,Unit members will be paid based upon their regular per diem rate (annual salary divided by 195 regular duty days) for Tier One training taken outside of regular duty hours.,Unit members,management,worker,will,False,passive,rights_passive,right,obligation,False,0.9,compensation,True,
montgomery_county_public_schools__mcea_contract_fy15_fy17_3_15_14__d1f7af4d,MCEA-Contract-FY15-FY17-3-15-14.pdf,Montgomery County Public Schools,102,Tier Two training taken outside of regular duty hours will be paid at the rate of twenty dollars ($20) per hour.,Tier Two training taken outside of regular duty hours,management,worker,will,False,passive,rights_passive,right,obligation,False,0.9,compensation,True,
montgomery_county_public_schools__mcea_contract_fy15_fy17_3_15_14__d1f7af4d,MCEA-Contract-FY15-FY17-3-15-14.pdf,Montgomery County Public Schools,102,Tier Three and Tier Four training will not be eligible for compensation.,Tier Three and Tier Four training,other,management,will,True,active,plain,prohibition,prohibition,True,0.9,compensation,True,
montgomery_county_public_schools__mcea_contract_fy15_fy17_3_15_14__d1f7af4d,MCEA-Contract-FY15-FY17-3-15-14.pdf,Montgomery County Public Schools,102,Unit members will be notified no later than March 1st of any Tier One summer training if it is to be required.,Unit members,management,worker,will,False,passive,rights_passive,right,obligation,False,0.9,professional_development,True,
montgomery_county_public_schools__mcea_contract_fy15_fy17_3_15_14__d1f7af4d,MCEA-Contract-FY15-FY17-3-15-14.pdf,Montgomery County Public Schools,102,Unit members will be provided with options to take such training at alternate times.,Unit members,management,worker,will,False,passive,rights_passive,right,obligation,False,0.9,professional_development,True,
montgomery_county_public_schools__mcea_contract_fy15_fy17_3_15_14__d1f7af4d,MCEA-Contract-FY15-FY17-3-15-14.pdf,Montgomery County Public Schools,102,"Unit members who, in order to fulfill their job responsibilities are required to use their own vehicles to complete those assigned job responsibilities will receive the standard Internal Revenue Service rate per mile for all travel on MCPS business using their private automobile subject to the conditions in the following paragraphs.","Unit members who, in order to fulfill their job responsibilities are required to use their own vehicles to complete those assigned job responsibilities",worker,worker,will,False,active,rights_active,right,obligation,False,0.9,compensation,True,
montgomery_county_public_schools__mcea_contract_fy15_fy17_3_15_14__d1f7af4d,MCEA-Contract-FY15-FY17-3-15-14.pdf,Montgomery County Public Schools,102,Employees will not be reimbursed for commuting mileage between their home and the first of one or more of their regular work locations.,Employees,management,management,will,True,passive,rights_passive,other,prohibition,False,0.0,compensation,True,
montgomery_county_public_schools__mcea_contract_fy15_fy17_3_15_14__d1f7af4d,MCEA-Contract-FY15-FY17-3-15-14.pdf,Montgomery County Public Schools,103,"An employee who has to travel on MCPS business to a non MCPS site from home may report that mileage, and the return trip for reimbursement.",An employee who has to travel on MCPS business to a non MCPS site from home,worker,worker,may,False,active,plain,permission,permission,True,0.3,compensation,True,
montgomery_county_public_schools__mcea_contract_fy15_fy17_3_15_14__d1f7af4d,MCEA-Contract-FY15-FY17-3-15-14.pdf,Montgomery County Public Schools,103,No personal travel may be submitted for reimbursement.,No personal travel,worker,management,may,True,passive,plain,prohibition,prohibition,True,0.3,compensation,True,
montgomery_county_public_schools__mcea_contract_fy15_fy17_3_15_14__d1f7af4d,MCEA-Contract-FY15-FY17-3-15-14.pdf,Montgomery County Public Schools,103,Unit members are reimbursed for mileage that is required as part of their regularly assigned function/position.,Unit members,management,worker,,False,passive,rights_passive,right,obligation,False,0.85,compensation,True,
montgomery_county_public_schools__mcea_contract_fy15_fy17_3_15_14__d1f7af4d,MCEA-Contract-FY15-FY17-3-15-14.pdf,Montgomery County Public Schools,103,"Employees who receive stipend payments, overtime, or other additional pay for additional work do not receive reimbursement for miles traveled in their personal vehicles for this work.","Employees who receive stipend payments, overtime, or other additional pay for additional work",worker,management,,True,active,rights_active,other,prohibition,False,0.0,compensation,True,
montgomery_county_public_schools__mcea_contract_fy15_fy17_3_15_14__d1f7af4d,MCEA-Contract-FY15-FY17-3-15-14.pdf,Montgomery County Public Schools,103,Approved use of a personal vehicle for transportation on a field trip or for out of district outdoor education will be reimbursed.,Approved use of a personal vehicle for transportation on a field trip or for out of district outdoor education,management,worker,will,False,passive,rights_passive,right,obligation,False,0.9,compensation,True,
montgomery_county_public_schools__mcea_contract_fy15_fy17_3_15_14__d1f7af4d,MCEA-Contract-FY15-FY17-3-15-14.pdf,Montgomery County Public Schools,103,Travel mileage is reimbursed for up to the shortest non-tolled route between sites.,Travel mileage,management,management,,False,passive,rights_passive,right,obligation,False,0.85,compensation,True,
montgomery_county_public_schools__mcea_contract_fy15_fy17_3_15_14__d1f7af4d,MCEA-Contract-FY15-FY17-3-15-14.pdf,Montgomery County Public Schools,103,Employees may travel other routes for reasons such as speed of travel,Employees,worker,worker,may,False,active,plain,permission,permission,True,0.3,compensation,True,
montgomery_county_public_schools__mcea_contract_fy15_fy17_3_15_14__d1f7af4d,MCEA-Contract-FY15-FY17-3-15-14.pdf,Montgomery County Public Schools,103,but may only claim reimbursement for the miles in the shortest non-tolled route as shown on MCPS mileage charts.,Employees,worker,management,may,False,active,plain,permission,prohibition,False,0.3,compensation,True,
montgomery_county_public_schools__mcea_contract_fy15_fy17_3_15_14__d1f7af4d,MCEA-Contract-FY15-FY17-3-15-14.pdf,Montgomery County Public Schools,103,The employee claiming reimbursement must submit a reimbursement request to their supervisor within 10 business days after the end of the month during which the travel occurred.,The employee claiming reimbursement,worker,management,must,False,active,plain,obligation,obligation,True,1.0,compensation,True,
montgomery_county_public_schools__mcea_contract_fy15_fy17_3_15_14__d1f7af4d,MCEA-Contract-FY15-FY17-3-15-14.pdf,Montgomery County Public Schools,103,Unit members will not be required to drive pupils to activities which take place away from the school building.,Unit members,management,worker,will,True,passive,obligation_verb,right,prohibition,False,0.9,workload,True,
montgomery_county_public_schools__mcea_contract_fy15_fy17_3_15_14__d1f7af4d,MCEA-Contract-FY15-FY17-3-15-14.pdf,Montgomery County Public Schools,103,Unit members may do so voluntarily with the advance approval of their principal or immediate supervisor,Unit members,worker,worker,may,False,active,plain,permission,permission,True,0.3,workload,True,
montgomery_county_public_schools__mcea_contract_fy15_fy17_3_15_14__d1f7af4d,MCEA-Contract-FY15-FY17-3-15-14.pdf,Montgomery County Public Schools,103,and will be reimbursed for driving such miles at the rate provided in paragraph A above.,Unit members,management,worker,will,False,passive,rights_passive,right,obligation,False,0.9,compensation,True,
montgomery_county_public_schools__mcea_contract_fy15_fy17_3_15_14__d1f7af4d,MCEA-Contract-FY15-FY17-3-15-14.pdf,Montgomery County Public Schools,103,In no case shall mileage be paid for travel for extracurricular activities or work beyond the regularly assigned function for which the unit member has been employed.,mileage,management,management,shall,True,passive,rights_passive,other,prohibition,False,0.0,compensation,True,
montgomery_county_public_schools__mcea_contract_fy15_fy17_3_15_14__d1f7af4d,MCEA-Contract-FY15-FY17-3-15-14.pdf,Montgomery County Public Schools,103,"Unit members who are required as a condition of employment in a given position to use their private automobiles and who, because of this required employment use pay a higher insurance premium, shall be reimbursed for the amount of the additional premium.","Unit members who are required as a condition of employment in a given position to use their private automobiles and who, because of this required employment use pay a higher insurance premium,",management,worker,shall,False,passive,rights_passive,right,obligation,False,1.0,compensation,True,
montgomery_county_public_schools__mcea_contract_fy15_fy17_3_15_14__d1f7af4d,MCEA-Contract-FY15-FY17-3-15-14.pdf,Montgomery County Public Schools,104,The unit member seeking reimbursement will be expected to submit satisfactory evidence to support such claim.,The unit member seeking reimbursement,worker,management,will,False,passive,plain,obligation,obligation,True,0.9,compensation,True,
montgomery_county_public_schools__mcea_contract_fy15_fy17_3_15_14__d1f7af4d,MCEA-Contract-FY15-FY17-3-15-14.pdf,Montgomery County Public Schools,104,"The current health insurance plans contained in the “Employee Benefit Summary” and “Evidence of Coverage” documents as amended by agreement of the parties, shall be incorporated as part of this Agreement.",The current health insurance plans,management,worker,shall,False,passive,plain,obligation,obligation,True,1.0,benefits,True,
montgomery_county_public_schools__mcea_contract_fy15_fy17_3_15_14__d1f7af4d,MCEA-Contract-FY15-FY17-3-15-14.pdf,Montgomery County Public Schools,104,"The Plans shall be maintained for the life of this Agreement,",The Plans,management,worker,shall,False,passive,plain,obligation,obligation,True,1.0,benefits,True,
montgomery_county_public_schools__mcea_contract_fy15_fy17_3_15_14__d1f7af4d,MCEA-Contract-FY15-FY17-3-15-14.pdf,Montgomery County Public Schools,104,and shall not be changed except as may be recommended to the parties by the joint MCEA-MCPS Employee Benefits Committee as provided in this Article.,(omitted: The Plans),worker,worker,shall,True,passive,plain,prohibition,prohibition,True,1.0,benefits,True,
montgomery_county_public_schools__mcea_contract_fy15_fy17_3_15_14__d1f7af4d,MCEA-Contract-FY15-FY17-3-15-14.pdf,Montgomery County Public Schools,104,The revised booklets shall be made available electronically to all employees during the open enrollment period.,The revised booklets,management,worker,shall,False,passive,plain,obligation,obligation,True,1.0,benefits,True,
montgomery_county_public_schools__mcea_contract_fy15_fy17_3_15_14__d1f7af4d,MCEA-Contract-FY15-FY17-3-15-14.pdf,Montgomery County Public Schools,104,The Benefit Plan shall include the following options:,The Benefit Plan,management,worker,shall,False,active,plain,obligation,obligation,True,1.0,benefits,True,
montgomery_county_public_schools__mcea_contract_fy15_fy17_3_15_14__d1f7af4d,MCEA-Contract-FY15-FY17-3-15-14.pdf,Montgomery County Public Schools,104,The Board agrees to pay the dominant share of premiums in accord with the schedule and provisions below.,The Board,management,worker,,False,active,plain,other,obligation,False,0.0,benefits,True,
montgomery_county_public_schools__mcea_contract_fy15_fy17_3_15_14__d1f7af4d,MCEA-Contract-FY15-FY17-3-15-14.pdf,Montgomery County Public Schools,104,Implementation of the changes effective 1/1/2016 shall be dependent upon implementation of the wellness incentives below.,Implementation of the changes effective 1/1/2016,other,management,shall,False,passive,plain,obligation,obligation,True,1.0,benefits,True,
montgomery_county_public_schools__mcea_contract_fy15_fy17_3_15_14__d1f7af4d,MCEA-Contract-FY15-FY17-3-15-14.pdf,Montgomery County Public Schools,104,"Effective 1/1/16, MCPS will pick up an additional 1% of the premium for employees who complete an online Health Risk Assessment by the established deadline.",MCPS,management,worker,will,False,active,plain,obligation,obligation,True,0.9,benefits,True,
montgomery_county_public_schools__mcea_contract_fy15_fy17_3_15_14__d1f7af4d,MCEA-Contract-FY15-FY17-3-15-14.pdf,Montgomery County Public Schools,106,"The existing dental, vision, drug, and life insurance plans shall continue to be provided, except as modified herein.","The existing dental, vision, drug, and life insurance plans",management,worker,shall,False,passive,rights_passive,right,obligation,False,1.0,benefits,True,
montgomery_county_public_schools__mcea_contract_fy15_fy17_3_15_14__d1f7af4d,MCEA-Contract-FY15-FY17-3-15-14.pdf,Montgomery County Public Schools,106,"Unit members will be able to select each plan independently, regardless of other plan selections.",Unit members,worker,worker,will,False,active,plain,obligation,permission,False,0.9,benefits,True,
montgomery_county_public_schools__mcea_contract_fy15_fy17_3_15_14__d1f7af4d,MCEA-Contract-FY15-FY17-3-15-14.pdf,Montgomery County Public Schools,106,The premium cost sharing formula shall be in accord with the schedule and provisions above.,The premium cost sharing formula,other,worker,shall,False,active,plain,obligation,obligation,True,1.0,benefits,True,
montgomery_county_public_schools__mcea_contract_fy15_fy17_3_15_14__d1f7af4d,MCEA-Contract-FY15-FY17-3-15-14.pdf,Montgomery County Public Schools,106,MCPS will contract with both a Dental Preferred Provider Organization (DPPO) and a Dental Maintenance Organization Provider (DMO) to provide dental benefits to MCPS employees.,MCPS,management,worker,will,False,active,plain,obligation,obligation,True,0.9,benefits,True,
montgomery_county_public_schools__mcea_contract_fy15_fy17_3_15_14__d1f7af4d,MCEA-Contract-FY15-FY17-3-15-14.pdf,Montgomery County Public Schools,106,Unit members may elect annually to participate in either the DPPO or the DMO Plan.,Unit members,worker,worker,may,False,active,plain,permission,permission,True,0.3,benefits,True,
montgomery_county_public_schools__mcea_contract_fy15_fy17_3_15_14__d1f7af4d,MCEA-Contract-FY15-FY17-3-15-14.pdf,Montgomery County Public Schools,106,The DPPO will provide both in-network and out-of-network dental benefits.,The DPPO,other,worker,will,False,active,plain,obligation,obligation,True,0.9,benefits,True,
montgomery_county_public_schools__mcea_contract_fy15_fy17_3_15_14__d1f7af4d,MCEA-Contract-FY15-FY17-3-15-14.pdf,Montgomery County Public Schools,106,"MCPS will implement a managed prescription drug plan which combines utilization review, physician profiling and case management techniques.",MCPS,management,worker,will,False,active,plain,obligation,obligation,True,0.9,benefits,True,
montgomery_county_public_schools__mcea_contract_fy15_fy17_3_15_14__d1f7af4d,MCEA-Contract-FY15-FY17-3-15-14.pdf,Montgomery County Public Schools,106,The plan will protect a physician's ability to make a final medical determination of the appropriate medication.,The plan,other,worker,will,False,active,plain,obligation,obligation,True,0.9,benefits,True,
montgomery_county_public_schools__mcea_contract_fy15_fy17_3_15_14__d1f7af4d,MCEA-Contract-FY15-FY17-3-15-14.pdf,Montgomery County Public Schools,106,The plan’s co-payment structure is designed to encourage participants to purchase prescription drugs at the most affordable price.,The plan’s co-payment structure,other,worker,,False,active,plain,other,other,True,0.0,benefits,True,
montgomery_county_public_schools__mcea_contract_fy15_fy17_3_15_14__d1f7af4d,MCEA-Contract-FY15-FY17-3-15-14.pdf,Montgomery County Public Schools,107,Prescriptions for non-formulary brand name drugs with a generic equivalent will automatically be filled with a generic,Prescriptions for non-formulary brand name drugs with a generic equivalent,management,worker,will,False,passive,plain,obligation,obligation,True,0.9,benefits,True,
montgomery_county_public_schools__mcea_contract_fy15_fy17_3_15_14__d1f7af4d,MCEA-Contract-FY15-FY17-3-15-14.pdf,Montgomery County Public Schools,107,the participant will be charged the lower generic class co-pay,the participant,management,worker,will,False,passive,plain,obligation,obligation,True,0.9,benefits,True,
montgomery_county_public_schools__mcea_contract_fy15_fy17_3_15_14__d1f7af4d,MCEA-Contract-FY15-FY17-3-15-14.pdf,Montgomery County Public Schools,107,such drugs will be dispensed,such drugs,management,worker,will,False,passive,plain,obligation,obligation,True,0.9,benefits,True,
montgomery_county_public_schools__mcea_contract_fy15_fy17_3_15_14__d1f7af4d,MCEA-Contract-FY15-FY17-3-15-14.pdf,Montgomery County Public Schools,107,the co-pay shall include the added difference in cost for the name brand drug over the generic drug,the co-pay,other,worker,shall,False,active,plain,obligation,obligation,True,1.0,benefits,True,
montgomery_county_public_schools__mcea_contract_fy15_fy17_3_15_14__d1f7af4d,MCEA-Contract-FY15-FY17-3-15-14.pdf,Montgomery County Public Schools,107,Two initial 30-day prescriptions for maintenance drugs may be filled at a retail pharmacy.,Two initial 30-day prescriptions for maintenance drugs,management,worker,may,False,passive,plain,permission,permission,True,0.3,benefits,True,
montgomery_county_public_schools__mcea_contract_fy15_fy17_3_15_14__d1f7af4d,MCEA-Contract-FY15-FY17-3-15-14.pdf,Montgomery County Public Schools,107,"Following that, maintenance drugs must be filled through the mail-order pharmacy program.",maintenance drugs,management,management,must,False,passive,obligation_verb,obligation,obligation,True,1.0,benefits,True,
montgomery_county_public_schools__mcea_contract_fy15_fy17_3_15_14__d1f7af4d,MCEA-Contract-FY15-FY17-3-15-14.pdf,Montgomery County Public Schools,108,the plan shall only pay as much as it would have if the drug had been purchased mail-order,the plan,other,management,shall,False,active,plain,obligation,obligation,True,1.0,benefits,True,
montgomery_county_public_schools__mcea_contract_fy15_fy17_3_15_14__d1f7af4d,MCEA-Contract-FY15-FY17-3-15-14.pdf,Montgomery County Public Schools,108,the participant shall pay the difference.,the participant,worker,management,shall,False,active,plain,obligation,obligation,True,1.0,benefits,True,
montgomery_county_public_schools__mcea_contract_fy15_fy17_3_15_14__d1f7af4d,MCEA-Contract-FY15-FY17-3-15-14.pdf,Montgomery County Public Schools,108,Participants may choose to continue purchasing their maintenance drugs in 30-day prescriptions at a retail pharmacy beyond the first two months.,Participants,worker,worker,may,False,active,plain,permission,permission,True,0.3,benefits,True,
montgomery_county_public_schools__mcea_contract_fy15_fy17_3_15_14__d1f7af4d,MCEA-Contract-FY15-FY17-3-15-14.pdf,Montgomery County Public Schools,108,the co-pay shall be the mail order co-pay for a 30-day supply plus the added difference in cost for the retail maintenance drug over the plan’s cost for purchase of a 30-day supply of the maintenance drug through the mail-order pharmacy.,the co-pay,other,worker,shall,False,active,plain,obligation,obligation,True,1.0,benefits,True,
montgomery_county_public_schools__mcea_contract_fy15_fy17_3_15_14__d1f7af4d,MCEA-Contract-FY15-FY17-3-15-14.pdf,Montgomery County Public Schools,108,"Certain newly-patented, high-cost, bio-engineered drugs are to be bought in the most cost-effective way.","Certain newly-patented, high-cost, bio-engineered drugs",other,management,,False,passive,plain,other,other,True,0.0,benefits,True,Modal null due to 'are to be' construction
montgomery_county_public_schools__mcea_contract_fy15_fy17_3_15_14__d1f7af4d,MCEA-Contract-FY15-FY17-3-15-14.pdf,Montgomery County Public Schools,108,The plan design shall include a specialty mail-order pharmacy for biotech drugs.,The plan design,other,worker,shall,False,active,plain,obligation,obligation,True,1.0,benefits,True,
montgomery_county_public_schools__mcea_contract_fy15_fy17_3_15_14__d1f7af4d,MCEA-Contract-FY15-FY17-3-15-14.pdf,Montgomery County Public Schools,108,The Joint Employee Benefits Committee will have responsibility for continuing to seek out ways to purchase biotech drugs at the lowest possible cost.,The Joint Employee Benefits Committee,management,management,will,False,active,plain,obligation,obligation,True,0.9,benefits,True,
montgomery_county_public_schools__mcea_contract_fy15_fy17_3_15_14__d1f7af4d,MCEA-Contract-FY15-FY17-3-15-14.pdf,Montgomery County Public Schools,108,Caremark will be the exclusive provider of designated specialty drugs for Caremark plan participants.,Caremark,other,management,will,False,active,plain,obligation,obligation,True,0.9,benefits,True,
montgomery_county_public_schools__mcea_contract_fy15_fy17_3_15_14__d1f7af4d,MCEA-Contract-FY15-FY17-3-15-14.pdf,Montgomery County Public Schools,108,the co-pay on brand name drugs filled through the mail order program will be the applicable brand name drug co-pay: either formulary or non-formulary no-generic.,the co-pay on brand name drugs filled through the mail order program,other,worker,will,False,active,plain,obligation,obligation,True,0.9,benefits,True,
montgomery_county_public_schools__mcea_contract_fy15_fy17_3_15_14__d1f7af4d,MCEA-Contract-FY15-FY17-3-15-14.pdf,Montgomery County Public Schools,108,“Targeted Generic Step Therapy” will be implemented in the Caremark prescription plan to promote greater use of generic drugs in the case of certain drugs for identified medical conditions,“Targeted Generic Step Therapy”,other,management,will,False,passive,plain,obligation,obligation,True,0.9,benefits,True,
montgomery_county_public_schools__mcea_contract_fy15_fy17_3_15_14__d1f7af4d,MCEA-Contract-FY15-FY17-3-15-14.pdf,Montgomery County Public Schools,109,"Network pricing at pharmacies participating in the network, and through the mail order pharmacy, shall be made available to plan participants to purchase medical supplies not covered by the plan but negotiated through the network.","Network pricing at pharmacies participating in the network, and through the mail order pharmacy",other,worker,shall,False,passive,rights_passive,right,right,True,1.0,benefits,True,
montgomery_county_public_schools__mcea_contract_fy15_fy17_3_15_14__d1f7af4d,MCEA-Contract-FY15-FY17-3-15-14.pdf,Montgomery County Public Schools,109,The co-pay for such supplies shall be 100 percent of the network discounted cost.,The co-pay for such supplies,other,worker,shall,False,active,plain,obligation,obligation,True,1.0,benefits,True,
montgomery_county_public_schools__mcea_contract_fy15_fy17_3_15_14__d1f7af4d,MCEA-Contract-FY15-FY17-3-15-14.pdf,Montgomery County Public Schools,109,Participants in the Kaiser HMO shall have their prescription coverage provided by Kaiser in conjunction with their medical plan.,Participants in the Kaiser HMO,worker,worker,shall,False,active,plain,obligation,obligation,True,1.0,benefits,True,
montgomery_county_public_schools__mcea_contract_fy15_fy17_3_15_14__d1f7af4d,MCEA-Contract-FY15-FY17-3-15-14.pdf,Montgomery County Public Schools,109,"The co-pays shall be $10 for all prescriptions at Kaiser pharmacies (including mail-order) and $15 at other participating pharmacies (including Giant, Safeway, and CVS).",The co-pays,other,worker,shall,False,active,plain,obligation,obligation,True,1.0,benefits,True,
montgomery_county_public_schools__mcea_contract_fy15_fy17_3_15_14__d1f7af4d,MCEA-Contract-FY15-FY17-3-15-14.pdf,Montgomery County Public Schools,109,"Effective 1/1/16, plan participants diagnosed with diabetes, who participate in one of the plans’ Diabetes Disease Management programs will have their co-payments waived on diabetes medications and test strips.","plan participants diagnosed with diabetes, who participate in one of the plans’ Diabetes Disease Management programs",worker,worker,will,False,active,plain,obligation,obligation,True,0.9,benefits,True,
montgomery_county_public_schools__mcea_contract_fy15_fy17_3_15_14__d1f7af4d,MCEA-Contract-FY15-FY17-3-15-14.pdf,Montgomery County Public Schools,109,"The Board will provide eligible unit members with the opportunity to purchase additional term life insurance in an amount equal to one times annual salary, during the initial benefit eligibility period.",The Board,management,worker,will,False,active,plain,obligation,obligation,True,0.9,benefits,True,
montgomery_county_public_schools__mcea_contract_fy15_fy17_3_15_14__d1f7af4d,MCEA-Contract-FY15-FY17-3-15-14.pdf,Montgomery County Public Schools,109,An eligible unit member who does not purchase additional term life insurance when first eligible may do so during future open enrollment periods provided he or she meets insurance company underwriting requirements.,An eligible unit member who does not purchase additional term life insurance when first eligible,worker,worker,may,False,active,plain,permission,permission,True,0.3,benefits,True,
montgomery_county_public_schools__mcea_contract_fy15_fy17_3_15_14__d1f7af4d,MCEA-Contract-FY15-FY17-3-15-14.pdf,Montgomery County Public Schools,109,The unit member will pay the full cost of additional life insurance purchased under this provision.,The unit member,worker,management,will,False,active,plain,obligation,obligation,True,0.9,benefits,True,
montgomery_county_public_schools__mcea_contract_fy15_fy17_3_15_14__d1f7af4d,MCEA-Contract-FY15-FY17-3-15-14.pdf,Montgomery County Public Schools,109,The Joint Employee Benefits Committee will review Requests For Proposals and make selection recommendations associated with the benefits plans designated above to the Board of Education.,The Joint Employee Benefits Committee,other,management,will,False,active,plain,obligation,obligation,True,0.9,benefits,True,
montgomery_county_public_schools__mcea_contract_fy15_fy17_3_15_14__d1f7af4d,MCEA-Contract-FY15-FY17-3-15-14.pdf,Montgomery County Public Schools,109,"Whenever a husband and wife are both employed by MCPS and eligible to participate in the Employee Benefits Plan, each will have the option of being covered separately or being covered as a dependent on their spouse’s plans.",each,worker,worker,will,False,active,plain,obligation,obligation,True,0.9,benefits,True,
montgomery_county_public_schools__mcea_contract_fy15_fy17_3_15_14__d1f7af4d,MCEA-Contract-FY15-FY17-3-15-14.pdf,Montgomery County Public Schools,109,"No employee or dependent may be covered under two different MCPS plans for the same type of benefit (health, dental, vision, prescription).",No employee or dependent,worker,management,may,True,passive,plain,prohibition,prohibition,True,0.3,benefits,True,
montgomery_county_public_schools__mcea_contract_fy15_fy17_3_15_14__d1f7af4d,MCEA-Contract-FY15-FY17-3-15-14.pdf,Montgomery County Public Schools,110,any employee who was covered as a dependent under his/her spouse's plan will be permitted to continue in that plan as the covered employee.,any employee who was covered as a dependent under his/her spouse's plan,management,worker,will,False,passive,permission_verb,permission,permission,True,0.9,benefits,True,
montgomery_county_public_schools__mcea_contract_fy15_fy17_3_15_14__d1f7af4d,MCEA-Contract-FY15-FY17-3-15-14.pdf,Montgomery County Public Schools,110,The plans will be closed to enrollment of new domestic partners effective 7/1/14.,The plans,other,management,will,False,passive,plain,obligation,obligation,True,0.9,benefits,True,
montgomery_county_public_schools__mcea_contract_fy15_fy17_3_15_14__d1f7af4d,MCEA-Contract-FY15-FY17-3-15-14.pdf,Montgomery County Public Schools,110,Coverage will no longer be provided for domestic partners as of 1/1/15.,Coverage,other,management,will,True,passive,rights_passive,other,other,True,0.0,benefits,True,
montgomery_county_public_schools__mcea_contract_fy15_fy17_3_15_14__d1f7af4d,MCEA-Contract-FY15-FY17-3-15-14.pdf,Montgomery County Public Schools,110,Unit members will be eligible to participate in the currently available tax advantaged salary deferral plans (403b and 457) plans.,Unit members,worker,worker,will,False,active,plain,obligation,right,False,0.9,benefits,True,
montgomery_county_public_schools__mcea_contract_fy15_fy17_3_15_14__d1f7af4d,MCEA-Contract-FY15-FY17-3-15-14.pdf,Montgomery County Public Schools,110,The forms for the necessary reduction of annual salaries shall be available online and at the Employee and Retiree Service Center (ERSC).,The forms for the necessary reduction of annual salaries,other,management,shall,False,active,plain,obligation,obligation,True,1.0,compensation,True,
montgomery_county_public_schools__mcea_contract_fy15_fy17_3_15_14__d1f7af4d,MCEA-Contract-FY15-FY17-3-15-14.pdf,Montgomery County Public Schools,110,the parties agree that the plans will be put out for bid during 2015 for changes to be effective 1/1/16.,the parties,other,management,will,False,active,plain,obligation,other,False,0.9,benefits,True,
montgomery_county_public_schools__mcea_contract_fy15_fy17_3_15_14__d1f7af4d,MCEA-Contract-FY15-FY17-3-15-14.pdf,Montgomery County Public Schools,110,"The parties agree to continue to work through the advisory committee to establish an oversight structure for the defined contribution plans, to include representatives of the employee organizations as is currently done with the Retirement and Pension System Board of Investment Trustees.",The parties,other,worker,,False,active,plain,other,other,True,0.0,benefits,True,
montgomery_county_public_schools__mcea_contract_fy15_fy17_3_15_14__d1f7af4d,MCEA-Contract-FY15-FY17-3-15-14.pdf,Montgomery County Public Schools,110,The joint MCEA-MCPS committee for the purpose of reviewing periodically the employee benefit plan shall be continued,The joint MCEA-MCPS committee for the purpose of reviewing periodically the employee benefit plan,management,worker,shall,False,passive,plain,obligation,obligation,True,1.0,benefits,True,
montgomery_county_public_schools__mcea_contract_fy15_fy17_3_15_14__d1f7af4d,MCEA-Contract-FY15-FY17-3-15-14.pdf,Montgomery County Public Schools,110,shall make recommendations to the parties when warranted.,The joint MCEA-MCPS committee,other,worker,shall,False,active,plain,obligation,obligation,True,1.0,benefits,True,
montgomery_county_public_schools__mcea_contract_fy15_fy17_3_15_14__d1f7af4d,MCEA-Contract-FY15-FY17-3-15-14.pdf,Montgomery County Public Schools,110,Each party shall appoint three members of the committee.,Each party,other,worker,shall,False,active,plain,obligation,obligation,True,1.0,benefits,True,
montgomery_county_public_schools__mcea_contract_fy15_fy17_3_15_14__d1f7af4d,MCEA-Contract-FY15-FY17-3-15-14.pdf,Montgomery County Public Schools,110,The committee shall also select and monitor the performance of the health care plan administrators.,The committee,other,worker,shall,False,active,plain,obligation,obligation,True,1.0,benefits,True,
montgomery_county_public_schools__mcea_contract_fy15_fy17_3_15_14__d1f7af4d,MCEA-Contract-FY15-FY17-3-15-14.pdf,Montgomery County Public Schools,110,the committee shall utilize the bid process if required by state law or MCPS regulation to contract for outside services required to assist the committee.,the committee,other,worker,shall,False,active,plain,obligation,obligation,True,1.0,benefits,True,
montgomery_county_public_schools__mcea_contract_fy15_fy17_3_15_14__d1f7af4d,MCEA-Contract-FY15-FY17-3-15-14.pdf,Montgomery County Public Schools,110,"The BOE shall indemnify and hold MCEA, its officers, employees, and agents harmless against any and all claims arising out of the agreements set forth in this Section and will reimburse witness costs and fees, court costs, legal fees, and lost",The BOE,management,worker,shall,False,active,plain,obligation,obligation,True,1.0,other,True,truncated at end of chunk
montgomery_county_public_schools__mcea_contract_fy15_fy17_3_15_14__d1f7af4d,MCEA-Contract-FY15-FY17-3-15-14.pdf,Montgomery County Public Schools,111,"The BOE shall indemnify and hold MCEA, its officers, employees, and agents harmless against any and all claims arising out of the agreements set forth in this Section",The BOE,management,worker,shall,False,active,obligation_verb,obligation,obligation,True,1.0,other,True,
montgomery_county_public_schools__mcea_contract_fy15_fy17_3_15_14__d1f7af4d,MCEA-Contract-FY15-FY17-3-15-14.pdf,Montgomery County Public Schools,111,"and will reimburse witness costs and fees, court costs, legal fees, and lost wages incurred in defending against any such claim.",The BOE,management,worker,will,False,active,plain,obligation,obligation,True,0.9,other,True,subject implied from prior clause
montgomery_county_public_schools__mcea_contract_fy15_fy17_3_15_14__d1f7af4d,MCEA-Contract-FY15-FY17-3-15-14.pdf,Montgomery County Public Schools,111,"In recognition of the inadequacy of the Maryland State Teachers Pension, the Joint Committee is also charged with developing options for enhancing the MCPS supplemental pension plan.",the Joint Committee,other,worker,,False,passive,plain,other,other,True,0.0,benefits,True,introductory participial phrase does not negate operative duty
montgomery_county_public_schools__mcea_contract_fy15_fy17_3_15_14__d1f7af4d,MCEA-Contract-FY15-FY17-3-15-14.pdf,Montgomery County Public Schools,111,"Recognizing the shared interest in enabling plan participants to be better informed consumers of health care services, the parties agree that MCPS will use its available communication systems to maximize the availability of comparative costs for services being charged to the plan by doctors, labs, and hospitals as well as information on hospital re-admission rates and post-surgical infection rates.",the parties,other,worker,will,False,active,plain,obligation,other,False,0.9,benefits,True,main clause contains embedded that-clause describing MCPS action
montgomery_county_public_schools__mcea_contract_fy15_fy17_3_15_14__d1f7af4d,MCEA-Contract-FY15-FY17-3-15-14.pdf,Montgomery County Public Schools,111,"The Joint Employee Benefits Committee will be provided with full access, to the extent possible, to plan utilization and vendor performance, outcome and cost data, including vendor contracts, to facilitate their work towards increasing market transparency so that plan participants can be better informed consumers of health care services.",The Joint Employee Benefits Committee,management,worker,will,False,passive,rights_passive,right,right,True,0.9,benefits,True,implicit agent is management; includes conditional/limiting phrases
montgomery_county_public_schools__mcea_contract_fy15_fy17_3_15_14__d1f7af4d,MCEA-Contract-FY15-FY17-3-15-14.pdf,Montgomery County Public Schools,111,"The Board of Education shall establish and maintain a Section 125 plan, which includes medical reimbursement and dependent care assistance flexible spending accounts, and premium conversion.",The Board of Education,management,worker,shall,False,active,obligation_verb,obligation,obligation,True,1.0,benefits,True,contains non-restrictive relative clause 'which includes...'
montgomery_county_public_schools__mcea_contract_fy15_fy17_3_15_14__d1f7af4d,MCEA-Contract-FY15-FY17-3-15-14.pdf,Montgomery County Public Schools,111,The Board shall provide an annual matching payment of up to the first one hundred dollars ($100) set aside by an employee in his or her medical reimbursement flexible spending account.,The Board,management,worker,shall,False,active,plain,obligation,obligation,True,1.0,benefits,True,
montgomery_county_public_schools__mcea_contract_fy15_fy17_3_15_14__d1f7af4d,MCEA-Contract-FY15-FY17-3-15-14.pdf,Montgomery County Public Schools,111,Unit members planning to retire should contact the Employee and Retiree Services Center as early as possible.,Unit members planning to retire,worker,worker,should,False,active,plain,obligation,obligation,True,0.7,other,True,advisory/weak obligation modal 'should'
montgomery_county_public_schools__mcea_contract_fy15_fy17_3_15_14__d1f7af4d,MCEA-Contract-FY15-FY17-3-15-14.pdf,Montgomery County Public Schools,111,"As unit members individually and voluntarily authorized the Board, the Board agrees to deduct from the unit members' salaries one single payment periodically to include (1) dues for the Montgomery County Education Association, (2) dues for the Maryland State Education Association and the National Education Association, and (3) premiums for the MCEA insurance plans.",the Board,management,worker,,False,active,plain,other,obligation,False,0.0,other,True,begins with subordinate clause 'As unit members...'
montgomery_county_public_schools__mcea_contract_fy15_fy17_3_15_14__d1f7af4d,MCEA-Contract-FY15-FY17-3-15-14.pdf,Montgomery County Public Schools,112,"This authorization for MCEA, MSEA, and NEA dues and/or premiums for the MCEA insurance plans and other miscellaneous assessments will remain in effect until one or more of these deductions are added or dropped as authorized in writing by a unit member and received by MCEA on or before September 10.","This authorization for MCEA, MSEA, and NEA dues and/or premiums for the MCEA insurance plans and other miscellaneous assessments",other,worker,will,False,active,plain,obligation,other,False,0.9,other,True,
montgomery_county_public_schools__mcea_contract_fy15_fy17_3_15_14__d1f7af4d,MCEA-Contract-FY15-FY17-3-15-14.pdf,Montgomery County Public Schools,112,"The amount deducted from a unit member's salary each year will be for the total dues and/or the MCEA insurance premiums as certified by MCEA by authorization form signed by the individual signifying that such deductions shall be at the ""current rate.""",The amount deducted from a unit member's salary each year,other,worker,will,False,active,plain,obligation,obligation,True,0.9,other,True,
montgomery_county_public_schools__mcea_contract_fy15_fy17_3_15_14__d1f7af4d,MCEA-Contract-FY15-FY17-3-15-14.pdf,Montgomery County Public Schools,112,"The Board agrees to transmit the deductions promptly to the Montgomery County Education Association, including a list of names and the amount of each deduction.",The Board,management,worker,,False,active,obligation_verb,obligation,obligation,True,0.85,other,True,
montgomery_county_public_schools__mcea_contract_fy15_fy17_3_15_14__d1f7af4d,MCEA-Contract-FY15-FY17-3-15-14.pdf,Montgomery County Public Schools,112,MCEA will certify to the Board in writing the current rate of membership dues for the three associations by September 1.,MCEA,worker,worker,will,False,active,plain,obligation,obligation,True,0.9,other,True,
montgomery_county_public_schools__mcea_contract_fy15_fy17_3_15_14__d1f7af4d,MCEA-Contract-FY15-FY17-3-15-14.pdf,Montgomery County Public Schools,112,"Further, the Association agrees to certify in writing the current premiums for the insurance plans for each unit member, using payroll deductions for this purpose at the time he/she enrolls or changes his/her status.",the Association,worker,worker,,False,active,obligation_verb,obligation,obligation,True,0.85,other,True,
montgomery_county_public_schools__mcea_contract_fy15_fy17_3_15_14__d1f7af4d,MCEA-Contract-FY15-FY17-3-15-14.pdf,Montgomery County Public Schools,112,The number of deductions referred to in Section A are to be made during the school year,The number of deductions referred to in Section A,management,management,,False,passive,plain,other,obligation,False,0.0,other,True,
montgomery_county_public_schools__mcea_contract_fy15_fy17_3_15_14__d1f7af4d,MCEA-Contract-FY15-FY17-3-15-14.pdf,Montgomery County Public Schools,112,the amount of each deduction will be as mutually agreed upon by the Board and the MCEA.,the amount of each deduction,other,worker,will,False,active,plain,obligation,other,False,0.9,other,True,
montgomery_county_public_schools__mcea_contract_fy15_fy17_3_15_14__d1f7af4d,MCEA-Contract-FY15-FY17-3-15-14.pdf,Montgomery County Public Schools,112,The Board will honor any authorizations for dues deductions and MCEA insurance premiums received after the beginning date of withholding,The Board,management,worker,will,False,active,plain,obligation,obligation,True,0.9,other,True,
montgomery_county_public_schools__mcea_contract_fy15_fy17_3_15_14__d1f7af4d,MCEA-Contract-FY15-FY17-3-15-14.pdf,Montgomery County Public Schools,112,it will deduct the amount only for each remaining pay period and for the number of pay periods that have been agreed to by the Board and MCEA.,it,management,worker,will,False,active,plain,obligation,obligation,True,0.9,compensation,True,
montgomery_county_public_schools__mcea_contract_fy15_fy17_3_15_14__d1f7af4d,MCEA-Contract-FY15-FY17-3-15-14.pdf,Montgomery County Public Schools,112,Authorizations for deductions will be honored beginning with whatever pay period the records are open.,Authorizations for deductions,management,worker,will,False,passive,plain,obligation,obligation,True,0.9,compensation,True,
montgomery_county_public_schools__mcea_contract_fy15_fy17_3_15_14__d1f7af4d,MCEA-Contract-FY15-FY17-3-15-14.pdf,Montgomery County Public Schools,112,The Board will withhold taxes for unit members who live in jurisdictions other than Maryland.,The Board,management,worker,will,False,active,plain,obligation,obligation,True,0.9,compensation,True,
montgomery_county_public_schools__mcea_contract_fy15_fy17_3_15_14__d1f7af4d,MCEA-Contract-FY15-FY17-3-15-14.pdf,Montgomery County Public Schools,112,All 10-month unit members shall be offered the option to have their 10-month salary paid over 12 months.,All 10-month unit members,management,worker,shall,False,passive,rights_passive,right,right,True,1.0,compensation,True,
montgomery_county_public_schools__mcea_contract_fy15_fy17_3_15_14__d1f7af4d,MCEA-Contract-FY15-FY17-3-15-14.pdf,Montgomery County Public Schools,112,"All unit members hired after August 31, 1984, shall be required to join the Association or to pay a representation fee.","All unit members hired after August 31, 1984,",management,worker,shall,False,passive,obligation_verb,obligation,obligation,True,1.0,other,True,
montgomery_county_public_schools__mcea_contract_fy15_fy17_3_15_14__d1f7af4d,MCEA-Contract-FY15-FY17-3-15-14.pdf,Montgomery County Public Schools,112,"All unit members who are members of the MCEA as of September 10, 1984, shall continue their membership in MCEA or pay a representation fee to MCEA.","All unit members who are members of the MCEA as of September 10, 1984,",worker,worker,shall,False,active,obligation_verb,obligation,obligation,True,1.0,other,True,
montgomery_county_public_schools__mcea_contract_fy15_fy17_3_15_14__d1f7af4d,MCEA-Contract-FY15-FY17-3-15-14.pdf,Montgomery County Public Schools,112,"Prior to October 1 of each year, MCEA will notify MCPS in writing of the amount of the representation fee to be charged to unit members for that contract year.",MCEA,worker,worker,will,False,active,plain,obligation,obligation,True,0.9,other,True,
montgomery_county_public_schools__mcea_contract_fy15_fy17_3_15_14__d1f7af4d,MCEA-Contract-FY15-FY17-3-15-14.pdf,Montgomery County Public Schools,113,"Pursuant to Section 6-407 (c) (2) of the Education Article of the Annotated Code of Maryland, the representation fee ""may not exceed the annual dues of the members of the organization.""",the representation fee,other,worker,may,True,active,plain,prohibition,prohibition,True,0.3,other,True,Inanimate subject
montgomery_county_public_schools__mcea_contract_fy15_fy17_3_15_14__d1f7af4d,MCEA-Contract-FY15-FY17-3-15-14.pdf,Montgomery County Public Schools,113,and the representation fee will be determined with respect to this three-tiered structure.,the representation fee,other,worker,will,False,passive,plain,obligation,obligation,True,0.9,other,True,
montgomery_county_public_schools__mcea_contract_fy15_fy17_3_15_14__d1f7af4d,MCEA-Contract-FY15-FY17-3-15-14.pdf,Montgomery County Public Schools,113,"Prior to October 1 of each contract year, MCEA will determine the percentage of its members' dues, as defined above, that represents the cost of ""negotiations, contract administration, including grievances, and other activities"" as are required under Sections 6-407 (b) and (c) of the Education Article of the Annotated Code of Maryland.",MCEA,worker,worker,will,False,active,plain,obligation,obligation,True,0.9,other,True,
montgomery_county_public_schools__mcea_contract_fy15_fy17_3_15_14__d1f7af4d,MCEA-Contract-FY15-FY17-3-15-14.pdf,Montgomery County Public Schools,113,MCEA will base this determination on a review of financial records and other documents describing MCEA's activities,MCEA,worker,worker,will,False,active,plain,obligation,obligation,True,0.9,other,True,
montgomery_county_public_schools__mcea_contract_fy15_fy17_3_15_14__d1f7af4d,MCEA-Contract-FY15-FY17-3-15-14.pdf,Montgomery County Public Schools,113,"and will be guided by the language of the Education Article of the Annotated Code of Maryland, the United States Supreme Court decisions in Ellis v. BRAC and Abood v. Detroit Board of Education, and other relevant federal and state court decisions.",MCEA,worker,worker,will,False,passive,plain,obligation,obligation,True,0.9,other,True,Subject 'MCEA' carried over from prior clause
montgomery_county_public_schools__mcea_contract_fy15_fy17_3_15_14__d1f7af4d,MCEA-Contract-FY15-FY17-3-15-14.pdf,Montgomery County Public Schools,113,"Promptly after notifying MCPS of the amount of the representation fee, MCEA will send a written communication to each employee in the unit who is required to pay such a fee under this Agreement.",MCEA,worker,worker,will,False,active,plain,obligation,obligation,True,0.9,other,True,
montgomery_county_public_schools__mcea_contract_fy15_fy17_3_15_14__d1f7af4d,MCEA-Contract-FY15-FY17-3-15-14.pdf,Montgomery County Public Schools,114,"The mechanics for the deduction of representation fees and the transmission of such fees to MCEA will, as nearly as possible, be the same as those used for the deduction and transmission of membership dues to MCEA;",The mechanics for the deduction of representation fees and the transmission of such fees to MCEA,other,worker,will,False,active,plain,obligation,obligation,True,0.9,other,True,
montgomery_county_public_schools__mcea_contract_fy15_fy17_3_15_14__d1f7af4d,MCEA-Contract-FY15-FY17-3-15-14.pdf,Montgomery County Public Schools,114,"If an employee who is required to pay a representation fee is employed in a unit position on a part-time basis or for less than a full contract year, the representation fee for that employee for said contract year will be a pro rata portion of the annual fee, based on annual salary.",the representation fee for that employee for said contract year,other,worker,will,False,active,plain,obligation,obligation,True,0.9,other,True,
montgomery_county_public_schools__mcea_contract_fy15_fy17_3_15_14__d1f7af4d,MCEA-Contract-FY15-FY17-3-15-14.pdf,Montgomery County Public Schools,114,"If the employment of an employee who is required to pay a representation fee is terminated (voluntarily or otherwise) before MCEA has received the full amount of the representation fee to which it is entitled, said employee will be liable to MCEA for the unpaid portion of the fee.",said employee,worker,worker,will,False,active,plain,obligation,obligation,True,0.9,other,True,
montgomery_county_public_schools__mcea_contract_fy15_fy17_3_15_14__d1f7af4d,MCEA-Contract-FY15-FY17-3-15-14.pdf,Montgomery County Public Schools,114,"If an employee who is required to pay a representation fee fails to do so, MCEA may take appropriate steps—including the commencement of legal action against the employee—to collect the amount in question.",MCEA,worker,worker,may,False,active,plain,permission,permission,True,0.3,other,True,
montgomery_county_public_schools__mcea_contract_fy15_fy17_3_15_14__d1f7af4d,MCEA-Contract-FY15-FY17-3-15-14.pdf,Montgomery County Public Schools,114,MCPS will not be required to terminate a unit member's employment or take disciplinary action against a unit member for failing to pay a representation fee.,MCPS,management,worker,will,True,active,obligation_verb,right,right,True,0.9,other,True,
montgomery_county_public_schools__mcea_contract_fy15_fy17_3_15_14__d1f7af4d,MCEA-Contract-FY15-FY17-3-15-14.pdf,Montgomery County Public Schools,114,"Consistent with Section 6-407 (c) (4) of the Education Article of the Annotated Code of Maryland, the obligation to pay a representation fee will not apply to an employee whose religious beliefs are opposed to joining or financially supporting any collective bargaining organization.",the obligation to pay a representation fee,other,worker,will,True,active,plain,prohibition,prohibition,True,0.9,other,True,
montgomery_county_public_schools__mcea_contract_fy15_fy17_3_15_14__d1f7af4d,MCEA-Contract-FY15-FY17-3-15-14.pdf,Montgomery County Public Schools,115,"This Section will not apply to home and hospital teachers, or short-term substitutes as defined in the Substitute Teacher Agreement",This Section,other,worker,will,True,active,plain,prohibition,prohibition,True,0.9,other,True,
montgomery_county_public_schools__mcea_contract_fy15_fy17_3_15_14__d1f7af4d,MCEA-Contract-FY15-FY17-3-15-14.pdf,Montgomery County Public Schools,115,"but will apply to long-term substitutes, as defined in said Agreement.",This Section,other,worker,will,False,active,plain,obligation,obligation,True,0.9,other,True,
montgomery_county_public_schools__mcea_contract_fy15_fy17_3_15_14__d1f7af4d,MCEA-Contract-FY15-FY17-3-15-14.pdf,Montgomery County Public Schools,115,"Promptly after receiving the quarterly list referred to below, MCEA will bill long-term substitutes who are required to pay a representation fee for a pro-rata portion of the annual fee based on the number of days actually worked during the quarter in question.",MCEA,worker,worker,will,False,active,plain,obligation,obligation,True,0.9,other,True,
montgomery_county_public_schools__mcea_contract_fy15_fy17_3_15_14__d1f7af4d,MCEA-Contract-FY15-FY17-3-15-14.pdf,Montgomery County Public Schools,115,MCEA will send a written communication to each long-term substitute who is required to pay a representation fee informing the employee of his or her obligation.,MCEA,worker,worker,will,False,active,plain,obligation,obligation,True,0.9,other,True,
montgomery_county_public_schools__mcea_contract_fy15_fy17_3_15_14__d1f7af4d,MCEA-Contract-FY15-FY17-3-15-14.pdf,Montgomery County Public Schools,115,Within 10 days after the end of each month MCPS will submit to MCEA a list of all employees who were hired into positions during said month.,MCPS,management,worker,will,False,active,plain,obligation,obligation,True,0.9,other,True,
montgomery_county_public_schools__mcea_contract_fy15_fy17_3_15_14__d1f7af4d,MCEA-Contract-FY15-FY17-3-15-14.pdf,Montgomery County Public Schools,115,"Within 10 days after the end of each quarter, MCPS will submit to MCEA a list of all employees who were employed as long-term substitutes during said quarter.",MCPS,management,worker,will,False,active,plain,obligation,obligation,True,0.9,other,True,
montgomery_county_public_schools__mcea_contract_fy15_fy17_3_15_14__d1f7af4d,MCEA-Contract-FY15-FY17-3-15-14.pdf,Montgomery County Public Schools,115,"These lists will include the names, job titles, and dates of employment for all such employees.",These lists,other,worker,will,False,active,plain,obligation,obligation,True,0.9,other,True,
montgomery_county_public_schools__mcea_contract_fy15_fy17_3_15_14__d1f7af4d,MCEA-Contract-FY15-FY17-3-15-14.pdf,Montgomery County Public Schools,115,"MCEA shall indemnify and save the Board harmless against any and all claims, demands, suits, or any other forms of liability that shall rise out of or by reason of action taken or not taken by the Board for the purposes of complying with any of the provisions of this Article, or in reliance of any list, notice, or assignment furnished under any such provisions, including the representation fee language.",MCEA,worker,management,shall,False,active,plain,obligation,obligation,True,1.0,other,True,
montgomery_county_public_schools__mcea_contract_fy15_fy17_3_15_14__d1f7af4d,MCEA-Contract-FY15-FY17-3-15-14.pdf,Montgomery County Public Schools,115,MCEA will assume primary responsibility for the defense of any such claim.,MCEA,worker,management,will,False,active,plain,obligation,obligation,True,0.9,other,True,
montgomery_county_public_schools__mcea_contract_fy15_fy17_3_15_14__d1f7af4d,MCEA-Contract-FY15-FY17-3-15-14.pdf,Montgomery County Public Schools,115,Counsel for MCPS will be permitted to enter an appearance,Counsel for MCPS,management,management,will,False,passive,permission_verb,permission,permission,True,0.9,other,True,
montgomery_county_public_schools__mcea_contract_fy15_fy17_3_15_14__d1f7af4d,MCEA-Contract-FY15-FY17-3-15-14.pdf,Montgomery County Public Schools,115,and will be kept fully appraised of litigation developments by counsel for MCEA,Counsel for MCPS,worker,management,will,False,passive,plain,obligation,obligation,True,0.9,other,True,Explicit agent 'by counsel for MCEA' assigned to worker side
montgomery_county_public_schools__mcea_contract_fy15_fy17_3_15_14__d1f7af4d,MCEA-Contract-FY15-FY17-3-15-14.pdf,Montgomery County Public Schools,115,but MCEA will not be responsible for any legal fees MCPS may incur in this regard.,MCEA,worker,worker,will,True,active,plain,prohibition,right,False,0.9,other,True,
montgomery_county_public_schools__mcea_contract_fy15_fy17_3_15_14__d1f7af4d,MCEA-Contract-FY15-FY17-3-15-14.pdf,Montgomery County Public Schools,116,MCPS will also consider diversity in the transfer process.,MCPS,management,worker,will,False,active,plain,obligation,obligation,True,0.9,transfers,True,
montgomery_county_public_schools__mcea_contract_fy15_fy17_3_15_14__d1f7af4d,MCEA-Contract-FY15-FY17-3-15-14.pdf,Montgomery County Public Schools,116,The voluntary transfer of unit members shall be affected by appropriate members of the administrative staff using the following procedures:,The voluntary transfer of unit members,worker,worker,shall,False,passive,plain,obligation,obligation,True,1.0,transfers,True,
montgomery_county_public_schools__mcea_contract_fy15_fy17_3_15_14__d1f7af4d,MCEA-Contract-FY15-FY17-3-15-14.pdf,Montgomery County Public Schools,116,Open Job Fairs will be held in the spring of each year.,Open Job Fairs,other,worker,will,False,passive,plain,obligation,obligation,True,0.9,transfers,True,
montgomery_county_public_schools__mcea_contract_fy15_fy17_3_15_14__d1f7af4d,MCEA-Contract-FY15-FY17-3-15-14.pdf,Montgomery County Public Schools,116,"At this time, the unit members will be provided access to interview appointments with the school staff where they are seeking a transfer.",the unit members,management,worker,will,False,passive,rights_passive,right,right,True,0.9,transfers,True,
montgomery_county_public_schools__mcea_contract_fy15_fy17_3_15_14__d1f7af4d,MCEA-Contract-FY15-FY17-3-15-14.pdf,Montgomery County Public Schools,116,"Priority placement teachers, part-time teachers seeking full-time positions, and full-time teachers seeking part-time positions will be invited to participate in the Job Fairs.","Priority placement teachers, part-time teachers seeking full-time positions, and full-time teachers seeking part-time positions",management,worker,will,False,passive,rights_passive,right,right,True,0.9,transfers,True,
montgomery_county_public_schools__mcea_contract_fy15_fy17_3_15_14__d1f7af4d,MCEA-Contract-FY15-FY17-3-15-14.pdf,Montgomery County Public Schools,116,The Job Fairs are reserved for internal unit members only whose assignments are determined by principal selection.,The Job Fairs,management,worker,,False,passive,rights_passive,right,right,True,0.85,transfers,True,
montgomery_county_public_schools__mcea_contract_fy15_fy17_3_15_14__d1f7af4d,MCEA-Contract-FY15-FY17-3-15-14.pdf,Montgomery County Public Schools,116,"Those whose positions are not selected by principals (speech pathologists, occupational therapists, and others) should continue to work with immediate supervisors to seek a transfer.","Those whose positions are not selected by principals (speech pathologists, occupational therapists, and others)",worker,management,should,False,active,plain,obligation,obligation,True,0.7,transfers,True,
montgomery_county_public_schools__mcea_contract_fy15_fy17_3_15_14__d1f7af4d,MCEA-Contract-FY15-FY17-3-15-14.pdf,Montgomery County Public Schools,116,"A minimum of four Job Fairs will be held: two elementary, one middle and one high.",A minimum of four Job Fairs,other,worker,will,False,passive,plain,obligation,obligation,True,0.9,transfers,True,
montgomery_county_public_schools__mcea_contract_fy15_fy17_3_15_14__d1f7af4d,MCEA-Contract-FY15-FY17-3-15-14.pdf,Montgomery County Public Schools,116,All job fairs will be completed at least three weeks prior to the close of the initial voluntary transfer season.,All job fairs,other,worker,will,False,passive,plain,obligation,obligation,True,0.9,transfers,True,
montgomery_county_public_schools__mcea_contract_fy15_fy17_3_15_14__d1f7af4d,MCEA-Contract-FY15-FY17-3-15-14.pdf,Montgomery County Public Schools,116,Each school will participate in one Job Fair.,Each school,management,worker,will,False,active,plain,obligation,obligation,True,0.9,transfers,True,
montgomery_county_public_schools__mcea_contract_fy15_fy17_3_15_14__d1f7af4d,MCEA-Contract-FY15-FY17-3-15-14.pdf,Montgomery County Public Schools,116,All schools will participate in the Job Fairs with adequate staff to conduct interviews.,All schools,management,worker,will,False,active,plain,obligation,obligation,True,0.9,transfers,True,
montgomery_county_public_schools__mcea_contract_fy15_fy17_3_15_14__d1f7af4d,MCEA-Contract-FY15-FY17-3-15-14.pdf,Montgomery County Public Schools,116,Schools will post their vacancies on MCPS Careers,Schools,management,worker,will,False,active,plain,obligation,obligation,True,0.9,transfers,True,
montgomery_county_public_schools__mcea_contract_fy15_fy17_3_15_14__d1f7af4d,MCEA-Contract-FY15-FY17-3-15-14.pdf,Montgomery County Public Schools,116,unit members can apply to specific vacancies or to schools at which they are interested in working.,unit members,worker,worker,can,False,active,plain,permission,permission,True,0.3,transfers,True,
montgomery_county_public_schools__mcea_contract_fy15_fy17_3_15_14__d1f7af4d,MCEA-Contract-FY15-FY17-3-15-14.pdf,Montgomery County Public Schools,116,Schools may accept interview requests from all levels and subjects.,Schools,management,management,may,False,active,plain,permission,permission,True,0.3,transfers,True,
montgomery_county_public_schools__mcea_contract_fy15_fy17_3_15_14__d1f7af4d,MCEA-Contract-FY15-FY17-3-15-14.pdf,Montgomery County Public Schools,116,Unit members will make appointments during the week before the Fairs by applying through MCPS,Unit members,worker,management,will,False,active,plain,obligation,obligation,True,0.9,transfers,True,
montgomery_county_public_schools__mcea_contract_fy15_fy17_3_15_14__d1f7af4d,MCEA-Contract-FY15-FY17-3-15-14.pdf,Montgomery County Public Schools,117,Unit members will make appointments during the week before the Fairs by applying through MCPS Careers.,Unit members,worker,management,will,False,active,plain,obligation,obligation,True,0.9,transfers,True,
montgomery_county_public_schools__mcea_contract_fy15_fy17_3_15_14__d1f7af4d,MCEA-Contract-FY15-FY17-3-15-14.pdf,Montgomery County Public Schools,117,Appointments may not be requested prior to the announced date before the Fair.,Appointments,management,management,may,True,passive,plain,prohibition,prohibition,True,0.3,transfers,True,
montgomery_county_public_schools__mcea_contract_fy15_fy17_3_15_14__d1f7af4d,MCEA-Contract-FY15-FY17-3-15-14.pdf,Montgomery County Public Schools,117,Interviews will occur at the Job Fair at 20 to 30-minute intervals.,Interviews,other,worker,will,False,active,plain,obligation,obligation,True,0.9,transfers,True,
montgomery_county_public_schools__mcea_contract_fy15_fy17_3_15_14__d1f7af4d,MCEA-Contract-FY15-FY17-3-15-14.pdf,Montgomery County Public Schools,117,Interviews will not be limited to projected vacancies.,Interviews,management,worker,will,True,passive,plain,prohibition,prohibition,True,0.9,transfers,True,
montgomery_county_public_schools__mcea_contract_fy15_fy17_3_15_14__d1f7af4d,MCEA-Contract-FY15-FY17-3-15-14.pdf,Montgomery County Public Schools,117,The process for application and interviews for new schools will be advertised and conducted prior to March of the year in which the school opens.,The process for application and interviews for new schools,management,worker,will,False,passive,plain,obligation,obligation,True,0.9,transfers,True,
montgomery_county_public_schools__mcea_contract_fy15_fy17_3_15_14__d1f7af4d,MCEA-Contract-FY15-FY17-3-15-14.pdf,Montgomery County Public Schools,117,Unit members who are unable to secure an interview or attend the Job Fairs can apply through MCPS Careers for schools to which they would like to transfer.,Unit members who are unable to secure an interview or attend the Job Fairs,worker,worker,can,False,active,plain,permission,permission,True,0.3,transfers,True,
montgomery_county_public_schools__mcea_contract_fy15_fy17_3_15_14__d1f7af4d,MCEA-Contract-FY15-FY17-3-15-14.pdf,Montgomery County Public Schools,117,Principals are encouraged to interview at times other than the Job Fairs,Principals,management,management,,False,passive,plain,other,other,True,0.0,transfers,True,
montgomery_county_public_schools__mcea_contract_fy15_fy17_3_15_14__d1f7af4d,MCEA-Contract-FY15-FY17-3-15-14.pdf,Montgomery County Public Schools,117,Principals are not required to do so.,Principals,management,management,,True,passive,obligation_verb,right,right,True,0.85,transfers,True,
montgomery_county_public_schools__mcea_contract_fy15_fy17_3_15_14__d1f7af4d,MCEA-Contract-FY15-FY17-3-15-14.pdf,Montgomery County Public Schools,117,"The Office of Human Resources and Development will publish an annual webpage describing transfer procedures, including timelines and telephone numbers to contact for information before the end of February each year.",The Office of Human Resources and Development,management,worker,will,False,active,plain,obligation,obligation,True,0.9,transfers,True,
montgomery_county_public_schools__mcea_contract_fy15_fy17_3_15_14__d1f7af4d,MCEA-Contract-FY15-FY17-3-15-14.pdf,Montgomery County Public Schools,117,Transfers will be allowed during this first voluntary transfer window across certification areas and school levels,Transfers,management,worker,will,False,passive,permission_verb,permission,permission,True,0.9,transfers,True,
montgomery_county_public_schools__mcea_contract_fy15_fy17_3_15_14__d1f7af4d,MCEA-Contract-FY15-FY17-3-15-14.pdf,Montgomery County Public Schools,117,Human Resources and MCEA will meet prior to the transfer season to review the data on Priority Placements and vacancies to jointly identify “tight” fields.,Human Resources and MCEA,other,worker,will,False,active,plain,obligation,obligation,True,0.9,transfers,True,
montgomery_county_public_schools__mcea_contract_fy15_fy17_3_15_14__d1f7af4d,MCEA-Contract-FY15-FY17-3-15-14.pdf,Montgomery County Public Schools,117,The voluntary transfer process will close temporarily at the end of the business day on a Friday that is at least three weeks after the last Job Fair,The voluntary transfer process,other,worker,will,False,active,plain,obligation,obligation,True,0.9,transfers,True,
montgomery_county_public_schools__mcea_contract_fy15_fy17_3_15_14__d1f7af4d,MCEA-Contract-FY15-FY17-3-15-14.pdf,Montgomery County Public Schools,117,The voluntary transfer process will reopen following completion of comparable priority placements.,The voluntary transfer process,other,worker,will,False,active,plain,obligation,obligation,True,0.9,transfers,True,
montgomery_county_public_schools__mcea_contract_fy15_fy17_3_15_14__d1f7af4d,MCEA-Contract-FY15-FY17-3-15-14.pdf,Montgomery County Public Schools,117,All teacher vacancies are required to be posted on MCPS Careers.,All teacher vacancies,management,worker,,False,passive,obligation_verb,obligation,obligation,True,0.85,transfers,True,
montgomery_county_public_schools__mcea_contract_fy15_fy17_3_15_14__d1f7af4d,MCEA-Contract-FY15-FY17-3-15-14.pdf,Montgomery County Public Schools,117,The posting of vacancies will be monitored by the Office of School Support and Improvement and the Office of Human Resources and Development for accuracy.,The posting of vacancies,management,worker,will,False,passive,plain,obligation,obligation,True,0.9,transfers,True,
montgomery_county_public_schools__mcea_contract_fy15_fy17_3_15_14__d1f7af4d,MCEA-Contract-FY15-FY17-3-15-14.pdf,Montgomery County Public Schools,117,Vacancies for any 12-month positions in the bargaining unit will be posted on MCPS Careers.,Vacancies for any 12-month positions in the bargaining unit,management,worker,will,False,passive,plain,obligation,obligation,True,0.9,transfers,True,
montgomery_county_public_schools__mcea_contract_fy15_fy17_3_15_14__d1f7af4d,MCEA-Contract-FY15-FY17-3-15-14.pdf,Montgomery County Public Schools,117,"Interested transfer candidates, along with those seeking a promotion and outside candidates, will interview directly with supervisors for the posted vacancy.","Interested transfer candidates, along with those seeking a promotion and outside candidates",worker,management,will,False,active,plain,obligation,obligation,True,0.9,transfers,True,
montgomery_county_public_schools__mcea_contract_fy15_fy17_3_15_14__d1f7af4d,MCEA-Contract-FY15-FY17-3-15-14.pdf,Montgomery County Public Schools,117,that candidate may be required to remain in the current position,that candidate,management,management,may,False,passive,obligation_verb,obligation,obligation,True,0.3,transfers,True,
montgomery_county_public_schools__mcea_contract_fy15_fy17_3_15_14__d1f7af4d,MCEA-Contract-FY15-FY17-3-15-14.pdf,Montgomery County Public Schools,118,that candidate may be required to remain in the current position until a replacement is identified.,that candidate,management,management,may,False,passive,obligation_verb,obligation,obligation,True,0.3,transfers,True,
montgomery_county_public_schools__mcea_contract_fy15_fy17_3_15_14__d1f7af4d,MCEA-Contract-FY15-FY17-3-15-14.pdf,Montgomery County Public Schools,118,Identification of a replacement will be given high priority by Office of Human Resources and Development.,Identification of a replacement,management,management,will,False,passive,plain,obligation,obligation,True,0.9,transfers,True,
montgomery_county_public_schools__mcea_contract_fy15_fy17_3_15_14__d1f7af4d,MCEA-Contract-FY15-FY17-3-15-14.pdf,Montgomery County Public Schools,118,Unit members will be able to post their resumes and job profiles on MCPS Careers,Unit members,worker,worker,will,False,active,permission_verb,permission,permission,True,0.9,transfers,True,Split from subsequent clause.
montgomery_county_public_schools__mcea_contract_fy15_fy17_3_15_14__d1f7af4d,MCEA-Contract-FY15-FY17-3-15-14.pdf,Montgomery County Public Schools,118,all principals and supervisors will be able to review unit members' resumes.,all principals and supervisors,management,management,will,False,active,permission_verb,permission,permission,True,0.9,transfers,True,
montgomery_county_public_schools__mcea_contract_fy15_fy17_3_15_14__d1f7af4d,MCEA-Contract-FY15-FY17-3-15-14.pdf,Montgomery County Public Schools,118,"All part-time teachers seeking full-time positions, and full-time teachers seeking part-time positions, will inform the Office of Human Resources and Development via MCPS Careers.","All part-time teachers seeking full-time positions, and full-time teachers seeking part-time positions,",worker,management,will,False,active,plain,obligation,obligation,True,0.9,transfers,True,
montgomery_county_public_schools__mcea_contract_fy15_fy17_3_15_14__d1f7af4d,MCEA-Contract-FY15-FY17-3-15-14.pdf,Montgomery County Public Schools,118,the Office of Human Resources and Development will inform unit members of these vacancies.,the Office of Human Resources and Development,management,worker,will,False,active,plain,obligation,obligation,True,0.9,transfers,True,
montgomery_county_public_schools__mcea_contract_fy15_fy17_3_15_14__d1f7af4d,MCEA-Contract-FY15-FY17-3-15-14.pdf,Montgomery County Public Schools,118,The Office of Human Resources and Development will compile and provide information to the Office of School Support and Improvement and MCEA on the numbers of transfers from individual schools.,The Office of Human Resources and Development,management,worker,will,False,active,plain,obligation,obligation,True,0.9,transfers,True,
montgomery_county_public_schools__mcea_contract_fy15_fy17_3_15_14__d1f7af4d,MCEA-Contract-FY15-FY17-3-15-14.pdf,Montgomery County Public Schools,118,The associate superintendent for Human Resources and Development will present data related to the MCPS Careers and transfer process to the LMCC each year to jointly make recommendations for changes in the process no later than the end of December.,The associate superintendent for Human Resources and Development,management,worker,will,False,active,plain,obligation,obligation,True,0.9,transfers,True,
montgomery_county_public_schools__mcea_contract_fy15_fy17_3_15_14__d1f7af4d,MCEA-Contract-FY15-FY17-3-15-14.pdf,Montgomery County Public Schools,118,"an individual completing his/her fourth semester of employment, who has all effective ratings on his/her most recent evaluation, will be allowed to participate in the job fairs and in the voluntary transfer process.","an individual completing his/her fourth semester of employment, who has all effective ratings on his/her most recent evaluation,",management,worker,will,False,passive,permission_verb,permission,permission,True,0.9,transfers,True,
montgomery_county_public_schools__mcea_contract_fy15_fy17_3_15_14__d1f7af4d,MCEA-Contract-FY15-FY17-3-15-14.pdf,Montgomery County Public Schools,118,the unit member will sign a statement of understanding that will verify that the unit member is aware of the following:,the unit member,worker,management,will,False,active,plain,obligation,obligation,True,0.9,transfers,True,Trailing colon indicates reference to subsequent list.
montgomery_county_public_schools__mcea_contract_fy15_fy17_3_15_14__d1f7af4d,MCEA-Contract-FY15-FY17-3-15-14.pdf,Montgomery County Public Schools,119,That he/she will have to take additional course work in order to become fully certificated in the field to which he/she is reassigned.,he/she,worker,management,will,False,active,obligation_verb,obligation,obligation,True,0.9,transfers,True,
montgomery_county_public_schools__mcea_contract_fy15_fy17_3_15_14__d1f7af4d,MCEA-Contract-FY15-FY17-3-15-14.pdf,Montgomery County Public Schools,119,"That a reasonable period of time, but in no case more than two years, will be established by the Board of Education to enable the unit member to meet the new requirements.","a reasonable period of time, but in no case more than two years",management,worker,will,False,passive,plain,obligation,obligation,True,0.9,transfers,True,
montgomery_county_public_schools__mcea_contract_fy15_fy17_3_15_14__d1f7af4d,MCEA-Contract-FY15-FY17-3-15-14.pdf,Montgomery County Public Schools,119,A unit member who does not meet these requirements will have his/her certificate rated as Class II.,A unit member,worker,management,will,False,active,plain,obligation,obligation,True,0.9,transfers,True,
montgomery_county_public_schools__mcea_contract_fy15_fy17_3_15_14__d1f7af4d,MCEA-Contract-FY15-FY17-3-15-14.pdf,Montgomery County Public Schools,119,Principals will notify the Department of Recruitment and Staffing as soon as they have determined whom they will request for a given vacancy.,Principals,management,management,will,False,active,plain,obligation,obligation,True,0.9,transfers,True,
montgomery_county_public_schools__mcea_contract_fy15_fy17_3_15_14__d1f7af4d,MCEA-Contract-FY15-FY17-3-15-14.pdf,Montgomery County Public Schools,119,The Office of Human Resources and Development shall notify the unit member in writing and those concerned with the transfer when it is affected.,The Office of Human Resources and Development,management,worker,shall,False,active,plain,obligation,obligation,True,1.0,transfers,True,
montgomery_county_public_schools__mcea_contract_fy15_fy17_3_15_14__d1f7af4d,MCEA-Contract-FY15-FY17-3-15-14.pdf,Montgomery County Public Schools,119,No voluntary transfers will be affected after July 20 unless both releasing and receiving principals agree.,No voluntary transfers,management,management,will,True,passive,plain,prohibition,prohibition,True,0.9,transfers,True,
montgomery_county_public_schools__mcea_contract_fy15_fy17_3_15_14__d1f7af4d,MCEA-Contract-FY15-FY17-3-15-14.pdf,Montgomery County Public Schools,119,MCEA will be notified of any new vacancies that occur after July 20.,MCEA,management,worker,will,False,passive,rights_passive,right,right,True,0.9,transfers,True,
montgomery_county_public_schools__mcea_contract_fy15_fy17_3_15_14__d1f7af4d,MCEA-Contract-FY15-FY17-3-15-14.pdf,Montgomery County Public Schools,119,Occurrence of such vacancies will be reviewed by the Office of School Support and Improvement and the Office of Human Resources and Development.,Occurrence of such vacancies,management,management,will,False,passive,plain,obligation,obligation,True,0.9,transfers,True,
montgomery_county_public_schools__mcea_contract_fy15_fy17_3_15_14__d1f7af4d,MCEA-Contract-FY15-FY17-3-15-14.pdf,Montgomery County Public Schools,119,"Whenever a unit member transfers, the effective date will be the first full pay period after the unit member is assigned to begin work.",the effective date,other,worker,will,False,active,plain,obligation,obligation,True,0.9,transfers,True,
montgomery_county_public_schools__mcea_contract_fy15_fy17_3_15_14__d1f7af4d,MCEA-Contract-FY15-FY17-3-15-14.pdf,Montgomery County Public Schools,119,"Unit members interested in career opportunities such as guidance counselor, reading specialist, or media specialist may be eligible for open contracts in these fields (and others as identified by the Office of Human Resources and Development).","Unit members interested in career opportunities such as guidance counselor, reading specialist, or media specialist",worker,worker,may,False,active,plain,permission,permission,True,0.3,transfers,True,
montgomery_county_public_schools__mcea_contract_fy15_fy17_3_15_14__d1f7af4d,MCEA-Contract-FY15-FY17-3-15-14.pdf,Montgomery County Public Schools,119,The Office of Human Resources and Development will advertise the process in the spring of each year by which internal candidates can be considered for open contracts.,The Office of Human Resources and Development,management,worker,will,False,active,plain,obligation,obligation,True,0.9,transfers,True,
montgomery_county_public_schools__mcea_contract_fy15_fy17_3_15_14__d1f7af4d,MCEA-Contract-FY15-FY17-3-15-14.pdf,Montgomery County Public Schools,119,The Office of Human Resources and Development and MCEA will develop a joint communication about “Best Practices” to use during the transfer process.,The Office of Human Resources and Development and MCEA,other,worker,will,False,active,plain,obligation,obligation,True,0.9,transfers,True,
montgomery_county_public_schools__mcea_contract_fy15_fy17_3_15_14__d1f7af4d,MCEA-Contract-FY15-FY17-3-15-14.pdf,Montgomery County Public Schools,119,The communication will be posted on the transfer webpage.,The communication,management,worker,will,False,passive,plain,obligation,obligation,True,0.9,transfers,True,
montgomery_county_public_schools__mcea_contract_fy15_fy17_3_15_14__d1f7af4d,MCEA-Contract-FY15-FY17-3-15-14.pdf,Montgomery County Public Schools,119,The communication will be available for new principals to review.,The communication,other,management,will,False,active,plain,obligation,obligation,True,0.9,transfers,True,
montgomery_county_public_schools__mcea_contract_fy15_fy17_3_15_14__d1f7af4d,MCEA-Contract-FY15-FY17-3-15-14.pdf,Montgomery County Public Schools,119,The communication will be included in MCEA’s Resume Writing & Transfer Process Workshops.,The communication,management,worker,will,False,passive,plain,obligation,obligation,True,0.9,transfers,True,
montgomery_county_public_schools__mcea_contract_fy15_fy17_3_15_14__d1f7af4d,MCEA-Contract-FY15-FY17-3-15-14.pdf,Montgomery County Public Schools,119,"The Best Practices to be encouraged will include the critical need to advertise all vacancies, and notification of interviewees and interviewers, when vacancies have been filled or when an applicant is no longer interested or available.",The Best Practices to be encouraged,other,worker,will,False,active,plain,obligation,obligation,True,0.9,transfers,True,
montgomery_county_public_schools__mcea_contract_fy15_fy17_3_15_14__d1f7af4d,MCEA-Contract-FY15-FY17-3-15-14.pdf,Montgomery County Public Schools,121,Unit members will be able to indicate their preference of assignment.,Unit members,worker,worker,will,False,active,plain,obligation,right,False,0.9,transfers,True,
montgomery_county_public_schools__mcea_contract_fy15_fy17_3_15_14__d1f7af4d,MCEA-Contract-FY15-FY17-3-15-14.pdf,Montgomery County Public Schools,121,Effort will be made to honor the unit member’s geographic preference as indicated on the preference sheet if a vacancy in the teacher’s area of certification is available.,Effort,management,worker,will,False,passive,plain,obligation,obligation,True,0.9,transfers,True,impersonal subject
montgomery_county_public_schools__mcea_contract_fy15_fy17_3_15_14__d1f7af4d,MCEA-Contract-FY15-FY17-3-15-14.pdf,Montgomery County Public Schools,121,"When it becomes necessary for a unit member to transfer because of changes in enrollment or program, the Office of Human Resources and Development will give the transfer of the unit member priority in filling known vacancies.",the Office of Human Resources and Development,management,worker,will,False,active,plain,obligation,obligation,True,0.9,transfers,True,
montgomery_county_public_schools__mcea_contract_fy15_fy17_3_15_14__d1f7af4d,MCEA-Contract-FY15-FY17-3-15-14.pdf,Montgomery County Public Schools,121,Placement of unit members on involuntary transfers and returnees from leave will occur at a systemwide meeting scheduled after the close of the voluntary transfer season and prior to July.,Placement of unit members on involuntary transfers and returnees from leave,other,worker,will,False,active,plain,obligation,obligation,True,0.9,transfers,True,inanimate subject
montgomery_county_public_schools__mcea_contract_fy15_fy17_3_15_14__d1f7af4d,MCEA-Contract-FY15-FY17-3-15-14.pdf,Montgomery County Public Schools,121,"Meetings will be organized by school level (one for elementary, one for secondary).",Meetings,management,worker,will,False,passive,plain,obligation,obligation,True,0.9,transfers,True,
montgomery_county_public_schools__mcea_contract_fy15_fy17_3_15_14__d1f7af4d,MCEA-Contract-FY15-FY17-3-15-14.pdf,Montgomery County Public Schools,121,"Community superintendents, principals who have vacancies and those who have placed teachers on the involuntary list, appropriate human resources representatives and MCEA will be invited.","Community superintendents, principals who have vacancies and those who have placed teachers on the involuntary list, appropriate human resources representatives and MCEA",management,worker,will,False,passive,plain,obligation,obligation,True,0.9,transfers,True,
montgomery_county_public_schools__mcea_contract_fy15_fy17_3_15_14__d1f7af4d,MCEA-Contract-FY15-FY17-3-15-14.pdf,Montgomery County Public Schools,121,"Except as noted below, the voluntary transfer process will reopen on June 6.",the voluntary transfer process,management,worker,will,False,active,plain,obligation,obligation,True,0.9,transfers,True,
montgomery_county_public_schools__mcea_contract_fy15_fy17_3_15_14__d1f7af4d,MCEA-Contract-FY15-FY17-3-15-14.pdf,Montgomery County Public Schools,121,"In the event that all involuntary placements cannot be made at the systemwide meeting, placements will continue to be made by the Office of Human Resources and Development and the Office of School Support and Improvement in consultation with MCEA.",placements,management,worker,will,False,passive,plain,obligation,obligation,True,0.9,transfers,True,
montgomery_county_public_schools__mcea_contract_fy15_fy17_3_15_14__d1f7af4d,MCEA-Contract-FY15-FY17-3-15-14.pdf,Montgomery County Public Schools,121,Appropriate notices of any continuing closed fields will be posted on the Web by the Office of Human Resources and Development.,Appropriate notices of any continuing closed fields,management,worker,will,False,passive,plain,obligation,obligation,True,0.9,transfers,True,
montgomery_county_public_schools__mcea_contract_fy15_fy17_3_15_14__d1f7af4d,MCEA-Contract-FY15-FY17-3-15-14.pdf,Montgomery County Public Schools,121,The placement process in such fields shall continue until all such placements are completed.,The placement process in such fields,management,worker,shall,False,active,plain,obligation,obligation,True,1.0,transfers,True,
montgomery_county_public_schools__mcea_contract_fy15_fy17_3_15_14__d1f7af4d,MCEA-Contract-FY15-FY17-3-15-14.pdf,Montgomery County Public Schools,121,"At that point, the voluntary transfer process for that field will reopen",the voluntary transfer process for that field,management,worker,will,False,active,plain,obligation,obligation,True,0.9,transfers,True,
montgomery_county_public_schools__mcea_contract_fy15_fy17_3_15_14__d1f7af4d,MCEA-Contract-FY15-FY17-3-15-14.pdf,Montgomery County Public Schools,121,notice of such shall be posted on the Web.,notice of such,management,worker,shall,False,passive,plain,obligation,obligation,True,1.0,transfers,True,
montgomery_county_public_schools__mcea_contract_fy15_fy17_3_15_14__d1f7af4d,MCEA-Contract-FY15-FY17-3-15-14.pdf,Montgomery County Public Schools,121,Priority placements will be completed prior to any change of a part-time member to full-time or a full-time member to part-time or any new hire is assigned.,Priority placements,management,worker,will,False,passive,plain,obligation,obligation,True,0.9,transfers,True,
montgomery_county_public_schools__mcea_contract_fy15_fy17_3_15_14__d1f7af4d,MCEA-Contract-FY15-FY17-3-15-14.pdf,Montgomery County Public Schools,121,Priority placements whose initial placement did not meet their preference criteria will notify the Office of Human Resources and Development in writing of their wish to have their folders identified for continued review.,Priority placements whose initial placement did not meet their preference criteria,worker,worker,will,False,active,plain,obligation,obligation,True,0.9,transfers,True,
montgomery_county_public_schools__mcea_contract_fy15_fy17_3_15_14__d1f7af4d,MCEA-Contract-FY15-FY17-3-15-14.pdf,Montgomery County Public Schools,121,These unit members are encouraged to send resumes and cover letters to principals at schools with vacancies that more closely meet their preferences.,These unit members,worker,worker,,False,passive,plain,other,other,True,0.0,transfers,True,
montgomery_county_public_schools__mcea_contract_fy15_fy17_3_15_14__d1f7af4d,MCEA-Contract-FY15-FY17-3-15-14.pdf,Montgomery County Public Schools,121,Unit members who are involuntarily transferred will be notified individually by the school principal and given the opportunity to attend a meeting held by the Office of Human Resources and Development to receive appropriate information.,Unit members who are involuntarily transferred,management,worker,will,False,passive,rights_passive,right,obligation,False,0.9,transfers,True,
montgomery_county_public_schools__mcea_contract_fy15_fy17_3_15_14__d1f7af4d,MCEA-Contract-FY15-FY17-3-15-14.pdf,Montgomery County Public Schools,122,Every effort will be made to notify the unit member of the need for an involuntary transfer prior to the Job Fairs.,Every effort,management,worker,will,False,passive,plain,obligation,obligation,True,0.9,transfers,True,
montgomery_county_public_schools__mcea_contract_fy15_fy17_3_15_14__d1f7af4d,MCEA-Contract-FY15-FY17-3-15-14.pdf,Montgomery County Public Schools,122,"When an involuntary transfer is necessary, an effort will be made by the principal and appropriate community superintendent to allow a unit member to voluntarily place himself/herself on the involuntary transfer list.",an effort,management,worker,will,False,passive,plain,obligation,obligation,True,0.9,transfers,True,
montgomery_county_public_schools__mcea_contract_fy15_fy17_3_15_14__d1f7af4d,MCEA-Contract-FY15-FY17-3-15-14.pdf,Montgomery County Public Schools,122,An article will appear in MCPS Careers late in May regarding the status of unit members being involuntarily transferred and returning from leave and the procedure used to reassign them.,An article,other,worker,will,False,active,plain,obligation,obligation,True,0.9,transfers,True,
montgomery_county_public_schools__mcea_contract_fy15_fy17_3_15_14__d1f7af4d,MCEA-Contract-FY15-FY17-3-15-14.pdf,Montgomery County Public Schools,122,Information will also be presented in MCPS Careers regarding the procedure for retirement.,Information,other,worker,will,False,passive,plain,obligation,obligation,True,0.9,benefits,True,
montgomery_county_public_schools__mcea_contract_fy15_fy17_3_15_14__d1f7af4d,MCEA-Contract-FY15-FY17-3-15-14.pdf,Montgomery County Public Schools,122,Vacancies will not be held or frozen because a principal is on leave.,Vacancies,management,management,will,True,passive,prohibition_verb,permission,prohibition,False,0.9,transfers,True,
montgomery_county_public_schools__mcea_contract_fy15_fy17_3_15_14__d1f7af4d,MCEA-Contract-FY15-FY17-3-15-14.pdf,Montgomery County Public Schools,122,Involuntary placements will continue regardless of the availability of the principal.,Involuntary placements,other,management,will,False,active,plain,obligation,obligation,True,0.9,transfers,True,
montgomery_county_public_schools__mcea_contract_fy15_fy17_3_15_14__d1f7af4d,MCEA-Contract-FY15-FY17-3-15-14.pdf,Montgomery County Public Schools,122,Any unit member who might need to be involuntarily transferred will be reassigned to his/her same position if an appropriate vacancy occurs at a later date.,Any unit member who might need to be involuntarily transferred,management,worker,will,False,passive,rights_passive,right,obligation,False,0.9,transfers,True,
montgomery_county_public_schools__mcea_contract_fy15_fy17_3_15_14__d1f7af4d,MCEA-Contract-FY15-FY17-3-15-14.pdf,Montgomery County Public Schools,122,"The unit member who has been involuntarily transferred should, however, have the option of determining whether he/she is to be reassigned to the original school if he/she has already been assigned to another position.",The unit member who has been involuntarily transferred,worker,worker,should,False,active,rights_active,right,right,True,0.7,transfers,True,
montgomery_county_public_schools__mcea_contract_fy15_fy17_3_15_14__d1f7af4d,MCEA-Contract-FY15-FY17-3-15-14.pdf,Montgomery County Public Schools,122,"No changes will be made if the vacancy occurs after July 20, unless the two participating community superintendents, principals, and the teacher agree to the change.",No changes,management,worker,will,True,passive,prohibition_verb,permission,prohibition,False,0.9,transfers,True,
montgomery_county_public_schools__mcea_contract_fy15_fy17_3_15_14__d1f7af4d,MCEA-Contract-FY15-FY17-3-15-14.pdf,Montgomery County Public Schools,122,"Immediately following the board decision to close a school, a representative from the Department of Recruitment and Staffing shall contact the appropriate community superintendent to arrange a meeting with all the staff of the school.",a representative from the Department of Recruitment and Staffing,management,worker,shall,False,active,plain,obligation,obligation,True,1.0,transfers,True,
montgomery_county_public_schools__mcea_contract_fy15_fy17_3_15_14__d1f7af4d,MCEA-Contract-FY15-FY17-3-15-14.pdf,Montgomery County Public Schools,122,The community superintendent and representatives from the Department of Recruitment and Staffing then meet with the total staff to discuss transfer procedures shortly after the decision has been made to close the school.,The community superintendent and representatives from the Department of Recruitment and Staffing,management,worker,,False,active,plain,other,obligation,False,0.0,transfers,True,Present tense verb 'meet' used for future procedural obligation.
montgomery_county_public_schools__mcea_contract_fy15_fy17_3_15_14__d1f7af4d,MCEA-Contract-FY15-FY17-3-15-14.pdf,Montgomery County Public Schools,122,"Thereafter, if the school is not closing in that school year, another meeting will be held in the spring of the year in which the school actually closes.",another meeting,management,worker,will,False,passive,plain,obligation,obligation,True,0.9,transfers,True,
montgomery_county_public_schools__mcea_contract_fy15_fy17_3_15_14__d1f7af4d,MCEA-Contract-FY15-FY17-3-15-14.pdf,Montgomery County Public Schools,122,Personnel representatives shall also schedule individual conferences with those unit members who have requested such a conference to discuss at mutually agreeable times such matters as certification and transfer.,Personnel representatives,management,worker,shall,False,active,plain,obligation,obligation,True,1.0,transfers,True,
montgomery_county_public_schools__mcea_contract_fy15_fy17_3_15_14__d1f7af4d,MCEA-Contract-FY15-FY17-3-15-14.pdf,Montgomery County Public Schools,123,"Before filling any vacancies in a receiving school, the principal from the designated receiving school will arrange to interview all teachers from the designated closing school who express a preference to follow students to the receiving school.",the principal from the designated receiving school,management,worker,will,False,active,plain,obligation,obligation,True,0.9,transfers,True,
montgomery_county_public_schools__mcea_contract_fy15_fy17_3_15_14__d1f7af4d,MCEA-Contract-FY15-FY17-3-15-14.pdf,Montgomery County Public Schools,123,"In filling any vacancies in a receiving school, the principal will consider the following significant factors: certification, length of service in MCPS, area(s) of competence, major or minor field of study, and whether the unit member would follow the students to the receiving school.",the principal,management,worker,will,False,active,plain,obligation,obligation,True,0.9,transfers,True,
montgomery_county_public_schools__mcea_contract_fy15_fy17_3_15_14__d1f7af4d,MCEA-Contract-FY15-FY17-3-15-14.pdf,Montgomery County Public Schools,123,"Where more than one applicant is acceptable to the principal, the opportunity to follow students to the receiving school will receive additional consideration.",the opportunity to follow students to the receiving school,other,worker,will,False,active,rights_active,right,other,False,0.9,transfers,True,
montgomery_county_public_schools__mcea_contract_fy15_fy17_3_15_14__d1f7af4d,MCEA-Contract-FY15-FY17-3-15-14.pdf,Montgomery County Public Schools,123,Vacancies occurring in such positions in closing schools will be filled on an acting/temporary basis with candidates from either inside or outside the school using the normal process for filling such vacancies.,Vacancies occurring in such positions in closing schools,management,management,will,False,passive,plain,obligation,obligation,True,0.9,transfers,True,
montgomery_county_public_schools__mcea_contract_fy15_fy17_3_15_14__d1f7af4d,MCEA-Contract-FY15-FY17-3-15-14.pdf,Montgomery County Public Schools,123,"Such vacancies in all schools will be filled on an acting/temporary basis unless filled by a person already in the job class or in the ""pool"" described.",Such vacancies in all schools,management,worker,will,False,passive,plain,obligation,obligation,True,0.9,transfers,True,
montgomery_county_public_schools__mcea_contract_fy15_fy17_3_15_14__d1f7af4d,MCEA-Contract-FY15-FY17-3-15-14.pdf,Montgomery County Public Schools,123,"Any unit member who has satisfactory evaluations and is in such a position in a closed school or who is involuntarily transferred will be placed in a ""pool.""",Any unit member who has satisfactory evaluations and is in such a position in a closed school or who is involuntarily transferred,management,worker,will,False,passive,plain,obligation,obligation,True,0.9,job_security,True,
montgomery_county_public_schools__mcea_contract_fy15_fy17_3_15_14__d1f7af4d,MCEA-Contract-FY15-FY17-3-15-14.pdf,Montgomery County Public Schools,123,"As future openings in the job class occur, the principal having the opening must consider persons from the ""pool,"" leave returnees who have been in that job class, or voluntary transfers currently in that job class.",the principal having the opening,management,worker,must,False,active,plain,obligation,obligation,True,1.0,transfers,True,
montgomery_county_public_schools__mcea_contract_fy15_fy17_3_15_14__d1f7af4d,MCEA-Contract-FY15-FY17-3-15-14.pdf,Montgomery County Public Schools,123,The principal must hold interviews from among those eligible after considering the specific qualifications needed to fill the position.,The principal,management,worker,must,False,active,plain,obligation,obligation,True,1.0,transfers,True,
montgomery_county_public_schools__mcea_contract_fy15_fy17_3_15_14__d1f7af4d,MCEA-Contract-FY15-FY17-3-15-14.pdf,Montgomery County Public Schools,123,"If, because of program needs, the principal is unable to identify someone from the ""pool,"" a leave returnee, or a voluntary transferee to fill the position, the principal may, with the approval of the appropriate community superintendent and associate superintendent of human resources, assign an acting person to the position until the end of the school year.",the principal,management,management,may,False,active,plain,permission,permission,True,0.3,transfers,True,
montgomery_county_public_schools__mcea_contract_fy15_fy17_3_15_14__d1f7af4d,MCEA-Contract-FY15-FY17-3-15-14.pdf,Montgomery County Public Schools,123,"Those positions being filled on an acting basis will be re-advertised yearly and filled by someone from the ""pool,"" leave returnee, or voluntary transferee.",Those positions being filled on an acting basis,management,worker,will,False,passive,plain,obligation,obligation,True,0.9,transfers,True,
montgomery_county_public_schools__mcea_contract_fy15_fy17_3_15_14__d1f7af4d,MCEA-Contract-FY15-FY17-3-15-14.pdf,Montgomery County Public Schools,123,"This process will continue until all members of the ""pool"" have been assigned.",This process,other,worker,will,False,active,plain,obligation,obligation,True,0.9,job_security,True,
montgomery_county_public_schools__mcea_contract_fy15_fy17_3_15_14__d1f7af4d,MCEA-Contract-FY15-FY17-3-15-14.pdf,Montgomery County Public Schools,123,Requests to extend an acting assignment beyond one year must be approved by the deputy superintendent.,Requests to extend an acting assignment beyond one year,management,management,must,False,passive,plain,obligation,obligation,True,1.0,transfers,True,
montgomery_county_public_schools__mcea_contract_fy15_fy17_3_15_14__d1f7af4d,MCEA-Contract-FY15-FY17-3-15-14.pdf,Montgomery County Public Schools,124,Employees in an acting capacity are guaranteed pay as stipulated for the position.,Employees in an acting capacity,management,worker,,False,passive,rights_passive,right,right,True,0.85,compensation,True,
montgomery_county_public_schools__mcea_contract_fy15_fy17_3_15_14__d1f7af4d,MCEA-Contract-FY15-FY17-3-15-14.pdf,Montgomery County Public Schools,124,These employees will be reinstated to their former school and position if they assume an acting assignment after January 1.,These employees,management,worker,will,False,passive,rights_passive,right,right,True,0.9,job_security,True,
montgomery_county_public_schools__mcea_contract_fy15_fy17_3_15_14__d1f7af4d,MCEA-Contract-FY15-FY17-3-15-14.pdf,Montgomery County Public Schools,124,All other employees in acting capacities prior to January 1 will be involuntarily transferred to appropriate vacancies as they develop.,All other employees in acting capacities prior to January 1,management,worker,will,False,passive,plain,obligation,obligation,True,0.9,transfers,True,
montgomery_county_public_schools__mcea_contract_fy15_fy17_3_15_14__d1f7af4d,MCEA-Contract-FY15-FY17-3-15-14.pdf,Montgomery County Public Schools,124,Applicants may request from the Department of Recruitment and Staffing an explanation of why they were not selected for the position.,Applicants,worker,worker,may,False,active,permission_verb,permission,permission,True,0.3,other,True,
montgomery_county_public_schools__mcea_contract_fy15_fy17_3_15_14__d1f7af4d,MCEA-Contract-FY15-FY17-3-15-14.pdf,Montgomery County Public Schools,124,"he/she will no longer be considered in the ""pool.""",he/she,management,management,will,True,passive,plain,prohibition,other,False,0.9,transfers,True,Main clause extracted from conditional sentence
montgomery_county_public_schools__mcea_contract_fy15_fy17_3_15_14__d1f7af4d,MCEA-Contract-FY15-FY17-3-15-14.pdf,Montgomery County Public Schools,124,"Any unit member in such a position whose school is closing and is not assigned by the date the school is closed, will be guaranteed his/her ""normal” paid duty days for that summer",Any unit member in such a position whose school is closing and is not assigned by the date the school is closed,management,worker,will,False,passive,rights_passive,right,right,True,0.9,compensation,True,
montgomery_county_public_schools__mcea_contract_fy15_fy17_3_15_14__d1f7af4d,MCEA-Contract-FY15-FY17-3-15-14.pdf,Montgomery County Public Schools,124,"Any unit member in such a position whose school is closing and is not assigned by the date the school is closed, will have the option of receiving his/her salary differential for one year only while in the ""pool,"" or electing not to receive the differential and being allowed to accept the sponsorship of stipended activities.",Any unit member in such a position whose school is closing and is not assigned by the date the school is closed,management,worker,will,False,active,rights_active,right,right,True,0.9,compensation,True,
montgomery_county_public_schools__mcea_contract_fy15_fy17_3_15_14__d1f7af4d,MCEA-Contract-FY15-FY17-3-15-14.pdf,Montgomery County Public Schools,124,Any unit member of a closing school who is selected for a promotion would be allowed to assume the new responsibilities.,Any unit member of a closing school who is selected for a promotion,management,worker,would,False,passive,permission_verb,permission,permission,True,0.85,transfers,True,
montgomery_county_public_schools__mcea_contract_fy15_fy17_3_15_14__d1f7af4d,MCEA-Contract-FY15-FY17-3-15-14.pdf,Montgomery County Public Schools,124,Unit members of a closing school should be allowed to apply in the usual way for voluntary transfers.,Unit members of a closing school,management,worker,should,False,passive,permission_verb,permission,obligation,False,0.7,transfers,True,
montgomery_county_public_schools__mcea_contract_fy15_fy17_3_15_14__d1f7af4d,MCEA-Contract-FY15-FY17-3-15-14.pdf,Montgomery County Public Schools,124,Principals and community superintendents and the Office of Human Resources and Development should carefully screen transfer requests to assure that the school maintains an outstanding staff in the years leading up to its closure.,Principals and community superintendents and the Office of Human Resources and Development,management,management,should,False,active,plain,obligation,obligation,True,0.7,other,True,
montgomery_county_public_schools__mcea_contract_fy15_fy17_3_15_14__d1f7af4d,MCEA-Contract-FY15-FY17-3-15-14.pdf,Montgomery County Public Schools,124,Voluntary transfers will be permitted only under very carefully scrutinized conditions.,Voluntary transfers,management,management,will,False,passive,permission_verb,permission,permission,True,0.9,transfers,True,
montgomery_county_public_schools__mcea_contract_fy15_fy17_3_15_14__d1f7af4d,MCEA-Contract-FY15-FY17-3-15-14.pdf,Montgomery County Public Schools,124,Requests for voluntary transfers out of receiving schools will be treated as all other voluntary transfer requests.,Requests for voluntary transfers out of receiving schools,management,management,will,False,passive,plain,obligation,obligation,True,0.9,transfers,True,
montgomery_county_public_schools__mcea_contract_fy15_fy17_3_15_14__d1f7af4d,MCEA-Contract-FY15-FY17-3-15-14.pdf,Montgomery County Public Schools,124,All vacancies in the above-defined positions will be published in MCPS Careers immediately following the decision to fill such positions.,All vacancies in the above-defined positions,management,worker,will,False,passive,plain,obligation,obligation,True,0.9,transfers,True,
montgomery_county_public_schools__mcea_contract_fy15_fy17_3_15_14__d1f7af4d,MCEA-Contract-FY15-FY17-3-15-14.pdf,Montgomery County Public Schools,125,Individual vacancies in those categories containing a large group of persons will be advertised as a classification and not on an individual school basis so that a person may be given adequate consideration for any one of the vacancies that may exist in any given category.,Individual vacancies in those categories containing a large group of persons,management,worker,will,False,passive,plain,obligation,obligation,True,0.9,transfers,True,
montgomery_county_public_schools__mcea_contract_fy15_fy17_3_15_14__d1f7af4d,MCEA-Contract-FY15-FY17-3-15-14.pdf,Montgomery County Public Schools,125,"During the school year, MCPS Careers will carry the vacancy list for these positions.",MCPS Careers,management,worker,will,False,active,plain,obligation,obligation,True,0.9,transfers,True,
montgomery_county_public_schools__mcea_contract_fy15_fy17_3_15_14__d1f7af4d,MCEA-Contract-FY15-FY17-3-15-14.pdf,Montgomery County Public Schools,125,"Persons who desire to apply for such vacancies will submit their application, in writing, to the Office of Human Resources and Development within the time limit expressed in MCPS Careers in which the vacancy was published.",Persons who desire to apply for such vacancies,worker,management,will,False,active,plain,obligation,obligation,True,0.9,transfers,True,
montgomery_county_public_schools__mcea_contract_fy15_fy17_3_15_14__d1f7af4d,MCEA-Contract-FY15-FY17-3-15-14.pdf,Montgomery County Public Schools,125,The receipt of all applications will be acknowledged promptly by the Office of Human Resources and Development.,The receipt of all applications,management,worker,will,False,passive,plain,obligation,obligation,True,0.9,transfers,True,
montgomery_county_public_schools__mcea_contract_fy15_fy17_3_15_14__d1f7af4d,MCEA-Contract-FY15-FY17-3-15-14.pdf,Montgomery County Public Schools,125,Unit members may apply for the above defined positions which may become vacant during the summer months.,Unit members,worker,worker,may,False,active,plain,permission,permission,True,0.3,transfers,True,
montgomery_county_public_schools__mcea_contract_fy15_fy17_3_15_14__d1f7af4d,MCEA-Contract-FY15-FY17-3-15-14.pdf,Montgomery County Public Schools,125,Positions will be advertised in a summer employment bulletin.,Positions,management,worker,will,False,passive,plain,obligation,obligation,True,0.9,transfers,True,
montgomery_county_public_schools__mcea_contract_fy15_fy17_3_15_14__d1f7af4d,MCEA-Contract-FY15-FY17-3-15-14.pdf,Montgomery County Public Schools,125,Applicants will inform the Office of Human Resources and Development of their summer addresses.,Applicants,worker,management,will,False,active,plain,obligation,obligation,True,0.9,other,True,
montgomery_county_public_schools__mcea_contract_fy15_fy17_3_15_14__d1f7af4d,MCEA-Contract-FY15-FY17-3-15-14.pdf,Montgomery County Public Schools,125,"In the notice of vacancies in MCPS Careers, qualifications, duties, and rates of compensation will be clearly stated.","qualifications, duties, and rates of compensation",management,worker,will,False,passive,plain,obligation,obligation,True,0.9,other,True,
montgomery_county_public_schools__mcea_contract_fy15_fy17_3_15_14__d1f7af4d,MCEA-Contract-FY15-FY17-3-15-14.pdf,Montgomery County Public Schools,125,"Where qualifications and duties may vary from the accepted qualifications for a position, the variations will be specified.",the variations,management,worker,will,False,passive,plain,obligation,obligation,True,0.9,other,True,
montgomery_county_public_schools__mcea_contract_fy15_fy17_3_15_14__d1f7af4d,MCEA-Contract-FY15-FY17-3-15-14.pdf,Montgomery County Public Schools,125,"Upon written request, the superintendent or his designee will explain in writing to an applicant the reason he/she was not appointed.",the superintendent or his designee,management,worker,will,False,active,plain,obligation,obligation,True,0.9,other,True,
montgomery_county_public_schools__mcea_contract_fy15_fy17_3_15_14__d1f7af4d,MCEA-Contract-FY15-FY17-3-15-14.pdf,Montgomery County Public Schools,125,All appointments made to positions on the above-defined positions will be listed in MCPS Careers.,All appointments made to positions on the above-defined positions,management,worker,will,False,passive,plain,obligation,obligation,True,0.9,other,True,
montgomery_county_public_schools__mcea_contract_fy15_fy17_3_15_14__d1f7af4d,MCEA-Contract-FY15-FY17-3-15-14.pdf,Montgomery County Public Schools,125,"In filling vacancies, consideration will be given to the presently employed unit members.",consideration,management,worker,will,False,passive,plain,obligation,obligation,True,0.9,transfers,True,
montgomery_county_public_schools__mcea_contract_fy15_fy17_3_15_14__d1f7af4d,MCEA-Contract-FY15-FY17-3-15-14.pdf,Montgomery County Public Schools,125,"Their MCPS service, areas of competence, major and/or minor fields of study, quality of performance, and attendance record will be considered in filling vacancies.","Their MCPS service, areas of competence, major and/or minor fields of study, quality of performance, and attendance record",management,worker,will,False,passive,plain,obligation,obligation,True,0.9,transfers,True,
montgomery_county_public_schools__mcea_contract_fy15_fy17_3_15_14__d1f7af4d,MCEA-Contract-FY15-FY17-3-15-14.pdf,Montgomery County Public Schools,125,"When a unit member's position is reclassified to a lower paying classification, the unit member shall continue to receive his/her annual salary for one year or until such time as the salary is less than he/she would earn in his/her new salary classification, whichever comes first.",the unit member,worker,worker,shall,False,active,plain,obligation,obligation,True,1.0,compensation,True,
montgomery_county_public_schools__mcea_contract_fy15_fy17_3_15_14__d1f7af4d,MCEA-Contract-FY15-FY17-3-15-14.pdf,Montgomery County Public Schools,125,The parties agree to develop a framework that permits twelve month unit members to work a flexible schedule for a maximum of four weeks per year per unit member.,The parties,other,worker,,False,active,plain,other,obligation,False,0.0,other,True,
montgomery_county_public_schools__mcea_contract_fy15_fy17_3_15_14__d1f7af4d,MCEA-Contract-FY15-FY17-3-15-14.pdf,Montgomery County Public Schools,126,Days off shall be staggered so that services continue to be available throughout the week.,Days off,management,worker,shall,False,passive,plain,obligation,obligation,True,1.0,safety_and_working_conditions,True,
montgomery_county_public_schools__mcea_contract_fy15_fy17_3_15_14__d1f7af4d,MCEA-Contract-FY15-FY17-3-15-14.pdf,Montgomery County Public Schools,126,Central services units shall be able to choose up to any four common weeks in the year,Central services units,management,management,shall,False,active,permission_verb,permission,permission,True,1.0,other,True,
montgomery_county_public_schools__mcea_contract_fy15_fy17_3_15_14__d1f7af4d,MCEA-Contract-FY15-FY17-3-15-14.pdf,Montgomery County Public Schools,126,must submit the plan for when the four weeks will occur on or about July 31 of the impacted fiscal year.,Central services units,management,management,must,False,active,obligation_verb,obligation,obligation,True,1.0,other,True,
montgomery_county_public_schools__mcea_contract_fy15_fy17_3_15_14__d1f7af4d,MCEA-Contract-FY15-FY17-3-15-14.pdf,Montgomery County Public Schools,126,Requests must be submitted to and approved by the appropriate executive staff member prior to implementation of any flexible schedule options.,Requests,worker,management,must,False,passive,obligation_verb,obligation,obligation,True,1.0,other,True,
montgomery_county_public_schools__mcea_contract_fy15_fy17_3_15_14__d1f7af4d,MCEA-Contract-FY15-FY17-3-15-14.pdf,Montgomery County Public Schools,126,any individual participating must submit their request to their supervisor to be included with the unit’s program.,any individual participating,worker,management,must,False,active,obligation_verb,obligation,obligation,True,1.0,other,True,
montgomery_county_public_schools__mcea_contract_fy15_fy17_3_15_14__d1f7af4d,MCEA-Contract-FY15-FY17-3-15-14.pdf,Montgomery County Public Schools,126,A part-time unit member shall be compensated at the hourly rate commensurate with the unit member's level of experience and training.,A part-time unit member,management,worker,shall,False,passive,rights_passive,right,obligation,False,1.0,compensation,True,
montgomery_county_public_schools__mcea_contract_fy15_fy17_3_15_14__d1f7af4d,MCEA-Contract-FY15-FY17-3-15-14.pdf,Montgomery County Public Schools,126,A part-time unit member shall be eligible on a proportional basis for all the benefits enjoyed by a full-time unit member.,A part-time unit member,management,worker,shall,False,active,rights_passive,right,right,True,1.0,benefits,True,
montgomery_county_public_schools__mcea_contract_fy15_fy17_3_15_14__d1f7af4d,MCEA-Contract-FY15-FY17-3-15-14.pdf,Montgomery County Public Schools,126,Part-time unit members shall be given consideration for full-time employment in any classification that they are qualified for as vacancies develop during the term of this contract.,Part-time unit members,management,worker,shall,False,passive,rights_passive,right,right,True,1.0,transfers,True,
montgomery_county_public_schools__mcea_contract_fy15_fy17_3_15_14__d1f7af4d,MCEA-Contract-FY15-FY17-3-15-14.pdf,Montgomery County Public Schools,126,Part-time unit members who apply for full-time employment will be considered along with other applicants for full-time employment for position vacancies expected to occur at the beginning of a school year.,Part-time unit members who apply for full-time employment,management,worker,will,False,passive,rights_passive,right,right,True,0.9,transfers,True,
montgomery_county_public_schools__mcea_contract_fy15_fy17_3_15_14__d1f7af4d,MCEA-Contract-FY15-FY17-3-15-14.pdf,Montgomery County Public Schools,126,Such part-time unit members will also be considered for open contract for full-time employment at the same time other applicants are considered for open contract.,Such part-time unit members,management,worker,will,False,passive,rights_passive,right,right,True,0.9,transfers,True,
montgomery_county_public_schools__mcea_contract_fy15_fy17_3_15_14__d1f7af4d,MCEA-Contract-FY15-FY17-3-15-14.pdf,Montgomery County Public Schools,126,"Individual unit members seeking a change in their employment status, i.e., part-time to full-time, may not do so until all full-time involuntarily transferred and returning from leave unit members in their teaching fields have been reassigned.","Individual unit members seeking a change in their employment status, i.e., part-time to full-time",worker,management,may,True,active,prohibition_verb,permission,prohibition,False,0.3,transfers,True,
montgomery_county_public_schools__mcea_contract_fy15_fy17_3_15_14__d1f7af4d,MCEA-Contract-FY15-FY17-3-15-14.pdf,Montgomery County Public Schools,126,"part-time unit members must be willing to accept full-time positions if no part-time positions are available, take up to one (1) semester of Unusual or Imperative leave without pay, or terminate their service with MCPS.",part-time unit members,worker,management,must,False,active,obligation_verb,obligation,obligation,True,1.0,layoffs,True,
montgomery_county_public_schools__mcea_contract_fy15_fy17_3_15_14__d1f7af4d,MCEA-Contract-FY15-FY17-3-15-14.pdf,Montgomery County Public Schools,127,Bona fide educational needs must be considered before full-time unit members are permitted to become part-time unit members.,Bona fide educational needs,management,management,must,False,passive,obligation_verb,obligation,obligation,True,1.0,transfers,True,
montgomery_county_public_schools__mcea_contract_fy15_fy17_3_15_14__d1f7af4d,MCEA-Contract-FY15-FY17-3-15-14.pdf,Montgomery County Public Schools,127,"full-time teachers returning from leave may accept a part-time position, take up to one semester of Unusual or Imperative leave without pay, or terminate their service with MCPS.",full-time teachers returning from leave,worker,worker,may,False,active,permission_verb,permission,permission,True,0.3,leave,True,
montgomery_county_public_schools__mcea_contract_fy15_fy17_3_15_14__d1f7af4d,MCEA-Contract-FY15-FY17-3-15-14.pdf,Montgomery County Public Schools,127,the principal and the teacher should meet to discuss options.,the principal and the teacher,other,management,should,False,active,plain,obligation,obligation,True,0.7,other,True,
montgomery_county_public_schools__mcea_contract_fy15_fy17_3_15_14__d1f7af4d,MCEA-Contract-FY15-FY17-3-15-14.pdf,Montgomery County Public Schools,127,the administration may adjust the teacher’s start and end time by no more than one and a half (1.5) hours.,the administration,management,management,may,False,active,permission_verb,permission,permission,True,0.3,workload,True,
montgomery_county_public_schools__mcea_contract_fy15_fy17_3_15_14__d1f7af4d,MCEA-Contract-FY15-FY17-3-15-14.pdf,Montgomery County Public Schools,127,The Board of Education of Montgomery County retains the right to reduce its force,The Board of Education of Montgomery County,management,management,,False,active,rights_active,right,right,True,0.85,layoffs,True,
montgomery_county_public_schools__mcea_contract_fy15_fy17_3_15_14__d1f7af4d,MCEA-Contract-FY15-FY17-3-15-14.pdf,Montgomery County Public Schools,127,its decision on such reduction is not subject to the grievance procedure.,its decision on such reduction,other,management,,True,active,plain,prohibition,prohibition,True,0.0,layoffs,True,
montgomery_county_public_schools__mcea_contract_fy15_fy17_3_15_14__d1f7af4d,MCEA-Contract-FY15-FY17-3-15-14.pdf,Montgomery County Public Schools,127,"any action taken under Sections B, C, and D of this Article shall be grievable.","any action taken under Sections B, C, and D of this Article",other,worker,shall,False,active,plain,obligation,obligation,True,1.0,discipline,True,
montgomery_county_public_schools__mcea_contract_fy15_fy17_3_15_14__d1f7af4d,MCEA-Contract-FY15-FY17-3-15-14.pdf,Montgomery County Public Schools,127,a unit member's length of MCPS service and quality of job performance will receive equal consideration in determining those individuals who will be terminated.,a unit member's length of MCPS service and quality of job performance,other,worker,will,False,active,plain,obligation,obligation,True,0.9,job_security,True,
montgomery_county_public_schools__mcea_contract_fy15_fy17_3_15_14__d1f7af4d,MCEA-Contract-FY15-FY17-3-15-14.pdf,Montgomery County Public Schools,127,Among additional factors to be considered will be the competency of the teacher as related to the program needs of the school.,the competency of the teacher as related to the program needs of the school,other,worker,will,False,active,plain,obligation,obligation,True,0.9,job_security,True,inverted syntax
montgomery_county_public_schools__mcea_contract_fy15_fy17_3_15_14__d1f7af4d,MCEA-Contract-FY15-FY17-3-15-14.pdf,Montgomery County Public Schools,127,"For the duration of this contract, length of MCPS service will be given additional weight for unit members with six or more years of service with MCPS, unless individuals with demonstrably superior qualifications are avail",length of MCPS service,management,worker,will,False,passive,rights_passive,right,right,True,0.9,seniority,True,truncated at end
montgomery_county_public_schools__mcea_contract_fy15_fy17_3_15_14__d1f7af4d,MCEA-Contract-FY15-FY17-3-15-14.pdf,Montgomery County Public Schools,128,Any unit member whose service has been terminated because of the elimination of a position or a reduction in professional staff shall for a period of three years receive priority consideration for reemployment if he/she so desires and if appropriate vacancies develop.,Any unit member whose service has been terminated because of the elimination of a position or a reduction in professional staff,worker,worker,shall,False,active,rights_active,right,right,True,1.0,layoffs,True,
montgomery_county_public_schools__mcea_contract_fy15_fy17_3_15_14__d1f7af4d,MCEA-Contract-FY15-FY17-3-15-14.pdf,Montgomery County Public Schools,128,"In the event that a unit member does not desire at the time of termination to be placed on the list for priority consideration for employment, he/she shall receive full payment of all earned unused leave.",he/she,worker,worker,shall,False,active,rights_active,right,right,True,1.0,leave,True,
montgomery_county_public_schools__mcea_contract_fy15_fy17_3_15_14__d1f7af4d,MCEA-Contract-FY15-FY17-3-15-14.pdf,Montgomery County Public Schools,128,Tenured unit members shall also be entitled to either of the payments listed below.,Tenured unit members,worker,worker,shall,False,active,rights_passive,right,right,True,1.0,compensation,True,
montgomery_county_public_schools__mcea_contract_fy15_fy17_3_15_14__d1f7af4d,MCEA-Contract-FY15-FY17-3-15-14.pdf,Montgomery County Public Schools,128,"Terminated unit members with tenure and less than 12 years of MCPS service will receive, in addition, one month's salary for each year of MCPS service up to a limit of six month’s salary.",Terminated unit members with tenure and less than 12 years of MCPS service,worker,worker,will,False,active,rights_active,right,right,True,0.9,compensation,True,
montgomery_county_public_schools__mcea_contract_fy15_fy17_3_15_14__d1f7af4d,MCEA-Contract-FY15-FY17-3-15-14.pdf,Montgomery County Public Schools,128,"Terminated unit members with tenure and 12 or more years of MCPS service will receive, in addition, one month's salary for each year of MCPS service up to a limit of 12 month’s salary.",Terminated unit members with tenure and 12 or more years of MCPS service,worker,worker,will,False,active,rights_active,right,right,True,0.9,compensation,True,
montgomery_county_public_schools__mcea_contract_fy15_fy17_3_15_14__d1f7af4d,MCEA-Contract-FY15-FY17-3-15-14.pdf,Montgomery County Public Schools,128,Any unit member who is terminated due to a reduction in force may be placed on leave without pay for the six months immediately following the end of duty,Any unit member who is terminated due to a reduction in force,management,worker,may,False,passive,plain,permission,permission,True,0.3,layoffs,True,
montgomery_county_public_schools__mcea_contract_fy15_fy17_3_15_14__d1f7af4d,MCEA-Contract-FY15-FY17-3-15-14.pdf,Montgomery County Public Schools,128,and may choose to continue membership in the health benefit plans offered by the Board of Education by paying the full cost of membership in these plans during those six months.,Any unit member who is terminated due to a reduction in force,worker,worker,may,False,active,plain,permission,permission,True,0.3,benefits,True,
montgomery_county_public_schools__mcea_contract_fy15_fy17_3_15_14__d1f7af4d,MCEA-Contract-FY15-FY17-3-15-14.pdf,Montgomery County Public Schools,128,The superintendent will attempt to provide a period of retraining for tenured unit members so that they can be placed in positions for which they would not otherwise qualify without such training.,The superintendent,management,worker,will,False,active,plain,obligation,obligation,True,0.9,professional_development,True,
montgomery_county_public_schools__mcea_contract_fy15_fy17_3_15_14__d1f7af4d,MCEA-Contract-FY15-FY17-3-15-14.pdf,Montgomery County Public Schools,128,A list will be supplied to MCEA by the Office of Human Resources and Development which that department will use in reductions in force consistent with the procedures and factors listed in this Article.,A list,management,worker,will,False,passive,plain,obligation,obligation,True,0.9,layoffs,True,
montgomery_county_public_schools__mcea_contract_fy15_fy17_3_15_14__d1f7af4d,MCEA-Contract-FY15-FY17-3-15-14.pdf,Montgomery County Public Schools,128,"The offices of the chief operating officer, human resources and development, and school performance will review the list to determine jointly who will be notified of termination.","The offices of the chief operating officer, human resources and development, and school performance",management,worker,will,False,active,plain,obligation,obligation,True,0.9,layoffs,True,
montgomery_county_public_schools__mcea_contract_fy15_fy17_3_15_14__d1f7af4d,MCEA-Contract-FY15-FY17-3-15-14.pdf,Montgomery County Public Schools,128,Termination notices will be hand-delivered to affected unit members by a human resources representative who will explain the reduction-in-force and recall procedures.,Termination notices,management,worker,will,False,passive,plain,obligation,obligation,True,0.9,layoffs,True,
montgomery_county_public_schools__mcea_contract_fy15_fy17_3_15_14__d1f7af4d,MCEA-Contract-FY15-FY17-3-15-14.pdf,Montgomery County Public Schools,129,A Preference for Reassignment form will be completed for each terminated unit member to assist in the recall and reassignment process.,A Preference for Reassignment form,management,worker,will,False,passive,plain,obligation,obligation,True,0.9,transfers,True,
montgomery_county_public_schools__mcea_contract_fy15_fy17_3_15_14__d1f7af4d,MCEA-Contract-FY15-FY17-3-15-14.pdf,Montgomery County Public Schools,129,Information sessions to discuss two-year priority consideration for reemployment and other fringe benefits due terminated unit members will be arranged by the Department of Recruitment and Staffing.,Information sessions,management,worker,will,False,passive,plain,obligation,obligation,True,0.9,benefits,True,
montgomery_county_public_schools__mcea_contract_fy15_fy17_3_15_14__d1f7af4d,MCEA-Contract-FY15-FY17-3-15-14.pdf,Montgomery County Public Schools,129,Unit members will also be informed to keep in close contact with a specific human resources representative.,Unit members,management,worker,will,False,passive,rights_passive,right,obligation,False,0.9,other,True,
montgomery_county_public_schools__mcea_contract_fy15_fy17_3_15_14__d1f7af4d,MCEA-Contract-FY15-FY17-3-15-14.pdf,Montgomery County Public Schools,129,"After unit members involuntarily transferred and returning from leave have been placed, the Office of Human Resources and Development, utilizing the prepared list and following established procedures, will recall and reassign unit members terminated through reduction in force as appropriate vacancies occur.",the Office of Human Resources and Development,management,worker,will,False,active,plain,obligation,obligation,True,0.9,layoffs,True,
montgomery_county_public_schools__mcea_contract_fy15_fy17_3_15_14__d1f7af4d,MCEA-Contract-FY15-FY17-3-15-14.pdf,Montgomery County Public Schools,130,"Employees who work less than 80 hours in a two-week payroll period, or who do not work five days per calendar week, will be treated as having five duty days during any calendar week that they work",Employees,management,worker,will,False,passive,plain,obligation,obligation,True,0.9,workload,True,
montgomery_county_public_schools__mcea_contract_fy15_fy17_3_15_14__d1f7af4d,MCEA-Contract-FY15-FY17-3-15-14.pdf,Montgomery County Public Schools,130,Emergency Leave days are considered duty days,Emergency Leave days,management,worker,,False,passive,plain,other,other,True,0.0,leave,True,
montgomery_county_public_schools__mcea_contract_fy15_fy17_3_15_14__d1f7af4d,MCEA-Contract-FY15-FY17-3-15-14.pdf,Montgomery County Public Schools,130,holidays are not considered duty days.,holidays,management,management,,True,passive,plain,prohibition,other,False,0.0,workload,True,
montgomery_county_public_schools__mcea_contract_fy15_fy17_3_15_14__d1f7af4d,MCEA-Contract-FY15-FY17-3-15-14.pdf,Montgomery County Public Schools,130,This Article shall conform to the requirements of the Family and Medical Leave Act of 1993 (FMLA).,This Article,other,worker,shall,False,active,plain,obligation,obligation,True,1.0,leave,True,Inanimate subject
montgomery_county_public_schools__mcea_contract_fy15_fy17_3_15_14__d1f7af4d,MCEA-Contract-FY15-FY17-3-15-14.pdf,Montgomery County Public Schools,130,"Subject to the definitions and criteria of FMLA, employees are provided up to 12 weeks in any 12-month period for the birth or placement for adoption or foster care of a child, the serious illness of an immediate family member, as defined in this Article, or the employee's own serious health condition.",employees,management,worker,,False,passive,rights_passive,right,right,True,0.85,leave,True,
montgomery_county_public_schools__mcea_contract_fy15_fy17_3_15_14__d1f7af4d,MCEA-Contract-FY15-FY17-3-15-14.pdf,Montgomery County Public Schools,130,"Authorized leave under this Article conforming to the FMLA definition of ""serious health condition"" shall be counted as FMLA leave up to the maximum 12 weeks in each year.","Authorized leave under this Article conforming to the FMLA definition of ""serious health condition""",management,worker,shall,False,passive,plain,obligation,obligation,True,1.0,leave,True,
montgomery_county_public_schools__mcea_contract_fy15_fy17_3_15_14__d1f7af4d,MCEA-Contract-FY15-FY17-3-15-14.pdf,Montgomery County Public Schools,130,Summer non-duty days and holidays do not count towards the 12 weeks of FMLA.,Summer non-duty days and holidays,other,worker,,True,active,plain,prohibition,other,False,0.0,leave,True,Inanimate subject
montgomery_county_public_schools__mcea_contract_fy15_fy17_3_15_14__d1f7af4d,MCEA-Contract-FY15-FY17-3-15-14.pdf,Montgomery County Public Schools,130,The employee's benefits will be maintained during the term of covered leave under the conditions coverage would have been provided if the employee had continued working.,The employee's benefits,management,worker,will,False,passive,plain,obligation,obligation,True,0.9,benefits,True,
montgomery_county_public_schools__mcea_contract_fy15_fy17_3_15_14__d1f7af4d,MCEA-Contract-FY15-FY17-3-15-14.pdf,Montgomery County Public Schools,130,"Upon completion of the FMLA covered leave, an employee will be returned to his/her original position within MCPS, or to an equivalent position if the original position has been eliminated.",an employee,management,worker,will,False,passive,plain,obligation,obligation,True,0.9,leave,True,
montgomery_county_public_schools__mcea_contract_fy15_fy17_3_15_14__d1f7af4d,MCEA-Contract-FY15-FY17-3-15-14.pdf,Montgomery County Public Schools,130,"Upon return from leave, all benefits will resume in the same manner and at the same levels as provided when the leave began and will be subject to any changes in benefit levels that may have taken place during the period of l",all benefits,management,worker,will,False,active,plain,obligation,obligation,True,0.9,benefits,True,Truncated at end of chunk
montgomery_county_public_schools__mcea_contract_fy15_fy17_3_15_14__d1f7af4d,MCEA-Contract-FY15-FY17-3-15-14.pdf,Montgomery County Public Schools,131,"Upon return from leave, all benefits will resume in the same manner and at the same levels as provided when the leave began",all benefits,other,worker,will,False,active,plain,obligation,obligation,True,0.9,benefits,True,
montgomery_county_public_schools__mcea_contract_fy15_fy17_3_15_14__d1f7af4d,MCEA-Contract-FY15-FY17-3-15-14.pdf,Montgomery County Public Schools,131,and will be subject to any changes in benefit levels that may have taken place during the period of leave affecting the bargaining unit.,all benefits,other,worker,will,False,active,plain,obligation,obligation,True,0.9,benefits,True,
montgomery_county_public_schools__mcea_contract_fy15_fy17_3_15_14__d1f7af4d,MCEA-Contract-FY15-FY17-3-15-14.pdf,Montgomery County Public Schools,131,a substitute may be employed,a substitute,management,management,may,False,passive,plain,permission,permission,True,0.3,other,True,
montgomery_county_public_schools__mcea_contract_fy15_fy17_3_15_14__d1f7af4d,MCEA-Contract-FY15-FY17-3-15-14.pdf,Montgomery County Public Schools,131,and the position shall be held for the return of the unit member.,the position,management,worker,shall,False,passive,plain,obligation,obligation,True,1.0,job_security,True,
montgomery_county_public_schools__mcea_contract_fy15_fy17_3_15_14__d1f7af4d,MCEA-Contract-FY15-FY17-3-15-14.pdf,Montgomery County Public Schools,131,Unit members wishing leave in excess of 60 consecutive duty days must use MCPS Form 430-1 for long-term leave without salary.,Unit members wishing leave in excess of 60 consecutive duty days,worker,management,must,False,active,plain,obligation,obligation,True,1.0,leave,True,
montgomery_county_public_schools__mcea_contract_fy15_fy17_3_15_14__d1f7af4d,MCEA-Contract-FY15-FY17-3-15-14.pdf,Montgomery County Public Schools,131,Reassignment of a unit member will be made when the Department of Recruitment and Staffing determines a vacancy exists for which the unit member is qualified.,Reassignment of a unit member,management,worker,will,False,passive,plain,obligation,obligation,True,0.9,transfers,True,
montgomery_county_public_schools__mcea_contract_fy15_fy17_3_15_14__d1f7af4d,MCEA-Contract-FY15-FY17-3-15-14.pdf,Montgomery County Public Schools,131,the unit member will be reinstated at the conclusion of the leave providing a health certificate from the attending physician is submitted attesting to the unit member's physical fitness to perform his/her duties.,the unit member,management,worker,will,False,passive,plain,obligation,obligation,True,0.9,leave,True,
montgomery_county_public_schools__mcea_contract_fy15_fy17_3_15_14__d1f7af4d,MCEA-Contract-FY15-FY17-3-15-14.pdf,Montgomery County Public Schools,131,then the dispute will be resolved by adding a third physician,the dispute,management,management,will,False,passive,plain,obligation,obligation,True,0.9,other,True,
montgomery_county_public_schools__mcea_contract_fy15_fy17_3_15_14__d1f7af4d,MCEA-Contract-FY15-FY17-3-15-14.pdf,Montgomery County Public Schools,131,Reassignment will not be made until the third opinion is received,Reassignment,management,management,will,True,passive,plain,prohibition,prohibition,True,0.9,other,True,
montgomery_county_public_schools__mcea_contract_fy15_fy17_3_15_14__d1f7af4d,MCEA-Contract-FY15-FY17-3-15-14.pdf,Montgomery County Public Schools,131,and a final determination is made as to fitness for duty.,a final determination,management,management,,False,passive,plain,other,other,True,0.0,other,True,
montgomery_county_public_schools__mcea_contract_fy15_fy17_3_15_14__d1f7af4d,MCEA-Contract-FY15-FY17-3-15-14.pdf,Montgomery County Public Schools,131,Reassignment will be made when there is a vacancy for which the unit member is qualified.,Reassignment,management,worker,will,False,passive,plain,obligation,obligation,True,0.9,transfers,True,
montgomery_county_public_schools__mcea_contract_fy15_fy17_3_15_14__d1f7af4d,MCEA-Contract-FY15-FY17-3-15-14.pdf,Montgomery County Public Schools,131,"Reassignment upon return from an approved FMLA leave will be to the unit member's original position held prior to leave, or to an equivalent position if the original position has been eliminated.",Reassignment upon return from an approved FMLA leave,other,worker,will,False,active,plain,obligation,obligation,True,0.9,leave,True,
montgomery_county_public_schools__mcea_contract_fy15_fy17_3_15_14__d1f7af4d,MCEA-Contract-FY15-FY17-3-15-14.pdf,Montgomery County Public Schools,131,Unit members returning from leave will fill out a Returning from Leave Preference for Reassignment form supplied by and returned to the Employee and Retiree Service Center.,Unit members returning from leave,worker,management,will,False,active,plain,obligation,obligation,True,0.9,leave,True,
montgomery_county_public_schools__mcea_contract_fy15_fy17_3_15_14__d1f7af4d,MCEA-Contract-FY15-FY17-3-15-14.pdf,Montgomery County Public Schools,131,Unit members on long-term leaves of absence (with the exception of sick leave and workers’ compensation leave) must notify the Employee and Retiree Service Center by March 1 of each year indicating their intent (1) to return to work the fo,Unit members on long-term leaves of absence (with the exception of sick leave and workers’ compensation leave),worker,management,must,False,active,plain,obligation,obligation,True,1.0,leave,True,Text truncated at end of chunk.
montgomery_county_public_schools__mcea_contract_fy15_fy17_3_15_14__d1f7af4d,MCEA-Contract-FY15-FY17-3-15-14.pdf,Montgomery County Public Schools,132,Unit members on long-term leaves of absence (with the exception of sick leave and workers’ compensation leave) must notify the Employee and Retiree Service Center by March 1 of each year indicating their intent (1) to return to work the following fall; (2) not to return to work and therefore to resign/retire; (3) not to return to work and to request extension of the leave of absence; or (4) their desire to extend until April 1 official notice to MCPS of their intent.,Unit members on long-term leaves of absence (with the exception of sick leave and workers’ compensation leave),worker,management,must,False,active,plain,obligation,obligation,True,1.0,leave,True,
montgomery_county_public_schools__mcea_contract_fy15_fy17_3_15_14__d1f7af4d,MCEA-Contract-FY15-FY17-3-15-14.pdf,Montgomery County Public Schools,132,The Employee and Retiree Service Center will notify all unit members on leave of this deadline in early February each year.,The Employee and Retiree Service Center,other,worker,will,False,active,plain,obligation,obligation,True,0.9,leave,True,
montgomery_county_public_schools__mcea_contract_fy15_fy17_3_15_14__d1f7af4d,MCEA-Contract-FY15-FY17-3-15-14.pdf,Montgomery County Public Schools,132,"When unit members do not meet the deadline, they will be considered as having resigned.",they,management,management,will,False,passive,plain,obligation,obligation,True,0.9,leave,True,Main independent clause extracted.
montgomery_county_public_schools__mcea_contract_fy15_fy17_3_15_14__d1f7af4d,MCEA-Contract-FY15-FY17-3-15-14.pdf,Montgomery County Public Schools,132,"In order to match unit members with appropriate vacancies, subject coordinators/ supervisors may be asked to provide information and make recommendations about the reassignment of unit members returning from leave.",subject coordinators/ supervisors,management,management,may,False,passive,plain,permission,permission,True,0.3,transfers,True,
montgomery_county_public_schools__mcea_contract_fy15_fy17_3_15_14__d1f7af4d,MCEA-Contract-FY15-FY17-3-15-14.pdf,Montgomery County Public Schools,132,"Normally, unit members returning from leave will be reassigned to the school or office which they left if an appropriate vacancy occurs in the school or office.",unit members returning from leave,management,worker,will,False,passive,rights_passive,right,obligation,False,0.9,leave,True,
montgomery_county_public_schools__mcea_contract_fy15_fy17_3_15_14__d1f7af4d,MCEA-Contract-FY15-FY17-3-15-14.pdf,Montgomery County Public Schools,132,A 10-month school-based unit member who is scheduled to return from leave during the last three weeks of the school year and who is not returned to his/her position due to continuity of instruction concerns when such denial is allowed under the FMLA shall have the option of working as a substitute teacher at his/her regular rate of pay during that period of time.,A 10-month school-based unit member who is scheduled to return from leave during the last three weeks of the school year and who is not returned to his/her position due to continuity of instruction concerns when such denial is allowed under the FMLA,worker,worker,shall,False,active,plain,obligation,permission,False,1.0,leave,True,
montgomery_county_public_schools__mcea_contract_fy15_fy17_3_15_14__d1f7af4d,MCEA-Contract-FY15-FY17-3-15-14.pdf,Montgomery County Public Schools,132,Exercising this option will not diminish his/her right to return to his/her prior position at the beginning of the subsequent school year.,Exercising this option,other,worker,will,True,active,plain,prohibition,prohibition,True,0.9,job_security,True,
montgomery_county_public_schools__mcea_contract_fy15_fy17_3_15_14__d1f7af4d,MCEA-Contract-FY15-FY17-3-15-14.pdf,Montgomery County Public Schools,132,A return to work date must be at least three (3) work days prior to the Thanksgiving holiday and no less than four (4) work days prior to the beginning of Winter Break or Spring Break.,A return to work date,other,management,must,False,active,plain,obligation,obligation,True,1.0,leave,True,
montgomery_county_public_schools__mcea_contract_fy15_fy17_3_15_14__d1f7af4d,MCEA-Contract-FY15-FY17-3-15-14.pdf,Montgomery County Public Schools,132,"When unit members do not qualify for any leave of absence type or have used the maximum allowable leave, the unit member may resign.",the unit member,worker,worker,may,False,active,plain,permission,permission,True,0.3,leave,True,Main independent clause extracted.
montgomery_county_public_schools__mcea_contract_fy15_fy17_3_15_14__d1f7af4d,MCEA-Contract-FY15-FY17-3-15-14.pdf,Montgomery County Public Schools,132,An open contract for the unit member to return within a three-year period at the same salary step may be offered to the resigning teacher under the following conditions: 1) the subject field which they teach is projected to have adequate future vacancies; 2) the unit member is in good standing at the time of resignation; and 3) the resignation is submitted within th,An open contract for the unit member to return within a three-year period at the same salary step,management,worker,may,False,passive,rights_passive,right,permission,False,0.3,job_security,True,Clause truncated at end but operative clause is complete.
montgomery_county_public_schools__mcea_contract_fy15_fy17_3_15_14__d1f7af4d,MCEA-Contract-FY15-FY17-3-15-14.pdf,Montgomery County Public Schools,133,"The superintendent has the right to grant a leave of absence with loss of substitute pay, with or without pay, or to deny leave, for any other reason.",The superintendent,management,management,,False,active,plain,other,permission,False,0.0,leave,True,
montgomery_county_public_schools__mcea_contract_fy15_fy17_3_15_14__d1f7af4d,MCEA-Contract-FY15-FY17-3-15-14.pdf,Montgomery County Public Schools,133,"Sick leave may not be granted for the period of disability when monies are paid to the unit member under the Workers' Compensation Law, except as provided in Section E of this Article.",Sick leave,other,management,may,True,passive,rights_passive,other,prohibition,False,0.0,benefits,True,
montgomery_county_public_schools__mcea_contract_fy15_fy17_3_15_14__d1f7af4d,MCEA-Contract-FY15-FY17-3-15-14.pdf,Montgomery County Public Schools,133,Each full-time unit member shall accrue sick leave at the rate of one day per month of assigned responsibility.,Each full-time unit member,worker,worker,shall,False,active,rights_active,right,right,True,1.0,benefits,True,
montgomery_county_public_schools__mcea_contract_fy15_fy17_3_15_14__d1f7af4d,MCEA-Contract-FY15-FY17-3-15-14.pdf,Montgomery County Public Schools,133,Regular part-time unit members shall accrue sick leave in proportion to the time worked.,Regular part-time unit members,worker,worker,shall,False,active,rights_active,right,right,True,1.0,benefits,True,
montgomery_county_public_schools__mcea_contract_fy15_fy17_3_15_14__d1f7af4d,MCEA-Contract-FY15-FY17-3-15-14.pdf,Montgomery County Public Schools,133,"Unit members having an extended work year (Article 16, Section H) of 5 days or more shall accrue sick leave for the extended work year proportionately at the rate of one day of sick leave for each twenty days of extended year.","Unit members having an extended work year (Article 16, Section H) of 5 days or more",worker,worker,shall,False,active,rights_active,right,right,True,1.0,benefits,True,
montgomery_county_public_schools__mcea_contract_fy15_fy17_3_15_14__d1f7af4d,MCEA-Contract-FY15-FY17-3-15-14.pdf,Montgomery County Public Schools,133,Unused personal leave shall be added annually to the unused sick leave account.,Unused personal leave,other,worker,shall,False,passive,plain,obligation,obligation,True,1.0,benefits,True,
montgomery_county_public_schools__mcea_contract_fy15_fy17_3_15_14__d1f7af4d,MCEA-Contract-FY15-FY17-3-15-14.pdf,Montgomery County Public Schools,133,"At the beginning of each school year, a unit member is advanced sick leave that will be earned during the school year.",a unit member,management,worker,will,False,passive,rights_passive,right,obligation,False,0.9,benefits,True,
montgomery_county_public_schools__mcea_contract_fy15_fy17_3_15_14__d1f7af4d,MCEA-Contract-FY15-FY17-3-15-14.pdf,Montgomery County Public Schools,133,Sick leave in excess of the amount to be earned may be advanced by the Employee and Retiree Service Center.,Sick leave in excess of the amount to be earned,worker,management,may,False,passive,plain,permission,permission,True,0.3,benefits,True,
montgomery_county_public_schools__mcea_contract_fy15_fy17_3_15_14__d1f7af4d,MCEA-Contract-FY15-FY17-3-15-14.pdf,Montgomery County Public Schools,133,"A unit member who, on termination of service with the Montgomery County Public Schools, is indebted to said system for advanced sick leave shall have the amount of such indebtedness deducted from his/her earned salary.","A unit member who, on termination of service with the Montgomery County Public Schools, is indebted to said system for advanced sick leave",worker,management,shall,False,active,plain,obligation,obligation,True,1.0,benefits,True,
montgomery_county_public_schools__mcea_contract_fy15_fy17_3_15_14__d1f7af4d,MCEA-Contract-FY15-FY17-3-15-14.pdf,Montgomery County Public Schools,135,The Employee and Retiree Service Center may grant a leave of absence without pay to a unit member when that unit member or a member of his/her immediate family is ill.,The Employee and Retiree Service Center,management,worker,may,False,active,plain,permission,permission,True,0.3,leave,True,
montgomery_county_public_schools__mcea_contract_fy15_fy17_3_15_14__d1f7af4d,MCEA-Contract-FY15-FY17-3-15-14.pdf,Montgomery County Public Schools,135,"The leave shall be for definite periods, such as a semester or school year",The leave,other,worker,shall,False,active,plain,obligation,obligation,True,1.0,leave,True,
montgomery_county_public_schools__mcea_contract_fy15_fy17_3_15_14__d1f7af4d,MCEA-Contract-FY15-FY17-3-15-14.pdf,Montgomery County Public Schools,135,and shall not exceed one year.,The leave,other,management,shall,True,active,plain,prohibition,prohibition,True,1.0,leave,True,
montgomery_county_public_schools__mcea_contract_fy15_fy17_3_15_14__d1f7af4d,MCEA-Contract-FY15-FY17-3-15-14.pdf,Montgomery County Public Schools,135,"Leave approved and verified with a doctor's certification on an FMLA leave request form in accordance with the FMLA, may be taken for the first 12 weeks of the requested leave.",Leave approved and verified with a doctor's certification on an FMLA leave request form in accordance with the FMLA,worker,worker,may,False,passive,plain,permission,permission,True,0.3,leave,True,
montgomery_county_public_schools__mcea_contract_fy15_fy17_3_15_14__d1f7af4d,MCEA-Contract-FY15-FY17-3-15-14.pdf,Montgomery County Public Schools,135,Applications for leave must be submitted in writing to the appropriate supervisor,Applications for leave,worker,management,must,False,passive,plain,obligation,obligation,True,1.0,leave,True,
montgomery_county_public_schools__mcea_contract_fy15_fy17_3_15_14__d1f7af4d,MCEA-Contract-FY15-FY17-3-15-14.pdf,Montgomery County Public Schools,135,and forwarded with his/her recommendation to the Leave Administration team in the Employee and Retiree Service Center for approval.,Applications for leave,worker,management,,False,passive,plain,other,obligation,False,0.0,leave,True,
montgomery_county_public_schools__mcea_contract_fy15_fy17_3_15_14__d1f7af4d,MCEA-Contract-FY15-FY17-3-15-14.pdf,Montgomery County Public Schools,135,Unit members may contribute to the retirement system while on leave according to the provisions of the MCPS Retirement System.,Unit members,worker,worker,may,False,active,plain,permission,permission,True,0.3,benefits,True,
montgomery_county_public_schools__mcea_contract_fy15_fy17_3_15_14__d1f7af4d,MCEA-Contract-FY15-FY17-3-15-14.pdf,Montgomery County Public Schools,135,"For unit members on FMLA leave, MCPS will maintain the employee's benefits under the conditions coverage would have been provided if the employee had continued working.",MCPS,management,worker,will,False,active,plain,obligation,obligation,True,0.9,benefits,True,
montgomery_county_public_schools__mcea_contract_fy15_fy17_3_15_14__d1f7af4d,MCEA-Contract-FY15-FY17-3-15-14.pdf,Montgomery County Public Schools,135,A unit member who is on tenure at the time he/she is granted leave because of personal illness or illness in his/her immediate family shall remain on tenure.,A unit member who is on tenure at the time he/she is granted leave because of personal illness or illness in his/her immediate family,worker,worker,shall,False,active,plain,obligation,obligation,True,1.0,job_security,True,
montgomery_county_public_schools__mcea_contract_fy15_fy17_3_15_14__d1f7af4d,MCEA-Contract-FY15-FY17-3-15-14.pdf,Montgomery County Public Schools,135,A unit member who has been recommended for tenure at the time leave is granted shall go on tenure at the time he/she returns from leave and is reassigned.,A unit member who has been recommended for tenure at the time leave is granted,worker,worker,shall,False,active,plain,obligation,obligation,True,1.0,job_security,True,
montgomery_county_public_schools__mcea_contract_fy15_fy17_3_15_14__d1f7af4d,MCEA-Contract-FY15-FY17-3-15-14.pdf,Montgomery County Public Schools,135,"A unit member who has a Regular Contract but is not on tenure, by entering into a written contractual agreement before being granted leave, shall waive his/her rights to have this period of leave considered as probationary toward tenure.","A unit member who has a Regular Contract but is not on tenure, by entering into a written contractual agreement before being granted leave",worker,worker,shall,False,active,plain,obligation,obligation,True,1.0,job_security,True,
montgomery_county_public_schools__mcea_contract_fy15_fy17_3_15_14__d1f7af4d,MCEA-Contract-FY15-FY17-3-15-14.pdf,Montgomery County Public Schools,135,"On returning from leave, the unit member shall retain the same probationary status as that held at the time this leave was granted.",the unit member,worker,worker,shall,False,active,plain,obligation,obligation,True,1.0,job_security,True,
montgomery_county_public_schools__mcea_contract_fy15_fy17_3_15_14__d1f7af4d,MCEA-Contract-FY15-FY17-3-15-14.pdf,Montgomery County Public Schools,135,"A unit member who is physically unable to report for duty as a result of an injury in the line of duty may be placed on workers' compensation leave at full salary by the superintendent provided the unit member seeks medical treatment with respect to the injury from a physician who is among a list of comprehensive, preferred providers approved by the Board of Education.",A unit member who is physically unable to report for duty as a result of an injury in the line of duty,worker,worker,may,False,passive,plain,permission,permission,True,0.3,leave,True,
montgomery_county_public_schools__mcea_contract_fy15_fy17_3_15_14__d1f7af4d,MCEA-Contract-FY15-FY17-3-15-14.pdf,Montgomery County Public Schools,136,MCEA shall have representation on the selection committee that recommends the list of preferred providers to the Board.,MCEA,worker,worker,shall,False,active,plain,obligation,obligation,True,1.0,other,True,
montgomery_county_public_schools__mcea_contract_fy15_fy17_3_15_14__d1f7af4d,MCEA-Contract-FY15-FY17-3-15-14.pdf,Montgomery County Public Schools,136,the unit member will be entitled to receive the benefit mandated by the Workers' Compensation Law of Maryland,the unit member,worker,worker,will,False,active,rights_passive,right,right,True,0.9,benefits,True,
montgomery_county_public_schools__mcea_contract_fy15_fy17_3_15_14__d1f7af4d,MCEA-Contract-FY15-FY17-3-15-14.pdf,Montgomery County Public Schools,136,the unit member will not be entitled to the benefits in this section.,the unit member,worker,management,will,True,active,rights_passive,other,prohibition,False,0.0,benefits,True,
montgomery_county_public_schools__mcea_contract_fy15_fy17_3_15_14__d1f7af4d,MCEA-Contract-FY15-FY17-3-15-14.pdf,Montgomery County Public Schools,136,A unit member receiving workers' compensation benefits but not receiving workers' compensation leave may use his/her accrued sick leave,A unit member receiving workers' compensation benefits but not receiving workers' compensation leave,worker,worker,may,False,active,plain,permission,permission,True,0.3,benefits,True,
montgomery_county_public_schools__mcea_contract_fy15_fy17_3_15_14__d1f7af4d,MCEA-Contract-FY15-FY17-3-15-14.pdf,Montgomery County Public Schools,136,"A unit member receiving workers' compensation benefits but not receiving workers' compensation leave must submit to the Board all monies received through the Workers' Compensation Law of Maryland, or resulting from a legal liability of a person other than the unit member.",A unit member receiving workers' compensation benefits but not receiving workers' compensation leave,worker,management,must,False,active,plain,obligation,obligation,True,1.0,compensation,True,
montgomery_county_public_schools__mcea_contract_fy15_fy17_3_15_14__d1f7af4d,MCEA-Contract-FY15-FY17-3-15-14.pdf,Montgomery County Public Schools,136,"The unit member, or his/her representative, must file an injury report with the Employee and Retiree Service Center within 48 hours of the injury.","The unit member, or his/her representative",worker,management,must,False,active,plain,obligation,obligation,True,1.0,safety_and_working_conditions,True,
montgomery_county_public_schools__mcea_contract_fy15_fy17_3_15_14__d1f7af4d,MCEA-Contract-FY15-FY17-3-15-14.pdf,Montgomery County Public Schools,136,The unit member shall also file a leave request for leave for workers' compensation accompanied by a participating doctor's report stating he/she is unable to carry out the duties of his/her assignment due to this injury.,The unit member,worker,management,shall,False,active,plain,obligation,obligation,True,1.0,leave,True,
montgomery_county_public_schools__mcea_contract_fy15_fy17_3_15_14__d1f7af4d,MCEA-Contract-FY15-FY17-3-15-14.pdf,Montgomery County Public Schools,136,Workers' compensation leave is approved by the Employee and Retiree Service Center,Workers' compensation leave,worker,management,,False,passive,plain,other,other,True,0.0,leave,True,
montgomery_county_public_schools__mcea_contract_fy15_fy17_3_15_14__d1f7af4d,MCEA-Contract-FY15-FY17-3-15-14.pdf,Montgomery County Public Schools,136,Workers' compensation leave is contingent upon claim for workers' compensation being approved by the MCPS Workers' Compensation claims administrator.,Workers' compensation leave,management,management,,False,passive,plain,other,other,True,0.0,leave,True,
montgomery_county_public_schools__mcea_contract_fy15_fy17_3_15_14__d1f7af4d,MCEA-Contract-FY15-FY17-3-15-14.pdf,Montgomery County Public Schools,136,the employee will be required to repay MCPS all monies received.,the employee,worker,management,will,False,active,obligation_verb,obligation,obligation,True,0.9,compensation,True,
montgomery_county_public_schools__mcea_contract_fy15_fy17_3_15_14__d1f7af4d,MCEA-Contract-FY15-FY17-3-15-14.pdf,Montgomery County Public Schools,136,"This payment can be in the form of annual leave, sick leave, or lump sum payment.",This payment,other,worker,can,False,active,plain,permission,permission,True,0.3,compensation,True,
montgomery_county_public_schools__mcea_contract_fy15_fy17_3_15_14__d1f7af4d,MCEA-Contract-FY15-FY17-3-15-14.pdf,Montgomery County Public Schools,136,"All monies payable to the unit member through the Workers' Compensation Law of the State of Maryland, or resulting from a legal liability of a person other than the unit member must, under the right of subrogation, be transmitted to the Board by the unit member.","All monies payable to the unit member through the Workers' Compensation Law of the State of Maryland, or resulting from a legal liability of a person other than the unit member",worker,management,must,False,passive,plain,obligation,obligation,True,1.0,compensation,True,
montgomery_county_public_schools__mcea_contract_fy15_fy17_3_15_14__d1f7af4d,MCEA-Contract-FY15-FY17-3-15-14.pdf,Montgomery County Public Schools,137,A unit member may be carried on full workers' compensation leave for up to one year after the disability accident.,A unit member,management,worker,may,False,passive,plain,permission,permission,True,0.3,leave,True,
montgomery_county_public_schools__mcea_contract_fy15_fy17_3_15_14__d1f7af4d,MCEA-Contract-FY15-FY17-3-15-14.pdf,Montgomery County Public Schools,137,"At that time, the superintendent will determine whether the unit member is able to return to his/her regular assignment, be given an alternative work assignment, be placed on sick leave, or be placed on disability retirement.",the superintendent,management,worker,will,False,active,plain,obligation,obligation,True,0.9,job_security,True,
montgomery_county_public_schools__mcea_contract_fy15_fy17_3_15_14__d1f7af4d,MCEA-Contract-FY15-FY17-3-15-14.pdf,Montgomery County Public Schools,137,An alternate work assignment terminates workers' compensation leave.,An alternate work assignment,other,management,,False,active,plain,other,other,True,0.0,leave,True,
montgomery_county_public_schools__mcea_contract_fy15_fy17_3_15_14__d1f7af4d,MCEA-Contract-FY15-FY17-3-15-14.pdf,Montgomery County Public Schools,137,Unit members under contract for ten months and employed for one or two additional months of duty shall not be eligible for annual leave.,Unit members under contract for ten months and employed for one or two additional months of duty,management,management,shall,True,active,plain,prohibition,prohibition,True,1.0,leave,True,
montgomery_county_public_schools__mcea_contract_fy15_fy17_3_15_14__d1f7af4d,MCEA-Contract-FY15-FY17-3-15-14.pdf,Montgomery County Public Schools,137,All 12-month personnel shall earn annual leave as follows:,All 12-month personnel,worker,worker,shall,False,active,rights_active,right,right,True,1.0,leave,True,
montgomery_county_public_schools__mcea_contract_fy15_fy17_3_15_14__d1f7af4d,MCEA-Contract-FY15-FY17-3-15-14.pdf,Montgomery County Public Schools,137,Unit members will take their annual leave at times when such leave will not adversely affect the ongoing instructional/operational program.,Unit members,worker,management,will,False,active,plain,obligation,obligation,True,0.9,leave,True,
montgomery_county_public_schools__mcea_contract_fy15_fy17_3_15_14__d1f7af4d,MCEA-Contract-FY15-FY17-3-15-14.pdf,Montgomery County Public Schools,137,The administrator/supervisor will collaborate with affected employees to determine suggested time periods when leave usage would adversely affect the ongoing instructional/operational program.,The administrator/supervisor,management,worker,will,False,active,plain,obligation,obligation,True,0.9,leave,True,
montgomery_county_public_schools__mcea_contract_fy15_fy17_3_15_14__d1f7af4d,MCEA-Contract-FY15-FY17-3-15-14.pdf,Montgomery County Public Schools,137,Reasonable opportunity for use of annual leave must be allowed.,Reasonable opportunity for use of annual leave,management,worker,must,False,passive,plain,obligation,obligation,True,1.0,leave,True,
montgomery_county_public_schools__mcea_contract_fy15_fy17_3_15_14__d1f7af4d,MCEA-Contract-FY15-FY17-3-15-14.pdf,Montgomery County Public Schools,137,"For any one year, a 12-month unit member may carry forward up to, but not exceeding, 35 days of annual leave earned from the previous year.",a 12-month unit member,worker,worker,may,False,active,plain,permission,permission,True,0.3,leave,True,
montgomery_county_public_schools__mcea_contract_fy15_fy17_3_15_14__d1f7af4d,MCEA-Contract-FY15-FY17-3-15-14.pdf,Montgomery County Public Schools,137,"Each year, annual leave that is not used or forwarded shall be automatically transferred to a unit member's accumulated sick leave.",annual leave that is not used or forwarded,management,worker,shall,False,passive,plain,obligation,obligation,True,1.0,leave,True,negation in relative clause does not negate operative verb
montgomery_county_public_schools__mcea_contract_fy15_fy17_3_15_14__d1f7af4d,MCEA-Contract-FY15-FY17-3-15-14.pdf,Montgomery County Public Schools,138,"Each June unit members with at least five (5) years of experience with MCPS, who have accumulated at least 280 hours of annual leave, will be permitted to “cash out” up to four (4) days of such annual leave and deposit the monetary value of the leave in an available 403(b) plan of the employee’s choice.","unit members with at least five (5) years of experience with MCPS, who have accumulated at least 280 hours of annual leave",management,worker,will,False,passive,rights_passive,right,permission,False,0.9,leave,True,
montgomery_county_public_schools__mcea_contract_fy15_fy17_3_15_14__d1f7af4d,MCEA-Contract-FY15-FY17-3-15-14.pdf,Montgomery County Public Schools,138,All annual leave so deposited must be matched by the unit member’s payroll deduction of at least an equal amount of salary in the same fiscal year to a qualifying 403(b) and/or 457(b) plan.,All annual leave so deposited,worker,management,must,False,passive,plain,obligation,obligation,True,1.0,leave,True,
montgomery_county_public_schools__mcea_contract_fy15_fy17_3_15_14__d1f7af4d,MCEA-Contract-FY15-FY17-3-15-14.pdf,Montgomery County Public Schools,138,"All annual leave should be used before the effective date of employment termination,",All annual leave,management,management,should,False,passive,plain,obligation,obligation,True,0.7,leave,True,
montgomery_county_public_schools__mcea_contract_fy15_fy17_3_15_14__d1f7af4d,MCEA-Contract-FY15-FY17-3-15-14.pdf,Montgomery County Public Schools,138,"a lump sum settlement shall be made at the current salary rate, but not to exceed a maximum of 30 days.",a lump sum settlement,management,worker,shall,False,passive,plain,obligation,obligation,True,1.0,leave,True,
montgomery_county_public_schools__mcea_contract_fy15_fy17_3_15_14__d1f7af4d,MCEA-Contract-FY15-FY17-3-15-14.pdf,Montgomery County Public Schools,138,The amount due shall be deducted from the unit member's earned salary.,The amount due,management,management,shall,False,passive,plain,obligation,obligation,True,1.0,leave,True,
montgomery_county_public_schools__mcea_contract_fy15_fy17_3_15_14__d1f7af4d,MCEA-Contract-FY15-FY17-3-15-14.pdf,Montgomery County Public Schools,138,Terminating unit members who are not due to receive earned salary shall be billed for the amount of indebtedness.,Terminating unit members who are not due to receive earned salary,management,management,shall,False,passive,plain,obligation,obligation,True,1.0,leave,True,
montgomery_county_public_schools__mcea_contract_fy15_fy17_3_15_14__d1f7af4d,MCEA-Contract-FY15-FY17-3-15-14.pdf,Montgomery County Public Schools,138,"Holiday leave is granted to all unit members for official holidays, which shall be designated each year in the school calendar.",Holiday leave,management,worker,shall,False,passive,rights_passive,right,right,True,1.0,leave,True,
montgomery_county_public_schools__mcea_contract_fy15_fy17_3_15_14__d1f7af4d,MCEA-Contract-FY15-FY17-3-15-14.pdf,Montgomery County Public Schools,138,A unit member on authorized paid leave for a period including an official holiday shall be considered on holiday leave for that day.,A unit member on authorized paid leave for a period including an official holiday,management,worker,shall,False,passive,plain,obligation,obligation,True,1.0,leave,True,
montgomery_county_public_schools__mcea_contract_fy15_fy17_3_15_14__d1f7af4d,MCEA-Contract-FY15-FY17-3-15-14.pdf,Montgomery County Public Schools,138,Professional leave may be granted to a unit member by the superintendent for such purposes as outlined below:,Professional leave,management,worker,may,False,passive,rights_passive,right,permission,False,0.3,leave,True,
montgomery_county_public_schools__mcea_contract_fy15_fy17_3_15_14__d1f7af4d,MCEA-Contract-FY15-FY17-3-15-14.pdf,Montgomery County Public Schools,138,"Upon written application, leave for academic study for a period not to exceed one full school year may be granted by the Leave Administration team of the Employee and Retiree Service Center.",leave for academic study for a period not to exceed one full school year,worker,worker,may,False,passive,rights_passive,right,permission,False,0.3,leave,True,
montgomery_county_public_schools__mcea_contract_fy15_fy17_3_15_14__d1f7af4d,MCEA-Contract-FY15-FY17-3-15-14.pdf,Montgomery County Public Schools,138,An outline of a planned program must be submitted with the application for leave no later than April 1 of the year prior to the leave.,An outline of a planned program,worker,management,must,False,passive,plain,obligation,obligation,True,1.0,leave,True,
montgomery_county_public_schools__mcea_contract_fy15_fy17_3_15_14__d1f7af4d,MCEA-Contract-FY15-FY17-3-15-14.pdf,Montgomery County Public Schools,138,"In addition, the unit member shall furnish such reports of progress and/or completion of the approved program as are requeste",the unit member,worker,management,shall,False,active,plain,obligation,obligation,True,1.0,leave,True,Text truncated at the end of the chunk.
montgomery_county_public_schools__mcea_contract_fy15_fy17_3_15_14__d1f7af4d,MCEA-Contract-FY15-FY17-3-15-14.pdf,Montgomery County Public Schools,139,"In addition, the unit member shall furnish such reports of progress and/or completion of the approved program as are requested by the superintendent.",the unit member,worker,management,shall,False,active,plain,obligation,obligation,True,1.0,leave,True,
montgomery_county_public_schools__mcea_contract_fy15_fy17_3_15_14__d1f7af4d,MCEA-Contract-FY15-FY17-3-15-14.pdf,Montgomery County Public Schools,139,The number of unit members to be granted academic leave in any fiscal year will not exceed 1 percent of the total number of professional employees.,The number of unit members to be granted academic leave in any fiscal year,other,management,will,True,active,plain,prohibition,prohibition,True,0.9,leave,True,
montgomery_county_public_schools__mcea_contract_fy15_fy17_3_15_14__d1f7af4d,MCEA-Contract-FY15-FY17-3-15-14.pdf,Montgomery County Public Schools,139,Unit members granted academic leave shall receive one-half their regular salary during the specific period of leave if they agree to return to MCPS for a two-year period immediately following the period of leave and 60 percent of salary if they agree to return to MCPS for a period of three years immediately following the period of leave.,Unit members granted academic leave,worker,worker,shall,False,active,rights_active,right,right,True,1.0,leave,True,
montgomery_county_public_schools__mcea_contract_fy15_fy17_3_15_14__d1f7af4d,MCEA-Contract-FY15-FY17-3-15-14.pdf,Montgomery County Public Schools,139,This salary shall be paid at the beginning of each semester.,This salary,management,worker,shall,False,passive,rights_passive,right,obligation,False,1.0,leave,True,
montgomery_county_public_schools__mcea_contract_fy15_fy17_3_15_14__d1f7af4d,MCEA-Contract-FY15-FY17-3-15-14.pdf,Montgomery County Public Schools,139,A unit member on academic leave shall for all purposes be viewed as a full-time employee.,A unit member on academic leave,management,worker,shall,False,passive,plain,obligation,obligation,True,1.0,leave,True,
montgomery_county_public_schools__mcea_contract_fy15_fy17_3_15_14__d1f7af4d,MCEA-Contract-FY15-FY17-3-15-14.pdf,Montgomery County Public Schools,139,Annual and sick leave may not be used or earned while on academic leave.,Annual and sick leave,worker,management,may,True,passive,plain,prohibition,prohibition,True,0.3,leave,True,
montgomery_county_public_schools__mcea_contract_fy15_fy17_3_15_14__d1f7af4d,MCEA-Contract-FY15-FY17-3-15-14.pdf,Montgomery County Public Schools,139,"During the period of academic leave, the unit member's contributions to the MCPS Retirement System shall be made jointly by the individual and the Board of Education.",the unit member's contributions to the MCPS Retirement System,management,worker,shall,False,passive,plain,obligation,obligation,True,1.0,leave,True,
montgomery_county_public_schools__mcea_contract_fy15_fy17_3_15_14__d1f7af4d,MCEA-Contract-FY15-FY17-3-15-14.pdf,Montgomery County Public Schools,139,The unit member shall pay an amount proportionate to the amount of salary received,The unit member,worker,management,shall,False,active,plain,obligation,obligation,True,1.0,leave,True,
montgomery_county_public_schools__mcea_contract_fy15_fy17_3_15_14__d1f7af4d,MCEA-Contract-FY15-FY17-3-15-14.pdf,Montgomery County Public Schools,139,the Board of Education shall pay the balance for contribution at the full salary.,the Board of Education,management,worker,shall,False,active,plain,obligation,obligation,True,1.0,leave,True,
montgomery_county_public_schools__mcea_contract_fy15_fy17_3_15_14__d1f7af4d,MCEA-Contract-FY15-FY17-3-15-14.pdf,Montgomery County Public Schools,139,Unit members shall retain membership in the Employee Benefit Plan,Unit members,worker,worker,shall,False,active,plain,obligation,obligation,True,1.0,leave,True,
montgomery_county_public_schools__mcea_contract_fy15_fy17_3_15_14__d1f7af4d,MCEA-Contract-FY15-FY17-3-15-14.pdf,Montgomery County Public Schools,139,the Board shall continue to make its contributions thereto.,the Board,management,worker,shall,False,active,plain,obligation,obligation,True,1.0,leave,True,
montgomery_county_public_schools__mcea_contract_fy15_fy17_3_15_14__d1f7af4d,MCEA-Contract-FY15-FY17-3-15-14.pdf,Montgomery County Public Schools,140,for which deductions shall be made for the period of leave,deductions,management,management,shall,False,passive,plain,obligation,obligation,True,1.0,leave,True,Implicit agent is management/administration
montgomery_county_public_schools__mcea_contract_fy15_fy17_3_15_14__d1f7af4d,MCEA-Contract-FY15-FY17-3-15-14.pdf,Montgomery County Public Schools,140,and the Board shall continue to make its contributions thereto.,the Board,management,worker,shall,False,active,plain,obligation,obligation,True,1.0,leave,True,
montgomery_county_public_schools__mcea_contract_fy15_fy17_3_15_14__d1f7af4d,MCEA-Contract-FY15-FY17-3-15-14.pdf,Montgomery County Public Schools,140,"A unit member accepting academic leave shall enter into a separate, written contract",A unit member,worker,management,shall,False,active,plain,obligation,obligation,True,1.0,leave,True,
montgomery_county_public_schools__mcea_contract_fy15_fy17_3_15_14__d1f7af4d,MCEA-Contract-FY15-FY17-3-15-14.pdf,Montgomery County Public Schools,140,whereby he/she agrees to return to service in the Montgomery County Public Schools for a two-year or three-year period immediately following the leave of absence.,he/she,worker,management,,False,active,plain,other,obligation,False,0.0,leave,True,
montgomery_county_public_schools__mcea_contract_fy15_fy17_3_15_14__d1f7af4d,MCEA-Contract-FY15-FY17-3-15-14.pdf,Montgomery County Public Schools,140,he/she shall refund any monies paid to him/her or on his/her behalf by the Board of Education.,he/she,worker,management,shall,False,active,plain,obligation,obligation,True,1.0,leave,True,
montgomery_county_public_schools__mcea_contract_fy15_fy17_3_15_14__d1f7af4d,MCEA-Contract-FY15-FY17-3-15-14.pdf,Montgomery County Public Schools,140,Notice of intent to return from academic leave must be submitted to the Leave Administration team in the Employee and Retiree Service Center by April 1 of the year preceding the return.,Notice of intent to return from academic leave,worker,management,must,False,passive,plain,obligation,obligation,True,1.0,leave,True,Implicit agent is the worker submitting the notice
montgomery_county_public_schools__mcea_contract_fy15_fy17_3_15_14__d1f7af4d,MCEA-Contract-FY15-FY17-3-15-14.pdf,Montgomery County Public Schools,140,it is his/her responsibility to notify the Leave Administration team in the Employee and Retiree Service Center.,it,worker,management,,False,active,plain,other,obligation,False,0.0,leave,True,Responsibility clause implying duty
montgomery_county_public_schools__mcea_contract_fy15_fy17_3_15_14__d1f7af4d,MCEA-Contract-FY15-FY17-3-15-14.pdf,Montgomery County Public Schools,140,"The leave may then be rescinded by the Board of Education,",The leave,management,management,may,False,passive,plain,permission,permission,True,0.3,leave,True,
montgomery_county_public_schools__mcea_contract_fy15_fy17_3_15_14__d1f7af4d,MCEA-Contract-FY15-FY17-3-15-14.pdf,Montgomery County Public Schools,140,"and the unit member placed on the appropriate leave status, reassigned, or terminated.",the unit member,management,management,may,False,passive,plain,permission,permission,True,0.3,leave,True,Modal 'may' carries over from preceding clause
montgomery_county_public_schools__mcea_contract_fy15_fy17_3_15_14__d1f7af4d,MCEA-Contract-FY15-FY17-3-15-14.pdf,Montgomery County Public Schools,140,"Salary allowances and benefits shall be adjusted accordingly,",Salary allowances and benefits,management,worker,shall,False,passive,plain,obligation,obligation,True,1.0,benefits,True,
montgomery_county_public_schools__mcea_contract_fy15_fy17_3_15_14__d1f7af4d,MCEA-Contract-FY15-FY17-3-15-14.pdf,Montgomery County Public Schools,140,and the unit member must make arrangements satisfactory to the Board of Education for payment of any monies paid to him/her or on his/her behalf for which he/she may be liable as a result of the change in leave status.,the unit member,worker,management,must,False,active,plain,obligation,obligation,True,1.0,leave,True,
montgomery_county_public_schools__mcea_contract_fy15_fy17_3_15_14__d1f7af4d,MCEA-Contract-FY15-FY17-3-15-14.pdf,Montgomery County Public Schools,140,A unit member who is on tenure at the time academic leave is granted shall continue to be on tenure.,A unit member,worker,worker,shall,False,active,plain,obligation,obligation,True,1.0,job_security,True,
montgomery_county_public_schools__mcea_contract_fy15_fy17_3_15_14__d1f7af4d,MCEA-Contract-FY15-FY17-3-15-14.pdf,Montgomery County Public Schools,140,"A unit member who has been recommended for tenure at the time academic leave is granted, shall go on tenure at the time he/she resumes service with the Montgomery County Public Schools.",A unit member,worker,worker,shall,False,active,plain,obligation,obligation,True,1.0,job_security,True,
montgomery_county_public_schools__mcea_contract_fy15_fy17_3_15_14__d1f7af4d,MCEA-Contract-FY15-FY17-3-15-14.pdf,Montgomery County Public Schools,140,"A unit member who has a Regular Contract but is not on tenure shall waive his/her rights to consider this year of leave as a probationary year toward tenure by entering into a separate, written contractual agreement.",A unit member,worker,management,shall,False,active,plain,obligation,obligation,True,1.0,job_security,True,
montgomery_county_public_schools__mcea_contract_fy15_fy17_3_15_14__d1f7af4d,MCEA-Contract-FY15-FY17-3-15-14.pdf,Montgomery County Public Schools,141,"After his/her return, he/she shall complete the time required to establish tenure.",he/she,worker,management,shall,False,active,plain,obligation,obligation,True,1.0,job_security,True,
montgomery_county_public_schools__mcea_contract_fy15_fy17_3_15_14__d1f7af4d,MCEA-Contract-FY15-FY17-3-15-14.pdf,Montgomery County Public Schools,141,"Leave of absence, without pay, for study or other professional improvement may be granted to eligible unit members by the Employee and Retiree Service Center for a period not to exceed one year with an option to renew for a second and/or third year.","Leave of absence, without pay, for study or other professional improvement",worker,worker,may,False,passive,rights_passive,right,permission,False,0.3,leave,True,
montgomery_county_public_schools__mcea_contract_fy15_fy17_3_15_14__d1f7af4d,MCEA-Contract-FY15-FY17-3-15-14.pdf,Montgomery County Public Schools,141,The unit member must submit an outline of a planned program with his/her application for such leave.,The unit member,worker,management,must,False,active,plain,obligation,obligation,True,1.0,leave,True,
montgomery_county_public_schools__mcea_contract_fy15_fy17_3_15_14__d1f7af4d,MCEA-Contract-FY15-FY17-3-15-14.pdf,Montgomery County Public Schools,141,Notification of intent to return from professional leave or request renewal for a second or third year must be submitted to the Employee and Retiree Service Center by April 1 of the year preceding the return or renewal.,Notification of intent to return from professional leave or request renewal for a second or third year,worker,management,must,False,passive,plain,obligation,obligation,True,1.0,leave,True,
montgomery_county_public_schools__mcea_contract_fy15_fy17_3_15_14__d1f7af4d,MCEA-Contract-FY15-FY17-3-15-14.pdf,Montgomery County Public Schools,141,"In circumstances when a unit member is granted an opportunity after the April 1 date, an application may be considered until July 15.",an application,management,worker,may,False,passive,plain,permission,permission,True,0.3,leave,True,
montgomery_county_public_schools__mcea_contract_fy15_fy17_3_15_14__d1f7af4d,MCEA-Contract-FY15-FY17-3-15-14.pdf,Montgomery County Public Schools,141,Unit members shall be eligible for a leave of absence for professional improvement after three years of MCPS service uninterrupted by leave to study.,Unit members,worker,worker,shall,False,active,plain,obligation,permission,False,1.0,leave,True,
montgomery_county_public_schools__mcea_contract_fy15_fy17_3_15_14__d1f7af4d,MCEA-Contract-FY15-FY17-3-15-14.pdf,Montgomery County Public Schools,141,"During the unit member's period of leave, his/her contributions to the Employee Benefit Plan shall be paid by the Board of Education.",his/her contributions to the Employee Benefit Plan,management,worker,shall,False,passive,rights_passive,right,obligation,False,1.0,benefits,True,
montgomery_county_public_schools__mcea_contract_fy15_fy17_3_15_14__d1f7af4d,MCEA-Contract-FY15-FY17-3-15-14.pdf,Montgomery County Public Schools,141,"During the unit member's period of leave, his/her contributions to the MCPS Retirement System shall be paid by the Board of Education.",his/her contributions to the MCPS Retirement System,management,worker,shall,False,passive,rights_passive,right,obligation,False,1.0,benefits,True,
montgomery_county_public_schools__mcea_contract_fy15_fy17_3_15_14__d1f7af4d,MCEA-Contract-FY15-FY17-3-15-14.pdf,Montgomery County Public Schools,141,Credit on the salary schedule for one year of successful experience shall be granted upon verification of the completion of the approved program for which leave was granted.,Credit on the salary schedule for one year of successful experience,management,worker,shall,False,passive,rights_passive,right,obligation,False,1.0,compensation,True,
montgomery_county_public_schools__mcea_contract_fy15_fy17_3_15_14__d1f7af4d,MCEA-Contract-FY15-FY17-3-15-14.pdf,Montgomery County Public Schools,141,Benefits are paid for the first year only in the event the unit member requests a second or third year of leave.,Benefits,management,management,,False,passive,rights_passive,right,other,False,0.85,benefits,True,
montgomery_county_public_schools__mcea_contract_fy15_fy17_3_15_14__d1f7af4d,MCEA-Contract-FY15-FY17-3-15-14.pdf,Montgomery County Public Schools,142,A unit member granted leave for improvement shall enter into a written contract by which he/she agrees to return to service in the Montgomery County Public Schools for at least a one-year period immediately following the termination of the leave.,A unit member granted leave for improvement,worker,management,shall,False,active,plain,obligation,obligation,True,1.0,leave,True,
montgomery_county_public_schools__mcea_contract_fy15_fy17_3_15_14__d1f7af4d,MCEA-Contract-FY15-FY17-3-15-14.pdf,Montgomery County Public Schools,142,The leave may then be rescinded,The leave,management,management,may,False,passive,plain,permission,permission,True,0.3,leave,True,Split from compound sentence.
montgomery_county_public_schools__mcea_contract_fy15_fy17_3_15_14__d1f7af4d,MCEA-Contract-FY15-FY17-3-15-14.pdf,Montgomery County Public Schools,142,"the unit member placed on the appropriate leave status, reassigned, or terminated.",the unit member,management,management,,False,passive,plain,other,permission,False,0.0,leave,True,Elided modal 'may' carries over from preceding clause.
montgomery_county_public_schools__mcea_contract_fy15_fy17_3_15_14__d1f7af4d,MCEA-Contract-FY15-FY17-3-15-14.pdf,Montgomery County Public Schools,142,Any monies paid by the Board to him/her or on his/her behalf for which he/she is liable as a result of the change in leave status will be refunded to the Board of Education.,Any monies paid by the Board to him/her or on his/her behalf for which he/she is liable as a result of the change in leave status,management,management,will,False,passive,rights_passive,right,obligation,False,0.9,leave,True,
montgomery_county_public_schools__mcea_contract_fy15_fy17_3_15_14__d1f7af4d,MCEA-Contract-FY15-FY17-3-15-14.pdf,Montgomery County Public Schools,142,A unit member who is on tenure at the time leave for improvement is granted shall continue to be on tenure at the time he/she resumes service.,A unit member who is on tenure at the time leave for improvement is granted,worker,worker,shall,False,active,plain,obligation,obligation,True,1.0,job_security,True,
montgomery_county_public_schools__mcea_contract_fy15_fy17_3_15_14__d1f7af4d,MCEA-Contract-FY15-FY17-3-15-14.pdf,Montgomery County Public Schools,142,"A unit member who has been recommended for tenure at the time leave for improvement is granted, shall go on tenure at the time he/she resumes service with the Montgomery County Public Schools.",A unit member who has been recommended for tenure at the time leave for improvement is granted,worker,worker,shall,False,active,plain,obligation,obligation,True,1.0,job_security,True,
montgomery_county_public_schools__mcea_contract_fy15_fy17_3_15_14__d1f7af4d,MCEA-Contract-FY15-FY17-3-15-14.pdf,Montgomery County Public Schools,143,Unit members shall be eligible for a leave of absence for professional improvement after one year of MCPS service.,Unit members,worker,worker,shall,False,active,plain,obligation,permission,False,1.0,leave,True,
montgomery_county_public_schools__mcea_contract_fy15_fy17_3_15_14__d1f7af4d,MCEA-Contract-FY15-FY17-3-15-14.pdf,Montgomery County Public Schools,143,"If the unit member cannot complete the planned program during the period for which leave for improvement was granted, it is his/her responsibility to notify the Leave Administration Team in the Employee and Retiree Service Center.",it,worker,management,,False,active,obligation_verb,obligation,obligation,True,0.85,leave,True,
montgomery_county_public_schools__mcea_contract_fy15_fy17_3_15_14__d1f7af4d,MCEA-Contract-FY15-FY17-3-15-14.pdf,Montgomery County Public Schools,143,A unit member who is on tenure at the time leave for improvement is granted shall continue to be on tenure.,A unit member who is on tenure at the time leave for improvement is granted,worker,worker,shall,False,active,plain,obligation,obligation,True,1.0,job_security,True,
montgomery_county_public_schools__mcea_contract_fy15_fy17_3_15_14__d1f7af4d,MCEA-Contract-FY15-FY17-3-15-14.pdf,Montgomery County Public Schools,143,"A unit member who has been recommended for tenure at the time leave for improvement has been granted, shall go on tenure at the time he/she resumes service with the Montgomery County Public Schools.",A unit member who has been recommended for tenure at the time leave for improvement has been granted,worker,worker,shall,False,active,plain,obligation,obligation,True,1.0,leave,True,
montgomery_county_public_schools__mcea_contract_fy15_fy17_3_15_14__d1f7af4d,MCEA-Contract-FY15-FY17-3-15-14.pdf,Montgomery County Public Schools,143,A unit member who has a Regular Contract but is not on tenure shall waive his/her rights to consider this year of leave as a probationary year toward tenure by entering into a written contractual agreement.,A unit member who has a Regular Contract but is not on tenure,worker,management,shall,False,active,plain,obligation,obligation,True,1.0,leave,True,
montgomery_county_public_schools__mcea_contract_fy15_fy17_3_15_14__d1f7af4d,MCEA-Contract-FY15-FY17-3-15-14.pdf,Montgomery County Public Schools,143,A unit member must give evidence in writing that leave is required for summer school attendance prior to the closing of school or at the beginning of the fall semester.,A unit member,worker,management,must,False,active,plain,obligation,obligation,True,1.0,leave,True,
montgomery_county_public_schools__mcea_contract_fy15_fy17_3_15_14__d1f7af4d,MCEA-Contract-FY15-FY17-3-15-14.pdf,Montgomery County Public Schools,143,Request for leave for summer school shall be made in advance,Request for leave for summer school,worker,management,shall,False,passive,plain,obligation,obligation,True,1.0,leave,True,Split from compound sentence joined by 'and'.
montgomery_county_public_schools__mcea_contract_fy15_fy17_3_15_14__d1f7af4d,MCEA-Contract-FY15-FY17-3-15-14.pdf,Montgomery County Public Schools,143,and approved by the Leave Administration team in the Employee and Retiree Service Center.,[Request for leave for summer school],worker,worker,shall,False,passive,plain,obligation,obligation,True,1.0,leave,True,Explicit agent 'Leave Administration team' (management) governs this clause.
montgomery_county_public_schools__mcea_contract_fy15_fy17_3_15_14__d1f7af4d,MCEA-Contract-FY15-FY17-3-15-14.pdf,Montgomery County Public Schools,143,Endorsement from the immediate supervisor shall be a factor in the determination,Endorsement from the immediate supervisor,other,management,shall,False,active,plain,obligation,obligation,True,1.0,leave,True,Truncated at end of chunk; inanimate/document subject.
montgomery_county_public_schools__mcea_contract_fy15_fy17_3_15_14__d1f7af4d,MCEA-Contract-FY15-FY17-3-15-14.pdf,Montgomery County Public Schools,144,Request for leave for summer school shall be approved by the Leave Administration team in the Employee and Retiree Service Center.,Request for leave for summer school,worker,worker,shall,False,passive,plain,obligation,obligation,True,1.0,leave,True,
montgomery_county_public_schools__mcea_contract_fy15_fy17_3_15_14__d1f7af4d,MCEA-Contract-FY15-FY17-3-15-14.pdf,Montgomery County Public Schools,144,Leave without loss of pay may be granted to attend summer school prior to the closing of school or at the beginning of the fall semester.,Leave without loss of pay,management,worker,may,False,passive,rights_passive,right,permission,False,0.3,leave,True,
montgomery_county_public_schools__mcea_contract_fy15_fy17_3_15_14__d1f7af4d,MCEA-Contract-FY15-FY17-3-15-14.pdf,Montgomery County Public Schools,144,"Such leave may be granted if the needs of the individual unit member clearly indicate that attendance at the specific summer school session requested is the most appropriate way to improve the unit member and the school system, and that no hardship to students or the school system will result if such leave is approved.",Such leave,management,worker,may,False,passive,rights_passive,right,permission,False,0.3,leave,True,
montgomery_county_public_schools__mcea_contract_fy15_fy17_3_15_14__d1f7af4d,MCEA-Contract-FY15-FY17-3-15-14.pdf,Montgomery County Public Schools,144,A unit member who is granted leave must submit grade slips and/or transcripts to the appropriate official at the conclusion of the summer school.,A unit member who is granted leave,worker,management,must,False,active,plain,obligation,obligation,True,1.0,leave,True,
montgomery_county_public_schools__mcea_contract_fy15_fy17_3_15_14__d1f7af4d,MCEA-Contract-FY15-FY17-3-15-14.pdf,Montgomery County Public Schools,144,The principal will forward them to the Office of Human Resources and Development.,The principal,management,management,will,False,active,plain,obligation,obligation,True,0.9,other,True,
montgomery_county_public_schools__mcea_contract_fy15_fy17_3_15_14__d1f7af4d,MCEA-Contract-FY15-FY17-3-15-14.pdf,Montgomery County Public Schools,144,"Upon written application in advance, the appropriate supervisor may grant a unit member leave to attend professional meetings (e.g., conventions, conferences, or committees) as participant or observer without loss of salary.",the appropriate supervisor,management,worker,may,False,active,plain,permission,permission,True,0.3,leave,True,
montgomery_county_public_schools__mcea_contract_fy15_fy17_3_15_14__d1f7af4d,MCEA-Contract-FY15-FY17-3-15-14.pdf,Montgomery County Public Schools,144,"Upon written application in advance, the Employee and Retiree Service Center may grant a leave of absence not to exceed one year, with an option to request a second year, for exchange teaching or for teaching in an overseas area.",the Employee and Retiree Service Center,management,worker,may,False,active,plain,permission,permission,True,0.3,leave,True,
montgomery_county_public_schools__mcea_contract_fy15_fy17_3_15_14__d1f7af4d,MCEA-Contract-FY15-FY17-3-15-14.pdf,Montgomery County Public Schools,144,Such application must be made by April 1 for leave to commence the following school year.,Such application,worker,management,must,False,passive,plain,obligation,obligation,True,1.0,leave,True,
montgomery_county_public_schools__mcea_contract_fy15_fy17_3_15_14__d1f7af4d,MCEA-Contract-FY15-FY17-3-15-14.pdf,Montgomery County Public Schools,144,"To be eligible, a unit member shall be on tenure",a unit member,worker,worker,shall,False,active,plain,obligation,obligation,True,1.0,leave,True,Extracted as separate independent clause from compound sentence joined by 'and'
montgomery_county_public_schools__mcea_contract_fy15_fy17_3_15_14__d1f7af4d,MCEA-Contract-FY15-FY17-3-15-14.pdf,Montgomery County Public Schools,144,"To be eligible, a unit member shall hold a standard or advanced professional certificate valid for the period of leave at the time leave is granted.",a unit member,worker,worker,shall,False,active,plain,obligation,obligation,True,1.0,leave,True,Extracted as separate independent clause from compound sentence joined by 'and'
montgomery_county_public_schools__mcea_contract_fy15_fy17_3_15_14__d1f7af4d,MCEA-Contract-FY15-FY17-3-15-14.pdf,Montgomery County Public Schools,144,Credit on the appropriate salary schedule for one year of successful experience shall be granted upon verification of completion of one year of satisfactory exchange or overseas teaching.,Credit on the appropriate salary schedule for one year of successful experience,management,worker,shall,False,passive,rights_passive,right,obligation,False,1.0,compensation,True,
montgomery_county_public_schools__mcea_contract_fy15_fy17_3_15_14__d1f7af4d,MCEA-Contract-FY15-FY17-3-15-14.pdf,Montgomery County Public Schools,144,Notification of intent to return from leave or request renewal for a second year must be submitted to the Employee and Retiree Service Center by April 1 of the year preceding the return or renewal.,Notification of intent to return from leave or request renewal for a second year,worker,management,must,False,passive,plain,obligation,obligation,True,1.0,leave,True,
montgomery_county_public_schools__mcea_contract_fy15_fy17_3_15_14__d1f7af4d,MCEA-Contract-FY15-FY17-3-15-14.pdf,Montgomery County Public Schools,145,Leave up to two full school years may be granted by the Leave Administration team in the Employee and Retiree Service Center to a unit member for the purpose of teaching in a teacher training college or university.,Leave up to two full school years,worker,worker,may,False,passive,rights_passive,right,permission,False,0.3,leave,True,
montgomery_county_public_schools__mcea_contract_fy15_fy17_3_15_14__d1f7af4d,MCEA-Contract-FY15-FY17-3-15-14.pdf,Montgomery County Public Schools,145,Such leave requests must be requested by April 1 for leave to commence the following school year.,Such leave requests,other,management,must,False,passive,plain,obligation,obligation,True,1.0,leave,True,
montgomery_county_public_schools__mcea_contract_fy15_fy17_3_15_14__d1f7af4d,MCEA-Contract-FY15-FY17-3-15-14.pdf,Montgomery County Public Schools,145,a unit member shall be on tenure,a unit member,worker,worker,shall,False,active,plain,obligation,obligation,True,1.0,leave,True,
montgomery_county_public_schools__mcea_contract_fy15_fy17_3_15_14__d1f7af4d,MCEA-Contract-FY15-FY17-3-15-14.pdf,Montgomery County Public Schools,145,hold a standard or advanced professional certificate valid at the time leave is granted for the period of leave.,a unit member,worker,worker,shall,False,active,plain,obligation,obligation,True,1.0,leave,True,
montgomery_county_public_schools__mcea_contract_fy15_fy17_3_15_14__d1f7af4d,MCEA-Contract-FY15-FY17-3-15-14.pdf,Montgomery County Public Schools,145,The unit member's length of service and the right to receive salary increments shall be the same as if he/she had remained in the position he/she held when leave was granted.,The unit member's length of service and the right to receive salary increments,other,worker,shall,False,active,plain,obligation,obligation,True,1.0,compensation,True,
montgomery_county_public_schools__mcea_contract_fy15_fy17_3_15_14__d1f7af4d,MCEA-Contract-FY15-FY17-3-15-14.pdf,Montgomery County Public Schools,145,Sick or annual leave can be neither used or earned.,Sick or annual leave,other,management,can,True,passive,plain,prohibition,prohibition,True,0.3,leave,True,
montgomery_county_public_schools__mcea_contract_fy15_fy17_3_15_14__d1f7af4d,MCEA-Contract-FY15-FY17-3-15-14.pdf,Montgomery County Public Schools,145,it is his/her responsibility to notify the Employee and Retiree Service Center.,it,other,management,,False,active,obligation_verb,obligation,obligation,True,0.85,leave,True,
montgomery_county_public_schools__mcea_contract_fy15_fy17_3_15_14__d1f7af4d,MCEA-Contract-FY15-FY17-3-15-14.pdf,Montgomery County Public Schools,145,the unit member must make arrangements to reimburse the Board any monies paid to him/her or on his/her behalf.,the unit member,worker,management,must,False,active,plain,obligation,obligation,True,1.0,leave,True,
montgomery_county_public_schools__mcea_contract_fy15_fy17_3_15_14__d1f7af4d,MCEA-Contract-FY15-FY17-3-15-14.pdf,Montgomery County Public Schools,145,A unit member who is on tenure at the time leave for teaching in a teacher training college or university is granted shall continue in the tenure status he/she held at the time leave was granted.,A unit member who is on tenure at the time leave for teaching in a teacher training college or university is granted,worker,worker,shall,False,active,plain,obligation,obligation,True,1.0,leave,True,
montgomery_county_public_schools__mcea_contract_fy15_fy17_3_15_14__d1f7af4d,MCEA-Contract-FY15-FY17-3-15-14.pdf,Montgomery County Public Schools,146,"For both types of leave, the unit member must identify the family member for which the leave is being taken.",the unit member,worker,management,must,False,active,plain,obligation,obligation,True,1.0,leave,True,
montgomery_county_public_schools__mcea_contract_fy15_fy17_3_15_14__d1f7af4d,MCEA-Contract-FY15-FY17-3-15-14.pdf,Montgomery County Public Schools,146,No more than four consecutive years of leave may be taken for birth/adoption of two or more children.,four consecutive years of leave,other,management,may,False,passive,plain,permission,prohibition,False,0.3,leave,True,
montgomery_county_public_schools__mcea_contract_fy15_fy17_3_15_14__d1f7af4d,MCEA-Contract-FY15-FY17-3-15-14.pdf,Montgomery County Public Schools,146,At least one full academic year must be worked between periods of child care leave.,At least one full academic year,management,management,must,False,passive,plain,obligation,obligation,True,1.0,leave,True,
montgomery_county_public_schools__mcea_contract_fy15_fy17_3_15_14__d1f7af4d,MCEA-Contract-FY15-FY17-3-15-14.pdf,Montgomery County Public Schools,146,"During both such leaves, the unit member may not be employed full-time elsewhere or contracted as a teacher in a public or private school during the period of the leave, except as an intermittent substitute teacher or similar non-fulltime, short-term employment.",the unit member,management,management,may,True,passive,plain,prohibition,prohibition,True,0.3,leave,True,
montgomery_county_public_schools__mcea_contract_fy15_fy17_3_15_14__d1f7af4d,MCEA-Contract-FY15-FY17-3-15-14.pdf,Montgomery County Public Schools,146,"Any unit member who will become an adoptive parent or who wishes leave for the purpose of caring for a child up through the age of five years old, may be granted an unpaid leave of absence up to one full school year, with two additional renewals for one school year each.",Any unit member who will become an adoptive parent or who wishes leave for the purpose of caring for a child up through the age of five years old,management,worker,may,False,passive,rights_passive,right,right,True,0.3,leave,True,
montgomery_county_public_schools__mcea_contract_fy15_fy17_3_15_14__d1f7af4d,MCEA-Contract-FY15-FY17-3-15-14.pdf,Montgomery County Public Schools,146,Unit members who are eligible for annual leave will be allowed to use any available leave in their accounts after approval by the principal or appropriate official.,Unit members who are eligible for annual leave,management,worker,will,False,passive,permission_verb,permission,permission,True,0.9,leave,True,
montgomery_county_public_schools__mcea_contract_fy15_fy17_3_15_14__d1f7af4d,MCEA-Contract-FY15-FY17-3-15-14.pdf,Montgomery County Public Schools,146,A unit member who has available sick leave may use up to 10 weeks for the birth or adoption of his/her child.,A unit member who has available sick leave,worker,worker,may,False,active,plain,permission,permission,True,0.3,leave,True,
montgomery_county_public_schools__mcea_contract_fy15_fy17_3_15_14__d1f7af4d,MCEA-Contract-FY15-FY17-3-15-14.pdf,Montgomery County Public Schools,146,Unit members may elect not to use their available sick leave.,Unit members,worker,worker,may,False,active,plain,permission,permission,True,0.3,leave,True,
montgomery_county_public_schools__mcea_contract_fy15_fy17_3_15_14__d1f7af4d,MCEA-Contract-FY15-FY17-3-15-14.pdf,Montgomery County Public Schools,146,"As soon as it has been determined that a unit member wishes to use child care/adoption leave, including FMLA, a unit member must notify the principal and the Employee and Retiree Service Center in writing at least 30 duty days in advance.",a unit member,worker,management,must,False,active,plain,obligation,obligation,True,1.0,leave,True,
montgomery_county_public_schools__mcea_contract_fy15_fy17_3_15_14__d1f7af4d,MCEA-Contract-FY15-FY17-3-15-14.pdf,Montgomery County Public Schools,146,Extensions (renewals) to the original leave must be received by the Employee and Retiree Service Center no later than June 15.,Extensions (renewals) to the original leave,worker,management,must,False,passive,plain,obligation,obligation,True,1.0,leave,True,
montgomery_county_public_schools__mcea_contract_fy15_fy17_3_15_14__d1f7af4d,MCEA-Contract-FY15-FY17-3-15-14.pdf,Montgomery County Public Schools,147,"Upon extension of that leave, the first full year will count as year one of child care leave.",the first full year,other,worker,will,False,active,plain,obligation,other,False,0.9,leave,True,
montgomery_county_public_schools__mcea_contract_fy15_fy17_3_15_14__d1f7af4d,MCEA-Contract-FY15-FY17-3-15-14.pdf,Montgomery County Public Schools,147,Unit members whose leave begins prior to April 1 will be considered long-term,Unit members whose leave begins prior to April 1,management,worker,will,False,passive,plain,obligation,other,False,0.9,leave,True,
montgomery_county_public_schools__mcea_contract_fy15_fy17_3_15_14__d1f7af4d,MCEA-Contract-FY15-FY17-3-15-14.pdf,Montgomery County Public Schools,147,the leave will be counted as the first full year.,the leave,management,worker,will,False,passive,plain,obligation,other,False,0.9,leave,True,
montgomery_county_public_schools__mcea_contract_fy15_fy17_3_15_14__d1f7af4d,MCEA-Contract-FY15-FY17-3-15-14.pdf,Montgomery County Public Schools,147,Extensions (renewals) to the original leave must be received by the Employee and Retiree Service Center no later than April 1.,Extensions (renewals) to the original leave,worker,management,must,False,passive,obligation_verb,obligation,obligation,True,1.0,leave,True,
montgomery_county_public_schools__mcea_contract_fy15_fy17_3_15_14__d1f7af4d,MCEA-Contract-FY15-FY17-3-15-14.pdf,Montgomery County Public Schools,147,"Upon extension of that leave, the unit member will be in year two of a potential three-year leave.",the unit member,worker,worker,will,False,active,plain,obligation,other,False,0.9,leave,True,
montgomery_county_public_schools__mcea_contract_fy15_fy17_3_15_14__d1f7af4d,MCEA-Contract-FY15-FY17-3-15-14.pdf,Montgomery County Public Schools,147,Unit members may elect to have continued participation in the MCPS Employee Benefit Plan by assuming the full cost of the premiums while on leave without pay.,Unit members,worker,worker,may,False,active,plain,permission,permission,True,0.3,benefits,True,
montgomery_county_public_schools__mcea_contract_fy15_fy17_3_15_14__d1f7af4d,MCEA-Contract-FY15-FY17-3-15-14.pdf,Montgomery County Public Schools,147,Contributions to the employee benefit plan will be payable monthly to the Board of Education in accordance with MCPS procedures.,Contributions to the employee benefit plan,worker,management,will,False,active,plain,obligation,obligation,True,0.9,benefits,True,
montgomery_county_public_schools__mcea_contract_fy15_fy17_3_15_14__d1f7af4d,MCEA-Contract-FY15-FY17-3-15-14.pdf,Montgomery County Public Schools,147,"For those unit members on FMLA leave, for the duration of the FMLA leave MCPS will maintain the employee's benefits under the conditions coverage would have been provided if the employee had continued working.",MCPS,management,worker,will,False,active,plain,obligation,obligation,True,0.9,benefits,True,
montgomery_county_public_schools__mcea_contract_fy15_fy17_3_15_14__d1f7af4d,MCEA-Contract-FY15-FY17-3-15-14.pdf,Montgomery County Public Schools,147,Failure to make payments in accordance with MCPS procedures will result in cancellation of benefits.,Failure to make payments in accordance with MCPS procedures,management,management,will,False,active,plain,obligation,obligation,True,0.9,benefits,True,
montgomery_county_public_schools__mcea_contract_fy15_fy17_3_15_14__d1f7af4d,MCEA-Contract-FY15-FY17-3-15-14.pdf,Montgomery County Public Schools,147,"Retirement contributions, if any, may be paid monthly to MCPS","Retirement contributions, if any",worker,worker,may,False,passive,permission_verb,permission,permission,True,0.3,benefits,True,
montgomery_county_public_schools__mcea_contract_fy15_fy17_3_15_14__d1f7af4d,MCEA-Contract-FY15-FY17-3-15-14.pdf,Montgomery County Public Schools,147,"the total of such contributions, plus interest, may be paid at the time of return from leave in accordance with MCPS procedures.","the total of such contributions, plus interest",worker,worker,may,False,passive,permission_verb,permission,permission,True,0.3,benefits,True,
montgomery_county_public_schools__mcea_contract_fy15_fy17_3_15_14__d1f7af4d,MCEA-Contract-FY15-FY17-3-15-14.pdf,Montgomery County Public Schools,147,"In order to return from child care/adoption leave, the unit member shall submit a request in writing to the Employee and Retiree Service Center by April 1 of the year of the long-term leave.",the unit member,worker,management,shall,False,active,plain,obligation,obligation,True,1.0,leave,True,
montgomery_county_public_schools__mcea_contract_fy15_fy17_3_15_14__d1f7af4d,MCEA-Contract-FY15-FY17-3-15-14.pdf,Montgomery County Public Schools,147,the unit member will have to resign or be recommended for dismissal.,the unit member,worker,management,will,False,active,obligation_verb,obligation,obligation,True,0.9,leave,True,
montgomery_county_public_schools__mcea_contract_fy15_fy17_3_15_14__d1f7af4d,MCEA-Contract-FY15-FY17-3-15-14.pdf,Montgomery County Public Schools,147,"A unit member returning from FMLA leave will be reassigned to his/her original position, or to an equivalent position if the original position no longer exists.",A unit member returning from FMLA leave,management,worker,will,False,passive,plain,obligation,obligation,True,0.9,job_security,True,
montgomery_county_public_schools__mcea_contract_fy15_fy17_3_15_14__d1f7af4d,MCEA-Contract-FY15-FY17-3-15-14.pdf,Montgomery County Public Schools,147,A unit member who returns from a child care leave of less than three consecutive years shall be eligible for no more than one additional period of child care leave which begins during a school year for the child care of the child for whom the original leave was taken.,A unit member who returns from a child care leave of less than three consecutive years,worker,management,shall,False,active,plain,obligation,obligation,True,1.0,leave,True,
montgomery_county_public_schools__mcea_contract_fy15_fy17_3_15_14__d1f7af4d,MCEA-Contract-FY15-FY17-3-15-14.pdf,Montgomery County Public Schools,147,"Any unit member wishing to take long-term family leave to care for a dependent member of the immediate family over the age of five, may be granted an unpaid leave of absence up to one full school year, with two addi",Any unit member wishing to take long-term family leave to care for a dependent member of the immediate family over the age of five,management,worker,may,False,passive,rights_passive,right,right,True,0.3,leave,True,Truncated at end of chunk.
montgomery_county_public_schools__mcea_contract_fy15_fy17_3_15_14__d1f7af4d,MCEA-Contract-FY15-FY17-3-15-14.pdf,Montgomery County Public Schools,148,"Any unit member wishing to take long-term family leave to care for a dependent member of the immediate family over the age of five, may be granted an unpaid leave of absence up to one full school year, with two additional renewals for one school year each.",Any unit member wishing to take long-term family leave to care for a dependent member of the immediate family over the age of five,management,worker,may,False,passive,rights_passive,right,right,True,0.3,leave,True,
montgomery_county_public_schools__mcea_contract_fy15_fy17_3_15_14__d1f7af4d,MCEA-Contract-FY15-FY17-3-15-14.pdf,Montgomery County Public Schools,148,Unit members who are eligible for annual leave will be allowed to use any earned leave in their accounts after approval by the principal or appropriate official.,Unit members who are eligible for annual leave,management,worker,will,False,passive,rights_passive,right,permission,False,0.9,leave,True,
montgomery_county_public_schools__mcea_contract_fy15_fy17_3_15_14__d1f7af4d,MCEA-Contract-FY15-FY17-3-15-14.pdf,Montgomery County Public Schools,148,All applications for Long-Term Family Leave must be in the Employee and Retiree Service Center by July 15 of the year immediately prior to the leave.,All applications for Long-Term Family Leave,other,management,must,False,active,plain,obligation,obligation,True,1.0,leave,True,
montgomery_county_public_schools__mcea_contract_fy15_fy17_3_15_14__d1f7af4d,MCEA-Contract-FY15-FY17-3-15-14.pdf,Montgomery County Public Schools,148,"In order to return from Long-Term Family Leave, the unit member shall submit a request in writing to the Employee and Retiree Service Center by April 1 of the year of the long-term leave.",the unit member,worker,management,shall,False,active,obligation_verb,obligation,obligation,True,1.0,leave,True,
montgomery_county_public_schools__mcea_contract_fy15_fy17_3_15_14__d1f7af4d,MCEA-Contract-FY15-FY17-3-15-14.pdf,Montgomery County Public Schools,148,"If a unit member is offered an assignment for which he/she is qualified and the assignment is refused, the unit member will have to resign or be terminated.",the unit member,worker,management,will,False,active,obligation_verb,obligation,obligation,True,0.9,discipline,True,
montgomery_county_public_schools__mcea_contract_fy15_fy17_3_15_14__d1f7af4d,MCEA-Contract-FY15-FY17-3-15-14.pdf,Montgomery County Public Schools,148,Long-Term Family Leave does not qualify for employer payment of medical benefits under the Family and Medical Leave Act (see sick leave and unpaid leave for illness in the immediate family).,Long-Term Family Leave,other,management,,True,active,plain,prohibition,other,False,0.0,benefits,True,
montgomery_county_public_schools__mcea_contract_fy15_fy17_3_15_14__d1f7af4d,MCEA-Contract-FY15-FY17-3-15-14.pdf,Montgomery County Public Schools,148,Nor is it eligible for pension/retirement buy-back under the rules of the state retirement system.,it,other,management,,True,active,plain,prohibition,other,False,0.0,benefits,True,
montgomery_county_public_schools__mcea_contract_fy15_fy17_3_15_14__d1f7af4d,MCEA-Contract-FY15-FY17-3-15-14.pdf,Montgomery County Public Schools,148,"Except as noted herein, provisions for Long-Term Family Leave remain the same as for child care leave.",provisions for Long-Term Family Leave,other,worker,,False,active,plain,other,other,True,0.0,leave,True,
montgomery_county_public_schools__mcea_contract_fy15_fy17_3_15_14__d1f7af4d,MCEA-Contract-FY15-FY17-3-15-14.pdf,Montgomery County Public Schools,148,"A unit member entering military service may, upon written application and with the approval of the superintendent, be granted leave of absence without pay for one period of service and in accordance with the state regulations referred to above.",A unit member entering military service,management,worker,may,False,passive,rights_passive,right,permission,False,0.3,leave,True,
montgomery_county_public_schools__mcea_contract_fy15_fy17_3_15_14__d1f7af4d,MCEA-Contract-FY15-FY17-3-15-14.pdf,Montgomery County Public Schools,148,A copy of the military orders must accompany the request for leave.,A copy of the military orders,other,management,must,False,active,plain,obligation,obligation,True,1.0,leave,True,
montgomery_county_public_schools__mcea_contract_fy15_fy17_3_15_14__d1f7af4d,MCEA-Contract-FY15-FY17-3-15-14.pdf,Montgomery County Public Schools,148,This leave applies to individuals who are drafted or who volunteer for service for one period of enlistment.,This leave,other,worker,,False,active,plain,other,other,True,0.0,leave,True,
montgomery_county_public_schools__mcea_contract_fy15_fy17_3_15_14__d1f7af4d,MCEA-Contract-FY15-FY17-3-15-14.pdf,Montgomery County Public Schools,149,"A unit member granted military leave of absence shall retain the right to be placed in the same or similar position upon return from leave, subject to the following:",A unit member granted military leave of absence,worker,worker,shall,False,active,rights_active,right,right,True,1.0,job_security,True,
montgomery_county_public_schools__mcea_contract_fy15_fy17_3_15_14__d1f7af4d,MCEA-Contract-FY15-FY17-3-15-14.pdf,Montgomery County Public Schools,149,"He/she makes application within 90 days from the date of his/her separation from the armed forces in case he/she has involuntarily entered, or within 90 days after the termination of his/her first period of enlistment in case he/she has voluntarily entered for reinstatement by the Board of Education.",He/she,worker,management,,False,active,plain,other,obligation,False,0.0,job_security,True,
montgomery_county_public_schools__mcea_contract_fy15_fy17_3_15_14__d1f7af4d,MCEA-Contract-FY15-FY17-3-15-14.pdf,Montgomery County Public Schools,149,"He/she makes application for reinstatement within 90 days from the date of separation from such service or within 90 days after discharge from a hospital, provided such hospitalization is directly connected with, related to, and immediately follows his/her separation from the armed forces, and the period of hospitalization does not extend beyond a year from the date of such separation.",He/she,worker,management,,False,active,plain,other,obligation,False,0.0,job_security,True,
montgomery_county_public_schools__mcea_contract_fy15_fy17_3_15_14__d1f7af4d,MCEA-Contract-FY15-FY17-3-15-14.pdf,Montgomery County Public Schools,149,Any employee qualifying for reinstatement under this provision shall be entitled to start at the salary and rate of earnings for leave that he/she would have received if he/she had remained continuously in the Board of Education's service.,Any employee qualifying for reinstatement under this provision,worker,worker,shall,False,passive,rights_passive,right,right,True,1.0,compensation,True,
montgomery_county_public_schools__mcea_contract_fy15_fy17_3_15_14__d1f7af4d,MCEA-Contract-FY15-FY17-3-15-14.pdf,Montgomery County Public Schools,149,"he/she shall be reemployed in such comparable position, the duties of which he/she is qualified to perform, as will provide him/her like seniority, status, and pay rate, or the nearest approximation thereof consistent with the circumstances of his/her case.",he/she,management,worker,shall,False,passive,plain,obligation,obligation,True,1.0,job_security,True,
montgomery_county_public_schools__mcea_contract_fy15_fy17_3_15_14__d1f7af4d,MCEA-Contract-FY15-FY17-3-15-14.pdf,Montgomery County Public Schools,149,"The unit member, upon reinstatement, shall submit to the MCPS Retirement System an official verification of the length of military service.",The unit member,worker,management,shall,False,active,plain,obligation,obligation,True,1.0,leave,True,
montgomery_county_public_schools__mcea_contract_fy15_fy17_3_15_14__d1f7af4d,MCEA-Contract-FY15-FY17-3-15-14.pdf,Montgomery County Public Schools,150,"A unit member who is a member of the National Guard or of the U. S. Armed Forces Reserves and who is required by the laws of the United States or of Maryland to report for a training period, shall be eligible for a grant of military leave for training purposes not to exceed 15 calendar days per school year.",A unit member who is a member of the National Guard or of the U. S. Armed Forces Reserves and who is required by the laws of the United States or of Maryland to report for a training period,worker,worker,shall,False,active,rights_passive,right,right,True,1.0,leave,True,
montgomery_county_public_schools__mcea_contract_fy15_fy17_3_15_14__d1f7af4d,MCEA-Contract-FY15-FY17-3-15-14.pdf,Montgomery County Public Schools,150,"Application for military leave for training purposes shall be made in advance, immediately upon receipt from the appropriate military authorities of official notice to report.",Application for military leave for training purposes,other,management,shall,False,passive,plain,obligation,obligation,True,1.0,leave,True,
montgomery_county_public_schools__mcea_contract_fy15_fy17_3_15_14__d1f7af4d,MCEA-Contract-FY15-FY17-3-15-14.pdf,Montgomery County Public Schools,150,"A copy of the official orders must accompany the application for leave, which must be approved by the appropriate official and the superintendent.",A copy of the official orders,other,management,must,False,active,plain,obligation,obligation,True,1.0,leave,True,
montgomery_county_public_schools__mcea_contract_fy15_fy17_3_15_14__d1f7af4d,MCEA-Contract-FY15-FY17-3-15-14.pdf,Montgomery County Public Schools,150,"When possible, military leave for unit members with less than 12 months of responsibility shall be arranged during nonduty periods.",military leave for unit members with less than 12 months of responsibility,other,worker,shall,False,passive,plain,obligation,obligation,True,1.0,safety_and_working_conditions,True,
montgomery_county_public_schools__mcea_contract_fy15_fy17_3_15_14__d1f7af4d,MCEA-Contract-FY15-FY17-3-15-14.pdf,Montgomery County Public Schools,150,The superintendent may request a change in military orders when it seems to be in the best interest of the school system.,The superintendent,management,management,may,False,active,plain,permission,permission,True,0.3,leave,True,
montgomery_county_public_schools__mcea_contract_fy15_fy17_3_15_14__d1f7af4d,MCEA-Contract-FY15-FY17-3-15-14.pdf,Montgomery County Public Schools,150,"All unit members who are members of the organized militia or of the Army, Navy, Air Force, or Marine Corps Reserves shall be entitled to leave of absence without loss of pay on all days during which they shall be engaged in field or coast defense or other training ordered or authorized under any law of Maryland or of the United States, during such time as they are on inactive duty training, for not more than 15 days annually;","All unit members who are members of the organized militia or of the Army, Navy, Air Force, or Marine Corps Reserves",worker,worker,shall,False,active,rights_passive,right,right,True,1.0,leave,True,
montgomery_county_public_schools__mcea_contract_fy15_fy17_3_15_14__d1f7af4d,MCEA-Contract-FY15-FY17-3-15-14.pdf,Montgomery County Public Schools,150,"provided, however, if any members of the organized militia are ordered to active duty under authority of the governor, they shall be entitled to leave of absence without loss of pay for such time they actually serve under such active duty orders in addition to the 15-day period specified above.",they,worker,worker,shall,False,active,rights_passive,right,right,True,1.0,leave,True,
montgomery_county_public_schools__mcea_contract_fy15_fy17_3_15_14__d1f7af4d,MCEA-Contract-FY15-FY17-3-15-14.pdf,Montgomery County Public Schools,151,Unit members who are conscientious objectors and who are Class 1-0 shall not be given credit on the salary schedule for this type of service at the time of employment.,Unit members who are conscientious objectors and who are Class 1-0,management,management,shall,True,passive,rights_passive,other,prohibition,False,0.0,compensation,True,
montgomery_county_public_schools__mcea_contract_fy15_fy17_3_15_14__d1f7af4d,MCEA-Contract-FY15-FY17-3-15-14.pdf,Montgomery County Public Schools,151,"A unit member who is Class l-0, who is drafted and enters this type of program shall be given Leave for Unusual and Imperative Reasons,","A unit member who is Class l-0, who is drafted and enters this type of program",management,worker,shall,False,passive,rights_passive,right,right,True,1.0,leave,True,
montgomery_county_public_schools__mcea_contract_fy15_fy17_3_15_14__d1f7af4d,MCEA-Contract-FY15-FY17-3-15-14.pdf,Montgomery County Public Schools,151,upon release from his/her obligation shall be reinstated at the same or comparable position at the same salary step and in the same status as at the time his/her leave began.,his/her,management,worker,shall,False,passive,rights_passive,right,obligation,False,1.0,job_security,True,
montgomery_county_public_schools__mcea_contract_fy15_fy17_3_15_14__d1f7af4d,MCEA-Contract-FY15-FY17-3-15-14.pdf,Montgomery County Public Schools,151,Unit members who are conscientious objectors and who are Class 1-A-0 shall be entitled to all provisions of the salary plan and military leave policies.,Unit members who are conscientious objectors and who are Class 1-A-0,management,worker,shall,False,passive,rights_passive,right,right,True,1.0,benefits,True,
montgomery_county_public_schools__mcea_contract_fy15_fy17_3_15_14__d1f7af4d,MCEA-Contract-FY15-FY17-3-15-14.pdf,Montgomery County Public Schools,151,"A unit member shall be allowed a maximum of five days of absence without loss of salary upon the death of a child, parent (natural, foster, step, or in-law), brother, sister, husband, wife, or of anyone who has lived regularly in his/her household.",A unit member,management,worker,shall,False,passive,permission_verb,permission,permission,True,1.0,leave,True,
montgomery_county_public_schools__mcea_contract_fy15_fy17_3_15_14__d1f7af4d,MCEA-Contract-FY15-FY17-3-15-14.pdf,Montgomery County Public Schools,151,"A unit member shall be allowed a maximum of two duty days of absence without loss of salary upon the death of a brother-in-law, sister-in-law, son-in-law, daughter-in-law, grandparent, grandchild, spouse's grandparent, or an individual for whom the unit member held durable medical or personal representative power of attorney at the time of death.",A unit member,management,worker,shall,False,passive,permission_verb,permission,permission,True,1.0,leave,True,
montgomery_county_public_schools__mcea_contract_fy15_fy17_3_15_14__d1f7af4d,MCEA-Contract-FY15-FY17-3-15-14.pdf,Montgomery County Public Schools,151,"In the event of unusual travel or personal obligations in connection with the use of bereavement leave, additional leave days may be granted by the Leave Administration team in the Employee and Retiree Service Center.",additional leave days,worker,worker,may,False,passive,permission_verb,permission,permission,True,0.3,leave,True,
montgomery_county_public_schools__mcea_contract_fy15_fy17_3_15_14__d1f7af4d,MCEA-Contract-FY15-FY17-3-15-14.pdf,Montgomery County Public Schools,151,"With approval from the Leave Administration team, one or more of the allowed days may be used at a time that is not immediately proximate to the date of death for a burial or memorial service that occurs at a later date.",one or more of the allowed days,management,worker,may,False,passive,plain,permission,permission,True,0.3,leave,True,
montgomery_county_public_schools__mcea_contract_fy15_fy17_3_15_14__d1f7af4d,MCEA-Contract-FY15-FY17-3-15-14.pdf,Montgomery County Public Schools,151,Leave for family bereavement is not available for business purposes such as estate management or will review.,Leave for family bereavement,other,management,will,True,active,plain,prohibition,prohibition,True,0.9,leave,True,inanimate subject
montgomery_county_public_schools__mcea_contract_fy15_fy17_3_15_14__d1f7af4d,MCEA-Contract-FY15-FY17-3-15-14.pdf,Montgomery County Public Schools,151,Unit members engaging in political activity shall make it clear that their utterances and actions are theirs as individuals.,Unit members engaging in political activity,worker,management,shall,False,active,plain,obligation,obligation,True,1.0,teacher_rights_and_conduct,True,
montgomery_county_public_schools__mcea_contract_fy15_fy17_3_15_14__d1f7af4d,MCEA-Contract-FY15-FY17-3-15-14.pdf,Montgomery County Public Schools,152,Leaves of absence shall be requested in writing.,Leaves of absence,other,management,shall,False,passive,plain,obligation,obligation,True,1.0,leave,True,
montgomery_county_public_schools__mcea_contract_fy15_fy17_3_15_14__d1f7af4d,MCEA-Contract-FY15-FY17-3-15-14.pdf,Montgomery County Public Schools,152,Leaves of absences for campaigning and holding office may be arranged for a definite period.,Leaves of absences,other,worker,may,False,passive,plain,permission,permission,True,0.3,leave,True,
montgomery_county_public_schools__mcea_contract_fy15_fy17_3_15_14__d1f7af4d,MCEA-Contract-FY15-FY17-3-15-14.pdf,Montgomery County Public Schools,152,"If the candidate is not elected, he/she shall be returned to his/her position immediately.",he/she,management,worker,shall,False,passive,rights_passive,right,obligation,False,1.0,job_security,True,
montgomery_county_public_schools__mcea_contract_fy15_fy17_3_15_14__d1f7af4d,MCEA-Contract-FY15-FY17-3-15-14.pdf,Montgomery County Public Schools,152,"Leave may include voter-registration, election-day duties, or other political responsibilities.",Leave,other,worker,may,False,active,plain,permission,permission,True,0.3,leave,True,
montgomery_county_public_schools__mcea_contract_fy15_fy17_3_15_14__d1f7af4d,MCEA-Contract-FY15-FY17-3-15-14.pdf,Montgomery County Public Schools,152,"Upon approval of the Employee and Retiree Service Center, a unit member who is subpoenaed as a witness in a civil or criminal case, or is called and serves on a jury, shall be granted paid leave for that period of time he/she is unable to report to work provided the unit member is not a party to the civil or criminal case, except as a defendant in an action regarding his/her authorized MCPS duties.","a unit member who is subpoenaed as a witness in a civil or criminal case, or is called and serves on a jury",management,worker,shall,False,passive,rights_passive,right,right,True,1.0,leave,True,
montgomery_county_public_schools__mcea_contract_fy15_fy17_3_15_14__d1f7af4d,MCEA-Contract-FY15-FY17-3-15-14.pdf,Montgomery County Public Schools,152,"In the event the employee is a relative or business associate of a party to the case, an ERSC designee will review the circumstances and determine the appropriateness of civil leave.",an ERSC designee,management,worker,will,False,active,plain,obligation,obligation,True,0.9,leave,True,
montgomery_county_public_schools__mcea_contract_fy15_fy17_3_15_14__d1f7af4d,MCEA-Contract-FY15-FY17-3-15-14.pdf,Montgomery County Public Schools,152,Application for leave must be made in advance and submitted with a copy of the subpoena.,Application for leave,other,management,must,False,passive,plain,obligation,obligation,True,1.0,leave,True,
montgomery_county_public_schools__mcea_contract_fy15_fy17_3_15_14__d1f7af4d,MCEA-Contract-FY15-FY17-3-15-14.pdf,Montgomery County Public Schools,152,"The unit member shall transmit any monies received from such assignment other than those used for personal expense (e.g., travel) to the Board of Education.",The unit member,worker,management,shall,False,active,plain,obligation,obligation,True,1.0,compensation,True,
montgomery_county_public_schools__mcea_contract_fy15_fy17_3_15_14__d1f7af4d,MCEA-Contract-FY15-FY17-3-15-14.pdf,Montgomery County Public Schools,152,Unit members shall not earn or be granted compensatory leave.,Unit members,worker,management,shall,True,active,prohibition_verb,permission,prohibition,False,1.0,leave,True,
montgomery_county_public_schools__mcea_contract_fy15_fy17_3_15_14__d1f7af4d,MCEA-Contract-FY15-FY17-3-15-14.pdf,Montgomery County Public Schools,152,"When all schools are closed because of inclement weather or other emergency reasons, all unit members on salary grades A-D are automatically granted emergency leave.",all unit members on salary grades A-D,management,worker,,False,passive,rights_passive,right,right,True,0.85,leave,True,
montgomery_county_public_schools__mcea_contract_fy15_fy17_3_15_14__d1f7af4d,MCEA-Contract-FY15-FY17-3-15-14.pdf,Montgomery County Public Schools,152,"In school years when there are more emergency days lost than permitted by the school calendar, those excess days must be made up at times specified by the superintendent.",those excess days,management,management,must,False,passive,plain,obligation,obligation,True,1.0,leave,True,
montgomery_county_public_schools__mcea_contract_fy15_fy17_3_15_14__d1f7af4d,MCEA-Contract-FY15-FY17-3-15-14.pdf,Montgomery County Public Schools,152,"PPWs and school psychologists housed in school-based offices may request to use the teleworking option on days when schools are closed due to emergency situations, consistent with expectations for teleworking.",PPWs and school psychologists housed in school-based offices,worker,worker,may,False,active,plain,permission,permission,True,0.3,safety_and_working_conditions,True,
montgomery_county_public_schools__mcea_contract_fy15_fy17_3_15_14__d1f7af4d,MCEA-Contract-FY15-FY17-3-15-14.pdf,Montgomery County Public Schools,152,This request may be made in anticipation of an emergency closing.,This request,other,worker,may,False,passive,plain,permission,permission,True,0.3,safety_and_working_conditions,True,
montgomery_county_public_schools__mcea_contract_fy15_fy17_3_15_14__d1f7af4d,MCEA-Contract-FY15-FY17-3-15-14.pdf,Montgomery County Public Schools,152,"Other 12-month unit members are expected to report for duty when schools are closed, or take annual leave, unless the superintendent has announced that the central office is closed.",Other 12-month unit members,worker,management,,False,active,obligation_verb,obligation,obligation,True,0.85,leave,True,
montgomery_county_public_schools__mcea_contract_fy15_fy17_3_15_14__d1f7af4d,MCEA-Contract-FY15-FY17-3-15-14.pdf,Montgomery County Public Schools,153,individual unit members in the school may be required to work if they are needed,individual unit members in the school,management,management,may,False,passive,obligation_verb,obligation,obligation,True,0.3,other,True,
montgomery_county_public_schools__mcea_contract_fy15_fy17_3_15_14__d1f7af4d,MCEA-Contract-FY15-FY17-3-15-14.pdf,Montgomery County Public Schools,153,unit members will be granted emergency leave,unit members,management,worker,will,False,passive,rights_passive,right,right,True,0.9,leave,True,
montgomery_county_public_schools__mcea_contract_fy15_fy17_3_15_14__d1f7af4d,MCEA-Contract-FY15-FY17-3-15-14.pdf,Montgomery County Public Schools,153,they will be expected to complete their other professional duties.,they,management,management,will,False,passive,obligation_verb,obligation,obligation,True,0.9,other,True,
montgomery_county_public_schools__mcea_contract_fy15_fy17_3_15_14__d1f7af4d,MCEA-Contract-FY15-FY17-3-15-14.pdf,Montgomery County Public Schools,153,Unit members will not be asked to remain in a work location that poses a serious health or safety risk.,Unit members,management,worker,will,True,passive,plain,prohibition,prohibition,True,0.9,safety_and_working_conditions,True,
montgomery_county_public_schools__mcea_contract_fy15_fy17_3_15_14__d1f7af4d,MCEA-Contract-FY15-FY17-3-15-14.pdf,Montgomery County Public Schools,153,"Unit members may be granted leave by the superintendent for unusual or imperative reasons at no loss of pay, at loss of full pay, or at loss of substitute pay, when no other leave is applicable.",Unit members,management,worker,may,False,passive,rights_passive,right,right,True,0.3,leave,True,
montgomery_county_public_schools__mcea_contract_fy15_fy17_3_15_14__d1f7af4d,MCEA-Contract-FY15-FY17-3-15-14.pdf,Montgomery County Public Schools,153,Approval must be secured before the absence occurs.,Approval,other,management,must,False,passive,plain,obligation,obligation,True,1.0,leave,True,
montgomery_county_public_schools__mcea_contract_fy15_fy17_3_15_14__d1f7af4d,MCEA-Contract-FY15-FY17-3-15-14.pdf,Montgomery County Public Schools,153,All unit members may be granted up to three days per year for personal leave.,All unit members,management,worker,may,False,passive,rights_passive,right,right,True,0.3,leave,True,
montgomery_county_public_schools__mcea_contract_fy15_fy17_3_15_14__d1f7af4d,MCEA-Contract-FY15-FY17-3-15-14.pdf,Montgomery County Public Schools,153,A written request for the intended absence shall be submitted to the principal or appropriate official at least one day prior to the expected absence.,A written request for the intended absence,other,management,shall,False,passive,plain,obligation,obligation,True,1.0,leave,True,
montgomery_county_public_schools__mcea_contract_fy15_fy17_3_15_14__d1f7af4d,MCEA-Contract-FY15-FY17-3-15-14.pdf,Montgomery County Public Schools,153,No specific reason for such personal leave shall be required or solicited.,No specific reason for such personal leave,management,worker,shall,True,passive,plain,prohibition,prohibition,True,1.0,leave,True,
montgomery_county_public_schools__mcea_contract_fy15_fy17_3_15_14__d1f7af4d,MCEA-Contract-FY15-FY17-3-15-14.pdf,Montgomery County Public Schools,153,"Personal leave, if granted, must be used only to conduct personal business of a nature that cannot be scheduled on any nonduty day.","Personal leave, if granted",other,management,must,False,passive,plain,obligation,obligation,True,1.0,leave,True,
montgomery_county_public_schools__mcea_contract_fy15_fy17_3_15_14__d1f7af4d,MCEA-Contract-FY15-FY17-3-15-14.pdf,Montgomery County Public Schools,153,Personal leave will be granted unless the immediate supervisor determines that adequate provisions for continuing the school program are insufficient.,Personal leave,management,management,will,False,passive,rights_passive,right,right,True,0.9,leave,True,
montgomery_county_public_schools__mcea_contract_fy15_fy17_3_15_14__d1f7af4d,MCEA-Contract-FY15-FY17-3-15-14.pdf,Montgomery County Public Schools,153,"Favorable consideration will be given for advance notice and a confirmed substitute, provided an inordinate number of requests have not been submitted for the same date or testing requirements necessitate the presence of certificated staff.",Favorable consideration,other,management,will,False,passive,rights_passive,right,obligation,False,0.9,leave,True,
montgomery_county_public_schools__mcea_contract_fy15_fy17_3_15_14__d1f7af4d,MCEA-Contract-FY15-FY17-3-15-14.pdf,Montgomery County Public Schools,153,"In cases of emergency, the appropriate school official shall be notified prior to the start of the duty day to be taken off.",the appropriate school official,worker,management,shall,False,passive,rights_passive,right,obligation,False,1.0,leave,True,
montgomery_county_public_schools__mcea_contract_fy15_fy17_3_15_14__d1f7af4d,MCEA-Contract-FY15-FY17-3-15-14.pdf,Montgomery County Public Schools,153,Requests for personal leave shall be made in writing.,Requests for personal leave,other,management,shall,False,passive,plain,obligation,obligation,True,1.0,leave,True,
montgomery_county_public_schools__mcea_contract_fy15_fy17_3_15_14__d1f7af4d,MCEA-Contract-FY15-FY17-3-15-14.pdf,Montgomery County Public Schools,154,"Leave immediately before or after a holiday, vacation, or professional development day may be requested for reason from the school principal or appropriate official.","Leave immediately before or after a holiday, vacation, or professional development day",worker,worker,may,False,passive,plain,permission,permission,True,0.3,leave,True,source typo 'for reason' preserved verbatim
montgomery_county_public_schools__mcea_contract_fy15_fy17_3_15_14__d1f7af4d,MCEA-Contract-FY15-FY17-3-15-14.pdf,Montgomery County Public Schools,154,It shall be the responsibility of the supervisor/administrator and the unit member to ensure continuity of the instructional program.,It,other,management,shall,False,active,plain,obligation,obligation,True,1.0,other,True,joint obligation; 'It' refers to supervisory/administrator and unit member
montgomery_county_public_schools__mcea_contract_fy15_fy17_3_15_14__d1f7af4d,MCEA-Contract-FY15-FY17-3-15-14.pdf,Montgomery County Public Schools,154,Up to two personal leave days may be carried over from year to year,Up to two personal leave days,worker,worker,may,False,passive,plain,permission,permission,True,0.3,leave,True,
montgomery_county_public_schools__mcea_contract_fy15_fy17_3_15_14__d1f7af4d,MCEA-Contract-FY15-FY17-3-15-14.pdf,Montgomery County Public Schools,154,personal leave may accrue to a maximum of five days.,personal leave,worker,worker,may,False,active,plain,permission,permission,True,0.3,leave,True,
montgomery_county_public_schools__mcea_contract_fy15_fy17_3_15_14__d1f7af4d,MCEA-Contract-FY15-FY17-3-15-14.pdf,Montgomery County Public Schools,154,The remainder of unused personal leave shall be transferred to accumulated sick leave at the end of the school year.,The remainder of unused personal leave,management,worker,shall,False,passive,plain,obligation,obligation,True,1.0,leave,True,
montgomery_county_public_schools__mcea_contract_fy15_fy17_3_15_14__d1f7af4d,MCEA-Contract-FY15-FY17-3-15-14.pdf,Montgomery County Public Schools,154,Unit members who have been employed continuously for five full years are eligible to apply for long-term unpaid personal leave.,Unit members who have been employed continuously for five full years,worker,worker,,False,active,plain,other,permission,False,0.0,leave,True,
montgomery_county_public_schools__mcea_contract_fy15_fy17_3_15_14__d1f7af4d,MCEA-Contract-FY15-FY17-3-15-14.pdf,Montgomery County Public Schools,154,may not be taken in increments.,Leave,worker,management,may,True,passive,plain,prohibition,prohibition,True,0.3,leave,True,extracted as independent clause following 'and' from preceding sentence
montgomery_county_public_schools__mcea_contract_fy15_fy17_3_15_14__d1f7af4d,MCEA-Contract-FY15-FY17-3-15-14.pdf,Montgomery County Public Schools,154,"Long-term personal leave is available for unit members to explore other (alternative) careers, pursue individual interests, travel, or other personal options.",Long-term personal leave,other,worker,,False,active,plain,other,other,True,0.0,leave,True,inanimate subject; describes availability rather than assigning party action
montgomery_county_public_schools__mcea_contract_fy15_fy17_3_15_14__d1f7af4d,MCEA-Contract-FY15-FY17-3-15-14.pdf,Montgomery County Public Schools,154,Unit members must apply for long-term personal leave by April 1 in the school year prior to the commencement of the leave.,Unit members,worker,management,must,False,active,obligation_verb,obligation,obligation,True,1.0,leave,True,
montgomery_county_public_schools__mcea_contract_fy15_fy17_3_15_14__d1f7af4d,MCEA-Contract-FY15-FY17-3-15-14.pdf,Montgomery County Public Schools,154,"Unit members taking long-term personal leave may not be contracted to work for public or private schools during the period of the leave, except as an intermittent substitute teacher or similar non-fulltime short-term employment.",Unit members taking long-term personal leave,management,management,may,True,passive,plain,prohibition,prohibition,True,0.3,leave,True,implicit agent in passive construction is the contracting party (district/management)
montgomery_county_public_schools__mcea_contract_fy15_fy17_3_15_14__d1f7af4d,MCEA-Contract-FY15-FY17-3-15-14.pdf,Montgomery County Public Schools,154,The unit member's length of service and the right to receive salary increments shall be bridged to pick up where they were when leave was granted.,The unit member's length of service and the right to receive salary increments,management,worker,shall,False,passive,plain,obligation,obligation,True,1.0,leave,True,
montgomery_county_public_schools__mcea_contract_fy15_fy17_3_15_14__d1f7af4d,MCEA-Contract-FY15-FY17-3-15-14.pdf,Montgomery County Public Schools,154,Sick or annual leave can be neither used nor earned.,Sick or annual leave,worker,management,can,True,passive,plain,prohibition,prohibition,True,0.3,leave,True,negation applies to both 'used' and 'earned'
montgomery_county_public_schools__mcea_contract_fy15_fy17_3_15_14__d1f7af4d,MCEA-Contract-FY15-FY17-3-15-14.pdf,Montgomery County Public Schools,154,Unit members may elect to have continued participation in the MCPS Employee Benefit Plan by assuming the full cost of the premiums while on long-term leave without pay.,Unit members,worker,worker,may,False,active,plain,permission,permission,True,0.3,leave,True,
montgomery_county_public_schools__mcea_contract_fy15_fy17_3_15_14__d1f7af4d,MCEA-Contract-FY15-FY17-3-15-14.pdf,Montgomery County Public Schools,154,Unit members must declare intent to return from leave by April 1 of the leave year.,Unit members,worker,management,must,False,active,obligation_verb,obligation,obligation,True,1.0,leave,True,
montgomery_county_public_schools__mcea_contract_fy15_fy17_3_15_14__d1f7af4d,MCEA-Contract-FY15-FY17-3-15-14.pdf,Montgomery County Public Schools,154,This type of leave may not be renewed.,This type of leave,management,management,may,True,passive,plain,prohibition,prohibition,True,0.3,leave,True,implicit agent is the district/administration
montgomery_county_public_schools__mcea_contract_fy15_fy17_3_15_14__d1f7af4d,MCEA-Contract-FY15-FY17-3-15-14.pdf,Montgomery County Public Schools,154,"Reimbursable Salary Leave shall provide a teacher an opportunity to be ""loaned"" to a university, government agency or other similar partner for a period of one year with an option to renew for one or two years with the following conditions:",Reimbursable Salary Leave,management,worker,shall,False,active,plain,obligation,obligation,True,1.0,leave,True,introductory/lead-in clause to enumerated conditions
montgomery_county_public_schools__mcea_contract_fy15_fy17_3_15_14__d1f7af4d,MCEA-Contract-FY15-FY17-3-15-14.pdf,Montgomery County Public Schools,155,"Reimbursable Salary Leave shall provide a teacher an opportunity to be ""loaned"" to a university, government agency or other similar partner for a period of one year with an option to renew for one or two years",Reimbursable Salary Leave,other,worker,shall,False,active,plain,obligation,obligation,True,1.0,leave,True,
montgomery_county_public_schools__mcea_contract_fy15_fy17_3_15_14__d1f7af4d,MCEA-Contract-FY15-FY17-3-15-14.pdf,Montgomery County Public Schools,155,the leave is for one full school year,the leave,other,worker,,False,active,plain,other,other,True,0.0,leave,True,
montgomery_county_public_schools__mcea_contract_fy15_fy17_3_15_14__d1f7af4d,MCEA-Contract-FY15-FY17-3-15-14.pdf,Montgomery County Public Schools,155,may not be taken in increments,the leave,management,management,may,True,passive,plain,prohibition,prohibition,True,0.3,leave,True,Implicit agent is management per passive voice fallback rule.
montgomery_county_public_schools__mcea_contract_fy15_fy17_3_15_14__d1f7af4d,MCEA-Contract-FY15-FY17-3-15-14.pdf,Montgomery County Public Schools,155,the unit member retains full employment status,the unit member,worker,worker,,False,active,plain,other,other,True,0.0,leave,True,
montgomery_county_public_schools__mcea_contract_fy15_fy17_3_15_14__d1f7af4d,MCEA-Contract-FY15-FY17-3-15-14.pdf,Montgomery County Public Schools,155,earns salary/ retirement credit,the unit member,worker,worker,,False,active,plain,other,other,True,0.0,leave,True,
montgomery_county_public_schools__mcea_contract_fy15_fy17_3_15_14__d1f7af4d,MCEA-Contract-FY15-FY17-3-15-14.pdf,Montgomery County Public Schools,155,the unit member must be in good standing at the time of the leave request,the unit member,worker,management,must,False,active,plain,obligation,obligation,True,1.0,leave,True,
montgomery_county_public_schools__mcea_contract_fy15_fy17_3_15_14__d1f7af4d,MCEA-Contract-FY15-FY17-3-15-14.pdf,Montgomery County Public Schools,155,the unit member must have been employed continuously for five years,the unit member,management,management,must,False,passive,plain,obligation,obligation,True,1.0,leave,True,Implicit agent is management per passive voice fallback rule.
montgomery_county_public_schools__mcea_contract_fy15_fy17_3_15_14__d1f7af4d,MCEA-Contract-FY15-FY17-3-15-14.pdf,Montgomery County Public Schools,155,all applications for this leave must be in the Employee and Retiree Service Center by April 1 of the year prior to the leave,all applications for this leave,other,management,must,False,active,plain,obligation,obligation,True,1.0,leave,True,
montgomery_county_public_schools__mcea_contract_fy15_fy17_3_15_14__d1f7af4d,MCEA-Contract-FY15-FY17-3-15-14.pdf,Montgomery County Public Schools,155,the unit member must agree to a contract that requires return to teaching in the school system for a minimum of two years immediately following the end of the leave.,the unit member,worker,management,must,False,active,plain,obligation,obligation,True,1.0,leave,True,
montgomery_county_public_schools__mcea_contract_fy15_fy17_3_15_14__d1f7af4d,MCEA-Contract-FY15-FY17-3-15-14.pdf,Montgomery County Public Schools,156,Any break in service will end the long-term status,Any break in service,other,management,will,False,active,plain,obligation,other,False,0.9,leave,True,
montgomery_county_public_schools__mcea_contract_fy15_fy17_3_15_14__d1f7af4d,MCEA-Contract-FY15-FY17-3-15-14.pdf,Montgomery County Public Schools,156,a substitute unit member may be absent as specified in Article 9 of these Substitute Articles.,a substitute unit member,worker,worker,may,False,active,permission_verb,permission,permission,True,0.3,leave,True,
montgomery_county_public_schools__mcea_contract_fy15_fy17_3_15_14__d1f7af4d,MCEA-Contract-FY15-FY17-3-15-14.pdf,Montgomery County Public Schools,156,The Board of Education and MCEA substitute teachers will establish a committee of joint collaboration,The Board of Education and MCEA substitute teachers,other,worker,will,False,active,plain,obligation,obligation,True,0.9,other,True,
montgomery_county_public_schools__mcea_contract_fy15_fy17_3_15_14__d1f7af4d,MCEA-Contract-FY15-FY17-3-15-14.pdf,Montgomery County Public Schools,156,"The committee will promote collaboration between substitute teachers and the Board in developing, implementing, and evaluating solutions for continuous improvement for substitute teachers.",The committee,other,worker,will,False,active,plain,obligation,obligation,True,0.9,other,True,
montgomery_county_public_schools__mcea_contract_fy15_fy17_3_15_14__d1f7af4d,MCEA-Contract-FY15-FY17-3-15-14.pdf,Montgomery County Public Schools,156,"Utilizing the collaboration process, this committee will meet at least bi-monthly to address issues brought forward by the members, including issues related to this Agreement.",this committee,other,worker,will,False,active,plain,obligation,obligation,True,0.9,other,True,
montgomery_county_public_schools__mcea_contract_fy15_fy17_3_15_14__d1f7af4d,MCEA-Contract-FY15-FY17-3-15-14.pdf,Montgomery County Public Schools,156,"The committee will be comprised of five members: two substitute teachers, one MCEA staff, and two MCPS representatives.",The committee,other,worker,will,False,passive,plain,obligation,other,False,0.9,other,True,
montgomery_county_public_schools__mcea_contract_fy15_fy17_3_15_14__d1f7af4d,MCEA-Contract-FY15-FY17-3-15-14.pdf,Montgomery County Public Schools,156,The committee will be co-chaired by a substitute teacher and an MCPS representative.,The committee,worker,worker,will,False,passive,plain,obligation,other,False,0.9,other,True,
montgomery_county_public_schools__mcea_contract_fy15_fy17_3_15_14__d1f7af4d,MCEA-Contract-FY15-FY17-3-15-14.pdf,Montgomery County Public Schools,157,Any substitute teacher who has worked at least 45 days (315 hours) in the previous semester shall be eligible to enroll in appropriate professional development experiences.,Any substitute teacher who has worked at least 45 days (315 hours) in the previous semester,worker,worker,shall,False,active,plain,obligation,permission,False,1.0,professional_development,True,
montgomery_county_public_schools__mcea_contract_fy15_fy17_3_15_14__d1f7af4d,MCEA-Contract-FY15-FY17-3-15-14.pdf,Montgomery County Public Schools,157,Substitute teachers will be offered an annual training day (seven hours) or two half-days (seven hours total) each year with full short-term pay.,Substitute teachers,management,worker,will,False,passive,rights_passive,right,obligation,False,0.9,professional_development,True,
montgomery_county_public_schools__mcea_contract_fy15_fy17_3_15_14__d1f7af4d,MCEA-Contract-FY15-FY17-3-15-14.pdf,Montgomery County Public Schools,157,An employee enrolled by April 1 of the previous year must have worked at least 15 days (105 hours) the previous year to receive compensation.,An employee enrolled by April 1 of the previous year,worker,management,must,False,active,plain,obligation,obligation,True,1.0,compensation,True,
montgomery_county_public_schools__mcea_contract_fy15_fy17_3_15_14__d1f7af4d,MCEA-Contract-FY15-FY17-3-15-14.pdf,Montgomery County Public Schools,157,Substitutes hired after April 1 of the previous year will be eligible to participate with compensation.,Substitutes hired after April 1 of the previous year,worker,worker,will,False,active,plain,obligation,right,False,0.9,compensation,True,
montgomery_county_public_schools__mcea_contract_fy15_fy17_3_15_14__d1f7af4d,MCEA-Contract-FY15-FY17-3-15-14.pdf,Montgomery County Public Schools,157,Each substitute unit member will perform all the duties and have all the responsibilities during the normal workday of the school-based unit member for whom he/she is substituting or the duties and responsibilities necessary to fill the vacant position as determined by the principal.,Each substitute unit member,worker,management,will,False,active,plain,obligation,obligation,True,0.9,workload,True,
montgomery_county_public_schools__mcea_contract_fy15_fy17_3_15_14__d1f7af4d,MCEA-Contract-FY15-FY17-3-15-14.pdf,Montgomery County Public Schools,157,"Secondary school substitutes will not be required to teach more than six classes in a given day, unless compensated in accordance with Article 7, Section H, of this Substitute Teacher Contract.",Secondary school substitutes,management,worker,will,True,passive,obligation_verb,right,right,True,0.9,workload,True,
montgomery_county_public_schools__mcea_contract_fy15_fy17_3_15_14__d1f7af4d,MCEA-Contract-FY15-FY17-3-15-14.pdf,Montgomery County Public Schools,157,"For a school-based position held by other than a unit member who teaches regularly in a classroom, no substitute unit member shall report for work without prior written authorization from the community superintendent to the principal or designee in each event.",no substitute unit member,worker,management,shall,True,active,plain,prohibition,prohibition,True,1.0,other,True,
montgomery_county_public_schools__mcea_contract_fy15_fy17_3_15_14__d1f7af4d,MCEA-Contract-FY15-FY17-3-15-14.pdf,Montgomery County Public Schools,157,Each substitute unit member will work the same number of normal hours worked by the unit member who is on leave or the scheduled number of hours for the vacant position.,Each substitute unit member,worker,management,will,False,active,plain,obligation,obligation,True,0.9,workload,True,
montgomery_county_public_schools__mcea_contract_fy15_fy17_3_15_14__d1f7af4d,MCEA-Contract-FY15-FY17-3-15-14.pdf,Montgomery County Public Schools,157,Starting and dismissal times shall be assigned by the principal.,Starting and dismissal times,management,management,shall,False,passive,plain,obligation,obligation,True,1.0,workload,True,
montgomery_county_public_schools__mcea_contract_fy15_fy17_3_15_14__d1f7af4d,MCEA-Contract-FY15-FY17-3-15-14.pdf,Montgomery County Public Schools,157,Each substitute unit member shall receive an informational packet relevant to the operation of the specific school to which he/she has been assigned.,Each substitute unit member,worker,worker,shall,False,active,rights_active,right,right,True,1.0,other,True,
montgomery_county_public_schools__mcea_contract_fy15_fy17_3_15_14__d1f7af4d,MCEA-Contract-FY15-FY17-3-15-14.pdf,Montgomery County Public Schools,157,This packet will be returned by the substitute unit member when the assignment terminates.,This packet,worker,management,will,False,passive,plain,obligation,obligation,True,0.9,other,True,
montgomery_county_public_schools__mcea_contract_fy15_fy17_3_15_14__d1f7af4d,MCEA-Contract-FY15-FY17-3-15-14.pdf,Montgomery County Public Schools,157,"In addition, schools will prepare a brief document for substitutes that simply spells out the discipline policy, has a map of the school, and other important school operations that might affect them.",schools,management,worker,will,False,active,plain,obligation,obligation,True,0.9,safety_and_working_conditions,True,
montgomery_county_public_schools__mcea_contract_fy15_fy17_3_15_14__d1f7af4d,MCEA-Contract-FY15-FY17-3-15-14.pdf,Montgomery County Public Schools,157,A long-term substitute unit member will be granted emergency leave when schools are closed because of inclement weather or other emergency reasons.,A long-term substitute unit member,management,worker,will,False,passive,rights_passive,right,right,True,0.9,leave,True,
montgomery_county_public_schools__mcea_contract_fy15_fy17_3_15_14__d1f7af4d,MCEA-Contract-FY15-FY17-3-15-14.pdf,Montgomery County Public Schools,158,No substitute teacher will be disciplined without proper cause.,No substitute teacher,management,worker,will,True,passive,plain,prohibition,prohibition,True,0.9,discipline,True,
montgomery_county_public_schools__mcea_contract_fy15_fy17_3_15_14__d1f7af4d,MCEA-Contract-FY15-FY17-3-15-14.pdf,Montgomery County Public Schools,158,A principal shall inform the substitute teacher promptly when the substitute teacher is being removed from the school’s list.,A principal,management,worker,shall,False,active,plain,obligation,obligation,True,1.0,discipline,True,
montgomery_county_public_schools__mcea_contract_fy15_fy17_3_15_14__d1f7af4d,MCEA-Contract-FY15-FY17-3-15-14.pdf,Montgomery County Public Schools,158,The substitute will be informed of the reason(s).,The substitute,management,worker,will,False,passive,rights_passive,right,right,True,0.9,discipline,True,
montgomery_county_public_schools__mcea_contract_fy15_fy17_3_15_14__d1f7af4d,MCEA-Contract-FY15-FY17-3-15-14.pdf,Montgomery County Public Schools,159,A substitute who is employed to replace a unit member who is a less than full-time unit member shall be paid the same percentage of the rate of pay for a short-term substitute teacher.,A substitute who is employed to replace a unit member who is a less than full-time unit member,management,worker,shall,False,passive,rights_passive,right,right,True,1.0,compensation,True,
montgomery_county_public_schools__mcea_contract_fy15_fy17_3_15_14__d1f7af4d,MCEA-Contract-FY15-FY17-3-15-14.pdf,Montgomery County Public Schools,159,A short-term substitute unit member will receive a minimum of one-half of the short-term substitute daily rate of pay when the unit member substitutes for a teacher whose regular schedule is full time.,A short-term substitute unit member,worker,worker,will,False,active,rights_active,right,right,True,0.9,compensation,True,
montgomery_county_public_schools__mcea_contract_fy15_fy17_3_15_14__d1f7af4d,MCEA-Contract-FY15-FY17-3-15-14.pdf,Montgomery County Public Schools,159,A substitute who is employed to replace a unit member who is a less than full-time unit member shall be paid the same percentage of the rate of pay for a long-term substitute teacher.,A substitute who is employed to replace a unit member who is a less than full-time unit member,management,worker,shall,False,passive,rights_passive,right,right,True,1.0,compensation,True,
montgomery_county_public_schools__mcea_contract_fy15_fy17_3_15_14__d1f7af4d,MCEA-Contract-FY15-FY17-3-15-14.pdf,Montgomery County Public Schools,159,"Once a substitute has achieved long-term status in an assignment, he/she shall be entitled to be paid the long-term rate beginning with the eleventh day of the assignment.",he/she,worker,worker,shall,False,active,rights_passive,right,right,True,1.0,compensation,True,
montgomery_county_public_schools__mcea_contract_fy15_fy17_3_15_14__d1f7af4d,MCEA-Contract-FY15-FY17-3-15-14.pdf,Montgomery County Public Schools,159,"If a long-term substitute teacher has a break in service that exceeds the contractual limits and returns to substitute for the same teacher, the rate of pay will revert to the short-term rate of pay.",the rate of pay,other,management,will,False,active,plain,obligation,obligation,True,0.9,compensation,True,Automatic contractual outcome; inanimate subject.
montgomery_county_public_schools__mcea_contract_fy15_fy17_3_15_14__d1f7af4d,MCEA-Contract-FY15-FY17-3-15-14.pdf,Montgomery County Public Schools,159,Long-term substitutes having worked 45 days in the same assignment shall be paid 10 percent higher than the regular long-term rate for the remainder of the assignment.,Long-term substitutes having worked 45 days in the same assignment,management,worker,shall,False,passive,rights_passive,right,right,True,1.0,compensation,True,
montgomery_county_public_schools__mcea_contract_fy15_fy17_3_15_14__d1f7af4d,MCEA-Contract-FY15-FY17-3-15-14.pdf,Montgomery County Public Schools,159,Each substitute teacher will be paid on the payday two weeks following the end of the pay period.,Each substitute teacher,management,worker,will,False,passive,rights_passive,right,obligation,False,0.9,compensation,True,
montgomery_county_public_schools__mcea_contract_fy15_fy17_3_15_14__d1f7af4d,MCEA-Contract-FY15-FY17-3-15-14.pdf,Montgomery County Public Schools,159,Substitutes will have the option of direct deposit of their paychecks.,Substitutes,worker,worker,will,False,active,plain,obligation,right,False,0.9,compensation,True,
montgomery_county_public_schools__mcea_contract_fy15_fy17_3_15_14__d1f7af4d,MCEA-Contract-FY15-FY17-3-15-14.pdf,Montgomery County Public Schools,159,"Substitute paychecks shall include the dates, school names, and hours worked for that pay period, if the Labor Management Collaboration Committee determines that the new MCPS payroll system can accommodate such information.",Substitute paychecks,other,worker,shall,False,active,plain,obligation,obligation,True,1.0,compensation,True,Inanimate subject; describes payroll output requirements.
montgomery_county_public_schools__mcea_contract_fy15_fy17_3_15_14__d1f7af4d,MCEA-Contract-FY15-FY17-3-15-14.pdf,Montgomery County Public Schools,159,"If two short-term substitute teachers are called to report for the same regular classroom teacher, and do so, the principal shall assign one to the absent classroom teacher's duties and the other to other duties which may include assignment to another school.",the principal,management,management,shall,False,active,plain,obligation,obligation,True,1.0,workload,True,
montgomery_county_public_schools__mcea_contract_fy15_fy17_3_15_14__d1f7af4d,MCEA-Contract-FY15-FY17-3-15-14.pdf,Montgomery County Public Schools,159,Substitute teachers shall be eligible for participation in the Outdoor Education program if selected by the principal.,Substitute teachers,worker,worker,shall,False,active,plain,obligation,right,False,1.0,professional_development,True,
montgomery_county_public_schools__mcea_contract_fy15_fy17_3_15_14__d1f7af4d,MCEA-Contract-FY15-FY17-3-15-14.pdf,Montgomery County Public Schools,160,"Substitutes will be compensated at the stipend rate (Article 20, Section I) for each period that they are called upon to provide emergency class coverage during their scheduled planning time.",Substitutes,worker,worker,will,False,passive,rights_passive,right,right,True,0.9,compensation,True,
montgomery_county_public_schools__mcea_contract_fy15_fy17_3_15_14__d1f7af4d,MCEA-Contract-FY15-FY17-3-15-14.pdf,Montgomery County Public Schools,160,Volunteers will be called upon first.,Volunteers,worker,management,will,False,passive,plain,obligation,obligation,True,0.9,other,True,
montgomery_county_public_schools__mcea_contract_fy15_fy17_3_15_14__d1f7af4d,MCEA-Contract-FY15-FY17-3-15-14.pdf,Montgomery County Public Schools,160,Any substitute teacher who works a minimum of 45 days (315 hours) during a semester shall receive a bonus of $450 at the conclusion of the semester.,Any substitute teacher who works a minimum of 45 days (315 hours) during a semester,worker,worker,shall,False,active,rights_active,right,right,True,1.0,compensation,True,
montgomery_county_public_schools__mcea_contract_fy15_fy17_3_15_14__d1f7af4d,MCEA-Contract-FY15-FY17-3-15-14.pdf,Montgomery County Public Schools,160,Any substitute teacher who works a minimum of 25 days (175 hours) during a semester shall receive a bonus of $250 at the conclusion of the semester.,Any substitute teacher who works a minimum of 25 days (175 hours) during a semester,worker,worker,shall,False,active,rights_active,right,right,True,1.0,compensation,True,
montgomery_county_public_schools__mcea_contract_fy15_fy17_3_15_14__d1f7af4d,MCEA-Contract-FY15-FY17-3-15-14.pdf,Montgomery County Public Schools,160,These bonuses shall not be additive.,These bonuses,other,management,shall,True,active,plain,prohibition,prohibition,True,1.0,compensation,True,Inanimate subject
montgomery_county_public_schools__mcea_contract_fy15_fy17_3_15_14__d1f7af4d,MCEA-Contract-FY15-FY17-3-15-14.pdf,Montgomery County Public Schools,160,A long-term substitute teacher may be absent up to two consecutive duty days for illness.,A long-term substitute teacher,worker,worker,may,False,active,plain,permission,permission,True,0.3,leave,True,
montgomery_county_public_schools__mcea_contract_fy15_fy17_3_15_14__d1f7af4d,MCEA-Contract-FY15-FY17-3-15-14.pdf,Montgomery County Public Schools,160,"Beginning with the third month of continuous service in the same assignment, long-term substitute teachers working full-time shall accrue paid leave for personal illness, at the rate of one day per month.",long-term substitute teachers working full-time,worker,worker,shall,False,active,plain,obligation,obligation,True,1.0,leave,True,
montgomery_county_public_schools__mcea_contract_fy15_fy17_3_15_14__d1f7af4d,MCEA-Contract-FY15-FY17-3-15-14.pdf,Montgomery County Public Schools,160,"Regular part-time, long-term substitutes shall accrue leave for personal illness in proportion to the assignment.","Regular part-time, long-term substitutes",worker,worker,shall,False,active,plain,obligation,obligation,True,1.0,leave,True,
montgomery_county_public_schools__mcea_contract_fy15_fy17_3_15_14__d1f7af4d,MCEA-Contract-FY15-FY17-3-15-14.pdf,Montgomery County Public Schools,160,Leave shall accumulate as long as the substitute remains in the same long-term assignment.,Leave,other,worker,shall,False,active,plain,obligation,obligation,True,1.0,leave,True,Inanimate subject
montgomery_county_public_schools__mcea_contract_fy15_fy17_3_15_14__d1f7af4d,MCEA-Contract-FY15-FY17-3-15-14.pdf,Montgomery County Public Schools,160,"A certificate by a physician confirming the necessity for the substitute's absence due to illness, injury, or quarantine may be requested.","A certificate by a physician confirming the necessity for the substitute's absence due to illness, injury, or quarantine",management,management,may,False,passive,plain,permission,permission,True,0.3,leave,True,Passive construction without explicit 'by' agent; fallback to management per instructions.
montgomery_county_public_schools__mcea_contract_fy15_fy17_3_15_14__d1f7af4d,MCEA-Contract-FY15-FY17-3-15-14.pdf,Montgomery County Public Schools,160,"In the event of unusual travel or personal obligations in connection with the use of bereavement leave, additional leave days may be granted by the Leave Administration Team.",additional leave days,management,worker,may,False,passive,rights_passive,right,permission,False,0.3,leave,True,
montgomery_county_public_schools__mcea_contract_fy15_fy17_3_15_14__d1f7af4d,MCEA-Contract-FY15-FY17-3-15-14.pdf,Montgomery County Public Schools,162,"The Board of Education and MCEA home and hospital teachers (HHTs) will establish a Committee for Joint Collaboration (CJC) that will be a forum to identify and problem-solve in a timely manner issues and concerns related to home and hospital teaching and promote collaboration between the HHTs and the Board in developing, implementing, and evaluating solutions utilizing the core principles of continuous improvement as set forth in the Board-approved Our Call to Action strategic plan.",The Board of Education and MCEA home and hospital teachers (HHTs),other,worker,will,False,active,plain,obligation,obligation,True,0.9,other,True,
montgomery_county_public_schools__mcea_contract_fy15_fy17_3_15_14__d1f7af4d,MCEA-Contract-FY15-FY17-3-15-14.pdf,Montgomery County Public Schools,162,"Utilizing the collaboration process, the CJC will meet at least bimonthly to address issues brought forward by the members, including issues related to this Agreement.",the CJC,other,worker,will,False,active,plain,obligation,obligation,True,0.9,other,True,
montgomery_county_public_schools__mcea_contract_fy15_fy17_3_15_14__d1f7af4d,MCEA-Contract-FY15-FY17-3-15-14.pdf,Montgomery County Public Schools,162,"The committee will be comprised of eight members, four appointed by the Association and four appointed by the Board.",The committee,worker,worker,will,False,passive,plain,obligation,obligation,True,0.9,other,True,
montgomery_county_public_schools__mcea_contract_fy15_fy17_3_15_14__d1f7af4d,MCEA-Contract-FY15-FY17-3-15-14.pdf,Montgomery County Public Schools,162,The committee will be co-chaired by an HHT representative and the director/designee of the Department of Alternative Programs.,The committee,other,worker,will,False,passive,plain,obligation,obligation,True,0.9,other,True,
montgomery_county_public_schools__mcea_contract_fy15_fy17_3_15_14__d1f7af4d,MCEA-Contract-FY15-FY17-3-15-14.pdf,Montgomery County Public Schools,162,HHT representatives on the CJC will be compensated for a minimum of two hours for each meeting of the committee.,HHT representatives on the CJC,worker,worker,will,False,passive,rights_passive,right,right,True,0.9,compensation,True,
montgomery_county_public_schools__mcea_contract_fy15_fy17_3_15_14__d1f7af4d,MCEA-Contract-FY15-FY17-3-15-14.pdf,Montgomery County Public Schools,162,"This compensation will be charged to the Association Leave Bank (Article 3, Section D.1, of the Agreement).",This compensation,other,worker,will,False,active,plain,obligation,obligation,True,0.9,compensation,True,
montgomery_county_public_schools__mcea_contract_fy15_fy17_3_15_14__d1f7af4d,MCEA-Contract-FY15-FY17-3-15-14.pdf,Montgomery County Public Schools,162,"The CJC will study the possibility of a tiered salary schedule, payment for end-of-marking period bookkeeping, payment for travel time, payment for additional trainings, methods for assigning students, and methods of reaching COMAR standards, and make timely recommendations.",The CJC,other,worker,will,False,active,plain,obligation,obligation,True,0.9,compensation,True,
montgomery_county_public_schools__mcea_contract_fy15_fy17_3_15_14__d1f7af4d,MCEA-Contract-FY15-FY17-3-15-14.pdf,Montgomery County Public Schools,162,Minutes of each CJC meeting will be approved by CJC consensus and made available to all HHTs at least one week before the next scheduled CJC meeting.,Minutes of each CJC meeting,other,worker,will,False,passive,plain,obligation,obligation,True,0.9,other,True,
montgomery_county_public_schools__mcea_contract_fy15_fy17_3_15_14__d1f7af4d,MCEA-Contract-FY15-FY17-3-15-14.pdf,Montgomery County Public Schools,162,Decisions made during a CJC meeting will be communicated in writing to all HHTs in a timely fashion.,Decisions made during a CJC meeting,other,worker,will,False,passive,plain,obligation,obligation,True,0.9,other,True,
montgomery_county_public_schools__mcea_contract_fy15_fy17_3_15_14__d1f7af4d,MCEA-Contract-FY15-FY17-3-15-14.pdf,Montgomery County Public Schools,162,"When the CJC cannot reach consensus on an issue, the issue may be referred to the LMCC for resolution.",the issue,other,worker,may,False,passive,plain,permission,permission,True,0.3,other,True,
montgomery_county_public_schools__mcea_contract_fy15_fy17_3_15_14__d1f7af4d,MCEA-Contract-FY15-FY17-3-15-14.pdf,Montgomery County Public Schools,162,The Board agrees that home and hospital teachers may participate in in-service courses on a space-available basis.,The Board,management,worker,may,False,active,plain,permission,permission,True,0.3,professional_development,True,
montgomery_county_public_schools__mcea_contract_fy15_fy17_3_15_14__d1f7af4d,MCEA-Contract-FY15-FY17-3-15-14.pdf,Montgomery County Public Schools,162,Any HHT who has worked at least 100 hours in the previous semester shall be eligible to enroll in appropriate professional development experiences.,Any HHT who has worked at least 100 hours in the previous semester,worker,worker,shall,False,active,plain,obligation,obligation,True,1.0,professional_development,True,
montgomery_county_public_schools__mcea_contract_fy15_fy17_3_15_14__d1f7af4d,MCEA-Contract-FY15-FY17-3-15-14.pdf,Montgomery County Public Schools,162,HHTs will be offered a minimum of three hours per semester of paid training.,HHTs,worker,worker,will,False,passive,rights_passive,right,right,True,0.9,professional_development,True,
montgomery_county_public_schools__mcea_contract_fy15_fy17_3_15_14__d1f7af4d,MCEA-Contract-FY15-FY17-3-15-14.pdf,Montgomery County Public Schools,163,An HHT must have worked at least 50 hours in the previous year to receive compensation.,An HHT,worker,management,must,False,active,plain,obligation,obligation,True,1.0,compensation,True,
montgomery_county_public_schools__mcea_contract_fy15_fy17_3_15_14__d1f7af4d,MCEA-Contract-FY15-FY17-3-15-14.pdf,Montgomery County Public Schools,163,An HHT hired after April 1 of the previous year will be eligible to participate with compensation.,An HHT hired after April 1 of the previous year,management,management,will,False,passive,rights_passive,right,right,True,0.9,compensation,True,
montgomery_county_public_schools__mcea_contract_fy15_fy17_3_15_14__d1f7af4d,MCEA-Contract-FY15-FY17-3-15-14.pdf,Montgomery County Public Schools,163,HHTs may be reimbursed for additional training.,HHTs,management,worker,may,False,passive,rights_passive,right,permission,False,0.3,compensation,True,
montgomery_county_public_schools__mcea_contract_fy15_fy17_3_15_14__d1f7af4d,MCEA-Contract-FY15-FY17-3-15-14.pdf,Montgomery County Public Schools,163,Montgomery County Public Schools (MCPS) will provide HHTs with appropriate instructional materials and access to supplies for and photocopying of instructional materials used in the delivery of home and hospital teaching services.,Montgomery County Public Schools (MCPS),management,worker,will,False,active,obligation_verb,obligation,obligation,True,0.9,safety_and_working_conditions,True,
montgomery_county_public_schools__mcea_contract_fy15_fy17_3_15_14__d1f7af4d,MCEA-Contract-FY15-FY17-3-15-14.pdf,Montgomery County Public Schools,163,"MCPS will address the safety, privacy, and communication needs of HHTs through the collaborative process established in Article 3 of this Agreement.",MCPS,management,worker,will,False,active,obligation_verb,obligation,obligation,True,0.9,safety_and_working_conditions,True,
montgomery_county_public_schools__mcea_contract_fy15_fy17_3_15_14__d1f7af4d,MCEA-Contract-FY15-FY17-3-15-14.pdf,Montgomery County Public Schools,163,Classroom teachers and HHTs should establish mutually agreeable times and methods to discuss the student’s program.,Classroom teachers and HHTs,worker,worker,should,False,active,plain,obligation,obligation,True,0.7,other,True,
montgomery_county_public_schools__mcea_contract_fy15_fy17_3_15_14__d1f7af4d,MCEA-Contract-FY15-FY17-3-15-14.pdf,Montgomery County Public Schools,164,Home and hospital teachers will be compensated for one hour of planning time for each six hours of teaching time.,Home and hospital teachers,management,worker,will,False,passive,rights_passive,right,right,True,0.9,compensation,True,
montgomery_county_public_schools__mcea_contract_fy15_fy17_3_15_14__d1f7af4d,MCEA-Contract-FY15-FY17-3-15-14.pdf,Montgomery County Public Schools,164,Home and hospital teachers will be compensated for one hour at the beginning of each assignment with a new student and for one hour at the end of each such assignment.,Home and hospital teachers,management,worker,will,False,passive,rights_passive,right,right,True,0.9,compensation,True,
montgomery_county_public_schools__mcea_contract_fy15_fy17_3_15_14__d1f7af4d,MCEA-Contract-FY15-FY17-3-15-14.pdf,Montgomery County Public Schools,164,Home and hospital teachers will be compensated for one additional hour when an assignment carries over the end of a semester.,Home and hospital teachers,management,worker,will,False,passive,rights_passive,right,right,True,0.9,compensation,True,
montgomery_county_public_schools__mcea_contract_fy15_fy17_3_15_14__d1f7af4d,MCEA-Contract-FY15-FY17-3-15-14.pdf,Montgomery County Public Schools,164,HHTs will be compensated for up to two hours when the teacher arrives and the student is not available at the teaching site for a scheduled teaching appointment.,HHTs,management,worker,will,False,passive,rights_passive,right,right,True,0.9,compensation,True,
montgomery_county_public_schools__mcea_contract_fy15_fy17_3_15_14__d1f7af4d,MCEA-Contract-FY15-FY17-3-15-14.pdf,Montgomery County Public Schools,164,HHTs will be compensated for one hour when notified of cancellation of a teaching appointment after 5:00 p.m. the previous school day.,HHTs,management,worker,will,False,passive,rights_passive,right,right,True,0.9,compensation,True,
montgomery_county_public_schools__mcea_contract_fy15_fy17_3_15_14__d1f7af4d,MCEA-Contract-FY15-FY17-3-15-14.pdf,Montgomery County Public Schools,164,Home and hospital teachers will have the option of direct deposit of their paycheck.,Home and hospital teachers,worker,worker,will,False,active,plain,obligation,right,False,0.9,compensation,True,
montgomery_county_public_schools__mcea_contract_fy15_fy17_3_15_14__d1f7af4d,MCEA-Contract-FY15-FY17-3-15-14.pdf,Montgomery County Public Schools,164,Each home and hospital teacher will be paid on the payday two weeks following the end of the pay period.,Each home and hospital teacher,management,worker,will,False,passive,rights_passive,right,obligation,False,0.9,compensation,True,
montgomery_county_public_schools__mcea_contract_fy15_fy17_3_15_14__d1f7af4d,MCEA-Contract-FY15-FY17-3-15-14.pdf,Montgomery County Public Schools,164,HHTs working at the Regional Institute for Children and Adolescents (RICA) may provide instruction to up to five (5) students at the same time.,HHTs working at the Regional Institute for Children and Adolescents (RICA),worker,worker,may,False,active,plain,permission,permission,True,0.3,class_size,True,
montgomery_county_public_schools__mcea_contract_fy15_fy17_3_15_14__d1f7af4d,MCEA-Contract-FY15-FY17-3-15-14.pdf,Montgomery County Public Schools,164,In such situations the HHT will be paid at a higher rate to include a supplement of five dollars per hour ($5/hr) per additional student.,the HHT,management,worker,will,False,passive,rights_passive,right,obligation,False,0.9,compensation,True,
