document_id,file_name,district_name,chunk_index,quote,subject_text,acting_party,protected_party,modal,negation,voice,verb_lexical_category,statement_type,llm_judgment,statement_type_match,modal_strength,topic,quote_verified,notes
omaha_public_schools__2013_2014_master_agreement_omaha__fe2e1c57,2013-2014_MASTER_AGREEMENT_Omaha.pdf,Omaha Public Schools,6,Either party may reopen negotiations for the purpose of bargaining modifications of salary and fringe benefits for the 2013-15 school years only in the following circumstances:,Either party,other,worker,may,False,active,plain,permission,permission,True,0.3,compensation,True,
omaha_public_schools__2013_2014_master_agreement_omaha__fe2e1c57,2013-2014_MASTER_AGREEMENT_Omaha.pdf,Omaha Public Schools,6,the Omaha Public Schools may in fact lawfully spend the funds for the designated purpose or purposes,the Omaha Public Schools,management,management,may,False,active,plain,permission,permission,True,0.3,other,True,
omaha_public_schools__2013_2014_master_agreement_omaha__fe2e1c57,2013-2014_MASTER_AGREEMENT_Omaha.pdf,Omaha Public Schools,6,"Either party may reopen negotiations for the purpose of bargaining modifications in the contract necessary to implement critical components of joint efforts aimed at improving teacher compensation, professional development, and student achievement.",Either party,other,worker,may,False,active,plain,permission,permission,True,0.3,compensation,True,
omaha_public_schools__2013_2014_master_agreement_omaha__fe2e1c57,2013-2014_MASTER_AGREEMENT_Omaha.pdf,Omaha Public Schools,7,Changes required to federal and state withholdings will be made as mandated by statute or regulations.,Changes required to federal and state withholdings,management,worker,will,False,passive,obligation_verb,obligation,obligation,True,0.9,compensation,True,
omaha_public_schools__2013_2014_master_agreement_omaha__fe2e1c57,2013-2014_MASTER_AGREEMENT_Omaha.pdf,Omaha Public Schools,7,The School District and Association have a mutual responsibility to monitor the administration of the provisions of this agreement so that all certificated employees covered by its terms receive appropriate compensation and benefits.,The School District and Association,other,worker,,False,active,obligation_verb,obligation,obligation,True,0.85,compensation,True,Joint obligation
omaha_public_schools__2013_2014_master_agreement_omaha__fe2e1c57,2013-2014_MASTER_AGREEMENT_Omaha.pdf,Omaha Public Schools,8,The Board of Education and administration reserve and retain all rights to manage the School District in order to deliver optimum educational services to students.,The Board of Education and administration,management,management,,False,active,plain,other,other,True,0.0,other,True,
omaha_public_schools__2013_2014_master_agreement_omaha__fe2e1c57,2013-2014_MASTER_AGREEMENT_Omaha.pdf,Omaha Public Schools,8,"Leave shall be only for the purposes of professional Association business at the local, state, or national level",Leave,other,worker,shall,False,active,plain,obligation,obligation,True,1.0,leave,True,
omaha_public_schools__2013_2014_master_agreement_omaha__fe2e1c57,2013-2014_MASTER_AGREEMENT_Omaha.pdf,Omaha Public Schools,8,all such days shall require the authorization of the Association President with administrative approval.,all such days,other,worker,shall,False,active,plain,obligation,obligation,True,1.0,leave,True,
omaha_public_schools__2013_2014_master_agreement_omaha__fe2e1c57,2013-2014_MASTER_AGREEMENT_Omaha.pdf,Omaha Public Schools,8,Requests should be made in advance through the Office of the Superintendent.,Requests,worker,worker,should,False,passive,plain,obligation,obligation,True,0.7,leave,True,
omaha_public_schools__2013_2014_master_agreement_omaha__fe2e1c57,2013-2014_MASTER_AGREEMENT_Omaha.pdf,Omaha Public Schools,8,"Sick leave shall only be granted to employees for days when they are medically unable to work due to personal injury, illness or pregnancy-related conditions.",Sick leave,management,management,shall,False,passive,rights_passive,right,obligation,False,1.0,leave,True,
omaha_public_schools__2013_2014_master_agreement_omaha__fe2e1c57,2013-2014_MASTER_AGREEMENT_Omaha.pdf,Omaha Public Schools,9,Such conditions shall be certificated to the central office by principals or other authorized supervisory officers who may require a physician's statement to support their certification.,Such conditions,management,management,shall,False,passive,plain,obligation,obligation,True,1.0,leave,True,
omaha_public_schools__2013_2014_master_agreement_omaha__fe2e1c57,2013-2014_MASTER_AGREEMENT_Omaha.pdf,Omaha Public Schools,9,The Superintendent of Schools may designate a second physician to conduct an examination to confirm the opinion of the employee's physician.,The Superintendent of Schools,management,management,may,False,active,plain,permission,permission,True,0.3,leave,True,
omaha_public_schools__2013_2014_master_agreement_omaha__fe2e1c57,2013-2014_MASTER_AGREEMENT_Omaha.pdf,Omaha Public Schools,9,The employee shall notify his or her immediate supervisor and the Department of Human Resources when a condition requiring an extended period of absence becomes known.,The employee,worker,management,shall,False,active,plain,obligation,obligation,True,1.0,leave,True,
omaha_public_schools__2013_2014_master_agreement_omaha__fe2e1c57,2013-2014_MASTER_AGREEMENT_Omaha.pdf,Omaha Public Schools,9,"The employee shall also furnish a letter from his or her physician confirming the condition and stating the physician's opinion as to the employee's physical or mental ability to continue employment, the date of scheduled surgery or expected delivery, and the date beyond which the employee should not continue working.",The employee,worker,management,shall,False,active,plain,obligation,obligation,True,1.0,leave,True,
omaha_public_schools__2013_2014_master_agreement_omaha__fe2e1c57,2013-2014_MASTER_AGREEMENT_Omaha.pdf,Omaha Public Schools,10,The Board and administration reserve all rights and responsibilities not otherwise specifically delegated.,The Board and administration,management,management,,False,active,plain,other,other,True,0.0,other,True,
omaha_public_schools__2013_2014_master_agreement_omaha__fe2e1c57,2013-2014_MASTER_AGREEMENT_Omaha.pdf,Omaha Public Schools,10,"In addition, the Board and administration reserve the right to determine all those matters which involve foundational value judgments concerning the educational philosophy of the School District and any other rights and responsibilities reserved to the Board of Education and administration by the statutes of the State of Nebraska.",the Board and administration,management,management,,False,active,plain,other,other,True,0.0,other,True,
omaha_public_schools__2013_2014_master_agreement_omaha__fe2e1c57,2013-2014_MASTER_AGREEMENT_Omaha.pdf,Omaha Public Schools,10,The Association shall have the right to have an association representative or representatives at each work site as specified in the current Association bylaws.,The Association,worker,worker,shall,False,active,plain,obligation,right,False,1.0,other,True,
omaha_public_schools__2013_2014_master_agreement_omaha__fe2e1c57,2013-2014_MASTER_AGREEMENT_Omaha.pdf,Omaha Public Schools,10,"Association representatives may schedule, with the approval of the principal or the principal's designee, Association meetings before or after school or during the duty-free lunch where such meetings do not interfere with normal duties and conduct of business at the school.",Association representatives,worker,worker,may,False,active,plain,permission,permission,True,0.3,other,True,
omaha_public_schools__2013_2014_master_agreement_omaha__fe2e1c57,2013-2014_MASTER_AGREEMENT_Omaha.pdf,Omaha Public Schools,10,"Generally, the second Tuesday of every month shall be reserved for Association meetings outside the school for all association representatives after normal duties are completed.",the second Tuesday of every month,management,worker,shall,False,passive,plain,obligation,obligation,True,1.0,other,True,
omaha_public_schools__2013_2014_master_agreement_omaha__fe2e1c57,2013-2014_MASTER_AGREEMENT_Omaha.pdf,Omaha Public Schools,10,"The association representative may, with the principal's approval, be given time at each faculty meeting for announcements.",The association representative,management,worker,may,False,passive,rights_passive,right,permission,False,0.3,other,True,
omaha_public_schools__2013_2014_master_agreement_omaha__fe2e1c57,2013-2014_MASTER_AGREEMENT_Omaha.pdf,Omaha Public Schools,10,The Association will be allowed use of school buildings for meetings without cost as appro,The Association,management,worker,will,False,passive,permission_verb,permission,permission,True,0.9,other,True,Truncated at end of chunk
omaha_public_schools__2013_2014_master_agreement_omaha__fe2e1c57,2013-2014_MASTER_AGREEMENT_Omaha.pdf,Omaha Public Schools,11,The Association will be allowed use of school buildings for meetings without cost as approved by the appropriate administrative office provided that such meetings do not interfere with the normal operation of the school.,The Association,management,worker,will,False,passive,permission_verb,permission,permission,True,0.9,other,True,
omaha_public_schools__2013_2014_master_agreement_omaha__fe2e1c57,2013-2014_MASTER_AGREEMENT_Omaha.pdf,Omaha Public Schools,11,Meetings of the Association groups within a school shall be arranged for in advance through the office of the principal.,Meetings of the Association groups within a school,management,worker,shall,False,passive,plain,obligation,obligation,True,1.0,other,True,
omaha_public_schools__2013_2014_master_agreement_omaha__fe2e1c57,2013-2014_MASTER_AGREEMENT_Omaha.pdf,Omaha Public Schools,11,"The Association will be allowed to place Association notices, circulars, or other material through the school delivery service and the building mailboxes.",The Association,management,worker,will,False,passive,permission_verb,permission,permission,True,0.9,other,True,
omaha_public_schools__2013_2014_master_agreement_omaha__fe2e1c57,2013-2014_MASTER_AGREEMENT_Omaha.pdf,Omaha Public Schools,11,The Association shall deliver its mail for distribution to the central mailroom and sort the mail for delivery to each school.,The Association,worker,worker,shall,False,active,plain,obligation,obligation,True,1.0,other,True,
omaha_public_schools__2013_2014_master_agreement_omaha__fe2e1c57,2013-2014_MASTER_AGREEMENT_Omaha.pdf,Omaha Public Schools,11,"The Association will be allowed to place notices, circulars, or other material (exclusive of local, state, and national political campaign material) dealing with activities or concerns of the Association on a bulletin board located in faculty lounges and such other places as designated by the building principal.",The Association,management,worker,will,False,passive,permission_verb,permission,permission,True,0.9,other,True,
omaha_public_schools__2013_2014_master_agreement_omaha__fe2e1c57,2013-2014_MASTER_AGREEMENT_Omaha.pdf,Omaha Public Schools,11,"Upon request of the Association or a member of the bargaining unit to the principal of the school, a designated Association staff representative will be admitted to the building for the purpose of assisting in the adjustment of grievances.",a designated Association staff representative,management,worker,will,False,passive,rights_passive,right,obligation,False,0.9,discipline,True,Implicit agent is management.
omaha_public_schools__2013_2014_master_agreement_omaha__fe2e1c57,2013-2014_MASTER_AGREEMENT_Omaha.pdf,Omaha Public Schools,11,The Board will continue to authorize eligible employees to make contributions to tax-sheltered annuity plans of authorized private companies through established payroll deduction procedures.,The Board,management,worker,will,False,active,plain,obligation,obligation,True,0.9,benefits,True,
omaha_public_schools__2013_2014_master_agreement_omaha__fe2e1c57,2013-2014_MASTER_AGREEMENT_Omaha.pdf,Omaha Public Schools,12,"Upon request, a certificated staff member will be given a copy of any adverse material when it is placed in the individual's official personnel file.",a certificated staff member,management,worker,will,False,passive,rights_passive,right,obligation,False,0.9,discipline,True,
omaha_public_schools__2013_2014_master_agreement_omaha__fe2e1c57,2013-2014_MASTER_AGREEMENT_Omaha.pdf,Omaha Public Schools,12,All materials placed in the individual's official personnel file shall be stamped with the date such material was received in the Department of Human Resources.,All materials placed in the individual's official personnel file,management,worker,shall,False,passive,plain,obligation,obligation,True,1.0,discipline,True,
omaha_public_schools__2013_2014_master_agreement_omaha__fe2e1c57,2013-2014_MASTER_AGREEMENT_Omaha.pdf,Omaha Public Schools,12,Time will be provided for the Association on the agenda of the general orientation programs for new teachers.,Time,management,worker,will,False,passive,rights_passive,right,obligation,False,0.9,other,True,
omaha_public_schools__2013_2014_master_agreement_omaha__fe2e1c57,2013-2014_MASTER_AGREEMENT_Omaha.pdf,Omaha Public Schools,12,"Certificated staff members may review material compiled in official personnel files except for pre-employment references and reports, provided the Department of Human Resources is notified in advance.",Certificated staff members,worker,worker,may,False,active,plain,permission,permission,True,0.3,teacher_rights_and_conduct,True,
omaha_public_schools__2013_2014_master_agreement_omaha__fe2e1c57,2013-2014_MASTER_AGREEMENT_Omaha.pdf,Omaha Public Schools,12,"At the request of the employee, an Association representative may accompany the employee during the review of his or her official personnel file.",an Association representative,worker,worker,may,False,active,plain,permission,permission,True,0.3,teacher_rights_and_conduct,True,
omaha_public_schools__2013_2014_master_agreement_omaha__fe2e1c57,2013-2014_MASTER_AGREEMENT_Omaha.pdf,Omaha Public Schools,12,All deductions required by law will be made from the salary of wages of each employee.,All deductions required by law,management,worker,will,False,passive,plain,obligation,obligation,True,0.9,compensation,True,
omaha_public_schools__2013_2014_master_agreement_omaha__fe2e1c57,2013-2014_MASTER_AGREEMENT_Omaha.pdf,Omaha Public Schools,12,"No material placed in the certificated staff member's official personnel file, including any evaluations of the individual, shall be used to discipline the individual unless a copy is shown to him or her prior to the discipline.","No material placed in the certificated staff member's official personnel file, including any evaluations of the individual",management,worker,shall,True,passive,plain,prohibition,prohibition,True,1.0,discipline,True,
omaha_public_schools__2013_2014_master_agreement_omaha__fe2e1c57,2013-2014_MASTER_AGREEMENT_Omaha.pdf,Omaha Public Schools,12,"At the individual's request, a copy of the material will be provided.",a copy of the material,management,worker,will,False,passive,rights_passive,right,obligation,False,0.9,teacher_rights_and_conduct,True,
omaha_public_schools__2013_2014_master_agreement_omaha__fe2e1c57,2013-2014_MASTER_AGREEMENT_Omaha.pdf,Omaha Public Schools,13,staff members may review such material provided the person asks for such a review in advance.,staff members,worker,worker,may,False,active,plain,permission,permission,True,0.3,teacher_rights_and_conduct,True,
omaha_public_schools__2013_2014_master_agreement_omaha__fe2e1c57,2013-2014_MASTER_AGREEMENT_Omaha.pdf,Omaha Public Schools,13,"At the request of the employee, an Association representative may accompany the individual during the review of said file.",an Association representative,worker,worker,may,False,active,plain,permission,permission,True,0.3,teacher_rights_and_conduct,True,
omaha_public_schools__2013_2014_master_agreement_omaha__fe2e1c57,2013-2014_MASTER_AGREEMENT_Omaha.pdf,Omaha Public Schools,13,Working-note files on employees may be maintained by administrators for the purpose of enhancing the performance and relationship between the administrator and the employee.,Working-note files on employees,management,management,may,False,passive,plain,permission,permission,True,0.3,evaluation,True,
omaha_public_schools__2013_2014_master_agreement_omaha__fe2e1c57,2013-2014_MASTER_AGREEMENT_Omaha.pdf,Omaha Public Schools,13,"Any employee may, upon direct authorization by such employee, accepted by the School District, request deductions for tax-sheltered annuities, health insurance, supplemental term life insurance, credit union, U.S. savings bonds and United Way.",Any employee,worker,worker,may,False,active,plain,permission,permission,True,0.3,benefits,True,
omaha_public_schools__2013_2014_master_agreement_omaha__fe2e1c57,2013-2014_MASTER_AGREEMENT_Omaha.pdf,Omaha Public Schools,13,"In accord with Nebraska Revised Statutes (79-872, 79-873), upon request of any teacher, a deduction in the amount specified by the teacher shall be withheld each pay period from his or her wages and paid over to the professional or labor organization to which he or she belongs.",a deduction in the amount specified by the teacher,worker,worker,shall,False,passive,plain,obligation,obligation,True,1.0,compensation,True,
omaha_public_schools__2013_2014_master_agreement_omaha__fe2e1c57,2013-2014_MASTER_AGREEMENT_Omaha.pdf,Omaha Public Schools,13,This file need not be given to the employee.,This file,management,management,need,True,passive,rights_passive,other,other,True,0.0,teacher_rights_and_conduct,True,
omaha_public_schools__2013_2014_master_agreement_omaha__fe2e1c57,2013-2014_MASTER_AGREEMENT_Omaha.pdf,Omaha Public Schools,13,they must be accessible to the employee,they,management,worker,must,False,passive,plain,obligation,obligation,True,1.0,teacher_rights_and_conduct,True,
omaha_public_schools__2013_2014_master_agreement_omaha__fe2e1c57,2013-2014_MASTER_AGREEMENT_Omaha.pdf,Omaha Public Schools,13,"they must be placed into the personnel file, maintained by the principal.",they,management,management,must,False,passive,plain,obligation,obligation,True,1.0,evaluation,True,
omaha_public_schools__2013_2014_master_agreement_omaha__fe2e1c57,2013-2014_MASTER_AGREEMENT_Omaha.pdf,Omaha Public Schools,14,"Seniority shall end upon resignation, failure to be re-elected, retirement, failure to return to work at the expiration of a leave of absence, failure to be recalled from layoff within twenty-four (24) months from the date of layoff, or termination of employment for any other reason.",Seniority,other,management,shall,False,active,plain,obligation,other,False,1.0,seniority,True,
omaha_public_schools__2013_2014_master_agreement_omaha__fe2e1c57,2013-2014_MASTER_AGREEMENT_Omaha.pdf,Omaha Public Schools,14,"Any employee, may upon proper application to the Superintendent of Schools and approval of the Board of Education, be granted a leave of absence for health reasons, professional improvement, or military duty.",Any employee,management,worker,may,False,passive,rights_passive,right,right,True,0.3,leave,True,
omaha_public_schools__2013_2014_master_agreement_omaha__fe2e1c57,2013-2014_MASTER_AGREEMENT_Omaha.pdf,Omaha Public Schools,14,"Official personnel files will be maintained, stored, and organized so that pertinent data can be compiled in response to local, state, and national requests for information as well as internal decision making (within individual rights to privacy).",Official personnel files,management,management,will,False,passive,plain,obligation,obligation,True,0.9,evaluation,True,
omaha_public_schools__2013_2014_master_agreement_omaha__fe2e1c57,2013-2014_MASTER_AGREEMENT_Omaha.pdf,Omaha Public Schools,14,Any employee who chooses to remain in military service longer than six months after becoming eligible for discharge shall forfeit all rights to reinstatement.,Any employee who chooses to remain in military service longer than six months after becoming eligible for discharge,worker,management,shall,False,active,plain,obligation,other,False,1.0,job_security,True,
omaha_public_schools__2013_2014_master_agreement_omaha__fe2e1c57,2013-2014_MASTER_AGREEMENT_Omaha.pdf,Omaha Public Schools,14,An employee on leave of absence shall not receive credit toward advancement on the salary schedule during the period of leave,An employee on leave of absence,worker,management,shall,True,active,rights_active,other,prohibition,False,0.0,leave,True,
omaha_public_schools__2013_2014_master_agreement_omaha__fe2e1c57,2013-2014_MASTER_AGREEMENT_Omaha.pdf,Omaha Public Schools,14,nor shall such time count as years of service for the purpose of acquiring permanent tenure.,such time,other,management,shall,True,active,plain,prohibition,prohibition,True,1.0,job_security,True,
omaha_public_schools__2013_2014_master_agreement_omaha__fe2e1c57,2013-2014_MASTER_AGREEMENT_Omaha.pdf,Omaha Public Schools,14,"An employee on leave for military service may receive credit, not to exceed three years, for time spent in military service toward advancement in salary or wages on the regular salary schedule.",An employee on leave for military service,worker,worker,may,False,active,rights_active,right,right,True,0.3,leave,True,
omaha_public_schools__2013_2014_master_agreement_omaha__fe2e1c57,2013-2014_MASTER_AGREEMENT_Omaha.pdf,Omaha Public Schools,14,In time of peace the person must have been drafted to receive such credit.,the person,worker,management,must,False,passive,plain,obligation,obligation,True,1.0,leave,True,
omaha_public_schools__2013_2014_master_agreement_omaha__fe2e1c57,2013-2014_MASTER_AGREEMENT_Omaha.pdf,Omaha Public Schools,14,A position for an employee shall no longer be held if the employee on leave of,A position for an employee,management,management,shall,True,passive,plain,prohibition,prohibition,True,1.0,leave,True,Clause truncated at end of chunk.
omaha_public_schools__2013_2014_master_agreement_omaha__fe2e1c57,2013-2014_MASTER_AGREEMENT_Omaha.pdf,Omaha Public Schools,15,A position for an employee shall no longer be held if the employee on leave of absence remains away from duty beyond the expiration date of approved leave or renewal of leave.,A position for an employee,management,management,shall,True,passive,plain,prohibition,prohibition,True,1.0,leave,True,
omaha_public_schools__2013_2014_master_agreement_omaha__fe2e1c57,2013-2014_MASTER_AGREEMENT_Omaha.pdf,Omaha Public Schools,15,Such application should be submitted as soon as the reasons are known or a medical condition is diagnosed.,Such application,worker,management,should,False,passive,plain,obligation,obligation,True,0.7,leave,True,
omaha_public_schools__2013_2014_master_agreement_omaha__fe2e1c57,2013-2014_MASTER_AGREEMENT_Omaha.pdf,Omaha Public Schools,15,Leaves of absence for study may be granted only to an employee who is a permanent certificated staff member and has served more than five consecutive years in the Omaha Public Schools at the time of application for the leave.,Leaves of absence for study,management,management,may,False,passive,rights_passive,right,other,False,0.3,leave,True,
omaha_public_schools__2013_2014_master_agreement_omaha__fe2e1c57,2013-2014_MASTER_AGREEMENT_Omaha.pdf,Omaha Public Schools,15,"Members of the teaching staff, when granted leaves of absence, shall not be guaranteed immediate employment upon their return unless they return to duty on the first day of the school year or on the first day of the second semester of the school year.",Members of the teaching staff,management,management,shall,True,passive,rights_passive,other,prohibition,False,0.0,leave,True,
omaha_public_schools__2013_2014_master_agreement_omaha__fe2e1c57,2013-2014_MASTER_AGREEMENT_Omaha.pdf,Omaha Public Schools,15,Notification of such return must be given to the Superintendent in writing at least 30 days preceding the end of the semester prior to their return.,Notification of such return,worker,management,must,False,passive,plain,obligation,obligation,True,1.0,leave,True,
omaha_public_schools__2013_2014_master_agreement_omaha__fe2e1c57,2013-2014_MASTER_AGREEMENT_Omaha.pdf,Omaha Public Schools,15,An application for leave of absence for health reasons must be accompanied by a statement from the employee's physician.,An application for leave of absence for health reasons,worker,management,must,False,passive,plain,obligation,obligation,True,1.0,leave,True,
omaha_public_schools__2013_2014_master_agreement_omaha__fe2e1c57,2013-2014_MASTER_AGREEMENT_Omaha.pdf,Omaha Public Schools,15,The employee shall notify his or her immediate supervisor and the Department of Human Resources as soon as the health condition has been medically confirmed.,The employee,worker,management,shall,False,active,plain,obligation,obligation,True,1.0,leave,True,
omaha_public_schools__2013_2014_master_agreement_omaha__fe2e1c57,2013-2014_MASTER_AGREEMENT_Omaha.pdf,Omaha Public Schools,15,"The physician's statement shall confirm the condition, and indicate an opinion as to the employee's physical and mental ability to continue employment, the date of scheduled surgery or expected delivery,",The physician's statement,other,management,shall,False,active,plain,obligation,obligation,True,1.0,leave,True,
omaha_public_schools__2013_2014_master_agreement_omaha__fe2e1c57,2013-2014_MASTER_AGREEMENT_Omaha.pdf,Omaha Public Schools,15,The Policies and Regulations of the School District of Omaha handbook will include a copy of the Master Agreement between the Omaha Education Association and Douglas County School District No. 0001.,The Policies and Regulations of the School District of Omaha handbook,other,worker,will,False,active,plain,obligation,obligation,True,0.9,other,True,
omaha_public_schools__2013_2014_master_agreement_omaha__fe2e1c57,2013-2014_MASTER_AGREEMENT_Omaha.pdf,Omaha Public Schools,16,The physician's statement shall confirm the condition,The physician's statement,other,management,shall,False,active,plain,obligation,obligation,True,1.0,leave,True,
omaha_public_schools__2013_2014_master_agreement_omaha__fe2e1c57,2013-2014_MASTER_AGREEMENT_Omaha.pdf,Omaha Public Schools,16,"and indicate an opinion as to the employee's physical and mental ability to continue employment, the date of scheduled surgery or expected delivery, and the date beyond which the employee should not continue to work.",[The physician's statement],other,worker,shall,False,active,plain,obligation,obligation,True,1.0,leave,True,Subject implied from preceding clause
omaha_public_schools__2013_2014_master_agreement_omaha__fe2e1c57,2013-2014_MASTER_AGREEMENT_Omaha.pdf,Omaha Public Schools,16,A leave of absence shall be granted without pay for such period as the Superintendent may determine,A leave of absence,management,management,shall,False,passive,rights_passive,right,right,True,1.0,leave,True,
omaha_public_schools__2013_2014_master_agreement_omaha__fe2e1c57,2013-2014_MASTER_AGREEMENT_Omaha.pdf,Omaha Public Schools,16,but not to exceed the school year in which the need for the leave exists,[A leave of absence],management,management,need,True,active,plain,prohibition,prohibition,True,0.7,leave,True,Elliptical fragment following split clause
omaha_public_schools__2013_2014_master_agreement_omaha__fe2e1c57,2013-2014_MASTER_AGREEMENT_Omaha.pdf,Omaha Public Schools,16,and may be subject to renewal in the case of military duty or personal illness provided the need continues.,[A leave of absence],management,worker,may,False,active,plain,permission,permission,True,0.3,leave,True,Elliptical fragment following split clause
omaha_public_schools__2013_2014_master_agreement_omaha__fe2e1c57,2013-2014_MASTER_AGREEMENT_Omaha.pdf,Omaha Public Schools,16,"The actual starting time of a health leave will be at the discretion of the Superintendent based upon the physician's statement, the ability of the employee to perform normal duties, the health and safety of the employee, and in the case of teachers, the continuity of instruction.",The actual starting time of a health leave,other,management,will,False,active,plain,obligation,permission,False,0.9,leave,True,
omaha_public_schools__2013_2014_master_agreement_omaha__fe2e1c57,2013-2014_MASTER_AGREEMENT_Omaha.pdf,Omaha Public Schools,16,Any regular employee who enters military service during a period of emergency shall be restored at the beginning of the next semester following discharge to a former position or a like position for which the employee is qualified.,Any regular employee who enters military service during a period of emergency,management,worker,shall,False,passive,rights_passive,right,obligation,False,1.0,job_security,True,
omaha_public_schools__2013_2014_master_agreement_omaha__fe2e1c57,2013-2014_MASTER_AGREEMENT_Omaha.pdf,Omaha Public Schools,16,"Effective with the 2003-04 school year, covered employees will accrue creditable service in half-year increments.",covered employees,worker,worker,will,False,active,plain,obligation,obligation,True,0.9,seniority,True,
omaha_public_schools__2013_2014_master_agreement_omaha__fe2e1c57,2013-2014_MASTER_AGREEMENT_Omaha.pdf,Omaha Public Schools,16,"For all purposes, including the adjustment of salaries and the computing of fringe benefits, at least 70 teaching days on duty during the regular school year semester shall be counted as a creditable half-year for all teaching and nursing personnel in the Omaha school system.",at least 70 teaching days on duty during the regular school year semester,other,worker,shall,False,passive,plain,obligation,obligation,True,1.0,compensation,True,
omaha_public_schools__2013_2014_master_agreement_omaha__fe2e1c57,2013-2014_MASTER_AGREEMENT_Omaha.pdf,Omaha Public Schools,16,No surplus of the number of days in one school semester shall apply to another semester,No surplus of the number of days in one school semester,other,management,shall,True,active,plain,prohibition,prohibition,True,1.0,other,True,
omaha_public_schools__2013_2014_master_agreement_omaha__fe2e1c57,2013-2014_MASTER_AGREEMENT_Omaha.pdf,Omaha Public Schools,16,nor shall days of duty in summer school be counted.,days of duty in summer school,management,management,shall,True,passive,plain,prohibition,prohibition,True,1.0,other,True,
omaha_public_schools__2013_2014_master_agreement_omaha__fe2e1c57,2013-2014_MASTER_AGREEMENT_Omaha.pdf,Omaha Public Schools,16,"For the purposes of employee retirement, units will be recorded at the completion of each contract year.",units,other,worker,will,False,passive,plain,obligation,obligation,True,0.9,benefits,True,
omaha_public_schools__2013_2014_master_agreement_omaha__fe2e1c57,2013-2014_MASTER_AGREEMENT_Omaha.pdf,Omaha Public Schools,16,"Teaching staff on 190 – day contract, for the 2013-2014 school years will be assigned 190 regular duty days.","Teaching staff on 190 – day contract, for the 2013-2014 school years",management,management,will,False,passive,rights_passive,right,right,True,0.9,workload,True,
omaha_public_schools__2013_2014_master_agreement_omaha__fe2e1c57,2013-2014_MASTER_AGREEMENT_Omaha.pdf,Omaha Public Schools,16,Teacher leaders will be assigned 199 duty days.,Teacher leaders,management,management,will,False,passive,rights_passive,right,right,True,0.9,workload,True,
omaha_public_schools__2013_2014_master_agreement_omaha__fe2e1c57,2013-2014_MASTER_AGREEMENT_Omaha.pdf,Omaha Public Schools,16,Helping and Lead Teachers will be assigned 204 regular duty days.,Helping and Lead Teachers,management,management,will,False,passive,rights_passive,right,right,True,0.9,workload,True,
omaha_public_schools__2013_2014_master_agreement_omaha__fe2e1c57,2013-2014_MASTER_AGREEMENT_Omaha.pdf,Omaha Public Schools,16,"Teachers and nurses may, at the time of their employment in the public schools, receive credit on their respective salary schedule for one, two, three, four, five, six, seven, eight,",Teachers and nurses,worker,worker,may,False,active,rights_active,right,right,True,0.3,compensation,True,Truncated at end of chunk
omaha_public_schools__2013_2014_master_agreement_omaha__fe2e1c57,2013-2014_MASTER_AGREEMENT_Omaha.pdf,Omaha Public Schools,17,"Preparation/conference/planning time shall be used for the purpose of preparation, grading papers, contacting parents, planning, or other aspects connected with the instructional duties of the classroom teacher/art, library science, physical education, special education, instrumental and vocal music specialist.",Preparation/conference/planning time,other,worker,shall,False,passive,plain,obligation,obligation,True,1.0,workload,True,
omaha_public_schools__2013_2014_master_agreement_omaha__fe2e1c57,2013-2014_MASTER_AGREEMENT_Omaha.pdf,Omaha Public Schools,17,"The Elementary T.E.A.M (Together Everyone Achieves More) plan will be reviewed and evaluated annually for possible modification to best serve the needs of children, staff and families.",The Elementary T.E.A.M (Together Everyone Achieves More) plan,other,management,will,False,passive,plain,obligation,obligation,True,0.9,other,True,
omaha_public_schools__2013_2014_master_agreement_omaha__fe2e1c57,2013-2014_MASTER_AGREEMENT_Omaha.pdf,Omaha Public Schools,17,"Information regarding this change in schedule should be done through a variety of means including, but not limited to, teacher/parent communications, newsletters or other school events",Information regarding this change in schedule,other,management,should,False,passive,plain,obligation,obligation,True,0.7,other,True,
omaha_public_schools__2013_2014_master_agreement_omaha__fe2e1c57,2013-2014_MASTER_AGREEMENT_Omaha.pdf,Omaha Public Schools,17,"in addition, parent/staff surveys and an exploration of Kids Club will be completed.",parent/staff surveys and an exploration of Kids Club,other,management,will,False,passive,plain,obligation,obligation,True,0.9,other,True,
omaha_public_schools__2013_2014_master_agreement_omaha__fe2e1c57,2013-2014_MASTER_AGREEMENT_Omaha.pdf,Omaha Public Schools,18,"Upon written notification by the Board of Education of Douglas County School District No. 0001, the Omaha Education Association and the Omaha Public Schools Board of Education will re-open the Master Agreement to consider an alternative plan or modifications to the Elementary T.E.A.M (Together Everyone Achieves More) plan at any time prior to April 1, annually.",the Omaha Education Association and the Omaha Public Schools Board of Education,management,management,will,False,active,plain,obligation,obligation,True,0.9,other,True,
omaha_public_schools__2013_2014_master_agreement_omaha__fe2e1c57,2013-2014_MASTER_AGREEMENT_Omaha.pdf,Omaha Public Schools,18,Modifications and/or alternatives must be reviewed and agreed upon by both parties before the language is inserted into the contract.,Modifications and/or alternatives,other,worker,must,False,passive,plain,obligation,obligation,True,1.0,other,True,
omaha_public_schools__2013_2014_master_agreement_omaha__fe2e1c57,2013-2014_MASTER_AGREEMENT_Omaha.pdf,Omaha Public Schools,18,"Unless there is an agreed upon modification of the above, Elementary T.E.A.M (Together Everyone Achieves More), that plan will continue.",that plan,other,management,will,False,active,plain,obligation,obligation,True,0.9,other,True,
omaha_public_schools__2013_2014_master_agreement_omaha__fe2e1c57,2013-2014_MASTER_AGREEMENT_Omaha.pdf,Omaha Public Schools,18,"Teacher and administrators may collaboratively decide to engage in, team planning/meetings which may include, but not be limited to, team reflections on teaching strategies and student achievement during portion of said 400 minutes of planning time.",Teacher and administrators,other,worker,may,False,active,plain,permission,permission,True,0.3,professional_development,True,
omaha_public_schools__2013_2014_master_agreement_omaha__fe2e1c57,2013-2014_MASTER_AGREEMENT_Omaha.pdf,Omaha Public Schools,18,"No meetings, inservices or activities required by the administration can occur during said 400 minutes of plan time unless faculty and administration have collaboratively decided upon the activity.","No meetings, inservices or activities required by the administration",other,worker,can,True,active,plain,prohibition,prohibition,True,0.3,workload,True,
omaha_public_schools__2013_2014_master_agreement_omaha__fe2e1c57,2013-2014_MASTER_AGREEMENT_Omaha.pdf,Omaha Public Schools,18,"Effective with the 2006-07 school year, at least 1,080 minutes during the school year shall be set aside for the use of T.E.A.M. planning activities that would be collaboratively decided by the administrative and teaching staff using the school’s shared decision-making process and would include, but not be limited to, team reflection on teaching strategies and student achievement.","at least 1,080 minutes during the school year",worker,worker,shall,False,passive,plain,obligation,obligation,True,1.0,workload,True,
omaha_public_schools__2013_2014_master_agreement_omaha__fe2e1c57,2013-2014_MASTER_AGREEMENT_Omaha.pdf,Omaha Public Schools,18,"New teachers with the Omaha Public Schools have the responsibility of working with specialists to become knowledgeable of the sequence of skills and proper teaching techniques within the areas of art, library science, music and physical education during their first year.",New teachers with the Omaha Public Schools,worker,management,,False,active,obligation_verb,obligation,obligation,True,0.85,professional_development,True,
omaha_public_schools__2013_2014_master_agreement_omaha__fe2e1c57,2013-2014_MASTER_AGREEMENT_Omaha.pdf,Omaha Public Schools,18,"At the discretion of the principal, the teachers may be released from this obligation prior to the end of the school year.",the teachers,management,management,may,False,passive,plain,permission,permission,True,0.3,professional_development,True,
omaha_public_schools__2013_2014_master_agreement_omaha__fe2e1c57,2013-2014_MASTER_AGREEMENT_Omaha.pdf,Omaha Public Schools,18,"Elementary teachers shall have 17.5 hours prior to the first student contact day, 3.5 hours on the Curriculum Day as determined by the district calendar planning",Elementary teachers,worker,worker,shall,False,active,plain,obligation,obligation,True,1.0,workload,True,Text appears truncated at the end of the chunk.
omaha_public_schools__2013_2014_master_agreement_omaha__fe2e1c57,2013-2014_MASTER_AGREEMENT_Omaha.pdf,Omaha Public Schools,19,"Elementary teachers shall have 17.5 hours prior to the first student contact day, 3.5 hours on the Curriculum Day as determined by the district calendar planning committee, and 7 hours after the last student contact day for the purpose of planning and preparation time unless inclement weather requires the district to extend the student day calendar in order to meet state requirements.",Elementary teachers,worker,worker,shall,False,active,plain,obligation,obligation,True,1.0,workload,True,
omaha_public_schools__2013_2014_master_agreement_omaha__fe2e1c57,2013-2014_MASTER_AGREEMENT_Omaha.pdf,Omaha Public Schools,19,The agenda for these team planning days will be developed in advance.,The agenda for these team planning days,other,worker,will,False,passive,plain,obligation,obligation,True,0.9,workload,True,
omaha_public_schools__2013_2014_master_agreement_omaha__fe2e1c57,2013-2014_MASTER_AGREEMENT_Omaha.pdf,Omaha Public Schools,19,The agenda may be subject to change using the school’s shared decision-making process.,The agenda,other,worker,may,False,active,plain,permission,permission,True,0.3,other,True,
omaha_public_schools__2013_2014_master_agreement_omaha__fe2e1c57,2013-2014_MASTER_AGREEMENT_Omaha.pdf,Omaha Public Schools,19,This time will be in addition to the planning and preparation time provided by Section IV D 5.,This time,other,worker,will,False,active,plain,obligation,obligation,True,0.9,workload,True,
omaha_public_schools__2013_2014_master_agreement_omaha__fe2e1c57,2013-2014_MASTER_AGREEMENT_Omaha.pdf,Omaha Public Schools,19,"These teacher duty days will meet the requirements of Section IV E, Paragraph I.",These teacher duty days,other,worker,will,False,active,plain,obligation,obligation,True,0.9,workload,True,
omaha_public_schools__2013_2014_master_agreement_omaha__fe2e1c57,2013-2014_MASTER_AGREEMENT_Omaha.pdf,Omaha Public Schools,19,"Time designated for T.E.A.M. planning activities will not be rescheduled to another day when missed due to holiday, inclement weather days or other conflicts on the master calendar.",Time designated for T.E.A.M. planning activities,other,worker,will,True,passive,plain,prohibition,prohibition,True,0.9,workload,True,
omaha_public_schools__2013_2014_master_agreement_omaha__fe2e1c57,2013-2014_MASTER_AGREEMENT_Omaha.pdf,Omaha Public Schools,19,Time designated for team planning activities shall be used for team planning activities,Time designated for team planning activities,other,worker,shall,False,passive,plain,obligation,obligation,True,1.0,workload,True,
omaha_public_schools__2013_2014_master_agreement_omaha__fe2e1c57,2013-2014_MASTER_AGREEMENT_Omaha.pdf,Omaha Public Schools,19,shall not include any activities that require student contact.,[Time designated for team planning activities],other,worker,shall,True,active,plain,prohibition,prohibition,True,1.0,workload,True,Subject implied from preceding clause.
omaha_public_schools__2013_2014_master_agreement_omaha__fe2e1c57,2013-2014_MASTER_AGREEMENT_Omaha.pdf,Omaha Public Schools,19,"Time designated for team planning activities will not result in any reduction of the minimum of 400 minutes, during student contact time, of preparation/conference/planning time during a two week instructional period for the",Time designated for team planning activities,other,worker,will,True,active,plain,prohibition,prohibition,True,0.9,workload,True,Truncated at end of chunk.
omaha_public_schools__2013_2014_master_agreement_omaha__fe2e1c57,2013-2014_MASTER_AGREEMENT_Omaha.pdf,Omaha Public Schools,19,"Each Elementary Building will receive a minimum of 200 minutes for records and resource management, during student contact time, during each ten-day instructional period of the school year.",Each Elementary Building,other,worker,will,False,active,plain,obligation,obligation,True,0.9,workload,True,Inanimate subject; likely metonymic for school administration.
omaha_public_schools__2013_2014_master_agreement_omaha__fe2e1c57,2013-2014_MASTER_AGREEMENT_Omaha.pdf,Omaha Public Schools,19,Full-time special education teachers will be provided ½ day per quarter for student record maintenance purposes (in addition to their plan time).,Full-time special education teachers,management,worker,will,False,passive,rights_passive,right,obligation,False,0.9,workload,True,
omaha_public_schools__2013_2014_master_agreement_omaha__fe2e1c57,2013-2014_MASTER_AGREEMENT_Omaha.pdf,Omaha Public Schools,19,The regular elementary day may begin and end at different times from school to school,The regular elementary day,other,management,may,False,active,plain,permission,permission,True,0.3,other,True,
omaha_public_schools__2013_2014_master_agreement_omaha__fe2e1c57,2013-2014_MASTER_AGREEMENT_Omaha.pdf,Omaha Public Schools,19,shall not exceed 455 minutes in length for elementary teachers and 480 minutes in length for counselors.,[The regular elementary day],other,worker,shall,True,active,plain,prohibition,prohibition,True,1.0,workload,True,Subject implied from preceding clause.
omaha_public_schools__2013_2014_master_agreement_omaha__fe2e1c57,2013-2014_MASTER_AGREEMENT_Omaha.pdf,Omaha Public Schools,21,Bargaining unit members will receive compensation time for this duty.,Bargaining unit members,worker,worker,will,False,active,rights_active,right,right,True,0.9,compensation,True,
omaha_public_schools__2013_2014_master_agreement_omaha__fe2e1c57,2013-2014_MASTER_AGREEMENT_Omaha.pdf,Omaha Public Schools,21,These sessions may include hours within the duty day,These sessions,other,worker,may,False,active,plain,permission,permission,True,0.3,other,True,
omaha_public_schools__2013_2014_master_agreement_omaha__fe2e1c57,2013-2014_MASTER_AGREEMENT_Omaha.pdf,Omaha Public Schools,21,but can exceed seven total hours per semester.,These sessions,other,worker,can,False,active,plain,permission,permission,True,0.3,other,True,implied subject from preceding clause
omaha_public_schools__2013_2014_master_agreement_omaha__fe2e1c57,2013-2014_MASTER_AGREEMENT_Omaha.pdf,Omaha Public Schools,21,A building staff may collaboratively decide to request to engage in parent teacher conferences beyond the seven hours per semester and receive additional compensation time for this duty.,A building staff,worker,worker,may,False,active,plain,permission,permission,True,0.3,compensation,True,
omaha_public_schools__2013_2014_master_agreement_omaha__fe2e1c57,2013-2014_MASTER_AGREEMENT_Omaha.pdf,Omaha Public Schools,21,All certificated staff in the building will sign a document that states that a collaborative discussion occurred and a majority of the staff has agreed to the schedule for parent teacher conferences.,All certificated staff in the building,worker,worker,will,False,active,plain,obligation,obligation,True,0.9,other,True,
omaha_public_schools__2013_2014_master_agreement_omaha__fe2e1c57,2013-2014_MASTER_AGREEMENT_Omaha.pdf,Omaha Public Schools,21,Bargaining unit members on a 190 or greater day contract may be required to attend (6) six evening activities per year as part of their contracted obligations.,Bargaining unit members on a 190 or greater day contract,management,management,may,False,passive,obligation_verb,obligation,obligation,True,0.3,other,True,implicit agent is management
omaha_public_schools__2013_2014_master_agreement_omaha__fe2e1c57,2013-2014_MASTER_AGREEMENT_Omaha.pdf,Omaha Public Schools,21,Bargaining unit members will receive compensation at .0009 x the Extra-Duty Base per hour for each additional event they are required to attend.,Bargaining unit members,worker,worker,will,False,active,rights_active,right,right,True,0.9,compensation,True,
omaha_public_schools__2013_2014_master_agreement_omaha__fe2e1c57,2013-2014_MASTER_AGREEMENT_Omaha.pdf,Omaha Public Schools,21,School nurses shall be provided with a duty-free 30 minute lunch period.,School nurses,management,worker,shall,False,passive,rights_passive,right,obligation,False,1.0,benefits,True,
omaha_public_schools__2013_2014_master_agreement_omaha__fe2e1c57,2013-2014_MASTER_AGREEMENT_Omaha.pdf,Omaha Public Schools,21,During scheduled assignment the school nurse will be available for any health emergencies.,the school nurse,worker,management,will,False,active,plain,obligation,obligation,True,0.9,safety_and_working_conditions,True,
omaha_public_schools__2013_2014_master_agreement_omaha__fe2e1c57,2013-2014_MASTER_AGREEMENT_Omaha.pdf,Omaha Public Schools,21,"If the employee has a grievance, the employee should, within 20 working days of the incident, first discuss the matter with an immediate superior (at the building level the immediate superior is the principal) in an effort to resolve the problems informally.",the employee,worker,worker,should,False,active,plain,obligation,obligation,True,0.7,discipline,True,conditional opening
omaha_public_schools__2013_2014_master_agreement_omaha__fe2e1c57,2013-2014_MASTER_AGREEMENT_Omaha.pdf,Omaha Public Schools,21,A representative of the Association's staff may be invited to attend by either party.,A representative of the Association's staff,other,worker,may,False,passive,plain,permission,permission,True,0.3,discipline,True,explicit agent is 'either party'
omaha_public_schools__2013_2014_master_agreement_omaha__fe2e1c57,2013-2014_MASTER_AGREEMENT_Omaha.pdf,Omaha Public Schools,21,"If the subject of the grievance extends beyond the authority and jurisdiction of the building principal, the employee may discuss the matter with the Assistant Superintendent for Human Resources.",the employee,worker,worker,may,False,active,plain,permission,permission,True,0.3,discipline,True,conditional opening
omaha_public_schools__2013_2014_master_agreement_omaha__fe2e1c57,2013-2014_MASTER_AGREEMENT_Omaha.pdf,Omaha Public Schools,21,"If the employee is not satisfied, the employee shall have the right to have an Association representative's assistance in further efforts to resolve the problem.",the employee,worker,worker,shall,False,active,rights_active,right,right,True,1.0,discipline,True,conditional opening
omaha_public_schools__2013_2014_master_agreement_omaha__fe2e1c57,2013-2014_MASTER_AGREEMENT_Omaha.pdf,Omaha Public Schools,21,"If the problem is not resolved through the aforesaid procedure, then within 20 working days of the incident, the aggrieved person must submit a grievance in writing to the principal or to the person to whom the aggrieved is directly responsible.",the aggrieved person,worker,worker,must,False,active,obligation_verb,obligation,obligation,True,1.0,discipline,True,conditional opening
omaha_public_schools__2013_2014_master_agreement_omaha__fe2e1c57,2013-2014_MASTER_AGREEMENT_Omaha.pdf,Omaha Public Schools,23,"Should the aggrieved person so desire, the decision of the Superintendent may be appealed to the Board of Education.",the decision of the Superintendent,management,worker,may,False,passive,plain,permission,permission,True,0.3,discipline,True,
omaha_public_schools__2013_2014_master_agreement_omaha__fe2e1c57,2013-2014_MASTER_AGREEMENT_Omaha.pdf,Omaha Public Schools,23,Such a request should be sent to the Director of the Office of the Board of Education within 10 working days of the receipt of the Superintendent's decision in the matter.,Such a request,management,worker,should,False,passive,plain,obligation,obligation,True,0.7,discipline,True,
omaha_public_schools__2013_2014_master_agreement_omaha__fe2e1c57,2013-2014_MASTER_AGREEMENT_Omaha.pdf,Omaha Public Schools,23,Such an appeal shall be in the form of a written request for a hearing before the Board of Education.,Such an appeal,management,worker,shall,False,active,plain,obligation,obligation,True,1.0,discipline,True,
omaha_public_schools__2013_2014_master_agreement_omaha__fe2e1c57,2013-2014_MASTER_AGREEMENT_Omaha.pdf,Omaha Public Schools,23,"At the first meeting after receiving a grievance, the Board of Education shall set a hearing date which shall be within 10 working days.",the Board of Education,management,worker,shall,False,active,plain,obligation,obligation,True,1.0,discipline,True,
omaha_public_schools__2013_2014_master_agreement_omaha__fe2e1c57,2013-2014_MASTER_AGREEMENT_Omaha.pdf,Omaha Public Schools,23,"The aggrieved person shall, at this hearing, have the right to be assisted by a member of the staff of the Association and/or an attorney of his/her choice.",The aggrieved person,worker,worker,shall,False,active,plain,obligation,right,False,1.0,discipline,True,
omaha_public_schools__2013_2014_master_agreement_omaha__fe2e1c57,2013-2014_MASTER_AGREEMENT_Omaha.pdf,Omaha Public Schools,23,The Board of Education shall within 10 working days of the hearing render a decision in the matter,The Board of Education,management,worker,shall,False,active,plain,obligation,obligation,True,1.0,discipline,True,
omaha_public_schools__2013_2014_master_agreement_omaha__fe2e1c57,2013-2014_MASTER_AGREEMENT_Omaha.pdf,Omaha Public Schools,23,direct its Director to provide written notification of its decision to the aggrieved person and the Association.,[implied: The Board of Education],management,worker,shall,False,active,plain,obligation,obligation,True,1.0,discipline,True,
omaha_public_schools__2013_2014_master_agreement_omaha__fe2e1c57,2013-2014_MASTER_AGREEMENT_Omaha.pdf,Omaha Public Schools,23,The leave of absence is limited to the initial elective term sought and won by the employee.,The leave of absence,other,worker,,False,active,plain,other,other,True,0.0,leave,True,
omaha_public_schools__2013_2014_master_agreement_omaha__fe2e1c57,2013-2014_MASTER_AGREEMENT_Omaha.pdf,Omaha Public Schools,23,The subsequent election to the same office or a different elective position may result in an extension of the leave of absence.,The subsequent election to the same office or a different elective position,other,worker,may,False,active,plain,permission,permission,True,0.3,leave,True,
omaha_public_schools__2013_2014_master_agreement_omaha__fe2e1c57,2013-2014_MASTER_AGREEMENT_Omaha.pdf,Omaha Public Schools,23,Appointment to an unexpired term calling for service in office greater than one-half of the regular term of that office shall qualify for,Appointment to an unexpired term calling for service in office greater than one-half of the regular term of that office,other,worker,shall,False,active,plain,obligation,obligation,True,1.0,leave,True,
omaha_public_schools__2013_2014_master_agreement_omaha__fe2e1c57,2013-2014_MASTER_AGREEMENT_Omaha.pdf,Omaha Public Schools,23,be treated as a leave of absence for one term of office.,[implied: Appointment to an unexpired term...],management,worker,shall,False,passive,plain,obligation,obligation,True,1.0,leave,True,
omaha_public_schools__2013_2014_master_agreement_omaha__fe2e1c57,2013-2014_MASTER_AGREEMENT_Omaha.pdf,Omaha Public Schools,23,"Leaves of absence granted under this section shall be treated in exactly the same manner as other official leaves in regard to right to re-employment, fringe benefits, etc.",Leaves of absence granted under this section,management,worker,shall,False,passive,plain,obligation,obligation,True,1.0,leave,True,
omaha_public_schools__2013_2014_master_agreement_omaha__fe2e1c57,2013-2014_MASTER_AGREEMENT_Omaha.pdf,Omaha Public Schools,23,"The individual shall be required, six months prior to their returning to the School District, to give notice of his or her intentions regarding continued employment by the School District.",The individual,management,management,shall,False,passive,obligation_verb,obligation,obligation,True,1.0,leave,True,
omaha_public_schools__2013_2014_master_agreement_omaha__fe2e1c57,2013-2014_MASTER_AGREEMENT_Omaha.pdf,Omaha Public Schools,23,Certificated staff members shall be required to give notice of their intention one semester prior to their return to the District.,Certificated staff members,management,management,shall,False,passive,obligation_verb,obligation,obligation,True,1.0,leave,True,
omaha_public_schools__2013_2014_master_agreement_omaha__fe2e1c57,2013-2014_MASTER_AGREEMENT_Omaha.pdf,Omaha Public Schools,23,such action shall automatically terminate the leave of ab,such action,other,management,shall,False,active,plain,obligation,other,False,1.0,leave,True,
omaha_public_schools__2013_2014_master_agreement_omaha__fe2e1c57,2013-2014_MASTER_AGREEMENT_Omaha.pdf,Omaha Public Schools,24,A similar procedure shall be followed by employees other than those who are members of the Omaha Education Association.,A similar procedure,worker,worker,shall,False,passive,plain,obligation,obligation,True,1.0,discipline,True,
omaha_public_schools__2013_2014_master_agreement_omaha__fe2e1c57,2013-2014_MASTER_AGREEMENT_Omaha.pdf,Omaha Public Schools,24,such action shall automatically terminate the leave of absence granted by this section.,such action,other,management,shall,False,active,plain,obligation,other,False,1.0,leave,True,Dependent on preceding conditional clause regarding resignation from elective office.
omaha_public_schools__2013_2014_master_agreement_omaha__fe2e1c57,2013-2014_MASTER_AGREEMENT_Omaha.pdf,Omaha Public Schools,24,Acceptance of any other full-time position while on a leave of this nature shall also effectively and automatically terminate said leave of absence.,Acceptance of any other full-time position while on a leave of this nature,other,management,shall,False,active,plain,obligation,other,False,1.0,leave,True,
omaha_public_schools__2013_2014_master_agreement_omaha__fe2e1c57,2013-2014_MASTER_AGREEMENT_Omaha.pdf,Omaha Public Schools,24,the employee may use steps a through c outlined in the grievance procedure above.,the employee,worker,worker,may,False,active,plain,permission,permission,True,0.3,discipline,True,"Preceded by conditional clause 'If the employee has a complaint other than a grievance,'."
omaha_public_schools__2013_2014_master_agreement_omaha__fe2e1c57,2013-2014_MASTER_AGREEMENT_Omaha.pdf,Omaha Public Schools,24,"Employees or groups of employees desiring to address the Board of Education on any matter shall direct their communications to the Director, not to individual members",Employees or groups of employees desiring to address the Board of Education on any matter,worker,management,shall,False,active,plain,obligation,obligation,True,1.0,teacher_rights_and_conduct,True,
omaha_public_schools__2013_2014_master_agreement_omaha__fe2e1c57,2013-2014_MASTER_AGREEMENT_Omaha.pdf,Omaha Public Schools,24,copies of any communication may be sent to all members.,copies of any communication,worker,worker,may,False,passive,plain,permission,permission,True,0.3,teacher_rights_and_conduct,True,Preceded by 'except that'.
omaha_public_schools__2013_2014_master_agreement_omaha__fe2e1c57,2013-2014_MASTER_AGREEMENT_Omaha.pdf,Omaha Public Schools,24,"An advisory committee of selected personnel shall be appointed by the Superintendent of Schools upon the advice of the Assistant Superintendent for Human Resources, to maintain a continuous liaison with all employees relative to maintaining high morale and professional growth among all employees.",An advisory committee of selected personnel,management,worker,shall,False,passive,plain,obligation,obligation,True,1.0,professional_development,True,
omaha_public_schools__2013_2014_master_agreement_omaha__fe2e1c57,2013-2014_MASTER_AGREEMENT_Omaha.pdf,Omaha Public Schools,24,"The Board of Education shall provide reimbursement for personal property of any full-time employee of the School District of Omaha if such property is stolen, damaged, or destroyed by assault, theft, vandalism, riot or fire on the school premises or at any official function of the school.",The Board of Education,management,worker,shall,False,active,plain,obligation,obligation,True,1.0,benefits,True,
omaha_public_schools__2013_2014_master_agreement_omaha__fe2e1c57,2013-2014_MASTER_AGREEMENT_Omaha.pdf,Omaha Public Schools,24,"Reimbursement will be provided, however, only if proper security measures have been taken by the owner to discourage theft or vandalism, and if said property was of instructional value in the classroom and approved for use by the building administration, or was damaged in the process of controlling discipline.",Reimbursement,management,management,will,False,passive,rights_passive,right,obligation,False,0.9,benefits,True,Contains multiple dependent conditional clauses.
omaha_public_schools__2013_2014_master_agreement_omaha__fe2e1c57,2013-2014_MASTER_AGREEMENT_Omaha.pdf,Omaha Public Schools,24,No claim will be considered in an amount less than ten dollars,No claim,management,management,will,True,passive,plain,prohibition,prohibition,True,0.9,benefits,True,
omaha_public_schools__2013_2014_master_agreement_omaha__fe2e1c57,2013-2014_MASTER_AGREEMENT_Omaha.pdf,Omaha Public Schools,24,in no event shall the liability of the School District assumed hereby exceed $250 on any one occurrence per claimant.,the liability of the School District assumed hereby,management,management,shall,True,active,plain,prohibition,prohibition,True,1.0,benefits,True,
omaha_public_schools__2013_2014_master_agreement_omaha__fe2e1c57,2013-2014_MASTER_AGREEMENT_Omaha.pdf,Omaha Public Schools,25,"Any staff member who is injured as the result of an assault while performing assigned duties or in maintaining order on any school premises or at any school function, may receive a maximum of fifteen (15 days) of recuperative leave.",Any staff member,worker,worker,may,False,active,rights_active,right,right,True,0.3,leave,True,
omaha_public_schools__2013_2014_master_agreement_omaha__fe2e1c57,2013-2014_MASTER_AGREEMENT_Omaha.pdf,Omaha Public Schools,25,"In order to qualify for such leave, the staff member must require hospitalization and/or medical attention of such nature that hospitalization or physician recommended home convalescence is necessary.",the staff member,worker,management,must,False,active,plain,obligation,obligation,True,1.0,leave,True,
omaha_public_schools__2013_2014_master_agreement_omaha__fe2e1c57,2013-2014_MASTER_AGREEMENT_Omaha.pdf,Omaha Public Schools,25,"If such staff member shall be off duty for more than the fifteen (15) days of recuperative leave, said staff member shall be allowed to use, but not required to use, accumulated sick leave or personal leave.",said staff member,worker,worker,shall,False,active,permission_verb,permission,permission,True,1.0,leave,True,
omaha_public_schools__2013_2014_master_agreement_omaha__fe2e1c57,2013-2014_MASTER_AGREEMENT_Omaha.pdf,Omaha Public Schools,25,An employee may take a leave of absence when elected to an elective public office.,An employee,worker,worker,may,False,active,plain,permission,permission,True,0.3,leave,True,
omaha_public_schools__2013_2014_master_agreement_omaha__fe2e1c57,2013-2014_MASTER_AGREEMENT_Omaha.pdf,Omaha Public Schools,25,"Requests shall be submitted in writing to the Superintendent of Schools who shall, in turn, make a recommendation to the Board of Education for final action.",Requests,other,management,shall,False,passive,plain,obligation,obligation,True,1.0,leave,True,
omaha_public_schools__2013_2014_master_agreement_omaha__fe2e1c57,2013-2014_MASTER_AGREEMENT_Omaha.pdf,Omaha Public Schools,25,Absence from work under this section is authorized only upon recommendation of the employee's physician.,Absence from work under this section,other,management,,False,passive,permission_verb,permission,obligation,False,0.85,leave,True,
omaha_public_schools__2013_2014_master_agreement_omaha__fe2e1c57,2013-2014_MASTER_AGREEMENT_Omaha.pdf,Omaha Public Schools,25,The Superintendent of Schools may select a physician to confirm the opinion of the employee's physician,The Superintendent of Schools,management,management,may,False,active,plain,permission,permission,True,0.3,leave,True,
omaha_public_schools__2013_2014_master_agreement_omaha__fe2e1c57,2013-2014_MASTER_AGREEMENT_Omaha.pdf,Omaha Public Schools,25,and termination of recuperative leave benefits may result based on such physician's recommendation.,termination of recuperative leave benefits,other,management,may,False,active,plain,permission,other,False,0.3,leave,True,
omaha_public_schools__2013_2014_master_agreement_omaha__fe2e1c57,2013-2014_MASTER_AGREEMENT_Omaha.pdf,Omaha Public Schools,26,Compensation payable pursuant to this section may be taken in full or partial days,Compensation payable pursuant to this section,other,worker,may,False,passive,plain,permission,permission,True,0.3,compensation,True,
omaha_public_schools__2013_2014_master_agreement_omaha__fe2e1c57,2013-2014_MASTER_AGREEMENT_Omaha.pdf,Omaha Public Schools,26,may be used to coordinate with any worker's compensation benefits payable for the period for which such compensation is provided.,Compensation,other,worker,may,False,passive,plain,permission,permission,True,0.3,compensation,True,
omaha_public_schools__2013_2014_master_agreement_omaha__fe2e1c57,2013-2014_MASTER_AGREEMENT_Omaha.pdf,Omaha Public Schools,26,Under no circumstances will payment continue beyond the point for which the employee qualifies for benefits under the district's long term disability plan.,payment,other,management,will,True,active,plain,prohibition,prohibition,True,0.9,compensation,True,
omaha_public_schools__2013_2014_master_agreement_omaha__fe2e1c57,2013-2014_MASTER_AGREEMENT_Omaha.pdf,Omaha Public Schools,26,"The school Safety Patrol, as a recognized element of the education program, shall be supervised by a member of the certificated staff.",The school Safety Patrol,worker,management,shall,False,passive,plain,obligation,obligation,True,1.0,workload,True,
omaha_public_schools__2013_2014_master_agreement_omaha__fe2e1c57,2013-2014_MASTER_AGREEMENT_Omaha.pdf,Omaha Public Schools,26,"Supervision of the Safety Patrol will be, to the extent feasible, a voluntary duty",Supervision of the Safety Patrol,other,worker,will,False,active,plain,obligation,obligation,True,0.9,workload,True,
omaha_public_schools__2013_2014_master_agreement_omaha__fe2e1c57,2013-2014_MASTER_AGREEMENT_Omaha.pdf,Omaha Public Schools,26,The duty is to be rotated among the certificated staff unless an individual volunteers for the duty in successive years.,The duty,management,worker,,False,passive,plain,other,obligation,False,0.0,workload,True,
omaha_public_schools__2013_2014_master_agreement_omaha__fe2e1c57,2013-2014_MASTER_AGREEMENT_Omaha.pdf,Omaha Public Schools,26,"In the event no one volunteers, the principal shall appoint a member of the certificated staff as the Safety Patrol sponsor",the principal,management,management,shall,False,active,plain,obligation,obligation,True,1.0,workload,True,
omaha_public_schools__2013_2014_master_agreement_omaha__fe2e1c57,2013-2014_MASTER_AGREEMENT_Omaha.pdf,Omaha Public Schools,26,Safety Patrol sponsors will be reimbursed for out-of-pocket expenses needed to administer and supervise the Safety Patrol program.,Safety Patrol sponsors,management,worker,will,False,passive,rights_passive,right,obligation,False,0.9,compensation,True,
omaha_public_schools__2013_2014_master_agreement_omaha__fe2e1c57,2013-2014_MASTER_AGREEMENT_Omaha.pdf,Omaha Public Schools,26,"Salaries and health insurance for covered employees (classroom teachers, nurses, teacher leaders, and helping and lead teachers) will increase an average of 3.0% in 2013-14.","Salaries and health insurance for covered employees (classroom teachers, nurses, teacher leaders, and helping and lead teachers)",other,worker,will,False,active,plain,obligation,obligation,True,0.9,compensation,True,
omaha_public_schools__2013_2014_master_agreement_omaha__fe2e1c57,2013-2014_MASTER_AGREEMENT_Omaha.pdf,Omaha Public Schools,26,All employees currently receiving top step “supplements” will continue to receive the same supplemental amounts during 2013-14.,All employees currently receiving top step “supplements”,worker,worker,will,False,active,rights_active,right,right,True,0.9,compensation,True,
omaha_public_schools__2013_2014_master_agreement_omaha__fe2e1c57,2013-2014_MASTER_AGREEMENT_Omaha.pdf,Omaha Public Schools,26,"There will be an additional across the board supplement of $1,200 for the 2013-14 and 2014-15 contract year for teachers, nurses, teacher leaders, and helping and lead teachers who reached the top step prior to 2013-14 and 2014-15.",There,other,worker,will,False,active,plain,obligation,obligation,True,0.9,compensation,True,
omaha_public_schools__2013_2014_master_agreement_omaha__fe2e1c57,2013-2014_MASTER_AGREEMENT_Omaha.pdf,Omaha Public Schools,26,"In 2013-14, the salaries for classroom teachers, nurses, teacher leaders, and helping and lead teachers for Steps 1-15 shall be indexed to the BA Base.","the salaries for classroom teachers, nurses, teacher leaders, and helping and lead teachers for Steps 1-15",other,worker,shall,False,passive,plain,obligation,obligation,True,1.0,compensation,True,
omaha_public_schools__2013_2014_master_agreement_omaha__fe2e1c57,2013-2014_MASTER_AGREEMENT_Omaha.pdf,Omaha Public Schools,26,"The index increment between each of those steps shall be an index that is 4% greater than the index of the previous step (Step 1 will be $35, 256 in 2013-14 and $36, 349 in 2014-15).",The index increment between each of those steps,other,worker,shall,False,active,plain,obligation,obligation,True,1.0,compensation,True,
omaha_public_schools__2013_2014_master_agreement_omaha__fe2e1c57,2013-2014_MASTER_AGREEMENT_Omaha.pdf,Omaha Public Schools,27,Safety Patrol sponsors must receive administrative approval from the principal before any expenses will be paid.,Safety Patrol sponsors,worker,management,must,False,active,plain,obligation,obligation,True,1.0,compensation,True,
omaha_public_schools__2013_2014_master_agreement_omaha__fe2e1c57,2013-2014_MASTER_AGREEMENT_Omaha.pdf,Omaha Public Schools,27,"Expenses for parties, refreshments, and gifts will not be approved.","Expenses for parties, refreshments, and gifts",management,management,will,True,passive,plain,prohibition,prohibition,True,0.9,compensation,True,
omaha_public_schools__2013_2014_master_agreement_omaha__fe2e1c57,2013-2014_MASTER_AGREEMENT_Omaha.pdf,Omaha Public Schools,27,"Enrollment in university course work for credit should be limited during the school year,",Enrollment in university course work for credit,management,management,should,False,passive,plain,obligation,other,False,0.7,professional_development,True,
omaha_public_schools__2013_2014_master_agreement_omaha__fe2e1c57,2013-2014_MASTER_AGREEMENT_Omaha.pdf,Omaha Public Schools,27,and should not exceed the time each individual staff member is able to devote to such involvement.,Enrollment in university course work for credit,management,management,should,True,active,plain,prohibition,other,False,0.7,professional_development,True,
omaha_public_schools__2013_2014_master_agreement_omaha__fe2e1c57,2013-2014_MASTER_AGREEMENT_Omaha.pdf,Omaha Public Schools,27,"The Office of the Superintendent reserves the right to counsel individually with employees in those instances which may be deemed to conflict with the employee's responsibilities required of all staff relative to professional meetings, committee work, PTA or community club meetings or other activities which further the work in the classroom.",The Office of the Superintendent,management,management,may,False,active,plain,permission,right,False,0.3,teacher_rights_and_conduct,True,
omaha_public_schools__2013_2014_master_agreement_omaha__fe2e1c57,2013-2014_MASTER_AGREEMENT_Omaha.pdf,Omaha Public Schools,27,"Beginning on the Friday following March 15, the teaching vacancy list by schools will be published online.",the teaching vacancy list by schools,management,worker,will,False,passive,plain,obligation,obligation,True,0.9,transfers,True,
omaha_public_schools__2013_2014_master_agreement_omaha__fe2e1c57,2013-2014_MASTER_AGREEMENT_Omaha.pdf,Omaha Public Schools,27,Certificated teachers shall be paid .0009 x the Extra Duty Base (rounded to the nearest 25cents) per hour $28.00 for 2013-14.,Certificated teachers,management,worker,shall,False,passive,rights_passive,right,obligation,False,1.0,compensation,True,
omaha_public_schools__2013_2014_master_agreement_omaha__fe2e1c57,2013-2014_MASTER_AGREEMENT_Omaha.pdf,Omaha Public Schools,27,Certificated teachers shall be paid .0009 x the Extra Duty Base (rounded to the nearest 25 cents) per hour $28.00 for 2013-14.,Certificated teachers,management,worker,shall,False,passive,rights_passive,right,obligation,False,1.0,compensation,True,
omaha_public_schools__2013_2014_master_agreement_omaha__fe2e1c57,2013-2014_MASTER_AGREEMENT_Omaha.pdf,Omaha Public Schools,27,Teachers who instruct in-service classes during off-duty hours shall be paid the summer school hourly pay rate for teachers.,Teachers who instruct in-service classes during off-duty hours,management,worker,shall,False,passive,rights_passive,right,obligation,False,1.0,compensation,True,
omaha_public_schools__2013_2014_master_agreement_omaha__fe2e1c57,2013-2014_MASTER_AGREEMENT_Omaha.pdf,Omaha Public Schools,27,"Effective with the 2001-02 contract year, a mandatory three-day teacher induction program will be held for new teachers immediately prior to the first new teacher contract day.",a mandatory three-day teacher induction program,management,worker,will,False,passive,plain,obligation,obligation,True,0.9,professional_development,True,
omaha_public_schools__2013_2014_master_agreement_omaha__fe2e1c57,2013-2014_MASTER_AGREEMENT_Omaha.pdf,Omaha Public Schools,27,New teachers will be paid $215 per day of verified attendance.,New teachers,management,worker,will,False,passive,rights_passive,right,right,True,0.9,compensation,True,
omaha_public_schools__2013_2014_master_agreement_omaha__fe2e1c57,2013-2014_MASTER_AGREEMENT_Omaha.pdf,Omaha Public Schools,29,"When staff is required to be on duty beyond the 186 (188) days due to inclement weather, staff will be paid at the rate of 1/190th of their scheduled salary.",staff,management,worker,will,False,passive,rights_passive,right,obligation,False,0.9,compensation,True,
omaha_public_schools__2013_2014_master_agreement_omaha__fe2e1c57,2013-2014_MASTER_AGREEMENT_Omaha.pdf,Omaha Public Schools,29,"When staff is not required to be on duty due to inclement weather and when such release from duty results in fewer than 186 (188) actual duty days worked, staff shall be required to make up the time subject to procedures determined by the Superintendent of Schools.",staff,management,management,shall,False,passive,obligation_verb,obligation,obligation,True,1.0,workload,True,Subject staff is instructed to perform the duty
omaha_public_schools__2013_2014_master_agreement_omaha__fe2e1c57,2013-2014_MASTER_AGREEMENT_Omaha.pdf,Omaha Public Schools,29,"Persons who, as of June 1, 1978, qualify as full-time employees and who, on or before October 1, 1979, show evidence of successfully completing 45 hours of credit from accredited colleges or universities in courses approved by the institution for graduate credit, shall be accorded the same salary schedule privileges as those persons holding an MA degree.",Persons,management,worker,shall,False,passive,rights_passive,right,right,True,1.0,compensation,True,
omaha_public_schools__2013_2014_master_agreement_omaha__fe2e1c57,2013-2014_MASTER_AGREEMENT_Omaha.pdf,Omaha Public Schools,29,It shall be the responsibility of the employee to provide the Department of Human Resources with an official transcript of credit.,It,worker,management,shall,False,active,obligation_verb,obligation,obligation,True,1.0,compensation,True,Dummy subject 'It'; operative duty falls on employee
omaha_public_schools__2013_2014_master_agreement_omaha__fe2e1c57,2013-2014_MASTER_AGREEMENT_Omaha.pdf,Omaha Public Schools,29,Certificated teachers shall be paid .0009 x the Extra Duty Base per hour $27.90 for (2013-14) for curriculum writing (curriculum writing as defined by the Assistant Superintendent of Curriculum and Learning) unless there is a grant stipulation that requires a different amount be paid.,Certificated teachers,management,worker,shall,False,passive,rights_passive,right,right,True,1.0,compensation,True,
omaha_public_schools__2013_2014_master_agreement_omaha__fe2e1c57,2013-2014_MASTER_AGREEMENT_Omaha.pdf,Omaha Public Schools,29,The terms of the grant must be available upon request.,The terms of the grant,management,worker,must,False,active,plain,obligation,obligation,True,1.0,other,True,
omaha_public_schools__2013_2014_master_agreement_omaha__fe2e1c57,2013-2014_MASTER_AGREEMENT_Omaha.pdf,Omaha Public Schools,29,Compensation available from higher education institutions for sending student teachers to the Omaha Public Schools will be used to purchase credit hours from higher education institutions.,Compensation,other,worker,will,False,passive,plain,obligation,obligation,True,0.9,professional_development,True,Inanimate subject
omaha_public_schools__2013_2014_master_agreement_omaha__fe2e1c57,2013-2014_MASTER_AGREEMENT_Omaha.pdf,Omaha Public Schools,29,All unused credit hours received in a semester will be used to purchase credit hours from higher education institutions.,All unused credit hours,other,worker,will,False,passive,plain,obligation,obligation,True,0.9,professional_development,True,Inanimate subject
omaha_public_schools__2013_2014_master_agreement_omaha__fe2e1c57,2013-2014_MASTER_AGREEMENT_Omaha.pdf,Omaha Public Schools,30,"Such 30 hours of college credit must be applicable to a Professional Diploma and/or a Doctor's Degree program or be in the individual's major field of study, or in the fields of elementary/secondary guidance and counseling or administration, must be certified by the college or university, and must carry a minimum grade of ""C.""",Such 30 hours of college credit,other,worker,must,False,active,plain,obligation,obligation,True,1.0,professional_development,True,
omaha_public_schools__2013_2014_master_agreement_omaha__fe2e1c57,2013-2014_MASTER_AGREEMENT_Omaha.pdf,Omaha Public Schools,30,All unused credit hours received in a semester will be pooled and distributed evenly to those teachers serving as cooperating teachers that semester who desire those credits for an approved program.,All unused credit hours received in a semester,management,worker,will,False,passive,plain,obligation,obligation,True,0.9,professional_development,True,
omaha_public_schools__2013_2014_master_agreement_omaha__fe2e1c57,2013-2014_MASTER_AGREEMENT_Omaha.pdf,Omaha Public Schools,30,Human Resources will notify cooperating teachers of the availability of these credit hours at the time they accept a student teacher.,Human Resources,management,worker,will,False,active,plain,obligation,obligation,True,0.9,professional_development,True,
omaha_public_schools__2013_2014_master_agreement_omaha__fe2e1c57,2013-2014_MASTER_AGREEMENT_Omaha.pdf,Omaha Public Schools,30,A teacher desiring credit hours must commit in writing (the semester he/she supervised said student teacher) of his/her desire to utilize credit hours to the Assistant Superintendent of Human Resources,A teacher desiring credit hours,worker,management,must,False,active,plain,obligation,obligation,True,1.0,professional_development,True,
omaha_public_schools__2013_2014_master_agreement_omaha__fe2e1c57,2013-2014_MASTER_AGREEMENT_Omaha.pdf,Omaha Public Schools,30,will have access to his/her portion of credit hours up to three years from the time the teacher completed said responsibilities with the said student teacher.,A teacher desiring credit hours,worker,worker,will,False,active,rights_active,right,right,True,0.9,professional_development,True,Continues from previous clause
omaha_public_schools__2013_2014_master_agreement_omaha__fe2e1c57,2013-2014_MASTER_AGREEMENT_Omaha.pdf,Omaha Public Schools,30,school psychologists with the appropriate certification/endorsement who have earned an Educational Specialist degree requiring a minimum of 60 graduate hours shall be paid at the MA+30 hours rate.,school psychologists with the appropriate certification/endorsement who have earned an Educational Specialist degree requiring a minimum of 60 graduate hours,management,worker,shall,False,passive,rights_passive,right,right,True,1.0,compensation,True,
omaha_public_schools__2013_2014_master_agreement_omaha__fe2e1c57,2013-2014_MASTER_AGREEMENT_Omaha.pdf,Omaha Public Schools,30,"Payment for lane changes, for those applying by September 1, will be payable for the school year pending verification of credits.","Payment for lane changes, for those applying by September 1",management,worker,will,False,passive,rights_passive,right,right,True,0.9,compensation,True,
omaha_public_schools__2013_2014_master_agreement_omaha__fe2e1c57,2013-2014_MASTER_AGREEMENT_Omaha.pdf,Omaha Public Schools,30,"Payment for lane changes, for those applying after September 1 and by February 1 will be payable for the balance of the school year","Payment for lane changes, for those applying after September 1 and by February 1",management,worker,will,False,passive,rights_passive,right,right,True,0.9,compensation,True,
omaha_public_schools__2013_2014_master_agreement_omaha__fe2e1c57,2013-2014_MASTER_AGREEMENT_Omaha.pdf,Omaha Public Schools,30,"will begin with the March paycheck, pending verification of credits.",Payment for lane changes,management,worker,will,False,active,plain,obligation,obligation,True,0.9,compensation,True,Continues from previous clause
omaha_public_schools__2013_2014_master_agreement_omaha__fe2e1c57,2013-2014_MASTER_AGREEMENT_Omaha.pdf,Omaha Public Schools,30,Salary credit equivalent to a Master’s Degree will be given to certificated personnel who have earned an advanced degree outside of education provided the advanced degree is relevant to the teaching assignment of the certificated staff.,Salary credit equivalent to a Master’s Degree,management,worker,will,False,passive,rights_passive,right,right,True,0.9,compensation,True,
omaha_public_schools__2013_2014_master_agreement_omaha__fe2e1c57,2013-2014_MASTER_AGREEMENT_Omaha.pdf,Omaha Public Schools,31,"Beginning September 1, 1978, each certificated employee after 20 years of creditable experience in the School District of Omaha, will receive a longevity provision equal to 5.75% of the Long Service Increment Base salary.",each certificated employee after 20 years of creditable experience in the School District of Omaha,worker,worker,will,False,active,rights_active,right,right,True,0.9,compensation,True,
omaha_public_schools__2013_2014_master_agreement_omaha__fe2e1c57,2013-2014_MASTER_AGREEMENT_Omaha.pdf,Omaha Public Schools,31,"After 25, 30, 35, 40 and 45 years of creditable experience, each certificated employee will receive additional longevity provisions equal to 5.75% of the Long Service Increment Base salary.",each certificated employee,worker,worker,will,False,active,rights_active,right,right,True,0.9,compensation,True,
omaha_public_schools__2013_2014_master_agreement_omaha__fe2e1c57,2013-2014_MASTER_AGREEMENT_Omaha.pdf,Omaha Public Schools,31,"After September 1, 2001, the longevity provision equal to 5.75% of the Long Service Increment Base salary will no longer be available to certificated employees who on that date have 15 years or less of creditable experience.",the longevity provision equal to 5.75% of the Long Service Increment Base salary,other,management,will,True,active,plain,prohibition,prohibition,True,0.9,compensation,True,
omaha_public_schools__2013_2014_master_agreement_omaha__fe2e1c57,2013-2014_MASTER_AGREEMENT_Omaha.pdf,Omaha Public Schools,31,"Beginning September 1, 2001, each certificated employee after 15 years of creditable experience in the School District of Omaha will receive a longevity provision equal to 3.45% of the Long Service Increment Base salary.",each certificated employee after 15 years of creditable experience in the School District of Omaha,worker,worker,will,False,active,rights_active,right,right,True,0.9,compensation,True,
omaha_public_schools__2013_2014_master_agreement_omaha__fe2e1c57,2013-2014_MASTER_AGREEMENT_Omaha.pdf,Omaha Public Schools,31,"If the employee dies after 18 creditable years of service to the Omaha Public Schools, the applicable dollar amount of the employee's unused sick leave shall be paid to the employee's estate in a lump sum within 60 days of the employee's death.",the applicable dollar amount of the employee's unused sick leave,other,worker,shall,False,passive,rights_passive,right,obligation,False,1.0,benefits,True,
omaha_public_schools__2013_2014_master_agreement_omaha__fe2e1c57,2013-2014_MASTER_AGREEMENT_Omaha.pdf,Omaha Public Schools,31,"If the number of the employee's unused sick leave days at the time of the employee's resignation or retirement is less than 10, the applicable dollar amount of the employee's unused sick leave shall be paid in a lump sum to the employee within 60 days of such resignation or retirement.",the applicable dollar amount of the employee's unused sick leave,other,worker,shall,False,passive,rights_passive,right,obligation,False,1.0,benefits,True,
omaha_public_schools__2013_2014_master_agreement_omaha__fe2e1c57,2013-2014_MASTER_AGREEMENT_Omaha.pdf,Omaha Public Schools,31,"If the number of the employee's unused sick leave days at the time of the employee's resignation or retirement is 10 or more, the applicable dollar amount of the employee's unused sick leave shall be applied to provide supplemental retirement income benefits and/or post-retirement medical care benefits pursuant to the terms and conditions of the Omaha Public Schools Accumulated Sick Leave Conversion",the applicable dollar amount of the employee's unused sick leave,other,worker,shall,False,active,plain,obligation,obligation,True,1.0,benefits,True,
omaha_public_schools__2013_2014_master_agreement_omaha__fe2e1c57,2013-2014_MASTER_AGREEMENT_Omaha.pdf,Omaha Public Schools,32,"After 20, 25, 30, 35, 40 and 45 years of creditable experience, each certificated employee will receive additional longevity provisions equal to 3.45% of the Long Service Increment Base salary.",each certificated employee,worker,worker,will,False,active,rights_active,right,right,True,0.9,compensation,True,
omaha_public_schools__2013_2014_master_agreement_omaha__fe2e1c57,2013-2014_MASTER_AGREEMENT_Omaha.pdf,Omaha Public Schools,32,"Prior to September 1, 2001 (applications must be submitted by May 1, 2001), each certificated employee who on that date has between 16 and 19 years of prior creditable experience in the School District of Omaha, will be allowed a one time only choice between the employee’s longevity provisions with the 2001-02 contract year at 3.45% of the Long Service Increment Base salary or waiting until after 20 years of creditable experience and beginning the employee’s longevity provisions at 5.75% of the Long Service Increment Base salary.","each certificated employee who on that date has between 16 and 19 years of prior creditable experience in the School District of Omaha,",worker,worker,will,False,active,permission_verb,permission,permission,True,0.9,compensation,True,
omaha_public_schools__2013_2014_master_agreement_omaha__fe2e1c57,2013-2014_MASTER_AGREEMENT_Omaha.pdf,Omaha Public Schools,32,"The Long Service Increment Base will be $27,500.",The Long Service Increment Base,other,worker,will,False,active,plain,obligation,obligation,True,0.9,compensation,True,
omaha_public_schools__2013_2014_master_agreement_omaha__fe2e1c57,2013-2014_MASTER_AGREEMENT_Omaha.pdf,Omaha Public Schools,32,An employee who resigns from employment for reasons other than death or disability may not cash in unused sick leave credits.,An employee who resigns from employment for reasons other than death or disability,worker,management,may,True,active,plain,prohibition,prohibition,True,0.3,benefits,False,
omaha_public_schools__2013_2014_master_agreement_omaha__fe2e1c57,2013-2014_MASTER_AGREEMENT_Omaha.pdf,Omaha Public Schools,32,The employee shall not have any option to receive a cash payment of the applicable dollar amount of the unused sick leave or to have the unused sick leave applied to provide any form of benefit that is not provided under the Omaha Public Schools Accumulated Sick Leave Conversion Plan.,The employee,worker,management,shall,True,active,plain,prohibition,prohibition,True,1.0,benefits,True,
omaha_public_schools__2013_2014_master_agreement_omaha__fe2e1c57,2013-2014_MASTER_AGREEMENT_Omaha.pdf,Omaha Public Schools,32,"A full-time certificated employee who is terminated from employment because of a reduction-in-force shall, regardless of the number of the employee's creditable years of service to the Omaha Public Schools, be paid the applicable dollar amount of the employee's unused sick leave in a lump sum within 60 days of such termination.",A full-time certificated employee who is terminated from employment because of a reduction-in-force,management,worker,shall,False,passive,rights_passive,right,obligation,False,1.0,benefits,True,
omaha_public_schools__2013_2014_master_agreement_omaha__fe2e1c57,2013-2014_MASTER_AGREEMENT_Omaha.pdf,Omaha Public Schools,33,"Beginning with employees retiring during the 2005-2006 school year, an applicable dollar amount of the unused sick leave accumulated by a full-time certificated employee who resigns or dies after 18 creditable years of service to the Omaha Public Schools, or who retires through normal, early or disability retirement under the Omaha School Employees' Retirement System, shall be paid or applied to provide supplemental retirement or post-retirement medical care benefits as follows:","an applicable dollar amount of the unused sick leave accumulated by a full-time certificated employee who resigns or dies after 18 creditable years of service to the Omaha Public Schools, or who retires through normal, early or disability retirement under the Omaha School Employees' Retirement System",worker,worker,shall,False,passive,plain,obligation,obligation,True,1.0,benefits,True,
omaha_public_schools__2013_2014_master_agreement_omaha__fe2e1c57,2013-2014_MASTER_AGREEMENT_Omaha.pdf,Omaha Public Schools,33,"The applicable dollar amount of the employee's unused sick leave shall be calculated as follows: 50% of the employee's contracted daily rate at the time of retirement or resignation, termination due to reduction-in-force, or death multiplied by the number of unused sick days, not to exceed the maximum days accumulation as defined in Section DD, Paragraph 9a.",The applicable dollar amount of the employee's unused sick leave,other,worker,shall,False,passive,plain,obligation,obligation,True,1.0,benefits,True,
omaha_public_schools__2013_2014_master_agreement_omaha__fe2e1c57,2013-2014_MASTER_AGREEMENT_Omaha.pdf,Omaha Public Schools,33,The car allowance reimbursement for use of personal automobiles for approved school business shall be at the rate established by law.,The car allowance reimbursement for use of personal automobiles for approved school business,other,worker,shall,False,active,plain,obligation,obligation,True,1.0,benefits,True,
omaha_public_schools__2013_2014_master_agreement_omaha__fe2e1c57,2013-2014_MASTER_AGREEMENT_Omaha.pdf,Omaha Public Schools,33,Employees providing this kind of assistance are required to have sufficient liability coverage under their own personal policies to meet state minimal requirements.,Employees providing this kind of assistance,worker,management,,False,active,obligation_verb,obligation,obligation,True,0.85,safety_and_working_conditions,True,
omaha_public_schools__2013_2014_master_agreement_omaha__fe2e1c57,2013-2014_MASTER_AGREEMENT_Omaha.pdf,Omaha Public Schools,33,"According to current statutory requirements, certificated staff who use their own cars for transporting students must have $25,000 property damage, $25,000 bodily injury and $50,000 per accident coverage.",certificated staff who use their own cars for transporting students,worker,management,must,False,active,plain,obligation,obligation,True,1.0,safety_and_working_conditions,True,
omaha_public_schools__2013_2014_master_agreement_omaha__fe2e1c57,2013-2014_MASTER_AGREEMENT_Omaha.pdf,Omaha Public Schools,34,Part-time certificated staff with a .5 FTE or more are eligible to receive full health and accident insurance benefits according to the policies governing participation by full-time employees.,Part-time certificated staff with a .5 FTE or more,worker,worker,,False,active,rights_active,right,right,True,0.85,benefits,True,
omaha_public_schools__2013_2014_master_agreement_omaha__fe2e1c57,2013-2014_MASTER_AGREEMENT_Omaha.pdf,Omaha Public Schools,34,Board of Education will pay 50% of premium cost.,Board of Education,management,worker,will,False,active,plain,obligation,obligation,True,0.9,benefits,True,
omaha_public_schools__2013_2014_master_agreement_omaha__fe2e1c57,2013-2014_MASTER_AGREEMENT_Omaha.pdf,Omaha Public Schools,34,Employee will pay 50% of premium cost.,Employee,worker,management,will,False,active,plain,obligation,obligation,True,0.9,benefits,True,
omaha_public_schools__2013_2014_master_agreement_omaha__fe2e1c57,2013-2014_MASTER_AGREEMENT_Omaha.pdf,Omaha Public Schools,34,Premium cost will be paid through payroll deduction.,Premium cost,management,management,will,False,passive,plain,obligation,obligation,True,0.9,benefits,True,"passive voice, implicit management actor"
omaha_public_schools__2013_2014_master_agreement_omaha__fe2e1c57,2013-2014_MASTER_AGREEMENT_Omaha.pdf,Omaha Public Schools,34,"After three consecutive years of part-time employment, the employee shall become eligible for dependent coverage.",the employee,worker,worker,shall,False,active,rights_active,right,right,True,1.0,benefits,True,
omaha_public_schools__2013_2014_master_agreement_omaha__fe2e1c57,2013-2014_MASTER_AGREEMENT_Omaha.pdf,Omaha Public Schools,34,"Employee will pay 50% of single premium cost, 50% of the Board contribution to dependent coverage, and all of the remaining dependent coverage premium cost.",Employee,worker,management,will,False,active,plain,obligation,obligation,True,0.9,benefits,True,
omaha_public_schools__2013_2014_master_agreement_omaha__fe2e1c57,2013-2014_MASTER_AGREEMENT_Omaha.pdf,Omaha Public Schools,34,An employee must make a decision to participate by September 1 of each school year unless he/she is a newly hired employee.,An employee,worker,management,must,False,active,plain,obligation,obligation,True,1.0,benefits,True,
omaha_public_schools__2013_2014_master_agreement_omaha__fe2e1c57,2013-2014_MASTER_AGREEMENT_Omaha.pdf,Omaha Public Schools,34,A classroom teacher who serves as a department head in a senior high school shall be paid an additional five (5) percent of regular teaching salary.,A classroom teacher who serves as a department head in a senior high school,management,worker,shall,False,passive,rights_passive,right,right,True,1.0,compensation,True,
omaha_public_schools__2013_2014_master_agreement_omaha__fe2e1c57,2013-2014_MASTER_AGREEMENT_Omaha.pdf,Omaha Public Schools,34,A counselor who serves as a full-time director of guidance in a senior high school shall be paid an additional fifteen (15) percent of the regular teaching salary.,A counselor who serves as a full-time director of guidance in a senior high school,management,worker,shall,False,passive,rights_passive,right,right,True,1.0,compensation,True,
omaha_public_schools__2013_2014_master_agreement_omaha__fe2e1c57,2013-2014_MASTER_AGREEMENT_Omaha.pdf,Omaha Public Schools,35,Full-time directors of guidance are required to work three weeks (fifteen working days) beyond that of a regular teacher.,Full-time directors of guidance,worker,management,,False,active,obligation_verb,obligation,obligation,True,0.85,workload,True,
omaha_public_schools__2013_2014_master_agreement_omaha__fe2e1c57,2013-2014_MASTER_AGREEMENT_Omaha.pdf,Omaha Public Schools,35,said person to be recommended by the principal and approved by the Superintendent.,said person,management,management,,False,passive,plain,other,other,True,0.0,other,True,fragment following semicolon
omaha_public_schools__2013_2014_master_agreement_omaha__fe2e1c57,2013-2014_MASTER_AGREEMENT_Omaha.pdf,Omaha Public Schools,35,Part-time certificated staff with a .5 FTE or more are eligible to receive full group term life insurance benefits according to policies governing participation by full-time employees.,Part-time certificated staff with a .5 FTE or more,worker,worker,,False,active,rights_active,right,right,True,0.85,benefits,True,
omaha_public_schools__2013_2014_master_agreement_omaha__fe2e1c57,2013-2014_MASTER_AGREEMENT_Omaha.pdf,Omaha Public Schools,35,"the employee is eligible for $25,000 worth of coverage.",the employee,worker,worker,,False,active,plain,other,right,False,0.0,benefits,True,
omaha_public_schools__2013_2014_master_agreement_omaha__fe2e1c57,2013-2014_MASTER_AGREEMENT_Omaha.pdf,Omaha Public Schools,35,Employee must make decision to participate by September 1 of each school year unless he/she is a newly hired employee.,Employee,worker,management,must,False,active,plain,obligation,obligation,True,1.0,benefits,True,
omaha_public_schools__2013_2014_master_agreement_omaha__fe2e1c57,2013-2014_MASTER_AGREEMENT_Omaha.pdf,Omaha Public Schools,35,"Part-time certificated staff with a .5 FTE or more are eligible to receive one-half sick leave benefits provided to full-time employees, accumulative to 45 days.",Part-time certificated staff with a .5 FTE or more,worker,worker,,False,active,rights_active,right,right,True,0.85,leave,True,
omaha_public_schools__2013_2014_master_agreement_omaha__fe2e1c57,2013-2014_MASTER_AGREEMENT_Omaha.pdf,Omaha Public Schools,35,A classroom teacher who serves as a counselor one-half time or more shall be paid an additional five (5) percent of regular teaching salary.,A classroom teacher who serves as a counselor one-half time or more,management,worker,shall,False,passive,rights_passive,right,right,True,1.0,compensation,True,
omaha_public_schools__2013_2014_master_agreement_omaha__fe2e1c57,2013-2014_MASTER_AGREEMENT_Omaha.pdf,Omaha Public Schools,35,A counselor who serves as an academic records counselor in a senior high school shall be paid an additional five (5) percent of the regular teaching salary for the academic record responsibilities and the additional five (5) percent of the regular teaching salary for counselor’s pay.,A counselor who serves as an academic records counselor in a senior high school,management,worker,shall,False,passive,rights_passive,right,right,True,1.0,compensation,True,
omaha_public_schools__2013_2014_master_agreement_omaha__fe2e1c57,2013-2014_MASTER_AGREEMENT_Omaha.pdf,Omaha Public Schools,35,Academic records counselors are required to work ten working days beyond that of a regular teacher.,Academic records counselors,worker,management,,False,active,obligation_verb,obligation,obligation,True,0.85,workload,True,
omaha_public_schools__2013_2014_master_agreement_omaha__fe2e1c57,2013-2014_MASTER_AGREEMENT_Omaha.pdf,Omaha Public Schools,36,Part-time certificated staff with a .5 FTE or more are eligible to receive one-half personal leave benefits provided to full-time employees.,Part-time certificated staff with a .5 FTE or more,worker,worker,,False,active,rights_active,right,right,True,0.85,leave,True,
omaha_public_schools__2013_2014_master_agreement_omaha__fe2e1c57,2013-2014_MASTER_AGREEMENT_Omaha.pdf,Omaha Public Schools,36,Part-time certificated staff with a .5 FTE or more are eligible to receive one-half bereavement leave benefits provided to full-time employees.,Part-time certificated staff with a .5 FTE or more,worker,worker,,False,active,rights_active,right,right,True,0.85,leave,True,
omaha_public_schools__2013_2014_master_agreement_omaha__fe2e1c57,2013-2014_MASTER_AGREEMENT_Omaha.pdf,Omaha Public Schools,36,A classroom teacher who serves as a full-time dean of students in a secondary school shall be paid an additional ten (10) percent of the regular teaching salary.,A classroom teacher who serves as a full-time dean of students in a secondary school,management,worker,shall,False,passive,rights_passive,right,right,True,1.0,compensation,True,
omaha_public_schools__2013_2014_master_agreement_omaha__fe2e1c57,2013-2014_MASTER_AGREEMENT_Omaha.pdf,Omaha Public Schools,36,"Full-time deans of students are required to work 5,100 minutes (middle school and high school) beyond that of a regular teacher.",Full-time deans of students,worker,management,,False,active,obligation_verb,obligation,obligation,True,0.85,workload,True,
omaha_public_schools__2013_2014_master_agreement_omaha__fe2e1c57,2013-2014_MASTER_AGREEMENT_Omaha.pdf,Omaha Public Schools,36,Duties outside of the regular teacher’s duty day or year will be assigned by the principal in collaboration with the dean of students.,Duties outside of the regular teacher’s duty day or year,management,management,will,False,passive,plain,obligation,obligation,True,0.9,other,True,
omaha_public_schools__2013_2014_master_agreement_omaha__fe2e1c57,2013-2014_MASTER_AGREEMENT_Omaha.pdf,Omaha Public Schools,36,A classroom teacher who serves as a full-time curriculum specialist in a senior high school shall be paid an additional ten (10) percent of regular teaching salary.,A classroom teacher who serves as a full-time curriculum specialist in a senior high school,management,worker,shall,False,passive,rights_passive,right,right,True,1.0,compensation,True,
omaha_public_schools__2013_2014_master_agreement_omaha__fe2e1c57,2013-2014_MASTER_AGREEMENT_Omaha.pdf,Omaha Public Schools,36,Full-time curriculum specialists are required to work two weeks (ten working days) beyond that of a regular teacher,Full-time curriculum specialists,worker,management,,False,active,obligation_verb,obligation,obligation,True,0.85,workload,True,Extracted as independent clause joined by 'and'.
omaha_public_schools__2013_2014_master_agreement_omaha__fe2e1c57,2013-2014_MASTER_AGREEMENT_Omaha.pdf,Omaha Public Schools,36,will function within the job description on file in the Department of Human Resources.,[omitted],worker,management,will,False,active,plain,obligation,obligation,True,0.9,other,True,Extracted as independent clause joined by 'and'. Subject omitted/implied.
omaha_public_schools__2013_2014_master_agreement_omaha__fe2e1c57,2013-2014_MASTER_AGREEMENT_Omaha.pdf,Omaha Public Schools,36,six classes a day shall be the amount of work assigned to the regular classroom teacher.,six classes a day,other,worker,shall,False,active,plain,obligation,obligation,True,1.0,workload,True,Inanimate subject.
omaha_public_schools__2013_2014_master_agreement_omaha__fe2e1c57,2013-2014_MASTER_AGREEMENT_Omaha.pdf,Omaha Public Schools,37,A classroom teacher who serves as a facilitator shall be paid according to the teachers’ salary schedule.,A classroom teacher who serves as a facilitator,worker,worker,shall,False,active,rights_passive,right,right,True,1.0,compensation,True,
omaha_public_schools__2013_2014_master_agreement_omaha__fe2e1c57,2013-2014_MASTER_AGREEMENT_Omaha.pdf,Omaha Public Schools,37,A regular classroom teacher who temporarily teaches one extra period and loses preparation/conference/planning time because a substitute teacher is not available shall be paid .0008 times the Extra Duty Base per hour.,A regular classroom teacher who temporarily teaches one extra period and loses preparation/conference/planning time because a substitute teacher is not available,worker,worker,shall,False,active,rights_passive,right,right,True,1.0,compensation,True,
omaha_public_schools__2013_2014_master_agreement_omaha__fe2e1c57,2013-2014_MASTER_AGREEMENT_Omaha.pdf,Omaha Public Schools,37,A regular classroom teacher who teaches one extra period for a semester shall be paid .00095 times the Extra Duty Base per hour.,A regular classroom teacher who teaches one extra period for a semester,worker,worker,shall,False,active,rights_passive,right,right,True,1.0,compensation,True,
omaha_public_schools__2013_2014_master_agreement_omaha__fe2e1c57,2013-2014_MASTER_AGREEMENT_Omaha.pdf,Omaha Public Schools,37,"A staff may collaboratively decide to engage in professional consultations which include team reflections on teaching strategies and student achievement, during portion of said plan time.",A staff,worker,worker,may,False,active,plain,permission,permission,True,0.3,professional_development,True,
omaha_public_schools__2013_2014_master_agreement_omaha__fe2e1c57,2013-2014_MASTER_AGREEMENT_Omaha.pdf,Omaha Public Schools,37,"No meetings, inservices or activities required by the administration can occur during plan time.","No meetings, inservices or activities required by the administration",other,worker,can,True,active,plain,prohibition,prohibition,True,0.3,workload,True,Subject is an inanimate event/object.
omaha_public_schools__2013_2014_master_agreement_omaha__fe2e1c57,2013-2014_MASTER_AGREEMENT_Omaha.pdf,Omaha Public Schools,37,"In the event an elementary classroom teacher/art, library science, physical education, instrumental or vocal music specialist loses preparation/ conference/planning time because the assigned travel specialist/substitute teacher is absent or assigned noninstructional duties, the building principal shall work with the faculty to develop a fair and equitable procedure for the recovery of lost preparation/conference/planning time.",the building principal,management,worker,shall,False,active,plain,obligation,obligation,True,1.0,workload,True,Long conditional clause; operative verb targets principal.
omaha_public_schools__2013_2014_master_agreement_omaha__fe2e1c57,2013-2014_MASTER_AGREEMENT_Omaha.pdf,Omaha Public Schools,37,"If such recovery is determined to be impossible, the teacher shall be paid .0008 times the Extra Duty Base per hour (24.80 for 2013-14).",the teacher,management,worker,shall,False,passive,rights_passive,right,right,True,1.0,compensation,True,Passive construction; implicit actor is management/district.
omaha_public_schools__2013_2014_master_agreement_omaha__fe2e1c57,2013-2014_MASTER_AGREEMENT_Omaha.pdf,Omaha Public Schools,37,"If it becomes necessary to temporarily assign students to other classes because a substitute teacher is not available, the teacher receiving the additional students shall be paid a proportion of .00095 times the Extra Duty Base per hour ($29.45 for 2013-14).",the teacher receiving the additional students,management,worker,shall,False,passive,rights_passive,right,right,True,1.0,compensation,True,Passive construction; implicit actor is management/district.
omaha_public_schools__2013_2014_master_agreement_omaha__fe2e1c57,2013-2014_MASTER_AGREEMENT_Omaha.pdf,Omaha Public Schools,37,"In middle and senior high schools, and secondary alternative education programs where the class schedule is based upon six 60-minute periods, five classes a day shall be the amount of work assigned to the regular classroom teacher.",five classes a day,other,worker,shall,False,active,plain,obligation,obligation,True,1.0,workload,True,Standard-setting/classificatory clause defining expected workload.
omaha_public_schools__2013_2014_master_agreement_omaha__fe2e1c57,2013-2014_MASTER_AGREEMENT_Omaha.pdf,Omaha Public Schools,38,The proportion shall be based on the number of teachers receiving additional students from the absent teacher's class and the number of minutes the receiving teacher was responsible for those students.,The proportion,other,worker,shall,False,active,plain,obligation,obligation,True,1.0,compensation,True,
omaha_public_schools__2013_2014_master_agreement_omaha__fe2e1c57,2013-2014_MASTER_AGREEMENT_Omaha.pdf,Omaha Public Schools,38,"In middle and senior high schools, and secondary alternative education programs where the class schedule is based upon eight 45-minute periods, six classes a day shall be the amount of work assigned to the regular classroom teacher.",six classes a day,other,worker,shall,False,active,plain,obligation,obligation,True,1.0,workload,True,
omaha_public_schools__2013_2014_master_agreement_omaha__fe2e1c57,2013-2014_MASTER_AGREEMENT_Omaha.pdf,Omaha Public Schools,38,"In schools with advisor/advisee programs, the length of regular class periods will be adjusted to reflect the length of the advisor/advisee session.",the length of regular class periods,management,management,will,False,passive,plain,obligation,obligation,True,0.9,other,True,Implicit agent is management.
omaha_public_schools__2013_2014_master_agreement_omaha__fe2e1c57,2013-2014_MASTER_AGREEMENT_Omaha.pdf,Omaha Public Schools,38,"In middle and high schools, and secondary alternative education programs where the class schedule is based upon four 90 minute periods, three classes a day shall be the amount of work assigned to the regular classroom teacher.",three classes a day,other,worker,shall,False,active,plain,obligation,obligation,True,1.0,workload,True,
omaha_public_schools__2013_2014_master_agreement_omaha__fe2e1c57,2013-2014_MASTER_AGREEMENT_Omaha.pdf,Omaha Public Schools,39,three classes a day shall be the amount of work assigned to the regular classroom teacher.,three classes a day,other,worker,shall,False,active,plain,obligation,obligation,True,1.0,workload,True,
omaha_public_schools__2013_2014_master_agreement_omaha__fe2e1c57,2013-2014_MASTER_AGREEMENT_Omaha.pdf,Omaha Public Schools,39,A regular classroom teacher who temporarily teaches one extra period and loses preparation/conference/planning time because a substitute teacher is not available shall be paid .0008 times the Extra Duty Base per house.,A regular classroom teacher who temporarily teaches one extra period and loses preparation/conference/planning time because a substitute teacher is not available,worker,worker,shall,False,passive,rights_passive,right,right,True,1.0,compensation,True,
omaha_public_schools__2013_2014_master_agreement_omaha__fe2e1c57,2013-2014_MASTER_AGREEMENT_Omaha.pdf,Omaha Public Schools,39,A regular classroom teacher who teaches one extra period for a semester shall be .00095 times the Extra Duty Base per hour.,A regular classroom teacher who teaches one extra period for a semester,worker,worker,shall,False,active,plain,obligation,right,False,1.0,compensation,True,
omaha_public_schools__2013_2014_master_agreement_omaha__fe2e1c57,2013-2014_MASTER_AGREEMENT_Omaha.pdf,Omaha Public Schools,39,"Each high school will receive the equivalent of 28% of the Extra Duty Base ($8,680 for 2013-14) for remuneration to Athletic Director Aide(s).",Each high school,management,worker,will,False,active,rights_active,right,right,True,0.9,compensation,True,
omaha_public_schools__2013_2014_master_agreement_omaha__fe2e1c57,2013-2014_MASTER_AGREEMENT_Omaha.pdf,Omaha Public Schools,39,The amount of money may be distributed to one or more people.,The amount of money,other,worker,may,False,passive,plain,permission,permission,True,0.3,compensation,True,
omaha_public_schools__2013_2014_master_agreement_omaha__fe2e1c57,2013-2014_MASTER_AGREEMENT_Omaha.pdf,Omaha Public Schools,39,Additional coaching positions per school must be approved by the Department of Curriculum and Learning.,Additional coaching positions per school,management,management,must,False,passive,plain,obligation,obligation,True,1.0,other,True,
omaha_public_schools__2013_2014_master_agreement_omaha__fe2e1c57,2013-2014_MASTER_AGREEMENT_Omaha.pdf,Omaha Public Schools,40,Certified athletic trainers shall be provided at high school sports programs.,Certified athletic trainers,management,worker,shall,False,passive,rights_passive,right,obligation,False,1.0,safety_and_working_conditions,True,
omaha_public_schools__2013_2014_master_agreement_omaha__fe2e1c57,2013-2014_MASTER_AGREEMENT_Omaha.pdf,Omaha Public Schools,40,"the trainer will be paid 15% times the Extra Duty Base per athletic season (those sports conducted during the fall, winter, and spring seasons).",the trainer,management,worker,will,False,passive,rights_passive,right,right,True,0.9,compensation,True,
omaha_public_schools__2013_2014_master_agreement_omaha__fe2e1c57,2013-2014_MASTER_AGREEMENT_Omaha.pdf,Omaha Public Schools,41,Junior High/Middle Level Assistant Coach Positions (Boys and Girls) will be compensated at 4.25%.,Junior High/Middle Level Assistant Coach Positions (Boys and Girls),management,worker,will,False,passive,rights_passive,right,right,True,0.9,compensation,True,
omaha_public_schools__2013_2014_master_agreement_omaha__fe2e1c57,2013-2014_MASTER_AGREEMENT_Omaha.pdf,Omaha Public Schools,41,Assistant Coaching Positions for middle school sports will be determined as needed on a school-by-school basis by the Department of Curriculum and Learning.,Assistant Coaching Positions for middle school sports,management,management,will,False,passive,plain,obligation,obligation,True,0.9,other,True,
omaha_public_schools__2013_2014_master_agreement_omaha__fe2e1c57,2013-2014_MASTER_AGREEMENT_Omaha.pdf,Omaha Public Schools,41,"The pay per intramural unit at the middle level, junior and senior high schools shall be 1.5% of Extra Duty Base ($465.00 for 2013-14).","The pay per intramural unit at the middle level, junior and senior high schools",management,worker,shall,False,active,plain,obligation,obligation,True,1.0,compensation,True,
omaha_public_schools__2013_2014_master_agreement_omaha__fe2e1c57,2013-2014_MASTER_AGREEMENT_Omaha.pdf,Omaha Public Schools,41,An additional $100.00 per activity will be included for staff members with more than five (5) years of OPS experience in the designated fine arts area,An additional $100.00 per activity,management,worker,will,False,passive,plain,obligation,obligation,True,0.9,compensation,True,
omaha_public_schools__2013_2014_master_agreement_omaha__fe2e1c57,2013-2014_MASTER_AGREEMENT_Omaha.pdf,Omaha Public Schools,41,$150.00 will be added for staff with more than ten (10) years of OPS experience in the designated fine arts area.,$150.00,management,worker,will,False,passive,plain,obligation,obligation,True,0.9,compensation,True,
omaha_public_schools__2013_2014_master_agreement_omaha__fe2e1c57,2013-2014_MASTER_AGREEMENT_Omaha.pdf,Omaha Public Schools,42,An additional $100.00 per activity will be included for staff members with more than five (5) years of OPS experience in the designated area,An additional $100.00 per activity,other,worker,will,False,passive,plain,obligation,obligation,True,0.9,compensation,True,
omaha_public_schools__2013_2014_master_agreement_omaha__fe2e1c57,2013-2014_MASTER_AGREEMENT_Omaha.pdf,Omaha Public Schools,42,$150.00 will be added for staff with more than ten (10) years of OPS experience in the designated area.,$150.00,other,worker,will,False,passive,plain,obligation,obligation,True,0.9,compensation,True,
omaha_public_schools__2013_2014_master_agreement_omaha__fe2e1c57,2013-2014_MASTER_AGREEMENT_Omaha.pdf,Omaha Public Schools,42,supervisory extra duty pay shall be provided.,supervisory extra duty pay,management,worker,shall,False,passive,rights_passive,right,obligation,False,1.0,compensation,True,
omaha_public_schools__2013_2014_master_agreement_omaha__fe2e1c57,2013-2014_MASTER_AGREEMENT_Omaha.pdf,Omaha Public Schools,42,"School activities and other functions may be staffed and operated on a voluntary basis, however.",School activities and other functions,management,worker,may,False,passive,plain,permission,permission,True,0.3,workload,True,
omaha_public_schools__2013_2014_master_agreement_omaha__fe2e1c57,2013-2014_MASTER_AGREEMENT_Omaha.pdf,Omaha Public Schools,42,"Teachers who supervise after school activities, as defined by the Policies and Regulations of the School District of Omaha, shall receive .0005 times the Extra Duty Base (rounded to the nearest 25 cents) per hour ($15.50 for 2013-14).","Teachers who supervise after school activities, as defined by the Policies and Regulations of the School District of Omaha",worker,worker,shall,False,active,rights_active,right,right,True,1.0,compensation,True,
omaha_public_schools__2013_2014_master_agreement_omaha__fe2e1c57,2013-2014_MASTER_AGREEMENT_Omaha.pdf,Omaha Public Schools,42,"Pay for supervision at athletic events, middle level, junior or senior high, shall be limited to approved activities with specific quotas in terms of Board subsidization.","Pay for supervision at athletic events, middle level, junior or senior high",management,worker,shall,False,passive,plain,obligation,obligation,True,1.0,compensation,True,
omaha_public_schools__2013_2014_master_agreement_omaha__fe2e1c57,2013-2014_MASTER_AGREEMENT_Omaha.pdf,Omaha Public Schools,44,No school time shall be allowed for any aspect of the activity.,No school time,management,worker,shall,True,passive,prohibition_verb,permission,prohibition,False,1.0,workload,True,
omaha_public_schools__2013_2014_master_agreement_omaha__fe2e1c57,2013-2014_MASTER_AGREEMENT_Omaha.pdf,Omaha Public Schools,44,An additional $100.00 per season will be included for staff members with more than five (5) years of OPS experience in the designated coaching area,An additional $100.00 per season,management,worker,will,False,passive,rights_passive,right,obligation,False,0.9,compensation,True,
omaha_public_schools__2013_2014_master_agreement_omaha__fe2e1c57,2013-2014_MASTER_AGREEMENT_Omaha.pdf,Omaha Public Schools,44,$150.00 will be added for staff with more than ten (10) years of OPS experience in the designated coaching area.,$150.00,management,worker,will,False,passive,rights_passive,right,obligation,False,0.9,compensation,True,
omaha_public_schools__2013_2014_master_agreement_omaha__fe2e1c57,2013-2014_MASTER_AGREEMENT_Omaha.pdf,Omaha Public Schools,44,coverage shall be mandatory.,coverage,management,management,shall,False,active,obligation_verb,obligation,obligation,True,1.0,benefits,True,
omaha_public_schools__2013_2014_master_agreement_omaha__fe2e1c57,2013-2014_MASTER_AGREEMENT_Omaha.pdf,Omaha Public Schools,44,"The School District shall pay the equivalent of 100% of the employee premium under an employee Preferred Provider Organization Group Hospital-Surgical-Major Medical Insurance Plan, approved by the Board of Education for all full-time employees who have been with the School District of Omaha for 30 calendar days.",The School District,management,worker,shall,False,active,plain,obligation,obligation,True,1.0,benefits,True,
omaha_public_schools__2013_2014_master_agreement_omaha__fe2e1c57,2013-2014_MASTER_AGREEMENT_Omaha.pdf,Omaha Public Schools,44,a new employee shall be eligible to enroll for additional term life insurance with the employee paying the entire cost.,a new employee,worker,worker,shall,False,active,plain,obligation,right,False,1.0,benefits,True,
omaha_public_schools__2013_2014_master_agreement_omaha__fe2e1c57,2013-2014_MASTER_AGREEMENT_Omaha.pdf,Omaha Public Schools,44,"No evidence of insurability will be required if enrollment is completed during this initial month of employment, or within 31 days of the date of eligibility.",No evidence of insurability,other,worker,will,True,passive,prohibition_verb,permission,right,False,0.9,benefits,True,
omaha_public_schools__2013_2014_master_agreement_omaha__fe2e1c57,2013-2014_MASTER_AGREEMENT_Omaha.pdf,Omaha Public Schools,44,"Effective September 1, 2006, the School District shall pay the equivalent of 60% of the dependent premium under an Employee Preferred Provider Organization Group Hospital-Surgical-Major Medical Insurance Plan approved by the Board of Education for all full-time employees who have been with the School District of Omaha a",the School District,management,worker,shall,False,active,plain,obligation,obligation,True,1.0,benefits,True,Truncated at end of chunk
omaha_public_schools__2013_2014_master_agreement_omaha__fe2e1c57,2013-2014_MASTER_AGREEMENT_Omaha.pdf,Omaha Public Schools,44,the employee will be required to complete a health statement.,the employee,worker,management,will,False,passive,obligation_verb,obligation,obligation,True,0.9,benefits,True,
omaha_public_schools__2013_2014_master_agreement_omaha__fe2e1c57,2013-2014_MASTER_AGREEMENT_Omaha.pdf,Omaha Public Schools,44,The insurance company will review the health information,The insurance company,other,management,will,False,active,plain,obligation,obligation,True,0.9,benefits,True,Split from conjunction 'and'
omaha_public_schools__2013_2014_master_agreement_omaha__fe2e1c57,2013-2014_MASTER_AGREEMENT_Omaha.pdf,Omaha Public Schools,44,reserves the right to accept or reject the applicant.,The insurance company,other,management,,False,active,plain,other,right,False,0.0,benefits,True,Coordinated clause with omitted subject
omaha_public_schools__2013_2014_master_agreement_omaha__fe2e1c57,2013-2014_MASTER_AGREEMENT_Omaha.pdf,Omaha Public Schools,45,"In the event of termination of employment of the employee, the employee may convert the voluntary term life insurance on the same basis as the basic group life insurance plan.",the employee,worker,worker,may,False,active,plain,permission,right,False,0.3,benefits,True,
omaha_public_schools__2013_2014_master_agreement_omaha__fe2e1c57,2013-2014_MASTER_AGREEMENT_Omaha.pdf,Omaha Public Schools,45,An employee who retires after completing all contractual obligations and who elects to begin his/her voluntary retirement before August 31 of the year of his/her retirement will continue to be covered by the health insurance program until August 31 of the year of retirement,An employee who retires after completing all contractual obligations and who elects to begin his/her voluntary retirement before August 31 of the year of his/her retirement,management,worker,will,False,passive,rights_passive,right,right,True,0.9,benefits,True,
omaha_public_schools__2013_2014_master_agreement_omaha__fe2e1c57,2013-2014_MASTER_AGREEMENT_Omaha.pdf,Omaha Public Schools,45,and the premiums will be paid in the same manner that they were paid prior to taking voluntary retirement.,the premiums,other,management,will,False,passive,rights_passive,right,obligation,False,0.9,benefits,True,
omaha_public_schools__2013_2014_master_agreement_omaha__fe2e1c57,2013-2014_MASTER_AGREEMENT_Omaha.pdf,Omaha Public Schools,45,An employee who retires after completing all contractual obligations and who elects to begin his/her voluntary retirement before August 31 of the year of his/her retirement will continue to be covered by the group term life insurance program until August 31 of the year of retirement,An employee who retires after completing all contractual obligations and who elects to begin his/her voluntary retirement before August 31 of the year of his/her retirement,management,worker,will,False,passive,rights_passive,right,right,True,0.9,benefits,True,
omaha_public_schools__2013_2014_master_agreement_omaha__fe2e1c57,2013-2014_MASTER_AGREEMENT_Omaha.pdf,Omaha Public Schools,46,the Board of Education will study and analyze health and accident insurance programs from other qualified carriers.,the Board of Education,management,management,will,False,active,plain,obligation,obligation,True,0.9,benefits,True,
omaha_public_schools__2013_2014_master_agreement_omaha__fe2e1c57,2013-2014_MASTER_AGREEMENT_Omaha.pdf,Omaha Public Schools,46,The Board of Education will inform the Association of progress on the study.,The Board of Education,management,worker,will,False,active,plain,obligation,obligation,True,0.9,benefits,True,
omaha_public_schools__2013_2014_master_agreement_omaha__fe2e1c57,2013-2014_MASTER_AGREEMENT_Omaha.pdf,Omaha Public Schools,46,Association leadership will be extended the opportunity to discuss available program alternatives prior to any decision to change insurers.,Association leadership,management,worker,will,False,passive,rights_passive,right,right,True,0.9,benefits,True,
omaha_public_schools__2013_2014_master_agreement_omaha__fe2e1c57,2013-2014_MASTER_AGREEMENT_Omaha.pdf,Omaha Public Schools,46,The Board of Education will not change the carrier unless current employee coverage can be maintained or improved for similar or less cost than that charged by the present insurer for the time period this agreement is in force.,The Board of Education,management,worker,will,True,active,plain,prohibition,prohibition,True,0.9,benefits,True,
omaha_public_schools__2013_2014_master_agreement_omaha__fe2e1c57,2013-2014_MASTER_AGREEMENT_Omaha.pdf,Omaha Public Schools,46,The School District of Omaha shall provide long-term disability benefits for full-time employees incurring long illness.,The School District of Omaha,management,worker,shall,False,active,plain,obligation,obligation,True,1.0,benefits,True,
omaha_public_schools__2013_2014_master_agreement_omaha__fe2e1c57,2013-2014_MASTER_AGREEMENT_Omaha.pdf,Omaha Public Schools,47,Any subsequent changes in the Social Security Law which result in an increase in Social Security benefits shall not be used to reduce the amount of Monthly Indemnity Benefit under the Long-Term Disability Plan.,Any subsequent changes in the Social Security Law which result in an increase in Social Security benefits,management,worker,shall,True,passive,plain,prohibition,prohibition,True,1.0,benefits,True,
omaha_public_schools__2013_2014_master_agreement_omaha__fe2e1c57,2013-2014_MASTER_AGREEMENT_Omaha.pdf,Omaha Public Schools,47,"The School District of Omaha shall provide group term life insurance for full-time employees in the amount of $25,000.",The School District of Omaha,management,worker,shall,False,active,plain,obligation,obligation,True,1.0,benefits,True,
omaha_public_schools__2013_2014_master_agreement_omaha__fe2e1c57,2013-2014_MASTER_AGREEMENT_Omaha.pdf,Omaha Public Schools,47,Premiums will be paid through payroll deductions.,Premiums,management,management,will,False,passive,rights_passive,right,obligation,False,0.9,benefits,True,
omaha_public_schools__2013_2014_master_agreement_omaha__fe2e1c57,2013-2014_MASTER_AGREEMENT_Omaha.pdf,Omaha Public Schools,47,"The employee may choose an additional $12,500, $25,000, $50,000, $75,000, $100,000, $150,000 or $200,000 of coverage.",The employee,worker,worker,may,False,active,plain,permission,right,False,0.3,benefits,True,
omaha_public_schools__2013_2014_master_agreement_omaha__fe2e1c57,2013-2014_MASTER_AGREEMENT_Omaha.pdf,Omaha Public Schools,47,"Any change in dependent status after the date of the initial disability award will be considered in the computation of Social Security benefits payable,",Any change in dependent status after the date of the initial disability award,management,management,will,False,passive,plain,obligation,obligation,True,0.9,benefits,True,
omaha_public_schools__2013_2014_master_agreement_omaha__fe2e1c57,2013-2014_MASTER_AGREEMENT_Omaha.pdf,Omaha Public Schools,47,and the Monthly Indemnity Benefit payable under the Long-Term Disability Plan will be adjusted accordingly.,the Monthly Indemnity Benefit payable under the Long-Term Disability Plan,management,management,will,False,passive,plain,obligation,obligation,True,0.9,benefits,True,
omaha_public_schools__2013_2014_master_agreement_omaha__fe2e1c57,2013-2014_MASTER_AGREEMENT_Omaha.pdf,Omaha Public Schools,47,"Employees who are disabled are allowed to continue participation in the Board of Education group hospitalization, surgical and major medical program for three months following the expiration of sick leave at Board of Education expense.",Employees who are disabled,worker,worker,,False,passive,permission_verb,permission,right,False,0.85,benefits,True,
omaha_public_schools__2013_2014_master_agreement_omaha__fe2e1c57,2013-2014_MASTER_AGREEMENT_Omaha.pdf,Omaha Public Schools,47,"An employee who elects to receive health and/or life insurance coverage which requires premiums to be paid by the employee shall pay any required premiums pursuant to a salary reduction agreement under the School District's Flexible Benefit Plan in order for such premiums to be excluded from the employee's income and social security tax base and, accordingly, paid by the employee on a pre-tax basis.",An employee who elects to receive health and/or life insurance coverage which requires premiums to be paid by the employee,worker,worker,shall,False,active,plain,obligation,obligation,True,1.0,benefits,True,
omaha_public_schools__2013_2014_master_agreement_omaha__fe2e1c57,2013-2014_MASTER_AGREEMENT_Omaha.pdf,Omaha Public Schools,47,Employees subject to the foregoing requirement shall execute any documents or agreements required by the School District,Employees subject to the foregoing requirement,worker,management,shall,False,active,plain,obligation,obligation,True,1.0,benefits,True,Truncated at end of chunk.
omaha_public_schools__2013_2014_master_agreement_omaha__fe2e1c57,2013-2014_MASTER_AGREEMENT_Omaha.pdf,Omaha Public Schools,48,Employees subject to the foregoing requirement shall execute any documents or agreements required by the School District as Administrator of the Flexible Benefit Plan to effectuate the employee's election and agreement to pay his or her required premiums for group health and/or life insurance on a pre-tax basis under the Flexible Benefit Plan.,Employees subject to the foregoing requirement,worker,management,shall,False,active,plain,obligation,obligation,True,1.0,benefits,True,
omaha_public_schools__2013_2014_master_agreement_omaha__fe2e1c57,2013-2014_MASTER_AGREEMENT_Omaha.pdf,Omaha Public Schools,48,Any employee who fails to file the required salary reduction agreement shall be deemed to have elected under the Flexible Benefit Plan to pay the required premiums for the health and/or life insurance coverage for the employee and his or her dependents through a reduction in salary,Any employee who fails to file the required salary reduction agreement,management,management,shall,False,passive,plain,obligation,obligation,True,1.0,benefits,True,Split from compound sentence; passive voice implies management as implicit agent.
omaha_public_schools__2013_2014_master_agreement_omaha__fe2e1c57,2013-2014_MASTER_AGREEMENT_Omaha.pdf,Omaha Public Schools,48,the School District shall be authorized to reduce and withhold the required premiums from the employee's salary as a pre-tax contribution to the Flexible Benefit Plan.,the School District,management,management,shall,False,passive,permission_verb,permission,permission,True,1.0,benefits,True,Split from compound sentence; passive voice.
omaha_public_schools__2013_2014_master_agreement_omaha__fe2e1c57,2013-2014_MASTER_AGREEMENT_Omaha.pdf,Omaha Public Schools,48,"Certificated employees participating in the program relinquish all tenure, contract or other employment rights with the School District.",Certificated employees participating in the program,worker,management,,False,active,plain,other,other,True,0.0,job_security,True,
omaha_public_schools__2013_2014_master_agreement_omaha__fe2e1c57,2013-2014_MASTER_AGREEMENT_Omaha.pdf,Omaha Public Schools,48,Certificated employees receiving long-term disability benefits are not eligible to participate in this program.,Certificated employees receiving long-term disability benefits,worker,management,,True,active,plain,prohibition,prohibition,True,0.0,benefits,True,
omaha_public_schools__2013_2014_master_agreement_omaha__fe2e1c57,2013-2014_MASTER_AGREEMENT_Omaha.pdf,Omaha Public Schools,48,A certificated employee is not eligible to participate in the program if his or her employment is terminated by the District pursuant to Nebraska law for any reason other than a reduction in force.,A certificated employee,worker,management,,True,active,plain,prohibition,prohibition,True,0.0,benefits,True,
omaha_public_schools__2013_2014_master_agreement_omaha__fe2e1c57,2013-2014_MASTER_AGREEMENT_Omaha.pdf,Omaha Public Schools,48,A certificated employee's entrance into the program must coincide with the beginning of the next school year.,A certificated employee's entrance into the program,other,management,must,False,active,plain,obligation,obligation,True,1.0,benefits,True,Inanimate subject.
omaha_public_schools__2013_2014_master_agreement_omaha__fe2e1c57,2013-2014_MASTER_AGREEMENT_Omaha.pdf,Omaha Public Schools,48,"Full-time certificated employees, upon written application and approval of the Superintendent of Schools and the Board of Education may participate in the Early Leaving Incentive Program.",Full-time certificated employees,worker,worker,may,False,active,plain,permission,permission,True,0.3,benefits,True,
omaha_public_schools__2013_2014_master_agreement_omaha__fe2e1c57,2013-2014_MASTER_AGREEMENT_Omaha.pdf,Omaha Public Schools,48,The program will be analyzed and evaluated annually for possible modification or termination.,The program,other,management,will,False,passive,plain,obligation,obligation,True,0.9,other,True,Inanimate subject.
omaha_public_schools__2013_2014_master_agreement_omaha__fe2e1c57,2013-2014_MASTER_AGREEMENT_Omaha.pdf,Omaha Public Schools,48,Modifications or termination shall not affect employees previously participating in the program.,Modifications or termination,other,worker,shall,True,active,plain,prohibition,prohibition,True,1.0,benefits,True,Inanimate subject.
omaha_public_schools__2013_2014_master_agreement_omaha__fe2e1c57,2013-2014_MASTER_AGREEMENT_Omaha.pdf,Omaha Public Schools,49,"A certificated employee electing to participate in the program may have the option to continue participation in the hospitalization, surgical, and major medical and life insurance programs of the School District",A certificated employee electing to participate in the program,worker,worker,may,False,active,permission_verb,permission,permission,True,0.3,benefits,True,
omaha_public_schools__2013_2014_master_agreement_omaha__fe2e1c57,2013-2014_MASTER_AGREEMENT_Omaha.pdf,Omaha Public Schools,49,the premiums shall be paid by the employee.,the premiums,worker,management,shall,False,passive,rights_passive,right,obligation,False,1.0,benefits,True,
omaha_public_schools__2013_2014_master_agreement_omaha__fe2e1c57,2013-2014_MASTER_AGREEMENT_Omaha.pdf,Omaha Public Schools,50,the Omaha Education Association and the Omaha Public Schools Board of Education will re-open the Master Agreement,the Omaha Education Association and the Omaha Public Schools Board of Education,other,management,will,False,active,plain,obligation,obligation,True,0.9,other,True,
omaha_public_schools__2013_2014_master_agreement_omaha__fe2e1c57,2013-2014_MASTER_AGREEMENT_Omaha.pdf,Omaha Public Schools,50,enter into negotiations to discuss any conflicts with the terms and conditions of this agreement caused by any decision of a court that has jurisdiction over Omaha Public Schools and its employees.,The Omaha Education Association and the Omaha Public Schools Board of Education,other,management,will,False,active,plain,obligation,obligation,True,0.9,other,True,elliptical subject
omaha_public_schools__2013_2014_master_agreement_omaha__fe2e1c57,2013-2014_MASTER_AGREEMENT_Omaha.pdf,Omaha Public Schools,50,Absence from work will be allowed so that the employee may have four consecutive workdays following the death of an immediate relative without loss of pay.,Absence from work,management,worker,will,False,passive,permission_verb,permission,permission,True,0.9,leave,True,passive; implicit agent is management
omaha_public_schools__2013_2014_master_agreement_omaha__fe2e1c57,2013-2014_MASTER_AGREEMENT_Omaha.pdf,Omaha Public Schools,50,Bereavement leave must begin no later than five days following the death of the immediate relative.,Bereavement leave,other,management,must,False,active,plain,obligation,obligation,True,1.0,leave,True,"""no later than"" is an affirmative floor, not negation"
omaha_public_schools__2013_2014_master_agreement_omaha__fe2e1c57,2013-2014_MASTER_AGREEMENT_Omaha.pdf,Omaha Public Schools,50,Employees who are required to travel a minimum of two hundred miles (200) one way to attend the funeral of an immediate relative will be granted an additional day of leave.,Employees who are required to travel a minimum of two hundred miles (200) one way to attend the funeral of an immediate relative,management,worker,will,False,passive,rights_passive,right,right,True,0.9,leave,True,passive; implicit agent is management
omaha_public_schools__2013_2014_master_agreement_omaha__fe2e1c57,2013-2014_MASTER_AGREEMENT_Omaha.pdf,Omaha Public Schools,50,an employee may be allowed a maximum of one day's absence without loss of pay.,an employee,management,worker,may,False,passive,permission_verb,permission,permission,True,0.3,leave,True,passive; implicit agent is management
omaha_public_schools__2013_2014_master_agreement_omaha__fe2e1c57,2013-2014_MASTER_AGREEMENT_Omaha.pdf,Omaha Public Schools,51,"For the purpose of attending the funeral of any other near relative, an employee may be allowed a maximum of one day's absence without loss of pay.",an employee,management,worker,may,False,passive,permission_verb,permission,permission,True,0.3,leave,True,
omaha_public_schools__2013_2014_master_agreement_omaha__fe2e1c57,2013-2014_MASTER_AGREEMENT_Omaha.pdf,Omaha Public Schools,51,Employees who must travel a minimum of 200 miles one way will be granted an additional day of leave.,Employees who must travel a minimum of 200 miles one way,management,worker,will,False,passive,rights_passive,right,right,True,0.9,leave,True,
omaha_public_schools__2013_2014_master_agreement_omaha__fe2e1c57,2013-2014_MASTER_AGREEMENT_Omaha.pdf,Omaha Public Schools,51,"Covered employees (classroom teachers, nurses, teacher leaders, helping and lead teachers, and psychologists) may be excused for professional purposes without loss of pay upon written application to the Superintendent of Schools or the Superintendent's designee.","Covered employees (classroom teachers, nurses, teacher leaders, helping and lead teachers, and psychologists)",management,worker,may,False,passive,rights_passive,right,permission,False,0.3,leave,True,
omaha_public_schools__2013_2014_master_agreement_omaha__fe2e1c57,2013-2014_MASTER_AGREEMENT_Omaha.pdf,Omaha Public Schools,51,"All absence for professional reasons, that is those reasons which will benefit and promote the work of the Omaha schools, must be approved one week in advance before such absence may be granted.","All absence for professional reasons, that is those reasons which will benefit and promote the work of the Omaha schools",management,management,must,False,passive,obligation_verb,obligation,obligation,True,1.0,leave,True,
omaha_public_schools__2013_2014_master_agreement_omaha__fe2e1c57,2013-2014_MASTER_AGREEMENT_Omaha.pdf,Omaha Public Schools,51,"The central office must also grant permission for such absence in writing,",The central office,management,management,must,False,active,obligation_verb,obligation,obligation,True,1.0,leave,True,
omaha_public_schools__2013_2014_master_agreement_omaha__fe2e1c57,2013-2014_MASTER_AGREEMENT_Omaha.pdf,Omaha Public Schools,51,and notation of this fact must be made on the payroll by the certifying person.,notation of this fact,management,management,must,False,passive,obligation_verb,obligation,obligation,True,1.0,other,True,
omaha_public_schools__2013_2014_master_agreement_omaha__fe2e1c57,2013-2014_MASTER_AGREEMENT_Omaha.pdf,Omaha Public Schools,51,Substitute teachers may be provided at Board expense for such approved absences.,Substitute teachers,management,management,may,False,passive,rights_passive,right,permission,False,0.3,other,True,
omaha_public_schools__2013_2014_master_agreement_omaha__fe2e1c57,2013-2014_MASTER_AGREEMENT_Omaha.pdf,Omaha Public Schools,51,"Upon recommendation of the Superintendent of Schools, professional staff may be reimbursed for approved attendance at such professional meetings out of Board of Education funds.",professional staff,management,worker,may,False,passive,rights_passive,right,permission,False,0.3,professional_development,True,
omaha_public_schools__2013_2014_master_agreement_omaha__fe2e1c57,2013-2014_MASTER_AGREEMENT_Omaha.pdf,Omaha Public Schools,51,"For budgetary purposes, as much planning as possible should be made one year in advance.",as much planning as possible,management,management,should,False,passive,obligation_verb,obligation,obligation,True,0.7,other,True,
omaha_public_schools__2013_2014_master_agreement_omaha__fe2e1c57,2013-2014_MASTER_AGREEMENT_Omaha.pdf,Omaha Public Schools,51,"Upon application to the Superintendent, a leave without pay shall be granted to one parent for reasons of adoption, biological childbirth, and/or the need to provide parental care for a child or children for an extended period of time subject to the following provisions:",a leave without pay,management,worker,shall,False,passive,rights_passive,right,right,True,1.0,leave,True,
omaha_public_schools__2013_2014_master_agreement_omaha__fe2e1c57,2013-2014_MASTER_AGREEMENT_Omaha.pdf,Omaha Public Schools,51,Leave will be granted for the total school year if the request is made prior to the opening of the school year.,Leave,management,worker,will,False,passive,rights_passive,right,right,True,0.9,leave,True,
omaha_public_schools__2013_2014_master_agreement_omaha__fe2e1c57,2013-2014_MASTER_AGREEMENT_Omaha.pdf,Omaha Public Schools,51,Requests must be made at least 30 days prior to the time teachers report for duty.,Requests,worker,management,must,False,passive,obligation_verb,obligation,obligation,True,1.0,leave,True,
omaha_public_schools__2013_2014_master_agreement_omaha__fe2e1c57,2013-2014_MASTER_AGREEMENT_Omaha.pdf,Omaha Public Schools,51,Leave will be granted for the remainder of the school year if the request is made during the school year.,Leave,management,worker,will,False,passive,rights_passive,right,obligation,False,0.9,leave,True,
omaha_public_schools__2013_2014_master_agreement_omaha__fe2e1c57,2013-2014_MASTER_AGREEMENT_Omaha.pdf,Omaha Public Schools,51,Leave renewal will be considered under individual extenuating circumstances which relate to the health or physical condition of the child.,Leave renewal,management,worker,will,False,passive,plain,obligation,obligation,True,0.9,leave,True,
omaha_public_schools__2013_2014_master_agreement_omaha__fe2e1c57,2013-2014_MASTER_AGREEMENT_Omaha.pdf,Omaha Public Schools,51,A supporting statement from a physician may be required.,A supporting statement from a physician,worker,management,may,False,passive,obligation_verb,obligation,obligation,True,0.3,leave,True,
omaha_public_schools__2013_2014_master_agreement_omaha__fe2e1c57,2013-2014_MASTER_AGREEMENT_Omaha.pdf,Omaha Public Schools,52,"use of sick leave shall be granted to one parent, not to exceed thirty working days",use of sick leave,management,worker,shall,False,passive,rights_passive,right,obligation,False,1.0,leave,True,
omaha_public_schools__2013_2014_master_agreement_omaha__fe2e1c57,2013-2014_MASTER_AGREEMENT_Omaha.pdf,Omaha Public Schools,52,The parent has the option to take a leave without pay for the balance of the school year in which the adoption is finalized.,The parent,worker,worker,,False,active,permission_verb,permission,permission,True,0.85,leave,True,
omaha_public_schools__2013_2014_master_agreement_omaha__fe2e1c57,2013-2014_MASTER_AGREEMENT_Omaha.pdf,Omaha Public Schools,52,The adoptive parents must choose between the use of sick leave or the unpaid extended leave for the remainder of the school year.,The adoptive parents,worker,management,must,False,active,obligation_verb,obligation,obligation,True,1.0,leave,True,
omaha_public_schools__2013_2014_master_agreement_omaha__fe2e1c57,2013-2014_MASTER_AGREEMENT_Omaha.pdf,Omaha Public Schools,52,This decision must be made at the time the application is filed.,This decision,worker,management,must,False,passive,obligation_verb,obligation,obligation,True,1.0,leave,True,
omaha_public_schools__2013_2014_master_agreement_omaha__fe2e1c57,2013-2014_MASTER_AGREEMENT_Omaha.pdf,Omaha Public Schools,52,"Personal leave may be granted to a maximum of two days per year, one day per semester for first year employees.",Personal leave,management,worker,may,False,passive,rights_passive,right,permission,False,0.3,leave,True,
omaha_public_schools__2013_2014_master_agreement_omaha__fe2e1c57,2013-2014_MASTER_AGREEMENT_Omaha.pdf,Omaha Public Schools,52,"Whenever possible, business transactions shall be scheduled after 3:00 p.m.",business transactions,management,worker,shall,False,passive,plain,obligation,obligation,True,1.0,workload,True,
omaha_public_schools__2013_2014_master_agreement_omaha__fe2e1c57,2013-2014_MASTER_AGREEMENT_Omaha.pdf,Omaha Public Schools,52,"At their discretion, principals are authorized to release teachers for such transactions which are similar to early release to attend meetings or university classes.",principals,management,worker,,False,active,permission_verb,permission,permission,True,0.85,leave,True,
omaha_public_schools__2013_2014_master_agreement_omaha__fe2e1c57,2013-2014_MASTER_AGREEMENT_Omaha.pdf,Omaha Public Schools,52,Personal leave may be granted in excess of two days,Personal leave,management,worker,may,False,passive,rights_passive,right,permission,False,0.3,leave,True,
omaha_public_schools__2013_2014_master_agreement_omaha__fe2e1c57,2013-2014_MASTER_AGREEMENT_Omaha.pdf,Omaha Public Schools,52,loss of full pay will be required commencing with the third day of such leave.,loss of full pay,management,management,will,False,passive,obligation_verb,obligation,obligation,True,0.9,leave,True,
omaha_public_schools__2013_2014_master_agreement_omaha__fe2e1c57,2013-2014_MASTER_AGREEMENT_Omaha.pdf,Omaha Public Schools,52,Personal leave cannot be requested during the first five student contact days or the last ten contracted days or on days immediately preceding or following a district observed federal or school holiday and/or recess period except for the following reasons,Personal leave,management,management,can,True,passive,prohibition_verb,permission,prohibition,False,0.3,leave,True,
omaha_public_schools__2013_2014_master_agreement_omaha__fe2e1c57,2013-2014_MASTER_AGREEMENT_Omaha.pdf,Omaha Public Schools,53,"A leave will be granted for an employee's wedding or a wedding of the parents, children, grandchildren, or brothers/sisters of an employee.",A leave,management,worker,will,False,passive,rights_passive,right,obligation,False,0.9,leave,True,
omaha_public_schools__2013_2014_master_agreement_omaha__fe2e1c57,2013-2014_MASTER_AGREEMENT_Omaha.pdf,Omaha Public Schools,53,Wedding leave must begin no later than two working days following the actual wedding day.,Wedding leave,management,management,must,False,active,plain,obligation,obligation,True,1.0,leave,True,
omaha_public_schools__2013_2014_master_agreement_omaha__fe2e1c57,2013-2014_MASTER_AGREEMENT_Omaha.pdf,Omaha Public Schools,53,Travel consecutive with the event will be allowed within the two-day personal leave provision.,Travel consecutive with the event,management,worker,will,False,passive,rights_passive,right,permission,False,0.9,leave,True,
omaha_public_schools__2013_2014_master_agreement_omaha__fe2e1c57,2013-2014_MASTER_AGREEMENT_Omaha.pdf,Omaha Public Schools,53,"After ten (10) creditable years of service and upon application to the Superintendent, a year's leave of absence without pay may be granted to an employee for any reason.",a year's leave of absence without pay,management,worker,may,False,passive,rights_passive,right,permission,False,0.3,leave,True,
omaha_public_schools__2013_2014_master_agreement_omaha__fe2e1c57,2013-2014_MASTER_AGREEMENT_Omaha.pdf,Omaha Public Schools,53,This leave may be extended for one year.,This leave,management,worker,may,False,passive,rights_passive,right,permission,False,0.3,leave,True,
omaha_public_schools__2013_2014_master_agreement_omaha__fe2e1c57,2013-2014_MASTER_AGREEMENT_Omaha.pdf,Omaha Public Schools,54,"After seven (7) years of service in the Omaha Public Schools, a professional employee upon written application and the approval of the Superintendent of Schools may be granted a year's leave of absence.",a professional employee upon written application and the approval of the Superintendent of Schools,management,worker,may,False,passive,rights_passive,right,permission,False,0.3,leave,True,
omaha_public_schools__2013_2014_master_agreement_omaha__fe2e1c57,2013-2014_MASTER_AGREEMENT_Omaha.pdf,Omaha Public Schools,54,Such a sabbatical must involve professional growth of the individual and to be in the interest of improved education in the School District of Omaha.,Such a sabbatical,other,management,must,False,active,plain,obligation,obligation,True,1.0,leave,True,awkward phrasing ('and to be'); inanimate subject
omaha_public_schools__2013_2014_master_agreement_omaha__fe2e1c57,2013-2014_MASTER_AGREEMENT_Omaha.pdf,Omaha Public Schools,54,Half pay will be granted upon guarantee that the employee will return to the school system for at least two years of service at the end of such leave of absence.,Half pay,management,worker,will,False,passive,rights_passive,right,obligation,False,0.9,leave,True,
omaha_public_schools__2013_2014_master_agreement_omaha__fe2e1c57,2013-2014_MASTER_AGREEMENT_Omaha.pdf,Omaha Public Schools,54,An employee on a leave of absence shall not receive credit toward advancement on the salary schedule,An employee on a leave of absence,worker,management,shall,True,active,rights_active,other,prohibition,False,0.0,compensation,True,
omaha_public_schools__2013_2014_master_agreement_omaha__fe2e1c57,2013-2014_MASTER_AGREEMENT_Omaha.pdf,Omaha Public Schools,54,"nor shall such time count as years of service for the purpose of acquiring continuing contract status, or sabbatical leave.",such time,other,management,shall,True,active,plain,prohibition,prohibition,True,1.0,job_security,True,joined by 'nor'; distributive negation from prior clause
omaha_public_schools__2013_2014_master_agreement_omaha__fe2e1c57,2013-2014_MASTER_AGREEMENT_Omaha.pdf,Omaha Public Schools,54,"At the employee's request, an employee on a leave of absence shall receive credit toward retirement as provided for in Section 79-990 of Nebraska State Statutes.",an employee on a leave of absence,worker,worker,shall,False,active,rights_active,right,right,True,1.0,benefits,True,
omaha_public_schools__2013_2014_master_agreement_omaha__fe2e1c57,2013-2014_MASTER_AGREEMENT_Omaha.pdf,Omaha Public Schools,54,The employee will retain the number of accumulated sick days held prior to the effective date of the leave.,The employee,worker,worker,will,False,active,plain,obligation,obligation,True,0.9,leave,True,
omaha_public_schools__2013_2014_master_agreement_omaha__fe2e1c57,2013-2014_MASTER_AGREEMENT_Omaha.pdf,Omaha Public Schools,55,"Whenever a first-year employee resigns within the first six months of employment, the employee is obligated to repay the amount of any sick leave benefit paid in excess of one day per month of actual employment.",the employee,worker,management,,False,active,obligation_verb,obligation,obligation,True,0.85,leave,True,
omaha_public_schools__2013_2014_master_agreement_omaha__fe2e1c57,2013-2014_MASTER_AGREEMENT_Omaha.pdf,Omaha Public Schools,55,"Beginning September 1, 1973, all full-time professional employees of the School District of Omaha shall be entitled to an annual sick leave allocation equal to one sick leave day per month of employment, with the total annual allocation being made available for use at the beginning of each fiscal year.",all full-time professional employees of the School District of Omaha,worker,worker,shall,False,active,rights_passive,right,right,True,1.0,leave,True,
omaha_public_schools__2013_2014_master_agreement_omaha__fe2e1c57,2013-2014_MASTER_AGREEMENT_Omaha.pdf,Omaha Public Schools,55,"Sick leave may be accumulated, based on the individual's annual allocation, to a maximum based on the following formula: number of contract days minus the number of paid vacation days multiplied by the ratio 90/190.",Sick leave,other,worker,may,False,passive,plain,permission,permission,True,0.3,leave,True,
omaha_public_schools__2013_2014_master_agreement_omaha__fe2e1c57,2013-2014_MASTER_AGREEMENT_Omaha.pdf,Omaha Public Schools,55,Eight (8) days per year of the employee's accumulated sick leave may be used for the illness of an immediate family member.,Eight (8) days per year of the employee's accumulated sick leave,other,worker,may,False,passive,plain,permission,permission,True,0.3,leave,True,
omaha_public_schools__2013_2014_master_agreement_omaha__fe2e1c57,2013-2014_MASTER_AGREEMENT_Omaha.pdf,Omaha Public Schools,56,"Any employee with accrued sick leave of at least 90 days on September 1, 1976, and each September 1 thereafter, shall be entitled, following the use of sick leave subsequent to that use, to accumulate one day per month of employment, for those months remaining during the fiscal year to a maximum number of days as defined in Section IV, DD, 9a.","Any employee with accrued sick leave of at least 90 days on September 1, 1976, and each September 1 thereafter",management,worker,shall,False,passive,rights_passive,right,right,True,1.0,leave,True,
omaha_public_schools__2013_2014_master_agreement_omaha__fe2e1c57,2013-2014_MASTER_AGREEMENT_Omaha.pdf,Omaha Public Schools,56,"All employees with sick leave accumulation of less than 90 days on September 1, 1976, and each September 1 thereafter, shall have such leave credited to them in accordance with policy 4.17a of the Policies and Regulations of the School District of Omaha.","All employees with sick leave accumulation of less than 90 days on September 1, 1976, and each September 1 thereafter",worker,worker,shall,False,active,plain,obligation,obligation,True,1.0,leave,True,
omaha_public_schools__2013_2014_master_agreement_omaha__fe2e1c57,2013-2014_MASTER_AGREEMENT_Omaha.pdf,Omaha Public Schools,56,Any employee with maximum accrued sick leave will maintain the accrued days during the last year of employment prior to retiring or taking early leaving incentive,Any employee with maximum accrued sick leave,worker,worker,will,False,active,plain,obligation,obligation,True,0.9,leave,True,
omaha_public_schools__2013_2014_master_agreement_omaha__fe2e1c57,2013-2014_MASTER_AGREEMENT_Omaha.pdf,Omaha Public Schools,56,The president of the Association representing a majority of the certificated staff will have a certificated teacher partner during his or her term of office.,The president of the Association representing a majority of the certificated staff,worker,worker,will,False,active,plain,obligation,obligation,True,0.9,other,True,
omaha_public_schools__2013_2014_master_agreement_omaha__fe2e1c57,2013-2014_MASTER_AGREEMENT_Omaha.pdf,Omaha Public Schools,56,The Board of Education shall pay the Association president during his or her term in office.,The Board of Education,management,worker,shall,False,active,plain,obligation,obligation,True,1.0,compensation,True,
omaha_public_schools__2013_2014_master_agreement_omaha__fe2e1c57,2013-2014_MASTER_AGREEMENT_Omaha.pdf,Omaha Public Schools,56,"The Association shall reimburse the Board of Education, the cost of salary (up to and including seven years of experience) and fringe benefits of the certificated teacher partner.",The Association,worker,management,shall,False,active,plain,obligation,obligation,True,1.0,compensation,True,
omaha_public_schools__2013_2014_master_agreement_omaha__fe2e1c57,2013-2014_MASTER_AGREEMENT_Omaha.pdf,Omaha Public Schools,56,An employee may take a leave of absence when elected as an officer or to the executive committee of a state or national professional association.,An employee,worker,worker,may,False,active,plain,permission,permission,True,0.3,leave,True,
omaha_public_schools__2013_2014_master_agreement_omaha__fe2e1c57,2013-2014_MASTER_AGREEMENT_Omaha.pdf,Omaha Public Schools,56,"Leaves of absence granted under this section shall be treated in exactly the same manner as other official leaves in regard to right of re-employment, fringe benefits, etc.",Leaves of absence granted under this section,management,worker,shall,False,passive,plain,obligation,obligation,True,1.0,leave,True,
omaha_public_schools__2013_2014_master_agreement_omaha__fe2e1c57,2013-2014_MASTER_AGREEMENT_Omaha.pdf,Omaha Public Schools,56,A leave of absence granted pursuant to this section shall not exceed six years in length.,A leave of absence granted pursuant to this section,other,management,shall,True,active,plain,prohibition,prohibition,True,1.0,leave,True,
omaha_public_schools__2013_2014_master_agreement_omaha__fe2e1c57,2013-2014_MASTER_AGREEMENT_Omaha.pdf,Omaha Public Schools,56,"Beginning September 1, 1997, after an employee has accumulated the maximum days of sick leave, appropriate to the length of the employee's contract, the employee shall be awarded two additional days toward the employee's maximum accumulation, thereby increasing their maximum an additional two days, for each year of perfect attendance occurring after accumulation of the maximum days of sick leave.",the employee,management,worker,shall,False,passive,rights_passive,right,obligation,False,1.0,leave,True,
omaha_public_schools__2013_2014_master_agreement_omaha__fe2e1c57,2013-2014_MASTER_AGREEMENT_Omaha.pdf,Omaha Public Schools,57,"Each school year that an employee has unused personal leave days, the employee shall be awarded one additional day of accumulated sick leave for each day of unused personal leave, subject to limitations on maximum accumulation.",the employee,management,worker,shall,False,active,rights_passive,right,obligation,False,1.0,leave,True,
omaha_public_schools__2013_2014_master_agreement_omaha__fe2e1c57,2013-2014_MASTER_AGREEMENT_Omaha.pdf,Omaha Public Schools,57,The vacation of an employee shall be taken at a time or at times approved by the Superintendent of Schools.,The vacation of an employee,management,management,shall,False,passive,plain,obligation,obligation,True,1.0,leave,True,
omaha_public_schools__2013_2014_master_agreement_omaha__fe2e1c57,2013-2014_MASTER_AGREEMENT_Omaha.pdf,Omaha Public Schools,57,"Upon approval of the Superintendent, covered employees may be authorized to carry over up to five days of earned vacation from one fiscal year until December 1 of the next fiscal year.",covered employees,management,worker,may,False,passive,permission_verb,permission,permission,True,0.3,leave,True,
omaha_public_schools__2013_2014_master_agreement_omaha__fe2e1c57,2013-2014_MASTER_AGREEMENT_Omaha.pdf,Omaha Public Schools,57,Utilization of vacation days carried over from one fiscal year to the next shall remain subject to approval by the Superintendent of Schools.,Utilization of vacation days carried over from one fiscal year to the next,other,management,shall,False,active,plain,obligation,obligation,True,1.0,leave,True,
omaha_public_schools__2013_2014_master_agreement_omaha__fe2e1c57,2013-2014_MASTER_AGREEMENT_Omaha.pdf,Omaha Public Schools,57,"The parties agree to collaboratively, through the safety committee process, develop improved security procedures, expand training opportunities for all staff, and engage in cooperative problem solving to improve school safety.",The parties,other,worker,,False,active,plain,other,other,True,0.0,safety_and_working_conditions,True,
omaha_public_schools__2013_2014_master_agreement_omaha__fe2e1c57,2013-2014_MASTER_AGREEMENT_Omaha.pdf,Omaha Public Schools,57,The Association shall have two representatives on the district-wide safety committee.,The Association,worker,worker,shall,False,active,rights_active,right,right,True,1.0,safety_and_working_conditions,True,
omaha_public_schools__2013_2014_master_agreement_omaha__fe2e1c57,2013-2014_MASTER_AGREEMENT_Omaha.pdf,Omaha Public Schools,57,"With staff participation, each school principal shall be responsible for developing a building crisis management plan.",each school principal,management,worker,shall,False,active,obligation_verb,obligation,obligation,True,1.0,safety_and_working_conditions,True,
omaha_public_schools__2013_2014_master_agreement_omaha__fe2e1c57,2013-2014_MASTER_AGREEMENT_Omaha.pdf,Omaha Public Schools,57,The plan shall be shared with all staff and revised annually.,The plan,other,worker,shall,False,passive,plain,obligation,obligation,True,1.0,safety_and_working_conditions,True,
omaha_public_schools__2013_2014_master_agreement_omaha__fe2e1c57,2013-2014_MASTER_AGREEMENT_Omaha.pdf,Omaha Public Schools,57,"a contract waiver will be allowed if agreed upon, in writing, by both parties.",a contract waiver,other,management,will,False,passive,permission_verb,permission,permission,True,0.9,other,True,
omaha_public_schools__2013_2014_master_agreement_omaha__fe2e1c57,2013-2014_MASTER_AGREEMENT_Omaha.pdf,Omaha Public Schools,57,Waivers approved through this process will remain in effect through the duration of this Master Agreement.,Waivers approved through this process,other,management,will,False,active,plain,obligation,obligation,True,0.9,other,True,
omaha_public_schools__2013_2014_master_agreement_omaha__fe2e1c57,2013-2014_MASTER_AGREEMENT_Omaha.pdf,Omaha Public Schools,58,"At the elementary and secondary levels, two days will be provided for planning/inservice and teacher work time during the 2003-05 school years.",two days,management,worker,will,False,passive,rights_passive,right,obligation,False,0.9,professional_development,True,
omaha_public_schools__2013_2014_master_agreement_omaha__fe2e1c57,2013-2014_MASTER_AGREEMENT_Omaha.pdf,Omaha Public Schools,58,One-half of the time must be used for individual teacher work time,One-half of the time,management,worker,must,False,passive,plain,obligation,obligation,True,1.0,workload,True,
omaha_public_schools__2013_2014_master_agreement_omaha__fe2e1c57,2013-2014_MASTER_AGREEMENT_Omaha.pdf,Omaha Public Schools,58,one-half the time is for building planning or inservices as determined by all building staff.,one-half the time,worker,worker,,False,active,plain,other,other,True,0.0,professional_development,True,
omaha_public_schools__2013_2014_master_agreement_omaha__fe2e1c57,2013-2014_MASTER_AGREEMENT_Omaha.pdf,Omaha Public Schools,58,"The district shall provide mandatory district-delivered in-servicing that will include, but not be limited to: the ethics of assessment, delivery of assessments, delineation and presentation of non-allowable testing practices, and acceptable teaching/reteaching practices.",The district,management,worker,shall,False,active,plain,obligation,obligation,True,1.0,professional_development,True,
omaha_public_schools__2013_2014_master_agreement_omaha__fe2e1c57,2013-2014_MASTER_AGREEMENT_Omaha.pdf,Omaha Public Schools,58,Staff members with current OPS identification will be allowed entry for the staff member only into any Omaha Public Schools District spectator sport event.,Staff members with current OPS identification,management,worker,will,False,passive,permission_verb,permission,permission,True,0.9,benefits,True,
omaha_public_schools__2013_2014_master_agreement_omaha__fe2e1c57,2013-2014_MASTER_AGREEMENT_Omaha.pdf,Omaha Public Schools,59,"In an effort to foster innovation and maintain the highest possible quality educational opportunities for students, contract provisions as discussed below may be waived.",contract provisions,management,management,may,False,passive,permission_verb,permission,permission,True,0.3,other,True,
omaha_public_schools__2013_2014_master_agreement_omaha__fe2e1c57,2013-2014_MASTER_AGREEMENT_Omaha.pdf,Omaha Public Schools,59,Schools are encouraged to implement innovative approaches brought about as a result of the school improvement planning process and approved by the Principal and the Superintendent of Schools.,Schools,management,management,,False,passive,plain,other,other,True,0.0,other,True,
omaha_public_schools__2013_2014_master_agreement_omaha__fe2e1c57,2013-2014_MASTER_AGREEMENT_Omaha.pdf,Omaha Public Schools,59,The Association or the Board of Education may also bring forward innovative proposals that have a district-wide impact.,The Association or the Board of Education,other,management,may,False,active,plain,permission,permission,True,0.3,other,True,
omaha_public_schools__2013_2014_master_agreement_omaha__fe2e1c57,2013-2014_MASTER_AGREEMENT_Omaha.pdf,Omaha Public Schools,59,"If such innovations are deemed to be at variance with the contract, a waiver may be requested, before implementation, by representatives of the Omaha Education Association and/or representatives of the Board of Education.",a waiver,other,management,may,False,passive,plain,permission,permission,True,0.3,other,True,
omaha_public_schools__2013_2014_master_agreement_omaha__fe2e1c57,2013-2014_MASTER_AGREEMENT_Omaha.pdf,Omaha Public Schools,63,"Teachers receiving top step supplements in 2013-14 will receive their 2012-13 salary plus an additional $1,200 in 2013-14.",Teachers receiving top step supplements in 2013-14,worker,worker,will,False,active,rights_active,right,right,True,0.9,compensation,True,
omaha_public_schools__2013_2014_master_agreement_omaha__fe2e1c57,2013-2014_MASTER_AGREEMENT_Omaha.pdf,Omaha Public Schools,63,"Add Long Service Increment at 5.75% of Long Service Increment Base after 20, 25, 30, 35, 40, and 45 years if the teacher is on the 20-year plan and at 3.45% of Long Service Increment Base after 15, 20, 25, 30, 35, 40, and 45 years if the teacher is on the 15-year plan.",[The District],management,worker,,False,active,plain,other,obligation,False,0.0,compensation,True,"Imperative directive; grammatical subject omitted, acting party inferred as management."
omaha_public_schools__2013_2014_master_agreement_omaha__fe2e1c57,2013-2014_MASTER_AGREEMENT_Omaha.pdf,Omaha Public Schools,73,"Teacher Leaders receiving top step supplements in 2013-14 will receive their 2012-13 salary plus an additional $1,200 in 2013-14.",Teacher Leaders receiving top step supplements in 2013-14,worker,worker,will,False,active,rights_active,right,right,True,0.9,compensation,True,
omaha_public_schools__2013_2014_master_agreement_omaha__fe2e1c57,2013-2014_MASTER_AGREEMENT_Omaha.pdf,Omaha Public Schools,76,"Helping and Lead Teachers receiving top step supplements in 2013-14 will receive their 2012-13 salary plus an additional $1,200 in 2013-14.",Helping and Lead Teachers receiving top step supplements in 2013-14,worker,worker,will,False,active,rights_active,right,right,True,0.9,compensation,True,
omaha_public_schools__2013_2014_master_agreement_omaha__fe2e1c57,2013-2014_MASTER_AGREEMENT_Omaha.pdf,Omaha Public Schools,77,OPS and OEA agree to complete a joint study of the feasibility of studying the use of funds 79-309.01 which dedicated future revenues from wind and solar development on school lands to “Performance Based Pay Plans.”,OPS and OEA,other,worker,,False,active,plain,other,other,True,0.0,compensation,True,
omaha_public_schools__2013_2014_master_agreement_omaha__fe2e1c57,2013-2014_MASTER_AGREEMENT_Omaha.pdf,Omaha Public Schools,77,"This study shall commence no later than October 1, 2012 and be completed no later than March 15, 2013.",This study,other,worker,shall,False,active,plain,obligation,obligation,True,1.0,other,True,
omaha_public_schools__2013_2014_master_agreement_omaha__fe2e1c57,2013-2014_MASTER_AGREEMENT_Omaha.pdf,Omaha Public Schools,77,Recommendations from this study should be provided to the district and association for purposes of bargaining a contract to implement a mutually agreeable pay for performance plan in the negotiated agreement that meet the requirements of 79-309.01.,Recommendations from this study,management,worker,should,False,passive,rights_passive,right,obligation,False,0.7,compensation,True,
omaha_public_schools__2013_2014_master_agreement_omaha__fe2e1c57,2013-2014_MASTER_AGREEMENT_Omaha.pdf,Omaha Public Schools,77,The district shall appoint up to 5 people to the study committee,The district,management,worker,shall,False,active,plain,obligation,obligation,True,1.0,other,True,
omaha_public_schools__2013_2014_master_agreement_omaha__fe2e1c57,2013-2014_MASTER_AGREEMENT_Omaha.pdf,Omaha Public Schools,77,the association shall appoint up to 5 persons to the study committee.,the association,worker,worker,shall,False,active,plain,obligation,obligation,True,1.0,other,True,
omaha_public_schools__2013_2014_master_agreement_omaha__fe2e1c57,2013-2014_MASTER_AGREEMENT_Omaha.pdf,Omaha Public Schools,77,The study shall meet at mutually agreeable times and locations.,The study,other,worker,shall,False,active,plain,obligation,obligation,True,1.0,other,True,
omaha_public_schools__2013_2014_master_agreement_omaha__fe2e1c57,2013-2014_MASTER_AGREEMENT_Omaha.pdf,Omaha Public Schools,77,"Pre-K and Early Childhood Special Education teachers’ shall have a minimum of 400 minutes, during student contact time, of preparation/conferences/planning time during a two-week instructional period for the school year.",Pre-K and Early Childhood Special Education teachers’,worker,worker,shall,False,active,plain,obligation,right,False,1.0,workload,True,
omaha_public_schools__2013_2014_master_agreement_omaha__fe2e1c57,2013-2014_MASTER_AGREEMENT_Omaha.pdf,Omaha Public Schools,77,Head Start Teachers shall receive a minimum of 300 minutes of preparation/conference/planning time during a two week instructional period for the school year.,Head Start Teachers,worker,worker,shall,False,active,rights_active,right,right,True,1.0,workload,True,
omaha_public_schools__2013_2014_master_agreement_omaha__fe2e1c57,2013-2014_MASTER_AGREEMENT_Omaha.pdf,Omaha Public Schools,77,The Omaha Education Association and the Omaha Public Schools agree to a Memo of Understanding to provide compensation for the Student Assistance Team coordinators and Student Assistant Team Members per the following provisions.,The Omaha Education Association and the Omaha Public Schools,other,worker,,False,active,plain,other,other,True,0.0,compensation,True,
omaha_public_schools__2013_2014_master_agreement_omaha__fe2e1c57,2013-2014_MASTER_AGREEMENT_Omaha.pdf,Omaha Public Schools,77,All schools under 500 (based on each year’s official fall student membership) shall be allotted one (1) intramural unit,All schools under 500 (based on each year’s official fall student membership),other,worker,shall,False,passive,rights_passive,right,obligation,False,1.0,compensation,True,Truncated at end of chunk.
omaha_public_schools__2013_2014_master_agreement_omaha__fe2e1c57,2013-2014_MASTER_AGREEMENT_Omaha.pdf,Omaha Public Schools,78,"schools with 500 or more shall be allotted two (2) intramural units to provide pay for SAT coordinators, who are classroom teachers, counselors, or nurses, for before and after duty hours.",schools with 500 or more,management,worker,shall,False,passive,plain,obligation,obligation,True,1.0,compensation,True,
omaha_public_schools__2013_2014_master_agreement_omaha__fe2e1c57,2013-2014_MASTER_AGREEMENT_Omaha.pdf,Omaha Public Schools,78,All schools under 500 (based on each year’s official fall student membership) shall be allotted three (3) intramural units,All schools under 500,management,worker,shall,False,passive,plain,obligation,obligation,True,1.0,compensation,True,
omaha_public_schools__2013_2014_master_agreement_omaha__fe2e1c57,2013-2014_MASTER_AGREEMENT_Omaha.pdf,Omaha Public Schools,78,"schools of 500 or more shall be allotted four (4) intramural units to provide pay for identified Student Assistance Team members, who are classroom teachers, counselors, or nurses, for SAT-related duties conducted before and after duty hours.",schools of 500 or more,management,worker,shall,False,passive,plain,obligation,obligation,True,1.0,compensation,True,
omaha_public_schools__2013_2014_master_agreement_omaha__fe2e1c57,2013-2014_MASTER_AGREEMENT_Omaha.pdf,Omaha Public Schools,78,Individual coordinators and team members will not receive from the intramural units’ more than .00095 times the Extra Duty Base per hour.,Individual coordinators and team members,worker,management,will,True,active,rights_active,other,prohibition,False,0.0,compensation,True,Operates as a compensation cap.
omaha_public_schools__2013_2014_master_agreement_omaha__fe2e1c57,2013-2014_MASTER_AGREEMENT_Omaha.pdf,Omaha Public Schools,78,"The District and Association shall choose five representatives from their respective groups to serve on a joint study committee regarding the current compensation package as it related to the salary schedule, top step, and long service increment.",The District and Association,other,worker,shall,False,active,plain,obligation,obligation,True,1.0,compensation,True,
omaha_public_schools__2013_2014_master_agreement_omaha__fe2e1c57,2013-2014_MASTER_AGREEMENT_Omaha.pdf,Omaha Public Schools,78,The committee shall meet in conjunction with the State Statue 79-309.1 Feasibility Study a minimum of 4 times each school year during 2012-2013.,The committee,other,worker,shall,False,active,plain,obligation,obligation,True,1.0,other,True,
omaha_public_schools__2013_2014_master_agreement_omaha__fe2e1c57,2013-2014_MASTER_AGREEMENT_Omaha.pdf,Omaha Public Schools,78,"Staff should agree upon and reserve alternate Mondays for faculty/school improvement and/or study groups/committees, if needed, for planning and team reflection on teaching strategies.",Staff,worker,worker,should,False,active,plain,obligation,obligation,True,0.7,professional_development,True,
omaha_public_schools__2013_2014_master_agreement_omaha__fe2e1c57,2013-2014_MASTER_AGREEMENT_Omaha.pdf,Omaha Public Schools,78,The Association and the District agree to continue the 2010-2011 Computer Agreement Memorandum of Understanding.,The Association and the District,other,worker,,False,active,plain,other,other,True,0.0,other,True,
omaha_public_schools__2013_2014_master_agreement_omaha__fe2e1c57,2013-2014_MASTER_AGREEMENT_Omaha.pdf,Omaha Public Schools,78,Any changes to the current document must be approved by the Board of Directors of the OEA and OPS.,Any changes to the current document,management,worker,must,False,passive,plain,obligation,obligation,True,1.0,other,True,Requires joint approval from union and district boards.
omaha_public_schools__2013_2014_master_agreement_omaha__fe2e1c57,2013-2014_MASTER_AGREEMENT_Omaha.pdf,Omaha Public Schools,78,A copy of the most current version will be provided to the Association.,A copy of the most current version,management,worker,will,False,passive,rights_passive,right,obligation,False,0.9,other,True,
omaha_public_schools__2013_2014_master_agreement_omaha__fe2e1c57,2013-2014_MASTER_AGREEMENT_Omaha.pdf,Omaha Public Schools,78,Administration and faculty may collaboratively decide to schedule their faculty/school improvement study groups and/or committees meetings before or after school or during the school day.,Administration and faculty,other,worker,may,False,active,plain,permission,permission,True,0.3,professional_development,True,
omaha_public_schools__2013_2014_master_agreement_omaha__fe2e1c57,2013-2014_MASTER_AGREEMENT_Omaha.pdf,Omaha Public Schools,78,Early Intervention Staff who serve 0-2 year olds with disabilities in their homes will not participate in the elementary T.E.A.M. planning days.,Early Intervention Staff,worker,worker,will,True,active,plain,prohibition,prohibition,True,0.9,workload,True,
omaha_public_schools__2013_2014_master_agreement_omaha__fe2e1c57,2013-2014_MASTER_AGREEMENT_Omaha.pdf,Omaha Public Schools,79,Preparation time for Report Cards will be provided.,Preparation time for Report Cards,other,worker,will,False,passive,rights_passive,right,right,True,0.9,workload,True,
omaha_public_schools__2013_2014_master_agreement_omaha__fe2e1c57,2013-2014_MASTER_AGREEMENT_Omaha.pdf,Omaha Public Schools,79,"No staff, team or other before/after school meetings at the building level shall take place during the three duty days prior to report cards and two days prior to progress reports being due to the building administrator.","No staff, team or other before/after school meetings at the building level",other,worker,shall,True,active,plain,prohibition,prohibition,True,1.0,workload,True,Quantifier negation ('No') on the subject.
omaha_public_schools__2013_2014_master_agreement_omaha__fe2e1c57,2013-2014_MASTER_AGREEMENT_Omaha.pdf,Omaha Public Schools,79,"This memo does not include meetings that may be requested by parents, teachers, or on behalf of a student.",This memo,other,worker,may,True,active,plain,prohibition,other,False,0.3,workload,True,
omaha_public_schools__2013_2014_master_agreement_omaha__fe2e1c57,2013-2014_MASTER_AGREEMENT_Omaha.pdf,Omaha Public Schools,79,The Transition Program staff serving 18-21 year olds with disabilities in community settings will have one 45 minute plan period per day rather than two.,The Transition Program staff serving 18-21 year olds with disabilities in community settings,worker,management,will,False,active,plain,obligation,obligation,True,0.9,workload,True,
omaha_public_schools__2013_2014_master_agreement_omaha__fe2e1c57,2013-2014_MASTER_AGREEMENT_Omaha.pdf,Omaha Public Schools,79,"Notwithstanding the specific reference herein to certain sections and provisions of the 2013-2015 OPS-OEA Master Agreement and Memorandum(s) of Understanding impacted by the contract variances, all of said provisions of the 2013-2015 OPS-OEA Master Agreement and Memorandum(s) of Understanding shall be, and remain, in full force and effect during the term of this Agreement and binding upon all employees represented by the bargaining agent Omaha Education Association/Omaha Public Schools District 0001.",all of said provisions of the 2013-2015 OPS-OEA Master Agreement and Memorandum(s) of Understanding,other,worker,shall,False,active,plain,obligation,obligation,True,1.0,other,True,Standard savings clause preserving master agreement terms.
omaha_public_schools__2013_2014_master_agreement_omaha__fe2e1c57,2013-2014_MASTER_AGREEMENT_Omaha.pdf,Omaha Public Schools,80,The Nathan Hale Extended Learning Time school staff will be assigned 192 days of a 192 day contract.,The Nathan Hale Extended Learning Time school staff,management,worker,will,False,passive,rights_passive,right,obligation,False,0.9,workload,True,
omaha_public_schools__2013_2014_master_agreement_omaha__fe2e1c57,2013-2014_MASTER_AGREEMENT_Omaha.pdf,Omaha Public Schools,80,Nathan Hale Extended Learning Time school staff will be paid on a 192 day schedule at their per diem rate.,Nathan Hale Extended Learning Time school staff,management,worker,will,False,passive,rights_passive,right,right,True,0.9,compensation,True,
omaha_public_schools__2013_2014_master_agreement_omaha__fe2e1c57,2013-2014_MASTER_AGREEMENT_Omaha.pdf,Omaha Public Schools,80,The Extended Learning Time school staff duty day will be 530 minutes in length for 188 of the 192 duty days.,The Extended Learning Time school staff duty day,other,worker,will,False,active,plain,obligation,obligation,True,0.9,workload,True,
omaha_public_schools__2013_2014_master_agreement_omaha__fe2e1c57,2013-2014_MASTER_AGREEMENT_Omaha.pdf,Omaha Public Schools,80,The remaining four (4) duty days will be non-student duty days and will be 470 minutes in length.,The remaining four (4) duty days,other,worker,will,False,active,plain,obligation,obligation,True,0.9,workload,True,
omaha_public_schools__2013_2014_master_agreement_omaha__fe2e1c57,2013-2014_MASTER_AGREEMENT_Omaha.pdf,Omaha Public Schools,80,"Nathan Hale certificated staff shall use a shared decision making process to determine which non-student days will be shorter in length, and whether they would like to flexibly schedule these days to allow for one or more to be less than 470 minutes in length.",Nathan Hale certificated staff,worker,worker,shall,False,active,plain,obligation,obligation,True,1.0,workload,True,
omaha_public_schools__2013_2014_master_agreement_omaha__fe2e1c57,2013-2014_MASTER_AGREEMENT_Omaha.pdf,Omaha Public Schools,80,"The Focus School staff shall have 14 non-student contact days during the 2012-2013 school year for the purpose of professional training, teacher work days, and T.E.A.M. planning.",The Focus School staff,worker,worker,shall,False,active,rights_active,right,right,True,1.0,leave,True,
omaha_public_schools__2013_2014_master_agreement_omaha__fe2e1c57,2013-2014_MASTER_AGREEMENT_Omaha.pdf,Omaha Public Schools,80,"Additional days may be approved through a process to be determined by the Focus School Human Resources Committee, in accordance with existing school district policy and/or practice.",Additional days,management,worker,may,False,passive,plain,permission,permission,True,0.3,leave,True,
omaha_public_schools__2013_2014_master_agreement_omaha__fe2e1c57,2013-2014_MASTER_AGREEMENT_Omaha.pdf,Omaha Public Schools,80,The Focus School staff will be assigned 204 days of a 204 day contract.,The Focus School staff,management,worker,will,False,passive,rights_passive,right,obligation,False,0.9,workload,True,
omaha_public_schools__2013_2014_master_agreement_omaha__fe2e1c57,2013-2014_MASTER_AGREEMENT_Omaha.pdf,Omaha Public Schools,80,Focus school staff should be paid on a 204 day schedule at their per diem rate (current staff teach 190 days and are paid for 190).,Focus school staff,management,worker,should,False,passive,rights_passive,right,obligation,False,0.7,compensation,True,
omaha_public_schools__2013_2014_master_agreement_omaha__fe2e1c57,2013-2014_MASTER_AGREEMENT_Omaha.pdf,Omaha Public Schools,81,Payment for an extended calendar shall be determined using the following formula:,Payment for an extended calendar,other,worker,shall,False,passive,plain,obligation,obligation,True,1.0,compensation,True,
omaha_public_schools__2013_2014_master_agreement_omaha__fe2e1c57,2013-2014_MASTER_AGREEMENT_Omaha.pdf,Omaha Public Schools,81,Compensation for an extended duty day shall be determined using the following formula:,Compensation for an extended duty day,other,worker,shall,False,passive,plain,obligation,obligation,True,1.0,compensation,True,
omaha_public_schools__2013_2014_master_agreement_omaha__fe2e1c57,2013-2014_MASTER_AGREEMENT_Omaha.pdf,Omaha Public Schools,81,The Focus School staff are being required to work an extra 25 minutes per day for 200 of the 204 duty days for an total of an additional 5000 minutes.,The Focus School staff,worker,management,,False,active,obligation_verb,obligation,obligation,True,0.85,workload,True,
omaha_public_schools__2013_2014_master_agreement_omaha__fe2e1c57,2013-2014_MASTER_AGREEMENT_Omaha.pdf,Omaha Public Schools,81,The remaining four days will be 455 minute non-student duty days.,The remaining four days,other,worker,will,False,active,plain,obligation,obligation,True,0.9,workload,True,
omaha_public_schools__2013_2014_master_agreement_omaha__fe2e1c57,2013-2014_MASTER_AGREEMENT_Omaha.pdf,Omaha Public Schools,81,"Wilson certificated staff shall use a shared decision making process to determine which non-student days will be shorter in length, and whether they would like to flexibly schedule these days to allow for one or more to be less than 455 minutes in length.",Wilson certificated staff,worker,worker,shall,False,active,plain,obligation,obligation,True,1.0,workload,True,
omaha_public_schools__2013_2014_master_agreement_omaha__fe2e1c57,2013-2014_MASTER_AGREEMENT_Omaha.pdf,Omaha Public Schools,81,Staff who are employed to engage students in approved Extended Learning Time teaching activities outside of their duty hours will be compensated at the summer school rate of .0009 times the extra duty base.,Staff who are employed to engage students in approved Extended Learning Time teaching activities outside of their duty hours,worker,worker,will,False,passive,rights_passive,right,right,True,0.9,compensation,True,
omaha_public_schools__2013_2014_master_agreement_omaha__fe2e1c57,2013-2014_MASTER_AGREEMENT_Omaha.pdf,Omaha Public Schools,82,Nothing in this contract variance requires or guarantees that any school staff will be                       designated Extended Learning Time school staff.,Nothing in this contract variance,other,management,will,True,active,plain,prohibition,prohibition,True,0.9,other,True,
omaha_public_schools__2013_2014_master_agreement_omaha__fe2e1c57,2013-2014_MASTER_AGREEMENT_Omaha.pdf,Omaha Public Schools,82,Staff that are being asked to extend their teaching past the duty day should be paid at the summer school rate of pay (.0009 x extra duty base).,Staff that are being asked to extend their teaching past the duty day,management,worker,should,False,passive,rights_passive,right,obligation,False,0.7,compensation,True,
omaha_public_schools__2013_2014_master_agreement_omaha__fe2e1c57,2013-2014_MASTER_AGREEMENT_Omaha.pdf,Omaha Public Schools,83,Any unused whole days may be rolled into sick day at the end of contract year,Any unused whole days,other,worker,may,False,passive,plain,permission,permission,True,0.3,leave,True,
omaha_public_schools__2013_2014_master_agreement_omaha__fe2e1c57,2013-2014_MASTER_AGREEMENT_Omaha.pdf,Omaha Public Schools,83,Leave must start within 5 days of date of death.,Leave,other,management,must,False,active,plain,obligation,obligation,True,1.0,leave,True,
omaha_public_schools__2013_2014_master_agreement_omaha__fe2e1c57,2013-2014_MASTER_AGREEMENT_Omaha.pdf,Omaha Public Schools,85,Employee may receive up to 60% salary replacement after a 90 day waiting period,Employee,worker,worker,may,False,active,rights_active,right,right,True,0.3,benefits,True,
