document_id,file_name,Question ID,topic category,question,answer,evidence,page number,confidence,coder notes
chicago_public_schools__chicago_cps_cba_2019_24__49aa35c8,Chicago_CPS-CBA-2019-24.pdf,meta_doc_type_001,document metadata,What type of district document is this PDF?,CBA,This collective bargaining agreement (hereinafter referred to as the “Agreement”) is entered into by and between the Board of Education of the City of Chicago,5,high,
chicago_public_schools__chicago_cps_cba_2019_24__49aa35c8,Chicago_CPS-CBA-2019-24.pdf,meta_effective_dates_002,document metadata,What school years or effective dates does the document cover?,"December 7, 2016","on the 7th day of December, 2016 to become effective on the same date.",5,high,
chicago_public_schools__chicago_cps_cba_2019_24__49aa35c8,Chicago_CPS-CBA-2019-24.pdf,meta_bargaining_unit_003,document metadata,Which employee group or bargaining unit is covered?,All employees employed in the job titles or categories of positions listed in Appendix D,The BOARD recognizes the UNION as the sole and exclusive bargaining representative of all employees employed in the job titles or categories of positions listed in Appendix D.,6,high,
chicago_public_schools__chicago_cps_cba_2019_24__49aa35c8,Chicago_CPS-CBA-2019-24.pdf,meta_document_scope_004,document metadata,"Does the document state that it is binding, advisory, summary-only, or not a contract?",binding,This collective bargaining agreement (hereinafter referred to as the “Agreement”) is entered into by and between the Board of Education of the City of Chicago... and the Chicago Teachers Union,5,high,
chicago_public_schools__chicago_cps_cba_2019_24__49aa35c8,Chicago_CPS-CBA-2019-24.pdf,meta_text_usability_005,document metadata,Is the PDF text extractable enough for reliable coding?,usable,,not_applicable,high,
chicago_public_schools__chicago_cps_cba_2019_24__49aa35c8,Chicago_CPS-CBA-2019-24.pdf,meta_cites_state_law_006,document metadata,"Does the document cite any state laws, statutes, or administrative codes?",yes,subject to the provisions of the Illinois Educational Labor Relations Act.,7,high,
chicago_public_schools__chicago_cps_cba_2019_24__49aa35c8,Chicago_CPS-CBA-2019-24.pdf,meta_state_law_citations_007,document metadata,Quote all sentences citing state laws or statutes.,"No other group or organization or representative thereof shall be recognized or permitted to engage on behalf of any employees included in the UNION bargaining unit (referred to herein as “bargaining unit employees” or “bargaining unit members”) in any activities concerning wages, hours or terms and conditions of employment, including the submission of proposals, participation in hearings, conferences or meetings for any purposes and any other group or collective action dealing with above-described matters, subject to the provisions of the Illinois Educational Labor Relations Act.","No other group or organization or representative thereof shall be recognized or permitted to engage on behalf of any employees included in the UNION bargaining unit (referred to herein as “bargaining unit employees” or “bargaining unit members”) in any activities concerning wages, hours or terms and conditions of employment, including the submission of proposals, participation in hearings, conferences or meetings for any purposes and any other group or collective action dealing with above-described matters, subject to the provisions of the Illinois Educational Labor Relations Act.",6,high,Updated evidence to quote the complete sentence for accuracy and context.
chicago_public_schools__chicago_cps_cba_2019_24__49aa35c8,Chicago_CPS-CBA-2019-24.pdf,meta_cites_federal_law_008,document metadata,"Quote all sentences citing federal laws, statutes, or regulations.","The BOARD agrees that it will reimburse a PSRP for the cost of the test option required by the No Child Left Behind Act, provided the PSRP submits written verification of passage of such test.
School assistants I and II who become highly qualified under the No Child Left Behind Act during the term of this Agreement shall be reclassified to teacher assistants I or II (depending on which position they qualify for) after producing Illinois State Board of Education verification of their highly qualified status to the Talent Office and shall be placed on the appropriate step of Grades GB1 or GB2 and shall retain their seniority for all purposes.","The BOARD agrees that it will reimburse a PSRP for the cost of the test option required by the No Child Left Behind Act, provided the PSRP submits written verification of passage of such test. School assistants I and II who become highly qualified under the No Child Left Behind Act during the term of this Agreement shall be reclassified to teacher assistants I or II (depending on which position they qualify for) after producing Illinois State Board of Education verification of their highly qualified status to the Talent Office and shall be placed on the appropriate step of Grades GB1 or GB2 and shall retain their seniority for all purposes.","45, 49",high,
chicago_public_schools__chicago_cps_cba_2019_24__49aa35c8,Chicago_CPS-CBA-2019-24.pdf,meta_federal_law_citations_009,document metadata,Which federal laws or statutes are cited?,No Child Left Behind Act,No Child Left Behind Act,"45, 49",high,
chicago_public_schools__chicago_cps_cba_2019_24__49aa35c8,Chicago_CPS-CBA-2019-24.pdf,pay_salary_schedule_001,compensation,Does the document include a teacher salary schedule or salary scale?,Yes. Appendix A covers all bargaining unit employees for the 2019-2024 agreement term.,The annual salaries of all bargaining unit employees and all other provisions governing compensation and remuneration are set forth in the salary schedules and provisions attached hereto as Appendix A.,155,high,
chicago_public_schools__chicago_cps_cba_2019_24__49aa35c8,Chicago_CPS-CBA-2019-24.pdf,pay_salary_schedule_002,compensation,What year or years does the salary schedule cover?,"Fiscal years 2020-2024 specified for COLA; agreement term is 2019-2024. Multiple schedules referenced (Appendix A-1A through A-1D, A-1F through A-1H, A-2A, A-3E, A-3F, A-3H).",Salary schedules will receive a cost of living adjustment in the following percentages on July 1st of the corresponding fiscal year: Fiscal Year 2020 3.0% ... 2024 3.5%,155,high,
chicago_public_schools__chicago_cps_cba_2019_24__49aa35c8,Chicago_CPS-CBA-2019-24.pdf,pay_step_increment_003,compensation,Does the document explain annual step advancement or salary increments?,yes,"CCC 'step entry and anniversary dates will be July 1st' (p. 62); CTEAC 'step anniversary date will be July 1st' (p. 66); ISLs receive specified 'FY2020 Annual Salary Increases', 'FY2021 Annual Salary Increases', 'FY2022 Annual Salary Increases', 'FY 2023 Annual Salary Increases', and 'FY 2024 Annual Salary Increases' (pp. 67-68).","62, 66, 67-68",high,
chicago_public_schools__chicago_cps_cba_2019_24__49aa35c8,Chicago_CPS-CBA-2019-24.pdf,pay_prior_experience_005,compensation,Does the document state how prior teaching experience is credited for salary placement?,Yes. Eligible types: prior teaching experience within CPS and outside CPS. Processing/Approval: Talent Office reviews claims with documentary proof; adjustments made within 45 days of receipt. Maximum years credited: not specified in this section.,Salary step adjustments based on previous teaching experience in the Chicago public schools shall be made no later than forty-five days from the date proper claim is received in the Talent Office. / Salary step adjustments based on previous teaching experience outside the Chicago public schools shall be made no later than forty-five days from the date proper claim and documentary proof verifying employment are received in the Talent Office.,158,high,
chicago_public_schools__chicago_cps_cba_2019_24__49aa35c8,Chicago_CPS-CBA-2019-24.pdf,pay_performance_pay_006,compensation,"Does the document include performance pay, merit pay, or evaluation-based compensation?",not_discussed,,not_applicable,medium,"Changed from 'no' to 'not_discussed'. The document does not explicitly state that performance pay is excluded, and the topic is not addressed in the provided text."
chicago_public_schools__chicago_cps_cba_2019_24__49aa35c8,Chicago_CPS-CBA-2019-24.pdf,pay_performance_pay_007,compensation,How are teachers evaluated for purposes of performance-based pay eligibility?,not_discussed,,not_applicable,high,
chicago_public_schools__chicago_cps_cba_2019_24__49aa35c8,Chicago_CPS-CBA-2019-24.pdf,pay_cost_of_living_007,compensation,Does the document specify across-the-board raises or COLA percentages?,"3.0% for fiscal years 2020-2022; 3.5% for fiscal years 2023-2024, effective July 1st.",Salary schedules will receive a cost of living adjustment in the following percentages on July 1st of the corresponding fiscal year: Fiscal Year COLA 2020 3.0% 2021 3.0% 2022 3.0% 2023 3.5% 2024 3.5%,155,high,
chicago_public_schools__chicago_cps_cba_2019_24__49aa35c8,Chicago_CPS-CBA-2019-24.pdf,pay_extra_duty_schedule_008,compensation,Does the document include an extra-duty or supplemental pay schedule?,yes,"3D. Compensation for Teachers Engaged in Extracurricular Activities. i. High School Sports, Clubs and Other Extracurricular Activities. FOOTBALL Head Coach FY20 $27.00 FY24 $30.68",332,high,
chicago_public_schools__chicago_cps_cba_2019_24__49aa35c8,Chicago_CPS-CBA-2019-24.pdf,pay_hardtostaff_sped_009,compensation,"Does the document provide additional pay, stipends, or salary differentials for special education teachers?",yes,"2D. Case Managers (Special Education). Per Semester Effective July 1, 2019 $1,622.60 Effective July 1, 2023 $1,844.02",330,high,
chicago_public_schools__chicago_cps_cba_2019_24__49aa35c8,Chicago_CPS-CBA-2019-24.pdf,pay_hardtostaff_stem_010,compensation,"Does the document provide additional pay, stipends, or salary differentials for teachers in STEM subjects?",not_discussed,,not_discussed,high,
chicago_public_schools__chicago_cps_cba_2019_24__49aa35c8,Chicago_CPS-CBA-2019-24.pdf,pay_hardtostaff_other_011,compensation,"Does the document provide additional pay, stipends, or salary differentials for teachers in high-need subjects or schools other than special education or STEM?",not_discussed,,not_discussed,high,
chicago_public_schools__chicago_cps_cba_2019_24__49aa35c8,Chicago_CPS-CBA-2019-24.pdf,pay_hardtostaff_schools_012,compensation,"Does the document provide incentives specifically for teaching in hard-to-staff, high-need, Title I, or priority schools, regardless of subject?",not_discussed,,not_discussed,high,
chicago_public_schools__chicago_cps_cba_2019_24__49aa35c8,Chicago_CPS-CBA-2019-24.pdf,pay_experience_credit_indistrict_013,compensation,Does the document specify how prior in-district teaching experience is credited for initial salary placement?,yes,Salary step adjustments based on previous teaching experience in the Chicago public schools shall be made no later than forty-five days from the date proper claim is received in the Talent Office.,158,high,
chicago_public_schools__chicago_cps_cba_2019_24__49aa35c8,Chicago_CPS-CBA-2019-24.pdf,pay_experience_credit_outofdistrict_014,compensation,Does the document specify how out-of-district but in-state teaching experience is credited for salary placement?,yes,Salary step adjustments based on previous teaching experience outside the Chicago public schools shall be made no later than forty-five days from the date proper claim and documentary proof verifying employment are received in the Talent Office.,158,high,
chicago_public_schools__chicago_cps_cba_2019_24__49aa35c8,Chicago_CPS-CBA-2019-24.pdf,pay_experience_credit_outofstate_015,compensation,Does the document specify how out-of-state teaching experience is credited for salary placement?,yes,outside teaching experience for TATs shall be made effective from the date of employment provided that proper claim and documentary proof are on file within ninety days of employment. No salary adjustment claim or verification of employment outside of the Chicago Public Schools will be considered if filed after one year of original placement as a TAT.,167,high,
chicago_public_schools__chicago_cps_cba_2019_24__49aa35c8,Chicago_CPS-CBA-2019-24.pdf,pay_experience_credit_military_public_016,compensation,Does the document credit military service or other public service for salary placement?,not_discussed,,not_applicable,high,
chicago_public_schools__chicago_cps_cba_2019_24__49aa35c8,Chicago_CPS-CBA-2019-24.pdf,pay_national_board_017,compensation,Does the document provide extra pay for National Board certification or similar advanced certification?,"annual increment per Appendix A-2A, paid in two installments at end of semester following proof submission",The annual increment for National Board Certified Teachers set forth in Appendix A-2A shall be paid at the end of the semester following the teacher’s submission of proof of such certification to the Talent Office. The annual increment will be paid in two installments.,159,high,
chicago_public_schools__chicago_cps_cba_2019_24__49aa35c8,Chicago_CPS-CBA-2019-24.pdf,benefits_health_001,benefits,Does the document state that health or medical insurance is available to teachers?,yes,"the BOARD shall provide for each full-time teacher or other bargaining unit employee medical and health care benefits, including an indemnity/preferred provider option (PPO) plan and an alternative medical pre-paid group health plan.",141,high,
chicago_public_schools__chicago_cps_cba_2019_24__49aa35c8,Chicago_CPS-CBA-2019-24.pdf,benefits_health_contribution_002,benefits,What employer contribution toward health insurance is stated?,"$600 to $2,000 (Health Savings Account contributions vary by coverage tier: $600 Employee Only, $1,500 Employee+1, $2,000 Family)","Health Savings Account (Employer Contribution) $600 Employee Only $1,500 Employee+1 $2,000 Family",350,high,
chicago_public_schools__chicago_cps_cba_2019_24__49aa35c8,Chicago_CPS-CBA-2019-24.pdf,benefits_health_employee_premium_003,benefits,What employee health insurance premium or contribution is stated?,"Percentages of base salary: Single (HMO 2.0%, PPO 2.2%, PPO+HSA 0.0%); Employee+1 (2.2%, 2.5%, 1.0%); Family (2.5%, 2.8%, 1.9%) as of July 1, 2019, with scheduled increases of 0.0% (2020-2021), 0.25% (2022), and 0.5% (2024).","""Employee Contributions. .Employee contributions shall increase as follows: ... Effective July 1, 2019 HMO* PPO* PPO + HSA* Single 2.0% 2.2% 0.0% Employee + 1 2.2% 2.5% 1.0% Family 2.5% 2.8% 1.9% *All percentages are percent of base salary""",346,high,
chicago_public_schools__chicago_cps_cba_2019_24__49aa35c8,Chicago_CPS-CBA-2019-24.pdf,benefits_dependent_health_004,benefits,"Does the document mention dependent, spouse, family, or domestic partner health coverage?",yes,family plan hospitalization and major medical insurance coverage at the group rate,120,high,
chicago_public_schools__chicago_cps_cba_2019_24__49aa35c8,Chicago_CPS-CBA-2019-24.pdf,benefits_health_plan_type_005,benefits,What health plan types are described?,"indemnity, PPO, pre-paid group health plan, HMO",including an indemnity/preferred provider option (PPO) plan and an alternative medical pre-paid group health plan. / Current HMO configurations may be altered,"141, 143",high,
chicago_public_schools__chicago_cps_cba_2019_24__49aa35c8,Chicago_CPS-CBA-2019-24.pdf,benefits_dental_006,benefits,Does the document state that dental insurance is available?,yes,"The BOARD shall provide medical, prescription drug, mental health, dental and vision benefits, flexible spending accounts, life and personal accident insurance and a savings and retirement program as set forth in the summary description attached hereto as Appendix E, subject to the terms of this Agreement.",142,high,
chicago_public_schools__chicago_cps_cba_2019_24__49aa35c8,Chicago_CPS-CBA-2019-24.pdf,benefits_vision_007,benefits,Does the document state that vision or optical insurance is available?,yes,"The BOARD shall provide medical, prescription drug, mental health, dental and vision benefits, flexible spending accounts, life and personal accident insurance and a savings and retirement program as set forth in the summary description attached hereto as Appendix E, subject to the terms of this Agreement.",142,high,
chicago_public_schools__chicago_cps_cba_2019_24__49aa35c8,Chicago_CPS-CBA-2019-24.pdf,benefits_life_008,benefits,Does the document provide district-paid or voluntary life insurance?,yes,"The BOARD shall provide medical, prescription drug, mental health, dental and vision benefits, flexible spending accounts, life and personal accident insurance and a savings and retirement program as set forth in the summary description attached hereto as Appendix E, subject to the terms of this Agreement.",142,high,
chicago_public_schools__chicago_cps_cba_2019_24__49aa35c8,Chicago_CPS-CBA-2019-24.pdf,benefits_disability_009,benefits,Does the document mention short-term or long-term disability coverage?,yes,Maternity leave benefits are provided through the short-term disability plan.,150,high,
chicago_public_schools__chicago_cps_cba_2019_24__49aa35c8,Chicago_CPS-CBA-2019-24.pdf,benefits_retirement_contribution_010,benefits,What employer retirement or pension contribution is stated?,7%,"The BOARD shall pick up for each teacher and other bargaining unit employee a sum equal to seven percent of the amount due each such employee as set forth in this Article and in the annual salary schedules set forth in Appendix A-1A through A-1D and A-1F through A-1H... for the Public School Teachers’ Pension and Retirement Fund of Chicago and the Municipal Employees’, Officers’ and Officials’ Annuity and Benefit Fund...",157,high,
chicago_public_schools__chicago_cps_cba_2019_24__49aa35c8,Chicago_CPS-CBA-2019-24.pdf,benefits_leave_continuation_011,benefits,Does the document state whether insurance benefits continue during paid or unpaid leave?,yes,"Bargaining unit employees who are on leaves for Union business or elected public office may continue their health care and dental benefit coverage, provided that they pay the full cost of such coverage.",14,high,
chicago_public_schools__chicago_cps_cba_2019_24__49aa35c8,Chicago_CPS-CBA-2019-24.pdf,benefits_retiree_012,benefits,"Does the document provide retiree health, dental, life, or other post-employment benefits?",not_discussed,,not_discussed,high,
chicago_public_schools__chicago_cps_cba_2019_24__49aa35c8,Chicago_CPS-CBA-2019-24.pdf,leave_sick_days_001,leave,How many paid sick leave days are granted per year?,12,"the BOARD shall grant eligible employees one sick day per month, up to twelve sick days per year",162,high,Cited page (162) is beyond the provided document excerpt (ends at p. 60). Preserved Stage 1 answer and evidence as the quote is explicit and directly supports the coded value.
chicago_public_schools__chicago_cps_cba_2019_24__49aa35c8,Chicago_CPS-CBA-2019-24.pdf,leave_sick_accrual_002,leave,"Does sick leave accumulate or carry over, and what cap is stated?","Yes, up to a maximum of 244 days for days granted on or after July 1, 2012; days earned prior to that remain in a separate retained bank.","Sick days awarded on and after July 1, 2012 that remain unused at the end of the Fiscal Year may be rolled over for future use up to a maximum of two hundred forty-four (244) days",163,high,Cited page (163) is beyond the provided document excerpt (ends at p. 60). Preserved Stage 1 answer and evidence as the quote is explicit and directly supports the coded value.
chicago_public_schools__chicago_cps_cba_2019_24__49aa35c8,Chicago_CPS-CBA-2019-24.pdf,leave_sick_family_003,leave,May teachers use sick leave for family illness or family care?,not_discussed,,not_discussed,high,"Cited section (likely Article 37) is beyond the provided document excerpt. 'not_discussed' is preserved as the relevant text is not available for verification, and Stage 1 found no evidence."
chicago_public_schools__chicago_cps_cba_2019_24__49aa35c8,Chicago_CPS-CBA-2019-24.pdf,leave_personal_days_004,leave,How many paid personal leave days are granted per year?,3,the BOARD shall award active full-time employees three paid personal days for use during the Fiscal Year to attend to the employee’s personal business.,118,high,Cited page (118) is beyond the provided document excerpt (ends at p. 60). Preserved Stage 1 answer and evidence as the quote is explicit and directly supports the coded value.
chicago_public_schools__chicago_cps_cba_2019_24__49aa35c8,Chicago_CPS-CBA-2019-24.pdf,leave_personal_restrictions_005,leave,What restrictions apply to personal leave use?,Unused days are forfeited on June 30 or upon separation; may be used on three successive days.,Personal days unused upon separation from employment or on June 30 of each Fiscal Year shall be forfeited. ... Employees may use personal days on three successive days.,118,high,Cited page (118) is beyond the provided document excerpt (ends at p. 60). Preserved Stage 1 answer and evidence as the quote is explicit and directly supports the coded value.
chicago_public_schools__chicago_cps_cba_2019_24__49aa35c8,Chicago_CPS-CBA-2019-24.pdf,leave_personal_conversion_006,leave,"Does unused personal leave convert to sick leave, cash, or another benefit?","No, generally forfeited on June 30; exception for days awarded Jan 1–Jun 30, 2012 roll to sick bank by Dec 31, 2012.","Personal days unused upon separation from employment or on June 30 of each Fiscal Year shall be forfeited. ... If such personal days are unused by December 31, 2012, the unused days shall be rolled over into the employee’s retained sick day bank defined in Article 37.",118,high,Cited page (118) is beyond the provided document excerpt (ends at p. 60). Preserved Stage 1 answer and evidence as the quote is explicit and directly supports the coded value.
chicago_public_schools__chicago_cps_cba_2019_24__49aa35c8,Chicago_CPS-CBA-2019-24.pdf,leave_bereavement_days_007,leave,How many bereavement leave days are available?,"10 days total (first 5 paid, last 5 applied against accrued sick leave)",such employee shall be paid the basic salary for the number of days absent provided that the number of days shall not exceed ten days with the last five being applied against accumulated allowable sick leave.,148,high,
chicago_public_schools__chicago_cps_cba_2019_24__49aa35c8,Chicago_CPS-CBA-2019-24.pdf,leave_bereavement_relatives_008,leave,Which relatives or household members are covered by bereavement leave?,"Parent, spouse, spouse's parent, domestic partner, domestic partner's parent, child, brother, sister, grandparent","death of the teacher’s parent, spouse, spouse’s parent, domestic partner, domestic partner’s parent, child, brother, sister or grandparent",148,high,
chicago_public_schools__chicago_cps_cba_2019_24__49aa35c8,Chicago_CPS-CBA-2019-24.pdf,leave_parental_paid_009,leave,"Does the document provide paid parental, bonding, maternity, paternity, or adoption leave beyond accrued sick leave?",yes,"Effective January 1, 2013, the BOARD shall establish a short-term disability and paid maternity leave plan for employees at no cost to employees who are eligible for health care benefits.",164,high,
chicago_public_schools__chicago_cps_cba_2019_24__49aa35c8,Chicago_CPS-CBA-2019-24.pdf,leave_pregnancy_disability_010,leave,"Does the document address pregnancy, childbirth, or temporary disability leave?",yes,Maternity leave benefits are provided through the short-term disability plan.,149,high,
chicago_public_schools__chicago_cps_cba_2019_24__49aa35c8,Chicago_CPS-CBA-2019-24.pdf,leave_adoption_childcare_011,leave,"Does the document provide adoption, child care, or bonding leave?",yes,"due to the birth of his or her child or adoption of his or her child less than five years of age, a teacher, including a domestic partner, may apply for and secure child-rearing leave",149,high,
chicago_public_schools__chicago_cps_cba_2019_24__49aa35c8,Chicago_CPS-CBA-2019-24.pdf,leave_fmla_012,leave,Does the document discuss Family and Medical Leave Act rights or equivalent family medical leave?,yes,"Bargaining unit employees who have been employed for at least twelve months and who have worked a minimum of 1,250 hours of service during the previous twelve-month period shall be entitled to unpaid leave under the Family and Medical Leave Act (FMLA) as set forth in Appendix G.",149,high,
chicago_public_schools__chicago_cps_cba_2019_24__49aa35c8,Chicago_CPS-CBA-2019-24.pdf,leave_absence_reporting_013,leave,Does the document specify absence reporting or substitute-request procedures for teachers?,yes,Teachers shall report their anticipated absences to the substitute center as early as possible in order to enable substitute teachers to arrive in the school before the beginning time of the teachers’ work day. Teachers shall also report their anticipated absences to the school no later than their reporting time.,121,high,
chicago_public_schools__chicago_cps_cba_2019_24__49aa35c8,Chicago_CPS-CBA-2019-24.pdf,workload_work_year_days_001,workload,How many teacher work days or duty days are required in the regular work year?,"190 work days (208-day calendar), 209-210 work days (228-day calendar), or 229-230 work days (248-day calendar), plus 10 paid vacation days and 8-9 paid holidays.","Teachers and PSRPs on a 208 paid day academic calendar will be scheduled for 190 work days (including 10 professional development days if applicable), 10 paid vacation days and 8 paid holidays.",117,high,
chicago_public_schools__chicago_cps_cba_2019_24__49aa35c8,Chicago_CPS-CBA-2019-24.pdf,workload_workday_length_002,workload,What is the required length of the teacher workday?,7 hours for early childhood/elementary/middle; 435 minutes for high school,The regular school day for early childhood and elementary school teachers shall not exceed seven hours... The regular school day for middle school teachers shall not exceed seven hours... The high school day... shall not exceed 435 minutes in length for a high school teacher.,"29, 32, 35",high,
chicago_public_schools__chicago_cps_cba_2019_24__49aa35c8,Chicago_CPS-CBA-2019-24.pdf,workload_prep_guarantee_003,workload,Does the document guarantee teacher planning or preparation time?,yes,"60 minutes of continuous duty-free preparation... 60 minutes of continuous preparation time... seven fifty-minute duty-free, self-directed preparation periods per week.","29, 32, 35",high,
chicago_public_schools__chicago_cps_cba_2019_24__49aa35c8,Chicago_CPS-CBA-2019-24.pdf,workload_prep_minutes_004,workload,How much planning or preparation time is guaranteed?,Elementary/Middle: 60 minutes per day; High School: 7 self-directed and 3 principal-directed 50-minute periods per week,"Each teacher’s day shall be comprised of... 60 minutes of continuous duty-free preparation. Four days each week the teacher’s preparation time shall be self-directed; one day each week this period shall be principal-directed. ... Each teacher’s schedule shall include seven fifty-minute duty-free, self-directed preparation periods per week. Each teacher’s schedule shall include three principal-directed preparation periods per week...","29, 32, 35",high,
chicago_public_schools__chicago_cps_cba_2019_24__49aa35c8,Chicago_CPS-CBA-2019-24.pdf,workload_prep_protected_005,workload,"Does the document restrict use of planning time for meetings, coverage, or other duties?",yes,"duty-free preparation... principal-directed preparation periods per week, which shall be used only for staff development, teacher collaboration, advisory (one per week), department meetings, subject area team meetings and other professional preparation activities.","29, 35",high,
chicago_public_schools__chicago_cps_cba_2019_24__49aa35c8,Chicago_CPS-CBA-2019-24.pdf,workload_lunch_duty_free_006,workload,Does the document guarantee a duty-free lunch?,yes,continuous lunch period of forty-five minutes with no work responsibilities... continuous lunch period of fifty minutes with no work responsibilities,"29, 32, 35",high,
chicago_public_schools__chicago_cps_cba_2019_24__49aa35c8,Chicago_CPS-CBA-2019-24.pdf,workload_lunch_minutes_007,workload,How many minutes is the lunch period?,45-50 minutes,continuous lunch period of forty-five minutes... continuous lunch period of fifty minutes,"29, 32, 35",high,
chicago_public_schools__chicago_cps_cba_2019_24__49aa35c8,Chicago_CPS-CBA-2019-24.pdf,workload_meetings_limits_008,workload,"Does the document limit required faculty, staff, department, or PLC meetings?",yes,One period every six school weeks shall be allowed for departmental meetings during the school day,37,high,
chicago_public_schools__chicago_cps_cba_2019_24__49aa35c8,Chicago_CPS-CBA-2019-24.pdf,workload_nonteaching_duties_009,workload,"Does the document describe non-teaching duties such as supervision, lunch duty, bus duty, hall duty, or clerical duties?",yes,"Each teacher’s day shall be comprised of no more than 296 minutes of instruction, 15 minutes of non-classroom supervision",29,high,
chicago_public_schools__chicago_cps_cba_2019_24__49aa35c8,Chicago_CPS-CBA-2019-24.pdf,class_size_limits_001,class size,"Does the document include class-size limits, caps, goals, or review procedures?",yes,15-6. Class Size. The number of students attending elementary or middle school libraries shall not exceed the maximum class sizes provided in Article 28 for their appropriate grade levels.,80,high,
chicago_public_schools__chicago_cps_cba_2019_24__49aa35c8,Chicago_CPS-CBA-2019-24.pdf,class_elementary_max_002,class size,What elementary class-size maximums or targets are stated?,"28 students at kindergarten level, 28 at primary level, 31 at intermediate and upper grade levels, and 20 in education and CTE guidance centers",28 at the kindergarten level / 28 at the primary level / 31 at the intermediate level and upper grade level / 20 in the education and CTE guidance centers (if any),124,high,
chicago_public_schools__chicago_cps_cba_2019_24__49aa35c8,Chicago_CPS-CBA-2019-24.pdf,class_secondary_max_003,class size,What middle or high school class-size maximums or targets are stated?,Generally 28 students (25 for essential/basic or remedial courses); Art: 31; General Music: 34; Physical Education: 40.,"English (regular, honors and advanced placement): 28

English (essential or basic): 25

Mathematics (regular, honors and advanced placement): 28

Mathematics (remedial): 25

Foreign Language: 28

Social Studies: 28

Business Education: 28

General Science–Science Laboratory: 28

Home Economics–Non-Laboratory: 28

Art: 31

General Music: 34

Physical Education: 40",127,high,
chicago_public_schools__chicago_cps_cba_2019_24__49aa35c8,Chicago_CPS-CBA-2019-24.pdf,class_overage_remedy_004,class size,Does the document provide remedies when class-size limits are exceeded?,yes - procedure to report non-compliance and method for resolving it for special education teachers,This plan shall include a procedure for special education teachers to report when they believe their workloads do not comply with the plan and shall contain a method for expeditiously and efficiently resolving any non-compliance.,104,high,
chicago_public_schools__chicago_cps_cba_2019_24__49aa35c8,Chicago_CPS-CBA-2019-24.pdf,evaluation_procedure_001,evaluation,Does the document describe teacher evaluation procedures?,yes,39     Teacher Evaluation................................................. 169,5,high,"Original answer 'no' directly contradicts the quoted evidence and the Table of Contents. The TOC explicitly lists Article 39 as Teacher Evaluation, confirming the document describes these procedures."
chicago_public_schools__chicago_cps_cba_2019_24__49aa35c8,Chicago_CPS-CBA-2019-24.pdf,evaluation_system_002,evaluation,"What evaluation system, framework, or model is named?",REACH evaluation system; CPS Framework for Teaching,REACH Teacher Evaluation,169,high,
chicago_public_schools__chicago_cps_cba_2019_24__49aa35c8,Chicago_CPS-CBA-2019-24.pdf,evaluation_observation_count_003,evaluation,How many formal observations are required?,"3 observations per cycle, with at least 2 formal","Teachers shall have three observations by qualified evaluators during their evaluation cycles, at least two of which shall be formal observations in order to receive a summative evaluation.",172,high,
chicago_public_schools__chicago_cps_cba_2019_24__49aa35c8,Chicago_CPS-CBA-2019-24.pdf,evaluation_observation_duration_004,evaluation,Does the document specify observation duration or minimum length?,Formal: 45 minutes or length of class period/lesson; Informal: at least 15 minutes,"All formal observations shall be forty-five minutes in duration, the length of the class period or the length of the lesson.",172,high,
chicago_public_schools__chicago_cps_cba_2019_24__49aa35c8,Chicago_CPS-CBA-2019-24.pdf,evaluation_ratings_005,evaluation,What rating categories or performance levels are used?,"excellent, proficient, developing, unsatisfactory","The summative rating will incorporate a 4-rating system, “excellent,” “proficient,” “developing” or “unsatisfactory” based on a numerical scoring system.",71,high,
chicago_public_schools__chicago_cps_cba_2019_24__49aa35c8,Chicago_CPS-CBA-2019-24.pdf,evaluation_student_growth_006,evaluation,"Does the evaluation use student growth, test scores, value-added, or student outcomes?",yes,Student growth scores shall be 30% of the summative rating for the duration of this Agreement,170,high,
chicago_public_schools__chicago_cps_cba_2019_24__49aa35c8,Chicago_CPS-CBA-2019-24.pdf,evaluation_improvement_plan_007,evaluation,"Does the document describe improvement plans, remediation plans, or professional support plans for low-rated teachers?",not_discussed,,not_discussed,high,"The provided document excerpt ends at Article 10. Article 39, 'Teacher Evaluation,' is not included in the text. Consequently, there is no discussion of improvement/remediation plans for low-rated teachers or how evaluation results impact tenure, layoff, transfers, or compensation."
chicago_public_schools__chicago_cps_cba_2019_24__49aa35c8,Chicago_CPS-CBA-2019-24.pdf,evaluation_consequences_008,evaluation,"Does the document state how evaluation results are used in decisions about tenure, layoff priority, transfers, or compensation?",not_discussed,,not_discussed,high,"The provided document excerpt ends at Article 10. Article 39, 'Teacher Evaluation,' is not included in the text. Consequently, there is no discussion of improvement/remediation plans for low-rated teachers or how evaluation results impact tenure, layoff, transfers, or compensation."
chicago_public_schools__chicago_cps_cba_2019_24__49aa35c8,Chicago_CPS-CBA-2019-24.pdf,security_probation_001,job security,"Does the document define probationary, provisional, temporary, permanent, tenure, or continuing contract status?",yes,"9-20. PSRP Probationary Period. Consistent with longstanding past practice and BOARD policy, the probationary period for PSRP bargaining unit employees shall be one year.",51,high,Updated confidence to high as the evidence explicitly defines the probationary period for PSRPs.
chicago_public_schools__chicago_cps_cba_2019_24__49aa35c8,Chicago_CPS-CBA-2019-24.pdf,security_nonrenewal_002,job security,"Does the document state nonrenewal notice, hearing, or appeal rules?",not_discussed,,not_applicable,high,Changed to not_discussed. The term 'nonrenewal' and associated notice/hearing/appeal rules are not mentioned in the provided document text.
chicago_public_schools__chicago_cps_cba_2019_24__49aa35c8,Chicago_CPS-CBA-2019-24.pdf,security_seniority_definition_003,seniority,Does the document define seniority?,yes,"For purposes of this policy only, “seniority” with regard to layoff and reappointment shall mean the length of full-time accumulated service in any career service/ESP position, with such seniority accruing from the date of initial appointment to a career service/ESP position with the Board.",45,high,Updated page to 45 to match the location of this definition in the provided text (Section 9-10).
chicago_public_schools__chicago_cps_cba_2019_24__49aa35c8,Chicago_CPS-CBA-2019-24.pdf,security_voluntary_transfer_004,transfers,"What are the voluntary transfer procedures, if any?","For clinicians, first consideration for vacancies goes to those who express a desire to transfer, with experience as a consideration. The final decision rests with the Office of Diverse Learner Supports and Services, or the principal if the position is at a single attendance center.","First consideration for such vacancies shall be given to those clinicians who have expressed a desire to transfer. Experience shall be a consideration. The final decision as to the transfer shall be made by the Office of Diverse Learner Supports and Services, unless the duties of the position are performed at a single attendance center, in which case the final decision as to transfer shall be made by the receiving school principal.",96-97,high,
chicago_public_schools__chicago_cps_cba_2019_24__49aa35c8,Chicago_CPS-CBA-2019-24.pdf,security_involuntary_transfer_005,transfers,Does the document describe involuntary transfer or reassignment procedures?,yes,"Tenured teachers whose most recent rating is in the top two rating categories (i.e., excellent or superior and excellent or proficient) shall be appointed to a vacancy at a school to which students from their school have been assigned to the extent that a vacancy within the teacher’s certification has been created as in the result of or in connection with the transfer of students. If more than one teacher is eligible for appointment to the same vacancy, selection for the vacancy shall be based on seniority.",368,high,
chicago_public_schools__chicago_cps_cba_2019_24__49aa35c8,Chicago_CPS-CBA-2019-24.pdf,security_rif_006,layoffs,"What are the layoff, reduction in force, retrenchment, or staff reduction procedures, if any?","For PSRPs/ESP: laid off by classification order (uncertified/unqualified, unsatisfactory rating, developing rating, then by seniority). For FEC/CSC/CCS: 21 days notice of position closing applies; other procedures per Appendix I.","9-10. Layoff and Recall. The BOARD’s ESP Layoff and Recall Policy will be applied to include criteria for determining bargaining unit employees to be laid off. Except when bargaining unit employees are laid off due to school actions, employees shall be laid off by school unit in the following manner: ... Employees within those classifications will be laid off in the following order: 1. Employees who do not possess the highly qualified status or who do not hold necessary certifications or other qualifications; 2. Employees rated unsatisfactory... 3. Employees rated developing... 4. All other employees by seniority.",45,high,
chicago_public_schools__chicago_cps_cba_2019_24__49aa35c8,Chicago_CPS-CBA-2019-24.pdf,security_recall_007,layoffs,Does the document provide recall or callback rights after layoff?,yes,interview any laid off CCC whose layoff was effective within the last two years who applies to fill the vacancy,63,high,
chicago_public_schools__chicago_cps_cba_2019_24__49aa35c8,Chicago_CPS-CBA-2019-24.pdf,security_rif_criterion_008,layoffs,What is the primary criterion for determining the order of layoff among teachers?,Performance tiers and inverse order of seniority,"the order of layoff of teachers within the affected unit and certification shall be by the following performance tiers... Within each of the foregoing five tiers, teachers shall be displaced by inverse order of seniority, with the least senior teacher being laid off first.",365,high,
chicago_public_schools__chicago_cps_cba_2019_24__49aa35c8,Chicago_CPS-CBA-2019-24.pdf,security_probation_length_009,job security,What is the probationary or provisional period before tenure or continuing status?,one year,the probationary period for PSRP bargaining unit employees shall be one year.,51,high,
chicago_public_schools__chicago_cps_cba_2019_24__49aa35c8,Chicago_CPS-CBA-2019-24.pdf,security_tenure_rules_010,job security,"Does the document describe tenure, continuing contract, or permanent status rights?",no,,not_applicable,high,
chicago_public_schools__chicago_cps_cba_2019_24__49aa35c8,Chicago_CPS-CBA-2019-24.pdf,security_certification_011,job security,"Does the document state teacher certification, licensure, endorsement, or renewal requirements?",yes,23-2. Appointed Tenured Teacher. An appointed tenured teacher is a full-time certified teacher... 23-3. Probationary Appointed Teacher. A probationary appointed teacher ('PAT') is a full-time certified teacher... 23-6.6. A provisional cadre substitute who obtains a full teacher licensure shall be reclassified,"109, 113",high,
chicago_public_schools__chicago_cps_cba_2019_24__49aa35c8,Chicago_CPS-CBA-2019-24.pdf,discipline_just_cause_001,discipline,"Does the document require just cause, proper cause, or cause for teacher discipline or dismissal?",yes,"The BOARD may dismiss appointed tenured teachers for cause in accordance with Section 34-85 of the Illinois School Code and BOARD policies and procedures, subject to the provisions of this Agreement. The BOARD may dismiss PATs for misconduct during or at the end of the school year consistent with BOARD policies and procedures",109,high,
chicago_public_schools__chicago_cps_cba_2019_24__49aa35c8,Chicago_CPS-CBA-2019-24.pdf,discipline_dismissal_002,discipline,"Does the document describe dismissal, termination, discharge, or contract cancellation procedures?",yes,The BOARD may dismiss appointed tenured teachers for cause... The BOARD may dismiss PATs for misconduct... BOARD shall provide the PAT with written notice in private by June 1 of the current school year... A PAT whose final rating is less than “proficient” shall be afforded the opportunity to submit a resignation within ten days of receipt of the rating or projected rating... Any notice of non-renewal shall provide the reason(s) for the non-renewal.,109-110,high,
chicago_public_schools__chicago_cps_cba_2019_24__49aa35c8,Chicago_CPS-CBA-2019-24.pdf,conduct_outside_employment_001,teacher rights and conduct,"Does the document restrict outside employment, tutoring, or conflicts of interest?",not_discussed,,not_discussed,high,
chicago_public_schools__chicago_cps_cba_2019_24__49aa35c8,Chicago_CPS-CBA-2019-24.pdf,conduct_ethics_002,teacher rights and conduct,"Does the document include a code of ethics, standards of conduct, or professional responsibility rules?",not_discussed,,not_discussed,high,
chicago_public_schools__chicago_cps_cba_2019_24__49aa35c8,Chicago_CPS-CBA-2019-24.pdf,conduct_drug_alcohol_003,teacher rights and conduct,"Does the document include drug-free workplace, alcohol, or substance-abuse rules?",not_discussed,,not_discussed,high,
chicago_public_schools__chicago_cps_cba_2019_24__49aa35c8,Chicago_CPS-CBA-2019-24.pdf,conduct_social_media_005,teacher rights and conduct,Does the document regulate employee social media use?,not_discussed,,not_discussed,high,
chicago_public_schools__chicago_cps_cba_2019_24__49aa35c8,Chicago_CPS-CBA-2019-24.pdf,conduct_acceptable_use_006,teacher rights and conduct,"Does the document include acceptable-use, email, internet, or network technology rules for employees?",not_discussed,,not_discussed,high,
chicago_public_schools__chicago_cps_cba_2019_24__49aa35c8,Chicago_CPS-CBA-2019-24.pdf,conduct_academic_freedom_007,teacher rights and conduct,Does the document protect academic freedom or personal academic views?,not_discussed,,not_discussed,high,
chicago_public_schools__chicago_cps_cba_2019_24__49aa35c8,Chicago_CPS-CBA-2019-24.pdf,conduct_curriculum_autonomy_008,teacher rights and conduct,"Does the document address teacher discretion over curriculum, lesson content, methods, or instructional materials?",yes,"The organization, format, notation and other physical aspects of and the instructional strategies to be used for the lesson plan are within the teacher’s discretion.",193,high,
chicago_public_schools__chicago_cps_cba_2019_24__49aa35c8,Chicago_CPS-CBA-2019-24.pdf,conduct_lesson_plans_009,teacher rights and conduct,Does the document require lesson plans or specify lesson-plan submission rules?,yes,Principals and/or network administrators shall not require that teachers submit separate unit and lesson plans. Teachers shall have reasonable time to submit lesson plans or supplements.,193,high,
chicago_public_schools__chicago_cps_cba_2019_24__49aa35c8,Chicago_CPS-CBA-2019-24.pdf,conduct_political_activity_010,teacher rights and conduct,Does the document restrict or protect political activity by teachers?,not_discussed,,not_applicable,high,
chicago_public_schools__chicago_cps_cba_2019_24__49aa35c8,Chicago_CPS-CBA-2019-24.pdf,conduct_non_duty_hours_011,teacher rights and conduct,Does the document protect teachers' personal affairs or conduct during non-duty hours?,not_discussed,,not_applicable,high,
chicago_public_schools__chicago_cps_cba_2019_24__49aa35c8,Chicago_CPS-CBA-2019-24.pdf,safety_health_committee_001,safety and working conditions,Does the document include health and safety provisions or a safety committee?,yes,"ARTICLE 14 SAFE AND HEALTHY WORK ENVIRONMENT / 14-1. Safe and Healthful Working Conditions. Bargaining unit employees shall work under safe and healthful conditions. 14-2. Situations Likely to Cause Serious Harm. When the UNION determines that a situation has arisen that is likely to cause serious physical or emotional harm to bargaining unit employees, the UNION may bring it to the attention of the Chief Executive Officer who shall assess the situation within three school days.",77,high,
chicago_public_schools__chicago_cps_cba_2019_24__49aa35c8,Chicago_CPS-CBA-2019-24.pdf,safety_assault_protection_002,safety and working conditions,Does the document provide teacher assault protections or procedures after assault?,yes,"14-3. Special Notice for Victims of Violence. In the event of a school-related assault on or battery of a teacher or PSRP, the Law Department of the BOARD, when notified, shall inform the teacher or PSRP of the teacher’s or PSRP’s legal rights, and the teacher or PSRP shall be assisted by the Law Department in court appearances. 14-4. Special Leave Benefits for Victims of Violence. ... 14-4.1. Compensation and Medical Benefits. ... bargaining unit employees whose absences result from a school-related assault or battery shall be paid full salary and medical expenses by the BOARD ... 14-4.3. Reporting of Cases of Assault or Battery. Bargaining unit employees shall immediately or as soon as they are able report to the school principal all cases of assault or battery...",77-78,high,
chicago_public_schools__chicago_cps_cba_2019_24__49aa35c8,Chicago_CPS-CBA-2019-24.pdf,safety_student_discipline_003,safety and working conditions,Does the document describe student discipline or behavior-management procedures affecting teachers?,yes,"Whenever a CTE teacher determines that the classroom conduct of a student may create a safety hazard for said student or for other students enrolled in the class, the CTE teacher shall immediately notify the principal or the principal’s designee, requesting exclusion of that student, stating in writing the reasons therefore. ... The principal or the principal’s designee shall immediately investigate the matter. ... the principal shall determine the disposition of the matter.",88,high,
chicago_public_schools__chicago_cps_cba_2019_24__49aa35c8,Chicago_CPS-CBA-2019-24.pdf,safety_remove_student_004,safety and working conditions,Does the document state a teacher's authority to remove a student from class?,yes,"Upon receipt of written directions from the principal or the principal’s designee as to where the student is to be sent, the student may be excluded from that CTE related shop or laboratory environment.",88,high,
chicago_public_schools__chicago_cps_cba_2019_24__49aa35c8,Chicago_CPS-CBA-2019-24.pdf,safety_emergency_closure_005,safety and working conditions,"Does the document address emergency, lockdown, inclement weather, or school closure procedures for staff?",yes,"14-5. Emergency Situations. In emergency situations over which the school system has no control (e.g., natural and man-made disasters, fires or criminal behavior) that disrupt schools and/or threaten the safety of bargaining unit employees, students or BOARD property, the UNION agrees to cooperate with the school administration in implementing workable solutions. Upon request of the UNION, the BOARD shall bargain with the UNION over compensation or alternatives for compensation for responding to the emergency.",78,high,
chicago_public_schools__chicago_cps_cba_2019_24__49aa35c8,Chicago_CPS-CBA-2019-24.pdf,safety_environment_006,safety and working conditions,"Does the document address physical working conditions such as temperature, ventilation, air quality, cleanliness, acoustics, or construction disruption?",yes,testing environments that are heated and well ventilated... A process to remediate the situation shall be determined by the Clinician Professional Problems Committee... Preschool classrooms with SECAs shall have access to adequate bathroom facilities including safe and sanitary diapering facilities... school shall provide all necessary supplies for containment of soiled clothing in safe and sanitary fashion.,"95, 84",high,
chicago_public_schools__chicago_cps_cba_2019_24__49aa35c8,Chicago_CPS-CBA-2019-24.pdf,safety_security_measures_007,safety and working conditions,"Does the document mention security staff, building access, visitor controls, cameras, or personal security measures?",yes,The UNION representative shall report to the school office immediately upon arrival and sign the official register.,14,high,Page corrected to 14 based on the provided document. The requirement to sign the official register upon arrival explicitly supports the presence of building access/visitor control measures.
chicago_public_schools__chicago_cps_cba_2019_24__49aa35c8,Chicago_CPS-CBA-2019-24.pdf,safety_weapons_008,safety and working conditions,Does the document state employee obligations or restrictions related to weapons on school property?,yes,"Principals, or their designees, shall notify the police in case of serious school-related offenses including... possession or use of weapons",139,medium,"Cited evidence references page 139, which is outside the provided excerpt. The language explicitly states obligations regarding weapons on school property, confirming the answer."
chicago_public_schools__chicago_cps_cba_2019_24__49aa35c8,Chicago_CPS-CBA-2019-24.pdf,pd_new_teacher_mentoring_001,professional development,"Does the document provide mentoring, induction, orientation, or support for new teachers?",yes,"New teachers to a school and all teachers at a school with a new principal at the start of the school year shall be provided with an orientation session on the teacher evaluation plan during the first week of the school year prior to student attendance, but not later than the 20th day of student attendance",170,high,
chicago_public_schools__chicago_cps_cba_2019_24__49aa35c8,Chicago_CPS-CBA-2019-24.pdf,pd_teacher_leadership_002,professional development,"Does the document create teacher leadership roles, instructional coaches, councils, or committees tied to professional practice?",yes,"Teacher leaders shall be placed in teacher positions with a value of 1.2, and all such salary is pensionable under Article 36-4.1. Teacher leaders shall work an eight-hour work day exclusive of a forty-five-minute lunch period with no work responsibilities.",41,high,
chicago_public_schools__chicago_cps_cba_2019_24__49aa35c8,Chicago_CPS-CBA-2019-24.pdf,pd_career_ladder_003,professional development,"Does the document include a career ladder, teacher advancement pathway, or differentiated career roles?",yes,"Professional development teachers assigned to instructional or professional development schools whose daily duties include instruction and professional development activities beyond a regular teacher’s work day (i.e., 6.25 hours exclusive of lunch and seven hours inclusive of lunch) shall be placed in teacher positions with a value of 1.2, and their compensation for their regular hours of work shall be considered regular salary and pensionable under Article 36-4.1. Teacher leaders shall be placed in teacher positions with a value of 1.2",41-42,high,
clark_county_school_district__clark_county_2021_2023_cba__d2fe4fd5,Clark_County_2021-2023_CBA.pdf,meta_doc_type_001,document metadata,What type of district document is this PDF?,CBA,Negotiated Agreement between the Clark County School District and the Clark County Education Association,1,high,
clark_county_school_district__clark_county_2021_2023_cba__d2fe4fd5,Clark_County_2021-2023_CBA.pdf,meta_effective_dates_002,document metadata,What school years or effective dates does the document cover?,"2021-2023, effective October 28, 2021","Cover states '2021-2023'; Preamble states 'effective October 28, 2021.'",Cover/5,high,Updated evidence to explicitly cite both the contract term and effective date from their respective locations for completeness.
clark_county_school_district__clark_county_2021_2023_cba__d2fe4fd5,Clark_County_2021-2023_CBA.pdf,meta_bargaining_unit_003,document metadata,Which employee group or bargaining unit is covered?,All licensed personnel/teachers employed by the Clark County School District (excluding the Superintendent and employees paid on the Unified Administrative Salary Schedule),"Excluding the Superintendent and employees paid on the Unified Administrative Salary Schedule, the School Trustees recognize the Association as the exclusive representative of all licensed personnel employed or to be employed by the School District.",7,high,
clark_county_school_district__clark_county_2021_2023_cba__d2fe4fd5,Clark_County_2021-2023_CBA.pdf,meta_document_scope_004,document metadata,"Does the document state that it is binding, advisory, summary-only, or not a contract?",binding agreement,This Agreement shall be incorporated by reference and become a part of the teachers' contract of employment.,33,high,"Replaced initial preamble quote with Article 25-1, which more explicitly establishes the document's binding contractual nature."
clark_county_school_district__clark_county_2021_2023_cba__d2fe4fd5,Clark_County_2021-2023_CBA.pdf,meta_text_usability_005,document metadata,Is the PDF text extractable enough for reliable coding?,usable,"The provided text is fully extractable, clearly formatted, and legible throughout the document section.",not_applicable,high,
clark_county_school_district__clark_county_2021_2023_cba__d2fe4fd5,Clark_County_2021-2023_CBA.pdf,meta_cites_state_law_006,document metadata,"Does the document cite any state laws, statutes, or administrative codes?",yes,"The term ""NRS 288,"" as used in this Agreement, shall refer to the Statutes of Nevada enacted by the 1969 Session of the Nevada Legislature and revised by subsequent sessions of the Nevada Legislature.",6,high,
clark_county_school_district__clark_county_2021_2023_cba__d2fe4fd5,Clark_County_2021-2023_CBA.pdf,meta_state_law_citations_007,document metadata,Quote all sentences citing state laws or statutes.,"1. ""The term ""NRS 288,"" as used in this Agreement, shall refer to the Statutes of Nevada enacted by the 1969 Session of the Nevada Legislature and revised by subsequent sessions of the Nevada Legislature.""
2. ""The term ""School Trustees,"" as used in this Agreement, shall mean the Board of School Trustees of the Clark County School District, and is the entity known as the Local Government Employer in NRS 288.060.""
3. ""The term ""Association,"" as used in this Agreement, shall mean the Clark County Education Association and is the entity known as the Employee Organization in NRS 288.040.""
4. ""The term ""School Year"" shall be as defined in NRS 388.080 which states: ""The public school year shall commence on the first day of July and shall end on the last day of June.""""
5. ""The term ""Board"" means the Local Government Employee-Management Relations Board (EMRB), as provided in NRS 288.030.""
6. ""It is acknowledged and understood by the parties hereto that recognition was and is granted in accordance with NRS 288.""
7. ""Recognition is granted only so long as the Association complies with the provisions of NRS 288, and it may only be withdrawn during the term of this Agreement in accordance with NRS 288.""
8. ""All rights and privileges granted to the Association under the provisions of this Agreement shall be for the exclusive use of the Association subject to the exception of NRS 288.140.""
9. ""It is understood. if the parties fail to reach agreement as a result of direct negotiations. impasse proceedings may be invoked by either party in accordance with the provisions of NRS 288.""
10. ""A grievance shall not include any matter or action taken by the School Trustees, or any of its agents, for which relief is granted by the statutes of Nevada.""
11. ""All requests for such deductions must be in accordance with NRS 608.110.""
12. ""A teacher may use reasonable and necessary force as provided for by NRS 392.4633.""
13. ""Any PERS credit received pursuant to the 1/5 credit provisions of NRS 391.165 as it existed on June 30, 2007 will not be used in calculating the years of service; thus an employee who receives any PERS credit pursuant to NRS 391.165 as it existed on June 30, 2007 may exceed the 30 years and qualify for the benefits allowed in Article 18-9.""","""The term ""NRS 288,"" as used in this Agreement, shall refer to the Statutes of Nevada enacted by the 1969 Session of the Nevada Legislature and revised by subsequent sessions of the Nevada Legislature."" (p. 6); ""The term ""School Trustees,"" as used in this Agreement, shall mean the Board of School Trustees of the Clark County School District, and is the entity known as the Local Government Employer in NRS 288.060."" (p. 6); ""The term ""Association,"" as used in this Agreement, shall mean the Clark County Education Association and is the entity known as the Employee Organization in NRS 288.040."" (p. 6); ""The term ""School Year"" shall be as defined in NRS 388.080 which states: ""The public school year shall commence on the first day of July and shall end on the last day of June."""" (p. 6); ""The term ""Board"" means the Local Government Employee-Management Relations Board (EMRB), as provided in NRS 288.030."" (p. 6); ""It is acknowledged and understood by the parties hereto that recognition was and is granted in accordance with NRS 288."" (p. 7); ""Recognition is granted only so long as the Association complies with the provisions of NRS 288, and it may only be withdrawn during the term of this Agreement in accordance with NRS 288."" (p. 7); ""All rights and privileges granted to the Association under the provisions of this Agreement shall be for the exclusive use of the Association subject to the exception of NRS 288.140."" (p. 7); ""It is understood. if the parties fail to reach agreement as a result of direct negotiations. impasse proceedings may be invoked by either party in accordance with the provisions of NRS 288."" (p. 7); ""A grievance shall not include any matter or action taken by the School Trustees, or any of its agents, for which relief is granted by the statutes of Nevada."" (p. 7); ""All requests for such deductions must be in accordance with NRS 608.110."" (p. 13); ""A teacher may use reasonable and necessary force as provided for by NRS 392.4633."" (p. 19); ""Any PERS credit received pursuant to the 1/5 credit provisions of NRS 391.165 as it existed on June 30, 2007 will not be used in calculating the years of service; thus an employee who receives any PERS credit pursuant to NRS 391.165 as it existed on June 30, 2007 may exceed the 30 years and qualify for the benefits allowed in Article 18-9."" (p. 27)","6, 7, 13, 19, 27",high,"Updated to include two additional state law citations found in the document: NRS 392.4633 (Article 12-11, p. 19) and NRS 391.165 (Article 18-9-2, p. 27)."
clark_county_school_district__clark_county_2021_2023_cba__d2fe4fd5,Clark_County_2021-2023_CBA.pdf,meta_cites_federal_law_008,document metadata,"Quote all sentences citing federal laws, statutes, or regulations.",It is recognized that the Family Educational Rights and Privacy Act (FERPA) may limit the availability of student-related records and statements.,It is recognized that the Family Educational Rights and Privacy Act (FERPA) may limit the availability of student-related records and statements.,14,high,
clark_county_school_district__clark_county_2021_2023_cba__d2fe4fd5,Clark_County_2021-2023_CBA.pdf,meta_federal_law_citations_009,document metadata,Which federal laws or statutes are cited?,Family Educational Rights and Privacy Act (FERPA),It is recognized that the Family Educational Rights and Privacy Act (FERPA) may limit the availability of student-related records and statements.,14,high,
clark_county_school_district__clark_county_2021_2023_cba__d2fe4fd5,Clark_County_2021-2023_CBA.pdf,pay_salary_schedule_001,compensation,Does the document include a teacher salary schedule or salary scale?,yes,"Professional Salary Table (PST): The salary table shall be effective on December 1, 2021 for each employee pursuant to their contract (Table 1). / Salary Schedule (SS): The salary schedule in effect for the 2015-2016 school year (Table 4).",33,high,
clark_county_school_district__clark_county_2021_2023_cba__d2fe4fd5,Clark_County_2021-2023_CBA.pdf,pay_salary_schedule_002,compensation,What year or years does the salary schedule cover?,"2015-2016 school year (Salary Schedule) and effective December 1, 2021 (Professional Salary Table); multiple schedules included (PST, SS, TSS).","Professional Salary Table (PST): The salary table shall be effective on December 1, 2021... / Salary Schedule (SS): The salary schedule in effect for the 2015-2016 school year... / Transitional Salary Schedule (TSS): The transitional salary schedule (Table 3)...",33,high,Updated evidence to include TSS definition from Article 26-1c for completeness.
clark_county_school_district__clark_county_2021_2023_cba__d2fe4fd5,Clark_County_2021-2023_CBA.pdf,pay_step_increment_003,compensation,Does the document explain annual step advancement or salary increments?,yes,"Movement to a new column on the salary schedule shall be to the next column and then one step, as part of regular step movement, down on the salary schedule, i.e., move across and one step down. No licensed employee will be eligible for more than one step movement per year, in total.",33,high,Adjusted page to 33 to match document pagination.
clark_county_school_district__clark_county_2021_2023_cba__d2fe4fd5,Clark_County_2021-2023_CBA.pdf,pay_prior_experience_005,compensation,Does the document state how prior teaching experience is credited for salary placement?,no,,not_applicable,high,
clark_county_school_district__clark_county_2021_2023_cba__d2fe4fd5,Clark_County_2021-2023_CBA.pdf,pay_performance_pay_006,compensation,"Does the document include performance pay, merit pay, or evaluation-based compensation?",yes,"Upon completion, the licensed employee shall be awarded the status of Master Practitioner and shall advance one column movement plus two steps, unless the salary schedule is modified and agreed upon by the parties.",35,medium,"Evidence explicitly supports answer. Note: Page 35 was not fully provided in the source text, but the quoted passage directly addresses performance/merit advancement."
clark_county_school_district__clark_county_2021_2023_cba__d2fe4fd5,Clark_County_2021-2023_CBA.pdf,pay_performance_pay_007,compensation,How are teachers evaluated for purposes of performance-based pay eligibility?,Evaluations are conducted under the Nevada Educator Performance Framework (NEPF) or any mandated licensed personnel evaluation framework. Eligibility requires demonstrating two years of 'effective or highly-effective' evaluations.,NEPF: The Nevada Educator Performance Framework or any licensed personnel evaluation framework mandated by Nevada statute... / Eligibility: ...demonstrate two years of effective or highly-effective evaluations.,"33, 35",medium,Evidence explicitly supports answer. Note: Page 35 content was not fully provided in the source text snippet.
clark_county_school_district__clark_county_2021_2023_cba__d2fe4fd5,Clark_County_2021-2023_CBA.pdf,pay_cost_of_living_007,compensation,Does the document specify across-the-board raises or COLA percentages?,3% across-the-board salary scale increase; Effective: 2021-2022 school year (first pay period); Covers licensed employees on the Professional Salary Table (PST).,"For the 2021-2022 school year the total representative sum of funds from a three-percent (3%) salary scale increase that would have been paid from the start of the contractual year through November 30, 2021, will be divided and paid as follows:",44,high,
clark_county_school_district__clark_county_2021_2023_cba__d2fe4fd5,Clark_County_2021-2023_CBA.pdf,pay_extra_duty_schedule_008,compensation,Does the document include an extra-duty or supplemental pay schedule?,yes,"ARTICLE 37 EXTRA PAY FOR EXTRA DUTY SCHEDULE... 37-1 EXTENDED DAY EXTRACURRICULAR PAY... The formula agreed upon to determine the amount of the stipend shall be based on the Index, Class A, Step 1 Base Salary",66,high,
clark_county_school_district__clark_county_2021_2023_cba__d2fe4fd5,Clark_County_2021-2023_CBA.pdf,pay_hardtostaff_sped_009,compensation,"Does the document provide additional pay, stipends, or salary differentials for special education teachers?",yes,Licensed employees who are special education case managers with a ninety-five percent (95%) compliance rate on their IEPs will be compensated for two (2) additional days of pay at their contractual rate of pay at the conclusion of each semester... Licensed employees shall receive no more than four (4) additional days of pay for the completion of their IEPs each school year.,45,high,
clark_county_school_district__clark_county_2021_2023_cba__d2fe4fd5,Clark_County_2021-2023_CBA.pdf,pay_hardtostaff_stem_010,compensation,"Does the document provide additional pay, stipends, or salary differentials for teachers in STEM subjects?",not_discussed,,not_applicable,high,
clark_county_school_district__clark_county_2021_2023_cba__d2fe4fd5,Clark_County_2021-2023_CBA.pdf,pay_hardtostaff_other_011,compensation,"Does the document provide additional pay, stipends, or salary differentials for teachers in high-need subjects or schools other than special education or STEM?",not_discussed,,not_applicable,high,
clark_county_school_district__clark_county_2021_2023_cba__d2fe4fd5,Clark_County_2021-2023_CBA.pdf,pay_hardtostaff_schools_012,compensation,"Does the document provide incentives specifically for teaching in hard-to-staff, high-need, Title I, or priority schools, regardless of subject?",yes,"For the term of this agreement, licensed employees who are assigned to work in any designated Title 1, Tier 1, or Title 1, Tier 2, school for two consecutive school years... may do so once every two school years... Beginning July 1, 2022, CCSD will offer all Licensed employees assigned to a Tier-1 school an opportunity to achieve their TES LIE LAD endorsement. CCSD will pay for the cost of the TESL/ELAD endorsement...","34, 45",high,
clark_county_school_district__clark_county_2021_2023_cba__d2fe4fd5,Clark_County_2021-2023_CBA.pdf,pay_experience_credit_indistrict_013,compensation,Does the document specify how prior in-district teaching experience is credited for initial salary placement?,yes,"If a licensed employee has previously worked for School District within the past three school years, the most recent column and step the individual received as a licensed employee in the School District shall be utilized for placement upon return to the School District.",39,medium,"Evidence explicitly supports the answer. Note: Cited page 39 falls outside the provided document excerpt (ends at p. 33), so verification is limited to the quoted text."
clark_county_school_district__clark_county_2021_2023_cba__d2fe4fd5,Clark_County_2021-2023_CBA.pdf,pay_experience_credit_outofdistrict_014,compensation,Does the document specify how out-of-district but in-state teaching experience is credited for salary placement?,yes,"However, if the individual has worked in another school district during that time period, the salary of the most recent Nevada school district shall apply.",40,medium,"Evidence explicitly supports the answer. Note: Cited page 40 falls outside the provided document excerpt (ends at p. 33), so verification is limited to the quoted text."
clark_county_school_district__clark_county_2021_2023_cba__d2fe4fd5,Clark_County_2021-2023_CBA.pdf,pay_experience_credit_outofstate_015,compensation,Does the document specify how out-of-state teaching experience is credited for salary placement?,not_discussed,,not_discussed,high,Confirmed not discussed within the scope of the provided text.
clark_county_school_district__clark_county_2021_2023_cba__d2fe4fd5,Clark_County_2021-2023_CBA.pdf,pay_experience_credit_military_public_016,compensation,Does the document credit military service or other public service for salary placement?,yes,"Those licensed employees who, while serving in the U.S. Armed Forces, went to formal instructor training and taught full-time in a military training program shall be placed in accordance with the provisions of Article 26-9 or Article 26-10, as applicable, utilizing the instructor's previous base salary.",43,medium,"Evidence explicitly supports the answer. Note: Cited page 43 falls outside the provided document excerpt (ends at p. 33), so verification is limited to the quoted text."
clark_county_school_district__clark_county_2021_2023_cba__d2fe4fd5,Clark_County_2021-2023_CBA.pdf,pay_national_board_017,compensation,Does the document provide extra pay for National Board certification or similar advanced certification?,"$5,532 (Tier 1 column for Counselors)","Counselor | Endorsement as a school counselor and certified as NBCT ... Tier 1: Receives an additional column, equivalent to $5,532, on the PST in accordance with Article 26.",48,medium,"Evidence explicitly supports the specific certification bonus amount and category. Note: Cited page 48 falls outside the provided document excerpt (ends at p. 33), so verification is limited to the quoted text."
clark_county_school_district__clark_county_2021_2023_cba__d2fe4fd5,Clark_County_2021-2023_CBA.pdf,benefits_health_001,benefits,Does the document state that health or medical insurance is available to teachers?,yes; Teacher Health Trust for group insurance and health care benefits to licensed teachers,"The Association may establish a teacher health trust (hereinafter the ""Trust"") for the purpose of administering group insurance and health care benefits to teachers.",49,high,
clark_county_school_district__clark_county_2021_2023_cba__d2fe4fd5,Clark_County_2021-2023_CBA.pdf,benefits_health_contribution_002,benefits,What employer contribution toward health insurance is stated?,$703.49 per month per employee (2022-2023); $75.00 per month for optional EPO coverage,"28-2 During the 2022-2023 contract year. the District shall pay a monthly contribution of $703.49 per employee. For optional coverage (EPO or a successor option) in lieu of regular insurance coverage, the District shall pay $75.00 per month.",50,high,Updated evidence to include the full provision covering both regular and EPO contributions for accuracy.
clark_county_school_district__clark_county_2021_2023_cba__d2fe4fd5,Clark_County_2021-2023_CBA.pdf,benefits_health_employee_premium_003,benefits,What employee health insurance premium or contribution is stated?,not_discussed,,not_applicable,high,"Provided document text truncates before Article 28 details regarding employee premiums. Based on available text, correctly coded as not_discussed."
clark_county_school_district__clark_county_2021_2023_cba__d2fe4fd5,Clark_County_2021-2023_CBA.pdf,benefits_dependent_health_004,benefits,"Does the document mention dependent, spouse, family, or domestic partner health coverage?",not_discussed,,not_applicable,high,No mention of dependent/spouse coverage in the provided document excerpt.
clark_county_school_district__clark_county_2021_2023_cba__d2fe4fd5,Clark_County_2021-2023_CBA.pdf,benefits_health_plan_type_005,benefits,What health plan types are described?,EPO (or a successor option),"For optional coverage (EPO or a successor option) in lieu of regular insurance coverage, the District shall pay $75.00 per month.",50,high,Verified against Article 28-2.
clark_county_school_district__clark_county_2021_2023_cba__d2fe4fd5,Clark_County_2021-2023_CBA.pdf,benefits_dental_006,benefits,Does the document state that dental insurance is available?,not_discussed,,not_applicable,high,No mention of dental insurance in the provided document excerpt.
clark_county_school_district__clark_county_2021_2023_cba__d2fe4fd5,Clark_County_2021-2023_CBA.pdf,benefits_vision_007,benefits,Does the document state that vision or optical insurance is available?,not_discussed,,not_discussed,high,
clark_county_school_district__clark_county_2021_2023_cba__d2fe4fd5,Clark_County_2021-2023_CBA.pdf,benefits_life_008,benefits,Does the document provide district-paid or voluntary life insurance?,not_discussed,,not_discussed,high,
clark_county_school_district__clark_county_2021_2023_cba__d2fe4fd5,Clark_County_2021-2023_CBA.pdf,benefits_disability_009,benefits,Does the document mention short-term or long-term disability coverage?,not_discussed,,not_discussed,high,
clark_county_school_district__clark_county_2021_2023_cba__d2fe4fd5,Clark_County_2021-2023_CBA.pdf,benefits_retirement_contribution_010,benefits,What employer retirement or pension contribution is stated?,Standard employer contribution to PERS or Social Security as required by law,"The School District agrees to pay the standard employee and/or employer contribution to Social Security or any Public Employees Retirement System for each employee covered by this Agreement, as required by law.",54,high,
clark_county_school_district__clark_county_2021_2023_cba__d2fe4fd5,Clark_County_2021-2023_CBA.pdf,benefits_leave_continuation_011,benefits,Does the document state whether insurance benefits continue during paid or unpaid leave?,not_discussed,,not_discussed,high,
clark_county_school_district__clark_county_2021_2023_cba__d2fe4fd5,Clark_County_2021-2023_CBA.pdf,benefits_retiree_012,benefits,"Does the document provide retiree health, dental, life, or other post-employment benefits?",no,The District shall make no contributions to the Retiree Health Plan. No licensed employee shall pay any assessments.,51,high,"Stage 1 coded 'yes', but the evidence explicitly states 'District shall make no contributions to the Retiree Health Plan.' Corrected to 'no' as the document clearly indicates the provision is not provided."
clark_county_school_district__clark_county_2021_2023_cba__d2fe4fd5,Clark_County_2021-2023_CBA.pdf,leave_sick_days_001,leave,How many paid sick leave days are granted per year?,15,credited with and may use up to six (6) days of sick leave at the beginning of the school year which are earned at 1.5 days per month for a maximum of ten (10) months not to exceed fifteen (15) days.,25,high,
clark_county_school_district__clark_county_2021_2023_cba__d2fe4fd5,Clark_County_2021-2023_CBA.pdf,leave_sick_accrual_002,leave,"Does sick leave accumulate or carry over, and what cap is stated?",Accumulates without limit,Unused sick leave shall be accumulated from year to year without limit.,25,high,
clark_county_school_district__clark_county_2021_2023_cba__d2fe4fd5,Clark_County_2021-2023_CBA.pdf,leave_sick_family_003,leave,May teachers use sick leave for family illness or family care?,yes,because of serious illness or accident in the immediate family.,25,high,
clark_county_school_district__clark_county_2021_2023_cba__d2fe4fd5,Clark_County_2021-2023_CBA.pdf,leave_personal_days_004,leave,How many paid personal leave days are granted per year?,1 day universal plus 2 or 4 days earned,All licensed employees will qualify for one day of universal leave... entitled to two (2) days earned personal leave with pay... four (4) days earned personal leave with pay.,29,high,
clark_county_school_district__clark_county_2021_2023_cba__d2fe4fd5,Clark_County_2021-2023_CBA.pdf,leave_personal_restrictions_005,leave,What restrictions apply to personal leave use?,"4 days notice required; blackout dates include first/last 5 days of school year, Friday before Labor Day, Tue/Wed after Labor Day, Thu/Fri before last day of school (except emergencies/graduations)","notify their immediate supervisor... at least four (4) days prior... shall not be taken during the first five (5) days and the Friday before Labor Day, or the Tuesday and Wednesday following Labor Day... last five (5) days... Thursday and Friday preceding the last day of school, except in cases of emergency or graduation",30,high,
clark_county_school_district__clark_county_2021_2023_cba__d2fe4fd5,Clark_County_2021-2023_CBA.pdf,leave_personal_conversion_006,leave,"Does unused personal leave convert to sick leave, cash, or another benefit?",yes,Licensed employees may elect to buy-out earned personal leave at the daily rate of pay for a short-term substitute teacher in lieu thereof. Earned personal leave days not used by the end of a licensed employee's school year shall be purchased by the District and may not be accumulated.,30,high,
clark_county_school_district__clark_county_2021_2023_cba__d2fe4fd5,Clark_County_2021-2023_CBA.pdf,leave_bereavement_days_007,leave,How many bereavement leave days are available?,"3 days paid per incident, up to 2 additional days approved by supervisor (max 7 days total including travel), deducted from sick leave.","Leave with full pay shall be allowed for three (3) days for each period of bereavement or absence due to death in the immediate family of the employee and must be used for that purpose. Two (2) additional days with full pay may be approved by the employee's supervisor. Time may be allowed for travel, with maximum bereavement leave not to exceed seven (7) days. Bereavement leave shall be deducted from sick leave.",29,high,
clark_county_school_district__clark_county_2021_2023_cba__d2fe4fd5,Clark_County_2021-2023_CBA.pdf,leave_bereavement_relatives_008,leave,Which relatives or household members are covered by bereavement leave?,"Mother, father, husband, wife, son, daughter, brother, sister, mother-in-law, father-in-law, foster child, step child, step parent, any person living in the immediate household, grandmother, grandfather, grandchild, brother-in-law, sister-in-law, son-in-law, daughter-in-law, foster parent, aunt, and uncle.","The term ""Immediate Family"" pertaining to the use of bereavement leave shall include those persons named above or any person living in the immediate household of the employee and also grandmother, grandfather, grandchild, brother-in-law, sister-in-law, son-in-law, daughter-in-law, foster parent, aunt and uncle.",6,high,"Revised from not_discussed to specific answer. Article 1-11 explicitly defines immediate family for bereavement leave, which is referenced by Article 19-1."
clark_county_school_district__clark_county_2021_2023_cba__d2fe4fd5,Clark_County_2021-2023_CBA.pdf,leave_parental_paid_009,leave,"Does the document provide paid parental, bonding, maternity, paternity, or adoption leave beyond accrued sick leave?",no,"The teacher will have the option of charging any and all maternity/paternity/adoption leave to accrued sick leave or, if accrued sick leave is not sufficient, leave may be taken without pay.",28,high,"Updated evidence to Article 18-10-3, which more directly confirms that leave is charged to sick leave or taken without pay, explicitly stating no paid leave exists beyond sick leave."
clark_county_school_district__clark_county_2021_2023_cba__d2fe4fd5,Clark_County_2021-2023_CBA.pdf,leave_pregnancy_disability_010,leave,"Does the document address pregnancy, childbirth, or temporary disability leave?",yes,"Teachers who become pregnant may continue to perform their assignments until: a. the teacher requests relief from assigned duties, or b. the District determines that the teacher's condition prevents the teacher from carrying out the essential functions of the job.",27,high,
clark_county_school_district__clark_county_2021_2023_cba__d2fe4fd5,Clark_County_2021-2023_CBA.pdf,leave_adoption_childcare_011,leave,"Does the document provide adoption, child care, or bonding leave?",yes,"Maternity/paternity/adoption leave may be granted to teachers. Leave of absence for maternity/paternity/adoption must be applied for not later than sixty (60) calendar days prior to the expected date of delivery and, if possible, notice shall be given before the anticipated placement date of an adopted child.",27,high,Updated evidence to Article 18-10-1 for a more direct reference to adoption leave provisions.
clark_county_school_district__clark_county_2021_2023_cba__d2fe4fd5,Clark_County_2021-2023_CBA.pdf,leave_fmla_012,leave,Does the document discuss Family and Medical Leave Act rights or equivalent family medical leave?,not_discussed,,not_applicable,high,
clark_county_school_district__clark_county_2021_2023_cba__d2fe4fd5,Clark_County_2021-2023_CBA.pdf,leave_absence_reporting_013,leave,Does the document specify absence reporting or substitute-request procedures for teachers?,not_discussed,,not_applicable,high,"The document does not specify a general absence reporting or substitute-request procedure for teachers. While Article 16-13 requires written applications for extended leaves and Article 20-4 mandates four days' notice for personal leave, daily absence reporting and substitute procurement are not detailed in the contract text. The document refers to administrative regulations for these operational procedures rather than codifying them directly."
clark_county_school_district__clark_county_2021_2023_cba__d2fe4fd5,Clark_County_2021-2023_CBA.pdf,workload_work_year_days_001,workload,How many teacher work days or duty days are required in the regular work year?,184,The work year of the teachers covered by the classroom teacher salary schedule (other than new personnel who may be required to attend five (5) additional orientation days) shall consist of not more than one hundred and eighty-four (184) school days,30,high,Updated evidence to Article 21-1 (page 30) for the most direct contractual definition of the work year length.
clark_county_school_district__clark_county_2021_2023_cba__d2fe4fd5,Clark_County_2021-2023_CBA.pdf,workload_workday_length_002,workload,What is the required length of the teacher workday?,7 hours 11 minutes,Classroom teachers covered by this Agreement shall be required to work at the school premises a regular workday of seven (7) hours and eleven (11) minutes including the duty-free lunch period provided below,31,high,Updated evidence to Article 22-1 (page 31) for the explicit contractual definition of the daily work length.
clark_county_school_district__clark_county_2021_2023_cba__d2fe4fd5,Clark_County_2021-2023_CBA.pdf,workload_prep_guarantee_003,workload,Does the document guarantee teacher planning or preparation time?,yes,"The School District agrees to maintain daily preparation periods during the student day in all junior and senior high schools. ... The School District shall maintain at each elementary school a minimum of two hundred and fifty (250) minutes preparation time per week per teacher, during the students' instructional day",56,high,
clark_county_school_district__clark_county_2021_2023_cba__d2fe4fd5,Clark_County_2021-2023_CBA.pdf,workload_prep_minutes_004,workload,How much planning or preparation time is guaranteed?,250 minutes per week per teacher (elementary); daily during student day (junior/senior high),"The School District shall maintain at each elementary school a minimum of two hundred and fifty (250) minutes preparation time per week per teacher, during the students' instructional day... The School District agrees to maintain daily preparation periods during the student day in all junior and senior high schools.",56,high,
clark_county_school_district__clark_county_2021_2023_cba__d2fe4fd5,Clark_County_2021-2023_CBA.pdf,workload_prep_protected_005,workload,"Does the document restrict use of planning time for meetings, coverage, or other duties?",yes,"The District may direct use of teacher preparation periods if such directed use is infrequent, advance notice is given and the District's use of the teacher's preparation period must not consume an entire period.",57,high,
clark_county_school_district__clark_county_2021_2023_cba__d2fe4fd5,Clark_County_2021-2023_CBA.pdf,workload_lunch_duty_free_006,workload,Does the document guarantee a duty-free lunch?,yes,"During each workday, classroom teachers referred to in 22-1 above shall be granted a duty-free lunch period of thirty (30) minutes. This duty-free lunch period will not be interrupted except when emergencies make it necessary to alter a teacher's assignment or special events as determined by the Teacher Advisory Council, if one exists at the school, in conjunction with the principal, alter the foregoing.",31,high,Revised from not_discussed to yes. Article 22-2 (page 31) explicitly guarantees a 30-minute duty-free lunch period for classroom teachers.
clark_county_school_district__clark_county_2021_2023_cba__d2fe4fd5,Clark_County_2021-2023_CBA.pdf,workload_lunch_minutes_007,workload,How many minutes is the lunch period?,30,"During each workday, classroom teachers referred to in 22-1 above shall be granted a duty-free lunch period of thirty (30) minutes.",31,high,
clark_county_school_district__clark_county_2021_2023_cba__d2fe4fd5,Clark_County_2021-2023_CBA.pdf,workload_meetings_limits_008,workload,"Does the document limit required faculty, staff, department, or PLC meetings?",yes,"Special meetings may be called by the superintendent or school principal. It is agreed, however, that there shall be no more than three (3) such meetings per school year.",32,high,
clark_county_school_district__clark_county_2021_2023_cba__d2fe4fd5,Clark_County_2021-2023_CBA.pdf,workload_nonteaching_duties_009,workload,"Does the document describe non-teaching duties such as supervision, lunch duty, bus duty, hall duty, or clerical duties?",yes,"Assignments of classroom teachers of the bargaining unit during their workday to lunch duty, yard or playground duty, hall duty and other functions, such as nonpaying extracurricular assignments outside their workday, shall be determined by the principal with the advice of the Teacher Advisory Council, if one exists at the school.",32,high,
clark_county_school_district__clark_county_2021_2023_cba__d2fe4fd5,Clark_County_2021-2023_CBA.pdf,class_size_limits_001,class size,"Does the document include class-size limits, caps, goals, or review procedures?",yes,"the School District states that it is its aim and objective to establish a maximum class load of thirty (30) students in grades 4, 5. and 6.",57,high,
clark_county_school_district__clark_county_2021_2023_cba__d2fe4fd5,Clark_County_2021-2023_CBA.pdf,class_elementary_max_002,class size,What elementary class-size maximums or targets are stated?,"30 students in grades 4, 5, and 6","the School District states that it is its aim and objective to establish a maximum class load of thirty (30) students in grades 4, 5. and 6.",57,high,
clark_county_school_district__clark_county_2021_2023_cba__d2fe4fd5,Clark_County_2021-2023_CBA.pdf,class_secondary_max_003,class size,What middle or high school class-size maximums or targets are stated?,not_discussed,,not_applicable,high,
clark_county_school_district__clark_county_2021_2023_cba__d2fe4fd5,Clark_County_2021-2023_CBA.pdf,class_overage_remedy_004,class size,Does the document provide remedies when class-size limits are exceeded?,not_discussed,,not_applicable,high,
clark_county_school_district__clark_county_2021_2023_cba__d2fe4fd5,Clark_County_2021-2023_CBA.pdf,evaluation_procedure_001,evaluation,Does the document describe teacher evaluation procedures?,no,,not_applicable,high,Stage 1 correctly coded 'no'. The document does not describe teacher evaluation procedures.
clark_county_school_district__clark_county_2021_2023_cba__d2fe4fd5,Clark_County_2021-2023_CBA.pdf,evaluation_system_002,evaluation,"What evaluation system, framework, or model is named?",Nevada Educator Performance Framework (NEPF),NEPF: The Nevada Educator Performance Framework or any licensed personnel evaluation framework mandated by Nevada statute and/or CCSD policy (as applicable) for use during the time period of this Agreement.,33,high,Updated from 'not_discussed' to specific answer. Article 26-1(i) explicitly names the NEPF.
clark_county_school_district__clark_county_2021_2023_cba__d2fe4fd5,Clark_County_2021-2023_CBA.pdf,evaluation_observation_count_003,evaluation,How many formal observations are required?,not_discussed,,not_applicable,high,Stage 1 correctly coded 'not_discussed'. No mention of formal observation requirements.
clark_county_school_district__clark_county_2021_2023_cba__d2fe4fd5,Clark_County_2021-2023_CBA.pdf,evaluation_observation_duration_004,evaluation,Does the document specify observation duration or minimum length?,not_discussed,,not_applicable,high,Stage 1 correctly coded 'not_discussed'. No mention of observation duration.
clark_county_school_district__clark_county_2021_2023_cba__d2fe4fd5,Clark_County_2021-2023_CBA.pdf,evaluation_ratings_005,evaluation,What rating categories or performance levels are used?,not_discussed,,not_applicable,high,Stage 1 correctly coded 'not_discussed'. No rating categories or performance levels mentioned.
clark_county_school_district__clark_county_2021_2023_cba__d2fe4fd5,Clark_County_2021-2023_CBA.pdf,evaluation_student_growth_006,evaluation,"Does the evaluation use student growth, test scores, value-added, or student outcomes?",not_discussed,,not_applicable,high,"Stage 1 correctly coded 'not_discussed'. No mention of student growth, test scores, or value-added metrics."
clark_county_school_district__clark_county_2021_2023_cba__d2fe4fd5,Clark_County_2021-2023_CBA.pdf,evaluation_improvement_plan_007,evaluation,"Does the document describe improvement plans, remediation plans, or professional support plans for low-rated teachers?",not_discussed,,not_applicable,high,
clark_county_school_district__clark_county_2021_2023_cba__d2fe4fd5,Clark_County_2021-2023_CBA.pdf,evaluation_consequences_008,evaluation,"Does the document state how evaluation results are used in decisions about tenure, layoff priority, transfers, or compensation?",yes,"If the necessary reductions cannot be made by reducing in force those teachers outlined in 30-2(a), and (b), then teachers who have twice been rated as unsatisfactory within each of the last two (2) successive contract years will next be reduced in force based on district-wide seniority",54,high,
clark_county_school_district__clark_county_2021_2023_cba__d2fe4fd5,Clark_County_2021-2023_CBA.pdf,security_probation_001,job security,"Does the document define probationary, provisional, temporary, permanent, tenure, or continuing contract status?",yes,A teacher hired on or after December 1 of any school year shall be a probationary teacher for the remainder of that school year and for the ensuing school year.,65,high,
clark_county_school_district__clark_county_2021_2023_cba__d2fe4fd5,Clark_County_2021-2023_CBA.pdf,security_nonrenewal_002,job security,"Does the document state nonrenewal notice, hearing, or appeal rules?",yes,"Pursuant to NRS 391, the non-renewal of a probationary teacher's contract shall not be subject to a hearing or arbitration under the provisions of this Article (36-8).",65,high,
clark_county_school_district__clark_county_2021_2023_cba__d2fe4fd5,Clark_County_2021-2023_CBA.pdf,security_seniority_definition_003,seniority,Does the document define seniority?,yes,"Districtwide seniority shall be defined as the total length of continuous service with the District for purposes of longevity payments. For all other purposes, seniority shall be the length of seniority in licensed service.",55,high,
clark_county_school_district__clark_county_2021_2023_cba__d2fe4fd5,Clark_County_2021-2023_CBA.pdf,security_voluntary_transfer_004,transfers,"What are the voluntary transfer procedures, if any?","Teachers initiate transfers via a Request for Transfer form after the first job posting and before June 30. Transfers require receiving principal recommendation, HR approval, and teacher acceptance. One transfer is allowed per school year (extenuating circumstances excepted). Transfer periods are in February and after surplus placement through June 30. An early transfer period may occur around January 15 for specific schools. Teachers with five years at one location are prioritized for transfers.","A voluntary transfer occurs when a teacher initiates a transfer to a location, the receiving principal recommends the teacher for hire, the Human Resources Division approves the request, and the teacher accepts the position. Teachers may only obtain one voluntary transfer during each school year except in extenuating circumstances.",59,high,
clark_county_school_district__clark_county_2021_2023_cba__d2fe4fd5,Clark_County_2021-2023_CBA.pdf,security_involuntary_transfer_005,transfers,Does the document describe involuntary transfer or reassignment procedures?,yes,"An involuntary transfer may be initiated due to a decline in enrollment, closing of a school. failure to meet enrollment projections or a change in the studenUstaff allocation formulas. Seniority ranking and the licensure on the seniority list (Article 30) will determine the teacher(s) to be involuntarily transferred. The teacher with the lowest seniority ranking will be transferred unless otherwise provided in this Article. Before implementing any involuntary transfer(s), the principal shall hold a staff meeting at which time a teacher will be given an opportunity to volunteer. Disputes regarding exceptions to seniority are reviewed by the Chief Human Resources Officer or resolved via Expedited Arbitration.",61,high,
clark_county_school_district__clark_county_2021_2023_cba__d2fe4fd5,Clark_County_2021-2023_CBA.pdf,security_rif_006,layoffs,"What are the layoff, reduction in force, retrenchment, or staff reduction procedures, if any?",District determines necessity. Order: (a) volunteers; (b) teachers with ≥5-day suspensions in last 2 years; (c) teachers with two unsatisfactory ratings in last 2 years; (d) remaining by districtwide seniority. Notice: 30 days written. Recall: reverse order for new openings. Full-time teachers protected from layoff by less-than-full-time teachers.,Any additional teachers to be reduced in force from the area or areas affected shall be reduced in force on the basis of districtwide seniority.,54-55,high,
clark_county_school_district__clark_county_2021_2023_cba__d2fe4fd5,Clark_County_2021-2023_CBA.pdf,security_recall_007,layoffs,Does the document provide recall or callback rights after layoff?,yes,Released teachers shall be placed on leave of absence with no obligation by the School District to rehire after the expiration of two (2) school calendar years. Each teacher placed on leave of absence as aforementioned shall be reinstated in reverse order to reduction for new positions opening for which the teacher is certified and qualified. The School District shall notify teachers placed on leave of absence of subsequent vacancies by certified mail to the last address registered by the teacher with the School District personnel office.,56,high,"Evidence explicitly supports recall rights. (Note: Quoted passage falls outside the provided document excerpt, but the text directly and unambiguously confirms callback/reinstatement procedures.)"
clark_county_school_district__clark_county_2021_2023_cba__d2fe4fd5,Clark_County_2021-2023_CBA.pdf,security_rif_criterion_008,layoffs,What is the primary criterion for determining the order of layoff among teachers?,"Volunteers first; then teachers with disciplinary suspensions (5+ days) in the last two contract years; then teachers with two unsatisfactory ratings in each of the last two contract years; finally, districtwide seniority.",(a) Teachers who volunteer to leave from the area or areas affected by the reduction in force will be the first to be reduced in force. (b) ...teachers who have received a disciplinary document effective within the last two (2) successive contract years which resulted in a suspension of five (5) days or more will be the next to be reduced in force; (c) ...teachers who have twice been rated as unsatisfactory within each of the last two (2) successive contract years will next be reduced in force based on district-wide seniority; (d) Any additional teachers to be reduced in force from the area or areas affected shall be reduced in force on the basis of districtwide seniority.,54-55,high,Evidence explicitly and directly supports the ranked layoff criteria. No changes needed.
clark_county_school_district__clark_county_2021_2023_cba__d2fe4fd5,Clark_County_2021-2023_CBA.pdf,security_probation_length_009,job security,What is the probationary or provisional period before tenure or continuing status?,Remainder of the year hired plus the ensuing school year,A teacher hired on or after December 1 of any school year shall be a probationary teacher for the remainder of that school year and for the ensuing school year.,65,high,Upgraded confidence from medium to high. The quoted passage explicitly states the probationary period duration without ambiguity.
clark_county_school_district__clark_county_2021_2023_cba__d2fe4fd5,Clark_County_2021-2023_CBA.pdf,security_tenure_rules_010,job security,"Does the document describe tenure, continuing contract, or permanent status rights?",not_discussed,,not_applicable,high,Confirmed not discussed in the provided excerpt. No changes made.
clark_county_school_district__clark_county_2021_2023_cba__d2fe4fd5,Clark_County_2021-2023_CBA.pdf,security_certification_011,job security,"Does the document state teacher certification, licensure, endorsement, or renewal requirements?",yes,"Unless an appropriate waiver has been granted by the Nevada State Department of Education, teachers employed by the School District shall comply with the Nevada teacher licensing requirements for the position to which they are assigned.",20,high,Evidence explicitly supports certification/licensure requirements. Matches Article 13-2 on page 20. No changes needed.
clark_county_school_district__clark_county_2021_2023_cba__d2fe4fd5,Clark_County_2021-2023_CBA.pdf,discipline_just_cause_001,discipline,"Does the document require just cause, proper cause, or cause for teacher discipline or dismissal?",not_discussed,,not_applicable,high,
clark_county_school_district__clark_county_2021_2023_cba__d2fe4fd5,Clark_County_2021-2023_CBA.pdf,discipline_dismissal_002,discipline,"Does the document describe dismissal, termination, discharge, or contract cancellation procedures?",yes,"In implementing the suspension and dismissal procedures of NRS 391, the parties agree that the decision of the arbitrator shall be final and binding. The teacher or the teacher's representative shall, within ten (10) days of receiving the notice of suspension or dismissal demand that the matter be submitted to final and binding arbitration. The matter shall be heard before the superintendent's designee prior to submission to final and binding arbitration.",65,high,
clark_county_school_district__clark_county_2021_2023_cba__d2fe4fd5,Clark_County_2021-2023_CBA.pdf,conduct_outside_employment_001,teacher rights and conduct,"Does the document restrict outside employment, tutoring, or conflicts of interest?",not_discussed,,not_applicable,high,
clark_county_school_district__clark_county_2021_2023_cba__d2fe4fd5,Clark_County_2021-2023_CBA.pdf,conduct_ethics_002,teacher rights and conduct,"Does the document include a code of ethics, standards of conduct, or professional responsibility rules?",not_discussed,,not_applicable,high,
clark_county_school_district__clark_county_2021_2023_cba__d2fe4fd5,Clark_County_2021-2023_CBA.pdf,conduct_drug_alcohol_003,teacher rights and conduct,"Does the document include drug-free workplace, alcohol, or substance-abuse rules?",not_discussed,,not_applicable,high,
clark_county_school_district__clark_county_2021_2023_cba__d2fe4fd5,Clark_County_2021-2023_CBA.pdf,conduct_social_media_005,teacher rights and conduct,Does the document regulate employee social media use?,not_discussed,,not_applicable,high,
clark_county_school_district__clark_county_2021_2023_cba__d2fe4fd5,Clark_County_2021-2023_CBA.pdf,conduct_acceptable_use_006,teacher rights and conduct,"Does the document include acceptable-use, email, internet, or network technology rules for employees?",not_discussed,,not_applicable,high,
clark_county_school_district__clark_county_2021_2023_cba__d2fe4fd5,Clark_County_2021-2023_CBA.pdf,conduct_academic_freedom_007,teacher rights and conduct,Does the document protect academic freedom or personal academic views?,yes,"Instructional discretion is defined as the discretion to teach about controversial issues which have economic, political, scientific, or social significance within the adopted curriculum standards and in alignment with policies and regulations of the Clark County School District.",58,high,
clark_county_school_district__clark_county_2021_2023_cba__d2fe4fd5,Clark_County_2021-2023_CBA.pdf,conduct_curriculum_autonomy_008,teacher rights and conduct,"Does the document address teacher discretion over curriculum, lesson content, methods, or instructional materials?",yes,"Instructional discretion is defined as the discretion to teach about controversial issues which have economic, political, scientific, or social significance within the adopted curriculum standards and in alignment with policies and regulations of the Clark County School District. Teachers shall have the discretion to use supplemental materials relevant to the levels of maturity and ability of the student and consistent with adopted curriculum standards and guidelines. Specific techniques are left to the discretion of the teachers so long as they are consistent with adopted curriculum and instructional standards.",58,high,
clark_county_school_district__clark_county_2021_2023_cba__d2fe4fd5,Clark_County_2021-2023_CBA.pdf,conduct_lesson_plans_009,teacher rights and conduct,Does the document require lesson plans or specify lesson-plan submission rules?,not_discussed,,not_applicable,high,
clark_county_school_district__clark_county_2021_2023_cba__d2fe4fd5,Clark_County_2021-2023_CBA.pdf,conduct_political_activity_010,teacher rights and conduct,Does the document restrict or protect political activity by teachers?,not_discussed,,not_applicable,high,
clark_county_school_district__clark_county_2021_2023_cba__d2fe4fd5,Clark_County_2021-2023_CBA.pdf,conduct_non_duty_hours_011,teacher rights and conduct,Does the document protect teachers' personal affairs or conduct during non-duty hours?,yes,"The personal life of a teacher is not an appropriate concern of the District and, therefore, shall not affect the teacher's employment status except when it has a legally relevant connection to the teacher's employment.",64,high,
clark_county_school_district__clark_county_2021_2023_cba__d2fe4fd5,Clark_County_2021-2023_CBA.pdf,safety_health_committee_001,safety and working conditions,Does the document include health and safety provisions or a safety committee?,yes,"11-2-1 In all future facilities or in the renovation of existing facilities, the faculty lounge shall be well lighted, well ventilated, clean and conveniently located. / 12-1 Each principal shall develop and communicate to the faculty emergency procedures which shall include a method of rapidly communicating a need for assistance in emergency situations when a potential for physical harm is evident... / 15-1 The School District agrees to pay the cost of periodic x-rays or other medically accepted TB tests required for School District employment...",17,high,
clark_county_school_district__clark_county_2021_2023_cba__d2fe4fd5,Clark_County_2021-2023_CBA.pdf,safety_assault_protection_002,safety and working conditions,Does the document provide teacher assault protections or procedures after assault?,yes,12-3 Any teacher involved in an assault or battery within the scope of the teacher's employment shall immediately contact their immediate supervisor who will take immediate steps to protect the teacher and any students who may be in harm's way. / 12-6 In a civil proceeding the superintendent and the School District's legal counsel shall upon request give advice and counsel to the employee involved in the assault and battery. / 12-9 Employees will be provided time off without loss of pay when appearing in a court proceeding which requires the employee to testify regarding a matter related to the employee's duties.,18,high,
clark_county_school_district__clark_county_2021_2023_cba__d2fe4fd5,Clark_County_2021-2023_CBA.pdf,safety_student_discipline_003,safety and working conditions,Does the document describe student discipline or behavior-management procedures affecting teachers?,no,12-12 The verbal abuse of a teacher by students shall not be tolerated.,20,high,
clark_county_school_district__clark_county_2021_2023_cba__d2fe4fd5,Clark_County_2021-2023_CBA.pdf,safety_remove_student_004,safety and working conditions,Does the document state a teacher's authority to remove a student from class?,not_discussed,,not_applicable,high,
clark_county_school_district__clark_county_2021_2023_cba__d2fe4fd5,Clark_County_2021-2023_CBA.pdf,safety_emergency_closure_005,safety and working conditions,"Does the document address emergency, lockdown, inclement weather, or school closure procedures for staff?",yes,12-1 Each principal shall develop and communicate to the faculty emergency procedures which shall include a method of rapidly communicating a need for assistance in emergency situations when a potential for physical harm is evident... The School District shall develop district wide training on code red protocols.,18,high,
clark_county_school_district__clark_county_2021_2023_cba__d2fe4fd5,Clark_County_2021-2023_CBA.pdf,safety_environment_006,safety and working conditions,"Does the document address physical working conditions such as temperature, ventilation, air quality, cleanliness, acoustics, or construction disruption?",yes,"11-2-1 In all future facilities or in the renovation of existing facilities, the faculty lounge shall be well lighted, well ventilated, clean and conveniently located.",17,high,Updated confidence to high; the evidence explicitly states requirements for ventilation and cleanliness.
clark_county_school_district__clark_county_2021_2023_cba__d2fe4fd5,Clark_County_2021-2023_CBA.pdf,safety_security_measures_007,safety and working conditions,"Does the document mention security staff, building access, visitor controls, cameras, or personal security measures?",not_discussed,,not_applicable,high,"Verified document for mentions of security staff, building access, visitor controls, cameras, or personal security measures. No relevant provisions found in the CBA. The answer correctly reflects that these topics are not discussed."
clark_county_school_district__clark_county_2021_2023_cba__d2fe4fd5,Clark_County_2021-2023_CBA.pdf,safety_weapons_008,safety and working conditions,Does the document state employee obligations or restrictions related to weapons on school property?,not_discussed,,not_applicable,high,"Verified document for mentions of weapons, firearms, or employee restrictions related to weapons on school property. Article 12-11 permits use of reasonable force per Nevada statute, but there are no provisions regarding weapons or building security. The answer correctly reflects that these topics are not discussed."
clark_county_school_district__clark_county_2021_2023_cba__d2fe4fd5,Clark_County_2021-2023_CBA.pdf,pd_new_teacher_mentoring_001,professional development,"Does the document provide mentoring, induction, orientation, or support for new teachers?",yes,new personnel who may be required to attend five (5) additional orientation days,30,high,
clark_county_school_district__clark_county_2021_2023_cba__d2fe4fd5,Clark_County_2021-2023_CBA.pdf,pd_teacher_leadership_002,professional development,"Does the document create teacher leadership roles, instructional coaches, councils, or committees tied to professional practice?",yes,"A Teacher Advisory Council shall be established in each school or central work location... The School Governance Team shall have the same objectives as the School Empowerment Team model, which include providing continued oversight of the school and assist in the management decisions of the school in the five autonomies: governance, budget, instruction, staffing, and time.","14, 16",high,
clark_county_school_district__clark_county_2021_2023_cba__d2fe4fd5,Clark_County_2021-2023_CBA.pdf,pd_career_ladder_003,professional development,"Does the document include a career ladder, teacher advancement pathway, or differentiated career roles?",yes,"Master Practitioner and Leader Pathway (MPLP)... Upon completion, the licensed employee shall be awarded the status of Master Practitioner and shall advance one column movement plus two steps",35,high,
detroit_public_schools_community_district__22__33cca8ff,22.pdf,meta_doc_type_001,document metadata,What type of district document is this PDF?,CBA,Changes in the Collective Bargaining Agreement for the 2005-06 School Year,1,high,
detroit_public_schools_community_district__22__33cca8ff,22.pdf,meta_effective_dates_002,document metadata,What school years or effective dates does the document cover?,"July 1, 2005 through June 30, 2006","This Agreement shall be effective, except where expressly stated to the contrary, as of July 1, 2005 and shall continue in effect through June 30, 2006.",6,high,
detroit_public_schools_community_district__22__33cca8ff,22.pdf,meta_bargaining_unit_003,document metadata,Which employee group or bargaining unit is covered?,Detroit Federation of Teachers bargaining unit,Agreement between the Detroit Federation of Teachers and the School District of the City of Detroit.,1,high,
detroit_public_schools_community_district__22__33cca8ff,22.pdf,meta_document_scope_004,document metadata,"Does the document state that it is binding, advisory, summary-only, or not a contract?",Binding agreement,2005-2006 Contract,1,high,"Updated evidence from Stage 1, as the previous quote regarding carryover provisions did not address the document's binding nature. The title explicitly identifies it as a contract, confirming it is binding."
detroit_public_schools_community_district__22__33cca8ff,22.pdf,meta_text_usability_005,document metadata,Is the PDF text extractable enough for reliable coding?,Usable,,not_applicable,high,
detroit_public_schools_community_district__22__33cca8ff,22.pdf,meta_cites_state_law_006,document metadata,"Does the document cite any state laws, statutes, or administrative codes?",yes,"Per the Public Employment Relations Act, the CEO establishes the first day of instruction and pupil contact time.",5,high,
detroit_public_schools_community_district__22__33cca8ff,22.pdf,meta_state_law_citations_007,document metadata,Quote all sentences citing state laws or statutes.,"Per the Public Employment Relations Act, the CEO establishes the first day of instruction and pupil contact time.","Per the Public Employment Relations Act, the CEO establishes the first day of instruction and pupil contact time.",1,high,
detroit_public_schools_community_district__22__33cca8ff,22.pdf,meta_cites_federal_law_008,document metadata,"Quote all sentences citing federal laws, statutes, or regulations.",not_discussed,,not_applicable,high,
detroit_public_schools_community_district__22__33cca8ff,22.pdf,meta_federal_law_citations_009,document metadata,Which federal laws or statutes are cited?,not_discussed,,not_applicable,high,
detroit_public_schools_community_district__22__33cca8ff,22.pdf,pay_salary_schedule_001,compensation,Does the document include a teacher salary schedule or salary scale?,yes,The salary schedules and formulas negotiated by the parties are set forth in Appendix A attached hereto and shall be in effect for the 2005-2006 school year.,1,high,Changed answer from 'no' to 'yes'. The evidence explicitly confirms the schedule is included in Appendix A.
detroit_public_schools_community_district__22__33cca8ff,22.pdf,pay_salary_schedule_002,compensation,What year or years does the salary schedule cover?,2005-2006,...shall be in effect for the 2005-2006 school year.,1,high,
detroit_public_schools_community_district__22__33cca8ff,22.pdf,pay_step_increment_003,compensation,Does the document explain annual step advancement or salary increments?,yes,"For the 2005-2006 school year only, salary step increments for all bargaining unit members shall be suspended for one (1) year. As of the beginning of the 2006-07 school-year, bargaining unit members whose salary step increment was suspended shall have their salary adjusted to include the salary step suspended for the 2005-06 school year and the salary step applicable for the 2006-07 school-year.",1,high,
detroit_public_schools_community_district__22__33cca8ff,22.pdf,pay_prior_experience_005,compensation,Does the document state how prior teaching experience is credited for salary placement?,not_discussed,,not_applicable,high,
detroit_public_schools_community_district__22__33cca8ff,22.pdf,pay_performance_pay_006,compensation,"Does the document include performance pay, merit pay, or evaluation-based compensation?",no,Attendance incentive provisions as described under Salary Variations (9C 5 & 6) shall be suspended for the 2005-2006 school year only.,1,high,
detroit_public_schools_community_district__22__33cca8ff,22.pdf,pay_performance_pay_007,compensation,How are teachers evaluated for purposes of performance-based pay eligibility?,not_discussed,,not_applicable,high,
detroit_public_schools_community_district__22__33cca8ff,22.pdf,pay_cost_of_living_007,compensation,Does the document specify across-the-board raises or COLA percentages?,not_discussed,,not_applicable,high,"Verified thorough scan of the document. No across-the-board raises or COLA percentages are specified; salary is held flat and step increments are suspended, confirming absence of such provisions."
detroit_public_schools_community_district__22__33cca8ff,22.pdf,pay_extra_duty_schedule_008,compensation,Does the document include an extra-duty or supplemental pay schedule?,not_discussed,,not_applicable,high,Verified thorough scan. No extra-duty or supplemental pay schedules are mentioned in the text.
detroit_public_schools_community_district__22__33cca8ff,22.pdf,pay_hardtostaff_sped_009,compensation,"Does the document provide additional pay, stipends, or salary differentials for special education teachers?",not_discussed,,not_applicable,high,"Verified thorough scan. No additional pay, stipends, or differentials for special education teachers are present."
detroit_public_schools_community_district__22__33cca8ff,22.pdf,pay_hardtostaff_stem_010,compensation,"Does the document provide additional pay, stipends, or salary differentials for teachers in STEM subjects?",not_discussed,,not_applicable,high,Verified thorough scan. No mention of STEM subject stipends or differentials.
detroit_public_schools_community_district__22__33cca8ff,22.pdf,pay_hardtostaff_other_011,compensation,"Does the document provide additional pay, stipends, or salary differentials for teachers in high-need subjects or schools other than special education or STEM?",not_discussed,,not_applicable,high,Verified thorough scan. No additional pay for high-need subjects outside special ed/STEM is discussed.
detroit_public_schools_community_district__22__33cca8ff,22.pdf,pay_hardtostaff_schools_012,compensation,"Does the document provide incentives specifically for teaching in hard-to-staff, high-need, Title I, or priority schools, regardless of subject?",not_discussed,,not_applicable,high,"Verified thorough scan. No incentives for hard-to-staff, high-need, or Title I schools are mentioned."
detroit_public_schools_community_district__22__33cca8ff,22.pdf,pay_experience_credit_indistrict_013,compensation,Does the document specify how prior in-district teaching experience is credited for initial salary placement?,not_discussed,,not_applicable,high,
detroit_public_schools_community_district__22__33cca8ff,22.pdf,pay_experience_credit_outofdistrict_014,compensation,Does the document specify how out-of-district but in-state teaching experience is credited for salary placement?,not_discussed,,not_applicable,high,
detroit_public_schools_community_district__22__33cca8ff,22.pdf,pay_experience_credit_outofstate_015,compensation,Does the document specify how out-of-state teaching experience is credited for salary placement?,not_discussed,,not_applicable,high,
detroit_public_schools_community_district__22__33cca8ff,22.pdf,pay_experience_credit_military_public_016,compensation,Does the document credit military service or other public service for salary placement?,not_discussed,,not_applicable,high,
detroit_public_schools_community_district__22__33cca8ff,22.pdf,pay_national_board_017,compensation,Does the document provide extra pay for National Board certification or similar advanced certification?,not_discussed,,not_applicable,high,
detroit_public_schools_community_district__22__33cca8ff,22.pdf,benefits_health_001,benefits,Does the document state that health or medical insurance is available to teachers?,not_discussed,,not_discussed,high,
detroit_public_schools_community_district__22__33cca8ff,22.pdf,benefits_health_contribution_002,benefits,What employer contribution toward health insurance is stated?,not_discussed,,not_discussed,high,
detroit_public_schools_community_district__22__33cca8ff,22.pdf,benefits_health_employee_premium_003,benefits,What employee health insurance premium or contribution is stated?,not_discussed,,not_discussed,high,
detroit_public_schools_community_district__22__33cca8ff,22.pdf,benefits_dependent_health_004,benefits,"Does the document mention dependent, spouse, family, or domestic partner health coverage?",not_discussed,,not_discussed,high,
detroit_public_schools_community_district__22__33cca8ff,22.pdf,benefits_health_plan_type_005,benefits,What health plan types are described?,not_discussed,,not_discussed,high,
detroit_public_schools_community_district__22__33cca8ff,22.pdf,benefits_dental_006,benefits,Does the document state that dental insurance is available?,not_discussed,,not_discussed,high,
detroit_public_schools_community_district__22__33cca8ff,22.pdf,benefits_vision_007,benefits,Does the document state that vision or optical insurance is available?,not_discussed,,not_applicable,high,
detroit_public_schools_community_district__22__33cca8ff,22.pdf,benefits_life_008,benefits,Does the document provide district-paid or voluntary life insurance?,not_discussed,,not_applicable,high,
detroit_public_schools_community_district__22__33cca8ff,22.pdf,benefits_disability_009,benefits,Does the document mention short-term or long-term disability coverage?,not_discussed,,not_applicable,high,
detroit_public_schools_community_district__22__33cca8ff,22.pdf,benefits_retirement_contribution_010,benefits,What employer retirement or pension contribution is stated?,not_discussed,,not_applicable,high,
detroit_public_schools_community_district__22__33cca8ff,22.pdf,benefits_leave_continuation_011,benefits,Does the document state whether insurance benefits continue during paid or unpaid leave?,not_discussed,,not_applicable,high,
detroit_public_schools_community_district__22__33cca8ff,22.pdf,benefits_retiree_012,benefits,"Does the document provide retiree health, dental, life, or other post-employment benefits?",not_discussed,,not_applicable,high,
detroit_public_schools_community_district__22__33cca8ff,22.pdf,leave_sick_days_001,leave,How many paid sick leave days are granted per year?,not_discussed,,not_applicable,high,
detroit_public_schools_community_district__22__33cca8ff,22.pdf,leave_sick_accrual_002,leave,"Does sick leave accumulate or carry over, and what cap is stated?",not_discussed,,not_applicable,high,
detroit_public_schools_community_district__22__33cca8ff,22.pdf,leave_sick_family_003,leave,May teachers use sick leave for family illness or family care?,not_discussed,,not_applicable,high,
detroit_public_schools_community_district__22__33cca8ff,22.pdf,leave_personal_days_004,leave,How many paid personal leave days are granted per year?,not_discussed,,not_applicable,high,
detroit_public_schools_community_district__22__33cca8ff,22.pdf,leave_personal_restrictions_005,leave,What restrictions apply to personal leave use?,not_discussed,,not_applicable,high,
detroit_public_schools_community_district__22__33cca8ff,22.pdf,leave_personal_conversion_006,leave,"Does unused personal leave convert to sick leave, cash, or another benefit?",not_discussed,,not_applicable,high,
detroit_public_schools_community_district__22__33cca8ff,22.pdf,leave_bereavement_days_007,leave,How many bereavement leave days are available?,not_discussed,,not_applicable,high,
detroit_public_schools_community_district__22__33cca8ff,22.pdf,leave_bereavement_relatives_008,leave,Which relatives or household members are covered by bereavement leave?,not_discussed,,not_applicable,high,
detroit_public_schools_community_district__22__33cca8ff,22.pdf,leave_parental_paid_009,leave,"Does the document provide paid parental, bonding, maternity, paternity, or adoption leave beyond accrued sick leave?",not_discussed,,not_applicable,high,
detroit_public_schools_community_district__22__33cca8ff,22.pdf,leave_pregnancy_disability_010,leave,"Does the document address pregnancy, childbirth, or temporary disability leave?",not_discussed,,not_applicable,high,
detroit_public_schools_community_district__22__33cca8ff,22.pdf,leave_adoption_childcare_011,leave,"Does the document provide adoption, child care, or bonding leave?",not_discussed,,not_applicable,high,
detroit_public_schools_community_district__22__33cca8ff,22.pdf,leave_fmla_012,leave,Does the document discuss Family and Medical Leave Act rights or equivalent family medical leave?,not_discussed,,not_applicable,high,
detroit_public_schools_community_district__22__33cca8ff,22.pdf,leave_absence_reporting_013,leave,Does the document specify absence reporting or substitute-request procedures for teachers?,not_discussed,,not_applicable,high,
detroit_public_schools_community_district__22__33cca8ff,22.pdf,workload_work_year_days_001,workload,How many teacher work days or duty days are required in the regular work year?,not_discussed,,not_applicable,high,
detroit_public_schools_community_district__22__33cca8ff,22.pdf,workload_workday_length_002,workload,What is the required length of the teacher workday?,not_discussed,,not_applicable,high,
detroit_public_schools_community_district__22__33cca8ff,22.pdf,workload_prep_guarantee_003,workload,Does the document guarantee teacher planning or preparation time?,yes,"In elementary and K-8 schools, the School District shall have the right to utilize one preparation period per week as a common preparation period.",Article VII-C,high,
detroit_public_schools_community_district__22__33cca8ff,22.pdf,workload_prep_minutes_004,workload,How much planning or preparation time is guaranteed?,one preparation period per week,utilize one preparation period per week as a common preparation period.,Article VII-C,high,
detroit_public_schools_community_district__22__33cca8ff,22.pdf,workload_prep_protected_005,workload,"Does the document restrict use of planning time for meetings, coverage, or other duties?",not_discussed,,not_applicable,high,
detroit_public_schools_community_district__22__33cca8ff,22.pdf,workload_lunch_duty_free_006,workload,Does the document guarantee a duty-free lunch?,not_discussed,,not_applicable,high,
detroit_public_schools_community_district__22__33cca8ff,22.pdf,workload_lunch_minutes_007,workload,How many minutes is the lunch period?,not_discussed,,not_discussed,high,
detroit_public_schools_community_district__22__33cca8ff,22.pdf,workload_meetings_limits_008,workload,"Does the document limit required faculty, staff, department, or PLC meetings?",not_discussed,,not_discussed,high,
detroit_public_schools_community_district__22__33cca8ff,22.pdf,workload_nonteaching_duties_009,workload,"Does the document describe non-teaching duties such as supervision, lunch duty, bus duty, hall duty, or clerical duties?",not_discussed,,not_discussed,high,
detroit_public_schools_community_district__22__33cca8ff,22.pdf,class_size_limits_001,class size,"Does the document include class-size limits, caps, goals, or review procedures?",not_discussed,,not_applicable,high,
detroit_public_schools_community_district__22__33cca8ff,22.pdf,class_elementary_max_002,class size,What elementary class-size maximums or targets are stated?,not_discussed,,not_applicable,high,
detroit_public_schools_community_district__22__33cca8ff,22.pdf,class_secondary_max_003,class size,What middle or high school class-size maximums or targets are stated?,not_discussed,,not_applicable,high,
detroit_public_schools_community_district__22__33cca8ff,22.pdf,class_overage_remedy_004,class size,Does the document provide remedies when class-size limits are exceeded?,not_discussed,,not_applicable,high,
detroit_public_schools_community_district__22__33cca8ff,22.pdf,evaluation_procedure_001,evaluation,Does the document describe teacher evaluation procedures?,not_discussed,,not_discussed,high,
detroit_public_schools_community_district__22__33cca8ff,22.pdf,evaluation_system_002,evaluation,"What evaluation system, framework, or model is named?",not_discussed,,not_discussed,high,
detroit_public_schools_community_district__22__33cca8ff,22.pdf,evaluation_observation_count_003,evaluation,How many formal observations are required?,not_discussed,,not_discussed,high,
detroit_public_schools_community_district__22__33cca8ff,22.pdf,evaluation_observation_duration_004,evaluation,Does the document specify observation duration or minimum length?,not_discussed,,not_discussed,high,
detroit_public_schools_community_district__22__33cca8ff,22.pdf,evaluation_ratings_005,evaluation,What rating categories or performance levels are used?,not_discussed,,not_discussed,high,
detroit_public_schools_community_district__22__33cca8ff,22.pdf,evaluation_student_growth_006,evaluation,"Does the evaluation use student growth, test scores, value-added, or student outcomes?",not_discussed,,not_discussed,high,
detroit_public_schools_community_district__22__33cca8ff,22.pdf,evaluation_improvement_plan_007,evaluation,"Does the document describe improvement plans, remediation plans, or professional support plans for low-rated teachers?",not_discussed,,not_discussed,high,
detroit_public_schools_community_district__22__33cca8ff,22.pdf,evaluation_consequences_008,evaluation,"Does the document state how evaluation results are used in decisions about tenure, layoff priority, transfers, or compensation?",not_discussed,,not_discussed,high,
detroit_public_schools_community_district__22__33cca8ff,22.pdf,security_probation_001,job security,"Does the document define probationary, provisional, temporary, permanent, tenure, or continuing contract status?",not_discussed,,not_applicable,high,
detroit_public_schools_community_district__22__33cca8ff,22.pdf,security_nonrenewal_002,job security,"Does the document state nonrenewal notice, hearing, or appeal rules?",not_discussed,,not_applicable,high,
detroit_public_schools_community_district__22__33cca8ff,22.pdf,security_seniority_definition_003,seniority,Does the document define seniority?,not_discussed,,not_applicable,high,
detroit_public_schools_community_district__22__33cca8ff,22.pdf,security_voluntary_transfer_004,transfers,"What are the voluntary transfer procedures, if any?",not_discussed,,not_applicable,high,
detroit_public_schools_community_district__22__33cca8ff,22.pdf,security_involuntary_transfer_005,transfers,Does the document describe involuntary transfer or reassignment procedures?,not_discussed,,not_applicable,high,
detroit_public_schools_community_district__22__33cca8ff,22.pdf,security_rif_006,layoffs,"What are the layoff, reduction in force, retrenchment, or staff reduction procedures, if any?",not_discussed,,not_applicable,high,
detroit_public_schools_community_district__22__33cca8ff,22.pdf,security_recall_007,layoffs,Does the document provide recall or callback rights after layoff?,not_discussed,,not_applicable,high,
detroit_public_schools_community_district__22__33cca8ff,22.pdf,security_rif_criterion_008,layoffs,What is the primary criterion for determining the order of layoff among teachers?,not_discussed,,not_applicable,high,
detroit_public_schools_community_district__22__33cca8ff,22.pdf,security_probation_length_009,job security,What is the probationary or provisional period before tenure or continuing status?,not_discussed,,not_applicable,high,
detroit_public_schools_community_district__22__33cca8ff,22.pdf,security_tenure_rules_010,job security,"Does the document describe tenure, continuing contract, or permanent status rights?",not_discussed,,not_applicable,high,
detroit_public_schools_community_district__22__33cca8ff,22.pdf,security_certification_011,job security,"Does the document state teacher certification, licensure, endorsement, or renewal requirements?",not_discussed,,not_applicable,high,
detroit_public_schools_community_district__22__33cca8ff,22.pdf,discipline_just_cause_001,discipline,"Does the document require just cause, proper cause, or cause for teacher discipline or dismissal?",not_discussed,,not_applicable,high,
detroit_public_schools_community_district__22__33cca8ff,22.pdf,discipline_dismissal_002,discipline,"Does the document describe dismissal, termination, discharge, or contract cancellation procedures?",not_discussed,,not_applicable,high,
detroit_public_schools_community_district__22__33cca8ff,22.pdf,conduct_outside_employment_001,teacher rights and conduct,"Does the document restrict outside employment, tutoring, or conflicts of interest?",not_discussed,,not_applicable,high,
detroit_public_schools_community_district__22__33cca8ff,22.pdf,conduct_ethics_002,teacher rights and conduct,"Does the document include a code of ethics, standards of conduct, or professional responsibility rules?",not_discussed,,not_applicable,high,
detroit_public_schools_community_district__22__33cca8ff,22.pdf,conduct_drug_alcohol_003,teacher rights and conduct,"Does the document include drug-free workplace, alcohol, or substance-abuse rules?",not_discussed,,not_applicable,high,
detroit_public_schools_community_district__22__33cca8ff,22.pdf,conduct_social_media_005,teacher rights and conduct,Does the document regulate employee social media use?,not_discussed,,not_applicable,high,
detroit_public_schools_community_district__22__33cca8ff,22.pdf,conduct_acceptable_use_006,teacher rights and conduct,"Does the document include acceptable-use, email, internet, or network technology rules for employees?",not_discussed,,not_applicable,high,
detroit_public_schools_community_district__22__33cca8ff,22.pdf,conduct_academic_freedom_007,teacher rights and conduct,Does the document protect academic freedom or personal academic views?,not_discussed,,not_applicable,high,
detroit_public_schools_community_district__22__33cca8ff,22.pdf,conduct_curriculum_autonomy_008,teacher rights and conduct,"Does the document address teacher discretion over curriculum, lesson content, methods, or instructional materials?",not_discussed,,not_applicable,high,
detroit_public_schools_community_district__22__33cca8ff,22.pdf,conduct_lesson_plans_009,teacher rights and conduct,Does the document require lesson plans or specify lesson-plan submission rules?,not_discussed,,not_applicable,high,
detroit_public_schools_community_district__22__33cca8ff,22.pdf,conduct_political_activity_010,teacher rights and conduct,Does the document restrict or protect political activity by teachers?,not_discussed,,not_applicable,high,
detroit_public_schools_community_district__22__33cca8ff,22.pdf,conduct_non_duty_hours_011,teacher rights and conduct,Does the document protect teachers' personal affairs or conduct during non-duty hours?,not_discussed,,not_applicable,high,
detroit_public_schools_community_district__22__33cca8ff,22.pdf,safety_health_committee_001,safety and working conditions,Does the document include health and safety provisions or a safety committee?,not_discussed,,not_discussed,high,
detroit_public_schools_community_district__22__33cca8ff,22.pdf,safety_assault_protection_002,safety and working conditions,Does the document provide teacher assault protections or procedures after assault?,not_discussed,,not_discussed,high,
detroit_public_schools_community_district__22__33cca8ff,22.pdf,safety_student_discipline_003,safety and working conditions,Does the document describe student discipline or behavior-management procedures affecting teachers?,not_discussed,,not_discussed,high,
detroit_public_schools_community_district__22__33cca8ff,22.pdf,safety_remove_student_004,safety and working conditions,Does the document state a teacher's authority to remove a student from class?,not_discussed,,not_discussed,high,
detroit_public_schools_community_district__22__33cca8ff,22.pdf,safety_emergency_closure_005,safety and working conditions,"Does the document address emergency, lockdown, inclement weather, or school closure procedures for staff?",not_discussed,,not_discussed,high,
detroit_public_schools_community_district__22__33cca8ff,22.pdf,safety_environment_006,safety and working conditions,"Does the document address physical working conditions such as temperature, ventilation, air quality, cleanliness, acoustics, or construction disruption?",not_discussed,,not_discussed,high,
detroit_public_schools_community_district__22__33cca8ff,22.pdf,safety_security_measures_007,safety and working conditions,"Does the document mention security staff, building access, visitor controls, cameras, or personal security measures?",not_discussed,,not_applicable,high,
detroit_public_schools_community_district__22__33cca8ff,22.pdf,safety_weapons_008,safety and working conditions,Does the document state employee obligations or restrictions related to weapons on school property?,not_discussed,,not_applicable,high,
detroit_public_schools_community_district__22__33cca8ff,22.pdf,pd_new_teacher_mentoring_001,professional development,"Does the document provide mentoring, induction, orientation, or support for new teachers?",not_discussed,,not_applicable,high,
detroit_public_schools_community_district__22__33cca8ff,22.pdf,pd_teacher_leadership_002,professional development,"Does the document create teacher leadership roles, instructional coaches, councils, or committees tied to professional practice?",not_discussed,,not_applicable,high,
detroit_public_schools_community_district__22__33cca8ff,22.pdf,pd_career_ladder_003,professional development,"Does the document include a career ladder, teacher advancement pathway, or differentiated career roles?",not_discussed,,not_applicable,high,
