review_id,document_id,district,file_name,question_id,question,a_answer,a_evidence,a_page,a_confidence,a_coder_notes,a_status_correct,a_value_correct,a_evidence_correct,a_page_correct,a_overall_correct,b_answer,b_evidence,b_page,b_confidence,b_coder_notes,b_status_correct,b_value_correct,b_evidence_correct,b_page_correct,b_overall_correct,reviewer_notes
62dfa12b5a012887,manchester_school_district__83__de5d62c9,Manchester School District,83.pdf,meta_doc_type_001,What type of district document is this PDF?,Code CBA,"""Agreement between the Manchester Board of School Committee and the Manchester Education Association 2007-2010""",1,high,,,,,,,Code CBA,Agreement between the Manchester Board of School Committee and the Manchester Education Association 2007-2010,1,high,,,,,,,
dc11b01d7c134c65,manchester_school_district__83__de5d62c9,Manchester School District,83.pdf,meta_effective_dates_002,What school years or effective dates does the document cover?,"July 1, 2007 through June 30, 2010","The provisions of this Agreement shall be effective as of July 1, 2007, unless otherwise indicated within this Agreement, and will continue in full force and effect until June 30, 2010""",40,high,,,,,,,"July 1, 2007 through June 30, 2010","""July 1, 2007 through June 30, 2010""",4,high,,,,,,,
9173280934ef634a,manchester_school_district__83__de5d62c9,Manchester School District,83.pdf,meta_bargaining_unit_003,Which employee group or bargaining unit is covered?,"Full-time classroom teachers and related certificated/licensed staff (specialists, counselors, psychologists, librarians, instructional coordinators, social workers, assistant principals)","""All full-time classroom teachers, including teachers of art, music, physical education, the learning disabled, licensed/or certified speech and language specialists/pathologists, hearing specialists, licensed occupational therapists, reading/math supervisors, Elementary Teaching Assistant Principals, Guidance Counselors, School Psychologists, Librarians/Media Specialists, Building Level Instructional Coordinators, Student Assistant Coordinators, Certified Social Workers""",4,high,,yes,yes,yes,no,no,"certificated or licensed employees, including full-time classroom teachers, specialists, counselors, and librarians","the Board recognizes the Association as the bargaining representative of the following certificated or licensed employees of the School System of Manchester. All full-time classroom teachers, including teachers of art, music, physical education, the learning disabled, licensed/or certified speech and language specialists/pathologists, hearing specialists, licensed occupational therapists, reading/math supervisors, Elementary Teaching Assistant Principals, Guidance Counselors, School Psychologists, Librarians/Media Specialists, Building Level Instructional Coordinators, Student Assistant Coordinators, Certified Social Workers, and permanent replacements or permanent additions hired pursuant to the first paragraph of Article Nine, Section A.4.",5,high,,yes,yes,yes,yes,yes,"Article One (RECOGNITION) recognizes the Association for ""the following certificated or licensed employees"" and enumerates ""All full-time classroom teachers, including teachers of art, music, physical education, ... Certified Social Workers, and permanent replacements or permanent additions...""; both quotes are verbatim contiguous text and both answers describe the covered unit correctly. That clause sits on PDF page 5 (confirmed with pdftotext -f 5), whose printed footer reads ""4"" -- printed page = PDF page - 1 through this part of the document. B's page 5 is right; A's page 4 is the printed footer, not the PDF page, so A fails on page only. Minor imprecision in A's summary: the document includes only ""Elementary Teaching Assistant Principals"" and ""Certified Social Workers"" while excluding ""all administrative personnel"" and plain ""social workers,"" but this was not enough to fail the value."
53183354713b808d,manchester_school_district__83__de5d62c9,Manchester School District,83.pdf,meta_document_scope_004,"Does the document state that it is binding, advisory, summary-only, or not a contract?",binding agreement,"""The Board and the Association enter into this Agreement with mutual dedication, recognizing that the experience, creativity and judgment of all parties are necessary to reach the educational needs of the community. The Manchester Board of School Committee (referred to hereinafter as the 'Board') and the Manchester Education Association (referred to hereinafter as the 'Association') agree as follows:""",4,high,,,,,,,binding agreement,"""This Agreement constitutes Board policy for the term of said Agreement, and the Board will carry out the commitments contained herein and give them full force and effect as Board policy.""",39,high,,,,,,,
d37ee28d0bbb8003,manchester_school_district__83__de5d62c9,Manchester School District,83.pdf,meta_text_usability_005,Is the PDF text extractable enough for reliable coding?,usable,"The Board of School Committee of the City of Manchester School District, New Hampshire, hereby agrees to employ , who hereby agrees to serve, under the direction of the Superintendent of Schools as a teacher in the public schools of said School District, beginning , provided all pre-employment medical examinations and criminal/background checks have been satisfactorily completed.",44,high,,,,,,,usable,,not_applicable,high,[derived from native text extraction],,,,,,
b43b41ba177143ba,manchester_school_district__83__de5d62c9,Manchester School District,83.pdf,meta_cites_state_law_006,"Does the document cite any state laws, statutes, or administrative codes?",yes,"""R.S.A.189: 14-a""",30,high,,,,,,,yes,"""managerial policies referred to in RSA 273-A:1, XI""",5,high,,,,,,,
1c4a738018f17854,manchester_school_district__83__de5d62c9,Manchester School District,83.pdf,meta_state_law_citations_007,Quote all sentences citing state laws or statutes.,"The parties agree, in the interest of good faith effort to reach agreement, to negotiate on wages, hours and conditions of employment, other than those managerial policies referred to in RSA 273-A:1, XI, which are the exclusive prerogative of the Board.","The parties agree, in the interest of good faith effort to reach agreement, to negotiate on wages, hours and conditions of employment, other than those managerial policies referred to in RSA 273-A:1, XI, which are the exclusive prerogative of the Board.",5,high,,yes,no,yes,no,no,not_discussed,,not_applicable,low,[grounding failure: evidence is absent from cited passage],no,no,no,no,no,"The question asks for all sentences citing state law, and this contract has at least five distinct ones: Article Two A.1 ""managerial policies referred to in RSA 273-A:1, XI"" (PDF p. 6); Article Twenty sick-leave-bank ""as set forth in New Hampshire R.S.A.189: 14-a ... rights under R.S.A. Chapter 189 or any other provisions of the Revised Statutes Annotated"" (PDF p. 30); the parallel Article Twenty-Two E.4 sentence (PDF p. 33); Article Twenty-Five arbitration ""appeal to the New Hampshire Superior Court under the provision of Revised Statutes Annotated, Chapter 542, as amended ... subject to the provisions of New Hampshire Revised Statutes Annotated, Chapter 542"" (PDF p. 38); and Appendix C ""subject to ... the Statutes of the State of New Hampshire"" (PDF p. 45). A's quote is verbatim but captures only the RSA 273-A citation, so the value is materially incomplete, and its page 5 is the printed footer of PDF page 6 (offset of one). B's not_discussed is plainly wrong; searches for ""RSA statute"", ""Revised Statutes Annotated"", ""New Hampshire law"", plus regex sweeps for statute/Chapter/Act/state law over all 54 pages all return hits, so the derived value/evidence/page fields are scored no rather than na because the absence claim is incorrect. Both candidates are wrong."
34ddfa49e1e666e1,manchester_school_district__83__de5d62c9,Manchester School District,83.pdf,meta_cites_federal_law_008,"Quote all sentences citing federal laws, statutes, or regulations.","The Board agrees to maintain a Dependent Care Reimbursement Plan, A Premium Conversion Plan and Health Care Reimbursement Plan in accordance with current federal laws and regulations. The Plans will be maintained for the benefit of the members of the bargaining unit as long as they are approved by the Internal Revenue Service and in compliance with applicable Federal laws and regulations.","The Board agrees to maintain a Dependent Care Reimbursement Plan, A Premium Conversion Plan and Health Care Reimbursement Plan in accordance with current federal laws and regulations. The Plans will be maintained for the benefit of the members of the bargaining unit as long as they are approved by the Internal Revenue Service and in compliance with applicable Federal laws and regulations.",11,high,,yes,no,yes,yes,no,"The Board agrees to maintain a Dependent Care Reimbursement Plan, A Premium Conversion Plan and Health Care Reimbursement Plan in accordance with current federal laws and regulations.","The Board agrees to maintain a Dependent Care Reimbursement Plan, A Premium Conversion Plan and Health Care Reimbursement Plan in accordance with current federal laws and regulations.",10,high,,yes,no,yes,no,no,"Article Five I. reads ""The Board agrees to maintain a Dependent Care Reimbursement Plan, A Premium Conversion Plan and Health Care Reimbursement Plan in accordance with current federal laws and regulations. The Plans will be maintained ... as long as they are approved by the Internal Revenue Service and in compliance with applicable Federal laws and regulations."" Confirmed verbatim on PDF page 11 (pdftotext -f 11), printed footer ""10"", so A's page 11 is right and B's page 10 is the printed footer (offset of one). Both values are incomplete for a ""quote all sentences"" question: neither includes Article Twenty-Two's ""NOTE: The parties agree to execute a memorandum of understanding agreeing to accept the Board's policy regarding FMLA leave..."" (PDF p. 34), the document's only named federal statute; B additionally drops the second half of the Article Five I. paragraph, the clause that actually invokes the IRS and ""applicable Federal laws and regulations."" Both candidates are therefore wrong, though A is materially closer (right page, full paragraph)."
f2a06ff62a19af21,manchester_school_district__83__de5d62c9,Manchester School District,83.pdf,meta_federal_law_citations_009,Which federal laws or statutes are cited?,None specifically cited; refers generally to 'current federal laws and regulations'.,"The Board agrees to maintain a Dependent Care Reimbursement Plan, A Premium Conversion Plan and Health Care Reimbursement Plan in accordance with current federal laws and regulations.",10,high,,yes,no,yes,no,no,not_discussed,,not_applicable,high,,no,no,no,no,no,"Federal law is referenced in this contract, so B's not_discussed is wrong: Article Five I. ""in accordance with current federal laws and regulations ... approved by the Internal Revenue Service and in compliance with applicable Federal laws and regulations"" (PDF p. 11), and Article Twenty-Two's ""NOTE: The parties agree to execute a memorandum of understanding agreeing to accept the Board's policy regarding FMLA leave"" (PDF p. 34). Searches for ""federal laws regulations"", ""Internal Revenue Service"", ""FMLA Family Medical Leave"", plus regex sweeps for federal/U.S.C./Title VII/COBRA/ERISA/Section 125 across all 54 pages confirm the topic is present, so B's derived fields are scored no rather than na. A's quote is verbatim but its answer ""None specifically cited"" misses FMLA, a named federal statute, and its page 10 is the printed footer of PDF page 11 (offset of one). Both candidates are wrong."
381dce107a8a9a8e,manchester_school_district__83__de5d62c9,Manchester School District,83.pdf,pay_salary_schedule_001,Does the document include a teacher salary schedule or salary scale?,yes,"""The salaries of all teachers are set forth in Appendix B which is attached hereto and made a part hereof.""",8,high,,,,,,,yes,The salaries of all teachers are set forth in Appendix B which is attached hereto and made a part hereof.,7,high,,,,,,,
f048f31fb636ae7c,manchester_school_district__83__de5d62c9,Manchester School District,83.pdf,pay_salary_schedule_002,What year or years does the salary schedule cover?,"The salary schedule covers Fiscal Year 2010 (FY’10), effective September 1, 2009.",FY’10 Teacher Salary Schedule 9/1/09,44,high,,yes,no,yes,yes,no,"July 1, 2007 through June 30, 2010","MEA CONTRACT July 1, 2007 through June 30, 2010",4,high,,yes,yes,yes,no,no,"Appendix B contains three separately dated schedules: 'FY'08 Teacher Salary Schedule 10/1/2007' (PDF p.42), 'FY'09 ... 9/1/08' (PDF p.43), and 'FY'10 ... 9/1/09' (PDF p.44), inside a contract effective July 1, 2007 to June 30, 2010 (PDF p.5 title block; Article Twenty Seven, PDF p.40). A's quote and page are exact for the FY'10 table, but its value covers only FY2010 and omits the FY'08 and FY'09 schedules, so the extracted value is materially incomplete. B's coverage range is correct and its quote is verbatim, but the quoted line 'MEA CONTRACT July 1, 2007 through June 30, 2010' sits on PDF page 5 (printed footer '4'), so the reported page 4 is off by one (footers in this PDF run one behind PDF pages throughout); schedule-specific headers on pp.42-44 would have been the better evidence. Both records fail as coded data."
169b1293e8be6c17,manchester_school_district__83__de5d62c9,Manchester School District,83.pdf,pay_step_increment_003,Does the document explain annual step advancement or salary increments?,yes,"To be eligible for an annual step increase, a teacher must actually work ninety-two (92) days or more of the teacher's work year.",14,high,,,,,,,yes,"""To be eligible for an annual step increase, a teacher must actually work ninety-two (92) days or more of the teacher's work year. Paid absences shall be counted in determining whether or not a teacher has worked ninety-two (92) days.""",15,high,,,,,,,
37db642c9e74a685,manchester_school_district__83__de5d62c9,Manchester School District,83.pdf,pay_prior_experience_005,Does the document state how prior teaching experience is credited for salary placement?,yes,Full credit will be given for previous outside teaching experience upon initial employment.,14,high,,,,,,,yes,A. 2. Full credit will be given for previous outside teaching experience upon initial employment.,15,high,,,,,,,
f166a9f6b1e70a31,manchester_school_district__83__de5d62c9,Manchester School District,83.pdf,pay_performance_pay_006,"Does the document include performance pay, merit pay, or evaluation-based compensation?",not_discussed,,not_applicable,low,[grounding failure: evidence is absent from cited passage],,,,,,not_discussed,,not_applicable,high,[review: topic keywords located in document but no confirmable answer — verify this is not a false negative],,,,,,
a006495541f1dfd7,manchester_school_district__83__de5d62c9,Manchester School District,83.pdf,pay_performance_pay_007,How are teachers evaluated for purposes of performance-based pay eligibility?,not_discussed,,not_applicable,high,[review: topic keywords located in document but no confirmable answer — verify this is not a false negative],,,,,,not_discussed,,not_applicable,high,,,,,,,
1dee2727571dd5f0,manchester_school_district__83__de5d62c9,Manchester School District,83.pdf,pay_cost_of_living_007,Does the document specify across-the-board raises or COLA percentages?,not_discussed,,not_applicable,high,[review: topic keywords located in document but no confirmable answer — verify this is not a false negative],,,,,,not_discussed,,not_applicable,high,,,,,,,
a65dff7a7dca340b,manchester_school_district__83__de5d62c9,Manchester School District,83.pdf,pay_extra_duty_schedule_008,Does the document include an extra-duty or supplemental pay schedule?,yes,"Participation in the following extracurricular activities will be compensated as follows:
E. 1. Extracurricular Activities

Junior and Senior High School
 Class Advisors . 05

Freshman and Sophomore High School
 Class Advisors . 025

Middle School Advisors . 025

Intramural Sports
 Elementary Schools . 02
 Middle Schools and Senior High Schools . 035

School Publications
 Middle Schools . 045
 Senior High Schools . 07

Theatrical Productions
 Middle Schools . 045
 Senior High Schools . 07

Choral Groups .10

Forensics . 05
""",9,high,,,,,,,yes,"Article Five D.1. states compensation for night school, after school, summer school, and driver education shall be twenty-three dollars and twenty-five cents ($23.25) per hour. D.2. states detention hall supervision is compensated at $16.15 per session. E.1. lists specific stipends for extracurricular activities, including Class Advisors (.05), Intramural Sports (.02), and Band Director (.17).",7-9,high,Updated evidence quote for clarity and direct alignment with the article sections.,,,,,,
7929a2ab240054f3,manchester_school_district__83__de5d62c9,Manchester School District,83.pdf,pay_hardtostaff_sped_009,"Does the document provide additional pay, stipends, or salary differentials for special education teachers?",not_discussed,,not_applicable,high,[review: topic keywords located in document but no confirmable answer — verify this is not a false negative],yes,na,na,na,yes,yes,"""Elementary Specialists are limited to the following: Speech/Language Pathologist/Therapist/Specialist, Learning Disabilities Specialist, Special Education Inclusion Teacher, Occupational Therapist, Teacher of Visually Impaired, Itinerant""",21,high,"The document provides additional compensation for specific special education roles classified as ""Elementary Specialists."" Passage 7688 (page 21) lists eligible roles including ""Special Education Inclusion Teacher"" and ""Learning Disabilities Specialist."" It states that these specialists receive a minimum of five preparatory periods per week and ""will be compensated for each missed prep."" This constitutes a salary differential or additional pay tied to the specific special education role.",no,na,no,yes,no,"No special-education pay differential exists in this contract. Searched 'special education', 'sped', 'stipend', 'differential', 'additional compensation', 'extra pay', 'caseload', 'shortage', 'hard-to-staff', 'bonus', 'IEP/autism/disabilities', 'endorsement/certification', 'speech', 'nurse', 'job share' across all 55 pages plus Appendices A-M; the only sped mentions are the elementary-specialist list (PDF pp.21-22), the case-manager caseload study committee with no pay (PDF p.22), the Special Education Joint Committee (Appendix K, PDF p.52), and a Master's qualification list (PDF p.24). Appendix B's index add-ons (Title I Supervisor, Mentors, BLIC, Elementary Teaching Assistant Principals, Elementary Reading Supervisors, PE Coordinator, ELL Coordinator) include no sped role. B's quote is verbatim and does sit on PDF page 21, but it is only the definitional list for Article XII C.5 prep time; the operative clause ('Any elementary specialist who receives less than 5 (30 minute) preps per week will be compensated for each missed prep', PDF p.21, confirmed by Appendix L, PDF p.53) is missed-prep compensation available to all elementary specialists including art, music, PE, health and guidance, not a special-education role differential, so it does not support 'yes' under the codebook's role-differential instruction."
89d7adfd7053f4cf,manchester_school_district__83__de5d62c9,Manchester School District,83.pdf,pay_hardtostaff_stem_010,"Does the document provide additional pay, stipends, or salary differentials for teachers in STEM subjects?",not_discussed,,not_applicable,low,[grounding failure: evidence is absent from cited passage],,,,,,not_discussed,,not_applicable,high,[review: topic keywords located in document but no confirmable answer — verify this is not a false negative],,,,,,
290d12cc33a2b7dd,manchester_school_district__83__de5d62c9,Manchester School District,83.pdf,pay_hardtostaff_other_011,"Does the document provide additional pay, stipends, or salary differentials for teachers in high-need subjects or schools other than special education or STEM?",not_discussed,,not_applicable,low,[grounding failure: evidence is absent from cited passage],no,na,no,no,no,yes,"Plus.22 Title I Supervisor
Plus.33 Mentors
Plus.22 Building Level Instructional Coordinators
Plus.20 Elementary Teaching Assistant Principals
Plus.15 Elementary Reading Supervisors and Elementary Physical Education Coordinator and English Language Learners Coordinator",41,high,[recall-recovery],yes,na,yes,no,no,"Appendix B carries salary-index add-ons on top of the teacher schedule, including 'Plus.22 Title I Supervisor' and 'Plus.15 ... English Language Learners Coordinator' (PDF pp.42, 43, 44 - repeated above each of the FY'08/FY'09/FY'10 tables). Title I and ELL are exactly the covered areas the codebook lists for this field, and these are bargaining-unit positions paid off Appendix B, so the topic is discussed and A's not_discussed is the wrong status (searched 'bilingual', 'English Language', 'ESL/ELL', 'Title I', 'CTE', 'shortage', 'hard-to-staff', 'differential', 'stipend', 'incentive', 'bonus' document-wide; nothing else qualifies - Article Five's extracurricular indices and detention/summer-school hourly rates are duty pay, not subject differentials). B's quote is verbatim and is the governing text, but the 'Plus' block appears on PDF page 42 (printed footer '41'), not PDF page 41, which is Appendix A's memorandum; footers in this PDF run one behind PDF pages, so the reported page is off by one. Neither record is acceptable as coded data."
ada48c0e1172ad38,manchester_school_district__83__de5d62c9,Manchester School District,83.pdf,pay_hardtostaff_schools_012,"Does the document provide incentives specifically for teaching in hard-to-staff, high-need, Title I, or priority schools, regardless of subject?",not_discussed,,not_applicable,high,[review: topic keywords located in document but no confirmable answer — verify this is not a false negative],,,,,,not_discussed,,not_applicable,low,[grounding failure: evidence is absent from cited passage],,,,,,
9dadcf04bbb08830,manchester_school_district__83__de5d62c9,Manchester School District,83.pdf,pay_experience_credit_indistrict_013,Does the document specify how prior in-district teaching experience is credited for initial salary placement?,not_discussed,,not_applicable,high,[review: topic keywords located in document but no confirmable answer — verify this is not a false negative],no,na,no,no,no,"Yes, the document specifies that prior in-district teaching experience is credited. Specifically, Section B.1 states that teachers returning to the Manchester School District receive ""full credit on the salary schedule for all outside teaching experience up to the maximum set forth in Section A. above."" Additionally, Section A.2 notes that ""Full credit will be given for previous outside teaching experience upon initial employment.""","Teachers with previous teaching experience in the Manchester School District will, upon returning to the system, receive full credit on the salary schedule for all outside teaching experience up to the maximum set forth in Section A. above.",15,high,,yes,na,yes,no,no,"Article Nine, Teacher Employment, addresses this directly: A.1 'All newly employed or reinstated teachers shall be placed on the proper step of the salary schedule, according to their experience and education' (PDF p.15, footer '14') and B.1 'Teachers with previous teaching experience in the Manchester School District will, upon returning to the system, receive full credit on the salary schedule ... Teachers who have not been engaged in teaching on a full-time basis will, upon returning to the system, be restored to the next position on the salary schedule above that at which they left' (PDF p.16, footer '15'). A's not_discussed is therefore the wrong status and owes evidence and a page it does not supply. B's quote is verbatim and is the governing in-district clause, but it sits on PDF page 16, not the reported page 15 - B reported the printed footer, which runs one behind the PDF page throughout this document - so the record is not acceptable as coded data."
2193d77c4b44bc14,manchester_school_district__83__de5d62c9,Manchester School District,83.pdf,pay_experience_credit_outofdistrict_014,Does the document specify how out-of-district but in-state teaching experience is credited for salary placement?,yes,Full credit will be given for previous outside teaching experience upon initial employment.,14,high,"Updated from not_discussed to yes. Article Nine, Section A.2 explicitly specifies that full credit will be given for previous outside teaching experience upon initial employment.",,,,,,yes,"""Full credit will be given for previous outside teaching experience upon initial employment.""",15,high,,,,,,,
df399c0a53cb9e35,manchester_school_district__83__de5d62c9,Manchester School District,83.pdf,pay_experience_credit_outofstate_015,Does the document specify how out-of-state teaching experience is credited for salary placement?,not_discussed,,not_applicable,high,[review: topic keywords located in document but no confirmable answer — verify this is not a false negative],,,,,,not_discussed,,not_applicable,high,,,,,,,
99699ff7cec510c0,manchester_school_district__83__de5d62c9,Manchester School District,83.pdf,pay_experience_credit_military_public_016,Does the document credit military service or other public service for salary placement?,not_discussed,,not_applicable,low,[grounding failure: evidence is absent from cited passage],no,na,no,no,no,yes,"Military leave, without pay or any other benefits, of up to two (2) years will be granted to any teacher who is inducted or enlists in any branch of the Armed Forces of the United States. Upon return from such leave, a teacher will be placed on the salary schedule at the level which would have been achieved had that teacher remained actively employed in the system during the period of the teacher's absence.",31,high,[recall-recovery],yes,na,yes,no,no,"Article Twenty Two, Extended Leaves of Absence, PDF page 32 (printed footer 31) contains both B: military leave 'a teacher will be placed on the salary schedule at the level which would have been achieved had that teacher remained actively employed' and C(sic, sec. B): the same placement rule for teachers who join 'the Peace Corps, VISTA, or National Teacher Corps', so the provision is plainly discussed and A's not_discussed is wrong (searched 'military service credit salary', 'prior service credit experience', 'armed forces induction', 'years of service placement salary schedule'; the hits confirm presence, not absence). B's quote is verbatim from PDF page 32 but its cited page 31 is the printed footer number, one less than the PDF page, so the page fails; B also captures only the military clause and not the parallel public-service (Peace Corps/VISTA) clause in the same article. Question is existence-only, so no value is owed from either candidate."
dd91a92e8188d204,manchester_school_district__83__de5d62c9,Manchester School District,83.pdf,pay_national_board_017,Does the document provide extra pay for National Board certification or similar advanced certification?,no,"C. The Association and the Board shall create a joint study committee to evaluate a program to enable teachers to become credentialed by the National Board for Professional Teaching Standards. The joint study committee shall be composed of an equal number of members representing the Association and the Board. The committee shall issue its recommendations to the Association and the Board no later than May 31, 2008.",13,high,[recall-recovery],no,na,yes,no,no,not_discussed,,not_applicable,high,,no,na,no,no,no,"The only National Board material in the contract is Article Seven, Section C on PDF page 14 (printed footer 13): the parties 'shall create a joint study committee to evaluate a program to enable teachers to become credentialed by the National Board for Professional Teaching Standards' with recommendations due May 31, 2008 — no stipend, differential, or salary-schedule credit anywhere (searched 'National Board certification stipend', 'certification differential additional compensation', 'credentialed teaching standards payment', 'master teacher advanced certification bonus', plus a raw scan for 'National Board'/'NBPTS'/'certif' across all 54 pages; Appendix B salary schedules carry only degree lanes, a BA-step-1 hiring bonus, and role add-ons). B's not_discussed is therefore wrong because the topic is expressly addressed on page 14. A quotes the governing passage verbatim but the passage does not explicitly state that extra pay is absent or prohibited, so under the rubric 'no' overstates it (discussed_unclear fits a study-committee-only provision), and A's page 13 is the printed footer rather than PDF page 14, off by one."
302052eb9a18023d,manchester_school_district__83__de5d62c9,Manchester School District,83.pdf,benefits_health_001,Does the document state that health or medical insurance is available to teachers?,"yes, Blue Cross-Blue Shield ""Blue Choice"" Plan for all teachers","The Board agrees to provide Hospital/Medical Insurance coverage under the Blue Cross -Blue Shield ""Blue Choice"" Plan.",12,high,,yes,na,yes,yes,yes,yes,"The Board agrees to provide Hospital/Medical Insurance coverage under the Blue Cross - Blue Shield ""Blue Choice"" Plan.",11,high,,yes,na,yes,no,no,"Article Six, Insurance, Section A, PDF page 12 (printed footer 11): 'The Board agrees to provide Hospital/Medical Insurance coverage under the Blue Cross - Blue Shield ""Blue Choice"" Plan', confirmed by pdftotext -f 12 against the PDF itself; Section B.2 on PDF page 13 adds that 'All teachers shall be covered from the first day of employment', so status yes is right for both. The question asks only whether coverage exists, so no value is owed. Both quotes are the governing sentence (A joins the line break 'Blue Cross -/Blue Shield' without the space, a whitespace-only artifact, which I did not treat as an alteration). A's page 12 is the correct PDF page; B's page 11 is the printed footer number, one less than the PDF page, so B's page fails."
f9073480f750d26f,manchester_school_district__83__de5d62c9,Manchester School District,83.pdf,benefits_health_contribution_002,What employer contribution toward health insurance is stated?,87.5% (not to exceed),"Effective July 1, 1999, the District shall pay an amount not to exceed eighty-seven and one half percent (87.5%) of the monthly premium of Blue Cross-Blue Shield “Blue Choice” Plan, as agreed by the parties.",11,high,,yes,no,yes,no,no,"The District pays an amount not to exceed 87.5% of the monthly premium for the Blue Cross-Blue Shield “Blue Choice” Plan. For an optional health plan approved in addition to the Blue Choice Plan, the District pays 95% of that plan’s premiums.","Effective July 1, 1999, the District shall pay an amount not to exceed eighty-seven and one half percent (87.5%) of the monthly premium of Blue Cross-Blue Shield “Blue Choice” Plan, as agreed by the parties. If an optional health plan is approved, in addition to Blue Cross-Blue Shield “Blue Choice”, Plan, the District shall be obligated to pay toward the optional plan a monthly amount which is equal to ninety-five percent (95%) of that plan’s premiums.",12,high,,yes,no,yes,yes,no,"Article Six B.1 on PDF page 12 (printed footer 11) states two employer shares in consecutive paragraphs: 'not to exceed eighty-seven and one half percent (87.5%) of the monthly premium of Blue Cross-Blue Shield ""Blue Choice"" Plan' and, for an approved optional plan, 'ninety-five percent (95%) of that plan's premiums'. Appendix J, Job Share Agreement, PDF page 50 states further splits for job-sharing teachers: item 4, 'The teachers' share will be 50% of the District's share plus the regular employee share', and item 9, if one job-share partner declines district insurance the other 'will have the option of taking insurance @ 85% / 15%'. A's value gives only 87.5% and omits both the 95% optional-plan figure and the Appendix J job-share splits; B's value gives 87.5% and 95% but still omits the Appendix J job-share splits, so both values are incomplete. Both quotes are verbatim from PDF page 12 (B's is two contiguous paragraphs, no omitted governing words); A's cited page 11 is the printed footer, one less than the PDF page, while B's page 12 is correct."
8d0333ff4ea306af,manchester_school_district__83__de5d62c9,Manchester School District,83.pdf,benefits_health_employee_premium_003,What employee health insurance premium or contribution is stated?,not_discussed,,not_applicable,high,,no,no,no,no,no,50% of the District’s share plus the regular employee share (for job sharers).,The teachers’ share will be 50% of the District’s share plus the regular employee share.,57,medium,,yes,no,yes,no,no,"Employee premium sharing is plainly discussed, so A's not_discussed is wrong: Article Six B.1 (PDF p12) says the District pays ""an amount not to exceed eighty-seven and one half percent (87.5%) of the monthly premium"" of Blue Choice (95% for an approved optional plan), Article Five (PDF p9) gives part-time secondary teachers ""one-half of the insurance benefits provided in Article Six,"" and Appendix J item 9 (PDF p50) offers insurance ""@ 85% / 15%."" B's quote is verbatim from Appendix J item 4 (PDF p50), but its value covers only job sharers and omits the governing 87.5%/12.5% split and the other stated variations, so the value is incomplete; its page 57 is the printed footer, and the footer runs +7 ahead of the PDF page in the appendices (printed 44 on PDF p45 jumps to printed 53 on PDF p46 because the plan-description appendices are missing from the file), so the PDF page is 50. Both candidates are unacceptable."
1a8d487fe53128fd,manchester_school_district__83__de5d62c9,Manchester School District,83.pdf,benefits_dependent_health_004,"Does the document mention dependent, spouse, family, or domestic partner health coverage?",yes,"Section I states: ""The Board agrees to maintain a Dependent Care Reimbursement Plan, A Premium Conversion Plan and Health Care Reimbursement Plan...""",11,high,,no,na,no,yes,no,not_discussed,,not_applicable,high,[review: topic keywords located in document but no confirmable answer — verify this is not a false negative],yes,na,na,na,yes,"Searches for dependent, spouse, husband/wife, family, domestic partner, subscriber, single/two-person/family tier, and survivor coverage (both regex over the form-feed text and document-scoped FTS on ""dependent coverage insurance"", ""spouse family coverage"", ""domestic partner"", ""family plan single two person premium"") turn up no clause extending health coverage to dependents: Article Six (PDF pp12-13) sets one premium share with no coverage tiers, spouse appears only in the assignment article (PDF p18) and the bereavement definition of immediate family (PDF p31), and the plan-description appendices are physically absent from this PDF (printed footer jumps 44 -> 53 between PDF pp45-46). A's quote is real and its page 11 is the correct PDF page (printed footer 10), but Article Five.I's Dependent Care Reimbursement Plan is a dependent-care/premium-conversion/FSA package ""for the benefit of the members of the bargaining unit,"" not dependent health coverage, so it supports a different provision; the quote also carries a ""Section I states"" label and a trailing ellipsis. B's not_discussed is the defensible reading."
a1770dad6300c847,manchester_school_district__83__de5d62c9,Manchester School District,83.pdf,benefits_health_plan_type_005,What health plan types are described?,"Blue Cross-Blue Shield ""Blue Choice"" Plan; Matthew Thornton Blue Benefit Plan","The Board agrees to provide Hospital/Medical Insurance coverage under the Blue Cross - Blue Shield ""Blue Choice"" Plan. The parties have agreed to replace the current Matthew Thornton “Classic” Plan with Matthew Thornton Blue Benefit Plan.",11,high,,yes,yes,no,no,no,"Blue Cross-Blue Shield ""Blue Choice"" Plan","The Board agrees to provide Hospital/Medical Insurance coverage under the Blue Cross -Blue Shield ""Blue Choice"" Plan.",12,high,,yes,no,yes,yes,no,"The document names two health plans: Article Six A (PDF p12) ""Hospital/Medical Insurance coverage under the Blue Cross - Blue Shield \""Blue Choice\"" Plan"" with Option I/Option II co-pays, and the paragraph on PDF p13 ""The parties have agreed to replace the current Matthew Thornton “Classic” Plan with Matthew Thornton Blue Benefit Plan"" (the table of contents also lists a “Blue Choice” Plan and a Matthew Thorton Blue Plan appendix, though those appendix pages are missing from the PDF). A's value is therefore correct and complete, but its evidence stitches two sentences from two different pages (PDF p12 and PDF p13) into one continuous quote, and its cited page 11 contains neither sentence (PDF p11 is Article Five compensation; footer numbers run one behind the PDF page here). B's quote and page 12 are correct, but its value omits the Matthew Thornton Blue Benefit Plan. Neither record is acceptable as coded data."
0f3c4d8b1c5bc46b,manchester_school_district__83__de5d62c9,Manchester School District,83.pdf,benefits_dental_006,Does the document state that dental insurance is available?,yes,"The Board agrees to provide coverage under Delta Dental Insurance Plan Coverage A, B, and C as agreed to by the parties. Effective the date of ratification, the Board shall pay an amount not to exceed eighty-five (85%) for the coverage selected by the parties.",13,high,,,,,,,yes,"The Board agrees to provide coverage under Delta Dental Insurance Plan Coverage A, B, and C as agreed to by the parties.",11,high,,,,,,,
ea3204f932d02442,manchester_school_district__83__de5d62c9,Manchester School District,83.pdf,benefits_vision_007,Does the document state that vision or optical insurance is available?,not_discussed,,not_applicable,high,,,,,,,not_discussed,,not_applicable,high,[review: topic keywords located in document but no confirmable answer — verify this is not a false negative],,,,,,
f98c553e46ccb872,manchester_school_district__83__de5d62c9,Manchester School District,83.pdf,benefits_life_008,Does the document provide district-paid or voluntary life insurance?,not_discussed,,not_applicable,low,[grounding failure: evidence is absent from cited passage],,,,,,not_discussed,,not_applicable,high,[review: topic keywords located in document but no confirmable answer — verify this is not a false negative],,,,,,
b44a265a501aa3a2,manchester_school_district__83__de5d62c9,Manchester School District,83.pdf,benefits_disability_009,Does the document mention short-term or long-term disability coverage?,not_discussed,,not_applicable,high,[review: topic keywords located in document but no confirmable answer — verify this is not a false negative],,,,,,not_discussed,,not_applicable,low,[grounding failure: evidence is absent from cited passage],,,,,,
3ca6aa8bdd276bc8,manchester_school_district__83__de5d62c9,Manchester School District,83.pdf,benefits_retirement_contribution_010,What employer retirement or pension contribution is stated?,not_discussed,,not_applicable,high,[review: topic keywords located in document but no confirmable answer — verify this is not a false negative],,,,,,not_discussed,,not_applicable,high,,,,,,,
4cefc69835460794,manchester_school_district__83__de5d62c9,Manchester School District,83.pdf,benefits_leave_continuation_011,Does the document state whether insurance benefits continue during paid or unpaid leave?,yes,"""All benefits to which a teacher was entitled at the time the teacher's leave of absence commenced, including unused accumulated sick leave, will be restored to that teacher."" Leaves for Peace Corps, VISTA, National Teacher Corps, and military service are explicitly stated to be granted ""without pay or any other benefits.""",30-31,high,[recall-recovery],,,,,,yes,"""All benefits to which a teacher was entitled at the time the teacher's leave of absence commenced, including unused accumulated sick leave, will be restored to that teacher.""",32,high,,,,,,,
74d0e252e0e2f3b6,manchester_school_district__83__de5d62c9,Manchester School District,83.pdf,benefits_retiree_012,"Does the document provide retiree health, dental, life, or other post-employment benefits?",not_discussed,,not_applicable,low,[grounding failure: evidence is absent from cited passage],,,,,,not_discussed,,not_applicable,high,[review: topic keywords located in document but no confirmable answer — verify this is not a false negative],,,,,,
06048cd8e3f90d29,manchester_school_district__83__de5d62c9,Manchester School District,83.pdf,leave_sick_days_001,How many paid sick leave days are granted per year?,15,"A teacher shall earn sick leave at the rate of one and one-half (1-1/2) days at the beginning of each month of employment from September 1 through and including June 1 of the school year, provided, however, that a teacher shall not accumulate more than fifteen (15) sick leave days during the entire year.",27,high,,yes,yes,yes,no,no,18,"""A teacher shall earn sick leave at the rate of one and one-half (1-1/2) days at the beginning of each month of employment from September 1 through and including June 1 of the school year""",28,high,,yes,no,no,yes,no,"Article Twenty A.1 sits on PDF page 28 (printed footer 27, so footers run one behind): 1-1/2 days per month from September 1 through June 1 (ten months) ""provided, however, that a teacher shall not accumulate more than fifteen (15) sick leave days during the entire year,"" so 15 is the correct figure; the only subset variation is Appendix J (PDF pp50-51), where job sharers get ""fifteen (half) sick days, pro-rated for months of service,"" still fifteen days. A's value and verbatim quote (including the governing fifteen-day proviso) are right, but its page 27 is the printed footer, not the PDF page (PDF p27 is the dues-deduction article). B's 18 is wrong — it multiplies 1.5 by twelve months — and its quote is cut off mid-sentence before the fifteen-day cap that governs the annual total, so it cannot support the stated value. Both records are unacceptable."
52a8ff6cbeca0327,manchester_school_district__83__de5d62c9,Manchester School District,83.pdf,leave_sick_accrual_002,"Does sick leave accumulate or carry over, and what cap is stated?",Sick leave accumulates and carries over from year to year. The maximum accumulation cap is 120 days.,Sick leave days may be accumulated from year to year with a maximum limit of one hundred and twenty (120) days.,28,high,,yes,yes,yes,yes,yes,120,Sick leave days may be accumulated from year to year with a maximum limit of one hundred and twenty (120) days.,27,high,,yes,yes,yes,no,no,"Article Twenty A.1 (SICK LEAVE) states verbatim 'Sick leave days may be accumulated from year to year with a maximum limit of one hundred and twenty (120) days.' That clause sits on PDF page 28, whose printed footer reads 27, so printed numbers run one behind PDF pages throughout this agreement. A's page 28 is right; B's page 27 is the printed footer and is off by one. 120 is the only stated carry-over cap: the same paragraph separately caps in-year earning at fifteen (15) days, Article Twenty B caps the retirement payout at ninety (90) days, and Appendix J (PDF p. 50-51) has job sharers accruing sick leave at half-day rates with no different carry-over cap, so neither candidate's value omits a group variation."
0af33e30499214e3,manchester_school_district__83__de5d62c9,Manchester School District,83.pdf,leave_sick_family_003,May teachers use sick leave for family illness or family care?,"Yes, teachers may use sick leave to care for sick family members for up to five (5) days.","Sick leave shall be used by a teacher only for actual personal illness, including pregnancy disabilities, and to care for sick family members for up to five (5) days, which prevent that teacher from performing that teacher's normal duties.",28,high,,yes,na,yes,yes,yes,yes,"Sick leave shall be used by a teacher only for actual personal illness, including pregnancy disabilities, and to care for sick family members for up to five (5) days, which prevent that teacher from performing that teacher's normal duties.",27,high,,yes,na,yes,no,no,"Article Twenty A.1 expressly permits sick leave 'to care for sick family members for up to five (5) days,' so the status is yes for both; the question asks only whether the provision exists, so no value is owed (A's added 'five (5) days' is nonetheless accurate). Both quotes are verbatim, but the clause is on PDF page 28 (printed footer 27): A's page 28 is correct and B's page 27 is the printed number, off by one. Article Twenty Two D separately grants unpaid leave up to one year to care for a sick immediate family member, which does not disturb the sick-leave answer."
f1e1d2a22c7148ea,manchester_school_district__83__de5d62c9,Manchester School District,83.pdf,leave_personal_days_004,How many paid personal leave days are granted per year?,2,"Two (2) days leave of absence for personal or legal business, household or family matters or for the observance of religious holidays.",30,high,,,,,,,2,"Two (2) days leave of absence for personal or legal business, household or family matters or for the observance of religious holidays.",29,high,,,,,,,
9fef6a51ae728eb8,manchester_school_district__83__de5d62c9,Manchester School District,83.pdf,leave_personal_restrictions_005,What restrictions apply to personal leave use?,"Teachers must request personal leave five (5) school days prior to the leave day, except in emergencies where normal sick leave calling procedures apply. The leave is restricted to sound, pressing, and unavoidable reasons and cannot be used to extend a vacation week or long weekend.","A teacher desiring such leave must request the leave five (5) school days prior to the leave day. In the event of an emergency, the teacher will follow the normal sick leave procedure for calling in. Leave of absence for personal or legal business, household or family matters are to be used for sound, pressing and unavoidable reasons only. Such leave cannot be used to extend a vacation week or a long weekend.",30,high,,yes,yes,yes,yes,yes,"Must request leave five (5) school days prior; emergencies require following normal sick leave call-in procedure; must be for sound, pressing, and unavoidable reasons; cannot extend a vacation week or long weekend.","A teacher desiring such leave must request the leave five (5) school days prior to the leave day. In the event of an emergency, the teacher will follow the normal sick leave procedure for calling in. Leave of absence for personal or legal business, household or family matters are to be used for sound, pressing and unavoidable reasons only. Such leave cannot be used to extend a vacation week or a long weekend.",29,high,,yes,yes,yes,no,no,"Article Twenty One A.1 (TEMPORARY LEAVES OF ABSENCE) supplies all the restrictions both candidates list: request 'five (5) school days prior to the leave day,' emergency call-in under the normal sick leave procedure, use 'for sound, pressing and unavoidable reasons only,' and no use 'to extend a vacation week or a long weekend.' The clause begins on PDF page 30 (printed footer 29) and its last quoted sentence carries onto PDF page 31, so A's page 30 is correct while B's page 29 is the printed footer, off by one. Both answers omit the A.1 verification sentence on PDF page 31 ('may be subject to verification provided that the Superintendent has a bonafide reason to believe that the day was not taken in compliance'), which I treated as incompleteness rather than error since the governing restrictions are captured."
51b2fd983ff1fd56,manchester_school_district__83__de5d62c9,Manchester School District,83.pdf,leave_personal_conversion_006,"Does unused personal leave convert to sick leave, cash, or another benefit?",not_discussed,,not_applicable,low,[grounding failure: evidence is absent from cited passage],no,na,no,no,no,yes,"If during any school year a teacher uses no personal leave and no sick leave, that teacher shall be eligible for an additional bonus day under the provisions which are set forth in the Article Twenty D., Sick Leave of this Agreement.",30,high,,yes,na,yes,no,no,"The provision exists: Article Twenty One A.2 says 'If during any school year a teacher uses no personal leave and no sick leave, that teacher shall be eligible for an additional bonus day under the provisions which are set forth in the Article Twenty D., Sick Leave of this Agreement,' and Article Twenty D lets that bonus be taken as a per-diem cash payment or a day off; Article Twenty One H reinforces this by protecting eligibility for 'a sick leave incentive day.' A's not_discussed is therefore wrong and its empty evidence/page are owed but absent (searches run: 'unused personal leave', 'personal leave bonus day', 'buy back sick days', 'per diem payment unused', 'conversion of unused days', 'personal days paid'). B's status and verbatim quote are right, but A.2 is on PDF page 31 (printed footer 30), so B's page 30 is the printed number and off by one. BOTH candidates are unacceptable as coded data."
05a98765dff02d6f,manchester_school_district__83__de5d62c9,Manchester School District,83.pdf,leave_bereavement_days_007,How many bereavement leave days are available?,"5 consecutive days for immediate family, plus 1 day to attend funeral of a relative not listed; paid.","Five (5) consecutive days leave of absence because of death in the immediate family of the teacher only... In addition to the leave of absence provided for the immediate family as defined herein, the teacher is entitled to one (1) day of leave to attend the funeral of a relative not listed in the preceding sentence.",30,high,,yes,yes,yes,no,no,"Five (5) consecutive days of leave are available for death in the immediate family, with two (2) of these days reservable for estate matters. Additionally, one (1) day of leave is available to attend the funeral of a relative not listed in the immediate family definition.","Five (5) consecutive days leave of absence because of death in the immediate family of the teacher only, provided, however, that two (2) of these days may be reserved for dealing with matters arising out of settling the decedent's estate to be used at any time with at least five (5) days notice. Immediate family is hereby defined to mean spouse, parents, children, brothers, sisters, mother-in-law or father-in-law, or a blood relative or ward residing in the same house. In addition to the leave of absence provided for the immediate family as defined herein, the teacher is entitled to one (1) day of leave to attend the funeral of a relative not listed in the preceding sentence.",31,high,,yes,yes,yes,yes,yes,"Article Twenty One D. (Temporary Leaves of Absence, with full pay) grants ""Five (5) consecutive days leave of absence because of death in the immediate family of the teacher only"" plus ""one (1) day of leave to attend the funeral of a relative not listed in the preceding sentence""; this paragraph sits on PDF page 31 (printed footer ""30""), and appears nowhere else in the document. Both candidates report the day counts correctly, but A cites page 30, which is the printed footer number rather than the PDF page, so its page is off by one; A's ellipsis also drops the proviso that two of the five days may be reserved for settling the decedent's estate, though the day counts it quotes are verbatim. B quotes paragraph D contiguously and verbatim with the correct PDF page 31, so B is acceptable as coded data."
779397ee28dbb24f,manchester_school_district__83__de5d62c9,Manchester School District,83.pdf,leave_bereavement_relatives_008,Which relatives or household members are covered by bereavement leave?,"Immediate family is defined as spouse, parents, children, brothers, sisters, mother-in-law, father-in-law, or a blood relative or ward residing in the same house. Additionally, one day of leave is provided to attend the funeral of a relative not listed in the preceding sentence.","""Immediate family is hereby defined to mean spouse, parents, children, brothers, sisters, mother-in-law or father-in-law, or a blood relative or ward residing in the same house. In addition to the leave of absence provided for the immediate family as defined herein, the teacher is entitled to one (1) day of leave to attend the funeral of a relative not listed in the preceding sentence.""",31,high,,yes,yes,yes,yes,yes,"Spouse, parents, children, brothers, sisters, mother-in-law, father-in-law, or a blood relative or ward residing in the same house; also covers funeral of any relative not listed.","Immediate family is hereby defined to mean spouse, parents, children, brothers, sisters, mother-in-law or father-in-law, or a blood relative or ward residing in the same house.",30,high,,yes,yes,yes,no,no,"Article Twenty One D. on PDF page 31 (printed footer ""30"") defines immediate family as ""spouse, parents, children, brothers, sisters, mother-in-law or father-in-law, or a blood relative or ward residing in the same house"" and adds one day ""to attend the funeral of a relative not listed in the preceding sentence""; no other passage in the document covers bereavement-eligible relatives. Both candidates list the covered relatives correctly and quote verbatim. A cites the correct PDF page 31; B cites 30, which is the printed footer of that same page, an off-by-one PDF page error, so B fails on page and overall."
8eaff58bf5abe02c,manchester_school_district__83__de5d62c9,Manchester School District,83.pdf,leave_parental_paid_009,"Does the document provide paid parental, bonding, maternity, paternity, or adoption leave beyond accrued sick leave?",no,"Other leaves of absence (including child rearing and adoption leave), without pay or other benefits, may be granted by the Board for any good reason...",32,high,,,,,,,no,"F. Other leaves of absence (including child rearing and adoption leave), without pay or other benefits, may be granted by the Board for any good reason and for such period as the Board may determine.",33,high,,,,,,,
63bc83a23b6c8875,manchester_school_district__83__de5d62c9,Manchester School District,83.pdf,leave_pregnancy_disability_010,"Does the document address pregnancy, childbirth, or temporary disability leave?",yes,"Sick leave shall be used by a teacher only for actual personal illness, including pregnancy disabilities",27,high,,,,,,,yes,"Article Twenty, Section E.1 states: ""A teacher who has taught for two (2) full school years with the Manchester School District under an individual contract as set forth in Appendix B and who is pregnant, shall be entitled to a leave of absence without pay..."" Article Twenty, Section E.2 states: ""...a teacher who is actually working during the school year and takes maternity leave for part of that year shall... be eligible... for unused accumulated sick leave... only for the period of actual personal medical disability resulting from the pregnancy...""",32,high,,,,,,,
d419cb7cb3e0780f,manchester_school_district__83__de5d62c9,Manchester School District,83.pdf,leave_adoption_childcare_011,"Does the document provide adoption, child care, or bonding leave?",yes,"""F. Other leaves of absence (including child rearing and adoption leave), without pay or other benefits, may be granted by the Board for any good reason and for such period as the Board may determine.""",33,high,,,,,,,yes,"Other leaves of absence (including child rearing and adoption leave), without pay or other benefits, may be granted by the Board for any good reason and for such period as the Board may determine.",32,high,,,,,,,
0428eafa5c03ed38,manchester_school_district__83__de5d62c9,Manchester School District,83.pdf,leave_fmla_012,Does the document discuss Family and Medical Leave Act rights or equivalent family medical leave?,yes,"""NOTE: The parties agree to execute a memorandum of understanding agreeing to accept the Board's policy regarding FMLA leave, subject to its review by NEA-NH's attorney, with the understanding that the policy will not be changed except by mutual agreement.""",34,high,"The document explicitly references FMLA in a note within the Extended Leaves of Absence section. It states that the parties agree to accept the Board's policy regarding FMLA leave. However, it does not provide specific details on duration, eligibility, substitution, benefit continuation, or notice rules within the contract text itself, referring instead to a separate Board policy. Per the instructions, if it only references FMLA without detail, code yes and note limited detail.",,,,,,yes,"NOTE: The parties agree to execute a memorandum of understanding agreeing to accept the Board's policy regarding FMLA leave, subject to its review by NEA-NH's attorney, with the understanding that the policy will not be changed except by mutual agreement.",33,high,,,,,,,
622fa5053251af28,manchester_school_district__83__de5d62c9,Manchester School District,83.pdf,leave_absence_reporting_013,Does the document specify absence reporting or substitute-request procedures for teachers?,yes,"""A. 1. ... In the event of an emergency, the teacher will follow the normal sick leave procedure for calling in.""",30,high,,yes,na,yes,yes,yes,not_discussed,,not_discussed,high,,no,na,no,no,no,"The document does specify absence reporting and substitute provisions: Article Twenty One A.1 on PDF page 30 states ""In the event of an emergency, the teacher will follow the normal sick leave procedure for calling in"" (and requires personal leave to be requested five school days in advance); Article Twelve A.3 on PDF page 20 states ""The Board will use every reasonable effort to provide a substitute teacher whenever a teacher is absent""; Article Twenty A. on PDF pages 28-29 requires a physician's certificate for absences of three days or more; Article Nine F. on PDF pages 17-18 governs substitute call lists. Searches run: ""absence notify report principal"", ""substitute teacher absent provide"", ""sick leave procedure calling in notice"" (plus full-text scans for ""calling in"", ""notify"", ""substitute""), all of which surface these provisions, so B's not_discussed is wrong and owed evidence/page are missing. A's quoted sentence is verbatim and on the correct PDF page 30, despite the ""A. 1. ..."" label prefix."
b50ab325b59980b9,manchester_school_district__83__de5d62c9,Manchester School District,83.pdf,workload_work_year_days_001,How many teacher work days or duty days are required in the regular work year?,183,"the work year of the employees in the unit ... will in no event be longer than one hundred eighty three (183) days. The ""work year"" will include one hundred eighty (180) days when pupils are in attendance and a maximum of three (3) days on which attendance by members of the unit is required.",19,high,,,,,,,183,"The work year for school psychologists [hired prior to 1997-1998] shall be two hundred and five (205) days. The work year for school psychologists [hired between 1999 and 2004] shall be one hundred eighty-nine (189) days. For 2004-2007, school psychologists’ salaries will be calculated on a per diem basis by dividing the applicable salary as shown on Appendix B by the number of contractual teacher workdays per year (183).",20,high,,,,,,,
f695627de56f11a6,manchester_school_district__83__de5d62c9,Manchester School District,83.pdf,workload_workday_length_002,What is the required length of the teacher workday?,Teachers must be in their classrooms or at a duty station fifteen (15) minutes before student admission and remain fifteen (15) minutes after student dismissal.,"Teachers must be in their respective classrooms, or in school working on instructionally-related tasks, or at a duty station fifteen (15) minutes before the time for admitting students into school, said admission time to be determined by the Principal, provided, however, that no change in the present schedule will change the length of the teacher day.",19,high,,yes,yes,yes,yes,yes,15 minutes before and after student admission/dismissal,"Teachers must be in their respective classrooms, or in school working on instructionally-related tasks, or at a duty station fifteen (15) minutes before the time for admitting students into school... Teachers must remain in the classroom, or in school working on instructionally-related tasks, or at a duty station fifteen (15) minutes after the dismissal of students.",18,high,,yes,yes,no,no,no,"Article Twelve (Teaching Hours and Teaching Load) is the only workday provision: A.1 leaves student starting/dismissal times to the Board with the proviso that ""no change in the present schedule will increase the length of the teacher day,"" A.2.a requires teachers on site fifteen minutes before student admission (PDF page 19, footer ""18"") and A.2.b fifteen minutes after dismissal (PDF page 20). Searches for hours-per-day, level-specific schedules, clock times, job share (Appendix J), specialist MOUs (Appendices K-L) and psychologist work-day appendices found no total-hours figure and no differing figure by school level, so the 15-minute framing is the correct value; neither candidate notes A.2.e, which exempts School Psychologists from 2.a and 2.b. A quotes A.2.a contiguously and verbatim with the correct PDF page 19. B's quote is stitched across PDF pages 19 and 20 with an ellipsis replacing the governing ""length of the teacher day"" language, and its page 18 is the printed footer of page 19, so it is off by one."
7cb608b0a8ab0be8,manchester_school_district__83__de5d62c9,Manchester School District,83.pdf,workload_prep_guarantee_003,Does the document guarantee teacher planning or preparation time?,yes,"""The Board shall make every reasonable effort to provide all teachers in the junior and senior high schools, in addition to their lunch period, with daily preparation time consisting of one (1) class period during which they will not be assigned to any other duties.""",21,high,,,,,,,yes,The Board shall make every reasonable effort to provide all teachers in the junior and senior high schools... with daily preparation time... All Elementary teachers will receive five (5) preparatory periods per week...,20,high,,,,,,,
1d144de3ebf10e5a,manchester_school_district__83__de5d62c9,Manchester School District,83.pdf,workload_prep_minutes_004,How much planning or preparation time is guaranteed?,Junior and senior high school teachers receive one (1) class period of daily preparation time. Elementary teachers receive five (5) preparatory periods per week of not less than forty-five (45) minutes each. Elementary specialists receive a minimum of five (5) preparation periods per week of no less than thirty (30) minutes each.,"C. 2. The Board shall make every reasonable effort to provide all teachers in the junior and senior high schools, in addition to their lunch period, with daily preparation time consisting of one (1) class period during which they will not be assigned to any other duties. C. 3. All Elementary teachers will receive five (5) preparatory periods per week of not less than forty-five (45) minutes each. C.5, By September 1, 2006, all elementary specialists will receive a minimum of five (5) preps per week of no less than 30 minutes each.",21,high,,yes,yes,yes,yes,yes,"High school: 1 class period daily; Elementary: 5 periods/week, min 45 mins each; Specialists: 5 periods/week, min 30 mins each",daily preparation time consisting of one (1) class period... All Elementary teachers will receive five (5) preparatory periods per week of not less than forty-five (45) minutes each... all elementary specialists will receive a minimum of five (5) preps per week of no less than 30 minutes each.,20,high,,yes,yes,no,no,no,"Article Twelve C.2/C.3/C.5 (PDF page 21, printed footer 20) states all three guarantees: junior and senior high teachers get daily prep of one class period; elementary teachers five preparatory periods per week of not less than forty-five minutes; elementary specialists a minimum of five preps per week of no less than 30 minutes (Appendix K p.52 and Appendix L p.53 only add committee/intent language, no different guarantee). A quotes C.2, C.3 and C.5 verbatim with their governing subjects and cites PDF page 21, which is correct. B has the right three figures but its evidence is a stitched, ellipsis-joined quote whose first fragment drops the governing words 'The Board shall make every reasonable effort to provide all teachers in the junior and senior high schools', and its page 21 is reported as 20 (it used the printed footer number, which runs one behind the PDF page here); B also labels the secondary tier 'High school' where the clause covers junior and senior high."
3a1cd681c5734bae,manchester_school_district__83__de5d62c9,Manchester School District,83.pdf,workload_prep_protected_005,"Does the document restrict use of planning time for meetings, coverage, or other duties?",yes,daily preparation time consisting of one (1) class period during which they will not be assigned to any other duties.,20,high,,,,,,,yes,H. Teachers who lose a preparation period because they have to cover for absent faculty members shall be paid at an hourly rate of 1/1000 of the base salary.,11,high,,,,,,,
370bc28735c4a23c,manchester_school_district__83__de5d62c9,Manchester School District,83.pdf,workload_lunch_duty_free_006,Does the document guarantee a duty-free lunch?,yes,All teachers in the junior and senior high schools will have a duty-free lunch period. Elementary teachers shall have a duty-free lunch period of at least twenty (20) minutes.,20,high,[recall-recovery],,,,,,yes,"""All teachers in the junior and senior high schools will have a duty-free lunch period. Elementary teachers shall have a duty-free lunch period of at least twenty (20) minutes.""",21,high,,,,,,,
c00cfccd4ee9c313,manchester_school_district__83__de5d62c9,Manchester School District,83.pdf,workload_lunch_minutes_007,How many minutes is the lunch period?,"Elementary teachers have a duty-free lunch period of at least twenty (20) minutes. Junior and senior high school teachers have a duty-free lunch period (duration not explicitly specified in minutes in this section, but Section A.2 of Article on Salaries references a one-half hour paid lunch period for teachers working four hours or more).",All teachers in the junior and senior high schools will have a duty-free lunch period. Elementary teachers shall have a duty-free lunch period of at least twenty (20) minutes.,21,high,,yes,yes,yes,yes,yes,30,Teachers who actually work for four (4) hours or more during a calendar day shall be entitled to a one-half hour paid lunch period.,8,high,,yes,no,no,yes,no,"The lunch-period provision is Article Twelve C.1 on PDF page 21 (printed footer 20): 'All teachers in the junior and senior high schools will have a duty-free lunch period. Elementary teachers shall have a duty-free lunch period of at least twenty (20) minutes.' 'lunch' appears only on PDF pages 8, 9 and 21 in the whole document. A quotes C.1 verbatim, correctly reports 20 minutes for elementary and no stated duration for secondary, and correctly flags the separate Article Five A.2.a half-hour paid lunch; page 21 is right. B's '30' comes from Article Five A.2.a, which applies only to 'any teacher hired to continue work beyond that teacher's normal contract year' working four or more hours - an extended-work pay rule, not the regular duty-free lunch period - so the value is wrong and omits the stated 20-minute elementary lunch; the quote is verbatim and PDF page 8 does contain it, so page is right but the evidence governs a different provision."
5e9ca5c7cafd5976,manchester_school_district__83__de5d62c9,Manchester School District,83.pdf,workload_meetings_limits_008,"Does the document limit required faculty, staff, department, or PLC meetings?",yes,"""Teachers may be required to attend professional activities to be held after the dismissal of students which shall be jointly planned and scheduled by the Administration and representatives selected by the faculty at each work site. These activities shall not exceed between ten (10) and thirteen (13) hours per year.""",20,high,,,,,,,yes,Teachers may be required to attend professional activities to be held after the dismissal of students which shall be jointly planned and scheduled by the Administration and representatives selected by the faculty at each work site. These activities shall not exceed between ten (10) and thirteen (13) hours per year.,19,high,[recall-recovery],,,,,,
7af42581516fc292,manchester_school_district__83__de5d62c9,Manchester School District,83.pdf,workload_nonteaching_duties_009,"Does the document describe non-teaching duties such as supervision, lunch duty, bus duty, hall duty, or clerical duties?",yes,"Lunch room duty may be assigned to teachers as part of their regular duties without additional compensation. The Board agrees to offer detention hall supervision to teachers, who will be compensated therefore in the amount of $16.15 per session",8,high,,,,,,,yes,"""Lunch room duty may be assigned to teachers as part of their regular duties without additional compensation.""",9,high,"The document explicitly mentions lunch room duty, detention hall supervision, and clerical duties (specifically exempting counselors from them). It also lists bus, lavatory, and study hall duties in the Professional Duties section.",,,,,,
b19eb4213c5a7f66,manchester_school_district__83__de5d62c9,Manchester School District,83.pdf,class_size_limits_001,"Does the document include class-size limits, caps, goals, or review procedures?",not_discussed,,not_applicable,high,,,,,,,not_discussed,,not_applicable,high,[review: topic keywords located in document but no confirmable answer — verify this is not a false negative],,,,,,
7f9269e478a487fc,manchester_school_district__83__de5d62c9,Manchester School District,83.pdf,class_elementary_max_002,What elementary class-size maximums or targets are stated?,not_discussed,,not_applicable,high,,,,,,,not_discussed,,not_applicable,high,[review: topic keywords located in document but no confirmable answer — verify this is not a false negative],,,,,,
7c252a4ab9cabde6,manchester_school_district__83__de5d62c9,Manchester School District,83.pdf,class_secondary_max_003,What middle or high school class-size maximums or targets are stated?,not_discussed,,not_applicable,high,[review: topic keywords located in document but no confirmable answer — verify this is not a false negative],,,,,,not_discussed,,not_applicable,high,,,,,,,
f4b7760b61d4827c,manchester_school_district__83__de5d62c9,Manchester School District,83.pdf,class_overage_remedy_004,Does the document provide remedies when class-size limits are exceeded?,not_discussed,,not_applicable,high,[review: topic keywords located in document but no confirmable answer — verify this is not a false negative],,,,,,not_discussed,,not_applicable,low,[grounding failure: evidence is absent from cited passage],,,,,,
50c7d02dd926c237,manchester_school_district__83__de5d62c9,Manchester School District,83.pdf,evaluation_procedure_001,Does the document describe teacher evaluation procedures?,not_discussed,,not_applicable,low,"The document contains a section titled ""TEACHER EVALUATION"" (Article 24, based on context clues like ""24"" appearing on page 25) which describes the procedures for evaluation, including monitoring, observation, and the use of an Evaluation Handbook. [grounding failure: evidence is absent from cited passage]",no,na,no,no,no,Yes. Article Fifteen: Teacher Evaluation. Reference only.,Each teacher will be evaluated in accordance with the Evaluation Handbook in effect at the time.,24,high,,yes,na,yes,no,no,"Article Fifteen, TEACHER EVALUATION, begins on PDF page 25 (printed footer 24) and describes procedures in detail: open monitoring/observation, evaluation 'in accordance with the Evaluation Handbook in effect at the time', a pre-observation meeting on the upcoming week's instructional plan, delivery of the evaluative report within fifteen working days, the Interim Assessment conference waiver, and a required conference before any Professional Assessment Instrument is filed (Art. Fifteen A-B.3, pp. 25-26). A's 'not_discussed' is therefore wrong (searches on evaluat*, observation, assessment, instrument, handbook, probationar* all land on p.25), and it supplies no evidence or page. B's status is right and its quote is verbatim from Art. Fifteen B.1, but it cites page 24: that is the printed footer number, one behind the PDF page, which is 25. The document names no student-growth or test-score component (no hits for 'student growth', 'test score', 'achievement', 'summative', 'value-added'). Both candidates are unacceptable as coded data."
8d3ad0b65c64301b,manchester_school_district__83__de5d62c9,Manchester School District,83.pdf,evaluation_system_002,"What evaluation system, framework, or model is named?",not_discussed,,not_applicable,high,[review: topic keywords located in document but no confirmable answer — verify this is not a false negative],no,no,no,no,no,Evaluation Handbook,Each teacher will be evaluated in accordance with the Evaluation Handbook in effect at the time.,25,high,,yes,yes,yes,yes,yes,"Article Fifteen B.1 on PDF page 25 (printed footer 24) names the instrument: 'Each teacher will be evaluated in accordance with the Evaluation Handbook in effect at the time.' Page 25 also names the 'Interim Assessment' and the 'Professional Assessment Instrument' (Art. Fifteen B.2); no external vendor framework or model is named anywhere ('framework', 'model', 'Danielson', 'rubric', 'portfolio', 'professional growth' return no hits). A's 'not_discussed' is wrong and supplies no name, evidence, or page. B's quote is verbatim and its PDF page 25 is correct - confirmed by splitting the form-feed-delimited text (54 PDF pages, 55 blocks with a trailing empty one) and by pdftotext -f 25."
a16d7b170cc9d0ba,manchester_school_district__83__de5d62c9,Manchester School District,83.pdf,evaluation_observation_count_003,How many formal observations are required?,not_discussed,,not_applicable,high,[review: topic keywords located in document but no confirmable answer — verify this is not a false negative],,,,,,not_discussed,,not_applicable,high,,,,,,,
ab086f0237e192a7,manchester_school_district__83__de5d62c9,Manchester School District,83.pdf,evaluation_observation_duration_004,Does the document specify observation duration or minimum length?,not_discussed,,not_applicable,high,,,,,,,not_discussed,,not_applicable,high,[review: topic keywords located in document but no confirmable answer — verify this is not a false negative],,,,,,
13285126dbc5488b,manchester_school_district__83__de5d62c9,Manchester School District,83.pdf,evaluation_ratings_005,What rating categories or performance levels are used?,not_discussed,,not_applicable,high,[review: topic keywords located in document but no confirmable answer — verify this is not a false negative],,,,,,not_discussed,,not_applicable,high,,,,,,,
1893c056680c1d50,manchester_school_district__83__de5d62c9,Manchester School District,83.pdf,evaluation_student_growth_006,"Does the evaluation use student growth, test scores, value-added, or student outcomes?",not_discussed,,not_applicable,high,[review: topic keywords located in document but no confirmable answer — verify this is not a false negative],,,,,,not_discussed,,not_applicable,high,,,,,,,
39cc4357f10751b4,manchester_school_district__83__de5d62c9,Manchester School District,83.pdf,evaluation_improvement_plan_007,"Does the document describe improvement plans, remediation plans, or professional support plans for low-rated teachers?",yes,"If a teacher’s performance fails to meet expectations, the written evaluation will identify the problem areas and the teacher will be encouraged towards improvement.",24,high,,yes,na,yes,no,no,not_discussed,,not_applicable,high,,no,na,no,no,no,"The provision exists: Article Fifteen (Teacher Evaluation) A. ('If a teacher's performance fails to meet expectations, the written evaluation will identify the problem areas and the teacher will be encouraged towards improvement.') and, more operatively, B.3, where after evaluation deficiencies 'shall immediately be brought to the attention of the teacher' and the Supervisor/Principal/Superintendent 'shall determine appropriate corrective action designed to help correct such deficiencies and shall provide assistance to implement such action' - both on PDF page 25 (printed footer 24). A's quote is verbatim and on point but its cited page 24 is the Vacancies and Promotions article; the citation follows the printed footer, a consistent -1 offset from the PDF page. B's not_discussed is wrong; searches for improvement, remediation, corrective action, deficien*, assistance, support plan, and unsatisfactory return the Article Fifteen language above, so no owed evidence/page is excused."
41ce7e948853e54d,manchester_school_district__83__de5d62c9,Manchester School District,83.pdf,evaluation_consequences_008,"Does the document state how evaluation results are used in decisions about tenure, layoff priority, transfers, or compensation?",not_discussed,,not_applicable,high,[review: topic keywords located in document but no confirmable answer — verify this is not a false negative],,,,,,not_discussed,,not_applicable,low,[grounding failure: evidence is absent from cited passage],,,,,,
32dc72085d9228d2,manchester_school_district__83__de5d62c9,Manchester School District,83.pdf,security_probation_001,"Does the document define probationary, provisional, temporary, permanent, tenure, or continuing contract status?","Yes, the document defines ""permanent"" and ""temporary"" status. It defines ""permanent"" as ""for the remainder of the work year in which the vacancy occurs"" and describes ""temporary"" assignments, such as for teachers filling positions created by approved leave or temporary replacements. It does not explicitly define probationary, provisional, tenure, or continuing contract status.",The term “permanent” for purposes of this Section shall be interpreted to mean “for the remainder of the work year in which the vacancy occurs”.,15,high,,yes,na,yes,yes,yes,yes,The term “permanent” for purposes of this Section shall be interpreted to mean “for the remainder of the work year in which the vacancy occurs”.,14,high,,yes,na,yes,no,no,"Article Nine A.4 (Teacher Employment) expressly defines the term: 'The term “permanent” for purposes of this Section shall be interpreted to mean “for the remainder of the work year in which the vacancy occurs”', and A.5/A.7 describe temporary replacement and temporary assignment status - all on PDF page 15 (printed footer 14), so status yes is right for both. Both quote the same verbatim sentence; A's page 15 is the correct PDF page, B's page 14 is the printed footer (off by one). A's narrative caveat is also accurate: 'probationary' appears only as 'Non-probationary teachers' (PDF p. 25, Article Fifteen B.2) and 'continuing contract' only in the recall-list sentence on PDF p. 17, with no tenure/provisional definition anywhere; the question is existence-only, so no value is owed."
7759796bf8c09b5e,manchester_school_district__83__de5d62c9,Manchester School District,83.pdf,security_nonrenewal_002,"Does the document state nonrenewal notice, hearing, or appeal rules?",yes,"Teachers who are hired to fill a specific vacancy will be so advised that they are hired for a limited period of time by some kind of letter of transmittal and will, in all probability, receive a notice on or before May 10th that their contract will not be renewed for the following year.",14,high,,,,,,,yes,"""The contract shall be renewed annually, automatically, during the period of said teacher's first three (3) years of continuous employment by said Board, unless the teacher has been notified, in writing, prior to May 10th that the contract will not be renewed for the following year.""",18,high,,,,,,,
d4c6933839be9c44,manchester_school_district__83__de5d62c9,Manchester School District,83.pdf,security_seniority_definition_003,Does the document define seniority?,yes,"The length of actual service of the teachers in the Manchester School District in the following classifications shall be used to determine a teacher’s seniority, provided said teacher holds New Hampshire State Department certification in that classification:",15,high,,,,,,,yes,"""Seniority shall accrue from the first day of permanent employment as set forth in Article Nine A. (4). Paragraph 1 above.""",17,high,,,,,,,
f999ac30d75fbe7b,manchester_school_district__83__de5d62c9,Manchester School District,83.pdf,security_voluntary_transfer_004,"What are the voluntary transfer procedures, if any?","Teachers with eleven (11) years or more of experience may apply in writing by May 4 for a transfer to any certified position listed on a vacancy notice posted by April 20. The Superintendent grants ten such requests based on seniority and available positions, with additional requests at the Superintendent's discretion. Transfers are made at the close of the year. Additionally, teachers may apply in writing by March 1 for a change of school and/or grade assignment to commence at the beginning of the school year whenever a vacancy occurs.","If a teacher has eleven (11) years or more of experience in the School District, he/she may exercise the option to apply in writing by May 4 for a transfer to any position for which he/she is certified which is contained on a vacancy notice, posted in each building, listing all vacancies known as of April 20, the posting date.",24,high,,yes,yes,yes,yes,yes,Teachers may apply in writing by March 1 for a change of school and/or grade assignment. Teachers with 11+ years of experience may apply in writing by May 4 for any certified vacancy. The Superintendent will grant ten (10) such requests based on seniority and may grant additional requests at his discretion.,"""Teachers may apply in writing by March 1 for a change of school and/or grade assignment... If a teacher has eleven (11) years or more of experience in the School District, he/she may exercise the option to apply in writing by May 4 for a transfer to any position for which he/she is certified... The Superintendent will grant ten (10) such requests based on seniority and the number of available positions, and may grant such additional requests in his/her sole discretion""",23,high,"Evidence is verbatim and directly answers the question. Appended document text is truncated prior to Article XIV, but per audit instructions, the verbatim quote is preserved and supports the answer.",yes,yes,no,no,no,"The voluntary-transfer procedure is Article Fourteen F (Vacancies and Promotions): the March 1 written request for a change of school and/or grade assignment and the 11-years-or-more May 4 option for vacancies posted April 20, with ten requests granted on seniority and more at the Superintendent's sole discretion, transfers made at the close of the year - the paragraph runs from PDF page 24 (printed footer 23) onto PDF page 25. A's value is complete and its verbatim single-sentence quote sits entirely on PDF page 24, matching its cited page. B's value is substantively correct but its evidence is a stitched three-fragment quote with ellipses spanning two paragraphs and PDF pages 24-25, and its cited page 23 is the printed footer of PDF page 24 (that PDF page holds only Involuntary Transfer F/G and Article Fourteen A-B). Note neither answer mentions Appendix J (PDF p. 51), where a terminated job share lets teachers 're-apply for another teaching vacancy in the district'; I treated that as a re-application right rather than a separate voluntary-transfer procedure."
e0b127de6da5ec38,manchester_school_district__83__de5d62c9,Manchester School District,83.pdf,security_involuntary_transfer_005,Does the document describe involuntary transfer or reassignment procedures?,not_discussed,,not_applicable,low,[grounding failure: reported page does not overlap cited passage],no,na,no,no,no,yes,"""When a transfer is required and the teacher does not wish to accept the transfer voluntarily, the Superintendent may implement the change as an involuntary transfer... notified as soon as practicable... reason for the transfer... meeting between the teacher involved and the Superintendent if such meeting is requested... area of competence and major or minor field of study will be considered... informed of appropriate vacancies... granted time to visit... transferred to another position in that teacher's classification, if available""",22,high,"Evidence is verbatim and explicitly describes involuntary transfer procedures. Appended document text is truncated prior to Article XIII, but per audit instructions, the verbatim quote is preserved and supports the answer.",yes,na,no,yes,no,"The document has an entire article on the topic: ARTICLE THIRTEEN, INVOLUNTARY TRANSFER, beginning on PDF page 22 (printed footer 21) and running through Section G on PDF page 23, with notice of the reason, an optional meeting with the Superintendent, consideration of area of competence, notice of vacancies and preference, time to visit the new assignment, a fifteen-work-day right to resign, and grievability of procedural failures; the table of contents (PDF p. 3) also lists 'INVOLUNTARY TRANSFER XIII 22'. A's not_discussed is therefore wrong - searches for transfer, involuntar*, reassign, and assignment all land on this article - and its blank evidence/page cannot be excused. B has the right status and cites the correct PDF page for its opening clause, but its evidence is a heavily stitched quote: six ellipsis-joined fragments drawn from Sections A, B, C, D.1, D.2 and G, with the final fragment coming from PDF page 23, so it is not a verbatim passage from the cited page."
d418c13a7fa9c687,manchester_school_district__83__de5d62c9,Manchester School District,83.pdf,security_rif_006,"What are the layoff, reduction in force, retrenchment, or staff reduction procedures, if any?","Layoffs are triggered to decrease the number of teachers. They are based on seniority within classifications. Laid-off teachers are those with the least seniority, notified in writing. Layoff order is inverse seniority, with ties broken by lottery.","If necessary to decrease the number of teachers, the governing body of the school system may lay off the necessary number of teachers based on their seniority... teacher laid off shall be the teacher with the least seniority in that classification and the teacher shall be notified of such in writing... lay off the necessary number of employees in the inverse order of their seniority ranking in such classification. When seniority is equal, lay-off shall be determined by lottery.",15,high,,yes,yes,yes,no,no,"Layoff procedures include remaining on a recall list for 24 months unless rights are waived, resigned, or not accepted. No new teachers are employed while certified laid-off teachers are available. Seniority determines recall order and involuntary transfers. For involuntary transfers due to reduction in positions, the teacher with the least district-wide seniority is transferred to a position in their classification if available, or to a certified position if not.","C. 8. A teacher who is laid off will remain on the recall list for twenty-four (24) months after the effective date of said teacher's lay-off unless that teacher: a. Waives recall rights; b. Resigns; c. Fails to accept recall to the position that said teacher held immediately prior to layoff or to a substantially equivalent position; or d. Failure to report to work in a position that said teacher has accepted within thirty (30) days after receipt of the notice of recall. C. 9. No new teachers shall be employed while there are certified laid-off and available teachers to fill the vacancies. G. In the event that a teacher is to be transferred because of a reduction in the number of positions within a school, the teacher with the least District wide seniority, as defined in Article Nine D., shall be transferred. The teacher shall be transferred to another position in that teacher's classification, if available, or if not, to a position for which the teacher is certified.",17,high,,yes,no,no,no,no,"The layoff provision is Article Nine C (PDF pp. 16-18): C.1 lay off 'based on their seniority', C.2 classifications, C.3 'the teacher laid off shall be the teacher with the least seniority in that classification', C.4 inverse-order layoff with 'lay-off shall be determined by lottery', C.5-C.9 seniority lists, recall, 24-month recall list, and no new hires while laid-off certified teachers are available. A's quoted fragments are verbatim from PDF pages 16-17, but A reports page 15 (that is the printed footer number; footers in this PDF run one behind the PDF page), so the page is wrong. B's answer omits the governing layoff-selection rule (inverse seniority within classification, lottery tiebreak) and substitutes the involuntary-transfer clause Article Thirteen G, which is a transfer provision on PDF page 23; its stitched quote therefore spans PDF 17 and PDF 23 while reporting only page 17. Both records are unacceptable as coded data."
4b9c1a3818ffbeea,manchester_school_district__83__de5d62c9,Manchester School District,83.pdf,security_recall_007,Does the document provide recall or callback rights after layoff?,yes,"""If a vacancy occurs, a laid-off employee with the highest seniority in that classification shall be recalled first. Such notice shall be by registered or certified mail, postage prepaid, to the last address given to the Administration by the employee. If a teacher rejects the offer or fails to respond to the Superintendent within ten (10) calendar days after receipt of the above notice of recall, said teacher will be deemed to have refused the position offered and the Superintendent may strike that teacher's name from the various seniority lists and shall then notify the teacher with the next highest seniority.""",17,high,,,,,,,yes,"If a vacancy occurs, a laid-off employee with the highest seniority in that classification shall be recalled first. Such notice shall be by registered or certified mail, postage prepaid, to the last address given to the Administration by the employee. If a teacher rejects the offer or fails to respond to the Superintendent within ten (10) calendar days after receipt of the above notice of recall, said teacher will be deemed to have refused the position offered",15,high,Corrected page number from 16 to 15 based on document text.,,,,,,
ea2749961604cd34,manchester_school_district__83__de5d62c9,Manchester School District,83.pdf,security_rif_criterion_008,What is the primary criterion for determining the order of layoff among teachers?,Seniority,"C. 4. In the event of the lay-off of any employee in the classifications set forth above, the governing body of the school system shall lay off the necessary number of employees in the inverse order of their seniority ranking in such classification.",16,high,,,,,,,seniority,the governing body of the school system shall lay off the necessary number of employees in the inverse order of their seniority ranking in such classification.,15,high,,,,,,,
7e38a8a841a34dac,manchester_school_district__83__de5d62c9,Manchester School District,83.pdf,security_probation_length_009,What is the probationary or provisional period before tenure or continuing status?,Three years,"The contract shall be renewed annually, automatically, during the period of said teacher's first three (3) years of continuous employment by said Board... After three (3) years of continuous employment by said Board, the contract shall continue in force from year to year...",18,high,,yes,yes,yes,no,no,3 years,"The contract shall be renewed annually, automatically, during the period of said teacher's first three (3) years of continuous employment by said Board... After three (3) years of continuous employment by said Board, the contract shall continue in force from year to year""",18,high,,yes,yes,yes,no,no,"Article Eleven B.2-B.3 (Individual Teacher Contracts) sets the probationary term: annual automatic renewal 'during the period of said teacher's first three (3) years of continuous employment', and 'After three (3) years of continuous employment by said Board, the contract shall continue in force from year to year' with termination only for enumerated causes. This restates the New Hampshire statutory three-year baseline (RSA 189:14-a), but the document states it itself, so it is discussed and the value of three years is right for both. Both quotes are verbatim (page-spanning stitch across B.2 and B.3), but the text sits on PDF page 19, not the page 18 both candidates report: printed footers in this PDF run one behind the PDF page (footer '18' = PDF 19). Both records fail on the page field only."
5585e986dada9216,manchester_school_district__83__de5d62c9,Manchester School District,83.pdf,security_tenure_rules_010,"Does the document describe tenure, continuing contract, or permanent status rights?",yes,"""After three (3) years of continuous employment by said Board, the contract shall continue in force from year to year""",18,high,,,,,,,yes,"After three (3) years of continuous employment by said Board, the contract shall continue in force from year to year... The Board may terminate this contract at any time for one or more of the following reasons... provided prior to terminating the contract, the Board shall give the teacher a written notice... the teacher may file with the Board a written request for a hearing...",18,high,,,,,,,
342ec292d206d2dc,manchester_school_district__83__de5d62c9,Manchester School District,83.pdf,security_certification_011,"Does the document state teacher certification, licensure, endorsement, or renewal requirements?",yes,"""Teachers who have not met State recertification requirements or local requirements, if any, to qualify for recertification shall not receive any base salary increases or annual step increases until such requirements have been met.""",15,high,The document explicitly states requirements for recertification and the consequences (no salary increases) for non-compliance. It also mentions deadlines for satisfying requirements in the context of uncertified teachers.,,,,,,yes,"Teachers who have not met State recertification requirements or local requirements, if any, to qualify for recertification shall not receive any base salary increases or annual step increases until such requirements have been met.",14,high,,,,,,,
bd9c2b1340b5b2d7,manchester_school_district__83__de5d62c9,Manchester School District,83.pdf,discipline_just_cause_001,"Does the document require just cause, proper cause, or cause for teacher discipline or dismissal?",yes,No teacher will be disciplined or reprimanded without just cause.,24,high,,,,,,,yes,No teacher will be disciplined or reprimanded without just cause.,25,high,,,,,,,
6fbd04b6da0ba22a,manchester_school_district__83__de5d62c9,Manchester School District,83.pdf,discipline_dismissal_002,"Does the document describe dismissal, termination, discharge, or contract cancellation procedures?",yes,"""The Board may terminate this contract at any time for one or more of the following reasons: (1) inefficiency or incompetence; (2) insubordination against reasonable rules of the Board; (3) moral misconduct; (4) disability, as shown by competent medical evidence; (5) elimination of the position to which the teacher was appointed, if no other position exists to which the teacher may be appointed, if qualified, or (6) other due and sufficient cause, provided prior to terminating the contract, the Board shall give the teacher a written notice that termination of that teacher's contract is under consideration and upon written request filed by the teacher with the Board within five (5) days after receipt of such notice, the Board shall within the next succeeding five (5) days give the teacher a statement, in writing, of its reasons therefore. Within twenty (20) days after receipt from the Board of written notice that contract termination is under consideration, the teacher may file with the Board a written request for a hearing, which the Board shall hold within fifteen (15) days after receipt of such request. Such hearing shall be public if the teacher so requests or the Board so designates. The teacher shall have the right to appear with counsel of the teacher's choice at such hearing, whether public or private. The Board shall give the teacher its written decision within fifteen (15) days after such hearing.""",19,high,,,,,,,yes,"The Board may terminate this contract at any time for one or more of the following reasons: (1) inefficiency or incompetence; (2) insubordination against reasonable rules of the Board; (3) moral misconduct; (4) disability, as shown by competent medical evidence; (5) elimination of the position to which the teacher was appointed, if no other position exists to which the teacher may be appointed, if qualified, or (6) other due and sufficient cause, provided prior to terminating the contract, the Board shall give the teacher a written notice that termination of that teacher's contract is under consideration and upon written request filed by the teacher with the Board within five (5) days after receipt of such notice, the Board shall within the next succeeding five (5) days give the teacher a statement, in writing, of its reasons therefore. Within twenty (20) days after receipt from the Board of written notice that contract termination is under consideration, the teacher may file with the Board a written request for a hearing, which the Board shall hold within fifteen (15) days after receipt of such request.",18,high,,,,,,,
b575676fee250803,manchester_school_district__83__de5d62c9,Manchester School District,83.pdf,conduct_outside_employment_001,"Does the document restrict outside employment, tutoring, or conflicts of interest?",not_discussed,,not_applicable,high,,,,,,,not_discussed,,not_applicable,high,,,,,,,
0548c05f96b92634,manchester_school_district__83__de5d62c9,Manchester School District,83.pdf,conduct_ethics_002,"Does the document include a code of ethics, standards of conduct, or professional responsibility rules?",not_discussed,,not_applicable,low,[grounding failure: evidence is absent from cited passage],,,,,,not_discussed,,not_applicable,high,,,,,,,
aec840d268714ed3,manchester_school_district__83__de5d62c9,Manchester School District,83.pdf,conduct_drug_alcohol_003,"Does the document include drug-free workplace, alcohol, or substance-abuse rules?",not_discussed,,not_applicable,high,[review: topic keywords located in document but no confirmable answer — verify this is not a false negative],,,,,,not_discussed,,not_applicable,high,,,,,,,
e0b90a99e531de66,manchester_school_district__83__de5d62c9,Manchester School District,83.pdf,conduct_social_media_005,Does the document regulate employee social media use?,not_discussed,,not_applicable,low,[grounding failure: evidence is absent from cited passage],,,,,,not_discussed,,not_applicable,high,[review: topic keywords located in document but no confirmable answer — verify this is not a false negative],,,,,,
ed0e2487be40c854,manchester_school_district__83__de5d62c9,Manchester School District,83.pdf,conduct_acceptable_use_006,"Does the document include acceptable-use, email, internet, or network technology rules for employees?",not_discussed,,not_applicable,high,,,,,,,not_discussed,,not_applicable,high,[review: topic keywords located in document but no confirmable answer — verify this is not a false negative],,,,,,
b59d8c0f40067eec,manchester_school_district__83__de5d62c9,Manchester School District,83.pdf,conduct_academic_freedom_007,Does the document protect academic freedom or personal academic views?,yes,The Board and the Association agree that academic freedom is basic to the attainment of the educational goals of the Manchester Public Schools.,26,high,,,,,,,yes,The Board and the Association agree that academic freedom is basic to the attainment of the educational goals of the Manchester Public Schools.,25,high,,,,,,,
b0757f67bf3d961f,manchester_school_district__83__de5d62c9,Manchester School District,83.pdf,conduct_curriculum_autonomy_008,"Does the document address teacher discretion over curriculum, lesson content, methods, or instructional materials?",not_discussed,,not_discussed,high,[review: topic keywords located in document but no confirmable answer — verify this is not a false negative],no,na,no,no,no,yes,"""The final determination of textbooks will be made by the Board, and such selection shall not be subject to the grievance procedure provided in Article Twenty Five.""",36,high,,yes,na,yes,no,no,"The topic is discussed, so A's not_discussed is wrong: Article Seventeen, titled 'PERSONAL AND ACADEMIC FREEDOM', states at C (PDF page 26) that 'academic freedom is basic to the attainment of the educational goals of the Manchester Public Schools', and Article Twenty Four B.2-B.3 (PDF page 35) governs instructional materials - the Administration must notify the Association before changing or selecting a textbook or launching a new education program and the Association may seat a representative on the textbook/new-program committee, while 'The final determination of textbooks will be made by the Board' and is non-grievable. Searches run: 'curriculum', 'lesson plan', 'academic freedom', 'instructional materials', 'teaching methods', 'course of study', 'textbook selection', 'methods of instruction', 'select materials' - nothing else bears on teacher discretion (the p.6 managerial-policy recital is a management-rights clause and does not count). A owes evidence and a page and gives none. B's status and verbatim quote are right, but the clause is on PDF page 35, not the reported 36 (footer '34' = PDF 35, a one-page offset), so B also fails."
44284e27c96b6a5f,manchester_school_district__83__de5d62c9,Manchester School District,83.pdf,conduct_lesson_plans_009,Does the document require lesson plans or specify lesson-plan submission rules?,not_discussed,,not_discussed,high,[review: topic keywords located in document but no confirmable answer — verify this is not a false negative],,,,,,not_discussed,,not_applicable,low,[grounding failure: evidence is absent from cited passage],,,,,,
f2d6ddb80cd289d3,manchester_school_district__83__de5d62c9,Manchester School District,83.pdf,conduct_political_activity_010,Does the document restrict or protect political activity by teachers?,yes,Religious or lawful political activities of a teacher conducted outside duty hours and off school property shall not be grounds for disciplinary action or for discrimination with respect to the teacher's professional employment.,25,high,,yes,na,yes,no,no,"Yes, the document protects political activity by teachers. It states that religious or lawful political activities conducted outside duty hours and off school property shall not be grounds for disciplinary action or discrimination. However, it restricts the use of teacher mailboxes for materials relating to local, state, or national political matters.","""Religious or lawful political activities of a teacher conducted outside duty hours and off school property shall not be grounds for disciplinary action or for discrimination with respect to the teacher's professional employment.""",26,high,,yes,na,yes,yes,yes,"Article Seventeen B (PERSONAL AND ACADEMIC FREEDOM) protects political activity: 'Religious or lawful political activities of a teacher conducted outside duty hours and off school property shall not be grounds for disciplinary action or for discrimination with respect to the teacher's professional employment', plus the companion no-action pledge by both parties; Article Eighteen C (PDF page 27) adds the restriction that Association material in teacher mailboxes 'shall not relate to local, state or national political matters'. Both quotes are verbatim, but the clause is on PDF page 26 (printed footer '25' - footers run one behind the PDF page), so A's page 25 is wrong while B's page 26 is right; B also correctly notes the mailbox restriction."
a4e9d7c427844e17,manchester_school_district__83__de5d62c9,Manchester School District,83.pdf,conduct_non_duty_hours_011,Does the document protect teachers' personal affairs or conduct during non-duty hours?,yes,"""The personal life of a teacher shall be the concern of and warrant the attention of the Board only as it may, directly or indirectly, prevent the teacher from properly performing the teacher's assigned functions during duty hours or be in violation of local or state law.""",26,high,"The passage explicitly addresses the protection of a teacher's personal life/conduct during non-duty hours, limiting Board concern to performance during duty hours or legal violations.",,,,,,yes,"The personal life of a teacher shall be the concern of and warrant the attention of the Board only as it may, directly or indirectly, prevent the teacher from properly performing the teacher's assigned functions during duty hours or be in violation of local or state law.",25,high,,,,,,,
1e3aa6a6e75f9760,manchester_school_district__83__de5d62c9,Manchester School District,83.pdf,safety_health_committee_001,Does the document include health and safety provisions or a safety committee?,not_discussed,,not_applicable,low,[grounding failure: evidence is absent from cited passage],,,,,,not_discussed,,not_applicable,high,[review: topic keywords located in document but no confirmable answer — verify this is not a false negative],,,,,,
7f73f755855babf2,manchester_school_district__83__de5d62c9,Manchester School District,83.pdf,safety_assault_protection_002,Does the document provide teacher assault protections or procedures after assault?,not_discussed,,not_applicable,low,[grounding failure: cited passage is absent or belongs to another document],,,,,,not_discussed,,not_applicable,high,[review: topic keywords located in document but no confirmable answer — verify this is not a false negative],,,,,,
829410094f03b8c5,manchester_school_district__83__de5d62c9,Manchester School District,83.pdf,safety_student_discipline_003,Does the document describe student discipline or behavior-management procedures affecting teachers?,yes,The MSD shall uniformly enforce the code of student conduct in all its buildings throughout the school district. The MSD and the MEA agree to periodically consult with each other as deemed necessary by either party for the purpose of reviewing code of conduct and student discipline issues,61,high,,,,,,,yes,"""The Manchester School District and the Manchester Education Association agree that effective enforcement of a student code of conduct is essential to the education process and for a safe environment for all MSD employees and students. The MSD shall uniformly enforce the code of student conduct in all its buildings throughout the school district. The MSD and the MEA agree to periodically consult with each other as deemed necessary by either party for the purpose of reviewing code of conduct and student discipline issues, and the parties shall cooperate in finding mutually acceptable solutions to problems that arise in the implementation and enforcement of the code of conduct.""",54,high,"The document explicitly discusses student discipline and behavior management through the ""Student Code of Conduct in All Buildings"" memo. It outlines the district's obligation to uniformly enforce the code and the agreement between the MSD and MEA to consult on discipline issues.",,,,,,
3bdceb17268258ac,manchester_school_district__83__de5d62c9,Manchester School District,83.pdf,safety_remove_student_004,Does the document state a teacher's authority to remove a student from class?,not_discussed,,not_applicable,high,,,,,,,not_discussed,,not_applicable,high,[review: topic keywords located in document but no confirmable answer — verify this is not a false negative],,,,,,
92fbcfa2c83307be,manchester_school_district__83__de5d62c9,Manchester School District,83.pdf,safety_emergency_closure_005,"Does the document address emergency, lockdown, inclement weather, or school closure procedures for staff?",not_discussed,,not_applicable,high,[review: topic keywords located in document but no confirmable answer — verify this is not a false negative],,,,,,not_discussed,,not_applicable,high,,,,,,,
9f0e1ddc5bf6f26b,manchester_school_district__83__de5d62c9,Manchester School District,83.pdf,safety_environment_006,"Does the document address physical working conditions such as temperature, ventilation, air quality, cleanliness, acoustics, or construction disruption?",not_discussed,,not_applicable,high,,,,,,,not_discussed,,not_applicable,high,,,,,,,
367c4d4691c1e26b,manchester_school_district__83__de5d62c9,Manchester School District,83.pdf,safety_security_measures_007,"Does the document mention security staff, building access, visitor controls, cameras, or personal security measures?",not_discussed,,not_applicable,high,,,,,,,not_discussed,,not_applicable,high,[review: topic keywords located in document but no confirmable answer — verify this is not a false negative],,,,,,
7f71f410af54acac,manchester_school_district__83__de5d62c9,Manchester School District,83.pdf,safety_weapons_008,Does the document state employee obligations or restrictions related to weapons on school property?,not_discussed,,not_applicable,high,,,,,,,not_discussed,,not_applicable,high,,,,,,,
7033c0cd6caca36f,manchester_school_district__83__de5d62c9,Manchester School District,83.pdf,pd_new_teacher_mentoring_001,"Does the document provide mentoring, induction, orientation, or support for new teachers?",yes,"""The District agrees to implement a mentor program comprised of at least two (2) teachers for the 2004-2007 school years.""",41,high,"The document explicitly states that the District agrees to implement a mentor program. Passage 7740 specifies the duration (2004-2007 school years) and the number of mentors (at least two). While specific details like release time, stipend, or required meetings are not detailed in this specific sentence, the existence of the program is confirmed. Other passages mention orientation for new personnel (7687) and hiring bonuses (7742-7744), but the mentor program is the most direct answer to ""mentoring"".",,,,,,yes,The District agrees to implement a mentor program comprised of at least two (2) teachers for the 2004-2007 school years. / Plus.33 Mentors,"40, 41",high,"Updated confidence to high. The evidence explicitly and directly mandates a mentor program, directly supporting the 'yes' answer.",,,,,,
4ab24a7acfee059d,manchester_school_district__83__de5d62c9,Manchester School District,83.pdf,pd_teacher_leadership_002,"Does the document create teacher leadership roles, instructional coaches, councils, or committees tied to professional practice?",not_discussed,,not_applicable,low,[grounding failure: evidence is absent from cited passage],no,na,no,no,no,yes,Plus.22 Building Level Instructional Coordinators. / The Association and the Board shall create a joint study committee to evaluate the impact of the ESEA on the education of Manchester’s students and the professional rights and responsibilities of teachers. / The Special Education Joint Committee and the Subject Matter Specialists Joint Committee shall each be comprised of eight members. The Manchester Education Association shall select four members for each committee and the Superintendent shall select four members for each committee.,"40, 41, 59",high,"Updated confidence to high. The evidence explicitly creates multiple leadership and committee roles (Instructional Coordinators, ESEA committee, joint committees) tied to professional practice and rights.",yes,na,yes,no,no,"The topic is plainly discussed, so A's not_discussed is wrong and its empty evidence/page are not excused: Appendix A.A creates a mentor program of at least two teachers and Appendix A.B an ESEA joint study committee on teacher evaluation, teaching load and professional development (PDF p. 41); Appendix B pays Plus.33 Mentors and Plus.22 Building Level Instructional Coordinators (PDF pp. 42-44); Art. Seven C creates a joint study committee on National Board certification (PDF p. 14); Art. Twenty-Two references the District Staff Development Committee (DISCO) (PDF p. 31); Appendix K creates the Special Education and Subject Matter Specialists Joint Committees (PDF p. 52); Department Heads/Building Level Instructional Coordinators have a distinct 185-day work year (Art. Twelve B.3-B.4, PDF p. 21). Searches run before rejecting absence: mentor/instructional coach/program, council/committee/professional development, department head/stipend, lead teacher/master teacher/differentiated, plus text scans for 'team leader', 'career ladder', 'coach'. B's status is right and all three quotes are verbatim and on point, but every cited page is the printed footer number rather than the PDF page: footer 40 = PDF 41 (ESEA), footer 41 = PDF 42 (Plus.22 list), footer 59 = PDF 52 (Appendix K). The offset is not fixed (+1 through PDF p. 45, then footers jump 44 to 53), and cited page 59 does not exist at all since the PDF has only 54 pages, so page fails and the record is not acceptable as coded."
66838a14669556e4,manchester_school_district__83__de5d62c9,Manchester School District,83.pdf,pd_career_ladder_003,"Does the document include a career ladder, teacher advancement pathway, or differentiated career roles?",not_discussed,,not_applicable,high,"Confirmed not_discussed. The document contains only standard step and degree-based salary increments, with no mention of a career ladder, advancement pathway, or differentiated career roles. [review: topic keywords located in document but no confirmable answer — verify this is not a false negative]",no,na,no,no,no,yes,"""A. 2. A newly created promotional position which (1) is for at least one full school year, i.e., September through June, (2) is a position which, by itself, carries an additional salary beyond the salary schedule set forth in Appendix A, and (3) is not an extracurricular or extra duty assignment set forth elsewhere in this Agreement.""",23,high,,yes,na,yes,yes,yes,"Differentiated career roles are discussed, so A's not_discussed is wrong and its blank evidence/page are not excused. Article Fourteen (Vacancies and Promotions) A.1 enumerates in-unit promotional positions - Elementary Reading Supervisors, Elementary Teaching Assistant Principals, School Psychologists, Building Level Instructional Coordinator, Reading/Math Supervisors, Elementary Physical Education Coordinator (PDF p. 23, footer 22) - with Section E making a Master's degree a mandatory qualification for Department Heads, Reading Supervisors and others and Section D giving preference to teachers already employed (PDF p. 24); Appendix B attaches index differentials to those same roles plus Mentors (Plus.33) and Title I Supervisor (PDF pp. 42-44); Art. Twelve B.3-B.4 gives Department Heads/Building Level Instructional Coordinators a longer 185-day year (PDF p. 21); Appendix A.A creates a mentor program and Art. Seven C a joint committee on National Board certification. Searches run: career ladder/advancement/step/lane, master teacher/lead teacher/differentiated, department head/stipend, mentor/instructional coach, plus text scans for 'team leader' and 'career ladder' (both absent as phrases). B's quote of Art. Fourteen A.2 is verbatim and correctly placed on PDF p. 23 (printed footer 22, so the footer diverges by one here); it is a subsection of the same Section A that defines promotional positions and establishes that such positions carry salary beyond the Appendix A schedule, so it supports the answer, though A.1's list of named positions would have been the stronger anchor. Note this is a promotion/role-differentiation structure, not a formal multi-stage career ladder with defined advancement stages - the only stage-like progression is the step-and-lane salary schedule (Appendix B) - but the question's 'differentiated career roles' branch is satisfied, so yes is the right status."
