document_id,file_name,district_name,chunk_index,quote,subject_text,acting_party,protected_party,modal,negation,voice,verb_lexical_category,statement_type,llm_judgment,statement_type_match,modal_strength,topic,quote_verified,notes
albuquerque_public_schools__atf_negotiated_agreement_2018_19__e7e5b93f,ATF-Negotiated-Agreement_2018-19.pdf,Albuquerque Public Schools,5,"In case of any conflict between the provisions of this Agreement and any Board or Federation policy, practice, procedure, custom or writing, except as provided in paragraph B.2. above, the provisions of the Agreement shall control for the period of this Agreement.",the provisions of the Agreement,other,worker,shall,False,active,plain,obligation,obligation,True,1.0,other,True,
albuquerque_public_schools__atf_negotiated_agreement_2018_19__e7e5b93f,ATF-Negotiated-Agreement_2018-19.pdf,Albuquerque Public Schools,5,This Agreement and amendments thereto at the time of adoption shall be distributed to all teachers of the District.,This Agreement and amendments thereto at the time of adoption,other,worker,shall,False,passive,plain,obligation,obligation,True,1.0,other,True,
albuquerque_public_schools__atf_negotiated_agreement_2018_19__e7e5b93f,ATF-Negotiated-Agreement_2018-19.pdf,Albuquerque Public Schools,5,The terms and conditions of employment as indicated in this Agreement shall be the same for all teachers and shall be applied equally without modifications or exception unless provided herein.,The terms and conditions of employment as indicated in this Agreement,other,worker,shall,False,active,plain,obligation,obligation,True,1.0,other,True,
albuquerque_public_schools__atf_negotiated_agreement_2018_19__e7e5b93f,ATF-Negotiated-Agreement_2018-19.pdf,Albuquerque Public Schools,5,Negotiations shall be conducted in closed sessions.,Negotiations,other,worker,shall,False,passive,plain,obligation,obligation,True,1.0,other,True,
albuquerque_public_schools__atf_negotiated_agreement_2018_19__e7e5b93f,ATF-Negotiated-Agreement_2018-19.pdf,Albuquerque Public Schools,5,Each party shall have a negotiating team of not more than seven (7) members.,Each party,other,worker,shall,False,active,plain,obligation,obligation,True,1.0,other,True,
albuquerque_public_schools__atf_negotiated_agreement_2018_19__e7e5b93f,ATF-Negotiated-Agreement_2018-19.pdf,Albuquerque Public Schools,5,All agreements reached as a result of such negotiations shall be tentative until ratification by both parties is effected pursuant to the ratification procedures as set forth in Board Policy H.1.,All agreements reached as a result of such negotiations,other,worker,shall,False,active,plain,obligation,obligation,True,1.0,other,True,
albuquerque_public_schools__atf_negotiated_agreement_2018_19__e7e5b93f,ATF-Negotiated-Agreement_2018-19.pdf,Albuquerque Public Schools,5,"The parties agree to meet at reasonable times, to bargain in good faith and execute a written contract incorporating any agreement reached.",The parties,other,worker,,False,active,plain,other,other,True,0.0,other,True,
albuquerque_public_schools__atf_negotiated_agreement_2018_19__e7e5b93f,ATF-Negotiated-Agreement_2018-19.pdf,Albuquerque Public Schools,5,"Prior to the beginning of negotiations, the APS and ATF negotiating teams may jointly participate in training in interest-based bargaining.",the APS and ATF negotiating teams,other,worker,may,False,active,plain,permission,permission,True,0.3,other,True,
albuquerque_public_schools__atf_negotiated_agreement_2018_19__e7e5b93f,ATF-Negotiated-Agreement_2018-19.pdf,Albuquerque Public Schools,5,"In the event the parties fail to reach agreement prior to the expiration date of this Agreement, they may seek mediation assistance from the Federal Mediation and Conciliation Service.",they,other,worker,may,False,active,plain,permission,permission,True,0.3,other,True,
albuquerque_public_schools__atf_negotiated_agreement_2018_19__e7e5b93f,ATF-Negotiated-Agreement_2018-19.pdf,Albuquerque Public Schools,5,"The President and the Superintendent, upon mutual agreement, may identify the need for and establish the work, composition, guidelines and goals of the joint committees and task forces.",The President and the Superintendent,management,management,may,False,active,plain,permission,permission,True,0.3,other,True,
albuquerque_public_schools__atf_negotiated_agreement_2018_19__e7e5b93f,ATF-Negotiated-Agreement_2018-19.pdf,Albuquerque Public Schools,5,"Such committees will address issues related to teacher compensation, professional development, evaluation and other topics mutually agreed upon by the President and the Superintendent.",Such committees,other,worker,will,False,active,plain,obligation,obligation,True,0.9,other,True,
albuquerque_public_schools__atf_negotiated_agreement_2018_19__e7e5b93f,ATF-Negotiated-Agreement_2018-19.pdf,Albuquerque Public Schools,5,Reports and recommendations will be provided to the Superintendent and the President by the committee(s) and task force(s).,Reports and recommendations,management,management,will,False,passive,plain,obligation,obligation,True,0.9,other,True,
albuquerque_public_schools__atf_negotiated_agreement_2018_19__e7e5b93f,ATF-Negotiated-Agreement_2018-19.pdf,Albuquerque Public Schools,5,"The President shall be notified, ten (10) days in advance, of the formation of a District/Joint Committee on which teachers will serve which relates to the terms and conditions of teacher employment and student discipline not covered within this Agreement.",The President,management,management,shall,False,passive,rights_passive,right,right,True,1.0,other,True,
albuquerque_public_schools__atf_negotiated_agreement_2018_19__e7e5b93f,ATF-Negotiated-Agreement_2018-19.pdf,Albuquerque Public Schools,5,The President shall have the option of recommending to the Superintendent the formation of District/Joint Committees.,The President,management,management,shall,False,active,plain,obligation,right,False,1.0,other,True,
albuquerque_public_schools__atf_negotiated_agreement_2018_19__e7e5b93f,ATF-Negotiated-Agreement_2018-19.pdf,Albuquerque Public Schools,5,The Federation shall have the opportunity to appoint a teacher representative to the Committee.,The Federation,worker,worker,shall,False,active,plain,obligation,right,False,1.0,other,True,
albuquerque_public_schools__atf_negotiated_agreement_2018_19__e7e5b93f,ATF-Negotiated-Agreement_2018-19.pdf,Albuquerque Public Schools,5,The President may suggest additional names of teachers for possible appointment to District/Joint Committees.,The President,management,management,may,False,active,plain,permission,permission,True,0.3,other,True,
albuquerque_public_schools__atf_negotiated_agreement_2018_19__e7e5b93f,ATF-Negotiated-Agreement_2018-19.pdf,Albuquerque Public Schools,6,Reports and recommendations will be provided to the Superintendent and the President by the Committee.,Reports and recommendations,management,management,will,False,passive,rights_passive,right,obligation,False,0.9,other,True,
albuquerque_public_schools__atf_negotiated_agreement_2018_19__e7e5b93f,ATF-Negotiated-Agreement_2018-19.pdf,Albuquerque Public Schools,6,the President will be provided the opportunity to suggest names of teachers who might be appointed.,the President,worker,management,will,False,passive,rights_passive,right,right,True,0.9,other,True,Dependent clause omitted
albuquerque_public_schools__atf_negotiated_agreement_2018_19__e7e5b93f,ATF-Negotiated-Agreement_2018-19.pdf,Albuquerque Public Schools,6,the Superintendent and the President may call a joint meeting of principals and Federation representatives.,the Superintendent and the President,other,management,may,False,active,plain,permission,permission,True,0.3,other,True,Joint action
albuquerque_public_schools__atf_negotiated_agreement_2018_19__e7e5b93f,ATF-Negotiated-Agreement_2018-19.pdf,Albuquerque Public Schools,6,The Federation and the Board agree to support schools of choice.,The Federation and the Board,other,worker,,False,active,plain,other,other,True,0.0,other,True,Joint declaration
albuquerque_public_schools__atf_negotiated_agreement_2018_19__e7e5b93f,ATF-Negotiated-Agreement_2018-19.pdf,Albuquerque Public Schools,6,All rights granted to the Federation pursuant to the terms of this Agreement are for the sole and exclusive use of the Federation and may not be granted to any other teacher organization except as noted in B.4. below.,All rights granted to the Federation pursuant to the terms of this Agreement,other,worker,may,True,active,plain,prohibition,prohibition,True,0.3,teacher_rights_and_conduct,True,Inanimate subject; second predicate contains negation
albuquerque_public_schools__atf_negotiated_agreement_2018_19__e7e5b93f,ATF-Negotiated-Agreement_2018-19.pdf,Albuquerque Public Schools,6,The Federation has the right to make announcements at staff meetings and new teacher orientation.,The Federation,worker,worker,,False,active,rights_active,right,right,True,0.85,teacher_rights_and_conduct,True,
albuquerque_public_schools__atf_negotiated_agreement_2018_19__e7e5b93f,ATF-Negotiated-Agreement_2018-19.pdf,Albuquerque Public Schools,6,"The Federation has the right to use the interschool mail service, school bulletin boards and APS e-mail sent through an outside server in accordance with APS policy.",The Federation,worker,worker,,False,active,rights_active,right,right,True,0.85,teacher_rights_and_conduct,True,
albuquerque_public_schools__atf_negotiated_agreement_2018_19__e7e5b93f,ATF-Negotiated-Agreement_2018-19.pdf,Albuquerque Public Schools,6,The Federation may use the school mailboxes,The Federation,worker,worker,may,False,active,plain,permission,permission,True,0.3,teacher_rights_and_conduct,True,Conditional clause omitted
albuquerque_public_schools__atf_negotiated_agreement_2018_19__e7e5b93f,ATF-Negotiated-Agreement_2018-19.pdf,Albuquerque Public Schools,6,an employee of the bargaining unit assigned to that school and recognized by the principal shall distribute all materials,an employee of the bargaining unit assigned to that school and recognized by the principal,worker,management,shall,False,active,plain,obligation,obligation,True,1.0,teacher_rights_and_conduct,True,
albuquerque_public_schools__atf_negotiated_agreement_2018_19__e7e5b93f,ATF-Negotiated-Agreement_2018-19.pdf,Albuquerque Public Schools,6,no such materials shall be distributed to any employee who has registered with the building principal an objection to receiving teacher organization materials.,no such materials,other,management,shall,True,passive,plain,prohibition,prohibition,True,1.0,teacher_rights_and_conduct,True,Subject-side quantifier negation
albuquerque_public_schools__atf_negotiated_agreement_2018_19__e7e5b93f,ATF-Negotiated-Agreement_2018-19.pdf,Albuquerque Public Schools,6,The Federation Representatives are recognized as Federation leaders in their respective schools,The Federation Representatives,worker,worker,,False,passive,rights_passive,right,right,True,0.85,teacher_rights_and_conduct,True,
albuquerque_public_schools__atf_negotiated_agreement_2018_19__e7e5b93f,ATF-Negotiated-Agreement_2018-19.pdf,Albuquerque Public Schools,6,may display on or near their classroom or office door a Federation provided plaque which identifies their position.,Federation Representatives,worker,worker,may,False,active,plain,permission,permission,True,0.3,teacher_rights_and_conduct,True,Subject elided but understood from prior clause
albuquerque_public_schools__atf_negotiated_agreement_2018_19__e7e5b93f,ATF-Negotiated-Agreement_2018-19.pdf,Albuquerque Public Schools,6,There shall be no charge for the use of facilities or normal services described above.,There,other,worker,shall,False,active,plain,obligation,obligation,True,1.0,teacher_rights_and_conduct,True,Impersonal subject; affirmative floor
albuquerque_public_schools__atf_negotiated_agreement_2018_19__e7e5b93f,ATF-Negotiated-Agreement_2018-19.pdf,Albuquerque Public Schools,7,and may display on or near their classroom or office door a Federation provided plaque which identifies their position.,Union Representatives,worker,worker,may,False,active,permission_verb,permission,permission,True,0.3,teacher_rights_and_conduct,True,
albuquerque_public_schools__atf_negotiated_agreement_2018_19__e7e5b93f,ATF-Negotiated-Agreement_2018-19.pdf,Albuquerque Public Schools,7,Union representatives may distribute Federation materials and conduct Federation business related to a grievance or representation provided such activities do not interfere with the instructional schedule or duties of the teacher(s) affected.,Union representatives,worker,worker,may,False,active,permission_verb,permission,permission,True,0.3,teacher_rights_and_conduct,True,
albuquerque_public_schools__atf_negotiated_agreement_2018_19__e7e5b93f,ATF-Negotiated-Agreement_2018-19.pdf,Albuquerque Public Schools,7,Neither the Federation nor any employee may solicit Federation membership on the Board's premises during the duty day of the employees involved in the solicitation.,Neither the Federation nor any employee,worker,management,may,True,active,plain,prohibition,prohibition,True,0.3,teacher_rights_and_conduct,True,
albuquerque_public_schools__atf_negotiated_agreement_2018_19__e7e5b93f,ATF-Negotiated-Agreement_2018-19.pdf,Albuquerque Public Schools,7,This shall not be construed to prohibit casual or personal conversations about the Federation and its activities.,This,other,worker,shall,True,passive,plain,prohibition,other,False,1.0,teacher_rights_and_conduct,True,
albuquerque_public_schools__atf_negotiated_agreement_2018_19__e7e5b93f,ATF-Negotiated-Agreement_2018-19.pdf,Albuquerque Public Schools,7,"The union representative shall have the right to bring to the attention of the principal all matters pertaining to the organizational rights of the Federation or its members, other concerns of the faculty, and to discuss the administration of this Agreement.",The union representative,worker,worker,shall,False,active,rights_active,right,right,True,1.0,teacher_rights_and_conduct,True,
albuquerque_public_schools__atf_negotiated_agreement_2018_19__e7e5b93f,ATF-Negotiated-Agreement_2018-19.pdf,Albuquerque Public Schools,7,"Federation officials and/or representatives who are not District employees shall have the right to visit schools for the purpose of conducting representational business provided the visit does not interfere with the duty schedule of the teacher(s) involved and provided that prior notice is given to the principal, or, if the principal is not available, the office of the principal.",Federation officials and/or representatives who are not District employees,worker,worker,shall,False,active,rights_active,right,right,True,1.0,teacher_rights_and_conduct,True,
albuquerque_public_schools__atf_negotiated_agreement_2018_19__e7e5b93f,ATF-Negotiated-Agreement_2018-19.pdf,Albuquerque Public Schools,7,Failure to follow this provision may result in suspension of this privilege for the representative involved.,Failure to follow this provision,other,management,may,False,active,plain,permission,other,False,0.3,other,True,
albuquerque_public_schools__atf_negotiated_agreement_2018_19__e7e5b93f,ATF-Negotiated-Agreement_2018-19.pdf,Albuquerque Public Schools,7,prior arrangement of such visits shall be made through the Office of Labor Relations.,prior arrangement of such visits,management,management,shall,False,passive,plain,obligation,obligation,True,1.0,teacher_rights_and_conduct,True,
albuquerque_public_schools__atf_negotiated_agreement_2018_19__e7e5b93f,ATF-Negotiated-Agreement_2018-19.pdf,Albuquerque Public Schools,7,The Board shall grant the elected Local President and the elected State President (provided the elected State President is on leave from APS) leave with pay during their term of office.,The Board,management,worker,shall,False,active,obligation_verb,obligation,obligation,True,1.0,leave,True,
albuquerque_public_schools__atf_negotiated_agreement_2018_19__e7e5b93f,ATF-Negotiated-Agreement_2018-19.pdf,Albuquerque Public Schools,7,This leave may be terminated at the end of a semester.,This leave,management,management,may,False,passive,permission_verb,permission,permission,True,0.3,leave,True,
albuquerque_public_schools__atf_negotiated_agreement_2018_19__e7e5b93f,ATF-Negotiated-Agreement_2018-19.pdf,Albuquerque Public Schools,7,the President will be placed on the salary matrix at the level which would have been achieved had there not been an absence.,the President,management,worker,will,False,passive,rights_passive,right,obligation,False,0.9,compensation,True,
albuquerque_public_schools__atf_negotiated_agreement_2018_19__e7e5b93f,ATF-Negotiated-Agreement_2018-19.pdf,Albuquerque Public Schools,7,"The Federation shall pay to the District an amount equal to the level, step and lane on the teacher’s salary matrix and all employee related expenditures such as insurances and retirement benefits for the locally elected President and the State President for the duration of the leave.",The Federation,worker,management,shall,False,active,obligation_verb,obligation,obligation,True,1.0,compensation,True,
albuquerque_public_schools__atf_negotiated_agreement_2018_19__e7e5b93f,ATF-Negotiated-Agreement_2018-19.pdf,Albuquerque Public Schools,7,The Board shall grant leave without pay for Federation employees during their term of service,The Board,management,worker,shall,False,active,obligation_verb,obligation,obligation,True,1.0,leave,True,truncated at end of chunk
albuquerque_public_schools__atf_negotiated_agreement_2018_19__e7e5b93f,ATF-Negotiated-Agreement_2018-19.pdf,Albuquerque Public Schools,8,"Federation shall pay to the District an amount equal to the level, step and lane on the teacher’s salary matrix and all employee related expenditures such as insurances and retirement benefits for the locally elected President and the State President for the duration of the leave.",Federation,worker,management,shall,False,active,plain,obligation,obligation,True,1.0,compensation,True,
albuquerque_public_schools__atf_negotiated_agreement_2018_19__e7e5b93f,ATF-Negotiated-Agreement_2018-19.pdf,Albuquerque Public Schools,8,The Board shall grant leave without pay for Federation employees during their term of service to the Federation.,The Board,management,worker,shall,False,active,plain,obligation,obligation,True,1.0,leave,True,
albuquerque_public_schools__atf_negotiated_agreement_2018_19__e7e5b93f,ATF-Negotiated-Agreement_2018-19.pdf,Albuquerque Public Schools,8,"Upon return from such leave, the employee will be placed on the salary matrix at the level which would have been achieved had there not been an absence.",the employee,management,worker,will,False,passive,plain,obligation,obligation,True,0.9,compensation,True,
albuquerque_public_schools__atf_negotiated_agreement_2018_19__e7e5b93f,ATF-Negotiated-Agreement_2018-19.pdf,Albuquerque Public Schools,8,The Federation shall be furnished with monthly financial budget and cash reports following distributions as required from the Office of Labor Relations.,The Federation,management,worker,shall,False,passive,rights_passive,right,obligation,False,1.0,other,True,
albuquerque_public_schools__atf_negotiated_agreement_2018_19__e7e5b93f,ATF-Negotiated-Agreement_2018-19.pdf,Albuquerque Public Schools,8,"During each year of this Agreement, the Federation shall be granted for Federation training, workshops and conventions, forty (40) professional leave days at full pay by the District, 10 professional leave days for the purpose of participating in joint APS/ATF task force committees, and forty (40) leave days charged to the Federation at the degreed substitute rate.",the Federation,management,worker,shall,False,passive,rights_passive,right,obligation,False,1.0,professional_development,True,
albuquerque_public_schools__atf_negotiated_agreement_2018_19__e7e5b93f,ATF-Negotiated-Agreement_2018-19.pdf,Albuquerque Public Schools,8,Representatives of the Federation will meet with appropriate District budget personnel as requested in order that they may be kept abreast of current budget facts and figures.,Representatives of the Federation,worker,worker,will,False,active,plain,obligation,obligation,True,0.9,other,True,
albuquerque_public_schools__atf_negotiated_agreement_2018_19__e7e5b93f,ATF-Negotiated-Agreement_2018-19.pdf,Albuquerque Public Schools,8,"The President of the Federation and the Superintendent, or their respective designees, shall participate in quarterly discussions regarding teacher education programs and professional development; partnership agreements and/or collaborative efforts with institutions of higher education; joint efforts to communicate with elected officials; and such other mutually agreed upon topics.","The President of the Federation and the Superintendent, or their respective designees",other,worker,shall,False,active,plain,obligation,obligation,True,1.0,professional_development,True,
albuquerque_public_schools__atf_negotiated_agreement_2018_19__e7e5b93f,ATF-Negotiated-Agreement_2018-19.pdf,Albuquerque Public Schools,8,"The District agrees to deduct from the wages of members of the Federation, periodic Federation dues on the basis of a properly executed authorization form of which a copy is attached to this Agreement.",The District,management,worker,,False,active,plain,other,obligation,False,0.0,other,True,
albuquerque_public_schools__atf_negotiated_agreement_2018_19__e7e5b93f,ATF-Negotiated-Agreement_2018-19.pdf,Albuquerque Public Schools,9,"The amount of the deduction to be made from each teacher's wages will be certified in writing to the District by the Treasurer, President or Executive Vice-President of the Federation.",The amount of the deduction,worker,worker,will,False,passive,plain,obligation,obligation,True,0.9,other,True,
albuquerque_public_schools__atf_negotiated_agreement_2018_19__e7e5b93f,ATF-Negotiated-Agreement_2018-19.pdf,Albuquerque Public Schools,9,"In the event the Federation dues are changed, the District agrees to effect such changes in deductions within thirty (30) days following the receipt of a written notice from the Treasurer of the Federation.",the District,management,worker,,False,active,plain,other,obligation,False,0.0,other,True,
albuquerque_public_schools__atf_negotiated_agreement_2018_19__e7e5b93f,ATF-Negotiated-Agreement_2018-19.pdf,Albuquerque Public Schools,9,Dues deduction shall continue from year to year without further authorization and at current monthly dues amounts unless the authorization to deduct is revoked by the teacher as provided herein.,Dues deduction,other,worker,shall,False,active,plain,obligation,obligation,True,1.0,other,True,
albuquerque_public_schools__atf_negotiated_agreement_2018_19__e7e5b93f,ATF-Negotiated-Agreement_2018-19.pdf,Albuquerque Public Schools,9,Dues authorized will be determined by the Federation,Dues authorized,worker,worker,will,False,passive,plain,obligation,other,False,0.9,other,True,
albuquerque_public_schools__atf_negotiated_agreement_2018_19__e7e5b93f,ATF-Negotiated-Agreement_2018-19.pdf,Albuquerque Public Schools,9,and will be set at an amount for each payroll deduction.,Dues authorized,worker,worker,will,False,passive,plain,obligation,other,False,0.9,other,True,
albuquerque_public_schools__atf_negotiated_agreement_2018_19__e7e5b93f,ATF-Negotiated-Agreement_2018-19.pdf,Albuquerque Public Schools,9,Dues deduction shall resume for teachers returning from an extended leave of absence unless authorization to deduct is revoked by the teacher.,Dues deduction,other,worker,shall,False,active,plain,obligation,obligation,True,1.0,other,True,
albuquerque_public_schools__atf_negotiated_agreement_2018_19__e7e5b93f,ATF-Negotiated-Agreement_2018-19.pdf,Albuquerque Public Schools,9,Dues deduction authorizations shall be delivered to the District Payroll Department.,Dues deduction authorizations,management,worker,shall,False,passive,plain,obligation,obligation,True,1.0,other,True,
albuquerque_public_schools__atf_negotiated_agreement_2018_19__e7e5b93f,ATF-Negotiated-Agreement_2018-19.pdf,Albuquerque Public Schools,9,Authorizations received nine (9) days prior to the pay date shall be deducted from the salary for that pay period.,Authorizations received nine (9) days prior to the pay date,management,worker,shall,False,passive,plain,obligation,obligation,True,1.0,other,True,
albuquerque_public_schools__atf_negotiated_agreement_2018_19__e7e5b93f,ATF-Negotiated-Agreement_2018-19.pdf,Albuquerque Public Schools,9,"If a teacher is absent for any reason and as a result of that absence has no earning due for the pay period, no deduction will be made for that teacher for the pay period.",no deduction,management,worker,will,True,passive,plain,prohibition,prohibition,True,0.9,other,True,
albuquerque_public_schools__atf_negotiated_agreement_2018_19__e7e5b93f,ATF-Negotiated-Agreement_2018-19.pdf,Albuquerque Public Schools,9,The District agrees to transmit the amount collected to the Treasurer of the Federation within seven (7) calendar days after the close of the month.,The District,management,worker,,False,active,plain,other,obligation,False,0.0,other,True,
albuquerque_public_schools__atf_negotiated_agreement_2018_19__e7e5b93f,ATF-Negotiated-Agreement_2018-19.pdf,Albuquerque Public Schools,9,The Federation agrees to render the District harmless for any actions resulting from compliance with this provision of the Agreement,The Federation,worker,management,,False,active,plain,other,obligation,False,0.0,other,True,
albuquerque_public_schools__atf_negotiated_agreement_2018_19__e7e5b93f,ATF-Negotiated-Agreement_2018-19.pdf,Albuquerque Public Schools,9,assumes total responsibility for the disposition of the funds so deducted once the funds have been received by the Treasurer of the Federation.,The Federation,worker,management,,False,active,plain,other,obligation,False,0.0,other,True,
albuquerque_public_schools__atf_negotiated_agreement_2018_19__e7e5b93f,ATF-Negotiated-Agreement_2018-19.pdf,Albuquerque Public Schools,9,Dues deductions may be discontinued or revoked by the teacher by filing such notice with the Treasurer of the Federation with a copy to the District Payroll Department duly signed by the teacher.,Dues deductions,worker,worker,may,False,passive,plain,permission,permission,True,0.3,other,True,
albuquerque_public_schools__atf_negotiated_agreement_2018_19__e7e5b93f,ATF-Negotiated-Agreement_2018-19.pdf,Albuquerque Public Schools,9,Such revocation must be received by the District Payroll Department no later than nine (9) days prior to the pay date on which it is to become effective.,Such revocation,management,worker,must,False,passive,plain,obligation,obligation,True,1.0,other,True,
albuquerque_public_schools__atf_negotiated_agreement_2018_19__e7e5b93f,ATF-Negotiated-Agreement_2018-19.pdf,Albuquerque Public Schools,9,The District retains all rights not specifically restricted by this Agreement.,The District,management,management,,False,active,plain,other,other,True,0.0,other,True,
albuquerque_public_schools__atf_negotiated_agreement_2018_19__e7e5b93f,ATF-Negotiated-Agreement_2018-19.pdf,Albuquerque Public Schools,10,"The District shall not discriminate against any employee in the bargaining unit on the basis of race, color, religion, gender, gender identification, age, national origin, marital status, sexual orientation, place of residence, disability, membership or non-membership in any teacher organization, except when the District determines there is a bona fide occupational qualification.",The District,management,worker,shall,True,active,prohibition_verb,permission,prohibition,False,1.0,teacher_rights_and_conduct,True,
albuquerque_public_schools__atf_negotiated_agreement_2018_19__e7e5b93f,ATF-Negotiated-Agreement_2018-19.pdf,Albuquerque Public Schools,10,"shall represent equally all employees in the bargaining unit without discrimination, interference, restraint or coercion.",The Federation,worker,worker,shall,False,active,obligation_verb,obligation,obligation,True,1.0,teacher_rights_and_conduct,True,Independent clause split from preceding 'recognizes' clause per coordinate structure.
albuquerque_public_schools__atf_negotiated_agreement_2018_19__e7e5b93f,ATF-Negotiated-Agreement_2018-19.pdf,Albuquerque Public Schools,10,employees shall enjoy the rights of full citizenship.,employees,worker,worker,shall,False,active,rights_active,right,right,True,1.0,teacher_rights_and_conduct,True,
albuquerque_public_schools__atf_negotiated_agreement_2018_19__e7e5b93f,ATF-Negotiated-Agreement_2018-19.pdf,Albuquerque Public Schools,10,"an applicant must have at least a bachelor's degree and must have a valid teaching license, an occupational license, or be enrolled in an approved alternative licensure program from the State of New Mexico.",an applicant,worker,management,must,False,active,obligation_verb,obligation,obligation,True,1.0,other,True,
albuquerque_public_schools__atf_negotiated_agreement_2018_19__e7e5b93f,ATF-Negotiated-Agreement_2018-19.pdf,Albuquerque Public Schools,10,The District shall notify the Federation when a teacher is to be hired who does not possess at least a bachelor's degree.,The District,management,worker,shall,False,active,plain,obligation,obligation,True,1.0,other,True,
albuquerque_public_schools__atf_negotiated_agreement_2018_19__e7e5b93f,ATF-Negotiated-Agreement_2018-19.pdf,Albuquerque Public Schools,10,All existing and newly hired “I” licensed special education teachers will be obligated to participate in 12 hours of APS provided professional development.,All existing and newly hired “I” licensed special education teachers,worker,management,will,False,passive,obligation_verb,obligation,obligation,True,0.9,professional_development,True,
albuquerque_public_schools__atf_negotiated_agreement_2018_19__e7e5b93f,ATF-Negotiated-Agreement_2018-19.pdf,Albuquerque Public Schools,10,All teachers employed by the District shall be employed for the primary purpose of instructing children and/or rendering professional services for which they are licensed.,All teachers employed by the District,management,management,shall,False,passive,plain,obligation,obligation,True,1.0,other,True,Passive construction; implicit agent is the District/employer.
albuquerque_public_schools__atf_negotiated_agreement_2018_19__e7e5b93f,ATF-Negotiated-Agreement_2018-19.pdf,Albuquerque Public Schools,10,Teachers will be employed under contract for less than a full school year when a teaching vacancy will exceed sixty (60) duty days.,Teachers,management,management,will,False,passive,plain,obligation,obligation,True,0.9,other,True,Passive construction; implicit agent is the District/employer.
albuquerque_public_schools__atf_negotiated_agreement_2018_19__e7e5b93f,ATF-Negotiated-Agreement_2018-19.pdf,Albuquerque Public Schools,10,This provision may be waived upon approval by the Public Education Department.,This provision,management,management,may,False,passive,permission_verb,permission,permission,True,0.3,other,True,"Explicit agent named in 'by' phrase is an external state agency, not district management or workers."
albuquerque_public_schools__atf_negotiated_agreement_2018_19__e7e5b93f,ATF-Negotiated-Agreement_2018-19.pdf,Albuquerque Public Schools,11,A teacher who is short-term due to not holding a valid New Mexico teacher's license at the time of employment shall be reemployed by the District if he or she performs satisfactorily and presents a valid New Mexico teaching license or approved plan for completion of licensure requirements to the Department of Human Resources by May 1.,A teacher who is short-term due to not holding a valid New Mexico teacher's license at the time of employment,management,worker,shall,False,passive,rights_passive,right,obligation,False,1.0,job_security,True,
albuquerque_public_schools__atf_negotiated_agreement_2018_19__e7e5b93f,ATF-Negotiated-Agreement_2018-19.pdf,Albuquerque Public Schools,11,"If the requirements are not met by August 1, the teacher shall not be considered for reemployment.",the teacher,management,management,shall,True,passive,prohibition_verb,permission,prohibition,False,1.0,job_security,True,
albuquerque_public_schools__atf_negotiated_agreement_2018_19__e7e5b93f,ATF-Negotiated-Agreement_2018-19.pdf,Albuquerque Public Schools,11,A teacher who is short-term due to being in a position funded by a source other than the APS operational budget shall be reemployed by the District (with satisfactory performance) provided the funding is continued.,A teacher who is short-term due to being in a position funded by a source other than the APS operational budget,management,worker,shall,False,passive,rights_passive,right,obligation,False,1.0,job_security,True,
albuquerque_public_schools__atf_negotiated_agreement_2018_19__e7e5b93f,ATF-Negotiated-Agreement_2018-19.pdf,Albuquerque Public Schools,11,"Upon the successful completion of their third consecutive short-term contract (of at least 570 hours each), employees will be offered a regular contract for the following year.",employees,management,worker,will,False,passive,rights_passive,right,obligation,False,0.9,job_security,True,
albuquerque_public_schools__atf_negotiated_agreement_2018_19__e7e5b93f,ATF-Negotiated-Agreement_2018-19.pdf,Albuquerque Public Schools,11,"Birth certificates or other suitable proof of date of birth, New Mexico teaching licenses and college or university transcripts must be filed in the Department of Human Resources as soon as possible after employment is accepted.","Birth certificates or other suitable proof of date of birth, New Mexico teaching licenses and college or university transcripts",worker,management,must,False,passive,obligation_verb,obligation,obligation,True,1.0,other,True,
albuquerque_public_schools__atf_negotiated_agreement_2018_19__e7e5b93f,ATF-Negotiated-Agreement_2018-19.pdf,Albuquerque Public Schools,11,"In the case of teachers who are not new to the system, valid teaching licenses must be on file.",valid teaching licenses,worker,management,must,False,passive,obligation_verb,obligation,obligation,True,1.0,other,True,
albuquerque_public_schools__atf_negotiated_agreement_2018_19__e7e5b93f,ATF-Negotiated-Agreement_2018-19.pdf,Albuquerque Public Schools,11,The November paychecks and subsequent checks will not be issued to a teacher until such time as the required data is filed in the Department of Human Resources or evidence is given that the teacher is making a bona fide effort to secure the information.,The November paychecks and subsequent checks,management,management,will,True,passive,prohibition_verb,permission,prohibition,False,0.9,compensation,True,
albuquerque_public_schools__atf_negotiated_agreement_2018_19__e7e5b93f,ATF-Negotiated-Agreement_2018-19.pdf,Albuquerque Public Schools,12,All teachers are reemployed for the next school year unless notified at least ten (10) workdays prior to the last day of the school year.,All teachers,management,worker,,False,passive,rights_passive,right,obligation,False,0.85,job_security,True,
albuquerque_public_schools__atf_negotiated_agreement_2018_19__e7e5b93f,ATF-Negotiated-Agreement_2018-19.pdf,Albuquerque Public Schools,12,"In order to qualify and be employed in an educational diagnostician position or school psychologist position in the District, an applicant must have at least a graduate degree in Special Education or related field from an accredited university or college and be licensed by the State of New Mexico as an educational diagnostician or school psychologist.",an applicant,worker,management,must,False,active,plain,obligation,obligation,True,1.0,other,True,
albuquerque_public_schools__atf_negotiated_agreement_2018_19__e7e5b93f,ATF-Negotiated-Agreement_2018-19.pdf,Albuquerque Public Schools,12,All educational diagnosticians employed by the Board shall be employed for the primary purpose of evaluating and placing children in District programs and/or rendering professional services for which they are licensed.,All educational diagnosticians employed by the Board,management,management,shall,False,passive,plain,obligation,obligation,True,1.0,other,True,
albuquerque_public_schools__atf_negotiated_agreement_2018_19__e7e5b93f,ATF-Negotiated-Agreement_2018-19.pdf,Albuquerque Public Schools,12,"For employees on the AT-1, AT-2 and AT-3 salary matrices, the work year shall consist of one hundred eighty-four (184) workdays.",the work year,other,management,shall,False,active,plain,obligation,obligation,True,1.0,workload,True,
albuquerque_public_schools__atf_negotiated_agreement_2018_19__e7e5b93f,ATF-Negotiated-Agreement_2018-19.pdf,Albuquerque Public Schools,12,"For employees on the A-2 salary matrix, the work year shall consist of one hundred eighty four (184) workdays.",the work year,other,management,shall,False,active,plain,obligation,obligation,True,1.0,workload,True,
albuquerque_public_schools__atf_negotiated_agreement_2018_19__e7e5b93f,ATF-Negotiated-Agreement_2018-19.pdf,Albuquerque Public Schools,12,"For employees on the A-3 and A-4 salary matrices, the work year shall consist of one hundred and ninety four (194) workdays.",the work year,other,management,shall,False,active,plain,obligation,obligation,True,1.0,workload,True,
albuquerque_public_schools__atf_negotiated_agreement_2018_19__e7e5b93f,ATF-Negotiated-Agreement_2018-19.pdf,Albuquerque Public Schools,12,Divergence from the District work calendar is permitted if mutually agreed upon by the educational diagnostician and the educational diagnostician’s immediate supervisor or if mutually agreed upon by the school psychologist and the school psychologist's immediate supervisor.,Divergence from the District work calendar,management,worker,,False,passive,permission_verb,permission,permission,True,0.85,workload,True,
albuquerque_public_schools__atf_negotiated_agreement_2018_19__e7e5b93f,ATF-Negotiated-Agreement_2018-19.pdf,Albuquerque Public Schools,12,such changes made by the District shall not affect the total number of workdays required.,such changes made by the District,other,management,shall,True,active,plain,prohibition,prohibition,True,1.0,workload,True,
albuquerque_public_schools__atf_negotiated_agreement_2018_19__e7e5b93f,ATF-Negotiated-Agreement_2018-19.pdf,Albuquerque Public Schools,12,Any deviation from the approved master calendar shall be agreed upon by both parties.,Any deviation from the approved master calendar,other,worker,shall,False,passive,plain,obligation,obligation,True,1.0,workload,True,
albuquerque_public_schools__atf_negotiated_agreement_2018_19__e7e5b93f,ATF-Negotiated-Agreement_2018-19.pdf,Albuquerque Public Schools,12,"For employees on the AT-1, AT-2, AT-3 and A-2 salary matrices, the duty day shall consist of six and one-half (6 1/2) hours excluding a lunch period.",the duty day,other,worker,shall,False,active,plain,obligation,obligation,True,1.0,workload,True,
albuquerque_public_schools__atf_negotiated_agreement_2018_19__e7e5b93f,ATF-Negotiated-Agreement_2018-19.pdf,Albuquerque Public Schools,12,The duty day shall be a continuous period of time.,The duty day,other,worker,shall,False,active,plain,obligation,obligation,True,1.0,workload,True,
albuquerque_public_schools__atf_negotiated_agreement_2018_19__e7e5b93f,ATF-Negotiated-Agreement_2018-19.pdf,Albuquerque Public Schools,12,"In the event a teacher regularly works less than a five (5) day week, the duty week shall consist of no more than thirty-two and one-half (32 1/2) hours.",the duty week,other,worker,shall,False,active,plain,obligation,obligation,True,1.0,workload,True,
albuquerque_public_schools__atf_negotiated_agreement_2018_19__e7e5b93f,ATF-Negotiated-Agreement_2018-19.pdf,Albuquerque Public Schools,12,The duty day for employees on the A-3 and A-4 salary matrix shall consist of eight (8) hours excluding a lunch period.,The duty day for employees on the A-3 and A-4 salary matrix,other,worker,shall,False,active,plain,obligation,obligation,True,1.0,workload,True,
albuquerque_public_schools__atf_negotiated_agreement_2018_19__e7e5b93f,ATF-Negotiated-Agreement_2018-19.pdf,Albuquerque Public Schools,12,"In the event an employee on the A-3 or A-4 salary matrices regularly works less than a five (5) day week, the duty week shall consist of no more than forty (40) hours.",the duty week,other,worker,shall,False,active,plain,obligation,obligation,True,1.0,workload,True,
albuquerque_public_schools__atf_negotiated_agreement_2018_19__e7e5b93f,ATF-Negotiated-Agreement_2018-19.pdf,Albuquerque Public Schools,12,"Each teacher shall have a thirty (30) minute, duty free, uninterrupted lunch period exclusive of passing t",Each teacher,worker,worker,shall,False,active,plain,obligation,right,False,1.0,safety_and_working_conditions,True,Text truncated in source chunk
albuquerque_public_schools__atf_negotiated_agreement_2018_19__e7e5b93f,ATF-Negotiated-Agreement_2018-19.pdf,Albuquerque Public Schools,13,"Each teacher shall have a thirty (30) minute, duty free, uninterrupted lunch period exclusive of passing time which may be taken on or off the school grounds at the teacher's discretion.",Each teacher,worker,worker,shall,False,active,rights_active,right,right,True,1.0,safety_and_working_conditions,True,
albuquerque_public_schools__atf_negotiated_agreement_2018_19__e7e5b93f,ATF-Negotiated-Agreement_2018-19.pdf,Albuquerque Public Schools,13,adjustments within the length of duty day will be made by the principal of each school after consultation with the teacher or teachers involved in order to take into account the difference in the length of the lunch period.,adjustments within the length of duty day,management,management,will,False,passive,plain,obligation,obligation,True,0.9,workload,True,
albuquerque_public_schools__atf_negotiated_agreement_2018_19__e7e5b93f,ATF-Negotiated-Agreement_2018-19.pdf,Albuquerque Public Schools,13,The principal shall have the authority to permit divergence by individual teachers from the duty day by mutual agreement.,The principal,management,management,shall,False,active,rights_active,right,right,True,1.0,workload,True,
albuquerque_public_schools__atf_negotiated_agreement_2018_19__e7e5b93f,ATF-Negotiated-Agreement_2018-19.pdf,Albuquerque Public Schools,13,This divergence can apply to time on registration days for teachers to register their own children if such divergence will not hinder registration at the teacher's worksite.,This divergence,other,worker,can,False,active,plain,permission,permission,True,0.3,workload,True,
albuquerque_public_schools__atf_negotiated_agreement_2018_19__e7e5b93f,ATF-Negotiated-Agreement_2018-19.pdf,Albuquerque Public Schools,13,Lengthening of the duty day by the site supervisor shall not exceed two (2) hours for any individual teacher in any twenty (20) day reporting period.,Lengthening of the duty day by the site supervisor,management,worker,shall,True,active,plain,prohibition,prohibition,True,1.0,workload,True,
albuquerque_public_schools__atf_negotiated_agreement_2018_19__e7e5b93f,ATF-Negotiated-Agreement_2018-19.pdf,Albuquerque Public Schools,13,This lengthening shall normally occur after a minimum of forty-eight (48) hours prior notice excluding non-teaching days prior to the additional duty time.,This lengthening,other,worker,shall,False,active,plain,obligation,obligation,True,1.0,workload,True,
albuquerque_public_schools__atf_negotiated_agreement_2018_19__e7e5b93f,ATF-Negotiated-Agreement_2018-19.pdf,Albuquerque Public Schools,13,Use of this time shall be limited to purposes relating to school business.,Use of this time,management,management,shall,False,passive,plain,obligation,obligation,True,1.0,workload,True,
albuquerque_public_schools__atf_negotiated_agreement_2018_19__e7e5b93f,ATF-Negotiated-Agreement_2018-19.pdf,Albuquerque Public Schools,13,Schools may utilize up to an additional thirteen (13) hours annually for professional development activities collaboratively planned through the Instructional Council.,Schools,management,management,may,False,active,plain,permission,permission,True,0.3,professional_development,True,
albuquerque_public_schools__atf_negotiated_agreement_2018_19__e7e5b93f,ATF-Negotiated-Agreement_2018-19.pdf,Albuquerque Public Schools,13,Any district-mandated training will be included in these hours in accordance with the procedures outlined in Appendix D.,Any district-mandated training,other,management,will,False,passive,plain,obligation,obligation,True,0.9,professional_development,True,
albuquerque_public_schools__atf_negotiated_agreement_2018_19__e7e5b93f,ATF-Negotiated-Agreement_2018-19.pdf,Albuquerque Public Schools,13,"teachers may be required to attend up to 2 (two) evening activities, such as but not limited to, open house, curriculum night or graduation.",teachers,management,management,may,False,passive,obligation_verb,obligation,obligation,True,0.3,other,True,
albuquerque_public_schools__atf_negotiated_agreement_2018_19__e7e5b93f,ATF-Negotiated-Agreement_2018-19.pdf,Albuquerque Public Schools,13,he/she shall be paid time at the employee’s hourly rate.,he/she,management,worker,shall,False,passive,rights_passive,right,right,True,1.0,compensation,True,
albuquerque_public_schools__atf_negotiated_agreement_2018_19__e7e5b93f,ATF-Negotiated-Agreement_2018-19.pdf,Albuquerque Public Schools,13,Teachers unable to attend shall give reasonable notice of their intended absence to their immediate supervisor and affected parents.,Teachers unable to attend,worker,management,shall,False,active,plain,obligation,obligation,True,1.0,other,True,
albuquerque_public_schools__atf_negotiated_agreement_2018_19__e7e5b93f,ATF-Negotiated-Agreement_2018-19.pdf,Albuquerque Public Schools,13,Teachers shall not normally be regularly required to notify the principal of their arrival or departure from the school.,Teachers,management,worker,shall,True,passive,plain,prohibition,prohibition,True,1.0,teacher_rights_and_conduct,True,
albuquerque_public_schools__atf_negotiated_agreement_2018_19__e7e5b93f,ATF-Negotiated-Agreement_2018-19.pdf,Albuquerque Public Schools,14,Teachers desiring to leave the school area during the duty day may do so with prior notification and approval of the principal or designee.,Teachers,worker,worker,may,False,active,permission_verb,permission,permission,True,0.3,teacher_rights_and_conduct,True,
albuquerque_public_schools__atf_negotiated_agreement_2018_19__e7e5b93f,ATF-Negotiated-Agreement_2018-19.pdf,Albuquerque Public Schools,14,Travel time for teachers who work in more than one (1) teaching location in any one (1) duty day shall be counted as part of the duty day.,Travel time,other,worker,shall,False,passive,plain,obligation,obligation,True,1.0,workload,True,
albuquerque_public_schools__atf_negotiated_agreement_2018_19__e7e5b93f,ATF-Negotiated-Agreement_2018-19.pdf,Albuquerque Public Schools,14,the teacher shall receive travel time in addition to the lunch period.,the teacher,worker,worker,shall,False,active,rights_active,right,right,True,1.0,workload,True,
albuquerque_public_schools__atf_negotiated_agreement_2018_19__e7e5b93f,ATF-Negotiated-Agreement_2018-19.pdf,Albuquerque Public Schools,14,The teacher is responsible for arranging the conferences.,The teacher,worker,management,,False,active,obligation_verb,obligation,obligation,True,0.85,other,True,
albuquerque_public_schools__atf_negotiated_agreement_2018_19__e7e5b93f,ATF-Negotiated-Agreement_2018-19.pdf,Albuquerque Public Schools,14,Teachers scheduled to begin their duty earlier or to continue to a later time will not be required to be on duty longer than the total hours of the duty day.,Teachers,management,worker,will,True,passive,obligation_verb,right,right,True,0.9,workload,True,
albuquerque_public_schools__atf_negotiated_agreement_2018_19__e7e5b93f,ATF-Negotiated-Agreement_2018-19.pdf,Albuquerque Public Schools,14,the teacher shall be entitled to flex their schedule if it is mutually agreed to by the principal and the teacher.,the teacher,worker,worker,shall,False,active,rights_passive,right,right,True,1.0,workload,True,
albuquerque_public_schools__atf_negotiated_agreement_2018_19__e7e5b93f,ATF-Negotiated-Agreement_2018-19.pdf,Albuquerque Public Schools,14,Flex time has to be mutually agreed to each year by the principal and teacher prior to implementation of the flex time.,Flex time,worker,other,,False,passive,plain,other,obligation,False,0.0,workload,True,acting_party is joint (principal and teacher)
albuquerque_public_schools__atf_negotiated_agreement_2018_19__e7e5b93f,ATF-Negotiated-Agreement_2018-19.pdf,Albuquerque Public Schools,14,No member of the staff may engage in any sales promotion or selling on the school premises unless such promotion or sale has been approved in advance by the principal.,No member of the staff,worker,management,may,True,active,prohibition_verb,permission,prohibition,False,0.3,teacher_rights_and_conduct,True,
albuquerque_public_schools__atf_negotiated_agreement_2018_19__e7e5b93f,ATF-Negotiated-Agreement_2018-19.pdf,Albuquerque Public Schools,14,Commercial photographs of students may be made provided there is minimal disruption of class time,Commercial photographs of students,other,management,may,False,passive,plain,permission,permission,True,0.3,other,True,
albuquerque_public_schools__atf_negotiated_agreement_2018_19__e7e5b93f,ATF-Negotiated-Agreement_2018-19.pdf,Albuquerque Public Schools,14,no demands are made upon teachers for collecting monies and/or additional checking responsibilities in connection with picture taking,no demands,management,worker,,True,passive,plain,prohibition,prohibition,True,0.0,other,True,
albuquerque_public_schools__atf_negotiated_agreement_2018_19__e7e5b93f,ATF-Negotiated-Agreement_2018-19.pdf,Albuquerque Public Schools,14,"Fund-raising activities, except as provided in 2 above, shall not interrupt or interfere with the instructional program unless agreed to by the principal and staff.",Fund-raising activities,other,worker,shall,True,active,plain,prohibition,prohibition,True,1.0,other,True,
albuquerque_public_schools__atf_negotiated_agreement_2018_19__e7e5b93f,ATF-Negotiated-Agreement_2018-19.pdf,Albuquerque Public Schools,14,"Information regarding proceeds from fund-raising activities, planned expenditures and/or the availability of funds for staff use shall be made available to staff members upon request as defined in the activities fund manual or by reaching this APS web address http://www.aps.edu/internal-audit/activity-fund-manual.","Information regarding proceeds from fund-raising activities, planned expenditures and/or the availability of funds for staff use",management,worker,shall,False,passive,rights_passive,right,obligation,False,1.0,other,True,
albuquerque_public_schools__atf_negotiated_agreement_2018_19__e7e5b93f,ATF-Negotiated-Agreement_2018-19.pdf,Albuquerque Public Schools,14,"Fund-raising activities, except as provided in 2 above, will not be assigned to teachers unless they volunteer for the assignment.",Fund-raising activities,management,worker,will,True,passive,plain,prohibition,prohibition,True,0.9,workload,True,
albuquerque_public_schools__atf_negotiated_agreement_2018_19__e7e5b93f,ATF-Negotiated-Agreement_2018-19.pdf,Albuquerque Public Schools,14,No teacher may charge a pupil a fee for any service rendered the pupil on the school premises during the duty day.,No teacher,worker,management,may,True,active,prohibition_verb,permission,prohibition,False,0.3,teacher_rights_and_conduct,True,
albuquerque_public_schools__atf_negotiated_agreement_2018_19__e7e5b93f,ATF-Negotiated-Agreement_2018-19.pdf,Albuquerque Public Schools,15,"All employees on salary matrices AT-1, AT-2, AT-3 and A-2 shall have within the duty week a minimum amount of time for preparation and planning.","All employees on salary matrices AT-1, AT-2, AT-3 and A-2",worker,worker,shall,False,active,plain,obligation,obligation,True,1.0,workload,True,
albuquerque_public_schools__atf_negotiated_agreement_2018_19__e7e5b93f,ATF-Negotiated-Agreement_2018-19.pdf,Albuquerque Public Schools,15,"Teachers shall have a minimum of 220 minutes for preparation each week, free from specific duty assignments.",Teachers,worker,worker,shall,False,active,plain,obligation,obligation,True,1.0,workload,True,
albuquerque_public_schools__atf_negotiated_agreement_2018_19__e7e5b93f,ATF-Negotiated-Agreement_2018-19.pdf,Albuquerque Public Schools,15,Teachers shall have a minimum of two consecutive hours on all modified Wednesdays for use as preparation free from specific duty assignments.,Teachers,worker,worker,shall,False,active,plain,obligation,obligation,True,1.0,workload,True,
albuquerque_public_schools__atf_negotiated_agreement_2018_19__e7e5b93f,ATF-Negotiated-Agreement_2018-19.pdf,Albuquerque Public Schools,15,the teacher shall be compensated at his or her hourly rate of pay (in 15 minute increments) for the amount of preparation time under 220 minutes.,the teacher,management,worker,shall,False,passive,rights_passive,right,obligation,False,1.0,compensation,True,
albuquerque_public_schools__atf_negotiated_agreement_2018_19__e7e5b93f,ATF-Negotiated-Agreement_2018-19.pdf,Albuquerque Public Schools,15,"Schools must identify all of the time, including specials that will be used for preparation time.",Schools,management,worker,must,False,active,plain,obligation,obligation,True,1.0,workload,True,
albuquerque_public_schools__atf_negotiated_agreement_2018_19__e7e5b93f,ATF-Negotiated-Agreement_2018-19.pdf,Albuquerque Public Schools,15,A schedule indicating all designated prep time shall be distributed to teachers within ten workdays after the beginning of the school year.,A schedule indicating all designated prep time,management,worker,shall,False,passive,plain,obligation,obligation,True,1.0,workload,True,
albuquerque_public_schools__atf_negotiated_agreement_2018_19__e7e5b93f,ATF-Negotiated-Agreement_2018-19.pdf,Albuquerque Public Schools,15,elementary teachers who lose preparation time will be granted prep time lost at a date later in the school year.,elementary teachers who lose preparation time,management,worker,will,False,passive,rights_passive,right,obligation,False,0.9,workload,True,
albuquerque_public_schools__atf_negotiated_agreement_2018_19__e7e5b93f,ATF-Negotiated-Agreement_2018-19.pdf,Albuquerque Public Schools,15,"the District will be required to grant teachers up to two hours of lost prep time per school year, regardless of the actual number of hours lost due to Wednesday abbreviated days.",the District,management,worker,will,False,active,obligation_verb,obligation,obligation,True,0.9,workload,True,
albuquerque_public_schools__atf_negotiated_agreement_2018_19__e7e5b93f,ATF-Negotiated-Agreement_2018-19.pdf,Albuquerque Public Schools,15,The date(s) will be mutually agreed upon the District and the Federation.,The date(s),other,worker,will,False,passive,plain,obligation,obligation,True,0.9,other,True,
albuquerque_public_schools__atf_negotiated_agreement_2018_19__e7e5b93f,ATF-Negotiated-Agreement_2018-19.pdf,Albuquerque Public Schools,15,Elementary school itinerant art and music teachers shall be allowed sufficient time (10 to 15 minutes) to transition from one intra-school class teaching assignment to another.,Elementary school itinerant art and music teachers,management,worker,shall,False,passive,permission_verb,permission,obligation,False,1.0,workload,True,
albuquerque_public_schools__atf_negotiated_agreement_2018_19__e7e5b93f,ATF-Negotiated-Agreement_2018-19.pdf,Albuquerque Public Schools,15,A minimum of forty-five (45) minutes per week can be used for collaboration time provided the 220 minutes for preparation time has been met.,A minimum of forty-five (45) minutes per week,management,worker,can,False,passive,permission_verb,permission,permission,True,0.3,workload,True,
albuquerque_public_schools__atf_negotiated_agreement_2018_19__e7e5b93f,ATF-Negotiated-Agreement_2018-19.pdf,Albuquerque Public Schools,15,Preparation time shall be in 20-minute block minimums.,Preparation time,other,worker,shall,False,active,plain,obligation,obligation,True,1.0,workload,True,
albuquerque_public_schools__atf_negotiated_agreement_2018_19__e7e5b93f,ATF-Negotiated-Agreement_2018-19.pdf,Albuquerque Public Schools,16,"If a teacher receives less than 220 minutes of preparation time in a five day work week, the teacher shall be compensated at his or her hourly rate of pay (in 15 minute increments) for the amount of prep time under 220 minutes.",the teacher,management,worker,shall,False,passive,rights_passive,right,obligation,False,1.0,compensation,True,
albuquerque_public_schools__atf_negotiated_agreement_2018_19__e7e5b93f,ATF-Negotiated-Agreement_2018-19.pdf,Albuquerque Public Schools,16,"Schools must identify all of the time, including specials, that will be used for preparation time.",Schools,management,worker,must,False,active,plain,obligation,obligation,True,1.0,workload,True,
albuquerque_public_schools__atf_negotiated_agreement_2018_19__e7e5b93f,ATF-Negotiated-Agreement_2018-19.pdf,Albuquerque Public Schools,16,"At least four days per week, teachers shall have a minimum of twenty (20) continuous minutes for preparation time before or after the student day.",teachers,worker,worker,shall,False,active,plain,obligation,obligation,True,1.0,workload,True,
albuquerque_public_schools__atf_negotiated_agreement_2018_19__e7e5b93f,ATF-Negotiated-Agreement_2018-19.pdf,Albuquerque Public Schools,16,"In the event there are fewer than five days in a work week, teachers shall have a minimum of twenty (20) continuous minutes for preparation time each day of that week before or after the student day.",teachers,worker,worker,shall,False,active,plain,obligation,obligation,True,1.0,workload,True,
albuquerque_public_schools__atf_negotiated_agreement_2018_19__e7e5b93f,ATF-Negotiated-Agreement_2018-19.pdf,Albuquerque Public Schools,16,Each teacher shall be provided preparation time which shall be equal to one (1) full class period during the instructional day with such time being free from specific duty assignments,Each teacher,management,worker,shall,False,passive,rights_passive,right,obligation,False,1.0,workload,True,
albuquerque_public_schools__atf_negotiated_agreement_2018_19__e7e5b93f,ATF-Negotiated-Agreement_2018-19.pdf,Albuquerque Public Schools,16,The decision about the prep/collaboration time schedule for the school will be made annually by the school staff through their instructional council.,The decision about the prep/collaboration time schedule for the school,worker,worker,will,False,passive,plain,obligation,obligation,True,0.9,workload,True,Explicit agent 'by the school staff' identifies actor.
albuquerque_public_schools__atf_negotiated_agreement_2018_19__e7e5b93f,ATF-Negotiated-Agreement_2018-19.pdf,Albuquerque Public Schools,16,"Teachers shall have a minimum of 225 minutes per week for preparation, free from specific duty assignments",Teachers,worker,worker,shall,False,active,plain,obligation,obligation,True,1.0,workload,True,
albuquerque_public_schools__atf_negotiated_agreement_2018_19__e7e5b93f,ATF-Negotiated-Agreement_2018-19.pdf,Albuquerque Public Schools,16,"Each teacher shall be provided preparation time which shall be equal to one (1) full class period, a minimum of four days per week each five-day work week, during the instructional day with such time being free from specific duty assignments.",Each teacher,management,worker,shall,False,passive,rights_passive,right,obligation,False,1.0,workload,True,
albuquerque_public_schools__atf_negotiated_agreement_2018_19__e7e5b93f,ATF-Negotiated-Agreement_2018-19.pdf,Albuquerque Public Schools,16,"In the event there are fewer than five days in a work week, teachers shall not be required to attend collaboration meetings until and unless the 225 minute minimum is met.",teachers,management,worker,shall,True,passive,plain,prohibition,right,False,1.0,workload,True,
albuquerque_public_schools__atf_negotiated_agreement_2018_19__e7e5b93f,ATF-Negotiated-Agreement_2018-19.pdf,Albuquerque Public Schools,17,One entire class period per five day work week may be used for collaboration time provided the 225 minute minimum is met and prep time is provided the other four days per week.,One entire class period per five day work week,management,worker,may,False,passive,permission_verb,permission,permission,True,0.3,workload,True,
albuquerque_public_schools__atf_negotiated_agreement_2018_19__e7e5b93f,ATF-Negotiated-Agreement_2018-19.pdf,Albuquerque Public Schools,17,Each teacher shall be provided preparation time which shall be equal to one (1) full class period during the instructional day with such time being free from specific duty assignments.,Each teacher,management,worker,shall,False,passive,rights_passive,right,obligation,False,1.0,workload,True,
albuquerque_public_schools__atf_negotiated_agreement_2018_19__e7e5b93f,ATF-Negotiated-Agreement_2018-19.pdf,Albuquerque Public Schools,17,"In schools where block schedules are followed, teachers shall have available to them, a minimum of 450 minutes of preparation time in each consecutive two week period.",teachers,worker,worker,shall,False,active,plain,obligation,obligation,True,1.0,workload,True,
albuquerque_public_schools__atf_negotiated_agreement_2018_19__e7e5b93f,ATF-Negotiated-Agreement_2018-19.pdf,Albuquerque Public Schools,17,Additional preparation time free from specific duty assignments that is not part of this Agreement shall be mutually agreed upon by the teacher(s) and the principal through a collaborative process as defined in Article 7.,Additional preparation time free from specific duty assignments that is not part of this Agreement,worker,worker,shall,False,passive,plain,obligation,obligation,True,1.0,workload,True,Joint action explicitly assigned to teacher(s) and principal
albuquerque_public_schools__atf_negotiated_agreement_2018_19__e7e5b93f,ATF-Negotiated-Agreement_2018-19.pdf,Albuquerque Public Schools,17,"Every effort shall be made to encourage coordination of preparation time for teachers involved in teaming, integration, inclusion programs and mentoring relationships.",Every effort,management,worker,shall,False,passive,plain,obligation,obligation,True,1.0,workload,True,
albuquerque_public_schools__atf_negotiated_agreement_2018_19__e7e5b93f,ATF-Negotiated-Agreement_2018-19.pdf,Albuquerque Public Schools,17,"Special events, such as school-wide testing, which result in a deviation from the normal weekly schedule shall be scheduled in a manner which does not result in a disproportionate loss of prep time for any individual or group of individuals.","Special events, such as school-wide testing, which result in a deviation from the normal weekly schedule",management,worker,shall,False,passive,plain,obligation,obligation,True,1.0,workload,True,
albuquerque_public_schools__atf_negotiated_agreement_2018_19__e7e5b93f,ATF-Negotiated-Agreement_2018-19.pdf,Albuquerque Public Schools,17,Care shall be taken when scheduling such events to ensure that any resulting loss of prep time shall be minimized and be as equitable as possible for all employees.,Care,management,worker,shall,False,passive,plain,obligation,obligation,True,1.0,workload,True,
albuquerque_public_schools__atf_negotiated_agreement_2018_19__e7e5b93f,ATF-Negotiated-Agreement_2018-19.pdf,Albuquerque Public Schools,17,"Without minimizing the importance of generally accepted issues, the District and the Federation agree to foster dispassionate, unprejudiced, scientific studies of academic issues in an atmosphere free from bias and prejudice.",the District and the Federation,other,worker,,False,active,plain,other,other,True,0.0,other,True,Joint commitment by management and union
albuquerque_public_schools__atf_negotiated_agreement_2018_19__e7e5b93f,ATF-Negotiated-Agreement_2018-19.pdf,Albuquerque Public Schools,17,The teacher shall serve as an impartial moderator,The teacher,worker,management,shall,False,active,plain,obligation,obligation,True,1.0,teacher_rights_and_conduct,True,
albuquerque_public_schools__atf_negotiated_agreement_2018_19__e7e5b93f,ATF-Negotiated-Agreement_2018-19.pdf,Albuquerque Public Schools,17,The teacher shall not attempt either directly or indirectly to limit or control the opinion of one's pupils on academic issues.,The teacher,worker,management,shall,True,active,prohibition_verb,permission,prohibition,False,1.0,teacher_rights_and_conduct,True,"Extracted as separate entry per independent clause split by ""and"""
albuquerque_public_schools__atf_negotiated_agreement_2018_19__e7e5b93f,ATF-Negotiated-Agreement_2018-19.pdf,Albuquerque Public Schools,17,"Therefore, teachers have the right and responsibility to exercise their professional judgment, within the limits of the above guidelines, in initiating and actively pursuing consideration of academic issues.",teachers,worker,worker,,False,active,rights_active,right,right,True,0.85,teacher_rights_and_conduct,True,
albuquerque_public_schools__atf_negotiated_agreement_2018_19__e7e5b93f,ATF-Negotiated-Agreement_2018-19.pdf,Albuquerque Public Schools,17,Teachers must inform the principal of guest speakers appearing in their classrooms.,Teachers,worker,management,must,False,active,plain,obligation,obligation,True,1.0,teacher_rights_and_conduct,True,
albuquerque_public_schools__atf_negotiated_agreement_2018_19__e7e5b93f,ATF-Negotiated-Agreement_2018-19.pdf,Albuquerque Public Schools,18,"A method of involvement of teachers shall be provided at the school and District level when complaints are received on issues that fall within Article 5, F.",A method of involvement of teachers,management,worker,shall,False,passive,rights_passive,right,obligation,False,1.0,teacher_rights_and_conduct,True,
albuquerque_public_schools__atf_negotiated_agreement_2018_19__e7e5b93f,ATF-Negotiated-Agreement_2018-19.pdf,Albuquerque Public Schools,18,A copy of recommendations made at the District level shall be provided to the President.,A copy of recommendations made at the District level,management,worker,shall,False,passive,rights_passive,right,obligation,False,1.0,other,True,
albuquerque_public_schools__atf_negotiated_agreement_2018_19__e7e5b93f,ATF-Negotiated-Agreement_2018-19.pdf,Albuquerque Public Schools,18,"In the event the Principal believes that a teacher’s presentation (oral, written or visual) of a controversial issue falls outside the Board’s Controversial Issues and Outside Speakers Guidelines, the Principal will so advise the teacher, discuss the basis of his/her objections and recommend an alternative approach to the issue.",the Principal,management,management,will,False,active,plain,obligation,obligation,True,0.9,teacher_rights_and_conduct,True,Conditional operative clause.
albuquerque_public_schools__atf_negotiated_agreement_2018_19__e7e5b93f,ATF-Negotiated-Agreement_2018-19.pdf,Albuquerque Public Schools,18,"The teacher shall adopt the Principal’s recommendation pending mediation of the dispute by the Superintendent, or his/her designee.",The teacher,worker,management,shall,False,active,plain,obligation,obligation,True,1.0,teacher_rights_and_conduct,True,
albuquerque_public_schools__atf_negotiated_agreement_2018_19__e7e5b93f,ATF-Negotiated-Agreement_2018-19.pdf,Albuquerque Public Schools,18,The mediation shall be conducted within 2 working days of the date the controversy arose.,The mediation,other,worker,shall,False,passive,plain,obligation,obligation,True,1.0,discipline,True,Inanimate subject; implicit agent likely management or designated mediator.
albuquerque_public_schools__atf_negotiated_agreement_2018_19__e7e5b93f,ATF-Negotiated-Agreement_2018-19.pdf,Albuquerque Public Schools,18,Members should ensure equity of voice within the group.,Members,worker,worker,should,False,active,plain,obligation,obligation,True,0.7,teacher_rights_and_conduct,True,Guideline-style expectation rather than strict contractual duty.
albuquerque_public_schools__atf_negotiated_agreement_2018_19__e7e5b93f,ATF-Negotiated-Agreement_2018-19.pdf,Albuquerque Public Schools,18,The District shall make every effort to provide a certified substitute teacher when necessary during the absence of a teacher.,The District,management,worker,shall,False,active,obligation_verb,obligation,obligation,True,1.0,other,True,
albuquerque_public_schools__atf_negotiated_agreement_2018_19__e7e5b93f,ATF-Negotiated-Agreement_2018-19.pdf,Albuquerque Public Schools,20,"If a student is not assigned to a teacher, a professional staff member shall be responsible for the grade.",a professional staff member,worker,management,shall,False,active,obligation_verb,obligation,obligation,True,1.0,other,True,
albuquerque_public_schools__atf_negotiated_agreement_2018_19__e7e5b93f,ATF-Negotiated-Agreement_2018-19.pdf,Albuquerque Public Schools,20,Teachers are responsible for maintaining ongoing communication with the parents or guardians of their students.,Teachers,worker,management,,False,active,obligation_verb,obligation,obligation,True,0.85,other,True,
albuquerque_public_schools__atf_negotiated_agreement_2018_19__e7e5b93f,ATF-Negotiated-Agreement_2018-19.pdf,Albuquerque Public Schools,20,A District system of grading and reporting shall be established using progress report forms which are a part of this Agreement.,A District system of grading and reporting,other,management,shall,False,passive,plain,obligation,obligation,True,1.0,other,True,
albuquerque_public_schools__atf_negotiated_agreement_2018_19__e7e5b93f,ATF-Negotiated-Agreement_2018-19.pdf,Albuquerque Public Schools,20,Schools may supplement or request a waiver to replace progress report forms.,Schools,management,management,may,False,active,plain,permission,permission,True,0.3,other,True,
albuquerque_public_schools__atf_negotiated_agreement_2018_19__e7e5b93f,ATF-Negotiated-Agreement_2018-19.pdf,Albuquerque Public Schools,20,"Parent conferences and issuing of report cards will not occur until after at least one workweek (5 workdays) after the reporting period has ended, except for the final reporting period when report cards at the elementary level will be issued on the last scheduled day of school.",Parent conferences and issuing of report cards,other,worker,will,True,active,plain,prohibition,prohibition,True,0.9,other,True,
albuquerque_public_schools__atf_negotiated_agreement_2018_19__e7e5b93f,ATF-Negotiated-Agreement_2018-19.pdf,Albuquerque Public Schools,20,teachers who have scheduled parent conferences shall be excused from faculty meetings that conflict with the conference.,teachers who have scheduled parent conferences,management,worker,shall,False,passive,plain,obligation,obligation,True,1.0,other,True,
albuquerque_public_schools__atf_negotiated_agreement_2018_19__e7e5b93f,ATF-Negotiated-Agreement_2018-19.pdf,Albuquerque Public Schools,20,Teachers who must complete data entry for grades on the Student Information System (SIS) shall not be required to have the data entry completed in fewer than three (3) workdays after the grading period ends except at the end of the school year.,Teachers who must complete data entry for grades on the Student Information System (SIS),management,worker,shall,True,passive,obligation_verb,right,right,True,1.0,other,True,
albuquerque_public_schools__atf_negotiated_agreement_2018_19__e7e5b93f,ATF-Negotiated-Agreement_2018-19.pdf,Albuquerque Public Schools,20,Grades must be submitted by noon on the last day of the contract year.,Grades,management,management,must,False,passive,plain,obligation,obligation,True,1.0,other,True,
albuquerque_public_schools__atf_negotiated_agreement_2018_19__e7e5b93f,ATF-Negotiated-Agreement_2018-19.pdf,Albuquerque Public Schools,20,Teachers shall complete data entry for grades on the Student Information System (SIS) on the last reporting day for teachers unless they have made arrangements with the school administration to complete the data entry at a later date.,Teachers,worker,management,shall,False,active,plain,obligation,obligation,True,1.0,other,True,
albuquerque_public_schools__atf_negotiated_agreement_2018_19__e7e5b93f,ATF-Negotiated-Agreement_2018-19.pdf,Albuquerque Public Schools,20,High School teachers will have a minimum of twenty-four (24) hours between administering the senior final and the submission of senior grades.,High School teachers,worker,worker,will,False,active,plain,obligation,obligation,True,0.9,other,True,
albuquerque_public_schools__atf_negotiated_agreement_2018_19__e7e5b93f,ATF-Negotiated-Agreement_2018-19.pdf,Albuquerque Public Schools,20,If a high school teacher anticipates that any student is failing at semester he/she will be required to provide a list of all students who are at risk of failing a class one week prior to winter break so that the student(s) may be scheduled appropriately.,he/she,management,management,will,False,passive,obligation_verb,obligation,obligation,True,0.9,other,True,Subject 'he/she' refers to 'a high school teacher'.
albuquerque_public_schools__atf_negotiated_agreement_2018_19__e7e5b93f,ATF-Negotiated-Agreement_2018-19.pdf,Albuquerque Public Schools,22,"Article 6, A. 2. shall not be applicable to out-of-district experience earned prior to the 1981-82 school year.","Article 6, A. 2.",other,management,shall,True,active,plain,prohibition,prohibition,True,1.0,compensation,True,
albuquerque_public_schools__atf_negotiated_agreement_2018_19__e7e5b93f,ATF-Negotiated-Agreement_2018-19.pdf,Albuquerque Public Schools,22,Days or hours of experience in different school years may be totaled for experience.,Days or hours of experience in different school years,management,worker,may,False,passive,plain,permission,permission,True,0.3,compensation,True,
albuquerque_public_schools__atf_negotiated_agreement_2018_19__e7e5b93f,ATF-Negotiated-Agreement_2018-19.pdf,Albuquerque Public Schools,22,"In addition, credit on salary matrices A-3 and A-4 shall be given for additional certified employment experience within the District.",credit on salary matrices A-3 and A-4,management,worker,shall,False,passive,rights_passive,right,obligation,False,1.0,compensation,True,
albuquerque_public_schools__atf_negotiated_agreement_2018_19__e7e5b93f,ATF-Negotiated-Agreement_2018-19.pdf,Albuquerque Public Schools,22,Educational diagnosticians and licensed school psychologists shall be given all of their in-district experience in either job classification on each other’s salary matrix.,Educational diagnosticians and licensed school psychologists,management,worker,shall,False,passive,rights_passive,right,obligation,False,1.0,compensation,True,
albuquerque_public_schools__atf_negotiated_agreement_2018_19__e7e5b93f,ATF-Negotiated-Agreement_2018-19.pdf,Albuquerque Public Schools,22,Starting in the 2017-2018 school year credit on salary matrices A-3 and A-4 shall be given for all licensed employment experience within the District.,credit on salary matrices A-3 and A-4,management,worker,shall,False,passive,rights_passive,right,obligation,False,1.0,compensation,True,
albuquerque_public_schools__atf_negotiated_agreement_2018_19__e7e5b93f,ATF-Negotiated-Agreement_2018-19.pdf,Albuquerque Public Schools,22,"Effective July 1, 2006, licensed employees who change job classifications and salary matrices covered under the terms of the negotiated agreement shall be given credit for up to ten (10) years of in-district experience on the new salary matrix on which their pay is based.",licensed employees who change job classifications and salary matrices covered under the terms of the negotiated agreement,management,worker,shall,False,passive,rights_passive,right,obligation,False,1.0,compensation,True,
albuquerque_public_schools__atf_negotiated_agreement_2018_19__e7e5b93f,ATF-Negotiated-Agreement_2018-19.pdf,Albuquerque Public Schools,22,Hours of experience in different school years may not be totaled for experience.,Hours of experience in different school years,management,management,may,True,passive,plain,prohibition,prohibition,True,0.3,compensation,True,
albuquerque_public_schools__atf_negotiated_agreement_2018_19__e7e5b93f,ATF-Negotiated-Agreement_2018-19.pdf,Albuquerque Public Schools,22,Counselors shall be given credit on the teacher salary matrix for all in-district counseling experience.,Counselors,management,worker,shall,False,passive,rights_passive,right,obligation,False,1.0,compensation,True,
albuquerque_public_schools__atf_negotiated_agreement_2018_19__e7e5b93f,ATF-Negotiated-Agreement_2018-19.pdf,Albuquerque Public Schools,22,"Educational Diagnosticians, Transition Specialists, and School Psychologists shall receive credit for all in district experience and any out of district experience.","Educational Diagnosticians, Transition Specialists, and School Psychologists",worker,worker,shall,False,active,rights_active,right,right,True,1.0,compensation,True,
albuquerque_public_schools__atf_negotiated_agreement_2018_19__e7e5b93f,ATF-Negotiated-Agreement_2018-19.pdf,Albuquerque Public Schools,22,Teachers advancing to a different salary matrix because of a change in licensure level will carry all years of experience to the new matrix.,Teachers advancing to a different salary matrix because of a change in licensure level,worker,worker,will,False,active,plain,obligation,obligation,True,0.9,compensation,True,
albuquerque_public_schools__atf_negotiated_agreement_2018_19__e7e5b93f,ATF-Negotiated-Agreement_2018-19.pdf,Albuquerque Public Schools,22,Responsibility for verification of prior experience and for instigating appeals to the Department of Human Resources rests solely with the employee.,Responsibility for verification of prior experience and for instigating appeals to the Department of Human Resources,worker,management,,False,active,plain,other,obligation,False,0.0,compensation,True,
albuquerque_public_schools__atf_negotiated_agreement_2018_19__e7e5b93f,ATF-Negotiated-Agreement_2018-19.pdf,Albuquerque Public Schools,22,Part-time teacher salaries shall be determined on a pro rata basis on the appropriate step of the teacher salary matrix as if the teacher were employed full-time.,Part-time teacher salaries,management,worker,shall,False,passive,plain,obligation,obligation,True,1.0,compensation,True,
albuquerque_public_schools__atf_negotiated_agreement_2018_19__e7e5b93f,ATF-Negotiated-Agreement_2018-19.pdf,Albuquerque Public Schools,22,"The terms of employment shall include preparation time and other duties, on a pro rata basis, as are assigned full-time teachers.",The terms of employment,other,worker,shall,False,active,plain,obligation,obligation,True,1.0,workload,True,
albuquerque_public_schools__atf_negotiated_agreement_2018_19__e7e5b93f,ATF-Negotiated-Agreement_2018-19.pdf,Albuquerque Public Schools,22,Sick leave and other benefits shall accrue on a pro rata basis.,Sick leave and other benefits,other,worker,shall,False,active,plain,obligation,obligation,True,1.0,benefits,True,
albuquerque_public_schools__atf_negotiated_agreement_2018_19__e7e5b93f,ATF-Negotiated-Agreement_2018-19.pdf,Albuquerque Public Schools,22,A teacher who is contracted to teach during the negotiated preparation period or whose teaching duties otherwise result in an extension of the duty day as established in the Agreement shall be paid two-tenths (.2) of the individual teacher’s contractual salary for each class taught.,A teacher who is contracted to teach during the negotiated preparation period or whose teaching duties otherwise result in an extension of the duty day as established in the Agreement,management,worker,shall,False,passive,rights_passive,right,obligation,False,1.0,compensation,True,
albuquerque_public_schools__atf_negotiated_agreement_2018_19__e7e5b93f,ATF-Negotiated-Agreement_2018-19.pdf,Albuquerque Public Schools,22,"If a teacher is contracted to teach during the negotiated preparation period from the first day of classes of the school year, the two-tenths (.2) payment for each class taught shall include all the days that the teacher is contracted to work.",the two-tenths (.2) payment for each class taught,other,worker,shall,False,active,plain,obligation,obligation,True,1.0,compensation,True,
albuquerque_public_schools__atf_negotiated_agreement_2018_19__e7e5b93f,ATF-Negotiated-Agreement_2018-19.pdf,Albuquerque Public Schools,23,the two-tenths (.2) payment for each class taught shall include all the days that the teacher is contracted to work.,the two-tenths (.2) payment for each class taught,other,worker,shall,False,active,plain,obligation,obligation,True,1.0,compensation,True,
albuquerque_public_schools__atf_negotiated_agreement_2018_19__e7e5b93f,ATF-Negotiated-Agreement_2018-19.pdf,Albuquerque Public Schools,23,"Otherwise, compensation for the extra class(es) taught shall commence effective the first day the classes are taught.",compensation for the extra class(es) taught,other,worker,shall,False,active,plain,obligation,obligation,True,1.0,compensation,True,
albuquerque_public_schools__atf_negotiated_agreement_2018_19__e7e5b93f,ATF-Negotiated-Agreement_2018-19.pdf,Albuquerque Public Schools,23,School administrations shall establish and publish in the staff handbook the process and policies that will be followed when selecting teachers to teach during negotiated preparation periods.,School administrations,management,worker,shall,False,active,plain,obligation,obligation,True,1.0,workload,True,
albuquerque_public_schools__atf_negotiated_agreement_2018_19__e7e5b93f,ATF-Negotiated-Agreement_2018-19.pdf,Albuquerque Public Schools,23,"Such information shall include specifics regarding notification of the class(es) and class(es) period(s) to be taught, deadlines for the expression of interest in teaching the class(es) and the interviewing and/or alternative selection process to be used.",Such information,other,worker,shall,False,active,plain,obligation,obligation,True,1.0,workload,True,
albuquerque_public_schools__atf_negotiated_agreement_2018_19__e7e5b93f,ATF-Negotiated-Agreement_2018-19.pdf,Albuquerque Public Schools,23,"A teacher, who on an occasional basis, teaches during the negotiated preparation period or whose teaching duties otherwise result in an extension of the duty day as established in the Agreement shall be paid for the additional time at the rate of the individual teacher's hourly rate of pay.",A teacher,worker,worker,shall,False,passive,rights_passive,right,obligation,False,1.0,compensation,True,
albuquerque_public_schools__atf_negotiated_agreement_2018_19__e7e5b93f,ATF-Negotiated-Agreement_2018-19.pdf,Albuquerque Public Schools,23,Teachers shall receive one hour of pay for the first class taught beyond the duty day resulting in at least forty (40) minutes in duration.,Teachers,worker,worker,shall,False,active,rights_active,right,right,True,1.0,compensation,True,
albuquerque_public_schools__atf_negotiated_agreement_2018_19__e7e5b93f,ATF-Negotiated-Agreement_2018-19.pdf,Albuquerque Public Schools,23,"Thereafter, the hourly rate will be based on the actual minutes taught beyond the first hour.",the hourly rate,other,worker,will,False,active,plain,obligation,obligation,True,0.9,compensation,True,
albuquerque_public_schools__atf_negotiated_agreement_2018_19__e7e5b93f,ATF-Negotiated-Agreement_2018-19.pdf,Albuquerque Public Schools,23,"An elementary teacher, who on an occasional basis, teaches during the absence of scheduled physical education instruction, shall receive payment based on 15 minute increments at the teacher's hourly rate.",An elementary teacher,worker,worker,shall,False,active,rights_active,right,right,True,1.0,compensation,True,
albuquerque_public_schools__atf_negotiated_agreement_2018_19__e7e5b93f,ATF-Negotiated-Agreement_2018-19.pdf,Albuquerque Public Schools,23,"A teacher performing duties which result in an extension of the duty day with students, or working in a school-sanctioned before or after school program, shall be paid $22.00 per hour.","A teacher performing duties which result in an extension of the duty day with students, or working in a school-sanctioned before or after school program",worker,worker,shall,False,passive,rights_passive,right,obligation,False,1.0,compensation,True,
albuquerque_public_schools__atf_negotiated_agreement_2018_19__e7e5b93f,ATF-Negotiated-Agreement_2018-19.pdf,Albuquerque Public Schools,23,"Teacher, librarian and counselor positions for elementary, middle school, high school and ESY summer school will be paid at the individual employee’s hourly rate.","Teacher, librarian and counselor positions for elementary, middle school, high school and ESY summer school",worker,worker,will,False,passive,rights_passive,right,obligation,False,0.9,compensation,True,
albuquerque_public_schools__atf_negotiated_agreement_2018_19__e7e5b93f,ATF-Negotiated-Agreement_2018-19.pdf,Albuquerque Public Schools,23,Teacher positions for online classes will be paid $150.00 per student based on the enrollment at the close of registration on the second day of class.,Teacher positions for online classes,worker,worker,will,False,passive,rights_passive,right,obligation,False,0.9,compensation,True,
albuquerque_public_schools__atf_negotiated_agreement_2018_19__e7e5b93f,ATF-Negotiated-Agreement_2018-19.pdf,Albuquerque Public Schools,23,1.) Individual online teaching assignments will include no more than two sessions.,Individual online teaching assignments,other,worker,will,False,active,plain,obligation,prohibition,False,0.9,workload,True,
albuquerque_public_schools__atf_negotiated_agreement_2018_19__e7e5b93f,ATF-Negotiated-Agreement_2018-19.pdf,Albuquerque Public Schools,23,2.) The librarian and counselor positions for eCADEMY will be paid at the individual employee’s hourly rate.,The librarian and counselor positions for eCADEMY,worker,worker,will,False,passive,rights_passive,right,obligation,False,0.9,compensation,True,
albuquerque_public_schools__atf_negotiated_agreement_2018_19__e7e5b93f,ATF-Negotiated-Agreement_2018-19.pdf,Albuquerque Public Schools,23,h. Individual online teaching assignments will include no more than two sessions.,Individual online teaching assignments,other,worker,will,False,active,plain,obligation,prohibition,False,0.9,workload,True,
albuquerque_public_schools__atf_negotiated_agreement_2018_19__e7e5b93f,ATF-Negotiated-Agreement_2018-19.pdf,Albuquerque Public Schools,23,i. Teacher positions for online summer school classes will be paid $150.00 per student based on the enrollment at the close of registration on the second day of class.,Teacher positions for online summer school classes,worker,worker,will,False,passive,rights_passive,right,obligation,False,0.9,compensation,True,
albuquerque_public_schools__atf_negotiated_agreement_2018_19__e7e5b93f,ATF-Negotiated-Agreement_2018-19.pdf,Albuquerque Public Schools,23,2.) Good faith efforts will be made to keep the summer school class sizes at approximately 30 per teacher and leveled among teachers.,Good faith efforts,other,worker,will,False,passive,plain,obligation,obligation,True,0.9,class_size,True,
albuquerque_public_schools__atf_negotiated_agreement_2018_19__e7e5b93f,ATF-Negotiated-Agreement_2018-19.pdf,Albuquerque Public Schools,24,Individual online teaching assignments will include no more than two sessions.,Individual online teaching assignments,other,worker,will,False,active,plain,obligation,prohibition,False,0.9,workload,True,
albuquerque_public_schools__atf_negotiated_agreement_2018_19__e7e5b93f,ATF-Negotiated-Agreement_2018-19.pdf,Albuquerque Public Schools,24,Good faith efforts will be made to keep the summer school class sizes at approximately 30 per teacher and leveled among teachers.,Good faith efforts,other,worker,will,False,passive,plain,obligation,obligation,True,0.9,class_size,True,
albuquerque_public_schools__atf_negotiated_agreement_2018_19__e7e5b93f,ATF-Negotiated-Agreement_2018-19.pdf,Albuquerque Public Schools,24,The librarian and counselor positions for e-Cademy will be paid at the individual employee’s hourly rate.,The librarian and counselor positions for e-Cademy,other,worker,will,False,passive,rights_passive,right,obligation,False,0.9,compensation,True,
albuquerque_public_schools__atf_negotiated_agreement_2018_19__e7e5b93f,ATF-Negotiated-Agreement_2018-19.pdf,Albuquerque Public Schools,24,Employees who do not possess a Bachelor’s Degree will be compensated at ninety (90) percent of the appropriate column of salary matrix AT-1.,Employees,management,management,will,False,passive,rights_passive,right,obligation,False,0.9,compensation,True,
albuquerque_public_schools__atf_negotiated_agreement_2018_19__e7e5b93f,ATF-Negotiated-Agreement_2018-19.pdf,Albuquerque Public Schools,24,Experience for these employees shall be counted in the same manner as for teachers who are licensed.,Experience for these employees,other,worker,shall,False,passive,plain,obligation,obligation,True,1.0,compensation,True,
albuquerque_public_schools__atf_negotiated_agreement_2018_19__e7e5b93f,ATF-Negotiated-Agreement_2018-19.pdf,Albuquerque Public Schools,24,"The District shall continue to schedule preparation time and lunch periods for teachers and make every effort to continue to honor preparation time and lunch periods for ISP, BIP and Autism Specific Program teachers.",The District,management,worker,shall,False,active,plain,obligation,obligation,True,1.0,workload,True,
albuquerque_public_schools__atf_negotiated_agreement_2018_19__e7e5b93f,ATF-Negotiated-Agreement_2018-19.pdf,Albuquerque Public Schools,24,The additional .05 compensation shall be the only compensation provided for any and all lost preparation periods or lunches.,The additional .05 compensation,other,management,shall,False,active,plain,obligation,obligation,True,1.0,compensation,True,
albuquerque_public_schools__atf_negotiated_agreement_2018_19__e7e5b93f,ATF-Negotiated-Agreement_2018-19.pdf,Albuquerque Public Schools,24,teachers shall notify the principal in writing when the preparation time and/or lunch time is lost,teachers,worker,management,shall,False,active,plain,obligation,obligation,True,1.0,workload,True,
albuquerque_public_schools__atf_negotiated_agreement_2018_19__e7e5b93f,ATF-Negotiated-Agreement_2018-19.pdf,Albuquerque Public Schools,24,the parties agree to address each individual situation with the teachers and schools involved.,the parties,other,management,,False,active,plain,other,other,True,0.0,other,True,
albuquerque_public_schools__atf_negotiated_agreement_2018_19__e7e5b93f,ATF-Negotiated-Agreement_2018-19.pdf,Albuquerque Public Schools,24,it will be paid on time sheets.,it,other,worker,will,False,passive,rights_passive,right,obligation,False,0.9,compensation,True,
albuquerque_public_schools__atf_negotiated_agreement_2018_19__e7e5b93f,ATF-Negotiated-Agreement_2018-19.pdf,Albuquerque Public Schools,24,"Those who are actually contracted to teach during their preparation period shall be paid two-tenths (.2) of their contracted salary under Article 6, A.7.a. of the agreement",Those,management,worker,shall,False,passive,rights_passive,right,right,True,1.0,compensation,True,
albuquerque_public_schools__atf_negotiated_agreement_2018_19__e7e5b93f,ATF-Negotiated-Agreement_2018-19.pdf,Albuquerque Public Schools,24,but shall not receive an additional .05 compensation.,Those,worker,management,shall,True,active,plain,prohibition,prohibition,True,1.0,compensation,True,
albuquerque_public_schools__atf_negotiated_agreement_2018_19__e7e5b93f,ATF-Negotiated-Agreement_2018-19.pdf,Albuquerque Public Schools,24,"An educational diagnostician or school psychologist performing evaluations outside of the school work year shall be paid at the following rate: $700.00 per evaluation, $765.00 per bilingual evaluation and $35.00 per no show.",An educational diagnostician or school psychologist performing evaluations outside of the school work year,management,worker,shall,False,passive,rights_passive,right,right,True,1.0,compensation,True,
albuquerque_public_schools__atf_negotiated_agreement_2018_19__e7e5b93f,ATF-Negotiated-Agreement_2018-19.pdf,Albuquerque Public Schools,25,"A Speech Language Pathologist performing speech (with artic) only or language only evaluations will be paid $325.00 per evaluation, $425 per speech and language evaluation;",A Speech Language Pathologist performing speech (with artic) only or language only evaluations,management,worker,will,False,passive,rights_passive,right,right,True,0.9,compensation,True,
albuquerque_public_schools__atf_negotiated_agreement_2018_19__e7e5b93f,ATF-Negotiated-Agreement_2018-19.pdf,Albuquerque Public Schools,25,"Occupational Therapists, Physical Therapists and Audiologist performing evaluations outside of the school work year shall be paid 1.5 times the employee’s hourly rate per evaluation.","Occupational Therapists, Physical Therapists and Audiologist",management,worker,shall,False,passive,rights_passive,right,right,True,1.0,compensation,True,
albuquerque_public_schools__atf_negotiated_agreement_2018_19__e7e5b93f,ATF-Negotiated-Agreement_2018-19.pdf,Albuquerque Public Schools,25,Counselor(s) at the work site shall formally notify the director of counseling services and their immediate work site supervisor of the need for an additional licensed counselor to fulfill the primary responsibilities of a licensed counselor.,Counselor(s) at the work site,worker,management,shall,False,active,plain,obligation,obligation,True,1.0,workload,True,
albuquerque_public_schools__atf_negotiated_agreement_2018_19__e7e5b93f,ATF-Negotiated-Agreement_2018-19.pdf,Albuquerque Public Schools,25,the director of counseling services may either provide licensed counseling substitute coverage or divide the full-time equivalency needs by a minimum of one tenth of a full-time equivalency (.1 FTE) in the form of an extended contract.,the director of counseling services,management,management,may,False,active,plain,permission,permission,True,0.3,workload,True,
albuquerque_public_schools__atf_negotiated_agreement_2018_19__e7e5b93f,ATF-Negotiated-Agreement_2018-19.pdf,Albuquerque Public Schools,25,Counselors must remain on site for the extended time.,Counselors,worker,management,must,False,active,plain,obligation,obligation,True,1.0,workload,True,
albuquerque_public_schools__atf_negotiated_agreement_2018_19__e7e5b93f,ATF-Negotiated-Agreement_2018-19.pdf,Albuquerque Public Schools,25,the duties and compensation must be mutually agreed upon between the licensed counselor and director of counseling services,the duties and compensation,other,worker,must,False,passive,plain,obligation,obligation,True,1.0,compensation,True,
albuquerque_public_schools__atf_negotiated_agreement_2018_19__e7e5b93f,ATF-Negotiated-Agreement_2018-19.pdf,Albuquerque Public Schools,25,the counselor(s) at the work site shall notify their immediate supervisor and the director of counseling services of the emergency service(s) provided as soon as possible.,the counselor(s) at the work site,worker,management,shall,False,active,plain,obligation,obligation,True,1.0,other,True,
albuquerque_public_schools__atf_negotiated_agreement_2018_19__e7e5b93f,ATF-Negotiated-Agreement_2018-19.pdf,Albuquerque Public Schools,25,compensation shall be provided to the licensed school counselor providing the duties at their individual hourly rate of pay.,compensation,other,worker,shall,False,passive,rights_passive,right,obligation,False,1.0,compensation,True,
albuquerque_public_schools__atf_negotiated_agreement_2018_19__e7e5b93f,ATF-Negotiated-Agreement_2018-19.pdf,Albuquerque Public Schools,26,item numbers 1 through 3 shall be obliged respectively.,item numbers 1 through 3,other,management,shall,False,passive,obligation_verb,obligation,other,False,1.0,other,True,
albuquerque_public_schools__atf_negotiated_agreement_2018_19__e7e5b93f,ATF-Negotiated-Agreement_2018-19.pdf,Albuquerque Public Schools,26,Support and Related Services Personnel (S&RSP) employees currently on the APS CPS in any of the below role groups who are qualified and interested in moving to the New Mexico teacher 3-Tiered Licensure System may do so without reduction in current compensation level.,Support and Related Services Personnel (S&RSP) employees,worker,worker,may,False,active,permission_verb,permission,permission,True,0.3,compensation,True,
albuquerque_public_schools__atf_negotiated_agreement_2018_19__e7e5b93f,ATF-Negotiated-Agreement_2018-19.pdf,Albuquerque Public Schools,26,S&RSP employees new to teaching will be responsible for all the terms and conditions of Level 1 in the New Mexico 3-Tiered Licensure system.,S&RSP employees new to teaching,worker,management,will,False,active,obligation_verb,obligation,obligation,True,0.9,other,True,
albuquerque_public_schools__atf_negotiated_agreement_2018_19__e7e5b93f,ATF-Negotiated-Agreement_2018-19.pdf,Albuquerque Public Schools,26,Teachers who are qualified and interested in moving to the Career Pathway System in any of the roles listed below may do so without reduction in current compensation level.,Teachers,worker,worker,may,False,active,permission_verb,permission,permission,True,0.3,compensation,True,
albuquerque_public_schools__atf_negotiated_agreement_2018_19__e7e5b93f,ATF-Negotiated-Agreement_2018-19.pdf,Albuquerque Public Schools,26,a teacher new to an S&RSP role group will be responsible for all the terms and conditions of Level 1 on the Career Pathway System.,a teacher new to an S&RSP role group,worker,management,will,False,active,obligation_verb,obligation,obligation,True,0.9,other,True,
albuquerque_public_schools__atf_negotiated_agreement_2018_19__e7e5b93f,ATF-Negotiated-Agreement_2018-19.pdf,Albuquerque Public Schools,26,APS employees who moved to a new role group in previous years and who experienced a reduction in compensation may self-report to act@atfunion.org with “Self Reporting” in the topic line for a one-time correction in pay.,APS employees,worker,worker,may,False,active,permission_verb,permission,permission,True,0.3,compensation,True,
albuquerque_public_schools__atf_negotiated_agreement_2018_19__e7e5b93f,ATF-Negotiated-Agreement_2018-19.pdf,Albuquerque Public Schools,26,The employee who self-reports will be responsible f,The employee who self-reports,worker,management,will,False,active,obligation_verb,obligation,obligation,True,0.9,other,True,Truncated at end of chunk
albuquerque_public_schools__atf_negotiated_agreement_2018_19__e7e5b93f,ATF-Negotiated-Agreement_2018-19.pdf,Albuquerque Public Schools,27,The employee who self-reports will be responsible for presenting all relevant documents necessary for proof of prior experience and past compensation level.,The employee who self-reports,worker,management,will,False,active,obligation_verb,obligation,obligation,True,0.9,other,True,
albuquerque_public_schools__atf_negotiated_agreement_2018_19__e7e5b93f,ATF-Negotiated-Agreement_2018-19.pdf,Albuquerque Public Schools,27,"A list of required documents will be created by APS and disseminated by ATF no later than August 6, 2018.",A list of required documents,management,worker,will,False,passive,plain,obligation,obligation,True,0.9,other,True,Compound predicate joined by 'and'; explicit 'by ATF' indicates worker actor for the second verb.
albuquerque_public_schools__atf_negotiated_agreement_2018_19__e7e5b93f,ATF-Negotiated-Agreement_2018-19.pdf,Albuquerque Public Schools,27,"The opportunity to self-report for current APS employees will be limited to one (1) calendar years starting August 6, 2018 and ending August 5, 2019.",The opportunity to self-report for current APS employees,other,management,will,False,active,plain,obligation,obligation,True,0.9,other,True,Inanimate subject performing the action of limiting; implicit actor is management but subject is the opportunity itself.
albuquerque_public_schools__atf_negotiated_agreement_2018_19__e7e5b93f,ATF-Negotiated-Agreement_2018-19.pdf,Albuquerque Public Schools,27,"Teachers who have not been engaged in teaching on a full-time basis, upon returning to the District, will be restored to the next position on the salary matrix above that which they left, except as provided herein.",Teachers who have not been engaged in teaching on a full-time basis,management,worker,will,False,passive,rights_passive,right,right,True,0.9,compensation,True,Negation 'have not been' is confined to a relative clause modifying the subject; operative verb 'will be restored' is affirmative.
albuquerque_public_schools__atf_negotiated_agreement_2018_19__e7e5b93f,ATF-Negotiated-Agreement_2018-19.pdf,Albuquerque Public Schools,27,All teachers working an entire school year will be paid in twenty-six (26) equal installments on a bi-weekly basis.,All teachers working an entire school year,management,worker,will,False,passive,rights_passive,right,obligation,False,0.9,compensation,True,
albuquerque_public_schools__atf_negotiated_agreement_2018_19__e7e5b93f,ATF-Negotiated-Agreement_2018-19.pdf,Albuquerque Public Schools,27,"If a pay date falls on a holiday or vacation day, all pay will be automatically deposited on the regularly scheduled pay date.",all pay,management,worker,will,False,passive,plain,obligation,obligation,True,0.9,compensation,True,Implicit agent is management/district administration processing payroll.
albuquerque_public_schools__atf_negotiated_agreement_2018_19__e7e5b93f,ATF-Negotiated-Agreement_2018-19.pdf,Albuquerque Public Schools,27,"If the regularly scheduled pay date falls on a federal holiday during which financial institutions are closed, all pay will be deposited the day before said closure.",all pay,management,worker,will,False,passive,plain,obligation,obligation,True,0.9,compensation,True,Implicit agent is management/district administration.
albuquerque_public_schools__atf_negotiated_agreement_2018_19__e7e5b93f,ATF-Negotiated-Agreement_2018-19.pdf,Albuquerque Public Schools,27,All teachers working less than an entire school year shall be paid according to the above procedure except that there will be fewer installments.,All teachers working less than an entire school year,management,worker,shall,False,passive,rights_passive,right,right,True,1.0,compensation,True,
albuquerque_public_schools__atf_negotiated_agreement_2018_19__e7e5b93f,ATF-Negotiated-Agreement_2018-19.pdf,Albuquerque Public Schools,27,Adjustments may be made for the amount of the first and final installment(s).,Adjustments,management,management,may,False,passive,plain,permission,permission,True,0.3,compensation,True,Implicit agent is management/district administration.
albuquerque_public_schools__atf_negotiated_agreement_2018_19__e7e5b93f,ATF-Negotiated-Agreement_2018-19.pdf,Albuquerque Public Schools,27,"If employment with the District is terminated and payment has exceeded the limit of the teacher's reserve, the District retains the right to recover funds for work that was not performed.",the District,management,management,,False,active,plain,other,right,False,0.0,compensation,True,Negative 'was not performed' is confined to a relative clause; operative verb 'retains' is affirmative.
albuquerque_public_schools__atf_negotiated_agreement_2018_19__e7e5b93f,ATF-Negotiated-Agreement_2018-19.pdf,Albuquerque Public Schools,27,"If a teacher works less than a full year, the teacher will be paid that portion of a total annual compensation for which the teacher is qualified as the service rendered bears to the total services required in equal installments based on the number of pay periods remaining in the school year.",the teacher,management,worker,will,False,passive,rights_passive,right,right,True,0.9,compensation,True,
albuquerque_public_schools__atf_negotiated_agreement_2018_19__e7e5b93f,ATF-Negotiated-Agreement_2018-19.pdf,Albuquerque Public Schools,27,Teachers who may be required to use their own automobiles in the performance of their duties and teachers who are assigned to more than one (1) school per day will be reimbursed at the IRS rate per mile.,Teachers who may be required to use their own automobiles in the performance of their duties and teachers who are assigned to more than one (1) school per day,management,worker,will,False,passive,rights_passive,right,right,True,0.9,compensation,True,Compound subject joined by 'and'; operative verb applies to both.
albuquerque_public_schools__atf_negotiated_agreement_2018_19__e7e5b93f,ATF-Negotiated-Agreement_2018-19.pdf,Albuquerque Public Schools,27,"Teachers may claim eligibility for salary increments, National Board Certification and bilingual and ESL endorsements by submitting a letter on or before September 15 followed by an official t",Teachers,worker,worker,may,False,active,plain,permission,permission,True,0.3,compensation,True,Truncated at end of chunk.
albuquerque_public_schools__atf_negotiated_agreement_2018_19__e7e5b93f,ATF-Negotiated-Agreement_2018-19.pdf,Albuquerque Public Schools,28,teachers who are assigned to more than one (1) school per day will be reimbursed at the IRS rate per mile.,teachers who are assigned to more than one (1) school per day,management,worker,will,False,passive,rights_passive,right,right,True,0.9,compensation,True,
albuquerque_public_schools__atf_negotiated_agreement_2018_19__e7e5b93f,ATF-Negotiated-Agreement_2018-19.pdf,Albuquerque Public Schools,28,"Teachers may claim eligibility for salary increments, National Board Certification and bilingual and ESL endorsements by submitting a letter on or before September 15 followed by an official transcript as soon as possible to the Department of Human Resources as provided below.",Teachers,worker,worker,may,False,active,permission_verb,permission,permission,True,0.3,compensation,True,
albuquerque_public_schools__atf_negotiated_agreement_2018_19__e7e5b93f,ATF-Negotiated-Agreement_2018-19.pdf,Albuquerque Public Schools,28,The official transcript must be received by the Department of Human Resources during the school year for which the increment or differential is sought in order to receive an increment or differential for that year.,The official transcript,management,management,must,False,passive,plain,obligation,obligation,True,1.0,compensation,True,
albuquerque_public_schools__atf_negotiated_agreement_2018_19__e7e5b93f,ATF-Negotiated-Agreement_2018-19.pdf,Albuquerque Public Schools,28,All degrees and course work must be taken in regionally accredited universities or colleges.,All degrees and course work,worker,management,must,False,passive,plain,obligation,obligation,True,1.0,compensation,True,
albuquerque_public_schools__atf_negotiated_agreement_2018_19__e7e5b93f,ATF-Negotiated-Agreement_2018-19.pdf,Albuquerque Public Schools,28,Exceptions for accepting course work taken prior to the completion of a degree may be granted provided the teacher has an officer of the registrar's office verify the number of hours of college credit counted as a requirement for the degree.,Exceptions for accepting course work taken prior to the completion of a degree,management,management,may,False,passive,plain,permission,permission,True,0.3,compensation,True,
albuquerque_public_schools__atf_negotiated_agreement_2018_19__e7e5b93f,ATF-Negotiated-Agreement_2018-19.pdf,Albuquerque Public Schools,28,The District will verify that number of hours with regard to the University of New Mexico for Bachelor Degrees only.,The District,management,management,will,False,active,plain,obligation,obligation,True,0.9,compensation,True,
albuquerque_public_schools__atf_negotiated_agreement_2018_19__e7e5b93f,ATF-Negotiated-Agreement_2018-19.pdf,Albuquerque Public Schools,28,"Upon a transcript review, all hours earned for the second Masters degree, that do not overlap with the first Masters degree, will be accepted as MA+ additional semester hours.","all hours earned for the second Masters degree, that do not overlap with the first Masters degree",management,worker,will,False,passive,plain,obligation,obligation,True,0.9,compensation,True,
albuquerque_public_schools__atf_negotiated_agreement_2018_19__e7e5b93f,ATF-Negotiated-Agreement_2018-19.pdf,Albuquerque Public Schools,28,Newly hired employees will be placed at the appropriate level which reflects the credentials that they presented at the time of hire.,Newly hired employees,management,worker,will,False,passive,plain,obligation,obligation,True,0.9,compensation,True,
albuquerque_public_schools__atf_negotiated_agreement_2018_19__e7e5b93f,ATF-Negotiated-Agreement_2018-19.pdf,Albuquerque Public Schools,28,Their level placement will change only if the employee provides additional credentials which will qualify them for additional compensation at a higher level within three months from their date of hire.,Their level placement,other,management,will,False,active,plain,obligation,prohibition,False,0.9,compensation,True,
albuquerque_public_schools__atf_negotiated_agreement_2018_19__e7e5b93f,ATF-Negotiated-Agreement_2018-19.pdf,Albuquerque Public Schools,28,The new step and/or level will be paid retroactively to the start of the school year.,The new step and/or level,management,worker,will,False,passive,rights_passive,right,right,True,0.9,compensation,True,
albuquerque_public_schools__atf_negotiated_agreement_2018_19__e7e5b93f,ATF-Negotiated-Agreement_2018-19.pdf,Albuquerque Public Schools,28,the employee must submit a copy of the new license to the Department of Human Resources on or before October 15 of the school year for which the employee seeks compensation in accordance with the state’s 3-Tiered Licensure System.,the employee,worker,management,must,False,active,obligation_verb,obligation,obligation,True,1.0,compensation,True,
albuquerque_public_schools__atf_negotiated_agreement_2018_19__e7e5b93f,ATF-Negotiated-Agreement_2018-19.pdf,Albuquerque Public Schools,29,all full-time employees hired on or before July 1 who use five (5) or fewer sick leave days from July 1 to June 30 will be awarded one (1) additional personal leave day.,all full-time employees hired on or before July 1 who use five (5) or fewer sick leave days from July 1 to June 30,worker,worker,will,False,passive,rights_passive,right,right,True,0.9,leave,True,
albuquerque_public_schools__atf_negotiated_agreement_2018_19__e7e5b93f,ATF-Negotiated-Agreement_2018-19.pdf,Albuquerque Public Schools,29,Personal leave may be used and accumulated as noted in Article 18.H.1.,Personal leave,other,worker,may,False,passive,permission_verb,permission,permission,True,0.3,leave,True,
albuquerque_public_schools__atf_negotiated_agreement_2018_19__e7e5b93f,ATF-Negotiated-Agreement_2018-19.pdf,Albuquerque Public Schools,29,and may not accrue beyond five (5) days.,Personal leave,other,management,may,True,active,prohibition_verb,permission,prohibition,False,0.3,leave,True,
albuquerque_public_schools__atf_negotiated_agreement_2018_19__e7e5b93f,ATF-Negotiated-Agreement_2018-19.pdf,Albuquerque Public Schools,29,"Teachers may authorize a payroll deduction for Federation dues, Sick Leave Bank, COPE (ATF Committee on Political Education) Insurance, United States Savings Bonds, tax-deferred annuities, contributions to the United Way and payments to Nusenda.",Teachers,worker,worker,may,False,active,permission_verb,permission,permission,True,0.3,benefits,True,
albuquerque_public_schools__atf_negotiated_agreement_2018_19__e7e5b93f,ATF-Negotiated-Agreement_2018-19.pdf,Albuquerque Public Schools,29,Payroll deductions will be itemized.,Payroll deductions,other,worker,will,False,passive,plain,obligation,obligation,True,0.9,benefits,True,
albuquerque_public_schools__atf_negotiated_agreement_2018_19__e7e5b93f,ATF-Negotiated-Agreement_2018-19.pdf,Albuquerque Public Schools,29,Deductions provided for under this article shall cease should a teacher terminate employment during the school year.,Deductions provided for under this article,other,worker,shall,False,active,plain,obligation,obligation,True,1.0,benefits,True,
albuquerque_public_schools__atf_negotiated_agreement_2018_19__e7e5b93f,ATF-Negotiated-Agreement_2018-19.pdf,Albuquerque Public Schools,29,"In the event the parties agree a pay differential is appropriate or desirable and is not a part of this Agreement, the parties agree to negotiate an agreement to compensate such teachers.",the parties,other,management,,False,active,plain,other,other,True,0.0,compensation,True,
albuquerque_public_schools__atf_negotiated_agreement_2018_19__e7e5b93f,ATF-Negotiated-Agreement_2018-19.pdf,Albuquerque Public Schools,29,Any teacher receiving a contract that exceeds the required one hundred eighty-four (184) days of service shall receive a pay differential prorated at one one-hundred eighty-fourth (1/184) of the teacher's contracted salary for each extra day of service needed.,Any teacher receiving a contract that exceeds the required one hundred eighty-four (184) days of service,worker,worker,shall,False,active,rights_active,right,right,True,1.0,compensation,True,
albuquerque_public_schools__atf_negotiated_agreement_2018_19__e7e5b93f,ATF-Negotiated-Agreement_2018-19.pdf,Albuquerque Public Schools,29,Any teacher required to work on an extended calendar shall receive an extended contract.,Any teacher required to work on an extended calendar,worker,worker,shall,False,active,rights_active,right,right,True,1.0,compensation,True,
albuquerque_public_schools__atf_negotiated_agreement_2018_19__e7e5b93f,ATF-Negotiated-Agreement_2018-19.pdf,Albuquerque Public Schools,29,JROTC Instructors shall have an extended contract and salary as provided in federal regulations.,JROTC Instructors,worker,worker,shall,False,active,rights_active,right,right,True,1.0,compensation,True,
albuquerque_public_schools__atf_negotiated_agreement_2018_19__e7e5b93f,ATF-Negotiated-Agreement_2018-19.pdf,Albuquerque Public Schools,29,JROTC Instructor salaries shall not be reduced during the school year as a result of an increase in military retirement benefits.,JROTC Instructor salaries,other,worker,shall,True,passive,prohibition_verb,permission,prohibition,False,1.0,compensation,True,
albuquerque_public_schools__atf_negotiated_agreement_2018_19__e7e5b93f,ATF-Negotiated-Agreement_2018-19.pdf,Albuquerque Public Schools,29,"Effective July 1, 2005, the District’s share of the JROTC Instructor annual salary shall be increased by $4,000.00.",the District’s share of the JROTC Instructor annual salary,other,worker,shall,False,passive,plain,obligation,obligation,True,1.0,compensation,True,
albuquerque_public_schools__atf_negotiated_agreement_2018_19__e7e5b93f,ATF-Negotiated-Agreement_2018-19.pdf,Albuquerque Public Schools,29,"The new total District portion above the minimum shall be $6,200.00.",The new total District portion above the minimum,other,worker,shall,False,active,plain,obligation,obligation,True,1.0,compensation,True,
albuquerque_public_schools__atf_negotiated_agreement_2018_19__e7e5b93f,ATF-Negotiated-Agreement_2018-19.pdf,Albuquerque Public Schools,29,Annual percentage increases to the District portion of the minimum JROTC Instructor pay are no longer applicable.,Annual percentage increases to the District portion of the minimum JROTC Instructor pay,other,management,,False,active,plain,other,other,True,0.0,compensation,True,
albuquerque_public_schools__atf_negotiated_agreement_2018_19__e7e5b93f,ATF-Negotiated-Agreement_2018-19.pdf,Albuquerque Public Schools,30,"Vocational teachers shall receive an extended contract based upon performance of the following duties, or combination thereof, as approved and verified by the Director of Vocational Education.",Vocational teachers,worker,worker,shall,False,active,rights_active,right,right,True,1.0,compensation,True,
albuquerque_public_schools__atf_negotiated_agreement_2018_19__e7e5b93f,ATF-Negotiated-Agreement_2018-19.pdf,Albuquerque Public Schools,30,Sick time will be documented by the teacher.,Sick time,worker,management,will,False,passive,plain,obligation,obligation,True,0.9,leave,True,
albuquerque_public_schools__atf_negotiated_agreement_2018_19__e7e5b93f,ATF-Negotiated-Agreement_2018-19.pdf,Albuquerque Public Schools,30,"An employee who goes on an extended paid Leave of Absence beyond a consecutive 10 day period, who has been receiving compensation for working an extended contract shall continue to receive that additional compensation provided the work of the extended contract is being covered or performed by the assigned substitute and that it does not result in an additional expense for the school.","An employee who goes on an extended paid Leave of Absence beyond a consecutive 10 day period, who has been receiving compensation for working an extended contract",worker,worker,shall,False,active,rights_active,right,right,True,1.0,compensation,True,Contains conditional clauses regarding substitute coverage and school expense.
albuquerque_public_schools__atf_negotiated_agreement_2018_19__e7e5b93f,ATF-Negotiated-Agreement_2018-19.pdf,Albuquerque Public Schools,30,the employee on extended leave will cease to receive additional compensation for any time beyond the initial 10 days of absence for the duration of the extended leave.,the employee on extended leave,worker,management,will,False,active,plain,obligation,prohibition,False,0.9,compensation,True,Extracted from main clause following conditional 'If said employee...'
albuquerque_public_schools__atf_negotiated_agreement_2018_19__e7e5b93f,ATF-Negotiated-Agreement_2018-19.pdf,Albuquerque Public Schools,30,The employee shall be entitled to restoration of the differential or extended compensation upon return to active duty status provided s/he resumes the duties for which s/he is being compensated.,The employee,worker,worker,shall,False,active,rights_passive,right,right,True,1.0,compensation,True,Contains conditional clause 'provided s/he resumes...'
albuquerque_public_schools__atf_negotiated_agreement_2018_19__e7e5b93f,ATF-Negotiated-Agreement_2018-19.pdf,Albuquerque Public Schools,30,Teachers who possess a current Bilingual and/or ESL endorsement shall receive a differential of $500 effective the beginning of the school year.,Teachers who possess a current Bilingual and/or ESL endorsement,worker,worker,shall,False,active,rights_active,right,right,True,1.0,compensation,True,
albuquerque_public_schools__atf_negotiated_agreement_2018_19__e7e5b93f,ATF-Negotiated-Agreement_2018-19.pdf,Albuquerque Public Schools,30,teachers who provide Bilingual and/or ESL services at the school shall receive a differential according the compensation ladder based on endorsements and utilization.,teachers who provide Bilingual and/or ESL services at the school,worker,worker,shall,False,active,rights_active,right,right,True,1.0,compensation,True,
albuquerque_public_schools__atf_negotiated_agreement_2018_19__e7e5b93f,ATF-Negotiated-Agreement_2018-19.pdf,Albuquerque Public Schools,31,Instructional coaches and resource teachers are eligible to receive these differentials if the staffing need exists and they are providing services to a documented caseload of students.,Instructional coaches and resource teachers,worker,worker,need,False,active,plain,obligation,other,False,0.7,compensation,True,
albuquerque_public_schools__atf_negotiated_agreement_2018_19__e7e5b93f,ATF-Negotiated-Agreement_2018-19.pdf,Albuquerque Public Schools,31,SLPs who currently hold a Bilingual or TESOL credential are also eligible.,SLPs who currently hold a Bilingual or TESOL credential,worker,worker,,False,active,plain,other,other,True,0.0,compensation,True,
albuquerque_public_schools__atf_negotiated_agreement_2018_19__e7e5b93f,ATF-Negotiated-Agreement_2018-19.pdf,Albuquerque Public Schools,31,"Instructional coaches, librarians and resource teachers who hold TESOL and/or Bilingual endorsements and provide professional support at schools are eligible for a $1,000.00 differential (beyond the initial $500.00 for holding the endorsement).","Instructional coaches, librarians and resource teachers who hold TESOL and/or Bilingual endorsements and provide professional support at schools",worker,worker,,False,active,plain,other,other,True,0.0,compensation,True,
albuquerque_public_schools__atf_negotiated_agreement_2018_19__e7e5b93f,ATF-Negotiated-Agreement_2018-19.pdf,Albuquerque Public Schools,31,The professional support must be documented by a supervisor (principal or department head).,The professional support,management,worker,must,False,passive,plain,obligation,obligation,True,1.0,compensation,True,
albuquerque_public_schools__atf_negotiated_agreement_2018_19__e7e5b93f,ATF-Negotiated-Agreement_2018-19.pdf,Albuquerque Public Schools,31,The form to document the support will be provided.,The form to document the support,management,worker,will,False,passive,rights_passive,right,obligation,False,0.9,compensation,True,
albuquerque_public_schools__atf_negotiated_agreement_2018_19__e7e5b93f,ATF-Negotiated-Agreement_2018-19.pdf,Albuquerque Public Schools,31,The number of differentials authorized for providing services at the school shall be determined by the total English Language Learner (ELL) population of the school and by the Alternative Language Service (ALS) program need as reported by the principal using the following criteria:,The number of differentials authorized for providing services at the school,management,management,shall,False,passive,plain,obligation,obligation,True,1.0,compensation,True,
albuquerque_public_schools__atf_negotiated_agreement_2018_19__e7e5b93f,ATF-Negotiated-Agreement_2018-19.pdf,Albuquerque Public Schools,31,Teachers must possess a current endorsement,Teachers,worker,management,must,False,active,plain,obligation,obligation,True,1.0,compensation,True,
albuquerque_public_schools__atf_negotiated_agreement_2018_19__e7e5b93f,ATF-Negotiated-Agreement_2018-19.pdf,Albuquerque Public Schools,31,teachers on waiver do not qualify for the differential,teachers on waiver,worker,management,,True,active,plain,prohibition,prohibition,True,0.0,compensation,True,
albuquerque_public_schools__atf_negotiated_agreement_2018_19__e7e5b93f,ATF-Negotiated-Agreement_2018-19.pdf,Albuquerque Public Schools,31,"Teachers must provide services in a District designated Bilingual and/or ESL program, including pre-kindergarten programs.",Teachers,worker,management,must,False,active,plain,obligation,obligation,True,1.0,compensation,True,
albuquerque_public_schools__atf_negotiated_agreement_2018_19__e7e5b93f,ATF-Negotiated-Agreement_2018-19.pdf,Albuquerque Public Schools,31,Teachers wishing to be considered for a differential must have their current endorsement on file with the Department of Human Resources and the school within twenty (20) workdays of providing services.,Teachers wishing to be considered for a differential,worker,management,must,False,active,plain,obligation,obligation,True,1.0,compensation,True,
albuquerque_public_schools__atf_negotiated_agreement_2018_19__e7e5b93f,ATF-Negotiated-Agreement_2018-19.pdf,Albuquerque Public Schools,32,"To be eligible for the entire differential payment, all endorsements must be approved by the Public Education Department by no later than September 15th.",all endorsements,management,management,must,False,passive,plain,obligation,obligation,True,1.0,compensation,True,
albuquerque_public_schools__atf_negotiated_agreement_2018_19__e7e5b93f,ATF-Negotiated-Agreement_2018-19.pdf,Albuquerque Public Schools,32,"If applicable, employees must be providing services under the provisions of the district ALS Plan by that date to receive full payment.",employees,worker,management,must,False,active,obligation_verb,obligation,obligation,True,1.0,compensation,True,
albuquerque_public_schools__atf_negotiated_agreement_2018_19__e7e5b93f,ATF-Negotiated-Agreement_2018-19.pdf,Albuquerque Public Schools,32,Endorsements issued and/or the commencement of the provision of services after that date will be compensated on a prorated basis.,Endorsements issued and/or the commencement of the provision of services after that date,management,management,will,False,passive,rights_passive,right,obligation,False,0.9,compensation,True,
albuquerque_public_schools__atf_negotiated_agreement_2018_19__e7e5b93f,ATF-Negotiated-Agreement_2018-19.pdf,Albuquerque Public Schools,32,Employees with an ESL/Bilingual endorsement receive differential pay when they are providing ESL and/or Bilingual Services to eligible students.,Employees with an ESL/Bilingual endorsement,worker,worker,,False,active,rights_active,right,right,True,0.85,compensation,True,
albuquerque_public_schools__atf_negotiated_agreement_2018_19__e7e5b93f,ATF-Negotiated-Agreement_2018-19.pdf,Albuquerque Public Schools,32,the principal will notify Human Resources of the date that the services stopped so that the payment for the services ceases.,the principal,management,management,will,False,active,plain,obligation,obligation,True,0.9,compensation,True,
albuquerque_public_schools__atf_negotiated_agreement_2018_19__e7e5b93f,ATF-Negotiated-Agreement_2018-19.pdf,Albuquerque Public Schools,32,Payment for services will resume once the principal notifies Human Resources that the teacher has an eligible caseload.,Payment for services,other,worker,will,False,active,plain,obligation,obligation,True,0.9,compensation,True,
albuquerque_public_schools__atf_negotiated_agreement_2018_19__e7e5b93f,ATF-Negotiated-Agreement_2018-19.pdf,Albuquerque Public Schools,32,The credential is paid based on the highest certificate held.,The credential,management,management,,False,passive,rights_passive,right,other,False,0.85,compensation,True,
albuquerque_public_schools__atf_negotiated_agreement_2018_19__e7e5b93f,ATF-Negotiated-Agreement_2018-19.pdf,Albuquerque Public Schools,33,Teachers who are certified by the National Board for Professional Teaching Standards shall receive a differential.,Teachers who are certified by the National Board for Professional Teaching Standards,worker,worker,shall,False,active,rights_active,right,right,True,1.0,compensation,True,
albuquerque_public_schools__atf_negotiated_agreement_2018_19__e7e5b93f,ATF-Negotiated-Agreement_2018-19.pdf,Albuquerque Public Schools,33,"Should the state discontinue funding this differential, Board certified teachers shall receive a differential of $2,000 as long as the certificate is held.",Board certified teachers,worker,worker,shall,False,active,rights_active,right,right,True,1.0,compensation,True,
albuquerque_public_schools__atf_negotiated_agreement_2018_19__e7e5b93f,ATF-Negotiated-Agreement_2018-19.pdf,Albuquerque Public Schools,33,Employees who present their National Board Certified Teacher credential shall be paid their differential retroactively back to the start of the school year in which they earned this credential.,Employees who present their National Board Certified Teacher credential,management,worker,shall,False,passive,rights_passive,right,right,True,1.0,compensation,True,
albuquerque_public_schools__atf_negotiated_agreement_2018_19__e7e5b93f,ATF-Negotiated-Agreement_2018-19.pdf,Albuquerque Public Schools,33,Department Chairs in comprehensive high schools and all APS schools of choice shall receive a differential according to the following:,Department Chairs in comprehensive high schools and all APS schools of choice,worker,worker,shall,False,active,rights_active,right,right,True,1.0,compensation,True,
albuquerque_public_schools__atf_negotiated_agreement_2018_19__e7e5b93f,ATF-Negotiated-Agreement_2018-19.pdf,Albuquerque Public Schools,34,Each middle School will receive five (5) differentials.,Each middle School,management,worker,will,False,active,rights_active,right,obligation,False,0.9,compensation,True,
albuquerque_public_schools__atf_negotiated_agreement_2018_19__e7e5b93f,ATF-Negotiated-Agreement_2018-19.pdf,Albuquerque Public Schools,34,"Each person so designated shall receive a differential of $1,629.",Each person so designated,worker,worker,shall,False,active,rights_active,right,right,True,1.0,compensation,True,
albuquerque_public_schools__atf_negotiated_agreement_2018_19__e7e5b93f,ATF-Negotiated-Agreement_2018-19.pdf,Albuquerque Public Schools,34,"It is the Instructional Council’s responsibility to decide in collaboration with the whole staff whether or not to have Department Chairs, Team Leaders or both.",It,management,worker,,False,active,plain,other,other,True,0.0,other,True,Formal subject 'It'; operative actor is Instructional Council.
albuquerque_public_schools__atf_negotiated_agreement_2018_19__e7e5b93f,ATF-Negotiated-Agreement_2018-19.pdf,Albuquerque Public Schools,34,"Elected High School Department Heads, and Middle School Department Heads must have a minimum of a Level II license.","Elected High School Department Heads, and Middle School Department Heads",worker,management,must,False,active,plain,obligation,obligation,True,1.0,other,True,
albuquerque_public_schools__atf_negotiated_agreement_2018_19__e7e5b93f,ATF-Negotiated-Agreement_2018-19.pdf,Albuquerque Public Schools,34,"In order to elect a teacher leader with a Level 1 license, the department/school must follow the contract waiver procedure described in APPENDIX L (pg. 106) of the negotiated agreement.",the department/school,management,management,must,False,active,plain,obligation,obligation,True,1.0,other,True,
albuquerque_public_schools__atf_negotiated_agreement_2018_19__e7e5b93f,ATF-Negotiated-Agreement_2018-19.pdf,Albuquerque Public Schools,34,"Election/Selection procedures for choosing Department Heads, including a procedure for resolving tie votes, will be agreed upon by the constituents before elections take place.","Election/Selection procedures for choosing Department Heads, including a procedure for resolving tie votes",worker,worker,will,False,passive,plain,obligation,obligation,True,0.9,other,True,Passive voice; explicit agent 'by the constituents' identifies actor as worker.
albuquerque_public_schools__atf_negotiated_agreement_2018_19__e7e5b93f,ATF-Negotiated-Agreement_2018-19.pdf,Albuquerque Public Schools,34,Teacher Leaders shall serve for a period of two (2) years.,Teacher Leaders,worker,management,shall,False,active,plain,obligation,obligation,True,1.0,job_security,True,
albuquerque_public_schools__atf_negotiated_agreement_2018_19__e7e5b93f,ATF-Negotiated-Agreement_2018-19.pdf,Albuquerque Public Schools,34,"If the position becomes vacant during the two-year term, a replacement shall be named for the remainder of the term according to the election/selection procedure described above.",a replacement,management,management,shall,False,passive,plain,obligation,obligation,True,1.0,other,True,Passive voice; implicit agent is management/district administration.
albuquerque_public_schools__atf_negotiated_agreement_2018_19__e7e5b93f,ATF-Negotiated-Agreement_2018-19.pdf,Albuquerque Public Schools,34,Academy Leaders facilitate the following efforts for the teaching teams within their academies:,Academy Leaders,worker,management,,False,active,plain,other,other,True,0.0,workload,True,
albuquerque_public_schools__atf_negotiated_agreement_2018_19__e7e5b93f,ATF-Negotiated-Agreement_2018-19.pdf,Albuquerque Public Schools,35,"Schools are free to supplement the $3,520 available from the school’s discretionary funds.",Schools,management,worker,,False,active,permission_verb,permission,permission,True,0.85,compensation,True,
albuquerque_public_schools__atf_negotiated_agreement_2018_19__e7e5b93f,ATF-Negotiated-Agreement_2018-19.pdf,Albuquerque Public Schools,35,"The elected Academy/Collaboration leaders will make a determination about how the $3,520 will be divided among them",The elected Academy/Collaboration leaders,worker,worker,will,False,active,plain,obligation,obligation,True,0.9,compensation,True,
albuquerque_public_schools__atf_negotiated_agreement_2018_19__e7e5b93f,ATF-Negotiated-Agreement_2018-19.pdf,Albuquerque Public Schools,35,they will let the principal know this before the differential paperwork is due to Human Resources.,they,worker,management,will,False,active,plain,obligation,obligation,True,0.9,other,True,
albuquerque_public_schools__atf_negotiated_agreement_2018_19__e7e5b93f,ATF-Negotiated-Agreement_2018-19.pdf,Albuquerque Public Schools,35,"Election/Selection procedures for choosing all Teachers Leaders, including a procedure for resolving tie votes, will be agreed upon by the constituents before elections take place.","Election/Selection procedures for choosing all Teachers Leaders, including a procedure for resolving tie votes",worker,worker,will,False,passive,plain,obligation,obligation,True,0.9,other,True,
albuquerque_public_schools__atf_negotiated_agreement_2018_19__e7e5b93f,ATF-Negotiated-Agreement_2018-19.pdf,Albuquerque Public Schools,35,Teachers shall be counted as a member of each team in which they teach.,Teachers,management,worker,shall,False,passive,plain,obligation,obligation,True,1.0,other,True,
albuquerque_public_schools__atf_negotiated_agreement_2018_19__e7e5b93f,ATF-Negotiated-Agreement_2018-19.pdf,Albuquerque Public Schools,35,Personnel from each team shall agree to choose Teacher Leaders in one of the following manners:,Personnel from each team,worker,worker,shall,False,active,plain,obligation,obligation,True,1.0,other,True,
albuquerque_public_schools__atf_negotiated_agreement_2018_19__e7e5b93f,ATF-Negotiated-Agreement_2018-19.pdf,Albuquerque Public Schools,35,Leaders shall be elected by the constituents they are elected to serve.,Leaders,worker,worker,shall,False,passive,rights_passive,right,right,True,1.0,other,True,
albuquerque_public_schools__atf_negotiated_agreement_2018_19__e7e5b93f,ATF-Negotiated-Agreement_2018-19.pdf,Albuquerque Public Schools,35,Members of the constituency shall select two (2) or more persons and submit names to principal who shall choose a leader from that list.,Members of the constituency,worker,worker,shall,False,active,plain,obligation,obligation,True,1.0,other,True,
albuquerque_public_schools__atf_negotiated_agreement_2018_19__e7e5b93f,ATF-Negotiated-Agreement_2018-19.pdf,Albuquerque Public Schools,35,Elected High School Academy Leaders must have a minimum of a Level II license.,Elected High School Academy Leaders,worker,management,must,False,active,plain,obligation,obligation,True,1.0,other,True,
albuquerque_public_schools__atf_negotiated_agreement_2018_19__e7e5b93f,ATF-Negotiated-Agreement_2018-19.pdf,Albuquerque Public Schools,35,"In order to elect a teacher leader with a Level 1 license, the department/school must follow the contract waiver procedure described in APPENDIX L (pg. 103) of the negotiated agreement.",the department/school,management,management,must,False,active,plain,obligation,obligation,True,1.0,other,True,
albuquerque_public_schools__atf_negotiated_agreement_2018_19__e7e5b93f,ATF-Negotiated-Agreement_2018-19.pdf,Albuquerque Public Schools,35,a replacement shall be named for the remainder of the term according to the election/selection procedure described above.,a replacement,management,management,shall,False,passive,rights_passive,right,obligation,False,1.0,other,True,
albuquerque_public_schools__atf_negotiated_agreement_2018_19__e7e5b93f,ATF-Negotiated-Agreement_2018-19.pdf,Albuquerque Public Schools,36,"Middle schools will have $3,520 to be used for Team Leader Differentials.",Middle schools,management,worker,will,False,active,plain,obligation,obligation,True,0.9,compensation,True,
albuquerque_public_schools__atf_negotiated_agreement_2018_19__e7e5b93f,ATF-Negotiated-Agreement_2018-19.pdf,Albuquerque Public Schools,36,"Schools are free to supplement the 3,520 available for Team Leader differentials from the school’s discretionary funds.",Schools,management,worker,,False,active,permission_verb,permission,permission,True,0.85,compensation,True,
albuquerque_public_schools__atf_negotiated_agreement_2018_19__e7e5b93f,ATF-Negotiated-Agreement_2018-19.pdf,Albuquerque Public Schools,36,"The elected leaders will make a determination about how the $3,520 will be divided among themselves",The elected leaders,worker,worker,will,False,active,plain,obligation,obligation,True,0.9,compensation,True,
albuquerque_public_schools__atf_negotiated_agreement_2018_19__e7e5b93f,ATF-Negotiated-Agreement_2018-19.pdf,Albuquerque Public Schools,36,Members of the constituency shall select two (2) or more persons,Members of the constituency,worker,worker,shall,False,active,obligation_verb,obligation,obligation,True,1.0,other,True,
albuquerque_public_schools__atf_negotiated_agreement_2018_19__e7e5b93f,ATF-Negotiated-Agreement_2018-19.pdf,Albuquerque Public Schools,36,and submit names to principal who shall choose a leader from that list.,Members of the constituency (implied),worker,worker,shall,False,active,obligation_verb,obligation,obligation,True,1.0,other,True,
albuquerque_public_schools__atf_negotiated_agreement_2018_19__e7e5b93f,ATF-Negotiated-Agreement_2018-19.pdf,Albuquerque Public Schools,36,Elected Middle School Team Leaders must have a minimum of a Level II license.,Elected Middle School Team Leaders,worker,management,must,False,active,obligation_verb,obligation,obligation,True,1.0,other,True,
albuquerque_public_schools__atf_negotiated_agreement_2018_19__e7e5b93f,ATF-Negotiated-Agreement_2018-19.pdf,Albuquerque Public Schools,36,There shall be a collaborative effort between administration and certified staff at each school site to establish up to twelve (12) positions to address both current and innovative curricular and managerial needs.,There,other,worker,shall,False,active,plain,obligation,obligation,True,1.0,other,True,impersonal construction
albuquerque_public_schools__atf_negotiated_agreement_2018_19__e7e5b93f,ATF-Negotiated-Agreement_2018-19.pdf,Albuquerque Public Schools,36,"Determination of positions, job descriptions and differential amounts shall be through school-wide consensus of all certified teaching staff.","Determination of positions, job descriptions and differential amounts",worker,worker,shall,False,passive,plain,obligation,obligation,True,1.0,compensation,True,
albuquerque_public_schools__atf_negotiated_agreement_2018_19__e7e5b93f,ATF-Negotiated-Agreement_2018-19.pdf,Albuquerque Public Schools,36,All positions shall be evaluated by the teaching staff annually at the end of the school year through a method a,All positions,worker,worker,shall,False,passive,rights_passive,right,obligation,False,1.0,evaluation,True,truncated at end
albuquerque_public_schools__atf_negotiated_agreement_2018_19__e7e5b93f,ATF-Negotiated-Agreement_2018-19.pdf,Albuquerque Public Schools,37,All positions shall be evaluated by the teaching staff annually at the end of the school year through a method agreed to by the teaching staff,All positions,worker,worker,shall,False,passive,plain,obligation,obligation,True,1.0,evaluation,True,
albuquerque_public_schools__atf_negotiated_agreement_2018_19__e7e5b93f,ATF-Negotiated-Agreement_2018-19.pdf,Albuquerque Public Schools,37,"and if needed, positions may be redesigned, redefined and/or differential amounts reallocated.",positions,management,management,may,False,passive,plain,permission,permission,True,0.3,other,True,
albuquerque_public_schools__atf_negotiated_agreement_2018_19__e7e5b93f,ATF-Negotiated-Agreement_2018-19.pdf,Albuquerque Public Schools,37,"The sum of $8,085 will be allocated to each elementary school site to be used as payment for differentials.","The sum of $8,085",management,worker,will,False,passive,plain,obligation,obligation,True,0.9,compensation,True,
albuquerque_public_schools__atf_negotiated_agreement_2018_19__e7e5b93f,ATF-Negotiated-Agreement_2018-19.pdf,Albuquerque Public Schools,37,Elected Elementary Team Leaders must have a minimum of a Level II license.,Elected Elementary Team Leaders,worker,management,must,False,active,plain,obligation,obligation,True,1.0,other,True,
albuquerque_public_schools__atf_negotiated_agreement_2018_19__e7e5b93f,ATF-Negotiated-Agreement_2018-19.pdf,Albuquerque Public Schools,37,"In order to elect a teacher leader with a Level 1 license, the department/school must follow the contract waiver procedure described in APPENDIX M (pg. 107) of the negotiated agreement.",the department/school,management,worker,must,False,active,plain,obligation,obligation,True,1.0,other,True,
albuquerque_public_schools__atf_negotiated_agreement_2018_19__e7e5b93f,ATF-Negotiated-Agreement_2018-19.pdf,Albuquerque Public Schools,37,Elementary Leaders must be members of the certified teaching staff.,Elementary Leaders,worker,management,must,False,active,plain,obligation,obligation,True,1.0,other,True,
albuquerque_public_schools__atf_negotiated_agreement_2018_19__e7e5b93f,ATF-Negotiated-Agreement_2018-19.pdf,Albuquerque Public Schools,37,Elementary Leaders shall be elected by all certified members of the teaching staff annually in a secret ballot election.,Elementary Leaders,worker,worker,shall,False,passive,plain,obligation,obligation,True,1.0,other,True,
albuquerque_public_schools__atf_negotiated_agreement_2018_19__e7e5b93f,ATF-Negotiated-Agreement_2018-19.pdf,Albuquerque Public Schools,37,"Each certified member of the teaching staff shall receive a list of the positions, job descriptions and differential list before the election is held",Each certified member of the teaching staff,worker,worker,shall,False,active,rights_active,right,right,True,1.0,teacher_rights_and_conduct,True,
albuquerque_public_schools__atf_negotiated_agreement_2018_19__e7e5b93f,ATF-Negotiated-Agreement_2018-19.pdf,Albuquerque Public Schools,37,and shall have the opportunity to be nominated or to volunteer for the ballot.,Each certified member of the teaching staff,worker,worker,shall,False,active,plain,obligation,right,False,1.0,teacher_rights_and_conduct,True,
albuquerque_public_schools__atf_negotiated_agreement_2018_19__e7e5b93f,ATF-Negotiated-Agreement_2018-19.pdf,Albuquerque Public Schools,37,Results of the election shall be reported to the Department of Human Resources no later than October 1st of each school year.,Results of the election,management,management,shall,False,passive,plain,obligation,obligation,True,1.0,other,True,Implicit agent likely management/HR; defaulting to management per fallback rule.
albuquerque_public_schools__atf_negotiated_agreement_2018_19__e7e5b93f,ATF-Negotiated-Agreement_2018-19.pdf,Albuquerque Public Schools,37,Positions shall be for a term of one (1) year.,Positions,other,management,shall,False,active,plain,obligation,obligation,True,1.0,other,True,Inanimate subject.
albuquerque_public_schools__atf_negotiated_agreement_2018_19__e7e5b93f,ATF-Negotiated-Agreement_2018-19.pdf,Albuquerque Public Schools,37,Teachers may be reelected to an Elementary Leader position for more than one year.,Teachers,management,management,may,False,passive,plain,permission,permission,True,0.3,other,True,Implicit agent for election process.
albuquerque_public_schools__atf_negotiated_agreement_2018_19__e7e5b93f,ATF-Negotiated-Agreement_2018-19.pdf,Albuquerque Public Schools,37,Special education numerical guidelines may be waived by mutual agreement of both parties in cases of verified need.,Special education numerical guidelines,other,management,may,False,passive,plain,permission,permission,True,0.3,class_size,True,Agent is 'both parties'.
albuquerque_public_schools__atf_negotiated_agreement_2018_19__e7e5b93f,ATF-Negotiated-Agreement_2018-19.pdf,Albuquerque Public Schools,37,Leaders shall be elected by the constituen,Leaders,worker,worker,shall,False,passive,plain,obligation,obligation,True,1.0,other,True,Truncated at end.
albuquerque_public_schools__atf_negotiated_agreement_2018_19__e7e5b93f,ATF-Negotiated-Agreement_2018-19.pdf,Albuquerque Public Schools,38,"Leaders, including a procedure for resolving tie votes, will be agreed upon by the constituents before elections take place.",Leaders,worker,worker,will,False,passive,plain,obligation,obligation,True,0.9,other,True,
albuquerque_public_schools__atf_negotiated_agreement_2018_19__e7e5b93f,ATF-Negotiated-Agreement_2018-19.pdf,Albuquerque Public Schools,38,[implied Members of the constituency] shall submit names to principal,[implied Members of the constituency],worker,management,shall,False,active,plain,obligation,obligation,True,1.0,other,False,"Continuation of list item b, split by 'and'"
albuquerque_public_schools__atf_negotiated_agreement_2018_19__e7e5b93f,ATF-Negotiated-Agreement_2018-19.pdf,Albuquerque Public Schools,38,The principal will contact the head teacher about the concern with the teacher’s ability to fulfill their responsibilities based on the Head Teacher job description.,The principal,management,worker,will,False,active,plain,obligation,obligation,True,0.9,evaluation,True,
albuquerque_public_schools__atf_negotiated_agreement_2018_19__e7e5b93f,ATF-Negotiated-Agreement_2018-19.pdf,Albuquerque Public Schools,38,it will be documented,it,management,management,will,False,passive,plain,obligation,obligation,True,0.9,evaluation,True,
albuquerque_public_schools__atf_negotiated_agreement_2018_19__e7e5b93f,ATF-Negotiated-Agreement_2018-19.pdf,Albuquerque Public Schools,38,the principal will contact the Program Managers for support and training assistance.,the principal,management,worker,will,False,active,plain,obligation,obligation,True,0.9,professional_development,True,
albuquerque_public_schools__atf_negotiated_agreement_2018_19__e7e5b93f,ATF-Negotiated-Agreement_2018-19.pdf,Albuquerque Public Schools,38,a meeting will be scheduled with the head teacher.,a meeting,management,worker,will,False,passive,plain,obligation,obligation,True,0.9,evaluation,True,
albuquerque_public_schools__atf_negotiated_agreement_2018_19__e7e5b93f,ATF-Negotiated-Agreement_2018-19.pdf,Albuquerque Public Schools,38,"Attendees at the meeting will include the head teacher, the Program Manager the site principal and a representative from ATF if requested.",Attendees at the meeting,other,worker,will,False,active,plain,obligation,obligation,True,0.9,evaluation,True,
albuquerque_public_schools__atf_negotiated_agreement_2018_19__e7e5b93f,ATF-Negotiated-Agreement_2018-19.pdf,Albuquerque Public Schools,38,Termination of the teacher leader’s position may also be determined at this time.,Termination of the teacher leader’s position,management,management,may,False,passive,plain,permission,permission,True,0.3,job_security,True,
albuquerque_public_schools__atf_negotiated_agreement_2018_19__e7e5b93f,ATF-Negotiated-Agreement_2018-19.pdf,Albuquerque Public Schools,38,The head Special Education Teacher Rubric will serve as the evaluation tool to be used in order for both the members of the department and the principal in charge of Special Education at the site to provide feedback.,The head Special Education Teacher Rubric,other,management,will,False,active,plain,obligation,obligation,True,0.9,evaluation,True,
albuquerque_public_schools__atf_negotiated_agreement_2018_19__e7e5b93f,ATF-Negotiated-Agreement_2018-19.pdf,Albuquerque Public Schools,38,"Teachers should use the SAT process for ideas, guidance and help in documentation.",Teachers,worker,worker,should,False,active,plain,obligation,obligation,True,0.7,professional_development,True,
albuquerque_public_schools__atf_negotiated_agreement_2018_19__e7e5b93f,ATF-Negotiated-Agreement_2018-19.pdf,Albuquerque Public Schools,38,Directs the activities of the team.,[implied SAT Chair],worker,management,,False,active,plain,other,other,True,0.0,other,True,Fragment; subject implied from preceding heading
albuquerque_public_schools__atf_negotiated_agreement_2018_19__e7e5b93f,ATF-Negotiated-Agreement_2018-19.pdf,Albuquerque Public Schools,38,Receives referrals to SAT.,[implied SAT Chair],worker,management,,False,active,plain,other,other,True,0.0,other,True,Fragment; subject implied from preceding heading
albuquerque_public_schools__atf_negotiated_agreement_2018_19__e7e5b93f,ATF-Negotiated-Agreement_2018-19.pdf,Albuquerque Public Schools,38,Convenes SAT meetings.,[implied SAT Chair],worker,management,,False,active,plain,other,other,True,0.0,other,True,Fragment; subject implied from preceding heading
albuquerque_public_schools__atf_negotiated_agreement_2018_19__e7e5b93f,ATF-Negotiated-Agreement_2018-19.pdf,Albuquerque Public Schools,38,Sees that the decision is implemented.,[implied SAT Chair],worker,management,,False,active,plain,other,other,True,0.0,other,True,Fragment; subject implied from preceding heading
albuquerque_public_schools__atf_negotiated_agreement_2018_19__e7e5b93f,ATF-Negotiated-Agreement_2018-19.pdf,Albuquerque Public Schools,38,Ensures that timely follow up is done.,[implied SAT Chair],worker,management,,False,active,plain,other,other,True,0.0,other,True,Fragment; subject implied from preceding heading
albuquerque_public_schools__atf_negotiated_agreement_2018_19__e7e5b93f,ATF-Negotiated-Agreement_2018-19.pdf,Albuquerque Public Schools,38,"Is responsible for seeing that the SAT team decision is implemented, proper documentation and data collection is maintained, and that timely follow-up is done.",[implied SAT Chair],worker,management,,False,active,obligation_verb,obligation,obligation,True,0.85,other,True,Fragment; subject implied from preceding heading
albuquerque_public_schools__atf_negotiated_agreement_2018_19__e7e5b93f,ATF-Negotiated-Agreement_2018-19.pdf,Albuquerque Public Schools,38,Is responsible for seeing that the purpose of the SAT is met and that each aspect—identifying the challenge and student strengt,[implied SAT Chair],worker,management,,False,active,obligation_verb,obligation,obligation,True,0.85,other,True,Fragment; subject implied from preceding heading. Text truncated at end.
albuquerque_public_schools__atf_negotiated_agreement_2018_19__e7e5b93f,ATF-Negotiated-Agreement_2018-19.pdf,Albuquerque Public Schools,39,"Election/Selection procedures for choosing all Teacher Leaders, including a procedure for resolving tie votes, will be agreed upon by the constituents before elections take place.","Election/Selection procedures for choosing all Teacher Leaders, including a procedure for resolving tie votes",worker,worker,will,False,passive,plain,obligation,obligation,True,0.9,other,True,
albuquerque_public_schools__atf_negotiated_agreement_2018_19__e7e5b93f,ATF-Negotiated-Agreement_2018-19.pdf,Albuquerque Public Schools,39,Teacher Leaders shall be elected by the constituents they are elected to serve.,Teacher Leaders,worker,worker,shall,False,passive,plain,obligation,obligation,True,1.0,other,True,
albuquerque_public_schools__atf_negotiated_agreement_2018_19__e7e5b93f,ATF-Negotiated-Agreement_2018-19.pdf,Albuquerque Public Schools,39,submit names to principal who shall choose a leader from that list.,Members of the constituency (implied),worker,worker,shall,False,active,plain,obligation,obligation,True,1.0,other,True,Implicit subject carries over from preceding clause.
albuquerque_public_schools__atf_negotiated_agreement_2018_19__e7e5b93f,ATF-Negotiated-Agreement_2018-19.pdf,Albuquerque Public Schools,39,Coaches of interscholastic sports in the senior high schools will receive a differential for the following assignments:,Coaches of interscholastic sports in the senior high schools,worker,worker,will,False,active,rights_active,right,right,True,0.9,compensation,True,
albuquerque_public_schools__atf_negotiated_agreement_2018_19__e7e5b93f,ATF-Negotiated-Agreement_2018-19.pdf,Albuquerque Public Schools,40,the senior high schools will receive a differential for the following assignments:,the senior high schools,management,worker,will,False,active,rights_active,right,right,True,0.9,compensation,True,
albuquerque_public_schools__atf_negotiated_agreement_2018_19__e7e5b93f,ATF-Negotiated-Agreement_2018-19.pdf,Albuquerque Public Schools,40,Credit for in-district experience as a head coach or athletic trainer shall be compensated as follows:,Credit for in-district experience as a head coach or athletic trainer,management,worker,shall,False,passive,rights_passive,right,right,True,1.0,compensation,True,
albuquerque_public_schools__atf_negotiated_agreement_2018_19__e7e5b93f,ATF-Negotiated-Agreement_2018-19.pdf,Albuquerque Public Schools,40,"Middle schools shall be provided, at $1,640 each, differentials for boys' and girls' intramural programs, including up to two (2) culminating extramural activities for each intramural program, as follows:",Middle schools,management,worker,shall,False,passive,rights_passive,right,right,True,1.0,compensation,True,
albuquerque_public_schools__atf_negotiated_agreement_2018_19__e7e5b93f,ATF-Negotiated-Agreement_2018-19.pdf,Albuquerque Public Schools,41,Payment for intramural differentials will be made in two (2) installments: one mid-way into the program and one after the entire program has been completed.,Payment for intramural differentials,management,worker,will,False,passive,rights_passive,right,obligation,False,0.9,compensation,True,
albuquerque_public_schools__atf_negotiated_agreement_2018_19__e7e5b93f,ATF-Negotiated-Agreement_2018-19.pdf,Albuquerque Public Schools,41,Teachers in senior high schools shall receive a differential for completion of the following assignments:,Teachers in senior high schools,worker,worker,shall,False,active,rights_active,right,right,True,1.0,compensation,True,
albuquerque_public_schools__atf_negotiated_agreement_2018_19__e7e5b93f,ATF-Negotiated-Agreement_2018-19.pdf,Albuquerque Public Schools,41,Credit for in-district experience in the following senior high positions shall be compensated as follows:,Credit for in-district experience in the following senior high positions,management,worker,shall,False,passive,rights_passive,right,right,True,1.0,compensation,True,
albuquerque_public_schools__atf_negotiated_agreement_2018_19__e7e5b93f,ATF-Negotiated-Agreement_2018-19.pdf,Albuquerque Public Schools,41,Middle schools will be provided additional activity differentials to be determined by the principal,Middle schools,management,worker,will,False,passive,rights_passive,right,right,True,0.9,compensation,True,
albuquerque_public_schools__atf_negotiated_agreement_2018_19__e7e5b93f,ATF-Negotiated-Agreement_2018-19.pdf,Albuquerque Public Schools,41,"compensation shall be $1,306 for each activity except band, orchestra and chorus",compensation,other,worker,shall,False,active,plain,obligation,obligation,True,1.0,compensation,True,
albuquerque_public_schools__atf_negotiated_agreement_2018_19__e7e5b93f,ATF-Negotiated-Agreement_2018-19.pdf,Albuquerque Public Schools,42,"Schools having band, orchestra and chorus programs shall provide the full differential for those activities over and above the differentials based on student enrollment.","Schools having band, orchestra and chorus programs",management,worker,shall,False,active,plain,obligation,obligation,True,1.0,compensation,True,
albuquerque_public_schools__atf_negotiated_agreement_2018_19__e7e5b93f,ATF-Negotiated-Agreement_2018-19.pdf,Albuquerque Public Schools,42,"Intensive Support Programs within Special Education programs shall be provided one (1) differential of $1,517 for the coordination of the extramural Special Olympics.",Intensive Support Programs within Special Education programs,management,worker,shall,False,passive,rights_passive,right,right,True,1.0,compensation,True,
albuquerque_public_schools__atf_negotiated_agreement_2018_19__e7e5b93f,ATF-Negotiated-Agreement_2018-19.pdf,Albuquerque Public Schools,42,"A differential of $4,243 will be provided to each high school MESA program director.","A differential of $4,243",management,worker,will,False,passive,rights_passive,right,right,True,0.9,compensation,True,
albuquerque_public_schools__atf_negotiated_agreement_2018_19__e7e5b93f,ATF-Negotiated-Agreement_2018-19.pdf,Albuquerque Public Schools,42,"A differential of $1,805 will be provided to each middle school MESA program leader.","A differential of $1,805",management,worker,will,False,passive,rights_passive,right,right,True,0.9,compensation,True,
albuquerque_public_schools__atf_negotiated_agreement_2018_19__e7e5b93f,ATF-Negotiated-Agreement_2018-19.pdf,Albuquerque Public Schools,42,The District and the Federation agree to support the work of each school’s Instructional Council (IC).,The District and the Federation,other,worker,,False,active,plain,other,obligation,False,0.0,other,True,
albuquerque_public_schools__atf_negotiated_agreement_2018_19__e7e5b93f,ATF-Negotiated-Agreement_2018-19.pdf,Albuquerque Public Schools,42,Teachers shall comprise at least fifty percent (50%) of the IC.,Teachers,worker,worker,shall,False,active,plain,obligation,obligation,True,1.0,other,True,
albuquerque_public_schools__atf_negotiated_agreement_2018_19__e7e5b93f,ATF-Negotiated-Agreement_2018-19.pdf,Albuquerque Public Schools,42,Meetings shall be open to any member of the school staff or school community.,Meetings,management,worker,shall,False,active,plain,obligation,obligation,True,1.0,other,True,
albuquerque_public_schools__atf_negotiated_agreement_2018_19__e7e5b93f,ATF-Negotiated-Agreement_2018-19.pdf,Albuquerque Public Schools,42,"The IC shall comply with Negotiated Agreements, Board policies, District procedures/directives, New Mexico laws/regulations and Federal laws/regulations when addressing issues.",The IC,other,management,shall,False,active,plain,obligation,obligation,True,1.0,other,True,
albuquerque_public_schools__atf_negotiated_agreement_2018_19__e7e5b93f,ATF-Negotiated-Agreement_2018-19.pdf,Albuquerque Public Schools,42,Issues shall be addressed in a collaborative manner.,Issues,management,worker,shall,False,passive,plain,obligation,obligation,True,1.0,other,True,
albuquerque_public_schools__atf_negotiated_agreement_2018_19__e7e5b93f,ATF-Negotiated-Agreement_2018-19.pdf,Albuquerque Public Schools,42,Specific structure and protocol for the IC shall be developed by the IC and published for the school community.,Specific structure and protocol for the IC,management,worker,shall,False,passive,plain,obligation,obligation,True,1.0,other,True,
albuquerque_public_schools__atf_negotiated_agreement_2018_19__e7e5b93f,ATF-Negotiated-Agreement_2018-19.pdf,Albuquerque Public Schools,42,"If a decision concerning an issue cannot be reached, and a decision must be made because the issue at hand is time-sensitive, then the IC will defer to the principal.",the IC,other,management,will,False,active,plain,obligation,obligation,True,0.9,other,True,
albuquerque_public_schools__atf_negotiated_agreement_2018_19__e7e5b93f,ATF-Negotiated-Agreement_2018-19.pdf,Albuquerque Public Schools,43,the IC will defer to the principal.,the IC,management,management,will,False,active,plain,obligation,obligation,True,0.9,other,True,
albuquerque_public_schools__atf_negotiated_agreement_2018_19__e7e5b93f,ATF-Negotiated-Agreement_2018-19.pdf,Albuquerque Public Schools,43,"IC members have certain obligations, rights and responsibilities of membership",IC members,management,worker,,False,active,plain,other,other,True,0.0,other,True,Descriptive of membership duties; includes participatory list in original context.
albuquerque_public_schools__atf_negotiated_agreement_2018_19__e7e5b93f,ATF-Negotiated-Agreement_2018-19.pdf,Albuquerque Public Schools,43,The IC will act as the leadership team that manages the process for the implementation of the Common Core State Standards at each site.,The IC,management,worker,will,False,active,plain,obligation,obligation,True,0.9,professional_development,True,
albuquerque_public_schools__atf_negotiated_agreement_2018_19__e7e5b93f,ATF-Negotiated-Agreement_2018-19.pdf,Albuquerque Public Schools,43,Work on the CCSS implementation should not come “top-down” from the IC to the staff.,Work on the CCSS implementation,management,worker,should,True,active,plain,prohibition,prohibition,True,0.7,professional_development,True,Directive against top-down process.
albuquerque_public_schools__atf_negotiated_agreement_2018_19__e7e5b93f,ATF-Negotiated-Agreement_2018-19.pdf,Albuquerque Public Schools,43,"The Instructional Council will ensure that the implementation of the CCSS at their site is informed by, and connected to, the District’s plans.",The Instructional Council,management,management,will,False,active,plain,obligation,obligation,True,0.9,professional_development,True,
albuquerque_public_schools__atf_negotiated_agreement_2018_19__e7e5b93f,ATF-Negotiated-Agreement_2018-19.pdf,Albuquerque Public Schools,44,Individual sites may choose different titles for their Instructional Council.,Individual sites,management,management,may,False,active,plain,permission,permission,True,0.3,other,True,
albuquerque_public_schools__atf_negotiated_agreement_2018_19__e7e5b93f,ATF-Negotiated-Agreement_2018-19.pdf,Albuquerque Public Schools,44,Employees may create district-wide at-large Leadership Councils when employees with common areas of interest and expertise are assigned at different schools throughout the district.,Employees,worker,worker,may,False,active,plain,permission,permission,True,0.3,other,True,
albuquerque_public_schools__atf_negotiated_agreement_2018_19__e7e5b93f,ATF-Negotiated-Agreement_2018-19.pdf,Albuquerque Public Schools,44,Constituent Leadership Councils will include administrators and employees,Constituent Leadership Councils,management,worker,will,False,active,plain,obligation,other,False,0.9,other,True,
albuquerque_public_schools__atf_negotiated_agreement_2018_19__e7e5b93f,ATF-Negotiated-Agreement_2018-19.pdf,Albuquerque Public Schools,44,and shall be recognized by the District and the Federation.,Constituent Leadership Councils,management,worker,shall,False,passive,plain,obligation,obligation,True,1.0,other,True,Coordinated independent clause; subject omitted in original text.
albuquerque_public_schools__atf_negotiated_agreement_2018_19__e7e5b93f,ATF-Negotiated-Agreement_2018-19.pdf,Albuquerque Public Schools,44,the issues to be decided must be meaningful and not merely symbolic.,the issues to be decided,management,worker,must,False,active,plain,obligation,obligation,True,1.0,other,True,
albuquerque_public_schools__atf_negotiated_agreement_2018_19__e7e5b93f,ATF-Negotiated-Agreement_2018-19.pdf,Albuquerque Public Schools,44,Important decisions must be reached in a collaborative manner.,Important decisions,management,worker,must,False,passive,plain,obligation,obligation,True,1.0,other,True,
albuquerque_public_schools__atf_negotiated_agreement_2018_19__e7e5b93f,ATF-Negotiated-Agreement_2018-19.pdf,Albuquerque Public Schools,44,IC’s are empowered to address school issues that fall within the scope of instructional improvement.,IC’s,management,worker,,False,passive,permission_verb,permission,right,False,0.85,other,True,
albuquerque_public_schools__atf_negotiated_agreement_2018_19__e7e5b93f,ATF-Negotiated-Agreement_2018-19.pdf,Albuquerque Public Schools,45,IC’s must determine which decision-making model is best suited for the issue at hand,IC’s,other,worker,must,False,active,plain,obligation,obligation,True,1.0,other,True,
albuquerque_public_schools__atf_negotiated_agreement_2018_19__e7e5b93f,ATF-Negotiated-Agreement_2018-19.pdf,Albuquerque Public Schools,45,Determination of the model to be used needs to be made through consensus.,Determination of the model to be used,other,worker,need,False,passive,obligation_verb,obligation,obligation,True,0.7,other,True,
albuquerque_public_schools__atf_negotiated_agreement_2018_19__e7e5b93f,ATF-Negotiated-Agreement_2018-19.pdf,Albuquerque Public Schools,45,Decisions reached by the IC must be collaborative in nature among the role groups participating in the IC process.,Decisions reached by the IC,other,worker,must,False,passive,plain,obligation,obligation,True,1.0,other,True,
albuquerque_public_schools__atf_negotiated_agreement_2018_19__e7e5b93f,ATF-Negotiated-Agreement_2018-19.pdf,Albuquerque Public Schools,45,All members of the Instructional Council openly discuss and share all information pertaining to an issue so that the best decision can be reached.,All members of the Instructional Council,worker,worker,can,False,active,plain,permission,obligation,False,0.3,other,True,
albuquerque_public_schools__atf_negotiated_agreement_2018_19__e7e5b93f,ATF-Negotiated-Agreement_2018-19.pdf,Albuquerque Public Schools,45,Agendas and past minutes from IC meetings are made public.,Agendas and past minutes from IC meetings,other,worker,,False,passive,plain,other,obligation,False,0.0,other,True,
albuquerque_public_schools__atf_negotiated_agreement_2018_19__e7e5b93f,ATF-Negotiated-Agreement_2018-19.pdf,Albuquerque Public Schools,46,ICs make meaningful decisions,ICs,worker,worker,,False,active,plain,other,other,True,0.0,other,True,
albuquerque_public_schools__atf_negotiated_agreement_2018_19__e7e5b93f,ATF-Negotiated-Agreement_2018-19.pdf,Albuquerque Public Schools,46,they are not solely “advisory.”,they,worker,worker,,True,active,plain,prohibition,prohibition,True,0.0,other,True,
albuquerque_public_schools__atf_negotiated_agreement_2018_19__e7e5b93f,ATF-Negotiated-Agreement_2018-19.pdf,Albuquerque Public Schools,46,All IC members are viewed and treated as equals.,All IC members,management,worker,,False,passive,plain,other,other,True,0.0,other,True,
albuquerque_public_schools__atf_negotiated_agreement_2018_19__e7e5b93f,ATF-Negotiated-Agreement_2018-19.pdf,Albuquerque Public Schools,46,Decisions made by the IC that affect the staff or a specific constituency group must be made in collaboration with the staff or constituency group.,Decisions made by the IC that affect the staff or a specific constituency group,worker,worker,must,False,passive,plain,obligation,obligation,True,1.0,other,True,
albuquerque_public_schools__atf_negotiated_agreement_2018_19__e7e5b93f,ATF-Negotiated-Agreement_2018-19.pdf,Albuquerque Public Schools,46,Schools may not bank additional time for professional development unless they have utilized all other optional time allowed in the negotiated agreement.,Schools,management,worker,may,True,active,plain,prohibition,prohibition,True,0.3,professional_development,True,
albuquerque_public_schools__atf_negotiated_agreement_2018_19__e7e5b93f,ATF-Negotiated-Agreement_2018-19.pdf,Albuquerque Public Schools,46,Any district-mandated training will be included in these hours.”,Any district-mandated training,management,worker,will,False,passive,plain,obligation,obligation,True,0.9,professional_development,True,
albuquerque_public_schools__atf_negotiated_agreement_2018_19__e7e5b93f,ATF-Negotiated-Agreement_2018-19.pdf,Albuquerque Public Schools,46,a. Decide in collaboration with the whole staff whether or not to use up to 13 hours for professional development;,[Instructional Council] (implied),worker,worker,,False,active,plain,other,obligation,False,0.0,professional_development,True,
albuquerque_public_schools__atf_negotiated_agreement_2018_19__e7e5b93f,ATF-Negotiated-Agreement_2018-19.pdf,Albuquerque Public Schools,46,b. Come to consensus with the staff on the content of the professional development;,[Instructional Council] (implied),worker,worker,,False,active,plain,other,obligation,False,0.0,professional_development,True,
albuquerque_public_schools__atf_negotiated_agreement_2018_19__e7e5b93f,ATF-Negotiated-Agreement_2018-19.pdf,Albuquerque Public Schools,46,c. Come to consensus with the staff on the scheduling of up to 13 hours for professional development.,[Instructional Council] (implied),worker,worker,,False,active,plain,other,obligation,False,0.0,professional_development,True,
albuquerque_public_schools__atf_negotiated_agreement_2018_19__e7e5b93f,ATF-Negotiated-Agreement_2018-19.pdf,Albuquerque Public Schools,46,"All school committees, task forces and work groups will communicate directly with or through the Instructional Council in order to coordinate planning and implementation of their work.","All school committees, task forces and work groups",other,worker,will,False,active,plain,obligation,obligation,True,0.9,other,True,
albuquerque_public_schools__atf_negotiated_agreement_2018_19__e7e5b93f,ATF-Negotiated-Agreement_2018-19.pdf,Albuquerque Public Schools,46,"a. It is essential that a purposeful connection between various teacher leadership positions (e.g. department chairs, team leaders, study group leaders, etc.) and the Instructional Council be created and maintained.","a purposeful connection between various teacher leadership positions (e.g. department chairs, team leaders, study group leaders, etc.) and the Instructional Council",management,worker,,False,passive,plain,other,other,True,0.0,other,True,
albuquerque_public_schools__atf_negotiated_agreement_2018_19__e7e5b93f,ATF-Negotiated-Agreement_2018-19.pdf,Albuquerque Public Schools,47,It is the responsibility of the Instructional Council to work in collaboration with the staff to set priorities for discretionary funds in the school’s budget and in developing and overseeing the implementation of a budget that places resources where they will effectively support the school’s goals.,It,worker,worker,will,False,active,plain,obligation,obligation,True,0.9,other,True,Dummy subject 'It'; operative duty falls on 'the Instructional Council'.
albuquerque_public_schools__atf_negotiated_agreement_2018_19__e7e5b93f,ATF-Negotiated-Agreement_2018-19.pdf,Albuquerque Public Schools,47,Training in Budgeting may be requested of the District and the Federation for Instructional Councils.,Training in Budgeting,management,worker,may,False,passive,permission_verb,permission,permission,True,0.3,professional_development,True,
albuquerque_public_schools__atf_negotiated_agreement_2018_19__e7e5b93f,ATF-Negotiated-Agreement_2018-19.pdf,Albuquerque Public Schools,47,All teachers will be given the opportunity to volunteer for committees.,All teachers,management,worker,will,False,passive,rights_passive,right,right,True,0.9,other,True,
albuquerque_public_schools__atf_negotiated_agreement_2018_19__e7e5b93f,ATF-Negotiated-Agreement_2018-19.pdf,Albuquerque Public Schools,47,members shall be elected by their constituency.,members,worker,worker,shall,False,passive,plain,obligation,obligation,True,1.0,other,True,
albuquerque_public_schools__atf_negotiated_agreement_2018_19__e7e5b93f,ATF-Negotiated-Agreement_2018-19.pdf,Albuquerque Public Schools,47,Election shall be by secret ballot.,Election,other,worker,shall,False,active,plain,obligation,obligation,True,1.0,other,True,
albuquerque_public_schools__atf_negotiated_agreement_2018_19__e7e5b93f,ATF-Negotiated-Agreement_2018-19.pdf,Albuquerque Public Schools,47,Committees shall keep minutes of their meetings.,Committees,worker,worker,shall,False,active,plain,obligation,obligation,True,1.0,other,True,
albuquerque_public_schools__atf_negotiated_agreement_2018_19__e7e5b93f,ATF-Negotiated-Agreement_2018-19.pdf,Albuquerque Public Schools,47,A good faith effort shall be made to implement committee recommendations.,A good faith effort,management,worker,shall,False,passive,plain,obligation,obligation,True,1.0,other,True,
albuquerque_public_schools__atf_negotiated_agreement_2018_19__e7e5b93f,ATF-Negotiated-Agreement_2018-19.pdf,Albuquerque Public Schools,47,Meetings shall be open to any member of the staff or community.,Meetings,other,worker,shall,False,active,plain,obligation,obligation,True,1.0,other,True,
albuquerque_public_schools__atf_negotiated_agreement_2018_19__e7e5b93f,ATF-Negotiated-Agreement_2018-19.pdf,Albuquerque Public Schools,47,"and, as such, will preside over all aspects of the Mentor and PAR programs.",The Joint Governance PAR Panel (JGP Panel),other,worker,will,False,active,plain,obligation,obligation,True,0.9,evaluation,True,Extracted as second independent clause from compound sentence; first clause is definitional/descriptive.
albuquerque_public_schools__atf_negotiated_agreement_2018_19__e7e5b93f,ATF-Negotiated-Agreement_2018-19.pdf,Albuquerque Public Schools,48,will preside over all aspects of the Mentor and PAR programs.,The Joint Governance PAR Panel (JGP Panel),other,management,will,False,active,plain,obligation,obligation,True,0.9,other,True,Extracted from compound sentence split at 'and'.
albuquerque_public_schools__atf_negotiated_agreement_2018_19__e7e5b93f,ATF-Negotiated-Agreement_2018-19.pdf,Albuquerque Public Schools,48,APS will fill administrator positions,APS,management,management,will,False,active,plain,obligation,obligation,True,0.9,other,True,
albuquerque_public_schools__atf_negotiated_agreement_2018_19__e7e5b93f,ATF-Negotiated-Agreement_2018-19.pdf,Albuquerque Public Schools,48,ATF will fill teacher positions on the panel.,ATF,worker,worker,will,False,active,plain,obligation,obligation,True,0.9,other,True,
albuquerque_public_schools__atf_negotiated_agreement_2018_19__e7e5b93f,ATF-Negotiated-Agreement_2018-19.pdf,Albuquerque Public Schools,48,"Program protocol and compliance questions and concerns, such as matching Beginning Teachers and Mentors, shall be referred to, and addressed by, the JGP.","Program protocol and compliance questions and concerns, such as matching Beginning Teachers and Mentors",other,management,shall,False,passive,plain,obligation,obligation,True,1.0,other,True,
albuquerque_public_schools__atf_negotiated_agreement_2018_19__e7e5b93f,ATF-Negotiated-Agreement_2018-19.pdf,Albuquerque Public Schools,48,Attend meetings throughout the school year and in the summer.,Each panel member,other,management,,False,active,plain,other,obligation,False,0.0,other,True,
albuquerque_public_schools__atf_negotiated_agreement_2018_19__e7e5b93f,ATF-Negotiated-Agreement_2018-19.pdf,Albuquerque Public Schools,48,The meetings will be held outside the duty day.,The meetings,management,worker,will,False,passive,plain,obligation,obligation,True,0.9,safety_and_working_conditions,True,
albuquerque_public_schools__atf_negotiated_agreement_2018_19__e7e5b93f,ATF-Negotiated-Agreement_2018-19.pdf,Albuquerque Public Schools,48,the Panel member may be replaced by APS or ATF.,the Panel member,management,management,may,False,passive,plain,permission,permission,True,0.3,other,True,
albuquerque_public_schools__atf_negotiated_agreement_2018_19__e7e5b93f,ATF-Negotiated-Agreement_2018-19.pdf,Albuquerque Public Schools,48,Participate in ongoing design and oversight of the Mentor/PAR programs.,Each panel member,other,management,,False,active,plain,other,obligation,False,0.0,professional_development,True,
albuquerque_public_schools__atf_negotiated_agreement_2018_19__e7e5b93f,ATF-Negotiated-Agreement_2018-19.pdf,Albuquerque Public Schools,48,Maintain consistent communication and coordination with APS and ATF.,Each panel member,other,management,,False,active,plain,other,obligation,False,0.0,other,True,
albuquerque_public_schools__atf_negotiated_agreement_2018_19__e7e5b93f,ATF-Negotiated-Agreement_2018-19.pdf,Albuquerque Public Schools,48,Classroom teachers who are panel members and require a half-day substitute teacher to fulfill their responsibility will be supported by APS and ATF.,Classroom teachers who are panel members and require a half-day substitute teacher to fulfill their responsibility,management,worker,will,False,passive,rights_passive,right,obligation,False,0.9,workload,True,
albuquerque_public_schools__atf_negotiated_agreement_2018_19__e7e5b93f,ATF-Negotiated-Agreement_2018-19.pdf,Albuquerque Public Schools,48,The Joint Governance PAR Panel will make decisions by consensus whenever possible.,The Joint Governance PAR Panel,other,management,will,False,active,plain,obligation,obligation,True,0.9,other,True,
albuquerque_public_schools__atf_negotiated_agreement_2018_19__e7e5b93f,ATF-Negotiated-Agreement_2018-19.pdf,Albuquerque Public Schools,48,APS Human Resources and ATF will confer at a later date,APS Human Resources and ATF,other,management,will,False,active,plain,obligation,obligation,True,0.9,other,True,
albuquerque_public_schools__atf_negotiated_agreement_2018_19__e7e5b93f,ATF-Negotiated-Agreement_2018-19.pdf,Albuquerque Public Schools,48,and will report back to the panel.,APS Human Resources and ATF,other,management,will,False,active,plain,obligation,obligation,True,0.9,other,True,
albuquerque_public_schools__atf_negotiated_agreement_2018_19__e7e5b93f,ATF-Negotiated-Agreement_2018-19.pdf,Albuquerque Public Schools,48,"The two (2) teachers and two (2) administrators of the JGP shall receive an annual differential of $3,000 for serving as a JGP panel member.",The two (2) teachers and two (2) administrators of the JGP,other,worker,shall,False,active,rights_active,right,right,True,1.0,compensation,True,
albuquerque_public_schools__atf_negotiated_agreement_2018_19__e7e5b93f,ATF-Negotiated-Agreement_2018-19.pdf,Albuquerque Public Schools,48,Beginning Teachers who hold a New Mexico Level 1 or 1-A teaching license are eligible to be in the District Mentoring Program for one (1) year.,Beginning Teachers who hold a New Mexico Level 1 or 1-A teaching license,worker,worker,,False,active,plain,other,right,False,0.0,professional_development,True,
albuquerque_public_schools__atf_negotiated_agreement_2018_19__e7e5b93f,ATF-Negotiated-Agreement_2018-19.pdf,Albuquerque Public Schools,48,"The coordinator must hold a Level 3 teaching license, with a preference for National Board Certification,",The coordinator,worker,management,must,False,active,plain,obligation,obligation,True,1.0,other,True,
albuquerque_public_schools__atf_negotiated_agreement_2018_19__e7e5b93f,ATF-Negotiated-Agreement_2018-19.pdf,Albuquerque Public Schools,48,and be co-selected by APS and ATF.,The coordinator,management,worker,,False,passive,plain,other,obligation,False,0.0,other,True,Implicit modal 'must' carried over from preceding clause.
albuquerque_public_schools__atf_negotiated_agreement_2018_19__e7e5b93f,ATF-Negotiated-Agreement_2018-19.pdf,Albuquerque Public Schools,48,The coordinator will be responsible for day-to-day activities of the program.,The coordinator,worker,management,will,False,active,plain,obligation,obligation,True,0.9,other,True,
albuquerque_public_schools__atf_negotiated_agreement_2018_19__e7e5b93f,ATF-Negotiated-Agreement_2018-19.pdf,Albuquerque Public Schools,48,The coordinator shall be paid according to the Level 3 Teacher Salary Matrix.,The coordinator,management,worker,shall,False,passive,rights_passive,right,obligation,False,1.0,compensation,True,
albuquerque_public_schools__atf_negotiated_agreement_2018_19__e7e5b93f,ATF-Negotiated-Agreement_2018-19.pdf,Albuquerque Public Schools,48,Work required during the summer months shall be compensated at the coordinator’s individual hourly rate of pay.,Work required during the summer months,management,worker,shall,False,passive,rights_passive,right,obligation,False,1.0,compensation,True,
albuquerque_public_schools__atf_negotiated_agreement_2018_19__e7e5b93f,ATF-Negotiated-Agreement_2018-19.pdf,Albuquerque Public Schools,49,The coordinator will have the support of a full-time secretary.,The coordinator,management,worker,will,False,active,plain,obligation,obligation,True,0.9,other,True,
albuquerque_public_schools__atf_negotiated_agreement_2018_19__e7e5b93f,ATF-Negotiated-Agreement_2018-19.pdf,Albuquerque Public Schools,49,All JGP Panel members are responsible for making program decisions.,All JGP Panel members,other,management,,False,active,plain,other,obligation,False,0.0,other,True,
albuquerque_public_schools__atf_negotiated_agreement_2018_19__e7e5b93f,ATF-Negotiated-Agreement_2018-19.pdf,Albuquerque Public Schools,49,"The JGP Panel approves and revises all guidelines for the mentor program, including detailed procedures and processes for mentor selection, preparation, and support",The JGP Panel,other,management,,False,active,plain,other,other,True,0.0,professional_development,True,
albuquerque_public_schools__atf_negotiated_agreement_2018_19__e7e5b93f,ATF-Negotiated-Agreement_2018-19.pdf,Albuquerque Public Schools,49,and clearly defines roles and responsibilities.,[implied The JGP Panel],other,management,,False,active,plain,other,other,True,0.0,other,True,Continuation of independent clause following semicolon
albuquerque_public_schools__atf_negotiated_agreement_2018_19__e7e5b93f,ATF-Negotiated-Agreement_2018-19.pdf,Albuquerque Public Schools,49,"In order to be eligible to mentor a Beginning Teacher, a teacher must have attained a Level 2 License.",a teacher,worker,management,must,False,active,plain,obligation,obligation,True,1.0,professional_development,True,
albuquerque_public_schools__atf_negotiated_agreement_2018_19__e7e5b93f,ATF-Negotiated-Agreement_2018-19.pdf,Albuquerque Public Schools,49,Qualified and approved teachers who desire to be Mentors will submit an application in order to be eligible for the Mentor pool.,Qualified and approved teachers who desire to be Mentors,worker,worker,will,False,active,plain,obligation,obligation,True,0.9,professional_development,True,
albuquerque_public_schools__atf_negotiated_agreement_2018_19__e7e5b93f,ATF-Negotiated-Agreement_2018-19.pdf,Albuquerque Public Schools,49,"Included in the application will be a letter of interest highlighting their ability to work with teachers, a list of references, and a completed mentor program recommendation form from each of the references listed, including, but not limited to, a principal or supervisor, a teacher colleague, and the site Federation Representative.","a letter of interest highlighting their ability to work with teachers, a list of references, and a completed mentor program recommendation form from each of the references listed, including, but not limited to, a principal or supervisor, a teacher colleague, and the site Federation Representative.",other,management,will,False,passive,plain,obligation,obligation,True,0.9,other,True,
albuquerque_public_schools__atf_negotiated_agreement_2018_19__e7e5b93f,ATF-Negotiated-Agreement_2018-19.pdf,Albuquerque Public Schools,50,Applicants must complete an interview before being selected for the Mentor pool.,Applicants,worker,management,must,False,active,plain,obligation,obligation,True,1.0,professional_development,True,
albuquerque_public_schools__atf_negotiated_agreement_2018_19__e7e5b93f,ATF-Negotiated-Agreement_2018-19.pdf,Albuquerque Public Schools,50,Mentors will remain in full- or part-time positions in their classrooms or departments.,Mentors,worker,worker,will,False,active,plain,obligation,right,False,0.9,job_security,True,
albuquerque_public_schools__atf_negotiated_agreement_2018_19__e7e5b93f,ATF-Negotiated-Agreement_2018-19.pdf,Albuquerque Public Schools,50,Mentors who have been inactive for three (3) or more years may be required to reapply to the program.,Mentors who have been inactive for three (3) or more years,management,management,may,False,passive,obligation_verb,obligation,permission,False,0.3,other,True,implicit agent is management
albuquerque_public_schools__atf_negotiated_agreement_2018_19__e7e5b93f,ATF-Negotiated-Agreement_2018-19.pdf,Albuquerque Public Schools,50,"During the school year, mentors will receive support, technical assistance, and professional development.",mentors,worker,worker,will,False,active,rights_active,right,right,True,0.9,professional_development,True,
albuquerque_public_schools__atf_negotiated_agreement_2018_19__e7e5b93f,ATF-Negotiated-Agreement_2018-19.pdf,Albuquerque Public Schools,50,"Mentors will attend professional development classes monthly for 2 hours after school that will address, but will not be limited to the following topics:",Mentors,worker,management,will,False,active,plain,obligation,obligation,True,0.9,professional_development,True,trailing colon introduces list
albuquerque_public_schools__atf_negotiated_agreement_2018_19__e7e5b93f,ATF-Negotiated-Agreement_2018-19.pdf,Albuquerque Public Schools,50,All new mentors will attend the introductory mentoring professional development class.,All new mentors,worker,management,will,False,active,plain,obligation,obligation,True,0.9,professional_development,True,
albuquerque_public_schools__atf_negotiated_agreement_2018_19__e7e5b93f,ATF-Negotiated-Agreement_2018-19.pdf,Albuquerque Public Schools,50,"School-based Mentors shall have a full or part-time teaching load and work with beginning teachers at their own schools as time allows, either before school, during the school day, or after school.",School-based Mentors,worker,management,shall,False,active,plain,obligation,obligation,True,1.0,professional_development,True,
albuquerque_public_schools__atf_negotiated_agreement_2018_19__e7e5b93f,ATF-Negotiated-Agreement_2018-19.pdf,Albuquerque Public Schools,50,School-based Mentors shall have access to professional leave days during the year.,School-based Mentors,worker,worker,shall,False,active,plain,obligation,right,False,1.0,leave,True,
albuquerque_public_schools__atf_negotiated_agreement_2018_19__e7e5b93f,ATF-Negotiated-Agreement_2018-19.pdf,Albuquerque Public Schools,50,Substitutes may be provided for Mentors to enable them to work with or observe their beginning teachers.,Substitutes,management,worker,may,False,passive,plain,permission,permission,True,0.3,professional_development,True,implicit agent is management
albuquerque_public_schools__atf_negotiated_agreement_2018_19__e7e5b93f,ATF-Negotiated-Agreement_2018-19.pdf,Albuquerque Public Schools,51,"School-based Mentors will receive an annual differential of $2,000 for mentoring one teacher in their school; $4,000 for mentoring two teachers.",School-based Mentors,worker,worker,will,False,active,rights_active,right,right,True,0.9,compensation,True,
albuquerque_public_schools__atf_negotiated_agreement_2018_19__e7e5b93f,ATF-Negotiated-Agreement_2018-19.pdf,Albuquerque Public Schools,51,School-based Mentors who are released part-time from their classroom-teaching load will maintain at least a .4 teaching load,School-based Mentors who are released part-time from their classroom-teaching load,worker,management,will,False,active,plain,obligation,obligation,True,0.9,workload,True,
albuquerque_public_schools__atf_negotiated_agreement_2018_19__e7e5b93f,ATF-Negotiated-Agreement_2018-19.pdf,Albuquerque Public Schools,51,School-based Mentors who are released part-time from their classroom-teaching load will receive $500 for a full year for each Beginning Teacher they mentor in compliance with the Mentor responsibilities.,School-based Mentors who are released part-time from their classroom-teaching load,worker,worker,will,False,active,rights_active,right,right,True,0.9,compensation,True,
albuquerque_public_schools__atf_negotiated_agreement_2018_19__e7e5b93f,ATF-Negotiated-Agreement_2018-19.pdf,Albuquerque Public Schools,51,A full load for a part-time release Mentor shall not exceed four (4) Beginning Teachers.,A full load for a part-time release Mentor,other,worker,shall,True,active,plain,prohibition,prohibition,True,1.0,professional_development,True,
albuquerque_public_schools__atf_negotiated_agreement_2018_19__e7e5b93f,ATF-Negotiated-Agreement_2018-19.pdf,Albuquerque Public Schools,51,"Secondary level Mentors will receive release time of an average of 40% of their teaching load, depending on their caseload.",Secondary level Mentors,worker,worker,will,False,active,rights_active,right,right,True,0.9,professional_development,True,
albuquerque_public_schools__atf_negotiated_agreement_2018_19__e7e5b93f,ATF-Negotiated-Agreement_2018-19.pdf,Albuquerque Public Schools,51,Elementary Mentors may share a class.,Elementary Mentors,worker,worker,may,False,active,plain,permission,permission,True,0.3,workload,True,
albuquerque_public_schools__atf_negotiated_agreement_2018_19__e7e5b93f,ATF-Negotiated-Agreement_2018-19.pdf,Albuquerque Public Schools,51,Full-time Release Mentors and Consulting Teachers will not receive additional compensation for their work as a Mentor.,Full-time Release Mentors and Consulting Teachers,worker,management,will,True,active,rights_active,other,other,True,0.0,compensation,True,
albuquerque_public_schools__atf_negotiated_agreement_2018_19__e7e5b93f,ATF-Negotiated-Agreement_2018-19.pdf,Albuquerque Public Schools,51,The caseload for a full time Mentor shall be no less than ten (10) and no more than twenty (20) beginning teachers.,The caseload for a full time Mentor,other,worker,shall,False,active,plain,obligation,obligation,True,1.0,professional_development,True,
albuquerque_public_schools__atf_negotiated_agreement_2018_19__e7e5b93f,ATF-Negotiated-Agreement_2018-19.pdf,Albuquerque Public Schools,51,Full-time Release Mentors and Consulting Teachers will help develop the Mentor Program by contributing their expertise and experience.,Full-time Release Mentors and Consulting Teachers,worker,management,will,False,active,plain,obligation,obligation,True,0.9,professional_development,True,
albuquerque_public_schools__atf_negotiated_agreement_2018_19__e7e5b93f,ATF-Negotiated-Agreement_2018-19.pdf,Albuquerque Public Schools,51,They will assist in developing and implementing the professional development for the monthly Mentor teacher meetings.,They,worker,management,will,False,active,plain,obligation,obligation,True,0.9,professional_development,True,
albuquerque_public_schools__atf_negotiated_agreement_2018_19__e7e5b93f,ATF-Negotiated-Agreement_2018-19.pdf,Albuquerque Public Schools,51,Full-time Release Mentors and Consulting Teachers help to ensure the success of the Mentor Program.,Full-time Release Mentors and Consulting Teachers,worker,management,,False,active,plain,other,other,True,0.0,professional_development,True,
albuquerque_public_schools__atf_negotiated_agreement_2018_19__e7e5b93f,ATF-Negotiated-Agreement_2018-19.pdf,Albuquerque Public Schools,51,Mentors are required to attend monthly professional development meetings during their period of assignment.,Mentors,worker,management,,False,passive,obligation_verb,obligation,obligation,True,0.85,professional_development,True,
albuquerque_public_schools__atf_negotiated_agreement_2018_19__e7e5b93f,ATF-Negotiated-Agreement_2018-19.pdf,Albuquerque Public Schools,51,The Mentor Program Office or program designee will contact the mentor confirming the absence.,The Mentor Program Office or program designee,management,worker,will,False,active,plain,obligation,obligation,True,0.9,professional_development,True,
albuquerque_public_schools__atf_negotiated_agreement_2018_19__e7e5b93f,ATF-Negotiated-Agreement_2018-19.pdf,Albuquerque Public Schools,51,A copy of this notification may also be sent to the site principal of the Mentor.,A copy of this notification,management,management,may,False,passive,plain,permission,permission,True,0.3,professional_development,True,
albuquerque_public_schools__atf_negotiated_agreement_2018_19__e7e5b93f,ATF-Negotiated-Agreement_2018-19.pdf,Albuquerque Public Schools,52,A meeting may be scheduled with the Mentor.,A meeting,management,management,may,False,passive,plain,permission,permission,True,0.3,professional_development,True,
albuquerque_public_schools__atf_negotiated_agreement_2018_19__e7e5b93f,ATF-Negotiated-Agreement_2018-19.pdf,Albuquerque Public Schools,52,Mentor expectations and commitment will be reviewed.,Mentor expectations and commitment,management,management,will,False,passive,plain,obligation,obligation,True,0.9,professional_development,True,
albuquerque_public_schools__atf_negotiated_agreement_2018_19__e7e5b93f,ATF-Negotiated-Agreement_2018-19.pdf,Albuquerque Public Schools,52,Termination of the Mentor’s differential may also be discussed.,Termination of the Mentor’s differential,management,management,may,False,passive,plain,permission,permission,True,0.3,compensation,True,
albuquerque_public_schools__atf_negotiated_agreement_2018_19__e7e5b93f,ATF-Negotiated-Agreement_2018-19.pdf,Albuquerque Public Schools,52,Mentors at alternative calendar schools who may miss a meeting due to intercession should contact the Mentor Program Office prior to the meeting.,Mentors at alternative calendar schools who may miss a meeting due to intercession,worker,management,should,False,active,obligation_verb,obligation,obligation,True,0.7,professional_development,True,
albuquerque_public_schools__atf_negotiated_agreement_2018_19__e7e5b93f,ATF-Negotiated-Agreement_2018-19.pdf,Albuquerque Public Schools,52,documentation is required from both the Beginning Teacher and the Mentor.,documentation,worker,management,,False,passive,obligation_verb,obligation,obligation,True,0.85,professional_development,True,
albuquerque_public_schools__atf_negotiated_agreement_2018_19__e7e5b93f,ATF-Negotiated-Agreement_2018-19.pdf,Albuquerque Public Schools,52,The Mentor Program Office or program designee will contact the mentor regarding lack of documentation.,The Mentor Program Office or program designee,management,management,will,False,active,plain,obligation,obligation,True,0.9,professional_development,True,
albuquerque_public_schools__atf_negotiated_agreement_2018_19__e7e5b93f,ATF-Negotiated-Agreement_2018-19.pdf,Albuquerque Public Schools,52,Adjustments to differentials may be applied.,Adjustments to differentials,management,management,may,False,passive,plain,permission,permission,True,0.3,compensation,True,
albuquerque_public_schools__atf_negotiated_agreement_2018_19__e7e5b93f,ATF-Negotiated-Agreement_2018-19.pdf,Albuquerque Public Schools,52,Termination or return of the Mentor’s differential may also be discussed at this meeting or if no response from the mentor is received.,Termination or return of the Mentor’s differential,management,management,may,False,passive,plain,permission,permission,True,0.3,compensation,True,Contains compound adverbial complement
albuquerque_public_schools__atf_negotiated_agreement_2018_19__e7e5b93f,ATF-Negotiated-Agreement_2018-19.pdf,Albuquerque Public Schools,52,Principals shall retain full responsibility and authority to evaluate Beginning Teachers being mentored in the program.,Principals,management,management,shall,False,active,plain,obligation,obligation,True,1.0,evaluation,True,
albuquerque_public_schools__atf_negotiated_agreement_2018_19__e7e5b93f,ATF-Negotiated-Agreement_2018-19.pdf,Albuquerque Public Schools,52,A Lead Mentor must hold a Level 2 or Level 3 License.,A Lead Mentor,worker,management,must,False,active,obligation_verb,obligation,obligation,True,1.0,professional_development,True,
albuquerque_public_schools__atf_negotiated_agreement_2018_19__e7e5b93f,ATF-Negotiated-Agreement_2018-19.pdf,Albuquerque Public Schools,52,"Lead Mentors must apply, interview and be selected for the role.",Lead Mentors,worker,management,must,False,active,obligation_verb,obligation,obligation,True,1.0,professional_development,True,Compound verb phrase with mixed voice
albuquerque_public_schools__atf_negotiated_agreement_2018_19__e7e5b93f,ATF-Negotiated-Agreement_2018-19.pdf,Albuquerque Public Schools,52,Lead Mentors shall communicate and collaborate with other Lead Mentors and the Mentor Program Coordinator to plan for and ensure the smooth delivery of professional development for Mentors and/or Beginning Teachers.,Lead Mentors,worker,management,shall,False,active,obligation_verb,obligation,obligation,True,1.0,professional_development,True,
albuquerque_public_schools__atf_negotiated_agreement_2018_19__e7e5b93f,ATF-Negotiated-Agreement_2018-19.pdf,Albuquerque Public Schools,54,A Mentor will be assigned to each Beginning Teacher based on relevant area of licensure or grade level.,A Mentor,management,worker,will,False,passive,plain,obligation,obligation,True,0.9,professional_development,True,
albuquerque_public_schools__atf_negotiated_agreement_2018_19__e7e5b93f,ATF-Negotiated-Agreement_2018-19.pdf,Albuquerque Public Schools,54,"During the school year, Beginning Teachers will meet regularly with Mentors to discuss their progress and individual needs",Beginning Teachers,worker,management,will,False,active,plain,obligation,obligation,True,0.9,professional_development,True,
albuquerque_public_schools__atf_negotiated_agreement_2018_19__e7e5b93f,ATF-Negotiated-Agreement_2018-19.pdf,Albuquerque Public Schools,54,"be observed by, and receive feedback from, their Mentor frequently and complete required documentation specified by the program.",Beginning Teachers,worker,management,,False,passive,plain,other,other,True,0.0,professional_development,True,Implied subject carried from preceding clause
albuquerque_public_schools__atf_negotiated_agreement_2018_19__e7e5b93f,ATF-Negotiated-Agreement_2018-19.pdf,Albuquerque Public Schools,54,They will also have the option to work with their Mentors during professional leave days.,They,worker,worker,will,False,active,permission_verb,permission,permission,True,0.9,professional_development,True,
albuquerque_public_schools__atf_negotiated_agreement_2018_19__e7e5b93f,ATF-Negotiated-Agreement_2018-19.pdf,Albuquerque Public Schools,54,Beginning Teachers who are assigned a Mentor within the first nine weeks of the school year will receive credit for a full year of mentoring.,Beginning Teachers who are assigned a Mentor within the first nine weeks of the school year,worker,worker,will,False,active,rights_active,right,right,True,0.9,professional_development,True,
albuquerque_public_schools__atf_negotiated_agreement_2018_19__e7e5b93f,ATF-Negotiated-Agreement_2018-19.pdf,Albuquerque Public Schools,54,"In the event that a Mentor is assigned after the first nine weeks of a given year, the Beginning Teacher is required to complete one additional semester of mentorship the following year.",the Beginning Teacher,worker,management,,False,active,obligation_verb,obligation,obligation,True,0.85,professional_development,True,
albuquerque_public_schools__atf_negotiated_agreement_2018_19__e7e5b93f,ATF-Negotiated-Agreement_2018-19.pdf,Albuquerque Public Schools,54,Beginning Teachers who are assigned a Mentor before the third nine weeks of the school year will receive credit for one semester of mentoring.,Beginning Teachers who are assigned a Mentor before the third nine weeks of the school year,worker,worker,will,False,active,rights_active,right,right,True,0.9,professional_development,True,
albuquerque_public_schools__atf_negotiated_agreement_2018_19__e7e5b93f,ATF-Negotiated-Agreement_2018-19.pdf,Albuquerque Public Schools,54,"The Mentor Coordinator, in partnership with the Albuquerque Teachers Federation, will attend and provide program information for the annual New Teacher Orientation.","The Mentor Coordinator, in partnership with the Albuquerque Teachers Federation",management,worker,will,False,active,plain,obligation,obligation,True,0.9,professional_development,True,
albuquerque_public_schools__atf_negotiated_agreement_2018_19__e7e5b93f,ATF-Negotiated-Agreement_2018-19.pdf,Albuquerque Public Schools,54,"Upon completion of the hiring process, APS Human Resources will provide registration materials for the NTO to the new employee.",APS Human Resources,management,worker,will,False,active,plain,obligation,obligation,True,0.9,professional_development,True,
albuquerque_public_schools__atf_negotiated_agreement_2018_19__e7e5b93f,ATF-Negotiated-Agreement_2018-19.pdf,Albuquerque Public Schools,54,"Upon completion of the hiring process, the APS Human Resources department will provide the names of the new employees to the Mentor Program Coordinator and to ATF on a regular basis including New Hire, Inactive, and Licensure reports.",the APS Human Resources department,management,worker,will,False,active,plain,obligation,obligation,True,0.9,professional_development,True,
albuquerque_public_schools__atf_negotiated_agreement_2018_19__e7e5b93f,ATF-Negotiated-Agreement_2018-19.pdf,Albuquerque Public Schools,54,The Consulting Teacher works directly with the struggling teacher to provide constructive and intensive intervention.,The Consulting Teacher,worker,management,,False,active,plain,other,other,True,0.0,evaluation,True,
albuquerque_public_schools__atf_negotiated_agreement_2018_19__e7e5b93f,ATF-Negotiated-Agreement_2018-19.pdf,Albuquerque Public Schools,54,Provide support for PAR program and for Mentor Program when needed.,[PAR Coordinator],worker,management,,False,active,plain,other,obligation,False,0.0,evaluation,True,Imperative list item; subject implied from section heading
albuquerque_public_schools__atf_negotiated_agreement_2018_19__e7e5b93f,ATF-Negotiated-Agreement_2018-19.pdf,Albuquerque Public Schools,54,Collaborate and communicate regularly with the Mentor Program Coordinator regarding both the Mentor and PAR programs.,[PAR Coordinator],worker,management,,False,active,plain,other,obligation,False,0.0,evaluation,True,Imperative list item; subject implied from section heading
albuquerque_public_schools__atf_negotiated_agreement_2018_19__e7e5b93f,ATF-Negotiated-Agreement_2018-19.pdf,Albuquerque Public Schools,55,Presenting information and answering questions about the PAR process and program.,[Implied],worker,management,,False,active,plain,other,obligation,False,0.0,evaluation,True,
albuquerque_public_schools__atf_negotiated_agreement_2018_19__e7e5b93f,ATF-Negotiated-Agreement_2018-19.pdf,Albuquerque Public Schools,55,Aid in writing improvement plans as needed.,[Implied],worker,management,,False,active,plain,other,obligation,False,0.0,evaluation,True,
albuquerque_public_schools__atf_negotiated_agreement_2018_19__e7e5b93f,ATF-Negotiated-Agreement_2018-19.pdf,Albuquerque Public Schools,55,Communicate regularly with Human Resources and other relevant APS personnel regarding improvement plans and their implementation.,[Implied],worker,management,,False,active,plain,other,obligation,False,0.0,evaluation,True,
albuquerque_public_schools__atf_negotiated_agreement_2018_19__e7e5b93f,ATF-Negotiated-Agreement_2018-19.pdf,Albuquerque Public Schools,55,Communicate regularly with Human Resources and ATF Staff about PAR clients.,[Implied],worker,management,,False,active,plain,other,obligation,False,0.0,evaluation,True,
albuquerque_public_schools__atf_negotiated_agreement_2018_19__e7e5b93f,ATF-Negotiated-Agreement_2018-19.pdf,Albuquerque Public Schools,55,Create and conduct training for the Consulting Teachers at the beginning of each school year and as needed.,[Implied],worker,management,,False,active,plain,other,obligation,False,0.0,evaluation,True,
albuquerque_public_schools__atf_negotiated_agreement_2018_19__e7e5b93f,ATF-Negotiated-Agreement_2018-19.pdf,Albuquerque Public Schools,55,Coordinate the assignment of clients to Consulting Teachers.,[Implied],worker,management,,False,active,plain,other,obligation,False,0.0,evaluation,True,
albuquerque_public_schools__atf_negotiated_agreement_2018_19__e7e5b93f,ATF-Negotiated-Agreement_2018-19.pdf,Albuquerque Public Schools,55,Provide feedback on Consulting Teacher reports prior to the PAR Panel presentation.,[Implied],worker,management,,False,active,plain,other,obligation,False,0.0,evaluation,True,
albuquerque_public_schools__atf_negotiated_agreement_2018_19__e7e5b93f,ATF-Negotiated-Agreement_2018-19.pdf,Albuquerque Public Schools,55,Keeping data (database and spreadsheet) and making reports.,[Implied],worker,management,,False,active,plain,other,obligation,False,0.0,evaluation,True,
albuquerque_public_schools__atf_negotiated_agreement_2018_19__e7e5b93f,ATF-Negotiated-Agreement_2018-19.pdf,Albuquerque Public Schools,55,Creating and distributing PAR Panel meeting agendas and resources.,[Implied],worker,management,,False,active,plain,other,obligation,False,0.0,evaluation,True,
albuquerque_public_schools__atf_negotiated_agreement_2018_19__e7e5b93f,ATF-Negotiated-Agreement_2018-19.pdf,Albuquerque Public Schools,55,Scheduling and facilitating PAR Meetings.,[Implied],worker,management,,False,active,plain,other,obligation,False,0.0,evaluation,True,
albuquerque_public_schools__atf_negotiated_agreement_2018_19__e7e5b93f,ATF-Negotiated-Agreement_2018-19.pdf,Albuquerque Public Schools,55,Communicate PAR Panel recommendations to the appropriate HR and ATF staff.,[Implied],worker,management,,False,active,plain,other,obligation,False,0.0,evaluation,True,
albuquerque_public_schools__atf_negotiated_agreement_2018_19__e7e5b93f,ATF-Negotiated-Agreement_2018-19.pdf,Albuquerque Public Schools,55,May serve PAR clients.,[Implied],worker,worker,may,False,active,plain,permission,permission,True,0.3,evaluation,True,
albuquerque_public_schools__atf_negotiated_agreement_2018_19__e7e5b93f,ATF-Negotiated-Agreement_2018-19.pdf,Albuquerque Public Schools,55,Disseminate information and answer questions from teachers about Voluntary Consulting Teacher Support.,[Implied],worker,management,,False,active,plain,other,obligation,False,0.0,evaluation,True,
albuquerque_public_schools__atf_negotiated_agreement_2018_19__e7e5b93f,ATF-Negotiated-Agreement_2018-19.pdf,Albuquerque Public Schools,55,"As PAR program staff members, the Mentor Program Coordinator and PAR Coordinator are excluded from making PAR recommendations.",the Mentor Program Coordinator and PAR Coordinator,worker,worker,,True,passive,prohibition_verb,permission,prohibition,False,0.85,evaluation,True,
albuquerque_public_schools__atf_negotiated_agreement_2018_19__e7e5b93f,ATF-Negotiated-Agreement_2018-19.pdf,Albuquerque Public Schools,55,The Joint Governance PAR Panel monitors intervention work and makes employment recommendations.,The Joint Governance PAR Panel,other,management,,False,active,plain,other,other,True,0.0,evaluation,True,
albuquerque_public_schools__atf_negotiated_agreement_2018_19__e7e5b93f,ATF-Negotiated-Agreement_2018-19.pdf,Albuquerque Public Schools,55,A staff person from both APS and ATF may participate in PAR meetings concerning individuals receiving PAR support.,A staff person from both APS and ATF,other,,may,False,active,plain,permission,,False,0.3,,True,
albuquerque_public_schools__atf_negotiated_agreement_2018_19__e7e5b93f,ATF-Negotiated-Agreement_2018-19.pdf,Albuquerque Public Schools,55,Support shall be offered to teachers experiencing difficulties in the performance of their professional job responsibilities in the following order of priority:,Support,management,,shall,False,passive,rights_passive,right,,False,1.0,,True,
albuquerque_public_schools__atf_negotiated_agreement_2018_19__e7e5b93f,ATF-Negotiated-Agreement_2018-19.pdf,Albuquerque Public Schools,56,The Consulting Teacher does not report on client progress with the principal.,The Consulting Teacher,worker,,,True,active,plain,prohibition,,False,0.0,,True,
albuquerque_public_schools__atf_negotiated_agreement_2018_19__e7e5b93f,ATF-Negotiated-Agreement_2018-19.pdf,Albuquerque Public Schools,56,1.) The Consulting Teacher provides non-evaluative intensive instructional support to the classroom teacher.,The Consulting Teacher,worker,,,False,active,plain,other,,False,0.0,,True,
albuquerque_public_schools__atf_negotiated_agreement_2018_19__e7e5b93f,ATF-Negotiated-Agreement_2018-19.pdf,Albuquerque Public Schools,56,"2.) Consulting Teachers will have the responsibility of working with and communicating with the school principal, the teacher, and the JGP Panel.",Consulting Teachers,worker,,will,False,active,obligation_verb,obligation,,False,0.9,,True,
albuquerque_public_schools__atf_negotiated_agreement_2018_19__e7e5b93f,ATF-Negotiated-Agreement_2018-19.pdf,Albuquerque Public Schools,56,a.) Consulting Teachers do not evaluate.,Consulting Teachers,worker,,,True,active,plain,prohibition,,False,0.0,,True,
albuquerque_public_schools__atf_negotiated_agreement_2018_19__e7e5b93f,ATF-Negotiated-Agreement_2018-19.pdf,Albuquerque Public Schools,56,will continue with observations.,The principal,management,,will,False,active,plain,obligation,,False,0.9,,True,Extracted from split compound sentence; antecedent subject implied.
albuquerque_public_schools__atf_negotiated_agreement_2018_19__e7e5b93f,ATF-Negotiated-Agreement_2018-19.pdf,Albuquerque Public Schools,56,"The principal and the Consulting Teacher can concurrently recommend specific opportunities for professional development (such as classes, workshops, etc.) that are directly connected with the Improvement Plan.",The principal and the Consulting Teacher,other,,can,False,active,permission_verb,permission,,False,0.3,,True,
albuquerque_public_schools__atf_negotiated_agreement_2018_19__e7e5b93f,ATF-Negotiated-Agreement_2018-19.pdf,Albuquerque Public Schools,57,"The Consulting Teacher will report to the JGP Panel on, or near, the target date(s).",The Consulting Teacher,worker,,will,False,active,plain,obligation,,False,0.9,,True,
albuquerque_public_schools__atf_negotiated_agreement_2018_19__e7e5b93f,ATF-Negotiated-Agreement_2018-19.pdf,Albuquerque Public Schools,57,The Consulting Teacher maintains confidentiality.,The Consulting Teacher,worker,,,False,active,plain,other,,False,0.0,,True,
albuquerque_public_schools__atf_negotiated_agreement_2018_19__e7e5b93f,ATF-Negotiated-Agreement_2018-19.pdf,Albuquerque Public Schools,57,Consulting Teachers who are working with teachers on an alternative calendar or schedule may be asked to flex their time to accommodate their client.,Consulting Teachers who are working with teachers on an alternative calendar or schedule,management,,may,False,passive,permission_verb,permission,,False,0.3,,True,
albuquerque_public_schools__atf_negotiated_agreement_2018_19__e7e5b93f,ATF-Negotiated-Agreement_2018-19.pdf,Albuquerque Public Schools,57,Consulting Teachers have the responsibility for research and development for the intervention program and assist in writing the final program guidelines as directed by the Program Coordinator.,Consulting Teachers,worker,,,False,active,plain,other,,False,0.0,,True,
albuquerque_public_schools__atf_negotiated_agreement_2018_19__e7e5b93f,ATF-Negotiated-Agreement_2018-19.pdf,Albuquerque Public Schools,57,Consulting Teachers will be assigned to work first with teachers who are on a District Intensive Evaluation and then be assigned to work with teachers on a District Improvement Plan or approved volunteers until they reach their intervention limit.,Consulting Teachers,management,,will,False,passive,plain,obligation,,False,0.9,,True,
albuquerque_public_schools__atf_negotiated_agreement_2018_19__e7e5b93f,ATF-Negotiated-Agreement_2018-19.pdf,Albuquerque Public Schools,57,Teachers who volunteer receive consultation and visits if PAR has capacity.,Teachers who volunteer,worker,,,False,active,rights_active,right,,False,0.85,,True,
albuquerque_public_schools__atf_negotiated_agreement_2018_19__e7e5b93f,ATF-Negotiated-Agreement_2018-19.pdf,Albuquerque Public Schools,57,Teachers on a District Improvement Plan receive weekly consultation and visits from a PAR Program Consulting Teacher for the purposes of instructional support based on the goals in the Improvement Plan.,Teachers on a District Improvement Plan,worker,,,False,active,rights_active,right,,False,0.85,,True,
albuquerque_public_schools__atf_negotiated_agreement_2018_19__e7e5b93f,ATF-Negotiated-Agreement_2018-19.pdf,Albuquerque Public Schools,57,Teachers on a District Intensive Evaluation receive additional consultation and visits from a PAR Program Consulting Teacher for the purposes of instructional support based on the goals in the Intensive Improvement Plan.,Teachers on a District Intensive Evaluation,worker,,,False,active,rights_active,right,,False,0.85,,True,
albuquerque_public_schools__atf_negotiated_agreement_2018_19__e7e5b93f,ATF-Negotiated-Agreement_2018-19.pdf,Albuquerque Public Schools,57,Consulting Teachers who do not have a full intervention load will assist with the Mentoring Program by contributing their expertise and experience.,Consulting Teachers who do not have a full intervention load,worker,,will,False,active,plain,obligation,,False,0.9,,True,
albuquerque_public_schools__atf_negotiated_agreement_2018_19__e7e5b93f,ATF-Negotiated-Agreement_2018-19.pdf,Albuquerque Public Schools,58,Consulting Teachers may mentor Beginning Teachers who are not yet assigned by the first or third quarter of the school year.,Consulting Teachers,worker,,may,False,active,plain,permission,,False,0.3,,True,
albuquerque_public_schools__atf_negotiated_agreement_2018_19__e7e5b93f,ATF-Negotiated-Agreement_2018-19.pdf,Albuquerque Public Schools,58,Consulting Teachers who teach part-time and are assigned a Beginning Teacher at their school site will complete their Mentoring effectively within the days they are there,Consulting Teachers who teach part-time and are assigned a Beginning Teacher at their school site,worker,,will,False,active,plain,obligation,,False,0.9,,True,
albuquerque_public_schools__atf_negotiated_agreement_2018_19__e7e5b93f,ATF-Negotiated-Agreement_2018-19.pdf,Albuquerque Public Schools,58,"Consulting Teachers who teach part-time and are assigned a Beginning Teacher at their school site are entitled to the $2,000 Mentoring differential if the mentoring takes place during the time assigned at the school.",Consulting Teachers who teach part-time and are assigned a Beginning Teacher at their school site,worker,,,False,passive,rights_passive,right,,False,0.85,,True,
albuquerque_public_schools__atf_negotiated_agreement_2018_19__e7e5b93f,ATF-Negotiated-Agreement_2018-19.pdf,Albuquerque Public Schools,58,"Consulting Teachers who teach part time and are assigned to work with a Beginning Teacher at another site during the time released for Consulting Teacher work will earn a differential of $500 per Beginning Teacher for the time it takes to effectively mentor and keep up with the duties as described above, if the mentoring takes place during the time assigned as a Consulting Teacher.",Consulting Teachers who teach part time and are assigned to work with a Beginning Teacher at another site during the time released for Consulting Teacher work,worker,,will,False,active,rights_active,right,,False,0.9,,True,
albuquerque_public_schools__atf_negotiated_agreement_2018_19__e7e5b93f,ATF-Negotiated-Agreement_2018-19.pdf,Albuquerque Public Schools,58,Consulting Teachers who are released from the classroom to work as a Consulting Teacher will not receive a differential for working with Beginning Teachers.,Consulting Teachers who are released from the classroom to work as a Consulting Teacher,worker,,will,True,active,plain,prohibition,,False,0.9,,True,
albuquerque_public_schools__atf_negotiated_agreement_2018_19__e7e5b93f,ATF-Negotiated-Agreement_2018-19.pdf,Albuquerque Public Schools,58,Consulting Teachers may assist in the interviewing and selection of Mentors and Consulting Teachers.,Consulting Teachers,worker,,may,False,active,plain,permission,,False,0.3,,True,
albuquerque_public_schools__atf_negotiated_agreement_2018_19__e7e5b93f,ATF-Negotiated-Agreement_2018-19.pdf,Albuquerque Public Schools,58,"Consulting Teachers will serve no more than three (3) years unless a fourth (4th) year is mutually agreed to by APS, ATF and the Consulting Teacher.",Consulting Teachers,worker,,will,False,active,plain,obligation,,False,0.9,,True,
albuquerque_public_schools__atf_negotiated_agreement_2018_19__e7e5b93f,ATF-Negotiated-Agreement_2018-19.pdf,Albuquerque Public Schools,58,APS and ATF will present jointly to principals at a designated time at the beginning of each school year.,APS and ATF,other,,will,False,active,plain,obligation,,False,0.9,,True,
albuquerque_public_schools__atf_negotiated_agreement_2018_19__e7e5b93f,ATF-Negotiated-Agreement_2018-19.pdf,Albuquerque Public Schools,59,Principal notes the concern(s) in the teacher’s performance to discern if there is a pattern.,Principal,management,,,False,active,plain,other,,False,0.0,,True,
albuquerque_public_schools__atf_negotiated_agreement_2018_19__e7e5b93f,ATF-Negotiated-Agreement_2018-19.pdf,Albuquerque Public Schools,59,Concerns regarding the teacher’s performance may come about as a result of classroom observations or other evidence of teaching problems.,Concerns regarding the teacher’s performance,other,,may,False,active,plain,permission,,False,0.3,,True,
albuquerque_public_schools__atf_negotiated_agreement_2018_19__e7e5b93f,ATF-Negotiated-Agreement_2018-19.pdf,Albuquerque Public Schools,59,Principal confirms the pattern with evidence from observations.,Principal,management,,,False,active,plain,other,,False,0.0,,True,
albuquerque_public_schools__atf_negotiated_agreement_2018_19__e7e5b93f,ATF-Negotiated-Agreement_2018-19.pdf,Albuquerque Public Schools,59,Principal converses with teacher to notify him/her of the concern(s).,Principal,management,,,False,active,plain,other,,False,0.0,,True,
albuquerque_public_schools__atf_negotiated_agreement_2018_19__e7e5b93f,ATF-Negotiated-Agreement_2018-19.pdf,Albuquerque Public Schools,59,The principal addresses the specific concern(s) with the teacher verbally and/or in writing if already addressed verbally.,The principal,management,,,False,active,plain,other,,False,0.0,,True,
albuquerque_public_schools__atf_negotiated_agreement_2018_19__e7e5b93f,ATF-Negotiated-Agreement_2018-19.pdf,Albuquerque Public Schools,59,The principal advises the teacher that communication about the concern(s) will continue,The principal,management,worker,will,False,active,plain,obligation,other,False,0.9,evaluation,True,
albuquerque_public_schools__atf_negotiated_agreement_2018_19__e7e5b93f,ATF-Negotiated-Agreement_2018-19.pdf,Albuquerque Public Schools,59,a follow-up is scheduled in a specified time frame.,a follow-up,management,worker,,False,passive,plain,other,obligation,False,0.0,evaluation,True,
albuquerque_public_schools__atf_negotiated_agreement_2018_19__e7e5b93f,ATF-Negotiated-Agreement_2018-19.pdf,Albuquerque Public Schools,59,The principal provides assistance to the teacher.,The principal,management,worker,,False,active,plain,other,obligation,False,0.0,evaluation,True,
albuquerque_public_schools__atf_negotiated_agreement_2018_19__e7e5b93f,ATF-Negotiated-Agreement_2018-19.pdf,Albuquerque Public Schools,59,"the principal and the teacher will meet to review the documentation (meetings, memos, concerns, observations, etc.).",the principal and the teacher,other,worker,will,False,active,plain,obligation,obligation,True,0.9,evaluation,True,
albuquerque_public_schools__atf_negotiated_agreement_2018_19__e7e5b93f,ATF-Negotiated-Agreement_2018-19.pdf,Albuquerque Public Schools,59,"a meeting with the teacher, principal, a representative from the Albuquerque Teachers Federation, and a Human Resources Representative is scheduled.","a meeting with the teacher, principal, a representative from the Albuquerque Teachers Federation, and a Human Resources Representative",management,worker,,False,passive,plain,other,obligation,False,0.0,evaluation,True,
albuquerque_public_schools__atf_negotiated_agreement_2018_19__e7e5b93f,ATF-Negotiated-Agreement_2018-19.pdf,Albuquerque Public Schools,59,"The concerns, evidence, expectations, support, improvement plan and a target date for improvement will be reviewed at this meeting.","The concerns, evidence, expectations, support, improvement plan and a target date for improvement",management,worker,will,False,passive,plain,obligation,obligation,True,0.9,evaluation,True,
albuquerque_public_schools__atf_negotiated_agreement_2018_19__e7e5b93f,ATF-Negotiated-Agreement_2018-19.pdf,Albuquerque Public Schools,59,a Consulting Teacher will be assigned if there is space available in the PAR Program.,a Consulting Teacher,management,worker,will,False,passive,plain,obligation,obligation,True,0.9,evaluation,True,Conditional clause extracted as main operative clause.
albuquerque_public_schools__atf_negotiated_agreement_2018_19__e7e5b93f,ATF-Negotiated-Agreement_2018-19.pdf,Albuquerque Public Schools,59,Support provided by the Consulting Teacher through the PAR Program is not optional for employees on District Improvement or Intensive Evaluation Plans.,Support provided by the Consulting Teacher through the PAR Program,other,worker,,True,active,plain,prohibition,prohibition,True,0.0,evaluation,True,
albuquerque_public_schools__atf_negotiated_agreement_2018_19__e7e5b93f,ATF-Negotiated-Agreement_2018-19.pdf,Albuquerque Public Schools,59,The principal will continue to make regular classroom observations and provide summary memorandums (feedback) as to what has been observed.,The principal,management,worker,will,False,active,plain,obligation,obligation,True,0.9,evaluation,True,
albuquerque_public_schools__atf_negotiated_agreement_2018_19__e7e5b93f,ATF-Negotiated-Agreement_2018-19.pdf,Albuquerque Public Schools,59,The memos may include suggestions and reminders if the teacher is or isn’t making expected progress.,The memos,other,management,may,False,active,plain,permission,permission,True,0.3,evaluation,True,Negation in subordinate clause does not affect operative verb.
albuquerque_public_schools__atf_negotiated_agreement_2018_19__e7e5b93f,ATF-Negotiated-Agreement_2018-19.pdf,Albuquerque Public Schools,59,Walk-through visits are not evaluative and thus are not part of the regular classroom observations noted above.,Walk-through visits,other,worker,,True,active,plain,prohibition,other,False,0.0,evaluation,True,
albuquerque_public_schools__atf_negotiated_agreement_2018_19__e7e5b93f,ATF-Negotiated-Agreement_2018-19.pdf,Albuquerque Public Schools,59,the Improvement or Intensive Evaluation Plan will be drafted.,the Improvement or Intensive Evaluation Plan,management,worker,will,False,passive,plain,obligation,obligation,True,0.9,evaluation,True,
albuquerque_public_schools__atf_negotiated_agreement_2018_19__e7e5b93f,ATF-Negotiated-Agreement_2018-19.pdf,Albuquerque Public Schools,59,Specific concerns will be identified in the plan.,Specific concerns,management,worker,will,False,passive,plain,obligation,obligation,True,0.9,evaluation,True,
albuquerque_public_schools__atf_negotiated_agreement_2018_19__e7e5b93f,ATF-Negotiated-Agreement_2018-19.pdf,Albuquerque Public Schools,60,"Prior to meeting with the teacher, the Improvement or Intensive Evaluation Plan will be drafted.",the Improvement or Intensive Evaluation Plan,management,worker,will,False,passive,plain,obligation,obligation,True,0.9,evaluation,True,
albuquerque_public_schools__atf_negotiated_agreement_2018_19__e7e5b93f,ATF-Negotiated-Agreement_2018-19.pdf,Albuquerque Public Schools,60,PAR support will be provided to a teacher at the beginning of an Improvement Plan unless the program does not have the capacity to provide assistance.,PAR support,management,worker,will,False,passive,rights_passive,right,obligation,False,0.9,evaluation,True,
albuquerque_public_schools__atf_negotiated_agreement_2018_19__e7e5b93f,ATF-Negotiated-Agreement_2018-19.pdf,Albuquerque Public Schools,60,APS HR and an ATF representative will discuss PAR program to confirm that it is the appropriate support for each situation.,APS HR and an ATF representative,other,worker,will,False,active,plain,obligation,obligation,True,0.9,evaluation,True,
albuquerque_public_schools__atf_negotiated_agreement_2018_19__e7e5b93f,ATF-Negotiated-Agreement_2018-19.pdf,Albuquerque Public Schools,60,"At the first meeting between the principal, HR, the ATF representative and the teacher, the Improvement Plan will be discussed, revised if necessary, and signed.",the Improvement Plan,other,worker,will,False,passive,plain,obligation,obligation,True,0.9,evaluation,True,
albuquerque_public_schools__atf_negotiated_agreement_2018_19__e7e5b93f,ATF-Negotiated-Agreement_2018-19.pdf,Albuquerque Public Schools,60,"Once signed, the Improvement Plan will be sent to the PAR Coordinator.",the Improvement Plan,management,worker,will,False,passive,plain,obligation,obligation,True,0.9,evaluation,True,
albuquerque_public_schools__atf_negotiated_agreement_2018_19__e7e5b93f,ATF-Negotiated-Agreement_2018-19.pdf,Albuquerque Public Schools,60,The Consulting Teacher is assigned,The Consulting Teacher,management,worker,,False,passive,plain,other,other,True,0.0,evaluation,True,
albuquerque_public_schools__atf_negotiated_agreement_2018_19__e7e5b93f,ATF-Negotiated-Agreement_2018-19.pdf,Albuquerque Public Schools,60,the responsibility for coordinating and providing support is shifted from the principal to the Consulting Teacher.,the responsibility for coordinating and providing support,management,worker,,False,passive,plain,other,other,True,0.0,evaluation,True,
albuquerque_public_schools__atf_negotiated_agreement_2018_19__e7e5b93f,ATF-Negotiated-Agreement_2018-19.pdf,Albuquerque Public Schools,60,The teacher will be advised of the support available through the PAR process,The teacher,management,worker,will,False,passive,rights_passive,right,obligation,False,0.9,evaluation,True,
albuquerque_public_schools__atf_negotiated_agreement_2018_19__e7e5b93f,ATF-Negotiated-Agreement_2018-19.pdf,Albuquerque Public Schools,60,informed of the role of the Consulting Teacher.,The teacher,management,worker,will,False,passive,rights_passive,right,obligation,False,0.9,evaluation,True,
albuquerque_public_schools__atf_negotiated_agreement_2018_19__e7e5b93f,ATF-Negotiated-Agreement_2018-19.pdf,Albuquerque Public Schools,60,The Consulting Teacher shall facilitate communication between the principal and the teacher regarding the Improvement Plan.,The Consulting Teacher,other,worker,shall,False,active,plain,obligation,obligation,True,1.0,evaluation,True,
albuquerque_public_schools__atf_negotiated_agreement_2018_19__e7e5b93f,ATF-Negotiated-Agreement_2018-19.pdf,Albuquerque Public Schools,60,The teacher is responsible for meeting with his/her assigned Consulting Teacher.,The teacher,worker,management,,False,active,obligation_verb,obligation,obligation,True,0.85,evaluation,True,
albuquerque_public_schools__atf_negotiated_agreement_2018_19__e7e5b93f,ATF-Negotiated-Agreement_2018-19.pdf,Albuquerque Public Schools,60,"If Competency 9 (The teacher works productively with colleagues, parents, and community members.) is the only competency of concern, then support will not be provided through the PAR Process.",support,management,management,will,True,passive,plain,prohibition,prohibition,True,0.9,evaluation,True,
albuquerque_public_schools__atf_negotiated_agreement_2018_19__e7e5b93f,ATF-Negotiated-Agreement_2018-19.pdf,Albuquerque Public Schools,60,"Once a teacher is placed on an Improvement Plan to address Competency 9, a meeting will be scheduled with the teacher, principal and an ATF representative to discuss options other than PAR for providing support regarding Competency 9.",a meeting,management,worker,will,False,passive,plain,obligation,obligation,True,0.9,evaluation,True,
albuquerque_public_schools__atf_negotiated_agreement_2018_19__e7e5b93f,ATF-Negotiated-Agreement_2018-19.pdf,Albuquerque Public Schools,60,Target dates for the Improvement and/or Intensive Evaluation plan shall be established.,Target dates,management,worker,shall,False,passive,plain,obligation,obligation,True,1.0,evaluation,True,
albuquerque_public_schools__atf_negotiated_agreement_2018_19__e7e5b93f,ATF-Negotiated-Agreement_2018-19.pdf,Albuquerque Public Schools,60,The Consulting Teacher and Principal will meet with the JGP Panel to review the case.,The Consulting Teacher and Principal,other,worker,will,False,active,plain,obligation,obligation,True,0.9,evaluation,True,
albuquerque_public_schools__atf_negotiated_agreement_2018_19__e7e5b93f,ATF-Negotiated-Agreement_2018-19.pdf,Albuquerque Public Schools,60,"The principal will present to the JGP panel a synopsis of his/her evaluation, observations and debriefings based on the improvement plan.",The principal,management,worker,will,False,active,plain,obligation,obligation,True,0.9,evaluation,True,
albuquerque_public_schools__atf_negotiated_agreement_2018_19__e7e5b93f,ATF-Negotiated-Agreement_2018-19.pdf,Albuquerque Public Schools,60,A JGP Panel form will be provided to the principal.,A JGP Panel form,management,management,will,False,passive,rights_passive,right,obligation,False,0.9,evaluation,True,
albuquerque_public_schools__atf_negotiated_agreement_2018_19__e7e5b93f,ATF-Negotiated-Agreement_2018-19.pdf,Albuquerque Public Schools,60,"A determination, based on the JGP panel’s recommendations, will be made.",A determination,management,management,will,False,passive,plain,obligation,obligation,True,0.9,evaluation,True,
albuquerque_public_schools__atf_negotiated_agreement_2018_19__e7e5b93f,ATF-Negotiated-Agreement_2018-19.pdf,Albuquerque Public Schools,60,The Panel can choose one of the following:,The Panel,other,management,can,False,active,permission_verb,permission,permission,True,0.3,other,True,
albuquerque_public_schools__atf_negotiated_agreement_2018_19__e7e5b93f,ATF-Negotiated-Agreement_2018-19.pdf,Albuquerque Public Schools,61,"A meeting will be held with the teacher, principal, HR and an ATF staff representative to notify the teacher that s/he did or did not meet the expectations of the improvement plan by the target date.",A meeting,management,worker,will,False,passive,plain,obligation,obligation,True,0.9,evaluation,True,
albuquerque_public_schools__atf_negotiated_agreement_2018_19__e7e5b93f,ATF-Negotiated-Agreement_2018-19.pdf,Albuquerque Public Schools,61,It is the principal’s responsibility to communicate the decision to the teacher in a summary letter as soon as five (5) but no later than ten (10) working days.,It,management,worker,,False,active,obligation_verb,obligation,obligation,True,0.85,evaluation,True,
albuquerque_public_schools__atf_negotiated_agreement_2018_19__e7e5b93f,ATF-Negotiated-Agreement_2018-19.pdf,Albuquerque Public Schools,61,The statutory process for termination/discharge will be followed.,The statutory process for termination/discharge,management,worker,will,False,passive,plain,obligation,obligation,True,0.9,discipline,True,
albuquerque_public_schools__atf_negotiated_agreement_2018_19__e7e5b93f,ATF-Negotiated-Agreement_2018-19.pdf,Albuquerque Public Schools,62,Continuing Education Units (CEUs) are required as a part of the Professional Portfolio,Continuing Education Units (CEUs),other,management,,False,passive,obligation_verb,obligation,obligation,True,0.85,professional_development,True,
albuquerque_public_schools__atf_negotiated_agreement_2018_19__e7e5b93f,ATF-Negotiated-Agreement_2018-19.pdf,Albuquerque Public Schools,62,An employee must successfully complete the entire portfolio process in order to be eligible for movement to the next Level within the Career Pathway system.,An employee,worker,management,must,False,active,plain,obligation,obligation,True,1.0,professional_development,True,
albuquerque_public_schools__atf_negotiated_agreement_2018_19__e7e5b93f,ATF-Negotiated-Agreement_2018-19.pdf,Albuquerque Public Schools,62,the successfully completed section(s) may be banked for resubmission at the time of the next portfolio submission window.,the successfully completed section(s),other,worker,may,False,passive,plain,permission,permission,True,0.3,professional_development,True,
albuquerque_public_schools__atf_negotiated_agreement_2018_19__e7e5b93f,ATF-Negotiated-Agreement_2018-19.pdf,Albuquerque Public Schools,62,Compensation changes resulting from a change in level shall only occur if the request for movement is submitted prior to September 15.,Compensation changes resulting from a change in level,other,management,shall,False,active,plain,obligation,obligation,True,1.0,compensation,True,
albuquerque_public_schools__atf_negotiated_agreement_2018_19__e7e5b93f,ATF-Negotiated-Agreement_2018-19.pdf,Albuquerque Public Schools,62,"Support and Related Services personnel who leave employment in APS to work in the private sector or other district, and then return to APS will be given credit for the years in private sector work on the salary matrix.","Support and Related Services personnel who leave employment in APS to work in the private sector or other district, and then return to APS",management,worker,will,False,passive,rights_passive,right,obligation,False,0.9,compensation,True,
albuquerque_public_schools__atf_negotiated_agreement_2018_19__e7e5b93f,ATF-Negotiated-Agreement_2018-19.pdf,Albuquerque Public Schools,62,Placement will be based on directly related experience within the same discipline.,Placement,other,worker,will,False,passive,plain,obligation,obligation,True,0.9,compensation,True,
albuquerque_public_schools__atf_negotiated_agreement_2018_19__e7e5b93f,ATF-Negotiated-Agreement_2018-19.pdf,Albuquerque Public Schools,62,"they will be placed at Level 3, step 7.",they,management,worker,will,False,passive,plain,obligation,obligation,True,0.9,compensation,True,Exemplary placement scenario
albuquerque_public_schools__atf_negotiated_agreement_2018_19__e7e5b93f,ATF-Negotiated-Agreement_2018-19.pdf,Albuquerque Public Schools,63,"they will be placed at Level 2, Step 4.",they,management,worker,will,False,passive,plain,obligation,obligation,True,0.9,compensation,True,
albuquerque_public_schools__atf_negotiated_agreement_2018_19__e7e5b93f,ATF-Negotiated-Agreement_2018-19.pdf,Albuquerque Public Schools,63,they will be placed at Level 1,they,management,worker,will,False,passive,plain,obligation,obligation,True,0.9,compensation,True,
albuquerque_public_schools__atf_negotiated_agreement_2018_19__e7e5b93f,ATF-Negotiated-Agreement_2018-19.pdf,Albuquerque Public Schools,63,the step will correspond with their completed years in that field.,the step,other,worker,will,False,active,plain,obligation,obligation,True,0.9,compensation,True,
albuquerque_public_schools__atf_negotiated_agreement_2018_19__e7e5b93f,ATF-Negotiated-Agreement_2018-19.pdf,Albuquerque Public Schools,63,New hires will be placed at their appropriate level and step according to their credentials and experience.,New hires,management,worker,will,False,passive,plain,obligation,obligation,True,0.9,compensation,True,
albuquerque_public_schools__atf_negotiated_agreement_2018_19__e7e5b93f,ATF-Negotiated-Agreement_2018-19.pdf,Albuquerque Public Schools,63,Movement to the next CPS level is contingent upon verifiable experience of at least 160 days of work in a year or the equivalent of 480 days over 3 years and successful completion of a required portfolio.,Movement to the next CPS level,other,management,,False,active,plain,other,other,True,0.0,professional_development,True,
albuquerque_public_schools__atf_negotiated_agreement_2018_19__e7e5b93f,ATF-Negotiated-Agreement_2018-19.pdf,Albuquerque Public Schools,63,Previous experience must be as a fully licensed practitioner in the same discipline.,Previous experience,other,management,must,False,active,plain,obligation,obligation,True,1.0,compensation,True,
albuquerque_public_schools__atf_negotiated_agreement_2018_19__e7e5b93f,ATF-Negotiated-Agreement_2018-19.pdf,Albuquerque Public Schools,63,Verification forms to be submitted with documents for employment.,Verification forms,management,management,,False,passive,plain,other,other,True,0.0,other,True,Fragment/ellipsis of 'shall be submitted'.
albuquerque_public_schools__atf_negotiated_agreement_2018_19__e7e5b93f,ATF-Negotiated-Agreement_2018-19.pdf,Albuquerque Public Schools,63,Placement in the CPS will be based on verified years of experience and credentials.,Placement in the CPS,other,worker,will,False,active,plain,obligation,obligation,True,0.9,compensation,True,
albuquerque_public_schools__atf_negotiated_agreement_2018_19__e7e5b93f,ATF-Negotiated-Agreement_2018-19.pdf,Albuquerque Public Schools,63,Written verification of previous experience is required before any movement to a higher level or higher step may occur.,Written verification of previous experience,management,management,may,False,active,obligation_verb,obligation,obligation,True,0.3,compensation,True,
albuquerque_public_schools__atf_negotiated_agreement_2018_19__e7e5b93f,ATF-Negotiated-Agreement_2018-19.pdf,Albuquerque Public Schools,63,A licensed employee moving from the Career Pathway into the Three-Tiered Licensure System and onto one of the three teacher salary matrices will be placed on the appropriate schedule in accordance with state statute.,A licensed employee moving from the Career Pathway into the Three-Tiered Licensure System and onto one of the three teacher salary matrices,management,worker,will,False,passive,plain,obligation,obligation,True,0.9,compensation,True,
albuquerque_public_schools__atf_negotiated_agreement_2018_19__e7e5b93f,ATF-Negotiated-Agreement_2018-19.pdf,Albuquerque Public Schools,63,Individuals considering movement should check with the PED Licensure Unit to determine Licensure Level eligibility prior to exiting the Career Pathway.,Individuals considering movement,worker,management,should,False,active,plain,obligation,obligation,True,0.7,professional_development,True,
albuquerque_public_schools__atf_negotiated_agreement_2018_19__e7e5b93f,ATF-Negotiated-Agreement_2018-19.pdf,Albuquerque Public Schools,63,Teachers moving over to the CPS may take all years of step experience for placement in the CPS at Level 1.,Teachers moving over to the CPS,worker,worker,may,False,active,permission_verb,permission,permission,True,0.3,compensation,True,
albuquerque_public_schools__atf_negotiated_agreement_2018_19__e7e5b93f,ATF-Negotiated-Agreement_2018-19.pdf,Albuquerque Public Schools,63,"Athletic Trainers moving to the CPS will continue at their current level and step, or advance to a higher level and step, based on verifiable years of experience.",Athletic Trainers moving to the CPS,worker,worker,will,False,active,plain,obligation,obligation,True,0.9,compensation,True,
albuquerque_public_schools__atf_negotiated_agreement_2018_19__e7e5b93f,ATF-Negotiated-Agreement_2018-19.pdf,Albuquerque Public Schools,63,"Starting in 2016-2017, verifiable years of service outside of APS shall count towards step and level within APS.",verifiable years of service outside of APS,other,worker,shall,False,active,plain,obligation,obligation,True,1.0,compensation,True,
albuquerque_public_schools__atf_negotiated_agreement_2018_19__e7e5b93f,ATF-Negotiated-Agreement_2018-19.pdf,Albuquerque Public Schools,63,"In order to receive reciprocity, current employees must provide verification of experience outside of APS by September 15th to the Department of Human Resources.",current employees,worker,management,must,False,active,obligation_verb,obligation,obligation,True,1.0,compensation,True,
albuquerque_public_schools__atf_negotiated_agreement_2018_19__e7e5b93f,ATF-Negotiated-Agreement_2018-19.pdf,Albuquerque Public Schools,64,"An Athletic Trainer with a teaching license, who is eligible to advance in the teacher licensure system may only do so in the 3-Tiered Teacher Licensure system","An Athletic Trainer with a teaching license, who is eligible to advance in the teacher licensure system",worker,management,may,False,active,plain,permission,prohibition,False,0.3,other,True,
albuquerque_public_schools__atf_negotiated_agreement_2018_19__e7e5b93f,ATF-Negotiated-Agreement_2018-19.pdf,Albuquerque Public Schools,64,as such must submit and pass a professional Development dossier (PDD).,as such,worker,management,must,False,active,obligation_verb,obligation,obligation,True,1.0,professional_development,True,
albuquerque_public_schools__atf_negotiated_agreement_2018_19__e7e5b93f,ATF-Negotiated-Agreement_2018-19.pdf,Albuquerque Public Schools,64,An Athletic Trainer who does not possess a teaching license may progress using the APS/ATF Career Pathway system.,An Athletic Trainer who does not possess a teaching license,worker,worker,may,False,active,plain,permission,permission,True,0.3,professional_development,True,
albuquerque_public_schools__atf_negotiated_agreement_2018_19__e7e5b93f,ATF-Negotiated-Agreement_2018-19.pdf,Albuquerque Public Schools,64,"An Athletic Director who has a teaching license, but no longer requires that license in order to complete their job responsibilities, may choose to advance using either the state dossier system or the APS/ATF CPS system.","An Athletic Director who has a teaching license, but no longer requires that license in order to complete their job responsibilities",worker,worker,may,False,active,plain,permission,permission,True,0.3,compensation,True,
albuquerque_public_schools__atf_negotiated_agreement_2018_19__e7e5b93f,ATF-Negotiated-Agreement_2018-19.pdf,Albuquerque Public Schools,64,A teacher new to a counseling position will be placed on the Career Pathway Level 1,A teacher new to a counseling position,management,worker,will,False,passive,plain,obligation,obligation,True,0.9,compensation,True,
albuquerque_public_schools__atf_negotiated_agreement_2018_19__e7e5b93f,ATF-Negotiated-Agreement_2018-19.pdf,Albuquerque Public Schools,64,Step placement shall correspond with teaching years.,Step placement,other,worker,shall,False,active,plain,obligation,obligation,True,1.0,compensation,True,
albuquerque_public_schools__atf_negotiated_agreement_2018_19__e7e5b93f,ATF-Negotiated-Agreement_2018-19.pdf,Albuquerque Public Schools,64,Teachers who were working on their counselor’s credential prior to the full implementation of the CPS (SY 2006-2007) will be placed at their current (teacher) pay level in the CPS.,Teachers who were working on their counselor’s credential prior to the full implementation of the CPS (SY 2006-2007),management,worker,will,False,passive,plain,obligation,obligation,True,0.9,compensation,True,
albuquerque_public_schools__atf_negotiated_agreement_2018_19__e7e5b93f,ATF-Negotiated-Agreement_2018-19.pdf,Albuquerque Public Schools,64,"Only those teachers completing their counselor’s degree by May, 2009 can benefit from this extension.","Only those teachers completing their counselor’s degree by May, 2009",worker,worker,can,False,active,plain,permission,permission,True,0.3,compensation,True,
albuquerque_public_schools__atf_negotiated_agreement_2018_19__e7e5b93f,ATF-Negotiated-Agreement_2018-19.pdf,Albuquerque Public Schools,64,Experience as an ALS shall count only for step placement on the SLP pay matrix.,Experience as an ALS,other,management,shall,False,active,plain,obligation,obligation,True,1.0,compensation,True,
albuquerque_public_schools__atf_negotiated_agreement_2018_19__e7e5b93f,ATF-Negotiated-Agreement_2018-19.pdf,Albuquerque Public Schools,64,Experience as an ALS may not be used for step placement on any other matrix.,Experience as an ALS,other,management,may,True,passive,prohibition_verb,permission,prohibition,False,0.3,compensation,True,
albuquerque_public_schools__atf_negotiated_agreement_2018_19__e7e5b93f,ATF-Negotiated-Agreement_2018-19.pdf,Albuquerque Public Schools,64,All existing and newly hired 1-A licensed special education teachers will be obligated to participate in 12 hours of APS provided professional development.,All existing and newly hired 1-A licensed special education teachers,worker,management,will,False,active,obligation_verb,obligation,obligation,True,0.9,professional_development,True,
albuquerque_public_schools__atf_negotiated_agreement_2018_19__e7e5b93f,ATF-Negotiated-Agreement_2018-19.pdf,Albuquerque Public Schools,64,"Starting in the 2014-2015 school year, all newly hired Special Education and 1-A special education teachers who are assigned to teach in an Intensive Global Support 1 (IGS1), Intensive Global Support 2 (IGS2), Social Communication Support (SCS1 or SCS2 or SCS3), Social Emotional Support 1 (SES1) and Social Emotional Support 2 (SES2) classroom (self-contained or full-day as defined by the district Special Education Department) are required to attend three (3) days of training prior to the beginning of school.","all newly hired Special Education and 1-A special education teachers who are assigned to teach in an Intensive Global Support 1 (IGS1), Intensive Global Support 2 (IGS2), Social Communication Support (SCS1 or SCS2 or SCS3), Social Emotional Support 1 (SES1) and Social Emotional Support 2 (SES2) classroom (self-contained or full-day as defined by the district Special Education Department)",worker,management,,False,active,obligation_verb,obligation,obligation,True,0.85,professional_development,True,
albuquerque_public_schools__atf_negotiated_agreement_2018_19__e7e5b93f,ATF-Negotiated-Agreement_2018-19.pdf,Albuquerque Public Schools,65,Compensation for the training will be at the employee’s daily rate of pay.,Compensation for the training,other,worker,will,False,active,plain,obligation,obligation,True,0.9,compensation,True,
albuquerque_public_schools__atf_negotiated_agreement_2018_19__e7e5b93f,ATF-Negotiated-Agreement_2018-19.pdf,Albuquerque Public Schools,65,"Starting in the 2017-2018 school year, credit on salary matrices A-3 and A-4 shall be given for all licensed employment experience within the District.",credit on salary matrices A-3 and A-4,management,worker,shall,False,passive,rights_passive,right,obligation,False,1.0,compensation,True,Implicit agent is management.
albuquerque_public_schools__atf_negotiated_agreement_2018_19__e7e5b93f,ATF-Negotiated-Agreement_2018-19.pdf,Albuquerque Public Schools,65,Educational diagnosticians and licensed school psychologists shall be given all of their in- district experience in either job classification on each other’s salary matrix.,Educational diagnosticians and licensed school psychologists,management,worker,shall,False,passive,rights_passive,right,obligation,False,1.0,compensation,True,
albuquerque_public_schools__atf_negotiated_agreement_2018_19__e7e5b93f,ATF-Negotiated-Agreement_2018-19.pdf,Albuquerque Public Schools,65,Audiologists and Physical Therapists with Clinical Doctorates as an entry-level credential will be placed on the A-3 salary matrix working a 208-day year/8-hour day.,Audiologists and Physical Therapists with Clinical Doctorates as an entry-level credential,management,worker,will,False,passive,rights_passive,right,obligation,False,0.9,compensation,True,
albuquerque_public_schools__atf_negotiated_agreement_2018_19__e7e5b93f,ATF-Negotiated-Agreement_2018-19.pdf,Albuquerque Public Schools,65,Board Certified Behavior Analysts (BCBA) will be placed on salary matrix A-2.,Board Certified Behavior Analysts (BCBA),management,worker,will,False,passive,rights_passive,right,obligation,False,0.9,compensation,True,
albuquerque_public_schools__atf_negotiated_agreement_2018_19__e7e5b93f,ATF-Negotiated-Agreement_2018-19.pdf,Albuquerque Public Schools,65,"For employees on the AT-1, AT-2 and AT-3 and A-2 salary matrices, the work year shall consist of one hundred eighty-four (184) workday.",the work year,other,worker,shall,False,active,plain,obligation,obligation,True,1.0,workload,True,
albuquerque_public_schools__atf_negotiated_agreement_2018_19__e7e5b93f,ATF-Negotiated-Agreement_2018-19.pdf,Albuquerque Public Schools,65,"Employees on the A-3 and A-4 salary matrices, the work year shall consist of two hundred and eight (208) workdays.",the work year,other,worker,shall,False,active,plain,obligation,obligation,True,1.0,workload,True,
albuquerque_public_schools__atf_negotiated_agreement_2018_19__e7e5b93f,ATF-Negotiated-Agreement_2018-19.pdf,Albuquerque Public Schools,65,The duty day for employees on the A-3 and A-4 salary matrices shall consist of eight (8) hours excluding a lunch period.,The duty day for employees on the A-3 and A-4 salary matrices,other,worker,shall,False,active,plain,obligation,obligation,True,1.0,workload,True,
albuquerque_public_schools__atf_negotiated_agreement_2018_19__e7e5b93f,ATF-Negotiated-Agreement_2018-19.pdf,Albuquerque Public Schools,65,"In the event an employee on the A-3 or A-4 salary matrix regularly works less than a five (5) day week, the duty week shall consist of no more than forty (40) hours.",the duty week,other,worker,shall,False,active,plain,obligation,obligation,True,1.0,workload,True,
albuquerque_public_schools__atf_negotiated_agreement_2018_19__e7e5b93f,ATF-Negotiated-Agreement_2018-19.pdf,Albuquerque Public Schools,66,"Before the beginning of each school year, secondary schools will submit a plan detailing how preparation periods/times are scheduled.",secondary schools,management,worker,will,False,active,plain,obligation,obligation,True,0.9,workload,True,
albuquerque_public_schools__atf_negotiated_agreement_2018_19__e7e5b93f,ATF-Negotiated-Agreement_2018-19.pdf,Albuquerque Public Schools,66,"In the event preparation time is scheduled for teachers through coverage by non-licensed employees, the lesson or activity should be associated with the class curriculum and/or students’ IEPs.",the lesson or activity,worker,worker,should,False,passive,plain,obligation,obligation,True,0.7,workload,True,
albuquerque_public_schools__atf_negotiated_agreement_2018_19__e7e5b93f,ATF-Negotiated-Agreement_2018-19.pdf,Albuquerque Public Schools,66,Teachers shall not be required to send students to another teacher (who has a class of students) in order to get their prep period.,Teachers,management,worker,shall,True,passive,prohibition_verb,permission,prohibition,False,1.0,workload,True,Passive construction; implicit agent requiring teachers is management.
albuquerque_public_schools__atf_negotiated_agreement_2018_19__e7e5b93f,ATF-Negotiated-Agreement_2018-19.pdf,Albuquerque Public Schools,66,Each elementary school shall strive to equalize the amount of prep time general and special education teachers receive.,Each elementary school,management,worker,shall,False,active,plain,obligation,obligation,True,1.0,workload,True,
albuquerque_public_schools__atf_negotiated_agreement_2018_19__e7e5b93f,ATF-Negotiated-Agreement_2018-19.pdf,Albuquerque Public Schools,66,Each elementary school shall submit a plan detailing how it has tried to equalize the amount of prep time general and special education teachers receive.,Each elementary school,management,worker,shall,False,active,plain,obligation,obligation,True,1.0,workload,True,
albuquerque_public_schools__atf_negotiated_agreement_2018_19__e7e5b93f,ATF-Negotiated-Agreement_2018-19.pdf,Albuquerque Public Schools,67,"Teachers who teach in Intensive Global Support 1 (IGS1), Intensive Global Support 2 (IGS2), Social Communication Support (SCS1 or SCS2 or SCS3), Social Emotional Support 1 (SES1) and Social Emotional Support 2 (SES2) classes shall be paid five one-hundredths (.05) of the individual teacher’s contracted salary.","Teachers who teach in Intensive Global Support 1 (IGS1), Intensive Global Support 2 (IGS2), Social Communication Support (SCS1 or SCS2 or SCS3), Social Emotional Support 1 (SES1) and Social Emotional Support 2 (SES2) classes",management,worker,shall,False,passive,rights_passive,right,obligation,False,1.0,compensation,True,
albuquerque_public_schools__atf_negotiated_agreement_2018_19__e7e5b93f,ATF-Negotiated-Agreement_2018-19.pdf,Albuquerque Public Schools,67,The District shall continue to schedule preparation time and lunch periods for teachers,The District,management,worker,shall,False,active,plain,obligation,obligation,True,1.0,workload,True,
albuquerque_public_schools__atf_negotiated_agreement_2018_19__e7e5b93f,ATF-Negotiated-Agreement_2018-19.pdf,Albuquerque Public Schools,67,"and make every effort to continue to honor preparation time and lunch periods for Intensive Global Support 1 (IGS1), Intensive Global Support 2 (IGS2), Social Communication Support (SCS1 or SCS2 or SCS3), Social Emotional Support 1 (SES1) and Social Emotional Support 2 (SES2) teachers.",[The District],management,worker,shall,False,active,plain,obligation,obligation,True,1.0,workload,True,Coordinated clause with subject ellipsis
albuquerque_public_schools__atf_negotiated_agreement_2018_19__e7e5b93f,ATF-Negotiated-Agreement_2018-19.pdf,Albuquerque Public Schools,67,and the parties agree to address each individual situation with the teachers and schools involved.,the parties,other,worker,,False,active,plain,other,other,True,0.0,other,True,Coordinated clause
albuquerque_public_schools__atf_negotiated_agreement_2018_19__e7e5b93f,ATF-Negotiated-Agreement_2018-19.pdf,Albuquerque Public Schools,67,it will be paid on time sheets from school funds.,it,other,worker,will,False,passive,rights_passive,right,obligation,False,0.9,compensation,True,Conditional antecedent skipped
albuquerque_public_schools__atf_negotiated_agreement_2018_19__e7e5b93f,ATF-Negotiated-Agreement_2018-19.pdf,Albuquerque Public Schools,67,the principal will contact the Human Resources Department.,the principal,management,management,will,False,active,plain,obligation,obligation,True,0.9,other,True,
albuquerque_public_schools__atf_negotiated_agreement_2018_19__e7e5b93f,ATF-Negotiated-Agreement_2018-19.pdf,Albuquerque Public Schools,67,"Those who are actually contracted to teach during their preparation period shall be paid two tenths (.2) of their contracted salary under Article 6, A.7.a. of the agreement",Those who are actually contracted to teach during their preparation period,management,worker,shall,False,passive,rights_passive,right,obligation,False,1.0,compensation,True,
albuquerque_public_schools__atf_negotiated_agreement_2018_19__e7e5b93f,ATF-Negotiated-Agreement_2018-19.pdf,Albuquerque Public Schools,67,"Intensive Global Support 1 (IGS1), Intensive Global Support 2 (IGS2) within special education classrooms shall be provided one (1) differential of $1,517 for the coordination of the extramural Special Olympics.","Intensive Global Support 1 (IGS1), Intensive Global Support 2 (IGS2) within special education classrooms",management,worker,shall,False,passive,rights_passive,right,right,True,1.0,compensation,True,
albuquerque_public_schools__atf_negotiated_agreement_2018_19__e7e5b93f,ATF-Negotiated-Agreement_2018-19.pdf,Albuquerque Public Schools,67,"BCBAs will receive a $2,000 credential differential.",BCBAs,worker,worker,will,False,active,rights_active,right,right,True,0.9,compensation,True,
albuquerque_public_schools__atf_negotiated_agreement_2018_19__e7e5b93f,ATF-Negotiated-Agreement_2018-19.pdf,Albuquerque Public Schools,69,Ensure that Sponsor Teachers understand it is their responsibility to create FBAs and BIPs if needed.,[implied],worker,management,,False,active,plain,other,obligation,False,0.0,other,True,Imperative duty list; grammatical subject omitted in this chunk.
albuquerque_public_schools__atf_negotiated_agreement_2018_19__e7e5b93f,ATF-Negotiated-Agreement_2018-19.pdf,Albuquerque Public Schools,69,Arrange for IEP coverage for teachers in conjunction with the Administration.,[implied],worker,management,,False,active,plain,other,obligation,False,0.0,workload,True,Imperative duty list; grammatical subject omitted in this chunk.
albuquerque_public_schools__atf_negotiated_agreement_2018_19__e7e5b93f,ATF-Negotiated-Agreement_2018-19.pdf,Albuquerque Public Schools,69,Collaborate with the diagnostician on the scheduling of METs.,[implied],worker,management,,False,active,plain,other,obligation,False,0.0,other,True,Imperative duty list; grammatical subject omitted in this chunk.
albuquerque_public_schools__atf_negotiated_agreement_2018_19__e7e5b93f,ATF-Negotiated-Agreement_2018-19.pdf,Albuquerque Public Schools,69,"In collaboration with sponsor teacher, facilitate, write, and/or act as Local Educational Agency (LEA) representative/principal-designee at IEPs.",[implied],worker,management,,False,active,plain,other,obligation,False,0.0,other,True,Imperative duty list; grammatical subject omitted in this chunk.
albuquerque_public_schools__atf_negotiated_agreement_2018_19__e7e5b93f,ATF-Negotiated-Agreement_2018-19.pdf,Albuquerque Public Schools,69,Coordinate with sponsor teachers and facilitate the submission of REEDs.,[implied],worker,management,,False,active,plain,other,obligation,False,0.0,other,True,Imperative duty list; grammatical subject omitted in this chunk.
albuquerque_public_schools__atf_negotiated_agreement_2018_19__e7e5b93f,ATF-Negotiated-Agreement_2018-19.pdf,Albuquerque Public Schools,69,"Schedule, plan, and chair school-based Special Education Department meetings.",[implied],worker,management,,False,active,plain,other,obligation,False,0.0,other,True,Imperative duty list; grammatical subject omitted in this chunk.
albuquerque_public_schools__atf_negotiated_agreement_2018_19__e7e5b93f,ATF-Negotiated-Agreement_2018-19.pdf,Albuquerque Public Schools,69,Disseminate information to the school’s special education staff.,[implied],worker,management,,False,active,plain,other,obligation,False,0.0,other,True,Imperative duty list; grammatical subject omitted in this chunk.
albuquerque_public_schools__atf_negotiated_agreement_2018_19__e7e5b93f,ATF-Negotiated-Agreement_2018-19.pdf,Albuquerque Public Schools,69,"Provide assistance regarding special education laws, policies and procedures.",[implied],worker,management,,False,active,plain,other,obligation,False,0.0,other,True,Imperative duty list; grammatical subject omitted in this chunk.
albuquerque_public_schools__atf_negotiated_agreement_2018_19__e7e5b93f,ATF-Negotiated-Agreement_2018-19.pdf,Albuquerque Public Schools,69,Coordinate resources/curriculum adoption and material ordering for the department.,[implied],worker,management,,False,active,plain,other,obligation,False,0.0,other,True,Imperative duty list; grammatical subject omitted in this chunk.
albuquerque_public_schools__atf_negotiated_agreement_2018_19__e7e5b93f,ATF-Negotiated-Agreement_2018-19.pdf,Albuquerque Public Schools,69,"Assist members of the department, by coordinating with school administration, technology support personnel and IEP specialist for technology support regarding all special education computer software needs. (Synergy, Microsoft® Outlook®, etc.).",[implied],worker,management,,False,active,plain,other,obligation,False,0.0,other,True,Imperative duty list; grammatical subject omitted in this chunk.
albuquerque_public_schools__atf_negotiated_agreement_2018_19__e7e5b93f,ATF-Negotiated-Agreement_2018-19.pdf,Albuquerque Public Schools,69,Communicate with feeder schools regarding current classes/services to determine appropriate programming needs for progression to the next school level.,[implied],worker,management,,False,active,plain,other,obligation,False,0.0,other,True,Imperative duty list; grammatical subject omitted in this chunk.
albuquerque_public_schools__atf_negotiated_agreement_2018_19__e7e5b93f,ATF-Negotiated-Agreement_2018-19.pdf,Albuquerque Public Schools,69,Assist in the development of the special education portion of the school’s master schedule.,[implied],worker,management,,False,active,plain,other,obligation,False,0.0,workload,True,Imperative duty list; grammatical subject omitted in this chunk.
albuquerque_public_schools__atf_negotiated_agreement_2018_19__e7e5b93f,ATF-Negotiated-Agreement_2018-19.pdf,Albuquerque Public Schools,69,Create a system for the scheduling of individual special education students according to their IEPs.,[implied],worker,management,,False,active,plain,other,obligation,False,0.0,other,True,Imperative duty list; grammatical subject omitted in this chunk.
albuquerque_public_schools__atf_negotiated_agreement_2018_19__e7e5b93f,ATF-Negotiated-Agreement_2018-19.pdf,Albuquerque Public Schools,69,Ensure that all relevant and required IEP documents are delivered to Special Education Records or uploaded into Synergy.,[implied],worker,management,,False,active,plain,other,obligation,False,0.0,other,True,Imperative duty list; grammatical subject omitted in this chunk.
albuquerque_public_schools__atf_negotiated_agreement_2018_19__e7e5b93f,ATF-Negotiated-Agreement_2018-19.pdf,Albuquerque Public Schools,69,Coordinate with sponsor teachers and facilitate the submission of ESY paperwork.,[implied],worker,management,,False,active,plain,other,obligation,False,0.0,leave,True,Imperative duty list; grammatical subject omitted in this chunk.
albuquerque_public_schools__atf_negotiated_agreement_2018_19__e7e5b93f,ATF-Negotiated-Agreement_2018-19.pdf,Albuquerque Public Schools,69,Complete and submit transportation forms for any student who may not yet have a sponsor teacher.,[implied],worker,management,may,False,active,plain,permission,obligation,False,0.3,other,True,Imperative duty list; grammatical subject omitted in this chunk.
albuquerque_public_schools__atf_negotiated_agreement_2018_19__e7e5b93f,ATF-Negotiated-Agreement_2018-19.pdf,Albuquerque Public Schools,69,"Update, coordinate and distribute class lists to Special Education staff.",[implied],worker,management,,False,active,plain,other,obligation,False,0.0,other,True,Imperative duty list; grammatical subject omitted in this chunk.
albuquerque_public_schools__atf_negotiated_agreement_2018_19__e7e5b93f,ATF-Negotiated-Agreement_2018-19.pdf,Albuquerque Public Schools,69,Communicate with related service providers prior to the first day of school regarding their student class lists.,[implied],worker,management,,False,active,plain,other,obligation,False,0.0,other,True,Imperative duty list; grammatical subject omitted in this chunk.
albuquerque_public_schools__atf_negotiated_agreement_2018_19__e7e5b93f,ATF-Negotiated-Agreement_2018-19.pdf,Albuquerque Public Schools,69,Assist the diagnostician with the compilation of out-of-district/state student transfer information.,[implied],worker,management,,False,active,plain,other,obligation,False,0.0,other,True,Imperative duty list; grammatical subject omitted in this chunk.
albuquerque_public_schools__atf_negotiated_agreement_2018_19__e7e5b93f,ATF-Negotiated-Agreement_2018-19.pdf,Albuquerque Public Schools,69,Communicate with sped.data@aps.edu to ensure accuracy of class lists.,[implied],worker,management,,False,active,plain,other,obligation,False,0.0,other,True,Imperative duty list; grammatical subject omitted in this chunk.
albuquerque_public_schools__atf_negotiated_agreement_2018_19__e7e5b93f,ATF-Negotiated-Agreement_2018-19.pdf,Albuquerque Public Schools,69,"As new students enter throughout the school year, inform relevant related service providers of the services listed in the IEP.",[implied],worker,management,,False,active,plain,other,obligation,False,0.0,other,True,Imperative duty list; grammatical subject omitted in this chunk.
albuquerque_public_schools__atf_negotiated_agreement_2018_19__e7e5b93f,ATF-Negotiated-Agreement_2018-19.pdf,Albuquerque Public Schools,69,"Contact the District Special Education Department when considering placement of a student in an Intensive Global Support 1 (IGS1), Intensive Global Support 2 (IGS2), Social Communication Support (SCS1 or SCS2 or SCS3), Social Emotional Support 1 (SES1) and Social Emotional Support 2 (SES2) classroom.",[implied],worker,management,,False,active,plain,other,obligation,False,0.0,other,True,Imperative duty list; grammatical subject omitted in this chunk.
albuquerque_public_schools__atf_negotiated_agreement_2018_19__e7e5b93f,ATF-Negotiated-Agreement_2018-19.pdf,Albuquerque Public Schools,70,The District will provide a substitute for Head Special Education Teachers with classroom teaching duties.,The District,management,worker,will,False,active,plain,obligation,obligation,True,0.9,workload,True,
albuquerque_public_schools__atf_negotiated_agreement_2018_19__e7e5b93f,ATF-Negotiated-Agreement_2018-19.pdf,Albuquerque Public Schools,70,Head Teacher shall be elected by the constituents they are elected to serve.,Head Teacher,worker,worker,shall,False,passive,plain,obligation,obligation,True,1.0,other,True,
albuquerque_public_schools__atf_negotiated_agreement_2018_19__e7e5b93f,ATF-Negotiated-Agreement_2018-19.pdf,Albuquerque Public Schools,70,submit names to the principal,[Members of the constituency],worker,management,,False,active,plain,other,obligation,False,0.0,other,True,Elliptical subject implied from preceding conjunct
albuquerque_public_schools__atf_negotiated_agreement_2018_19__e7e5b93f,ATF-Negotiated-Agreement_2018-19.pdf,Albuquerque Public Schools,70,Head Teachers shall serve for a period of two (2) years.,Head Teachers,worker,worker,shall,False,active,plain,obligation,obligation,True,1.0,other,True,
albuquerque_public_schools__atf_negotiated_agreement_2018_19__e7e5b93f,ATF-Negotiated-Agreement_2018-19.pdf,Albuquerque Public Schools,70,"If the position becomes vacant during the two-year term, a replacement shall be named for the remainder of the term according to the election/selection procedure described above",a replacement,management,worker,shall,False,passive,plain,obligation,obligation,True,1.0,other,True,
albuquerque_public_schools__atf_negotiated_agreement_2018_19__e7e5b93f,ATF-Negotiated-Agreement_2018-19.pdf,Albuquerque Public Schools,70,The principal will contact the Head Teacher about the concern with the teacher’s ability to fulfill his/her responsibilities based on the Head Teacher job description.,The principal,management,worker,will,False,active,plain,obligation,obligation,True,0.9,discipline,True,
albuquerque_public_schools__atf_negotiated_agreement_2018_19__e7e5b93f,ATF-Negotiated-Agreement_2018-19.pdf,Albuquerque Public Schools,70,the principal will contact the support principal for support and training assistance.,the principal,management,management,will,False,active,plain,obligation,obligation,True,0.9,other,True,
albuquerque_public_schools__atf_negotiated_agreement_2018_19__e7e5b93f,ATF-Negotiated-Agreement_2018-19.pdf,Albuquerque Public Schools,70,"Attendees at the meeting will include the head teacher, the support principal, the site principal and a representative from ATF, if requested.",Attendees at the meeting,management,management,will,False,active,plain,obligation,obligation,True,0.9,other,True,
albuquerque_public_schools__atf_negotiated_agreement_2018_19__e7e5b93f,ATF-Negotiated-Agreement_2018-19.pdf,Albuquerque Public Schools,70,The Head Special Education Teacher Rubric will serve as the evaluation tool to be used in order for both the members of the department and the principal in charge of special education at the site to provide feedback.,The Head Special Education Teacher Rubric,other,management,will,False,active,plain,obligation,other,False,0.9,evaluation,True,Inanimate subject
albuquerque_public_schools__atf_negotiated_agreement_2018_19__e7e5b93f,ATF-Negotiated-Agreement_2018-19.pdf,Albuquerque Public Schools,71,The school principal(s) and the district administrator responsible for the role group shall collaborate on the evaluations of transition specialists.,The school principal(s) and the district administrator responsible for the role group,management,management,shall,False,active,plain,obligation,obligation,True,1.0,evaluation,True,
albuquerque_public_schools__atf_negotiated_agreement_2018_19__e7e5b93f,ATF-Negotiated-Agreement_2018-19.pdf,Albuquerque Public Schools,71,The Special Education Department Administrative staff shall evaluate educational diagnosticians and school psychologists.,The Special Education Department Administrative staff,management,management,shall,False,active,plain,obligation,obligation,True,1.0,evaluation,True,
albuquerque_public_schools__atf_negotiated_agreement_2018_19__e7e5b93f,ATF-Negotiated-Agreement_2018-19.pdf,Albuquerque Public Schools,71,the provisions under Article 17.D (“Vacancies in Non-classroom Positions”) shall commence.,the provisions under Article 17.D (“Vacancies in Non-classroom Positions”),other,management,shall,False,active,plain,obligation,other,False,1.0,other,True,
albuquerque_public_schools__atf_negotiated_agreement_2018_19__e7e5b93f,ATF-Negotiated-Agreement_2018-19.pdf,Albuquerque Public Schools,71,employees may apply for a voluntary transfer.,employees,worker,worker,may,False,active,plain,permission,permission,True,0.3,transfers,True,
albuquerque_public_schools__atf_negotiated_agreement_2018_19__e7e5b93f,ATF-Negotiated-Agreement_2018-19.pdf,Albuquerque Public Schools,71,All efforts shall be made for the creation of 1.0 FTE combinations within proximity of existing vacant positions or through mutual agreement with RSP personnel.,All efforts,management,management,shall,False,passive,obligation_verb,obligation,obligation,True,1.0,workload,True,
albuquerque_public_schools__atf_negotiated_agreement_2018_19__e7e5b93f,ATF-Negotiated-Agreement_2018-19.pdf,Albuquerque Public Schools,71,"The individual site and the corresponding program, according to FTE needs or combinations thereof, shall offer allocated positions.","The individual site and the corresponding program, according to FTE needs or combinations thereof",management,management,shall,False,active,plain,obligation,obligation,True,1.0,other,True,
albuquerque_public_schools__atf_negotiated_agreement_2018_19__e7e5b93f,ATF-Negotiated-Agreement_2018-19.pdf,Albuquerque Public Schools,71,preference will be given to the most senior employee based on their date of hire.,preference,other,worker,will,False,passive,rights_passive,right,right,True,0.9,seniority,True,
albuquerque_public_schools__atf_negotiated_agreement_2018_19__e7e5b93f,ATF-Negotiated-Agreement_2018-19.pdf,Albuquerque Public Schools,71,"A posted 1.0 vacancy at a school with no acceptable applicants can be traded for up to five .2 contracts to other special education teachers in that same type of classroom, at the discretion of the principal.",A posted 1.0 vacancy at a school with no acceptable applicants,other,management,can,False,passive,plain,permission,permission,True,0.3,transfers,True,
albuquerque_public_schools__atf_negotiated_agreement_2018_19__e7e5b93f,ATF-Negotiated-Agreement_2018-19.pdf,Albuquerque Public Schools,71,nothing smaller than a .5 will be considered when buying a teacher’s prep time with a .2 contract extension.,nothing smaller than a .5,management,worker,will,True,passive,plain,prohibition,prohibition,True,0.9,workload,True,Subject quantifier functions as an affirmative ceiling per instructions.
albuquerque_public_schools__atf_negotiated_agreement_2018_19__e7e5b93f,ATF-Negotiated-Agreement_2018-19.pdf,Albuquerque Public Schools,71,"the Special Education Department will create and process those extensions, backdated to the date of the posted vacancy, and deliver them to Human Resources for processing.",the Special Education Department,management,worker,will,False,active,plain,obligation,obligation,True,0.9,other,True,
albuquerque_public_schools__atf_negotiated_agreement_2018_19__e7e5b93f,ATF-Negotiated-Agreement_2018-19.pdf,Albuquerque Public Schools,71,"These contracts and the withdrawn vacancy will remain in effect until the end of the school year, unless there is a significant drop in numbers for the special education classrooms affected by the extensions.",These contracts and the withdrawn vacancy,other,worker,will,False,active,plain,obligation,other,False,0.9,job_security,True,
albuquerque_public_schools__atf_negotiated_agreement_2018_19__e7e5b93f,ATF-Negotiated-Agreement_2018-19.pdf,Albuquerque Public Schools,72,a teacher must perform one or more of the following services,a teacher,worker,management,must,False,active,plain,obligation,obligation,True,1.0,workload,True,Operative clause extracted from numbered list; introductory colon and sub-list omitted.
albuquerque_public_schools__atf_negotiated_agreement_2018_19__e7e5b93f,ATF-Negotiated-Agreement_2018-19.pdf,Albuquerque Public Schools,72,Fill out a time sheet specifying the time spent to perform those services.,[a teacher] (implied),worker,management,,False,active,plain,other,obligation,False,0.0,other,True,Implied subject carried over from preceding clause.
albuquerque_public_schools__atf_negotiated_agreement_2018_19__e7e5b93f,ATF-Negotiated-Agreement_2018-19.pdf,Albuquerque Public Schools,72,The documentation must be verified by the Head Teacher and Site Administrator.,The documentation,worker,management,must,False,passive,plain,obligation,obligation,True,1.0,other,True,Explicit agent 'by the Head Teacher and Site Administrator' assigned to management.
albuquerque_public_schools__atf_negotiated_agreement_2018_19__e7e5b93f,ATF-Negotiated-Agreement_2018-19.pdf,Albuquerque Public Schools,72,The form will be sent to APS District Special Education for processing.,The form,management,management,will,False,passive,plain,obligation,obligation,True,0.9,other,True,Implicit agent inferred as management.
albuquerque_public_schools__atf_negotiated_agreement_2018_19__e7e5b93f,ATF-Negotiated-Agreement_2018-19.pdf,Albuquerque Public Schools,72,Payments at the instructor’s hourly rate will be processed in a timely manner,Payments at the instructor’s hourly rate,management,worker,will,False,passive,plain,obligation,obligation,True,0.9,compensation,True,First independent clause in compound sentence joined by 'and'.
albuquerque_public_schools__atf_negotiated_agreement_2018_19__e7e5b93f,ATF-Negotiated-Agreement_2018-19.pdf,Albuquerque Public Schools,72,[Payments at the instructor’s hourly rate] will be paid as soon as possible.,Payments at the instructor’s hourly rate,management,worker,will,False,passive,rights_passive,right,obligation,False,0.9,compensation,True,Second independent clause in compound sentence; subject repeated for clarity.
albuquerque_public_schools__atf_negotiated_agreement_2018_19__e7e5b93f,ATF-Negotiated-Agreement_2018-19.pdf,Albuquerque Public Schools,72,the case will be brought to a panel made up of one ATF person and one APS person.,the case,management,worker,will,False,passive,plain,obligation,obligation,True,0.9,discipline,True,Implicit agent inferred as management/panel administration.
albuquerque_public_schools__atf_negotiated_agreement_2018_19__e7e5b93f,ATF-Negotiated-Agreement_2018-19.pdf,Albuquerque Public Schools,72,The APS/ATF Panel will consider the needs of the school’s special education students and the background and qualifications of the special education staff in peer-reviewed research and evidence-based programs.,The APS/ATF Panel,other,management,will,False,active,plain,obligation,obligation,True,0.9,other,True,Joint panel acting outside standard worker/management binary.
albuquerque_public_schools__atf_negotiated_agreement_2018_19__e7e5b93f,ATF-Negotiated-Agreement_2018-19.pdf,Albuquerque Public Schools,72,the District believes that a teacher’s credential or level of training constitutes a program need not identified in Article 16. B. 7. of this agreement,the District,management,management,need,False,active,plain,obligation,other,False,0.7,other,True,First independent clause in conditional sentence.
albuquerque_public_schools__atf_negotiated_agreement_2018_19__e7e5b93f,ATF-Negotiated-Agreement_2018-19.pdf,Albuquerque Public Schools,72,the case will be addressed as in a.1 and a.2 above.,the case,management,management,will,False,passive,plain,obligation,obligation,True,0.9,other,True,Second independent clause in conditional sentence.
albuquerque_public_schools__atf_negotiated_agreement_2018_19__e7e5b93f,ATF-Negotiated-Agreement_2018-19.pdf,Albuquerque Public Schools,75,The aim of any service must be to facilitate the provision of an appropriate education for the student.,The aim of any service,other,management,must,False,active,plain,obligation,other,False,1.0,other,True,
albuquerque_public_schools__atf_negotiated_agreement_2018_19__e7e5b93f,ATF-Negotiated-Agreement_2018-19.pdf,Albuquerque Public Schools,75,A clearly stated educational rationale is necessary to remove a student from his or her current educational setting to a more or less restrictive environment within the continuum of services.,A clearly stated educational rationale,other,management,,False,active,plain,other,other,True,0.0,other,True,
albuquerque_public_schools__atf_negotiated_agreement_2018_19__e7e5b93f,ATF-Negotiated-Agreement_2018-19.pdf,Albuquerque Public Schools,75,The commitment to educate a student with disabilities in the general education classroom setting should continue to the degree that is it consistent with meeting the specific needs of that student.,The commitment to educate a student with disabilities in the general education classroom setting,other,management,should,False,active,plain,obligation,other,False,0.7,other,True,
albuquerque_public_schools__atf_negotiated_agreement_2018_19__e7e5b93f,ATF-Negotiated-Agreement_2018-19.pdf,Albuquerque Public Schools,75,"The planning, selection, and availability of service options must be based solely on individually identified student needs.","The planning, selection, and availability of service options",management,management,must,False,passive,plain,obligation,other,False,1.0,other,True,
albuquerque_public_schools__atf_negotiated_agreement_2018_19__e7e5b93f,ATF-Negotiated-Agreement_2018-19.pdf,Albuquerque Public Schools,75,"In all cases, the general education setting must be considered first, especially given the strategies available to general and special education personnel.",the general education setting,management,management,must,False,passive,plain,obligation,other,False,1.0,other,True,
albuquerque_public_schools__atf_negotiated_agreement_2018_19__e7e5b93f,ATF-Negotiated-Agreement_2018-19.pdf,Albuquerque Public Schools,75,a variety of other settings may be considered with the least restrictive educational setting identified as a guiding principle.,a variety of other settings,management,management,may,False,passive,plain,permission,permission,True,0.3,other,True,Extracted as main clause from conditional structure.
albuquerque_public_schools__atf_negotiated_agreement_2018_19__e7e5b93f,ATF-Negotiated-Agreement_2018-19.pdf,Albuquerque Public Schools,75,All schools are expected to meet the individual needs of their students unless the district has created a specially designed classroom to meet the needs of a low incidence population of students.,All schools,management,management,,False,active,obligation_verb,obligation,obligation,True,0.85,other,True,
albuquerque_public_schools__atf_negotiated_agreement_2018_19__e7e5b93f,ATF-Negotiated-Agreement_2018-19.pdf,Albuquerque Public Schools,75,the principal in collaboration with the faculty will determine the utilization of the SIS days.,the principal in collaboration with the faculty,management,worker,will,False,active,plain,obligation,obligation,True,0.9,professional_development,True,Extracted as main clause from conditional structure.
albuquerque_public_schools__atf_negotiated_agreement_2018_19__e7e5b93f,ATF-Negotiated-Agreement_2018-19.pdf,Albuquerque Public Schools,75,The utilization of the SIS days shall be equitable and in conformity with guidelines as promulgated by the Superintendent or designee.,The utilization of the SIS days,management,worker,shall,False,passive,plain,obligation,obligation,True,1.0,professional_development,True,
albuquerque_public_schools__atf_negotiated_agreement_2018_19__e7e5b93f,ATF-Negotiated-Agreement_2018-19.pdf,Albuquerque Public Schools,75,Schools may be granted upon request the use of a regular school day for the purpose of in-service programs/training without students in attendance.,Schools,management,worker,may,False,passive,rights_passive,right,permission,False,0.3,professional_development,True,
albuquerque_public_schools__atf_negotiated_agreement_2018_19__e7e5b93f,ATF-Negotiated-Agreement_2018-19.pdf,Albuquerque Public Schools,76,"Such requests may be made when a new program is being implemented, a new school is being opened, or major changes are being planned.",Such requests,worker,worker,may,False,passive,permission_verb,permission,permission,True,0.3,professional_development,True,
albuquerque_public_schools__atf_negotiated_agreement_2018_19__e7e5b93f,ATF-Negotiated-Agreement_2018-19.pdf,Albuquerque Public Schools,76,In-service days so identified by the District that have the effect of extending the calendar beyond one hundred eighty-four (184) days shall be paid at the rate of $18 per hour.,In-service days so identified by the District that have the effect of extending the calendar beyond one hundred eighty-four (184) days,management,worker,shall,False,passive,rights_passive,right,obligation,False,1.0,compensation,True,
albuquerque_public_schools__atf_negotiated_agreement_2018_19__e7e5b93f,ATF-Negotiated-Agreement_2018-19.pdf,Albuquerque Public Schools,76,Participation for such days shall be voluntary.,Participation for such days,other,worker,shall,False,active,plain,obligation,obligation,True,1.0,professional_development,True,
albuquerque_public_schools__atf_negotiated_agreement_2018_19__e7e5b93f,ATF-Negotiated-Agreement_2018-19.pdf,Albuquerque Public Schools,76,"Evaluation of teachers shall be performed by the school principal, assistant principal or site supervisor.",Evaluation of teachers,management,management,shall,False,passive,plain,obligation,obligation,True,1.0,evaluation,True,
albuquerque_public_schools__atf_negotiated_agreement_2018_19__e7e5b93f,ATF-Negotiated-Agreement_2018-19.pdf,Albuquerque Public Schools,76,"The school principal(s) and the district administrator responsible for the role group shall collaborate on the evaluations of transition specialists, counselors, and nurses.",The school principal(s) and the district administrator responsible for the role group,management,management,shall,False,active,plain,obligation,obligation,True,1.0,evaluation,True,
albuquerque_public_schools__atf_negotiated_agreement_2018_19__e7e5b93f,ATF-Negotiated-Agreement_2018-19.pdf,Albuquerque Public Schools,76,The Special Education Instructional Managers shall evaluate Educational Diagnosticians.,The Special Education Instructional Managers,management,management,shall,False,active,plain,obligation,obligation,True,1.0,evaluation,True,
albuquerque_public_schools__atf_negotiated_agreement_2018_19__e7e5b93f,ATF-Negotiated-Agreement_2018-19.pdf,Albuquerque Public Schools,76,Principals may be assisted in their evaluation by other District administrators.,Principals,management,management,may,False,passive,permission_verb,permission,permission,True,0.3,evaluation,True,
albuquerque_public_schools__atf_negotiated_agreement_2018_19__e7e5b93f,ATF-Negotiated-Agreement_2018-19.pdf,Albuquerque Public Schools,76,Employees assigned to two (2) or more schools will be evaluated collaboratively by the principals and/or District administrators.,Employees assigned to two (2) or more schools,management,worker,will,False,passive,plain,obligation,obligation,True,0.9,evaluation,True,
albuquerque_public_schools__atf_negotiated_agreement_2018_19__e7e5b93f,ATF-Negotiated-Agreement_2018-19.pdf,Albuquerque Public Schools,76,Teachers will be evaluated each year of service as a teacher as per Public Education Department regulations.,Teachers,management,management,will,False,passive,plain,obligation,obligation,True,0.9,evaluation,True,
albuquerque_public_schools__atf_negotiated_agreement_2018_19__e7e5b93f,ATF-Negotiated-Agreement_2018-19.pdf,Albuquerque Public Schools,76,A PDP will be required of teachers every year.,A PDP,management,management,will,False,passive,plain,obligation,obligation,True,0.9,professional_development,True,
albuquerque_public_schools__atf_negotiated_agreement_2018_19__e7e5b93f,ATF-Negotiated-Agreement_2018-19.pdf,Albuquerque Public Schools,76,PDP's may be written to extend over three years,PDP's,worker,worker,may,False,passive,permission_verb,permission,permission,True,0.3,professional_development,True,Split from compound sentence joined by 'but'
albuquerque_public_schools__atf_negotiated_agreement_2018_19__e7e5b93f,ATF-Negotiated-Agreement_2018-19.pdf,Albuquerque Public Schools,76,must be initialed yearly.,[implied PDP's],worker,management,must,False,passive,permission_verb,permission,obligation,False,1.0,professional_development,True,Split from compound sentence; subject elided
albuquerque_public_schools__atf_negotiated_agreement_2018_19__e7e5b93f,ATF-Negotiated-Agreement_2018-19.pdf,Albuquerque Public Schools,76,Information regarding the PDP will be shared with the teacher within forty (40) workdays after the beginning of the school year.,Information regarding the PDP,management,worker,will,False,passive,rights_passive,right,obligation,False,0.9,professional_development,True,
albuquerque_public_schools__atf_negotiated_agreement_2018_19__e7e5b93f,ATF-Negotiated-Agreement_2018-19.pdf,Albuquerque Public Schools,76,Teachers will be observed whenever there is a concern regarding performance.,Teachers,management,management,will,False,passive,plain,obligation,obligation,True,0.9,evaluation,True,
albuquerque_public_schools__atf_negotiated_agreement_2018_19__e7e5b93f,ATF-Negotiated-Agreement_2018-19.pdf,Albuquerque Public Schools,76,Teachers may request to be observed at any time.,Teachers,worker,worker,may,False,active,permission_verb,permission,permission,True,0.3,evaluation,True,
albuquerque_public_schools__atf_negotiated_agreement_2018_19__e7e5b93f,ATF-Negotiated-Agreement_2018-19.pdf,Albuquerque Public Schools,76,All monitoring or observation of the work performance of a teacher will be conducted openly and with full knowledge of the teacher.,All monitoring or observation of the work performance of a teacher,management,worker,will,False,passive,plain,obligation,obligation,True,0.9,evaluation,True,
albuquerque_public_schools__atf_negotiated_agreement_2018_19__e7e5b93f,ATF-Negotiated-Agreement_2018-19.pdf,Albuquerque Public Schools,77,"Prior to a scheduled observation, the teacher may request that the administrator return at another time.",the teacher,worker,worker,may,False,active,plain,permission,permission,True,0.3,evaluation,True,
albuquerque_public_schools__atf_negotiated_agreement_2018_19__e7e5b93f,ATF-Negotiated-Agreement_2018-19.pdf,Albuquerque Public Schools,77,"If the request cannot be honored, the teacher may place a statement to that effect with the observation form.",the teacher,worker,worker,may,False,active,plain,permission,permission,True,0.3,evaluation,True,
albuquerque_public_schools__atf_negotiated_agreement_2018_19__e7e5b93f,ATF-Negotiated-Agreement_2018-19.pdf,Albuquerque Public Schools,77,Teachers have the right to request an alternative observer from the District for 1 of the 2 formal observations.,Teachers,worker,worker,,False,active,rights_active,right,right,True,0.85,evaluation,True,
albuquerque_public_schools__atf_negotiated_agreement_2018_19__e7e5b93f,ATF-Negotiated-Agreement_2018-19.pdf,Albuquerque Public Schools,77,The request for an alternative observer shall not be unreasonably denied.,The request for an alternative observer,management,worker,shall,True,passive,plain,prohibition,prohibition,True,1.0,evaluation,True,
albuquerque_public_schools__atf_negotiated_agreement_2018_19__e7e5b93f,ATF-Negotiated-Agreement_2018-19.pdf,Albuquerque Public Schools,77,"All observations will be documented, reviewed and signed by the evaluator and the teacher.",All observations,worker,worker,will,False,passive,plain,obligation,obligation,True,0.9,evaluation,True,Actor specified in 'by' phrase: evaluator and teacher
albuquerque_public_schools__atf_negotiated_agreement_2018_19__e7e5b93f,ATF-Negotiated-Agreement_2018-19.pdf,Albuquerque Public Schools,77,"If additional observations have occurred and been documented, the teacher shall receive copies of such documentation.",the teacher,worker,worker,shall,False,active,rights_active,right,right,True,1.0,evaluation,True,
albuquerque_public_schools__atf_negotiated_agreement_2018_19__e7e5b93f,ATF-Negotiated-Agreement_2018-19.pdf,Albuquerque Public Schools,77,"Prior to the last day of the school year, the principal and the teacher shall review, complete and sign the appropriate documentation to complete the observation cycle.",the principal and the teacher,other,worker,shall,False,active,plain,obligation,obligation,True,1.0,evaluation,True,Joint subject of worker and management
albuquerque_public_schools__atf_negotiated_agreement_2018_19__e7e5b93f,ATF-Negotiated-Agreement_2018-19.pdf,Albuquerque Public Schools,77,The teacher shall have the opportunity to provide written comments.,The teacher,worker,worker,shall,False,active,plain,obligation,right,False,1.0,evaluation,True,
albuquerque_public_schools__atf_negotiated_agreement_2018_19__e7e5b93f,ATF-Negotiated-Agreement_2018-19.pdf,Albuquerque Public Schools,77,The completed report including the Professional Development Plan and any attachments shall be submitted to the Department of Human Resources for inclusion in the teacher's personnel file.,The completed report including the Professional Development Plan and any attachments,management,management,shall,False,passive,plain,obligation,obligation,True,1.0,evaluation,True,
albuquerque_public_schools__atf_negotiated_agreement_2018_19__e7e5b93f,ATF-Negotiated-Agreement_2018-19.pdf,Albuquerque Public Schools,77,The teacher's signature shall constitute acknowledgement that the teacher has read and understood the observation report.,The teacher's signature,other,management,shall,False,active,plain,obligation,obligation,True,1.0,evaluation,True,Inanimate subject
albuquerque_public_schools__atf_negotiated_agreement_2018_19__e7e5b93f,ATF-Negotiated-Agreement_2018-19.pdf,Albuquerque Public Schools,77,The principal will informally discuss with the teacher the unsatisfactory performance and the changes necessary to improve.,The principal,management,worker,will,False,active,plain,obligation,obligation,True,0.9,evaluation,True,
albuquerque_public_schools__atf_negotiated_agreement_2018_19__e7e5b93f,ATF-Negotiated-Agreement_2018-19.pdf,Albuquerque Public Schools,77,"If the unsatisfactory performance continues, the principal will meet with the teacher to discuss the unsatisfactory performance, recommendations for assistance to the teacher and time lines for the necessary changes in performance.",the principal,management,worker,will,False,active,plain,obligation,obligation,True,0.9,evaluation,True,
albuquerque_public_schools__atf_negotiated_agreement_2018_19__e7e5b93f,ATF-Negotiated-Agreement_2018-19.pdf,Albuquerque Public Schools,77,"If the unsatisfactory performance continues, the principal will make a written recommendation to the Superintendent to initiate the Intensive Evaluation process outlined below.",the principal,management,worker,will,False,active,plain,obligation,obligation,True,0.9,evaluation,True,
albuquerque_public_schools__atf_negotiated_agreement_2018_19__e7e5b93f,ATF-Negotiated-Agreement_2018-19.pdf,Albuquerque Public Schools,77,A teacher may request a post-observation conference at any time.,A teacher,worker,worker,may,False,active,plain,permission,right,False,0.3,evaluation,True,
albuquerque_public_schools__atf_negotiated_agreement_2018_19__e7e5b93f,ATF-Negotiated-Agreement_2018-19.pdf,Albuquerque Public Schools,78,the principal will send a letter notifying the teacher of the decision,the principal,management,worker,will,False,active,plain,obligation,obligation,True,0.9,evaluation,True,
albuquerque_public_schools__atf_negotiated_agreement_2018_19__e7e5b93f,ATF-Negotiated-Agreement_2018-19.pdf,Albuquerque Public Schools,78,the principal will meet with the teacher to discuss the following,the principal,management,worker,will,False,active,plain,obligation,obligation,True,0.9,evaluation,True,
albuquerque_public_schools__atf_negotiated_agreement_2018_19__e7e5b93f,ATF-Negotiated-Agreement_2018-19.pdf,Albuquerque Public Schools,78,"All reports and documents relative to the Intensive Evaluation process will be reviewed, signed and dated by the principal and teacher and attached to the completed Intensive Evaluation Report Form.",All reports and documents relative to the Intensive Evaluation process,worker,worker,will,False,passive,plain,obligation,obligation,True,0.9,evaluation,True,
albuquerque_public_schools__atf_negotiated_agreement_2018_19__e7e5b93f,ATF-Negotiated-Agreement_2018-19.pdf,Albuquerque Public Schools,78,These documents will be sent to the Department of Human Resources at the end of the process to be placed in the teacher's personnel file.,These documents,management,management,will,False,passive,plain,obligation,obligation,True,0.9,evaluation,True,
albuquerque_public_schools__atf_negotiated_agreement_2018_19__e7e5b93f,ATF-Negotiated-Agreement_2018-19.pdf,Albuquerque Public Schools,78,The teacher will receive copies.,The teacher,worker,worker,will,False,active,rights_active,right,right,True,0.9,evaluation,True,
albuquerque_public_schools__atf_negotiated_agreement_2018_19__e7e5b93f,ATF-Negotiated-Agreement_2018-19.pdf,Albuquerque Public Schools,78,"If the situation is resolved within the established time lines, a letter to that effect will be sent to the teacher from the principal with a copy to the personnel file.",a letter to that effect,management,worker,will,False,passive,plain,obligation,obligation,True,0.9,evaluation,True,
albuquerque_public_schools__atf_negotiated_agreement_2018_19__e7e5b93f,ATF-Negotiated-Agreement_2018-19.pdf,Albuquerque Public Schools,78,"If the situation is not resolved within the established time lines, a case review will be conducted by the principal and other appropriate administrators in order to make recommendations to the Department of Human Resources for administrative action.",a case review,management,management,will,False,passive,plain,obligation,obligation,True,0.9,evaluation,True,
albuquerque_public_schools__atf_negotiated_agreement_2018_19__e7e5b93f,ATF-Negotiated-Agreement_2018-19.pdf,Albuquerque Public Schools,78,There shall be one (1) file for each teacher which shall be maintained in the Department of Human Resources.,There,management,worker,shall,False,active,plain,obligation,obligation,True,1.0,teacher_rights_and_conduct,True,
albuquerque_public_schools__atf_negotiated_agreement_2018_19__e7e5b93f,ATF-Negotiated-Agreement_2018-19.pdf,Albuquerque Public Schools,78,"Except for files provided in Article 26, paragraph H., no other files shall be maintained except for duplicates of materials kept in the central files and information that the principals maintain prior to submitting to the Department of Human Resources.",no other files,management,worker,shall,True,passive,plain,prohibition,prohibition,True,1.0,teacher_rights_and_conduct,True,
albuquerque_public_schools__atf_negotiated_agreement_2018_19__e7e5b93f,ATF-Negotiated-Agreement_2018-19.pdf,Albuquerque Public Schools,78,"Materials directly and solely related to pre-employment references and references directly related to internal promotions where written references are required, shall be placed in a separate envelope in the file",Materials directly and solely related to pre-employment references and references directly related to internal promotions where written references are required,management,management,shall,False,passive,plain,obligation,obligation,True,1.0,teacher_rights_and_conduct,True,
albuquerque_public_schools__atf_negotiated_agreement_2018_19__e7e5b93f,ATF-Negotiated-Agreement_2018-19.pdf,Albuquerque Public Schools,78,and the contents shall not be subject to inspection by the teacher.,the contents,management,management,shall,True,active,plain,prohibition,prohibition,True,1.0,teacher_rights_and_conduct,True,
albuquerque_public_schools__atf_negotiated_agreement_2018_19__e7e5b93f,ATF-Negotiated-Agreement_2018-19.pdf,Albuquerque Public Schools,78,"Except as provided in 1. above, materials in school or District files shall be subject to inspection by the teacher.",materials in school or District files,management,worker,shall,False,active,plain,obligation,obligation,True,1.0,teacher_rights_and_conduct,True,
albuquerque_public_schools__atf_negotiated_agreement_2018_19__e7e5b93f,ATF-Negotiated-Agreement_2018-19.pdf,Albuquerque Public Schools,79,Administrators with legitimate District business related to the teacher's employment will have access to a teacher's confidential and open files.,Administrators with legitimate District business related to the teacher's employment,management,management,will,False,active,plain,obligation,obligation,True,0.9,teacher_rights_and_conduct,True,
albuquerque_public_schools__atf_negotiated_agreement_2018_19__e7e5b93f,ATF-Negotiated-Agreement_2018-19.pdf,Albuquerque Public Schools,79,No anonymous or unsigned information may be placed in any teacher's file.,No anonymous or unsigned information,management,worker,may,True,passive,plain,prohibition,prohibition,True,0.3,teacher_rights_and_conduct,True,
albuquerque_public_schools__atf_negotiated_agreement_2018_19__e7e5b93f,ATF-Negotiated-Agreement_2018-19.pdf,Albuquerque Public Schools,79,Incident reports made to the principal shall not be placed in the file maintained by the Department of Human Resources until such report has been investigated by the principal or appropriate department.,Incident reports made to the principal,management,worker,shall,True,passive,plain,prohibition,prohibition,True,1.0,teacher_rights_and_conduct,True,
albuquerque_public_schools__atf_negotiated_agreement_2018_19__e7e5b93f,ATF-Negotiated-Agreement_2018-19.pdf,Albuquerque Public Schools,79,Each teacher will have access to one's file.,Each teacher,worker,worker,will,False,active,plain,obligation,right,False,0.9,teacher_rights_and_conduct,True,
albuquerque_public_schools__atf_negotiated_agreement_2018_19__e7e5b93f,ATF-Negotiated-Agreement_2018-19.pdf,Albuquerque Public Schools,79,The teacher has the right to be accompanied by any individual while examining one's file.,The teacher,worker,worker,,False,active,rights_active,right,right,True,0.85,teacher_rights_and_conduct,True,
albuquerque_public_schools__atf_negotiated_agreement_2018_19__e7e5b93f,ATF-Negotiated-Agreement_2018-19.pdf,Albuquerque Public Schools,79,The teacher has the right to designate in writing a Federation representative who may have access to the teacher's file.,The teacher,worker,worker,may,False,active,rights_active,right,right,True,0.3,teacher_rights_and_conduct,True,
albuquerque_public_schools__atf_negotiated_agreement_2018_19__e7e5b93f,ATF-Negotiated-Agreement_2018-19.pdf,Albuquerque Public Schools,79,Persons designated shall be authenticated as bona fide Federation representatives by a Federation officer.,Persons designated,worker,management,shall,False,passive,plain,obligation,obligation,True,1.0,teacher_rights_and_conduct,True,
albuquerque_public_schools__atf_negotiated_agreement_2018_19__e7e5b93f,ATF-Negotiated-Agreement_2018-19.pdf,Albuquerque Public Schools,79,A teacher's file shall be available for inspection within a reasonable time after it has been requested.,A teacher's file,management,worker,shall,False,active,rights_passive,right,obligation,False,1.0,teacher_rights_and_conduct,True,
albuquerque_public_schools__atf_negotiated_agreement_2018_19__e7e5b93f,ATF-Negotiated-Agreement_2018-19.pdf,Albuquerque Public Schools,79,The teacher will be given the opportunity to see any information prior to placement in one's open file except information related to routine file maintenance.,The teacher,management,worker,will,False,passive,rights_passive,right,obligation,False,0.9,teacher_rights_and_conduct,True,
albuquerque_public_schools__atf_negotiated_agreement_2018_19__e7e5b93f,ATF-Negotiated-Agreement_2018-19.pdf,Albuquerque Public Schools,79,The teacher will be provided a copy of such material upon request.,The teacher,management,worker,will,False,passive,rights_passive,right,obligation,False,0.9,teacher_rights_and_conduct,True,
albuquerque_public_schools__atf_negotiated_agreement_2018_19__e7e5b93f,ATF-Negotiated-Agreement_2018-19.pdf,Albuquerque Public Schools,79,The teacher shall acknowledge having read these materials by affixing one's signature on the actual copy/copies to be filed.,The teacher,worker,management,shall,False,active,plain,obligation,obligation,True,1.0,teacher_rights_and_conduct,True,
albuquerque_public_schools__atf_negotiated_agreement_2018_19__e7e5b93f,ATF-Negotiated-Agreement_2018-19.pdf,Albuquerque Public Schools,79,"Any information or materials which are derogatory to a teacher's conduct, service, character or personality shall not be placed in a teacher's file unless and until the teacher has been given the opportunity to examine the information or material.","Any information or materials which are derogatory to a teacher's conduct, service, character or personality",management,worker,shall,True,passive,plain,prohibition,prohibition,True,1.0,teacher_rights_and_conduct,True,
albuquerque_public_schools__atf_negotiated_agreement_2018_19__e7e5b93f,ATF-Negotiated-Agreement_2018-19.pdf,Albuquerque Public Schools,79,Any information placed in a teacher's file(s) may be removed at the request of the originator of said material if agreed to by the teacher affected.,Any information placed in a teacher's file(s),worker,management,may,False,passive,plain,permission,permission,True,0.3,teacher_rights_and_conduct,True,
albuquerque_public_schools__atf_negotiated_agreement_2018_19__e7e5b93f,ATF-Negotiated-Agreement_2018-19.pdf,Albuquerque Public Schools,79,The teacher has the right to respond in writing to anything placed in that teacher's open file and have such response placed with the material to which the response relates.,The teacher,worker,worker,,False,active,rights_active,right,right,True,0.85,teacher_rights_and_conduct,True,
albuquerque_public_schools__atf_negotiated_agreement_2018_19__e7e5b93f,ATF-Negotiated-Agreement_2018-19.pdf,Albuquerque Public Schools,79,"Each individual, except persons performing routine file maintenance, will, upon receiving confidential and/or open files for any purpose, affix that individual's signature to the jacket of the file indicating date of usage.","Each individual, except persons performing routine file maintenance",other,management,will,False,active,plain,obligation,obligation,True,0.9,other,True,
albuquerque_public_schools__atf_negotiated_agreement_2018_19__e7e5b93f,ATF-Negotiated-Agreement_2018-19.pdf,Albuquerque Public Schools,80,"Time spent on sabbatical leave or advanced study leave granted for the purpose of gaining an additional endorsement/certification and completed under the provisions of Article 18, O.2.a.4. shall be counted for seniority purposes","Time spent on sabbatical leave or advanced study leave granted for the purpose of gaining an additional endorsement/certification and completed under the provisions of Article 18, O.2.a.4.",other,worker,shall,False,active,plain,obligation,obligation,True,1.0,seniority,True,
albuquerque_public_schools__atf_negotiated_agreement_2018_19__e7e5b93f,ATF-Negotiated-Agreement_2018-19.pdf,Albuquerque Public Schools,80,"Time spent on sabbatical leave or advanced study leave granted for the purpose of gaining an additional endorsement/certification and completed under the provisions of Article 18, O.2.a.4. shall not break continuous service.","Time spent on sabbatical leave or advanced study leave granted for the purpose of gaining an additional endorsement/certification and completed under the provisions of Article 18, O.2.a.4.",other,worker,shall,True,active,plain,prohibition,prohibition,True,1.0,seniority,True,
albuquerque_public_schools__atf_negotiated_agreement_2018_19__e7e5b93f,ATF-Negotiated-Agreement_2018-19.pdf,Albuquerque Public Schools,80,Time spent on all other leaves of absence shall not be counted for seniority purposes,Time spent on all other leaves of absence,other,management,shall,True,active,plain,prohibition,prohibition,True,1.0,seniority,True,
albuquerque_public_schools__atf_negotiated_agreement_2018_19__e7e5b93f,ATF-Negotiated-Agreement_2018-19.pdf,Albuquerque Public Schools,80,Time spent on all other leaves of absence shall not break continuous service.,Time spent on all other leaves of absence,other,management,shall,True,active,plain,prohibition,prohibition,True,1.0,seniority,True,
albuquerque_public_schools__atf_negotiated_agreement_2018_19__e7e5b93f,ATF-Negotiated-Agreement_2018-19.pdf,Albuquerque Public Schools,80,Time spent in a District position that requires an educational license shall be counted for seniority purposes,Time spent in a District position that requires an educational license,other,worker,shall,False,active,plain,obligation,obligation,True,1.0,seniority,True,
albuquerque_public_schools__atf_negotiated_agreement_2018_19__e7e5b93f,ATF-Negotiated-Agreement_2018-19.pdf,Albuquerque Public Schools,80,Time spent in a District position that requires an educational license shall not break continuous service.,Time spent in a District position that requires an educational license,other,worker,shall,True,active,plain,prohibition,prohibition,True,1.0,seniority,True,
albuquerque_public_schools__atf_negotiated_agreement_2018_19__e7e5b93f,ATF-Negotiated-Agreement_2018-19.pdf,Albuquerque Public Schools,80,"In the event teachers have the same date of hire, the date on which the position was offered shall prevail for seniority purposes.",the date on which the position was offered,other,management,shall,False,active,plain,obligation,obligation,True,1.0,seniority,True,
albuquerque_public_schools__atf_negotiated_agreement_2018_19__e7e5b93f,ATF-Negotiated-Agreement_2018-19.pdf,Albuquerque Public Schools,80,The District shall maintain and provide to the Federation the seniority list of the bargaining unit.,The District,management,worker,shall,False,active,plain,obligation,obligation,True,1.0,seniority,True,
albuquerque_public_schools__atf_negotiated_agreement_2018_19__e7e5b93f,ATF-Negotiated-Agreement_2018-19.pdf,Albuquerque Public Schools,80,"Additionally, each school shall be provided the seniority list, based on District seniority for the teachers in that school.",each school,management,management,shall,False,passive,rights_passive,right,obligation,False,1.0,seniority,True,
albuquerque_public_schools__atf_negotiated_agreement_2018_19__e7e5b93f,ATF-Negotiated-Agreement_2018-19.pdf,Albuquerque Public Schools,80,The District shall determine the number and type of positions to be affected by the RIF.,The District,management,management,shall,False,active,plain,obligation,obligation,True,1.0,layoffs,True,
albuquerque_public_schools__atf_negotiated_agreement_2018_19__e7e5b93f,ATF-Negotiated-Agreement_2018-19.pdf,Albuquerque Public Schools,80,"Prior to initiating a RIF, the District will attempt to absorb the necessary reductions through attrition and the non-renewal of short-term teachers as defined in Article 5, A.8.",the District,management,worker,will,False,active,plain,obligation,obligation,True,0.9,layoffs,True,
albuquerque_public_schools__atf_negotiated_agreement_2018_19__e7e5b93f,ATF-Negotiated-Agreement_2018-19.pdf,Albuquerque Public Schools,80,"Certified school instructors with less than three (3) full-contract, consecutive years of service shall be laid off before teachers having three (3) or more full-contract, consecutive years of service except when a position exists for which no certified school instructor having three (3) or more full-contract, consecutive years of service is qualified.","Certified school instructors with less than three (3) full-contract, consecutive years of service",management,worker,shall,False,passive,plain,obligation,obligation,True,1.0,layoffs,True,
albuquerque_public_schools__atf_negotiated_agreement_2018_19__e7e5b93f,ATF-Negotiated-Agreement_2018-19.pdf,Albuquerque Public Schools,80,"The procedure for the layoff and recall of teachers having less than three (3) full-contract, consecutive years of service shall be determined in consultation with the Federation.","The procedure for the layoff and recall of teachers having less than three (3) full-contract, consecutive years of service",management,worker,shall,False,passive,plain,obligation,obligation,True,1.0,layoffs,True,
albuquerque_public_schools__atf_negotiated_agreement_2018_19__e7e5b93f,ATF-Negotiated-Agreement_2018-19.pdf,Albuquerque Public Schools,80,The District reserves the right to make all final decisions.,The District,management,management,,False,active,rights_active,right,right,True,0.85,other,True,
albuquerque_public_schools__atf_negotiated_agreement_2018_19__e7e5b93f,ATF-Negotiated-Agreement_2018-19.pdf,Albuquerque Public Schools,80,"A certified school instructor, having three (3) or more full-contract, consecutive years of service, shall not be laid off if there is an available teaching position in the District for which the instructor is certified and qualified.","A certified school instructor, having three (3) or more full-contract, consecutive years of service,",management,worker,shall,True,passive,prohibition_verb,permission,prohibition,False,1.0,layoffs,True,
albuquerque_public_schools__atf_negotiated_agreement_2018_19__e7e5b93f,ATF-Negotiated-Agreement_2018-19.pdf,Albuquerque Public Schools,80,"Qualifications being equal, seniority in the District shall control.",seniority in the District,other,worker,shall,False,active,plain,obligation,obligation,True,1.0,seniority,True,
albuquerque_public_schools__atf_negotiated_agreement_2018_19__e7e5b93f,ATF-Negotiated-Agreement_2018-19.pdf,Albuquerque Public Schools,81,The District shall determine the number and type of positions to be affected by the recall.,The District,management,management,shall,False,active,plain,obligation,obligation,True,1.0,layoffs,True,
albuquerque_public_schools__atf_negotiated_agreement_2018_19__e7e5b93f,ATF-Negotiated-Agreement_2018-19.pdf,Albuquerque Public Schools,81,"For a period of one (1) year after the effective date of the termination of a teacher with three or more full-contract, consecutive years, the District shall offer to such person any position(s) which becomes available for which the person is certified and qualified provided that person files with the Superintendent a written request to reacquire employment within thirty (30) days after the effective date of termination.",the District,management,worker,shall,False,active,plain,obligation,obligation,True,1.0,layoffs,True,
albuquerque_public_schools__atf_negotiated_agreement_2018_19__e7e5b93f,ATF-Negotiated-Agreement_2018-19.pdf,Albuquerque Public Schools,81,"In the event that more than one (1) person who was terminated or discharged within the calendar year prior to recall is certified and qualified for the position to which a person will be recalled, the same qualifying criteria will be applied to the order of recall as were applied to the layoff in paragraph l. d. above.",the same qualifying criteria,management,worker,will,False,passive,plain,obligation,obligation,True,0.9,layoffs,True,passive voice; implicit agent is the administration applying layoff/recall criteria
albuquerque_public_schools__atf_negotiated_agreement_2018_19__e7e5b93f,ATF-Negotiated-Agreement_2018-19.pdf,Albuquerque Public Schools,81,Any person selected for recall shall be given written notice of the recall.,Any person selected for recall,management,worker,shall,False,passive,rights_passive,right,obligation,False,1.0,layoffs,True,
albuquerque_public_schools__atf_negotiated_agreement_2018_19__e7e5b93f,ATF-Negotiated-Agreement_2018-19.pdf,Albuquerque Public Schools,81,Failure to accept the position in writing within fifteen (15) calendar days of the mailing of the recall notice shall constitute forfeiture by the recalled person of further rights under this provision.,Failure to accept the position in writing within fifteen (15) calendar days of the mailing of the recall notice,other,management,shall,False,active,plain,obligation,obligation,True,1.0,layoffs,True,abstract subject defining a contractual forfeiture consequence
albuquerque_public_schools__atf_negotiated_agreement_2018_19__e7e5b93f,ATF-Negotiated-Agreement_2018-19.pdf,Albuquerque Public Schools,81,Any teacher recalled within one year under this section shall not lose any seniority held previous to having been subject to the RIF procedure.,Any teacher recalled within one year under this section,worker,worker,shall,True,active,plain,prohibition,prohibition,True,1.0,seniority,True,
albuquerque_public_schools__atf_negotiated_agreement_2018_19__e7e5b93f,ATF-Negotiated-Agreement_2018-19.pdf,Albuquerque Public Schools,81,A fulltime integration teacher will have an online class load of no more than 177 active enrolled students.,A fulltime integration teacher,worker,worker,will,False,active,rights_active,right,right,True,0.9,workload,True,"""no more than"" sets a ceiling, not operative negation"
albuquerque_public_schools__atf_negotiated_agreement_2018_19__e7e5b93f,ATF-Negotiated-Agreement_2018-19.pdf,Albuquerque Public Schools,81,"A fulltime integration teacher will also monitor a Lab at a high school during lunch, 5th, 6th, and 7th periods.",A fulltime integration teacher,worker,management,will,False,active,plain,obligation,obligation,True,0.9,workload,True,
albuquerque_public_schools__atf_negotiated_agreement_2018_19__e7e5b93f,ATF-Negotiated-Agreement_2018-19.pdf,Albuquerque Public Schools,82,A full time BlendED teacher will have an online class load of no more than 177 active enrolled students.,A full time BlendED teacher,worker,worker,will,False,active,plain,obligation,right,False,0.9,workload,True,
albuquerque_public_schools__atf_negotiated_agreement_2018_19__e7e5b93f,ATF-Negotiated-Agreement_2018-19.pdf,Albuquerque Public Schools,82,BlendED teachers teach one (1) face-to-face class two (2) times per week.,BlendED teachers,worker,management,,False,active,plain,other,other,True,0.0,workload,True,
albuquerque_public_schools__atf_negotiated_agreement_2018_19__e7e5b93f,ATF-Negotiated-Agreement_2018-19.pdf,Albuquerque Public Schools,82,Adjunct teachers have a .2 case load no more than 60 students.,Adjunct teachers,worker,worker,,False,active,plain,other,right,False,0.0,workload,True,
albuquerque_public_schools__atf_negotiated_agreement_2018_19__e7e5b93f,ATF-Negotiated-Agreement_2018-19.pdf,Albuquerque Public Schools,82,A (.2) adjunct contract is available to all fulltime staff based on student enrollment.,A (.2) adjunct contract,other,management,,False,active,plain,other,other,True,0.0,other,True,
albuquerque_public_schools__atf_negotiated_agreement_2018_19__e7e5b93f,ATF-Negotiated-Agreement_2018-19.pdf,Albuquerque Public Schools,82,teachers shall not be assigned to teach any class which is outside the scope of their teaching licenses.,teachers,management,worker,shall,True,passive,plain,prohibition,prohibition,True,1.0,safety_and_working_conditions,True,implicit agent is management
albuquerque_public_schools__atf_negotiated_agreement_2018_19__e7e5b93f,ATF-Negotiated-Agreement_2018-19.pdf,Albuquerque Public Schools,82,Teachers may be assigned outside the scope of their teaching licenses only if authorized by the Public Education Department and with the concurrence of the teacher.,Teachers,management,worker,may,False,passive,permission_verb,permission,permission,True,0.3,workload,True,
albuquerque_public_schools__atf_negotiated_agreement_2018_19__e7e5b93f,ATF-Negotiated-Agreement_2018-19.pdf,Albuquerque Public Schools,82,"The principal will consult with individual teachers regarding the number of preparations, subject areas or grade level to be taught by the teacher.",The principal,management,worker,will,False,active,plain,obligation,obligation,True,0.9,workload,True,
albuquerque_public_schools__atf_negotiated_agreement_2018_19__e7e5b93f,ATF-Negotiated-Agreement_2018-19.pdf,Albuquerque Public Schools,82,"Secondary teachers shall not be required to teach in more than three (3) subject areas or have more than three (3) preparations, or combinations thereof, except by agreement with the teacher.",Secondary teachers,worker,worker,shall,True,active,obligation_verb,right,right,True,1.0,workload,True,
albuquerque_public_schools__atf_negotiated_agreement_2018_19__e7e5b93f,ATF-Negotiated-Agreement_2018-19.pdf,Albuquerque Public Schools,82,Changes in a teaching assignment shall not be made without prior consultation between the principal and teacher(s) affected.,Changes in a teaching assignment,other,worker,shall,True,passive,plain,prohibition,prohibition,True,1.0,transfers,True,
albuquerque_public_schools__atf_negotiated_agreement_2018_19__e7e5b93f,ATF-Negotiated-Agreement_2018-19.pdf,Albuquerque Public Schools,82,"Changes shall not be made in an arbitrary or capricious manner,",Changes,other,worker,shall,True,passive,plain,prohibition,prohibition,True,1.0,transfers,True,
albuquerque_public_schools__atf_negotiated_agreement_2018_19__e7e5b93f,ATF-Negotiated-Agreement_2018-19.pdf,Albuquerque Public Schools,82,but shall be based on verifiable instructional program requirements.,[Implicit],other,worker,shall,False,passive,plain,obligation,obligation,True,1.0,transfers,True,
albuquerque_public_schools__atf_negotiated_agreement_2018_19__e7e5b93f,ATF-Negotiated-Agreement_2018-19.pdf,Albuquerque Public Schools,82,No change in assignment for the following year shall be made after the end of the school year without the teacher being notified.,No change in assignment for the following year,other,worker,shall,True,passive,plain,prohibition,prohibition,True,1.0,transfers,True,
albuquerque_public_schools__atf_negotiated_agreement_2018_19__e7e5b93f,ATF-Negotiated-Agreement_2018-19.pdf,Albuquerque Public Schools,82,The teacher shall receive written notification of the reason(s) for such change in assignment as soon as possible.,The teacher,worker,worker,shall,False,active,rights_active,right,right,True,1.0,transfers,True,
albuquerque_public_schools__atf_negotiated_agreement_2018_19__e7e5b93f,ATF-Negotiated-Agreement_2018-19.pdf,Albuquerque Public Schools,82,"In arranging schedules for teachers who are assigned to more than one school, the amount of interschool travel shall be as limited as possible.",the amount of interschool travel,other,worker,shall,False,active,plain,obligation,obligation,True,1.0,workload,True,
albuquerque_public_schools__atf_negotiated_agreement_2018_19__e7e5b93f,ATF-Negotiated-Agreement_2018-19.pdf,Albuquerque Public Schools,82,Such teachers shall be notified prior to any change in their schedules.,Such teachers,management,worker,shall,False,passive,rights_passive,right,right,True,1.0,workload,True,
albuquerque_public_schools__atf_negotiated_agreement_2018_19__e7e5b93f,ATF-Negotiated-Agreement_2018-19.pdf,Albuquerque Public Schools,83,"Any non-teaching duties, if necessary, will be assigned on an equitable basis to all teachers.","Any non-teaching duties, if necessary",management,worker,will,False,passive,plain,obligation,obligation,True,0.9,workload,True,
albuquerque_public_schools__atf_negotiated_agreement_2018_19__e7e5b93f,ATF-Negotiated-Agreement_2018-19.pdf,Albuquerque Public Schools,83,Such duties shall be kept to a minimum.,Such duties,management,worker,shall,False,passive,plain,obligation,obligation,True,1.0,workload,True,
albuquerque_public_schools__atf_negotiated_agreement_2018_19__e7e5b93f,ATF-Negotiated-Agreement_2018-19.pdf,Albuquerque Public Schools,83,Duties performed as the primary responsibility of personnel in other bargaining units shall not be assigned to teachers.,Duties performed as the primary responsibility of personnel in other bargaining units,management,worker,shall,True,passive,plain,prohibition,prohibition,True,1.0,workload,True,
albuquerque_public_schools__atf_negotiated_agreement_2018_19__e7e5b93f,ATF-Negotiated-Agreement_2018-19.pdf,Albuquerque Public Schools,83,Teachers employed prior to the beginning of a school year shall be given notice of their assignment no later than ten (10) school days after school begins.,Teachers employed prior to the beginning of a school year,management,worker,shall,False,passive,rights_passive,right,right,True,1.0,transfers,True,
albuquerque_public_schools__atf_negotiated_agreement_2018_19__e7e5b93f,ATF-Negotiated-Agreement_2018-19.pdf,Albuquerque Public Schools,83,Teachers employed after school begins shall be given notice of assignment at the time employment begins.,Teachers employed after school begins,management,worker,shall,False,passive,rights_passive,right,right,True,1.0,transfers,True,
albuquerque_public_schools__atf_negotiated_agreement_2018_19__e7e5b93f,ATF-Negotiated-Agreement_2018-19.pdf,Albuquerque Public Schools,83,"The Department of Human Resources will make available on the District web site job line and to all work sites where teachers are assigned, the description of anticipated and real job vacancies as soon as they become available.",The Department of Human Resources,management,worker,will,False,active,plain,obligation,obligation,True,0.9,transfers,True,
albuquerque_public_schools__atf_negotiated_agreement_2018_19__e7e5b93f,ATF-Negotiated-Agreement_2018-19.pdf,Albuquerque Public Schools,83,Such description will include the name of the school and type of vacancy.,Such description,other,worker,will,False,active,plain,obligation,obligation,True,0.9,transfers,True,
albuquerque_public_schools__atf_negotiated_agreement_2018_19__e7e5b93f,ATF-Negotiated-Agreement_2018-19.pdf,Albuquerque Public Schools,83,Vacancies published after the last day of school shall be posted on the District website and job line,Vacancies published after the last day of school,management,worker,shall,False,passive,plain,obligation,obligation,True,1.0,transfers,True,
albuquerque_public_schools__atf_negotiated_agreement_2018_19__e7e5b93f,ATF-Negotiated-Agreement_2018-19.pdf,Albuquerque Public Schools,83,and will be available to teachers at the Department of Human Resources.,such vacancies,management,worker,will,False,active,plain,obligation,obligation,True,0.9,transfers,True,subject implied from preceding conjunct
albuquerque_public_schools__atf_negotiated_agreement_2018_19__e7e5b93f,ATF-Negotiated-Agreement_2018-19.pdf,Albuquerque Public Schools,83,Principals shall notify the Department of Human Resources of vacancies at the time the principal is notified in writing of any change that would lead to such vacancy.,Principals,management,management,shall,False,active,plain,obligation,obligation,True,1.0,transfers,True,
albuquerque_public_schools__atf_negotiated_agreement_2018_19__e7e5b93f,ATF-Negotiated-Agreement_2018-19.pdf,Albuquerque Public Schools,83,teachers will remain in their original position through the first twenty (20) day count.,teachers,worker,worker,will,False,active,plain,obligation,obligation,True,0.9,transfers,True,
albuquerque_public_schools__atf_negotiated_agreement_2018_19__e7e5b93f,ATF-Negotiated-Agreement_2018-19.pdf,Albuquerque Public Schools,83,"Teachers accepting a new position after the first twenty (20) day count will remain in their original position until the end of the current grading period or for a period not to exceed ten (10) workdays, whichever period of time is greater.",Teachers accepting a new position after the first twenty (20) day count,worker,worker,will,False,active,plain,obligation,obligation,True,0.9,transfers,True,
albuquerque_public_schools__atf_negotiated_agreement_2018_19__e7e5b93f,ATF-Negotiated-Agreement_2018-19.pdf,Albuquerque Public Schools,83,Earlier movement may occur if agreed upon in writing by both principals.,Earlier movement,management,management,may,False,active,plain,permission,permission,True,0.3,transfers,True,explicit agent in condition: both principals
albuquerque_public_schools__atf_negotiated_agreement_2018_19__e7e5b93f,ATF-Negotiated-Agreement_2018-19.pdf,Albuquerque Public Schools,84,Desire to be transferred to a school closer to a teacher's home shall be given serious consideration.,Desire to be transferred to a school closer to a teacher's home,other,worker,shall,False,passive,plain,obligation,obligation,True,1.0,transfers,True,
albuquerque_public_schools__atf_negotiated_agreement_2018_19__e7e5b93f,ATF-Negotiated-Agreement_2018-19.pdf,Albuquerque Public Schools,84,In the event a Special Education Related Services position becomes vacant the provisions under Article 17.D (“Vacancies in Non-classroom Positions”) shall commence.,the provisions under Article 17.D (“Vacancies in Non-classroom Positions”),other,worker,shall,False,active,plain,obligation,obligation,True,1.0,transfers,True,
albuquerque_public_schools__atf_negotiated_agreement_2018_19__e7e5b93f,ATF-Negotiated-Agreement_2018-19.pdf,Albuquerque Public Schools,84,"Once the position(s) for related service personnel is/are posted on the APS Special Education website, employees may apply for a voluntary transfer.",employees,worker,worker,may,False,active,plain,permission,permission,True,0.3,transfers,True,
albuquerque_public_schools__atf_negotiated_agreement_2018_19__e7e5b93f,ATF-Negotiated-Agreement_2018-19.pdf,Albuquerque Public Schools,84,"If two (2) or more qualified candidates are have submitted requests for the same vacancy, preference will be given to the most senior employee based on their date of hire.",preference,other,worker,will,False,passive,plain,obligation,obligation,True,0.9,seniority,True,typo in source text ('are have submitted')
albuquerque_public_schools__atf_negotiated_agreement_2018_19__e7e5b93f,ATF-Negotiated-Agreement_2018-19.pdf,Albuquerque Public Schools,84,Consideration for involuntary transfer shall be solely based on the instructional program needs of the school and seniority in the District.,Consideration for involuntary transfer,other,worker,shall,False,passive,plain,obligation,obligation,True,1.0,transfers,True,
albuquerque_public_schools__atf_negotiated_agreement_2018_19__e7e5b93f,ATF-Negotiated-Agreement_2018-19.pdf,Albuquerque Public Schools,84,"Program needs being equal, District seniority of full-time personnel will control with the least senior person being selected for placement on the “must hire” list.",District seniority of full-time personnel,other,worker,will,False,active,plain,obligation,obligation,True,0.9,seniority,True,
albuquerque_public_schools__atf_negotiated_agreement_2018_19__e7e5b93f,ATF-Negotiated-Agreement_2018-19.pdf,Albuquerque Public Schools,84,"Prior to the involuntary transferee(s) being selected, teachers will be encouraged, in consultation with the principal, to volunteer for said transfer before the involuntary transferee(s) is/are selected.",teachers,management,worker,will,False,passive,plain,obligation,obligation,True,0.9,transfers,True,
albuquerque_public_schools__atf_negotiated_agreement_2018_19__e7e5b93f,ATF-Negotiated-Agreement_2018-19.pdf,Albuquerque Public Schools,84,"In the event a sufficient numbers of volunteers are not identified, transferees will be identified on the basis of program need and seniority in the District as stated in paragraph 1 above.",transferees,management,worker,will,False,passive,plain,obligation,obligation,True,0.9,transfers,True,
albuquerque_public_schools__atf_negotiated_agreement_2018_19__e7e5b93f,ATF-Negotiated-Agreement_2018-19.pdf,Albuquerque Public Schools,84,Teachers on intensive evaluation shall not be considered for involuntary transfer.,Teachers on intensive evaluation,management,worker,shall,True,passive,prohibition_verb,permission,prohibition,False,1.0,transfers,True,
albuquerque_public_schools__atf_negotiated_agreement_2018_19__e7e5b93f,ATF-Negotiated-Agreement_2018-19.pdf,Albuquerque Public Schools,84,"If the reason(s) for the involuntary transfer becomes nonexistent ten (10) calendar days before the reporting date for teachers, the teacher shall have the right to return to the previous school.",the teacher,worker,worker,shall,False,active,rights_active,right,right,True,1.0,transfers,True,
albuquerque_public_schools__atf_negotiated_agreement_2018_19__e7e5b93f,ATF-Negotiated-Agreement_2018-19.pdf,Albuquerque Public Schools,84,Transferee(s) shall not be identified nor shall involuntary transfers be made prior to consultation between the principal a,Transferee(s),management,worker,shall,True,passive,prohibition_verb,permission,prohibition,False,1.0,transfers,True,truncated; contains two coordinated clauses sharing a trailing condition
albuquerque_public_schools__atf_negotiated_agreement_2018_19__e7e5b93f,ATF-Negotiated-Agreement_2018-19.pdf,Albuquerque Public Schools,85,the teacher shall have the right to return to the previous school.,the teacher,worker,worker,shall,False,active,rights_active,right,right,True,1.0,transfers,True,
albuquerque_public_schools__atf_negotiated_agreement_2018_19__e7e5b93f,ATF-Negotiated-Agreement_2018-19.pdf,Albuquerque Public Schools,85,Transferee(s) shall not be identified,Transferee(s),management,worker,shall,True,passive,plain,prohibition,prohibition,True,1.0,transfers,True,
albuquerque_public_schools__atf_negotiated_agreement_2018_19__e7e5b93f,ATF-Negotiated-Agreement_2018-19.pdf,Albuquerque Public Schools,85,nor shall involuntary transfers be made prior to consultation between the principal and teacher(s) affected.,involuntary transfers,management,worker,shall,True,passive,plain,prohibition,obligation,False,1.0,transfers,True,
albuquerque_public_schools__atf_negotiated_agreement_2018_19__e7e5b93f,ATF-Negotiated-Agreement_2018-19.pdf,Albuquerque Public Schools,85,Involuntary transfers made after the start of the school year shall allow for a minimum of two (2) days written notice prior to the transfer and allow for a minimum of one (1) day prior to assuming the assignment at the new location.,Involuntary transfers,other,worker,shall,False,active,plain,obligation,obligation,True,1.0,transfers,True,
albuquerque_public_schools__atf_negotiated_agreement_2018_19__e7e5b93f,ATF-Negotiated-Agreement_2018-19.pdf,Albuquerque Public Schools,85,Notice of vacancies and call for applications in other than classroom positions within the bargaining unit will be made as such vacancies develop.,Notice of vacancies and call for applications,management,worker,will,False,passive,plain,obligation,obligation,True,0.9,transfers,True,
albuquerque_public_schools__atf_negotiated_agreement_2018_19__e7e5b93f,ATF-Negotiated-Agreement_2018-19.pdf,Albuquerque Public Schools,85,"The notice will include the minimum requirements, vacancy descriptions, and any applicable restrictions.",The notice,other,worker,will,False,active,plain,obligation,obligation,True,0.9,transfers,True,
albuquerque_public_schools__atf_negotiated_agreement_2018_19__e7e5b93f,ATF-Negotiated-Agreement_2018-19.pdf,Albuquerque Public Schools,85,"Such notice, from the date of publication, shall be posted for five (5) days in each school prior to the time such vacancies shall be filled.",Such notice,management,worker,shall,False,passive,plain,obligation,obligation,True,1.0,transfers,True,
albuquerque_public_schools__atf_negotiated_agreement_2018_19__e7e5b93f,ATF-Negotiated-Agreement_2018-19.pdf,Albuquerque Public Schools,85,Job descriptions will include those qualifications normally required and will not be substantially greater than those customarily required by the District.,Job descriptions,other,worker,will,False,active,plain,obligation,obligation,True,0.9,transfers,True,
albuquerque_public_schools__atf_negotiated_agreement_2018_19__e7e5b93f,ATF-Negotiated-Agreement_2018-19.pdf,Albuquerque Public Schools,85,Applications for positions will be made in the Department of Human Resources.,Applications for positions,other,worker,will,False,passive,plain,obligation,obligation,True,0.9,transfers,True,
albuquerque_public_schools__atf_negotiated_agreement_2018_19__e7e5b93f,ATF-Negotiated-Agreement_2018-19.pdf,Albuquerque Public Schools,85,A notice of receipt of applications will be sent to all applicants.,A notice of receipt of applications,management,worker,will,False,passive,plain,obligation,obligation,True,0.9,transfers,True,
albuquerque_public_schools__atf_negotiated_agreement_2018_19__e7e5b93f,ATF-Negotiated-Agreement_2018-19.pdf,Albuquerque Public Schools,85,"Applications for positions posted shall be valid only for the position applied for or, if the position is general in nature, for the school year for which said position was advertised.",Applications for positions posted,other,worker,shall,False,active,plain,obligation,obligation,True,1.0,transfers,True,
albuquerque_public_schools__atf_negotiated_agreement_2018_19__e7e5b93f,ATF-Negotiated-Agreement_2018-19.pdf,Albuquerque Public Schools,85,"The positions described herein shall be filled within the bargaining unit, to the extent possible, when the applicants have the qualifications and ability to perform the work.",The positions described herein,management,worker,shall,False,passive,plain,obligation,obligation,True,1.0,transfers,True,
albuquerque_public_schools__atf_negotiated_agreement_2018_19__e7e5b93f,ATF-Negotiated-Agreement_2018-19.pdf,Albuquerque Public Schools,85,seniority shall be considered.,seniority,management,worker,shall,False,passive,plain,obligation,obligation,True,1.0,seniority,True,
albuquerque_public_schools__atf_negotiated_agreement_2018_19__e7e5b93f,ATF-Negotiated-Agreement_2018-19.pdf,Albuquerque Public Schools,85,"the licensed employee assigned to that program shall have the option of remaining with the program and transferring to the new location, provided the following conditions are met:",the licensed employee assigned to that program,worker,worker,shall,False,active,plain,obligation,permission,False,1.0,transfers,True,conditional on subsections a-c
albuquerque_public_schools__atf_negotiated_agreement_2018_19__e7e5b93f,ATF-Negotiated-Agreement_2018-19.pdf,Albuquerque Public Schools,85,The teacher shall remain at the original location if a transfer is not desired; assuming instructional program and seniority requirements are met.,The teacher,worker,worker,shall,False,active,plain,obligation,obligation,True,1.0,transfers,True,
albuquerque_public_schools__atf_negotiated_agreement_2018_19__e7e5b93f,ATF-Negotiated-Agreement_2018-19.pdf,Albuquerque Public Schools,85,Full-term teachers may be offered and may accept a teaching position that has been identified as a short term position,Full-term teachers,worker,worker,may,False,active,plain,permission,permission,True,0.3,transfers,True,contains passive predicate 'may be offered' implying management action
albuquerque_public_schools__atf_negotiated_agreement_2018_19__e7e5b93f,ATF-Negotiated-Agreement_2018-19.pdf,Albuquerque Public Schools,86,"however, they shall do so with the understanding that if that position is no longer available at the conclusion of the term of that position, then they will be placed on the must hire list for reassignment into a position for which they are qualified elsewhere in the District.",they,worker,worker,shall,False,active,plain,obligation,obligation,True,1.0,transfers,True,Split at semicolon.
albuquerque_public_schools__atf_negotiated_agreement_2018_19__e7e5b93f,ATF-Negotiated-Agreement_2018-19.pdf,Albuquerque Public Schools,86,Employees who work at a traditional calendar school cannot take a short position at an alternative calendar school,Employees who work at a traditional calendar school,worker,management,can,True,active,plain,prohibition,prohibition,True,0.3,transfers,True,
albuquerque_public_schools__atf_negotiated_agreement_2018_19__e7e5b93f,ATF-Negotiated-Agreement_2018-19.pdf,Albuquerque Public Schools,86,and alternative calendar school employees cannot take a short term position at a traditional calendar school.,alternative calendar school employees,worker,management,can,True,active,plain,prohibition,prohibition,True,0.3,transfers,True,Split at conjunction.
albuquerque_public_schools__atf_negotiated_agreement_2018_19__e7e5b93f,ATF-Negotiated-Agreement_2018-19.pdf,Albuquerque Public Schools,86,"Full-term employees who accept positions identified as short-term shall do so with the further understanding that they are waiving any rights to remain in the short-term assignment and/or at the location site regardless of their seniority or qualifications, beyond the stated length of the short-term assignment which shall be for the remainder of the school year.",Full-term employees who accept positions identified as short-term,worker,management,shall,False,active,plain,obligation,obligation,True,1.0,transfers,True,
albuquerque_public_schools__atf_negotiated_agreement_2018_19__e7e5b93f,ATF-Negotiated-Agreement_2018-19.pdf,Albuquerque Public Schools,86,These employees are free to pursue a voluntary transfer to another assignment prior to their being placed from the Must-Hire list.,These employees,worker,worker,must,False,active,permission_verb,permission,permission,True,1.0,transfers,True,
albuquerque_public_schools__atf_negotiated_agreement_2018_19__e7e5b93f,ATF-Negotiated-Agreement_2018-19.pdf,Albuquerque Public Schools,86,"Both participants in a job-sharing plan shall attend the following district/school functions on appropriate basis, regardless of what format is used in splitting up the yearly schedule.",Both participants in a job-sharing plan,worker,management,shall,False,active,obligation_verb,obligation,obligation,True,1.0,other,True,
albuquerque_public_schools__atf_negotiated_agreement_2018_19__e7e5b93f,ATF-Negotiated-Agreement_2018-19.pdf,Albuquerque Public Schools,86,Job-Sharing teams shall be self-selected,Job-Sharing teams,worker,worker,shall,False,active,obligation_verb,obligation,permission,False,1.0,other,True,Reflexive construction.
albuquerque_public_schools__atf_negotiated_agreement_2018_19__e7e5b93f,ATF-Negotiated-Agreement_2018-19.pdf,Albuquerque Public Schools,86,"however, the sharing of a position may only be done with the prior approval of the building principal of record at the time the request to job-share a position was made.",the sharing of a position,other,management,may,False,passive,permission_verb,permission,obligation,False,0.3,other,True,Inanimate subject triggers 'other' per extraction rules.
albuquerque_public_schools__atf_negotiated_agreement_2018_19__e7e5b93f,ATF-Negotiated-Agreement_2018-19.pdf,Albuquerque Public Schools,86,Each team shall perform all of the usual and customary duties of a teaching position.,Each team,worker,management,shall,False,active,obligation_verb,obligation,obligation,True,1.0,workload,True,
albuquerque_public_schools__atf_negotiated_agreement_2018_19__e7e5b93f,ATF-Negotiated-Agreement_2018-19.pdf,Albuquerque Public Schools,86,Job-Share participants shall be re-employed as part-time unit members at the percentage of a full-time equivalency that they worked in their job share position.,Job-Share participants,management,worker,shall,False,passive,rights_passive,right,obligation,False,1.0,benefits,True,Passive voice; implicit agent is the employer/district.
albuquerque_public_schools__atf_negotiated_agreement_2018_19__e7e5b93f,ATF-Negotiated-Agreement_2018-19.pdf,Albuquerque Public Schools,87,The job-shared position shall be of one (1) year duration,The job-shared position,other,worker,shall,False,active,plain,obligation,obligation,True,1.0,other,True,
albuquerque_public_schools__atf_negotiated_agreement_2018_19__e7e5b93f,ATF-Negotiated-Agreement_2018-19.pdf,Albuquerque Public Schools,87,"may be extended beyond one year, subject to the continued approval of the building principal and the willingness of the job-share participants.",The job-shared position,management,management,may,False,passive,rights_passive,right,permission,False,0.3,other,True,
albuquerque_public_schools__atf_negotiated_agreement_2018_19__e7e5b93f,ATF-Negotiated-Agreement_2018-19.pdf,Albuquerque Public Schools,87,Job-Share teams must advise the principal of their intent to continue or dissolve the arrangement by March 15.,Job-Share teams,worker,management,must,False,active,plain,obligation,obligation,True,1.0,other,True,
albuquerque_public_schools__atf_negotiated_agreement_2018_19__e7e5b93f,ATF-Negotiated-Agreement_2018-19.pdf,Albuquerque Public Schools,87,Job-Sharing participants wishing to return to full time status upon termination of the job-sharing assignment may request to do so,Job-Sharing participants wishing to return to full time status upon termination of the job-sharing assignment,worker,worker,may,False,active,permission_verb,permission,permission,True,0.3,other,True,
albuquerque_public_schools__atf_negotiated_agreement_2018_19__e7e5b93f,ATF-Negotiated-Agreement_2018-19.pdf,Albuquerque Public Schools,87,shall be offered full-time employment contingent upon the FTE needs of the school and vacancy availability.,Job-Sharing participants wishing to return to full time status upon termination of the job-sharing assignment,management,worker,shall,False,passive,rights_passive,right,obligation,False,1.0,other,True,
albuquerque_public_schools__atf_negotiated_agreement_2018_19__e7e5b93f,ATF-Negotiated-Agreement_2018-19.pdf,Albuquerque Public Schools,87,"Teachers new to the job-sharing program must make a proposal, to be submitted by March 15 to the building principal for approval.",Teachers new to the job-sharing program,worker,management,must,False,active,plain,obligation,obligation,True,1.0,other,True,
albuquerque_public_schools__atf_negotiated_agreement_2018_19__e7e5b93f,ATF-Negotiated-Agreement_2018-19.pdf,Albuquerque Public Schools,87,"If a job-sharing request is denied, the teacher may request to have in writing the specific reasons for the denial within ten (10) days of the denial.",the teacher,worker,worker,may,False,active,permission_verb,permission,permission,True,0.3,discipline,True,
albuquerque_public_schools__atf_negotiated_agreement_2018_19__e7e5b93f,ATF-Negotiated-Agreement_2018-19.pdf,Albuquerque Public Schools,87,The teacher must make a written request within five (5) days of the denial.,The teacher,worker,management,must,False,active,plain,obligation,obligation,True,1.0,discipline,True,
albuquerque_public_schools__atf_negotiated_agreement_2018_19__e7e5b93f,ATF-Negotiated-Agreement_2018-19.pdf,Albuquerque Public Schools,87,a full-time classroom position must be split either by segmenting of the day or by division of the days of the school week.,a full-time classroom position,other,management,must,False,passive,plain,obligation,obligation,True,1.0,other,True,
albuquerque_public_schools__atf_negotiated_agreement_2018_19__e7e5b93f,ATF-Negotiated-Agreement_2018-19.pdf,Albuquerque Public Schools,87,"Job-Sharing participants may substitute for each other at the regular rate of substitute pay, to maintain continuity of the educational program.",Job-Sharing participants,worker,worker,may,False,active,permission_verb,permission,permission,True,0.3,compensation,True,
albuquerque_public_schools__atf_negotiated_agreement_2018_19__e7e5b93f,ATF-Negotiated-Agreement_2018-19.pdf,Albuquerque Public Schools,87,The holder of record shall have first right to the position should the job-shared position or team be dissolved for any reason assuming FTE requirements of the school are not reduced.,The holder of record,worker,worker,shall,False,active,rights_active,right,right,True,1.0,other,True,
albuquerque_public_schools__atf_negotiated_agreement_2018_19__e7e5b93f,ATF-Negotiated-Agreement_2018-19.pdf,Albuquerque Public Schools,87,"A teacher who believes an improper reduction in pay has been made under Article 18, shall have ten (10) days after receipt of the check in which the re",A teacher who believes an improper reduction in pay has been made under Article 18,worker,worker,shall,False,active,rights_active,right,right,True,1.0,discipline,True,Text truncated at end
albuquerque_public_schools__atf_negotiated_agreement_2018_19__e7e5b93f,ATF-Negotiated-Agreement_2018-19.pdf,Albuquerque Public Schools,88,"A teacher who believes an improper reduction in pay has been made under Article 18, shall have ten (10) days after receipt of the check in which the reduction appeared to initiate a grievance as provided in Article 26.",A teacher,worker,worker,shall,False,active,plain,obligation,right,False,1.0,discipline,True,
albuquerque_public_schools__atf_negotiated_agreement_2018_19__e7e5b93f,ATF-Negotiated-Agreement_2018-19.pdf,Albuquerque Public Schools,88,All leaves of ten (10) consecutive work days or less will be requested through and approved by the principal or supervisor.,All leaves,management,management,will,False,passive,plain,obligation,obligation,True,0.9,leave,True,
albuquerque_public_schools__atf_negotiated_agreement_2018_19__e7e5b93f,ATF-Negotiated-Agreement_2018-19.pdf,Albuquerque Public Schools,88,"Extended leaves of more than ten (10) days with or without pay, will be requested, approved or denied through the extended leave clerk’s office in the Department of Human Resources.",Extended leaves,management,management,will,False,passive,plain,obligation,obligation,True,0.9,leave,True,
albuquerque_public_schools__atf_negotiated_agreement_2018_19__e7e5b93f,ATF-Negotiated-Agreement_2018-19.pdf,Albuquerque Public Schools,88,Inappropriate use of any leave may be cause for disciplinary action.,Inappropriate use,other,management,may,False,active,plain,permission,permission,True,0.3,discipline,True,
albuquerque_public_schools__atf_negotiated_agreement_2018_19__e7e5b93f,ATF-Negotiated-Agreement_2018-19.pdf,Albuquerque Public Schools,88,"A teacher shall not be charged for time lost, up to twenty (20) duty days, resulting from physical injuries caused by an assault while carrying on the duties and responsibilities as a teacher.",A teacher,management,worker,shall,True,passive,plain,prohibition,prohibition,True,1.0,safety_and_working_conditions,True,
albuquerque_public_schools__atf_negotiated_agreement_2018_19__e7e5b93f,ATF-Negotiated-Agreement_2018-19.pdf,Albuquerque Public Schools,88,"Any teacher assaulted shall submit a “first report of injury” to the principal, Risk Management, and school police.",Any teacher assaulted,worker,management,shall,False,active,plain,obligation,obligation,True,1.0,safety_and_working_conditions,True,
albuquerque_public_schools__atf_negotiated_agreement_2018_19__e7e5b93f,ATF-Negotiated-Agreement_2018-19.pdf,Albuquerque Public Schools,88,"The teacher shall provide Form A, a police report, and medical documentation attesting to the injury to the Leaves Office.",The teacher,worker,management,shall,False,active,plain,obligation,obligation,True,1.0,safety_and_working_conditions,True,
albuquerque_public_schools__atf_negotiated_agreement_2018_19__e7e5b93f,ATF-Negotiated-Agreement_2018-19.pdf,Albuquerque Public Schools,88,"In the event more than three (3) days are lost as a result of the assault, the teacher shall submit to the principal a physician's certificate attesting to the injury.",the teacher,worker,management,shall,False,active,plain,obligation,obligation,True,1.0,safety_and_working_conditions,True,
albuquerque_public_schools__atf_negotiated_agreement_2018_19__e7e5b93f,ATF-Negotiated-Agreement_2018-19.pdf,Albuquerque Public Schools,88,The District reserves the right to have the teacher examined by a physician chosen from a panel designated by the District and the Federation to assist the District in determining the teacher's right to receive benefits under this section.,The District,management,management,,False,active,permission_verb,permission,permission,True,0.85,safety_and_working_conditions,True,
albuquerque_public_schools__atf_negotiated_agreement_2018_19__e7e5b93f,ATF-Negotiated-Agreement_2018-19.pdf,Albuquerque Public Schools,88,Such benefits shall go into effect immediately and remain in effect until such time as it may be determined that the benefits should not have been provided,Such benefits,other,worker,shall,False,active,plain,obligation,obligation,True,1.0,benefits,True,
albuquerque_public_schools__atf_negotiated_agreement_2018_19__e7e5b93f,ATF-Negotiated-Agreement_2018-19.pdf,Albuquerque Public Schools,88,in which event the teacher shall be deducted sick leave or leave without pay if sick leave has been exhausted.,the teacher,management,management,shall,False,passive,plain,obligation,obligation,True,1.0,benefits,True,
albuquerque_public_schools__atf_negotiated_agreement_2018_19__e7e5b93f,ATF-Negotiated-Agreement_2018-19.pdf,Albuquerque Public Schools,88,Three (3) days leave with pay will be granted for death in the immediate family of a teacher.,Three (3) days leave with pay,management,worker,will,False,passive,rights_passive,right,right,True,0.9,leave,True,
albuquerque_public_schools__atf_negotiated_agreement_2018_19__e7e5b93f,ATF-Negotiated-Agreement_2018-19.pdf,Albuquerque Public Schools,88,"If requested by the teacher, two (2) additional days leave with pay will be granted if the funeral is out of state or requires a round-trip of six hundred (600) miles or more.",two (2) additional days leave with pay,worker,worker,will,False,passive,rights_passive,right,right,True,0.9,leave,True,
albuquerque_public_schools__atf_negotiated_agreement_2018_19__e7e5b93f,ATF-Negotiated-Agreement_2018-19.pdf,Albuquerque Public Schools,88,Bereavement leave is not cumulative,Bereavement leave,other,management,,True,active,plain,prohibition,prohibition,True,0.0,leave,True,
albuquerque_public_schools__atf_negotiated_agreement_2018_19__e7e5b93f,ATF-Negotiated-Agreement_2018-19.pdf,Albuquerque Public Schools,88,nor is it deducted from a teacher's sick leave.,it,management,worker,,True,passive,plain,prohibition,prohibition,True,0.0,leave,True,
albuquerque_public_schools__atf_negotiated_agreement_2018_19__e7e5b93f,ATF-Negotiated-Agreement_2018-19.pdf,Albuquerque Public Schools,88,"If more than six (6) days of bereavement leave are used in any one school year, confirmation of the relationship to the deceased will be required by the extended leaves clerk.",confirmation,management,management,will,False,passive,obligation_verb,obligation,obligation,True,0.9,leave,True,
albuquerque_public_schools__atf_negotiated_agreement_2018_19__e7e5b93f,ATF-Negotiated-Agreement_2018-19.pdf,Albuquerque Public Schools,88,Leave with pay shall be granted to any actively working teacher called to jury duty.,Leave with pay,management,worker,shall,False,passive,rights_passive,right,right,True,1.0,leave,True,
albuquerque_public_schools__atf_negotiated_agreement_2018_19__e7e5b93f,ATF-Negotiated-Agreement_2018-19.pdf,Albuquerque Public Schools,89,Leave with pay will not be granted to a teacher where absence from duty results from said teacher bringing action against the District except on account of physical injuries suffered by the teacher while on duty.,Leave with pay,worker,management,will,True,passive,rights_passive,other,prohibition,False,0.0,leave,True,
albuquerque_public_schools__atf_negotiated_agreement_2018_19__e7e5b93f,ATF-Negotiated-Agreement_2018-19.pdf,Albuquerque Public Schools,89,Leave will be granted to a teacher to appear in court to assert or protect one's own interest.,Leave,other,worker,will,False,passive,rights_passive,right,right,True,0.9,leave,True,
albuquerque_public_schools__atf_negotiated_agreement_2018_19__e7e5b93f,ATF-Negotiated-Agreement_2018-19.pdf,Albuquerque Public Schools,89,"For this particular leave, a deduction from gross pay shall be made at the degreed substitute rate of pay for each day taken.",a deduction from gross pay,other,management,shall,False,passive,plain,obligation,obligation,True,1.0,leave,True,
albuquerque_public_schools__atf_negotiated_agreement_2018_19__e7e5b93f,ATF-Negotiated-Agreement_2018-19.pdf,Albuquerque Public Schools,89,Leave with pay will be granted to a teacher where absence from duty is required by a lawful subpoena to testify in a court proceeding or in an administrative hearing where the issue does not involve asserting or protecting one's own interest.,Leave with pay,other,worker,will,False,passive,rights_passive,right,right,True,0.9,leave,True,
albuquerque_public_schools__atf_negotiated_agreement_2018_19__e7e5b93f,ATF-Negotiated-Agreement_2018-19.pdf,Albuquerque Public Schools,89,Up to three (3) days of sick leave may be used by a teacher for each serious illness of a member of that teacher's immediate family or birth of a child of a teacher.,Up to three (3) days of sick leave,worker,worker,may,False,passive,plain,permission,permission,True,0.3,leave,True,
albuquerque_public_schools__atf_negotiated_agreement_2018_19__e7e5b93f,ATF-Negotiated-Agreement_2018-19.pdf,Albuquerque Public Schools,89,Two (2) additional days of sick leave may be used where round trip travel is 600 miles or more.,Two (2) additional days of sick leave,other,worker,may,False,passive,plain,permission,permission,True,0.3,leave,True,
albuquerque_public_schools__atf_negotiated_agreement_2018_19__e7e5b93f,ATF-Negotiated-Agreement_2018-19.pdf,Albuquerque Public Schools,89,A teacher will be granted up to five (5) days of leave per year to cover situations beyond the control of the teacher which would significantly impair teaching service.,A teacher,management,worker,will,False,passive,rights_passive,right,right,True,0.9,leave,True,
albuquerque_public_schools__atf_negotiated_agreement_2018_19__e7e5b93f,ATF-Negotiated-Agreement_2018-19.pdf,Albuquerque Public Schools,89,"Personal emergency leave may not be used for illness/injury, or illness/injury in the immediate family.",Personal emergency leave,other,management,may,True,passive,plain,prohibition,prohibition,True,0.3,leave,True,
albuquerque_public_schools__atf_negotiated_agreement_2018_19__e7e5b93f,ATF-Negotiated-Agreement_2018-19.pdf,Albuquerque Public Schools,89,Deductions from the gross pay of a teacher for this leave shall be made at the degreed substitute rate of pay for each day taken.,Deductions from the gross pay of a teacher for this leave,other,management,shall,False,passive,plain,obligation,obligation,True,1.0,leave,True,
albuquerque_public_schools__atf_negotiated_agreement_2018_19__e7e5b93f,ATF-Negotiated-Agreement_2018-19.pdf,Albuquerque Public Schools,89,A teacher may be granted up to five (5) days leave without pay for business and/or personal reasons having unusual circumstances.,A teacher,management,worker,may,False,passive,rights_passive,right,permission,False,0.3,leave,True,
albuquerque_public_schools__atf_negotiated_agreement_2018_19__e7e5b93f,ATF-Negotiated-Agreement_2018-19.pdf,Albuquerque Public Schools,89,A teacher will be granted up to two (2) days of leave per year for observance of recognized religious events.,A teacher,management,worker,will,False,passive,rights_passive,right,right,True,0.9,leave,True,
albuquerque_public_schools__atf_negotiated_agreement_2018_19__e7e5b93f,ATF-Negotiated-Agreement_2018-19.pdf,Albuquerque Public Schools,89,Deductions from the gross pay of the teacher for this leave shall be made at the degreed substitute rate of pay for each day taken.,Deductions from the gross pay of the teacher for this leave,other,management,shall,False,passive,plain,obligation,obligation,True,1.0,leave,True,
albuquerque_public_schools__atf_negotiated_agreement_2018_19__e7e5b93f,ATF-Negotiated-Agreement_2018-19.pdf,Albuquerque Public Schools,89,An employee may convert one day of sick leave to one day of religious leave during the school year.,An employee,worker,worker,may,False,active,plain,permission,permission,True,0.3,leave,True,
albuquerque_public_schools__atf_negotiated_agreement_2018_19__e7e5b93f,ATF-Negotiated-Agreement_2018-19.pdf,Albuquerque Public Schools,89,This leave is not subject to principal approval,This leave,other,worker,,True,active,plain,prohibition,right,False,0.0,leave,True,
albuquerque_public_schools__atf_negotiated_agreement_2018_19__e7e5b93f,ATF-Negotiated-Agreement_2018-19.pdf,Albuquerque Public Schools,89,the employee must submit a special leave slip to his or her supervisor at least three (3) days prior to the date the leave will be taken.,the employee,worker,management,must,False,active,obligation_verb,obligation,obligation,True,1.0,leave,True,
albuquerque_public_schools__atf_negotiated_agreement_2018_19__e7e5b93f,ATF-Negotiated-Agreement_2018-19.pdf,Albuquerque Public Schools,89,The employee need not disclose their religious beliefs verbally or in writing.,The employee,worker,worker,need,True,active,plain,prohibition,right,False,0.7,leave,True,
albuquerque_public_schools__atf_negotiated_agreement_2018_19__e7e5b93f,ATF-Negotiated-Agreement_2018-19.pdf,Albuquerque Public Schools,90,One (1) day of leave with pay each year is granted to an employee for personal matters which require the employee’s absence during school hours.,One (1) day of leave with pay each year,other,worker,,False,passive,rights_passive,right,right,True,0.85,leave,True,
albuquerque_public_schools__atf_negotiated_agreement_2018_19__e7e5b93f,ATF-Negotiated-Agreement_2018-19.pdf,Albuquerque Public Schools,90,"This leave may be accumulated up to five (5) days, including leave earned under Article 6, A.15.",This leave,other,worker,may,False,passive,plain,permission,permission,True,0.3,leave,True,
albuquerque_public_schools__atf_negotiated_agreement_2018_19__e7e5b93f,ATF-Negotiated-Agreement_2018-19.pdf,Albuquerque Public Schools,90,"Professional leave is provided for professional development, professional organizational activities, and school-related professional activities.",Professional leave,other,worker,,False,passive,rights_passive,right,other,False,0.85,leave,True,
albuquerque_public_schools__atf_negotiated_agreement_2018_19__e7e5b93f,ATF-Negotiated-Agreement_2018-19.pdf,Albuquerque Public Schools,90,"A teacher may be granted this leave without loss of pay when (1) serving as a representative of the District or (2) attending conferences, workshops, meetings, seminars or other activities related to the teacher's assignment.",A teacher,management,worker,may,False,passive,rights_passive,right,permission,False,0.3,leave,True,
albuquerque_public_schools__atf_negotiated_agreement_2018_19__e7e5b93f,ATF-Negotiated-Agreement_2018-19.pdf,Albuquerque Public Schools,90,a leave of absence should be requested in writing by the teacher/candidate.,a leave of absence,worker,management,should,False,passive,plain,obligation,obligation,True,0.7,leave,True,
albuquerque_public_schools__atf_negotiated_agreement_2018_19__e7e5b93f,ATF-Negotiated-Agreement_2018-19.pdf,Albuquerque Public Schools,90,Such leave shall be leave without pay.,Such leave,other,management,shall,False,active,plain,obligation,obligation,True,1.0,leave,True,
albuquerque_public_schools__atf_negotiated_agreement_2018_19__e7e5b93f,ATF-Negotiated-Agreement_2018-19.pdf,Albuquerque Public Schools,90,The District shall give written answer to such request for political leave.,The District,management,worker,shall,False,active,plain,obligation,obligation,True,1.0,leave,True,
albuquerque_public_schools__atf_negotiated_agreement_2018_19__e7e5b93f,ATF-Negotiated-Agreement_2018-19.pdf,Albuquerque Public Schools,90,This leave of absence shall be arranged for a definite period of campaigning.,This leave of absence,other,management,shall,False,passive,plain,obligation,obligation,True,1.0,leave,True,
albuquerque_public_schools__atf_negotiated_agreement_2018_19__e7e5b93f,ATF-Negotiated-Agreement_2018-19.pdf,Albuquerque Public Schools,90,the teacher shall be returned to the former position held immediately prior to the granting of the leave,the teacher,management,worker,shall,False,passive,rights_passive,right,obligation,False,1.0,job_security,True,
albuquerque_public_schools__atf_negotiated_agreement_2018_19__e7e5b93f,ATF-Negotiated-Agreement_2018-19.pdf,Albuquerque Public Schools,90,and shall have all benefits accrued as if actively employed.,the teacher,worker,worker,shall,False,active,rights_active,right,right,True,1.0,benefits,True,
albuquerque_public_schools__atf_negotiated_agreement_2018_19__e7e5b93f,ATF-Negotiated-Agreement_2018-19.pdf,Albuquerque Public Schools,90,Leave of absence with pay shall be granted for the purpose of holding political office.,Leave of absence with pay,other,worker,shall,False,passive,rights_passive,right,right,True,1.0,leave,True,
albuquerque_public_schools__atf_negotiated_agreement_2018_19__e7e5b93f,ATF-Negotiated-Agreement_2018-19.pdf,Albuquerque Public Schools,90,The teacher/office holder shall request in writing a leave within the framework of this policy,The teacher/office holder,worker,management,shall,False,active,plain,obligation,obligation,True,1.0,leave,True,
albuquerque_public_schools__atf_negotiated_agreement_2018_19__e7e5b93f,ATF-Negotiated-Agreement_2018-19.pdf,Albuquerque Public Schools,90,and shall receive a written response defining the terms of the leave.,The teacher/office holder,worker,worker,shall,False,active,rights_active,right,right,True,1.0,leave,True,
albuquerque_public_schools__atf_negotiated_agreement_2018_19__e7e5b93f,ATF-Negotiated-Agreement_2018-19.pdf,Albuquerque Public Schools,90,"The response shall include reinstatement upon termination of the leave and, where applicable, all benefits accrued as if the teacher were actively employed.",The response,other,worker,shall,False,active,plain,obligation,obligation,True,1.0,leave,True,
albuquerque_public_schools__atf_negotiated_agreement_2018_19__e7e5b93f,ATF-Negotiated-Agreement_2018-19.pdf,Albuquerque Public Schools,90,Every effort shall be made to identify an experienced and highly qualified substitute who shall be available on a consistent basis to take over the teaching duties and responsibilities of the teacher while that individual is out on political leave.,Every effort,other,worker,shall,False,passive,plain,obligation,obligation,True,1.0,leave,True,
albuquerque_public_schools__atf_negotiated_agreement_2018_19__e7e5b93f,ATF-Negotiated-Agreement_2018-19.pdf,Albuquerque Public Schools,90,The teacher shall be responsible for meeting with and planning with his/her political leave substitute to ensure the greatest degree of continuity of instruction possible in the absence of the,The teacher,worker,management,shall,False,active,obligation_verb,obligation,obligation,True,1.0,other,True,Truncated at end of chunk.
albuquerque_public_schools__atf_negotiated_agreement_2018_19__e7e5b93f,ATF-Negotiated-Agreement_2018-19.pdf,Albuquerque Public Schools,91,The teacher shall be responsible for meeting with and planning with his/her political leave substitute to ensure the greatest degree of continuity of instruction possible in the absence of the teacher.,The teacher,worker,management,shall,False,active,obligation_verb,obligation,obligation,True,1.0,other,True,
albuquerque_public_schools__atf_negotiated_agreement_2018_19__e7e5b93f,ATF-Negotiated-Agreement_2018-19.pdf,Albuquerque Public Schools,91,"Leave of absence without pay and accrued benefits shall be granted to teachers who are elected to full-time, salaried positions.",Leave of absence without pay and accrued benefits,management,worker,shall,False,passive,rights_passive,right,obligation,False,1.0,leave,True,
albuquerque_public_schools__atf_negotiated_agreement_2018_19__e7e5b93f,ATF-Negotiated-Agreement_2018-19.pdf,Albuquerque Public Schools,91,"Upon termination of the leave of absence, the teacher shall be reinstated in the same or similar position according to the personnel needs of the District.",the teacher,management,worker,shall,False,passive,rights_passive,right,right,True,1.0,leave,True,
albuquerque_public_schools__atf_negotiated_agreement_2018_19__e7e5b93f,ATF-Negotiated-Agreement_2018-19.pdf,Albuquerque Public Schools,91,"Leave of absence with pay shall be granted to teachers who are elected or appointed to part-time, non- salaried positions.",Leave of absence with pay,management,worker,shall,False,passive,rights_passive,right,obligation,False,1.0,leave,True,
albuquerque_public_schools__atf_negotiated_agreement_2018_19__e7e5b93f,ATF-Negotiated-Agreement_2018-19.pdf,Albuquerque Public Schools,91,The number of days granted to teachers under this paragraph will be determined by the Superintendent,The number of days granted to teachers under this paragraph,management,management,will,False,passive,plain,obligation,other,False,0.9,leave,True,"Split from compound sentence joined by ""except that""."
albuquerque_public_schools__atf_negotiated_agreement_2018_19__e7e5b93f,ATF-Negotiated-Agreement_2018-19.pdf,Albuquerque Public Schools,91,teachers elected to the State Legislature will be limited to the number of days for the regular annual session and any special sessions plus ten (10) additional days.,teachers elected to the State Legislature,management,management,will,False,passive,plain,obligation,prohibition,False,0.9,leave,True,"Split from compound sentence joined by ""except that""."
albuquerque_public_schools__atf_negotiated_agreement_2018_19__e7e5b93f,ATF-Negotiated-Agreement_2018-19.pdf,Albuquerque Public Schools,91,Any days granted beyond this number will be without pay.,Any days granted beyond this number,other,management,will,False,active,plain,obligation,other,False,0.9,leave,True,
albuquerque_public_schools__atf_negotiated_agreement_2018_19__e7e5b93f,ATF-Negotiated-Agreement_2018-19.pdf,Albuquerque Public Schools,91,The teacher shall maintain the position in the school system normally held when not serving in political office.,The teacher,worker,management,shall,False,active,plain,obligation,obligation,True,1.0,other,True,
albuquerque_public_schools__atf_negotiated_agreement_2018_19__e7e5b93f,ATF-Negotiated-Agreement_2018-19.pdf,Albuquerque Public Schools,91,Application for such leave shall be made to the Superintendent.,Application for such leave,worker,management,shall,False,passive,plain,obligation,obligation,True,1.0,leave,True,Implicit agent is the teacher/applicant.
albuquerque_public_schools__atf_negotiated_agreement_2018_19__e7e5b93f,ATF-Negotiated-Agreement_2018-19.pdf,Albuquerque Public Schools,91,"Dependent upon the availability of non-District funding, a teacher may be granted sabbatical leave with pay.",a teacher,management,management,may,False,passive,rights_passive,right,permission,False,0.3,leave,True,
albuquerque_public_schools__atf_negotiated_agreement_2018_19__e7e5b93f,ATF-Negotiated-Agreement_2018-19.pdf,Albuquerque Public Schools,91,Such leave may be for one (1) semester or one (1) year.,Such leave,other,worker,may,False,active,plain,permission,permission,True,0.3,leave,True,
albuquerque_public_schools__atf_negotiated_agreement_2018_19__e7e5b93f,ATF-Negotiated-Agreement_2018-19.pdf,Albuquerque Public Schools,91,Sabbatical leave shall be granted only upon agreement by the teacher to return to the school system for at least two (2) years following the leave or repayment to the District of the salary received during the period of leave.,Sabbatical leave,worker,management,shall,False,passive,rights_passive,right,obligation,False,1.0,leave,True,
albuquerque_public_schools__atf_negotiated_agreement_2018_19__e7e5b93f,ATF-Negotiated-Agreement_2018-19.pdf,Albuquerque Public Schools,91,"A surety bond, or other collateral acceptable to the Board, must be provided by the teacher as a condition of leave award.","A surety bond, or other collateral acceptable to the Board",worker,management,must,False,passive,plain,obligation,obligation,True,1.0,leave,True,"Explicit agent: ""by the teacher""."
albuquerque_public_schools__atf_negotiated_agreement_2018_19__e7e5b93f,ATF-Negotiated-Agreement_2018-19.pdf,Albuquerque Public Schools,91,The teacher shall be guaranteed an equivalent position upon return to the school system.,The teacher,management,worker,shall,False,passive,rights_passive,right,right,True,1.0,leave,True,
albuquerque_public_schools__atf_negotiated_agreement_2018_19__e7e5b93f,ATF-Negotiated-Agreement_2018-19.pdf,Albuquerque Public Schools,91,The teacher may continue participation in the educational retirement plan by making appropriate contributions as agreed by the District and the Educational Retirement Board.,The teacher,worker,worker,may,False,active,plain,permission,right,False,0.3,benefits,True,
albuquerque_public_schools__atf_negotiated_agreement_2018_19__e7e5b93f,ATF-Negotiated-Agreement_2018-19.pdf,Albuquerque Public Schools,91,A joint committee consisting of two (2) teachers appointed by the Federation and two (2) persons appointed by the Superintendent shall screen candidates and submit the approved applicants for sabbatical leave to the Superintendent for final recommendation to the Board.,A joint committee consisting of two (2) teachers appointed by the Federation and two (2) persons appointed by the Superintendent,other,worker,shall,False,active,plain,obligation,obligation,True,1.0,leave,True,
albuquerque_public_schools__atf_negotiated_agreement_2018_19__e7e5b93f,ATF-Negotiated-Agreement_2018-19.pdf,Albuquerque Public Schools,91,"The recommendation to the Board shall include any additional guidelines, including the amount of payment, for the sabbatical leave.",The recommendation to the Board,other,management,shall,False,active,plain,obligation,obligation,True,1.0,leave,True,
albuquerque_public_schools__atf_negotiated_agreement_2018_19__e7e5b93f,ATF-Negotiated-Agreement_2018-19.pdf,Albuquerque Public Schools,92,Request for sabbatical leave must be submitted no later than March 1.,Request for sabbatical leave,management,management,must,False,passive,plain,obligation,obligation,True,1.0,leave,True,
albuquerque_public_schools__atf_negotiated_agreement_2018_19__e7e5b93f,ATF-Negotiated-Agreement_2018-19.pdf,Albuquerque Public Schools,92,"All active employees on matrices AT-1, AT-2, AT-3, A-2 A-3 and A-4 will accrue paid sick leave at the start of the contract year as follows:","All active employees on matrices AT-1, AT-2, AT-3, A-2 A-3 and A-4",worker,worker,will,False,active,rights_active,right,right,True,0.9,leave,True,
albuquerque_public_schools__atf_negotiated_agreement_2018_19__e7e5b93f,ATF-Negotiated-Agreement_2018-19.pdf,Albuquerque Public Schools,92,"Earned sick leave will be prorated for late hires, mid-year contract changes, leaves of absence, retirees and terminations.",Earned sick leave,management,management,will,False,passive,plain,obligation,obligation,True,0.9,leave,True,
albuquerque_public_schools__atf_negotiated_agreement_2018_19__e7e5b93f,ATF-Negotiated-Agreement_2018-19.pdf,Albuquerque Public Schools,92,Earned sick leave benefits may be used provided the teacher is on paid duty status.,Earned sick leave benefits,worker,management,may,False,passive,permission_verb,permission,permission,True,0.3,leave,True,
albuquerque_public_schools__atf_negotiated_agreement_2018_19__e7e5b93f,ATF-Negotiated-Agreement_2018-19.pdf,Albuquerque Public Schools,92,"the teacher will be docked 1/184 or 1/208, as applicable, of salary for each day taken, except as provided for in paragraph M.",the teacher,management,management,will,False,passive,plain,obligation,obligation,True,0.9,leave,True,
albuquerque_public_schools__atf_negotiated_agreement_2018_19__e7e5b93f,ATF-Negotiated-Agreement_2018-19.pdf,Albuquerque Public Schools,92,Accrued sick leave with pay from previous years will be made available to employees the next contract year.,Accrued sick leave with pay from previous years,management,worker,will,False,passive,plain,obligation,obligation,True,0.9,leave,True,
albuquerque_public_schools__atf_negotiated_agreement_2018_19__e7e5b93f,ATF-Negotiated-Agreement_2018-19.pdf,Albuquerque Public Schools,92,A physician's certificate may be required when a teacher is: 1.) Absent for four (4) or more consecutive days; 2.) Absent both on a Friday and the following Monday.,A physician's certificate,management,management,may,False,passive,plain,permission,permission,True,0.3,leave,True,
albuquerque_public_schools__atf_negotiated_agreement_2018_19__e7e5b93f,ATF-Negotiated-Agreement_2018-19.pdf,Albuquerque Public Schools,92,the unpaid difference between benefits paid under the Workers' Compensation Act of New Mexico and the teacher's regular pay shall be paid by the District from accrued sick leave benefits.,the unpaid difference between benefits paid under the Workers' Compensation Act of New Mexico and the teacher's regular pay,management,worker,shall,False,active,obligation_verb,obligation,obligation,True,1.0,leave,True,
albuquerque_public_schools__atf_negotiated_agreement_2018_19__e7e5b93f,ATF-Negotiated-Agreement_2018-19.pdf,Albuquerque Public Schools,92,the teacher must submit a written notice to the Department of Human Resources stating the probable date of return together with a verifying physician' statement.,the teacher,worker,management,must,False,active,obligation_verb,obligation,obligation,True,1.0,leave,True,
albuquerque_public_schools__atf_negotiated_agreement_2018_19__e7e5b93f,ATF-Negotiated-Agreement_2018-19.pdf,Albuquerque Public Schools,92,"Before returning, such teacher must submit a physician's release (APS Return to Work Certificate).",such teacher,worker,management,must,False,active,obligation_verb,obligation,obligation,True,1.0,leave,True,
albuquerque_public_schools__atf_negotiated_agreement_2018_19__e7e5b93f,ATF-Negotiated-Agreement_2018-19.pdf,Albuquerque Public Schools,92,Teachers who have been off work for any medical reason for more than ten (10) consecutive workdays may be required to have an evaluation by a treating physician.,Teachers who have been off work for any medical reason for more than ten (10) consecutive workdays,management,management,may,False,passive,plain,permission,permission,True,0.3,leave,True,
albuquerque_public_schools__atf_negotiated_agreement_2018_19__e7e5b93f,ATF-Negotiated-Agreement_2018-19.pdf,Albuquerque Public Schools,92,Teachers may use during the school year an amount of sick leave that will equate with the total number of ho,Teachers,worker,worker,may,False,active,permission_verb,permission,permission,True,0.3,leave,True,Truncated in source text.
albuquerque_public_schools__atf_negotiated_agreement_2018_19__e7e5b93f,ATF-Negotiated-Agreement_2018-19.pdf,Albuquerque Public Schools,93,Teachers may use during the school year an amount of sick leave that will equate with the total number of hours earned per year prior to actually earning the sick leave hours each month.,Teachers,worker,worker,may,False,active,plain,permission,permission,True,0.3,leave,True,
albuquerque_public_schools__atf_negotiated_agreement_2018_19__e7e5b93f,ATF-Negotiated-Agreement_2018-19.pdf,Albuquerque Public Schools,93,"In the event a teacher uses an amount of sick leave that exceeds the total earned for an entire year or terminates within the year, the teacher will be docked one 1/183 (or 1/184 or 1/208, as applicable) of salary for each day taken except as provided for in paragraph M.",the teacher,management,management,will,False,passive,plain,obligation,obligation,True,0.9,leave,True,
albuquerque_public_schools__atf_negotiated_agreement_2018_19__e7e5b93f,ATF-Negotiated-Agreement_2018-19.pdf,Albuquerque Public Schools,93,All claims are subject to approval of the Sick Leave Bank Committee.,All claims,management,management,,False,active,plain,other,other,True,0.0,leave,True,
albuquerque_public_schools__atf_negotiated_agreement_2018_19__e7e5b93f,ATF-Negotiated-Agreement_2018-19.pdf,Albuquerque Public Schools,93,"a teacher must voluntarily contribute each pay period, through payroll deduction, a sum which is designated by the joint Sick Leave Bank Committee.",a teacher,worker,management,must,False,active,obligation_verb,obligation,obligation,True,1.0,leave,True,
albuquerque_public_schools__atf_negotiated_agreement_2018_19__e7e5b93f,ATF-Negotiated-Agreement_2018-19.pdf,Albuquerque Public Schools,93,"If at any time the District and the Federation agree that the Sick Leave Bank is not solvent, the joint committee will decide how any money remaining in the bank will be distributed.",the joint committee,other,management,will,False,active,plain,obligation,obligation,True,0.9,other,True,
albuquerque_public_schools__atf_negotiated_agreement_2018_19__e7e5b93f,ATF-Negotiated-Agreement_2018-19.pdf,Albuquerque Public Schools,93,Any teacher shall be afforded the opportunity to participate within sixty (60) days after beginning employment or within sixty (60) days of the beginning of any succeeding school year.,Any teacher,management,worker,shall,False,passive,rights_passive,right,right,True,1.0,leave,True,
albuquerque_public_schools__atf_negotiated_agreement_2018_19__e7e5b93f,ATF-Negotiated-Agreement_2018-19.pdf,Albuquerque Public Schools,93,Part-time teachers shall be eligible for benefits on a pro-rata basis.,Part-time teachers,worker,worker,shall,False,active,plain,obligation,right,False,1.0,benefits,True,
albuquerque_public_schools__atf_negotiated_agreement_2018_19__e7e5b93f,ATF-Negotiated-Agreement_2018-19.pdf,Albuquerque Public Schools,93,A request to withdraw from participation in the bank must be submitted to the SLB Committee within ten (10) workdays of the first teacher workday of the following contract year or during the open enrollment period during the month of September.,A request to withdraw from participation in the bank,worker,management,must,False,passive,plain,obligation,obligation,True,1.0,leave,True,
albuquerque_public_schools__atf_negotiated_agreement_2018_19__e7e5b93f,ATF-Negotiated-Agreement_2018-19.pdf,Albuquerque Public Schools,93,An eligible teacher may apply to the SLB Committee for withdrawal of days consistent with guidelines established by the joint SLB Committee.,An eligible teacher,worker,worker,may,False,active,plain,permission,permission,True,0.3,leave,True,
albuquerque_public_schools__atf_negotiated_agreement_2018_19__e7e5b93f,ATF-Negotiated-Agreement_2018-19.pdf,Albuquerque Public Schools,94,Guidelines may include a minimum number of days which must be accrued before SLB coverage begins.,Guidelines,other,management,may,False,active,plain,permission,permission,True,0.3,leave,True,
albuquerque_public_schools__atf_negotiated_agreement_2018_19__e7e5b93f,ATF-Negotiated-Agreement_2018-19.pdf,Albuquerque Public Schools,94,Applications to the Committee shall be in writing and be accompanied by a physician's statement describing the illness or injury and anticipated date of return to work.,Applications to the Committee,other,management,shall,False,active,plain,obligation,obligation,True,1.0,leave,True,
albuquerque_public_schools__atf_negotiated_agreement_2018_19__e7e5b93f,ATF-Negotiated-Agreement_2018-19.pdf,Albuquerque Public Schools,94,The SLB Committee will review all applications for withdrawal of days.,The SLB Committee,other,management,will,False,active,plain,obligation,obligation,True,0.9,other,True,
albuquerque_public_schools__atf_negotiated_agreement_2018_19__e7e5b93f,ATF-Negotiated-Agreement_2018-19.pdf,Albuquerque Public Schools,94,The decision of the Committee shall be final and not subject to the grievance procedure.,The decision of the Committee,other,management,shall,False,active,plain,obligation,prohibition,False,1.0,discipline,True,"negation modifies predicate adjective, not operative verb"
albuquerque_public_schools__atf_negotiated_agreement_2018_19__e7e5b93f,ATF-Negotiated-Agreement_2018-19.pdf,Albuquerque Public Schools,94,The Committee shall submit an operation report to the District and the Federation on an annual basis.,The Committee,other,management,shall,False,active,plain,obligation,obligation,True,1.0,other,True,
albuquerque_public_schools__atf_negotiated_agreement_2018_19__e7e5b93f,ATF-Negotiated-Agreement_2018-19.pdf,Albuquerque Public Schools,94,Sick leave days from the bank may be drawn only for those days of the school year as identified in this Agreement.,Sick leave days from the bank,other,management,may,False,passive,plain,permission,prohibition,False,0.3,leave,True,
albuquerque_public_schools__atf_negotiated_agreement_2018_19__e7e5b93f,ATF-Negotiated-Agreement_2018-19.pdf,Albuquerque Public Schools,94,Teachers on leave of absence are not eligible to access benefits in the bank.,Teachers on leave of absence,worker,management,,True,active,plain,prohibition,prohibition,True,0.0,leave,True,
albuquerque_public_schools__atf_negotiated_agreement_2018_19__e7e5b93f,ATF-Negotiated-Agreement_2018-19.pdf,Albuquerque Public Schools,94,Employees on a leave of absence are not eligible to enroll in the sick leave bank until reinstated to active status.,Employees on a leave of absence,worker,management,,True,active,plain,prohibition,prohibition,True,0.0,leave,True,
albuquerque_public_schools__atf_negotiated_agreement_2018_19__e7e5b93f,ATF-Negotiated-Agreement_2018-19.pdf,Albuquerque Public Schools,94,"Employees who perform duty, voluntarily or involuntarily, in the “uniformed services,” which include the Army, Navy, Marine Corps, Air Force, Coast Guard, as well as the reserve components of each of these services, Army National Guard, Air Force National Guard, Commissioned Corps of the Public Health Service, and any other category of persons designated by the President in time or war or emergency, will be eligible for re-assignment to the position they vacated prior to taking military leave after completing duty, provided:","Employees who perform duty, voluntarily or involuntarily, in the “uniformed services,” which include the Army, Navy, Marine Corps, Air Force, Coast Guard, as well as the reserve components of each of these services, Army National Guard, Air Force National Guard, Commissioned Corps of the Public Health Service, and any other category of persons designated by the President in time or war or emergency,",worker,worker,will,False,active,plain,obligation,right,False,0.9,leave,True,Conditional grant clause introducing subsequent requirements
albuquerque_public_schools__atf_negotiated_agreement_2018_19__e7e5b93f,ATF-Negotiated-Agreement_2018-19.pdf,Albuquerque Public Schools,94,They provide written or verbal notice of their orders to their supervisor/Department of Human Resources as soon as received (unless precluded by military necessity or otherwise impossible/unreasonable);,They,worker,management,,False,active,plain,other,obligation,False,0.0,leave,True,Subordinate condition 'a'
albuquerque_public_schools__atf_negotiated_agreement_2018_19__e7e5b93f,ATF-Negotiated-Agreement_2018-19.pdf,Albuquerque Public Schools,94,They satisfactorily complete duty of five (5) cumulative years or less;,They,worker,management,,False,active,plain,other,obligation,False,0.0,leave,True,Subordinate condition 'b'
albuquerque_public_schools__atf_negotiated_agreement_2018_19__e7e5b93f,ATF-Negotiated-Agreement_2018-19.pdf,Albuquerque Public Schools,94,They begin duty directly from employment with APS;,They,worker,management,,False,active,plain,other,obligation,False,0.0,leave,True,Subordinate condition 'c'
albuquerque_public_schools__atf_negotiated_agreement_2018_19__e7e5b93f,ATF-Negotiated-Agreement_2018-19.pdf,Albuquerque Public Schools,94,They apply for and are available for re-employment as follows:,They,worker,management,,False,active,plain,other,obligation,False,0.0,leave,True,Subordinate condition 'd'
albuquerque_public_schools__atf_negotiated_agreement_2018_19__e7e5b93f,ATF-Negotiated-Agreement_2018-19.pdf,Albuquerque Public Schools,95,Reporting or application deadlines are extended for up to two (2) years for persons who are hospitalized or recovering.,Reporting or application deadlines,management,worker,,False,passive,plain,other,other,True,0.0,leave,True,
albuquerque_public_schools__atf_negotiated_agreement_2018_19__e7e5b93f,ATF-Negotiated-Agreement_2018-19.pdf,Albuquerque Public Schools,95,"Employees who serve in U.S. military organizations will be paid for up to 15 days per fiscal year, for active duty, active duty training, and inactive duty training.",Employees who serve in U.S. military organizations,management,worker,will,False,passive,rights_passive,right,right,True,0.9,compensation,True,
albuquerque_public_schools__atf_negotiated_agreement_2018_19__e7e5b93f,ATF-Negotiated-Agreement_2018-19.pdf,Albuquerque Public Schools,95,Employees may apply accrued personal days and unused earned vacation time to the leave if they wish,Employees,worker,worker,may,False,active,plain,permission,permission,True,0.3,leave,True,
albuquerque_public_schools__atf_negotiated_agreement_2018_19__e7e5b93f,ATF-Negotiated-Agreement_2018-19.pdf,Albuquerque Public Schools,95,they are not obliged to do so.,they,worker,worker,,True,active,obligation_verb,right,right,True,0.85,leave,True,
albuquerque_public_schools__atf_negotiated_agreement_2018_19__e7e5b93f,ATF-Negotiated-Agreement_2018-19.pdf,Albuquerque Public Schools,95,Peace Corps leave without pay up to five (5) cumulative years shall be granted to a teacher who volunteers for service to the United States Peace Corps.,Peace Corps leave without pay up to five (5) cumulative years,management,worker,shall,False,passive,rights_passive,right,obligation,False,1.0,leave,True,
albuquerque_public_schools__atf_negotiated_agreement_2018_19__e7e5b93f,ATF-Negotiated-Agreement_2018-19.pdf,Albuquerque Public Schools,95,"Teachers on leave for military or Peace Corps service shall be granted any improvement in salary or other terms and conditions of employment which would have accrued to them had they remained in active service with the District, provided such teachers seek reinstatement with the District within thirty (30) days following discharge from the military service or upon release from Peace Corps service.",Teachers on leave for military or Peace Corps service,management,worker,shall,False,passive,rights_passive,right,right,True,1.0,leave,True,
albuquerque_public_schools__atf_negotiated_agreement_2018_19__e7e5b93f,ATF-Negotiated-Agreement_2018-19.pdf,Albuquerque Public Schools,95,JROTC Instructors may use up to thirty (30) days of annual leave within one (1) calendar year.,JROTC Instructors,worker,worker,may,False,active,plain,permission,permission,True,0.3,leave,True,
albuquerque_public_schools__atf_negotiated_agreement_2018_19__e7e5b93f,ATF-Negotiated-Agreement_2018-19.pdf,Albuquerque Public Schools,95,No more than five (5) consecutive work days may be used when school is in session.,No more than five (5) consecutive work days,worker,management,may,False,passive,plain,permission,prohibition,False,0.3,leave,True,
albuquerque_public_schools__atf_negotiated_agreement_2018_19__e7e5b93f,ATF-Negotiated-Agreement_2018-19.pdf,Albuquerque Public Schools,95,A representative of the ATF and the APS JROTC district director will review extenuating circumstances.,A representative of the ATF and the APS JROTC district director,other,worker,will,False,active,plain,obligation,obligation,True,0.9,other,True,joint actors
albuquerque_public_schools__atf_negotiated_agreement_2018_19__e7e5b93f,ATF-Negotiated-Agreement_2018-19.pdf,Albuquerque Public Schools,95,"Unless otherwise stated herein, an extended leave of absence without pay may be granted to teachers for a period of up to one (1) year.",an extended leave of absence without pay,management,worker,may,False,passive,rights_passive,right,permission,False,0.3,leave,True,
albuquerque_public_schools__atf_negotiated_agreement_2018_19__e7e5b93f,ATF-Negotiated-Agreement_2018-19.pdf,Albuquerque Public Schools,95,A teacher who has been employed under the terms of this Agreement by the District for three (3) continuous contract years or more immediately preceding the granting of this leave is eligible for advanced study leave for up to one (1) year.,A teacher who has been employed under the terms of this Agreement by the District for three (3) continuous contract years or more immediately preceding the granting of this leave,worker,worker,,False,active,plain,other,right,False,0.0,leave,True,
albuquerque_public_schools__atf_negotiated_agreement_2018_19__e7e5b93f,ATF-Negotiated-Agreement_2018-19.pdf,Albuquerque Public Schools,96,Teachers returning from advanced study leave who have completed an approved program of studies resulting in their obtaining an additional certification/endorsement shall be granted credit for salary matrix advancement as if the teacher had been actively employed.,Teachers returning from advanced study leave who have completed an approved program of studies resulting in their obtaining an additional certification/endorsement,worker,worker,shall,False,passive,rights_passive,right,right,True,1.0,compensation,True,
albuquerque_public_schools__atf_negotiated_agreement_2018_19__e7e5b93f,ATF-Negotiated-Agreement_2018-19.pdf,Albuquerque Public Schools,96,The Superintendent must approve the program of studies prior to the granting of the leave.,The Superintendent,management,management,must,False,active,plain,obligation,obligation,True,1.0,leave,True,
albuquerque_public_schools__atf_negotiated_agreement_2018_19__e7e5b93f,ATF-Negotiated-Agreement_2018-19.pdf,Albuquerque Public Schools,96,The program of studies must be related to the subject matter being taught by the teacher or to be taught by the teacher.,The program of studies,worker,management,must,False,passive,plain,obligation,obligation,True,1.0,leave,True,
albuquerque_public_schools__atf_negotiated_agreement_2018_19__e7e5b93f,ATF-Negotiated-Agreement_2018-19.pdf,Albuquerque Public Schools,96,A statement as to how the advanced study leave is expected to enhance the teacher's abilities to teach may be requested by the Superintendent prior to the granting of the leave.,A statement as to how the advanced study leave is expected to enhance the teacher's abilities to teach,management,management,may,False,passive,plain,permission,permission,True,0.3,leave,True,
albuquerque_public_schools__atf_negotiated_agreement_2018_19__e7e5b93f,ATF-Negotiated-Agreement_2018-19.pdf,Albuquerque Public Schools,96,"Except in unusual circumstances, as determined by the District, application for this leave must be submitted thirty (30) days in advance.",application for this leave,management,management,must,False,passive,plain,obligation,obligation,True,1.0,leave,True,
albuquerque_public_schools__atf_negotiated_agreement_2018_19__e7e5b93f,ATF-Negotiated-Agreement_2018-19.pdf,Albuquerque Public Schools,96,A teacher who is pregnant shall be entitled upon request to a leave to begin at any time between the commencement of her pregnancy and one (1) year after a child is born to her.,A teacher who is pregnant,worker,worker,shall,False,passive,rights_passive,right,right,True,1.0,leave,True,
albuquerque_public_schools__atf_negotiated_agreement_2018_19__e7e5b93f,ATF-Negotiated-Agreement_2018-19.pdf,Albuquerque Public Schools,96,Said teacher shall notify the Department of Human Resources in writing of her desire to take such leave,Said teacher,worker,management,shall,False,active,plain,obligation,obligation,True,1.0,leave,True,
albuquerque_public_schools__atf_negotiated_agreement_2018_19__e7e5b93f,ATF-Negotiated-Agreement_2018-19.pdf,Albuquerque Public Schools,96,"except in case of emergency, shall give such notice at least thirty (30) days prior to the date on which her leave is to begin.",Said teacher,worker,management,shall,False,active,plain,obligation,obligation,True,1.0,leave,True,Elided subject carried over from preceding conjunct.
albuquerque_public_schools__atf_negotiated_agreement_2018_19__e7e5b93f,ATF-Negotiated-Agreement_2018-19.pdf,Albuquerque Public Schools,97,"Such notice will include either a physician’s statement certifying her pregnancy and approximate date of delivery or a copy of the birth certificate of her child, whichever is applicable.",Such notice,other,management,will,False,active,plain,obligation,obligation,True,0.9,leave,True,
albuquerque_public_schools__atf_negotiated_agreement_2018_19__e7e5b93f,ATF-Negotiated-Agreement_2018-19.pdf,Albuquerque Public Schools,97,"A teacher who is pregnant may continue in active employment as late into her pregnancy as she desires, provided she is able to properly perform her contractual duties.",A teacher who is pregnant,worker,worker,may,False,active,plain,permission,permission,True,0.3,leave,True,
albuquerque_public_schools__atf_negotiated_agreement_2018_19__e7e5b93f,ATF-Negotiated-Agreement_2018-19.pdf,Albuquerque Public Schools,97,"If not on parental leave of absence, any portion of a teacher's absence from work because of a medical disability connected with or resulting from her pregnancy may be charged to her available sick leave.",any portion of a teacher's absence from work because of a medical disability connected with or resulting from her pregnancy,management,management,may,False,passive,plain,permission,permission,True,0.3,leave,True,
albuquerque_public_schools__atf_negotiated_agreement_2018_19__e7e5b93f,ATF-Negotiated-Agreement_2018-19.pdf,Albuquerque Public Schools,97,A male teacher shall be entitled upon request and verification of birth date to a leave to begin at any time between the birth of his child and one (1) year thereafter.,A male teacher,management,worker,shall,False,passive,rights_passive,right,right,True,1.0,leave,True,
albuquerque_public_schools__atf_negotiated_agreement_2018_19__e7e5b93f,ATF-Negotiated-Agreement_2018-19.pdf,Albuquerque Public Schools,97,A teacher adopting a child shall be entitled upon request to a leave commencing when custody occurs or prior to receiving custody if necessary in order to fulfill the requirement of adoption.,A teacher adopting a child,management,worker,shall,False,passive,rights_passive,right,right,True,1.0,leave,True,
albuquerque_public_schools__atf_negotiated_agreement_2018_19__e7e5b93f,ATF-Negotiated-Agreement_2018-19.pdf,Albuquerque Public Schools,97,Leave shall be granted for the purpose of caring for a sick member of a teacher's immediate family for up to one (1) year.,Leave,management,worker,shall,False,passive,rights_passive,right,obligation,False,1.0,leave,True,
albuquerque_public_schools__atf_negotiated_agreement_2018_19__e7e5b93f,ATF-Negotiated-Agreement_2018-19.pdf,Albuquerque Public Schools,97,Such request must be accompanied by a verifying physician's statement.,Such request,worker,management,must,False,passive,plain,obligation,obligation,True,1.0,leave,True,
albuquerque_public_schools__atf_negotiated_agreement_2018_19__e7e5b93f,ATF-Negotiated-Agreement_2018-19.pdf,Albuquerque Public Schools,97,A teacher who is unable to teach because of personal illness or disability and who has exhausted all available sick leave shall be granted leave for up to one (1) year.,A teacher who is unable to teach because of personal illness or disability and who has exhausted all available sick leave,management,worker,shall,False,passive,rights_passive,right,right,True,1.0,leave,True,
albuquerque_public_schools__atf_negotiated_agreement_2018_19__e7e5b93f,ATF-Negotiated-Agreement_2018-19.pdf,Albuquerque Public Schools,97,Any request for this leave must state the probable date of return and be accompanied by a verifying physician's statement.,Any request for this leave,worker,management,must,False,active,plain,obligation,obligation,True,1.0,leave,True,
albuquerque_public_schools__atf_negotiated_agreement_2018_19__e7e5b93f,ATF-Negotiated-Agreement_2018-19.pdf,Albuquerque Public Schools,97,If the leave was granted as a result of a work related injury the employee may request a one (1) year extension of this leave,the employee,worker,worker,may,False,active,plain,permission,permission,True,0.3,leave,True,extracted from compound sentence joined by 'and'
albuquerque_public_schools__atf_negotiated_agreement_2018_19__e7e5b93f,ATF-Negotiated-Agreement_2018-19.pdf,Albuquerque Public Schools,97,If the leave was granted as a result of a work related injury the employee shall be granted a one (1) year extension of this leave,the employee,management,worker,shall,False,passive,rights_passive,right,right,True,1.0,leave,True,extracted from compound sentence joined by 'and'
albuquerque_public_schools__atf_negotiated_agreement_2018_19__e7e5b93f,ATF-Negotiated-Agreement_2018-19.pdf,Albuquerque Public Schools,97,"Before returning, such teacher must submit a physician's release.",such teacher,worker,management,must,False,active,plain,obligation,obligation,True,1.0,leave,True,
albuquerque_public_schools__atf_negotiated_agreement_2018_19__e7e5b93f,ATF-Negotiated-Agreement_2018-19.pdf,Albuquerque Public Schools,97,"To be eligible for an extended medical leave of absence, an employee must have been actively employed on paid status with APS a minimum of one contract year immediately prior to the leave start date.",an employee,worker,management,must,False,active,plain,obligation,obligation,True,1.0,leave,True,
albuquerque_public_schools__atf_negotiated_agreement_2018_19__e7e5b93f,ATF-Negotiated-Agreement_2018-19.pdf,Albuquerque Public Schools,97,All intermittent medical leaves will be addressed according to FMLA regulations.,All intermittent medical leaves,management,management,will,False,passive,plain,obligation,obligation,True,0.9,leave,True,
albuquerque_public_schools__atf_negotiated_agreement_2018_19__e7e5b93f,ATF-Negotiated-Agreement_2018-19.pdf,Albuquerque Public Schools,97,Leave without pay for up to one (1) year may be granted to a teacher provided said teacher has been actively employed for five (5) continuous contract years preceding the granting of this leave and has not been granted an extended part-time leave within that period.,Leave without pay for up to one (1) year,management,worker,may,False,passive,rights_passive,right,permission,False,0.3,leave,True,contains subordinate condition 'provided...'
albuquerque_public_schools__atf_negotiated_agreement_2018_19__e7e5b93f,ATF-Negotiated-Agreement_2018-19.pdf,Albuquerque Public Schools,98,Application for said leave shall include a statement indicating the purpose of the leave,Application for said leave,other,management,shall,False,active,plain,obligation,obligation,True,1.0,leave,True,
albuquerque_public_schools__atf_negotiated_agreement_2018_19__e7e5b93f,ATF-Negotiated-Agreement_2018-19.pdf,Albuquerque Public Schools,98,"shall be submitted, except in unusual circumstances, as determined by the District, thirty (30) days prior to the date the leave is to commence.",Application for said leave,management,management,shall,False,passive,plain,obligation,obligation,True,1.0,leave,True,
albuquerque_public_schools__atf_negotiated_agreement_2018_19__e7e5b93f,ATF-Negotiated-Agreement_2018-19.pdf,Albuquerque Public Schools,98,"Teachers who have been employed by the District in a full-time capacity for five (5) continuous contract years prior to granting this leave, may be granted leave to work less than full-time for up to one (1) school year.","Teachers who have been employed by the District in a full-time capacity for five (5) continuous contract years prior to granting this leave,",management,worker,may,False,passive,rights_passive,right,permission,False,0.3,leave,True,
albuquerque_public_schools__atf_negotiated_agreement_2018_19__e7e5b93f,ATF-Negotiated-Agreement_2018-19.pdf,Albuquerque Public Schools,98,"Application for such leave shall follow the same guidelines as outlined in O, 2.e. above,",Application for such leave,other,management,shall,False,active,plain,obligation,obligation,True,1.0,leave,True,
albuquerque_public_schools__atf_negotiated_agreement_2018_19__e7e5b93f,ATF-Negotiated-Agreement_2018-19.pdf,Albuquerque Public Schools,98,all general provisions applying to other extended leaves will apply except that time spent on a part-time leave shall be counted for seniority purpose.,all general provisions applying to other extended leaves,management,worker,will,False,active,plain,obligation,obligation,True,0.9,seniority,True,
albuquerque_public_schools__atf_negotiated_agreement_2018_19__e7e5b93f,ATF-Negotiated-Agreement_2018-19.pdf,Albuquerque Public Schools,98,This language shall not apply to teachers who change from full-time to part-time status without benefit of a leave.,This language,other,management,shall,True,active,plain,prohibition,prohibition,True,1.0,leave,True,
albuquerque_public_schools__atf_negotiated_agreement_2018_19__e7e5b93f,ATF-Negotiated-Agreement_2018-19.pdf,Albuquerque Public Schools,98,"A teacher returning to duty from an extended leave shall be reassigned to the original teaching position or, if that position is no longer available, to a substantially equivalent position to that held by the teacher at the commencement of the leave.",A teacher returning to duty from an extended leave,worker,worker,shall,False,passive,rights_passive,right,right,True,1.0,leave,True,
albuquerque_public_schools__atf_negotiated_agreement_2018_19__e7e5b93f,ATF-Negotiated-Agreement_2018-19.pdf,Albuquerque Public Schools,98,A teacher returning from an extended leave must file an intent to return to the school system no later than March 1.,A teacher returning from an extended leave,worker,management,must,False,active,plain,obligation,obligation,True,1.0,leave,True,
albuquerque_public_schools__atf_negotiated_agreement_2018_19__e7e5b93f,ATF-Negotiated-Agreement_2018-19.pdf,Albuquerque Public Schools,98,All requests for extended leaves of absence shall be submitted to the Extended Leave Clerk's office in the Department of Human Resources.,All requests for extended leaves of absence,management,management,shall,False,passive,plain,obligation,obligation,True,1.0,leave,True,
albuquerque_public_schools__atf_negotiated_agreement_2018_19__e7e5b93f,ATF-Negotiated-Agreement_2018-19.pdf,Albuquerque Public Schools,98,Time spent on extended leaves of absence shall not be considered a break in continuous service,Time spent on extended leaves of absence,management,worker,shall,True,active,plain,prohibition,prohibition,True,1.0,seniority,True,
albuquerque_public_schools__atf_negotiated_agreement_2018_19__e7e5b93f,ATF-Negotiated-Agreement_2018-19.pdf,Albuquerque Public Schools,98,"the District agrees to contribute that percentage of the premium required by State law, but no less than 60%.",the District,management,worker,,False,active,plain,other,obligation,False,0.0,benefits,True,
albuquerque_public_schools__atf_negotiated_agreement_2018_19__e7e5b93f,ATF-Negotiated-Agreement_2018-19.pdf,Albuquerque Public Schools,98,Teachers who choose to participate in the District insurance programs will have their contributions deducted from their paychecks.,Teachers who choose to participate in the District insurance programs,management,worker,will,False,active,plain,obligation,obligation,True,0.9,benefits,True,
albuquerque_public_schools__atf_negotiated_agreement_2018_19__e7e5b93f,ATF-Negotiated-Agreement_2018-19.pdf,Albuquerque Public Schools,98,"Deductions for insurance programs will cease should a teacher terminate during the school year,",Deductions for insurance programs,other,management,will,False,active,plain,obligation,obligation,True,0.9,benefits,True,
albuquerque_public_schools__atf_negotiated_agreement_2018_19__e7e5b93f,ATF-Negotiated-Agreement_2018-19.pdf,Albuquerque Public Schools,98,and coverage will cease immediately on health and dental.,coverage,other,management,will,False,active,plain,obligation,obligation,True,0.9,benefits,True,
albuquerque_public_schools__atf_negotiated_agreement_2018_19__e7e5b93f,ATF-Negotiated-Agreement_2018-19.pdf,Albuquerque Public Schools,98,There will be a thirty (30) day grace period on life.,There,other,worker,will,False,active,plain,obligation,obligation,True,0.9,benefits,True,
albuquerque_public_schools__atf_negotiated_agreement_2018_19__e7e5b93f,ATF-Negotiated-Agreement_2018-19.pdf,Albuquerque Public Schools,99,Deductions for insurance programs will cease should a teacher terminate during the school year,Deductions for insurance programs,other,management,will,False,active,plain,obligation,obligation,True,0.9,benefits,True,
albuquerque_public_schools__atf_negotiated_agreement_2018_19__e7e5b93f,ATF-Negotiated-Agreement_2018-19.pdf,Albuquerque Public Schools,99,coverage will cease immediately on health and dental.,coverage,other,management,will,False,active,plain,obligation,obligation,True,0.9,benefits,True,
albuquerque_public_schools__atf_negotiated_agreement_2018_19__e7e5b93f,ATF-Negotiated-Agreement_2018-19.pdf,Albuquerque Public Schools,99,Teachers on leave of absence up to one (1) year who do not receive a salary may continue any or all insurance programs by payment of their portion of the premium on the first weekday of each month of coverage or in multiples of months if desired.,Teachers on leave of absence up to one (1) year who do not receive a salary,worker,worker,may,False,active,permission_verb,permission,permission,True,0.3,benefits,True,
albuquerque_public_schools__atf_negotiated_agreement_2018_19__e7e5b93f,ATF-Negotiated-Agreement_2018-19.pdf,Albuquerque Public Schools,99,Failure to make payment will cause termination of coverage.,Failure to make payment,other,management,will,False,active,plain,obligation,obligation,True,0.9,benefits,True,
albuquerque_public_schools__atf_negotiated_agreement_2018_19__e7e5b93f,ATF-Negotiated-Agreement_2018-19.pdf,Albuquerque Public Schools,99,"Teachers on leave of absence for more than one (1) year, except for those on approved sick leave, who do not receive a salary, may continue any or all insurance programs by payment of 100% of the premium on the first weekday of each month of coverage or in multiples of months if desired.","Teachers on leave of absence for more than one (1) year, except for those on approved sick leave, who do not receive a salary,",worker,worker,may,False,active,permission_verb,permission,permission,True,0.3,benefits,True,
albuquerque_public_schools__atf_negotiated_agreement_2018_19__e7e5b93f,ATF-Negotiated-Agreement_2018-19.pdf,Albuquerque Public Schools,99,"Teachers who are not enrolled in a District insurance program will be accepted in any or all of the District's insurance programs so long as they enroll no later than sixty (60) days from the effective date of their employment, change in marital status or change in the job status of the teacher's spouse, provided the teacher's spouse was covered by insurance during the previous employment, whichever is applicable.",Teachers who are not enrolled in a District insurance program,management,worker,will,False,passive,rights_passive,right,right,True,0.9,benefits,True,
albuquerque_public_schools__atf_negotiated_agreement_2018_19__e7e5b93f,ATF-Negotiated-Agreement_2018-19.pdf,Albuquerque Public Schools,99,"Teachers on leave of absence from the District who are not enrolled in a District insurance program will be accepted in any or all of the District's insurance programs if there is a change in the teacher's marital status or in the job status of the teacher's spouse so long as they enroll no later than sixty (60) days from the change, providing the teacher's spouse was covered by insurance previous to the change.",Teachers on leave of absence from the District who are not enrolled in a District insurance program,management,worker,will,False,passive,rights_passive,right,right,True,0.9,benefits,True,
albuquerque_public_schools__atf_negotiated_agreement_2018_19__e7e5b93f,ATF-Negotiated-Agreement_2018-19.pdf,Albuquerque Public Schools,99,During enrollment periods teachers shall be provided a thorough explanation of the programs and assistance in completing application enrollment forms.,teachers,management,worker,shall,False,passive,rights_passive,right,obligation,False,1.0,benefits,True,
albuquerque_public_schools__atf_negotiated_agreement_2018_19__e7e5b93f,ATF-Negotiated-Agreement_2018-19.pdf,Albuquerque Public Schools,99,Each subscriber to a program shall receive a brochure outlining all of the basic terms and conditions of the program.,Each subscriber to a program,worker,worker,shall,False,active,rights_active,right,obligation,False,1.0,benefits,True,
albuquerque_public_schools__atf_negotiated_agreement_2018_19__e7e5b93f,ATF-Negotiated-Agreement_2018-19.pdf,Albuquerque Public Schools,99,The Federation will meet with the Department of Human Resources Executive Director to review the existing insurance program and examine possible improvements in the present coverages.,The Federation,worker,worker,will,False,active,plain,obligation,obligation,True,0.9,benefits,True,
albuquerque_public_schools__atf_negotiated_agreement_2018_19__e7e5b93f,ATF-Negotiated-Agreement_2018-19.pdf,Albuquerque Public Schools,99,"The District agrees to provide a program of life, medical and dental insurance benefits for teachers.",The District,management,worker,,False,active,obligation_verb,obligation,obligation,True,0.85,benefits,True,
albuquerque_public_schools__atf_negotiated_agreement_2018_19__e7e5b93f,ATF-Negotiated-Agreement_2018-19.pdf,Albuquerque Public Schools,99,The District shall offer each employee a choice between the following two (2) programs of medical and health care:,The District,management,worker,shall,False,active,plain,obligation,obligation,True,1.0,benefits,True,
albuquerque_public_schools__atf_negotiated_agreement_2018_19__e7e5b93f,ATF-Negotiated-Agreement_2018-19.pdf,Albuquerque Public Schools,100,A Preferred Provider Organization (PPO) may also be offered.,A Preferred Provider Organization (PPO),management,worker,may,False,passive,rights_passive,right,permission,False,0.3,benefits,True,
albuquerque_public_schools__atf_negotiated_agreement_2018_19__e7e5b93f,ATF-Negotiated-Agreement_2018-19.pdf,Albuquerque Public Schools,100,The Board shall notify the Federation of anticipated changes in the employee insurance programs at least thirty (30) days prior to implementation.,The Board,management,worker,shall,False,active,plain,obligation,obligation,True,1.0,benefits,True,
albuquerque_public_schools__atf_negotiated_agreement_2018_19__e7e5b93f,ATF-Negotiated-Agreement_2018-19.pdf,Albuquerque Public Schools,100,The District shall provide professional liability insurance in accordance with the requirements of the Risk Management Division of the State of New Mexico.,The District,management,worker,shall,False,active,plain,obligation,obligation,True,1.0,benefits,True,
albuquerque_public_schools__atf_negotiated_agreement_2018_19__e7e5b93f,ATF-Negotiated-Agreement_2018-19.pdf,Albuquerque Public Schools,100,The District shall provide Workers' Compensation for on-the job accidents.,The District,management,worker,shall,False,active,plain,obligation,obligation,True,1.0,benefits,True,
albuquerque_public_schools__atf_negotiated_agreement_2018_19__e7e5b93f,ATF-Negotiated-Agreement_2018-19.pdf,Albuquerque Public Schools,100,The District will match employees' share for Federal Insurance Contribution Act (Social Security).,The District,management,worker,will,False,active,plain,obligation,obligation,True,0.9,benefits,True,
albuquerque_public_schools__atf_negotiated_agreement_2018_19__e7e5b93f,ATF-Negotiated-Agreement_2018-19.pdf,Albuquerque Public Schools,100,"Teachers have the option to commence a contract for a tax deferred annuity at any time, provided the company is on the approved list.",Teachers,worker,worker,,False,active,permission_verb,permission,right,False,0.85,benefits,True,
albuquerque_public_schools__atf_negotiated_agreement_2018_19__e7e5b93f,ATF-Negotiated-Agreement_2018-19.pdf,Albuquerque Public Schools,100,Teachers have the option to amend a contract for a tax-deferred annuity once each calendar year.,Teachers,worker,worker,,False,active,permission_verb,permission,right,False,0.85,benefits,True,
albuquerque_public_schools__atf_negotiated_agreement_2018_19__e7e5b93f,ATF-Negotiated-Agreement_2018-19.pdf,Albuquerque Public Schools,100,The District shall establish procedures for reporting student accidents on the school premises or at school-related events in which a teacher is in any way involved.,The District,management,worker,shall,False,active,plain,obligation,obligation,True,1.0,safety_and_working_conditions,True,
albuquerque_public_schools__atf_negotiated_agreement_2018_19__e7e5b93f,ATF-Negotiated-Agreement_2018-19.pdf,Albuquerque Public Schools,100,"The procedures shall have definite, reasonable time limits,",The procedures,other,worker,shall,False,active,plain,obligation,obligation,True,1.0,safety_and_working_conditions,True,
albuquerque_public_schools__atf_negotiated_agreement_2018_19__e7e5b93f,ATF-Negotiated-Agreement_2018-19.pdf,Albuquerque Public Schools,100,the teacher involved shall receive a copy of the report if requested.,the teacher involved,worker,worker,shall,False,active,rights_active,right,right,True,1.0,safety_and_working_conditions,True,
albuquerque_public_schools__atf_negotiated_agreement_2018_19__e7e5b93f,ATF-Negotiated-Agreement_2018-19.pdf,Albuquerque Public Schools,100,the APS School Police shall be notified by the principal,the APS School Police,management,worker,shall,False,passive,rights_passive,right,right,True,1.0,safety_and_working_conditions,True,
albuquerque_public_schools__atf_negotiated_agreement_2018_19__e7e5b93f,ATF-Negotiated-Agreement_2018-19.pdf,Albuquerque Public Schools,100,a report of the incident filed with a copy provided to the teacher.,a report of the incident,management,worker,,False,passive,plain,other,other,True,0.0,safety_and_working_conditions,True,Implied 'shall' from context
albuquerque_public_schools__atf_negotiated_agreement_2018_19__e7e5b93f,ATF-Negotiated-Agreement_2018-19.pdf,Albuquerque Public Schools,100,A request for notification of law enforcement authorities shall be honored.,A request for notification of law enforcement authorities,management,worker,shall,False,passive,rights_passive,right,right,True,1.0,safety_and_working_conditions,True,
albuquerque_public_schools__atf_negotiated_agreement_2018_19__e7e5b93f,ATF-Negotiated-Agreement_2018-19.pdf,Albuquerque Public Schools,100,A teacher may file a claim with Risk Management for possible replacement of personal-instructional materials.,A teacher,worker,worker,may,False,active,permission_verb,permission,permission,True,0.3,safety_and_working_conditions,True,
albuquerque_public_schools__atf_negotiated_agreement_2018_19__e7e5b93f,ATF-Negotiated-Agreement_2018-19.pdf,Albuquerque Public Schools,100,the decision of Risk Management shall be final and binding.,the decision of Risk Management,other,management,shall,False,active,plain,obligation,obligation,True,1.0,other,True,
albuquerque_public_schools__atf_negotiated_agreement_2018_19__e7e5b93f,ATF-Negotiated-Agreement_2018-19.pdf,Albuquerque Public Schools,100,"Whenever a teacher is involved in activities being conducted beyond normal hours or duty day, a system of security shall be available to promote safe conditions for all concerned.",a system of security,other,worker,shall,False,active,plain,obligation,obligation,True,1.0,safety_and_working_conditions,True,
albuquerque_public_schools__atf_negotiated_agreement_2018_19__e7e5b93f,ATF-Negotiated-Agreement_2018-19.pdf,Albuquerque Public Schools,100,Teachers shall be provided information needed to use the system.,Teachers,management,worker,shall,False,passive,rights_passive,right,right,True,1.0,safety_and_working_conditions,True,
albuquerque_public_schools__atf_negotiated_agreement_2018_19__e7e5b93f,ATF-Negotiated-Agreement_2018-19.pdf,Albuquerque Public Schools,100,The District shall provide reasonable support and assistance to teachers as described in the Student Behavior Handbook so they can maintain control and discipline while engaged in their duties and responsibilities.,The District,management,worker,shall,False,active,plain,obligation,obligation,True,1.0,safety_and_working_conditions,True,
albuquerque_public_schools__atf_negotiated_agreement_2018_19__e7e5b93f,ATF-Negotiated-Agreement_2018-19.pdf,Albuquerque Public Schools,100,It is essential for the school staff to establish means for obtaining the cooperation of parents of students involved in discipline problems.,It,other,worker,,False,active,plain,other,other,True,0.0,discipline,True,
albuquerque_public_schools__atf_negotiated_agreement_2018_19__e7e5b93f,ATF-Negotiated-Agreement_2018-19.pdf,Albuquerque Public Schools,100,A positive disciplinary program shall be continued in each school.,A positive disciplinary program,management,worker,shall,False,passive,plain,obligation,obligation,True,1.0,discipline,True,
albuquerque_public_schools__atf_negotiated_agreement_2018_19__e7e5b93f,ATF-Negotiated-Agreement_2018-19.pdf,Albuquerque Public Schools,100,Each teacher shall be given a copy of the school's disciplinary polic,Each teacher,management,worker,shall,False,passive,rights_passive,right,right,True,1.0,discipline,True,Truncated at end of chunk
albuquerque_public_schools__atf_negotiated_agreement_2018_19__e7e5b93f,ATF-Negotiated-Agreement_2018-19.pdf,Albuquerque Public Schools,101,"Each teacher shall be given a copy of the school's disciplinary policy as developed and/or modified by the principal, Instructional Council and/or faculty.",Each teacher,management,worker,shall,False,passive,rights_passive,right,right,True,1.0,discipline,True,
albuquerque_public_schools__atf_negotiated_agreement_2018_19__e7e5b93f,ATF-Negotiated-Agreement_2018-19.pdf,Albuquerque Public Schools,101,The principal has the primary responsibility for administering the school’s disciplinary policy.,The principal,management,management,,False,active,plain,other,other,True,0.0,discipline,True,
albuquerque_public_schools__atf_negotiated_agreement_2018_19__e7e5b93f,ATF-Negotiated-Agreement_2018-19.pdf,Albuquerque Public Schools,101,"In accordance with the school's disciplinary policy, the teacher is responsible for maintaining a good social environment among those students under the teacher's responsibility at any given time and for sharing with other staff members the responsibility for school-wide behavior.",the teacher,worker,management,,False,active,plain,other,other,True,0.0,discipline,True,
albuquerque_public_schools__atf_negotiated_agreement_2018_19__e7e5b93f,ATF-Negotiated-Agreement_2018-19.pdf,Albuquerque Public Schools,101,The teacher shall receive assistance from the principal when a disciplinary problem is beyond the control of the teacher or when the teacher believes it is necessary.,The teacher,worker,worker,shall,False,active,rights_active,right,right,True,1.0,discipline,True,
albuquerque_public_schools__atf_negotiated_agreement_2018_19__e7e5b93f,ATF-Negotiated-Agreement_2018-19.pdf,Albuquerque Public Schools,101,The teacher may temporarily dismiss a student from class to the principal when the student's behavior is disruptive to the point of impeding learning by the other students and after efforts have been made to correct the problem in accordance with the school's disciplinary practice.,The teacher,worker,worker,may,False,active,plain,permission,permission,True,0.3,discipline,True,
albuquerque_public_schools__atf_negotiated_agreement_2018_19__e7e5b93f,ATF-Negotiated-Agreement_2018-19.pdf,Albuquerque Public Schools,101,The teacher shall furnish the principal in writing full particulars of the incident including the efforts that have been made to correct the problem and whether or not the student may be returned to class prior to a conference between the teacher and principal.,The teacher,worker,management,shall,False,active,plain,obligation,obligation,True,1.0,discipline,True,
albuquerque_public_schools__atf_negotiated_agreement_2018_19__e7e5b93f,ATF-Negotiated-Agreement_2018-19.pdf,Albuquerque Public Schools,101,"Before the principal returns the student to the classroom, the principal shall inform the teacher of the corrective measures taken.",the principal,management,worker,shall,False,active,plain,obligation,obligation,True,1.0,discipline,True,
albuquerque_public_schools__atf_negotiated_agreement_2018_19__e7e5b93f,ATF-Negotiated-Agreement_2018-19.pdf,Albuquerque Public Schools,101,"In cases of extreme or chronic student disruption to a classroom, the teacher may call a case conference with the principal, parents and others as necessary for the purposes of discussing the problem and determining and initiating corrective measures.",the teacher,worker,worker,may,False,active,plain,permission,permission,True,0.3,discipline,True,
albuquerque_public_schools__atf_negotiated_agreement_2018_19__e7e5b93f,ATF-Negotiated-Agreement_2018-19.pdf,Albuquerque Public Schools,101,If requested the student will not be returned to the classroom until such corrective measures have been initiated or until the due process rights of the student would be violated.,the student,other,worker,will,True,passive,plain,prohibition,prohibition,True,0.9,discipline,True,
albuquerque_public_schools__atf_negotiated_agreement_2018_19__e7e5b93f,ATF-Negotiated-Agreement_2018-19.pdf,Albuquerque Public Schools,101,Notification shall be provided to teachers of suspended students by the end of the school day that follows the day of suspension.,Notification,management,worker,shall,False,passive,rights_passive,right,right,True,1.0,discipline,True,
albuquerque_public_schools__atf_negotiated_agreement_2018_19__e7e5b93f,ATF-Negotiated-Agreement_2018-19.pdf,Albuquerque Public Schools,101,"Whenever it appears that a student needs professional attention beyond the scope of the individual school, the teacher shall inform the principal in writing so that reasonable steps can be taken.",the teacher,worker,management,shall,False,active,plain,obligation,obligation,True,1.0,discipline,True,
albuquerque_public_schools__atf_negotiated_agreement_2018_19__e7e5b93f,ATF-Negotiated-Agreement_2018-19.pdf,Albuquerque Public Schools,101,Any case of assault shall be promptly reported to the principal and by the principal to the Superintendent.,Any case of assault,management,worker,shall,False,passive,plain,obligation,obligation,True,1.0,safety_and_working_conditions,True,
albuquerque_public_schools__atf_negotiated_agreement_2018_19__e7e5b93f,ATF-Negotiated-Agreement_2018-19.pdf,Albuquerque Public Schools,101,"The District shall provide the necessary support to a teacher who is subjected to or charged with an assault during the course of one's duties, providing the",The District,management,worker,shall,False,active,plain,obligation,obligation,True,1.0,safety_and_working_conditions,True,Truncated at the end.
albuquerque_public_schools__atf_negotiated_agreement_2018_19__e7e5b93f,ATF-Negotiated-Agreement_2018-19.pdf,Albuquerque Public Schools,102,"The District shall provide the necessary support to a teacher who is subjected to or charged with an assault during the course of one's duties, providing the teacher was acting in a reasonable manner and the actions were justifiable under the law, the Code of Ethics of the Education Profession, the terms and provisions of this Agreement, and regulations of the District.",The District,management,worker,shall,False,active,plain,obligation,obligation,True,1.0,safety_and_working_conditions,True,
albuquerque_public_schools__atf_negotiated_agreement_2018_19__e7e5b93f,ATF-Negotiated-Agreement_2018-19.pdf,Albuquerque Public Schools,102,"Corporal punishment, which is defined as any disciplinary action taken by school personnel with the intention of producing physical pain, shall not be used as a disciplinary measure in the Albuquerque Public Schools.",Corporal punishment,management,worker,shall,True,passive,plain,prohibition,prohibition,True,1.0,discipline,True,
albuquerque_public_schools__atf_negotiated_agreement_2018_19__e7e5b93f,ATF-Negotiated-Agreement_2018-19.pdf,Albuquerque Public Schools,102,"Consistent with the Code of Ethics of the Education Profession, school staff members will ""deal justly and considerately with each student.""",school staff members,worker,management,will,False,active,plain,obligation,obligation,True,0.9,teacher_rights_and_conduct,True,
albuquerque_public_schools__atf_negotiated_agreement_2018_19__e7e5b93f,ATF-Negotiated-Agreement_2018-19.pdf,Albuquerque Public Schools,102,"Whenever possible, an officer of the District shall initiate a complaint arising from criminal acts occurring on school property.",an officer of the District,management,worker,shall,False,active,plain,obligation,obligation,True,1.0,safety_and_working_conditions,True,
albuquerque_public_schools__atf_negotiated_agreement_2018_19__e7e5b93f,ATF-Negotiated-Agreement_2018-19.pdf,Albuquerque Public Schools,102,It shall be the responsibility of any teacher witnessing such acts to provide all information to the principal.,It,worker,management,shall,False,active,plain,obligation,obligation,True,1.0,safety_and_working_conditions,True,
albuquerque_public_schools__atf_negotiated_agreement_2018_19__e7e5b93f,ATF-Negotiated-Agreement_2018-19.pdf,Albuquerque Public Schools,102,A teacher shall be informed of any complaint to the principal by a parent concerning the disciplinary action taken by the teacher in regard to a child.,A teacher,worker,worker,shall,False,passive,rights_passive,right,right,True,1.0,teacher_rights_and_conduct,True,
albuquerque_public_schools__atf_negotiated_agreement_2018_19__e7e5b93f,ATF-Negotiated-Agreement_2018-19.pdf,Albuquerque Public Schools,102,Teachers shall not be required to transport students to activities which take place away from the school building.,Teachers,management,worker,shall,True,passive,plain,prohibition,prohibition,True,1.0,workload,True,
albuquerque_public_schools__atf_negotiated_agreement_2018_19__e7e5b93f,ATF-Negotiated-Agreement_2018-19.pdf,Albuquerque Public Schools,102,Teachers may do so voluntarily with proof of insurance,Teachers,worker,worker,may,False,active,plain,permission,permission,True,0.3,workload,True,Clause split from preceding sentence
albuquerque_public_schools__atf_negotiated_agreement_2018_19__e7e5b93f,ATF-Negotiated-Agreement_2018-19.pdf,Albuquerque Public Schools,102,Any more than nine (9) passengers must be transported in a school bus.,Any more than nine (9) passengers,management,worker,must,False,passive,plain,obligation,obligation,True,1.0,safety_and_working_conditions,True,
albuquerque_public_schools__atf_negotiated_agreement_2018_19__e7e5b93f,ATF-Negotiated-Agreement_2018-19.pdf,Albuquerque Public Schools,102,All occupants must have seat belts available,All occupants,worker,management,must,False,active,plain,obligation,obligation,True,1.0,safety_and_working_conditions,True,Clause split from preceding sentence
albuquerque_public_schools__atf_negotiated_agreement_2018_19__e7e5b93f,ATF-Negotiated-Agreement_2018-19.pdf,Albuquerque Public Schools,102,are required to wear them while the vehicle is in motion.,All occupants,worker,management,,False,active,plain,other,obligation,False,0.0,safety_and_working_conditions,True,Clause split from preceding sentence
albuquerque_public_schools__atf_negotiated_agreement_2018_19__e7e5b93f,ATF-Negotiated-Agreement_2018-19.pdf,Albuquerque Public Schools,102,Maintenance of a student roster and taking roll each time students disembark and return to the vehicle is required.,Maintenance of a student roster and taking roll each time students disembark and return to the vehicle,management,management,,False,passive,plain,other,obligation,False,0.0,safety_and_working_conditions,True,
albuquerque_public_schools__atf_negotiated_agreement_2018_19__e7e5b93f,ATF-Negotiated-Agreement_2018-19.pdf,Albuquerque Public Schools,102,Transportation may provide vehicles to check out for off-site activities for schools.,Transportation,management,management,may,False,active,plain,permission,permission,True,0.3,other,True,
albuquerque_public_schools__atf_negotiated_agreement_2018_19__e7e5b93f,ATF-Negotiated-Agreement_2018-19.pdf,Albuquerque Public Schools,102,"When staffing for summer learning teaching positions program needs being equal, to the extent possible, teachers currently employed in the position at the identified summer learning site will be considered.",teachers currently employed in the position at the identified summer learning site,management,worker,will,False,passive,rights_passive,right,right,True,0.9,job_security,True,
albuquerque_public_schools__atf_negotiated_agreement_2018_19__e7e5b93f,ATF-Negotiated-Agreement_2018-19.pdf,Albuquerque Public Schools,102,"Teachers who have been tentatively employed for summer school teaching shall be notified, within twenty-four (24) hours after the third day of the session, whether or n",Teachers who have been tentatively employed for summer school teaching,management,worker,shall,False,passive,rights_passive,right,right,True,1.0,job_security,True,Truncated at end
albuquerque_public_schools__atf_negotiated_agreement_2018_19__e7e5b93f,ATF-Negotiated-Agreement_2018-19.pdf,Albuquerque Public Schools,103,"Teachers who have been tentatively employed for summer school teaching shall be notified, within twenty-four (24) hours after the third day of the session, whether or not the class(es) for which they were to be employed will, in fact, be conducted.",Teachers who have been tentatively employed for summer school teaching,management,worker,shall,False,passive,rights_passive,right,right,True,1.0,job_security,True,
albuquerque_public_schools__atf_negotiated_agreement_2018_19__e7e5b93f,ATF-Negotiated-Agreement_2018-19.pdf,Albuquerque Public Schools,103,"If the teacher is not so notified, the teacher is employed for the class(es) which was (were) offered in registration.",the teacher,worker,worker,,False,active,rights_passive,right,right,True,0.85,job_security,True,
albuquerque_public_schools__atf_negotiated_agreement_2018_19__e7e5b93f,ATF-Negotiated-Agreement_2018-19.pdf,Albuquerque Public Schools,103,All applications for summer school will be considered.,All applications for summer school,management,worker,will,False,passive,plain,obligation,obligation,True,0.9,job_security,True,
albuquerque_public_schools__atf_negotiated_agreement_2018_19__e7e5b93f,ATF-Negotiated-Agreement_2018-19.pdf,Albuquerque Public Schools,103,"When two (2) or more qualified teachers apply for a program, seniority shall be considered.",seniority,management,worker,shall,False,passive,plain,obligation,obligation,True,1.0,seniority,True,
albuquerque_public_schools__atf_negotiated_agreement_2018_19__e7e5b93f,ATF-Negotiated-Agreement_2018-19.pdf,Albuquerque Public Schools,103,"In the event of a need for a Reduction-in-Force of Summer Learning employees, volunteers will be sought first.",volunteers,management,worker,will,False,passive,plain,obligation,obligation,True,0.9,layoffs,True,
albuquerque_public_schools__atf_negotiated_agreement_2018_19__e7e5b93f,ATF-Negotiated-Agreement_2018-19.pdf,Albuquerque Public Schools,103,"If a Reduction-in-Force is still necessary, determination will be made on the basis of date of hire for summer school.",determination,management,worker,will,False,passive,plain,obligation,obligation,True,0.9,layoffs,True,
albuquerque_public_schools__atf_negotiated_agreement_2018_19__e7e5b93f,ATF-Negotiated-Agreement_2018-19.pdf,Albuquerque Public Schools,103,"When two (2) or more qualified teachers apply for a Summer Learning/Extended School Year program, seniority shall be considered.",seniority,management,worker,shall,False,passive,plain,obligation,obligation,True,1.0,seniority,True,
albuquerque_public_schools__atf_negotiated_agreement_2018_19__e7e5b93f,ATF-Negotiated-Agreement_2018-19.pdf,Albuquerque Public Schools,103,A school may request regularly scheduled modified days for staff development and planning.,A school,management,management,may,False,active,plain,permission,permission,True,0.3,other,True,
albuquerque_public_schools__atf_negotiated_agreement_2018_19__e7e5b93f,ATF-Negotiated-Agreement_2018-19.pdf,Albuquerque Public Schools,103,"The determination of whether or not a school will schedule modified days, continue or discontinue same, and the purpose of the programs shall be by mutual agreement of the faculty and principal and subject to the approval of the Superintendent.","The determination of whether or not a school will schedule modified days, continue or discontinue same, and the purpose of the programs",other,worker,shall,False,active,plain,obligation,obligation,True,1.0,other,True,
albuquerque_public_schools__atf_negotiated_agreement_2018_19__e7e5b93f,ATF-Negotiated-Agreement_2018-19.pdf,Albuquerque Public Schools,103,The total teaching time during a week within which a modified day falls shall be no less than that provided through a regular schedule.,The total teaching time during a week within which a modified day falls,other,management,shall,False,active,plain,obligation,obligation,True,1.0,other,True,
albuquerque_public_schools__atf_negotiated_agreement_2018_19__e7e5b93f,ATF-Negotiated-Agreement_2018-19.pdf,Albuquerque Public Schools,103,"Schools may schedule minimum days for staff development which is designed collaboratively by site administration and staff, planning, and/or conducting parent-teacher conferences.",Schools,management,management,may,False,active,plain,permission,permission,True,0.3,other,True,
albuquerque_public_schools__atf_negotiated_agreement_2018_19__e7e5b93f,ATF-Negotiated-Agreement_2018-19.pdf,Albuquerque Public Schools,103,Minimum days shall be at least one-half (1/2) of the school's regular day plus the lunch period for students.,Minimum days,other,management,shall,False,active,plain,obligation,obligation,True,1.0,other,True,
albuquerque_public_schools__atf_negotiated_agreement_2018_19__e7e5b93f,ATF-Negotiated-Agreement_2018-19.pdf,Albuquerque Public Schools,103,Teaching time will not be made up provided that schools are in compliance with instructional time as defined by the Public Education Department,Teaching time,management,worker,will,True,passive,plain,prohibition,prohibition,True,0.9,workload,True,
albuquerque_public_schools__atf_negotiated_agreement_2018_19__e7e5b93f,ATF-Negotiated-Agreement_2018-19.pdf,Albuquerque Public Schools,103,There may be scheduled by the District at least four (4) minimum days each year.,at least four (4) minimum days each year,management,management,may,False,passive,plain,permission,permission,True,0.3,other,True,
albuquerque_public_schools__atf_negotiated_agreement_2018_19__e7e5b93f,ATF-Negotiated-Agreement_2018-19.pdf,Albuquerque Public Schools,103,The program for one (1) of these days may be determined by the District Superintendent.,The program for one (1) of these days,management,management,may,False,passive,plain,permission,permission,True,0.3,other,True,
albuquerque_public_schools__atf_negotiated_agreement_2018_19__e7e5b93f,ATF-Negotiated-Agreement_2018-19.pdf,Albuquerque Public Schools,103,"There will be scheduled up to eight (8) hours per semester each year, on a reduced teaching day basis, for parent-teacher conferences at the elementary level.",up to eight (8) hours per semester each year,management,worker,will,False,passive,plain,obligation,obligation,True,0.9,other,True,
albuquerque_public_schools__atf_negotiated_agreement_2018_19__e7e5b93f,ATF-Negotiated-Agreement_2018-19.pdf,Albuquerque Public Schools,103,A school may request of the Superintendent additional minimum days for programs developed by the principal and faculty.,A school,management,management,may,False,active,plain,permission,permission,True,0.3,other,True,
albuquerque_public_schools__atf_negotiated_agreement_2018_19__e7e5b93f,ATF-Negotiated-Agreement_2018-19.pdf,Albuquerque Public Schools,103,A school may request of the Superintendent exemption from a minimum day and/or program.,A school,management,management,may,False,active,plain,permission,permission,True,0.3,other,True,
albuquerque_public_schools__atf_negotiated_agreement_2018_19__e7e5b93f,ATF-Negotiated-Agreement_2018-19.pdf,Albuquerque Public Schools,106,"immediate supervisor shall, within fifteen (15) workdays after presentation of the grievance in writing by the aggrieved, submit to the aggrieved the immediate supervisor's decision in writing.",immediate supervisor,management,worker,shall,False,active,plain,obligation,obligation,True,1.0,discipline,True,
albuquerque_public_schools__atf_negotiated_agreement_2018_19__e7e5b93f,ATF-Negotiated-Agreement_2018-19.pdf,Albuquerque Public Schools,106,the aggrieved may appeal the decision to Level Two within fifteen (15) workdays of receipt of the decision by filing said appeal with the Office of Labor Relations.,the aggrieved,worker,worker,may,False,active,plain,permission,permission,True,0.3,discipline,True,conditional clause 'If the aggrieved is not satisfied...' does not trigger negation for the operative verb
albuquerque_public_schools__atf_negotiated_agreement_2018_19__e7e5b93f,ATF-Negotiated-Agreement_2018-19.pdf,Albuquerque Public Schools,106,Failure to appeal the grievance within fifteen (15) workdays after receipt of the response shall result in dismissal of the grievance.,Failure to appeal the grievance within fifteen (15) workdays after receipt of the response,other,management,shall,False,active,plain,obligation,obligation,True,1.0,discipline,True,
albuquerque_public_schools__atf_negotiated_agreement_2018_19__e7e5b93f,ATF-Negotiated-Agreement_2018-19.pdf,Albuquerque Public Schools,106,such request shall be made in advance and through the Office of Labor Relations.,such request,worker,management,shall,False,passive,plain,obligation,obligation,True,1.0,discipline,True,implicit agent is the teacher/requestor
albuquerque_public_schools__atf_negotiated_agreement_2018_19__e7e5b93f,ATF-Negotiated-Agreement_2018-19.pdf,Albuquerque Public Schools,106,The Superintendent or designee shall meet with the aggrieved and/or representative of the Federation within fifteen (15) workdays after receipt of the appeal of the Level One decision by the Office of Labor Relations in an effort to resolve said grievance.,The Superintendent or designee,management,worker,shall,False,active,plain,obligation,obligation,True,1.0,discipline,True,
albuquerque_public_schools__atf_negotiated_agreement_2018_19__e7e5b93f,ATF-Negotiated-Agreement_2018-19.pdf,Albuquerque Public Schools,106,"Parties to the grievance or their representatives shall have the right to submit evidence, give testimony and call witnesses.",Parties to the grievance or their representatives,other,worker,shall,False,active,plain,obligation,right,False,1.0,discipline,True,
albuquerque_public_schools__atf_negotiated_agreement_2018_19__e7e5b93f,ATF-Negotiated-Agreement_2018-19.pdf,Albuquerque Public Schools,106,"The Superintendent or designee shall, within fifteen (15) workdays after such meeting provided above, render the decision in writing setting forth the decision and reason(s) therefore",The Superintendent or designee,management,worker,shall,False,active,plain,obligation,obligation,True,1.0,discipline,True,
albuquerque_public_schools__atf_negotiated_agreement_2018_19__e7e5b93f,ATF-Negotiated-Agreement_2018-19.pdf,Albuquerque Public Schools,106,The Superintendent or designee shall transmit same to all parties.,The Superintendent or designee,management,worker,shall,False,active,plain,obligation,obligation,True,1.0,discipline,True,
albuquerque_public_schools__atf_negotiated_agreement_2018_19__e7e5b93f,ATF-Negotiated-Agreement_2018-19.pdf,Albuquerque Public Schools,106,the aggrieved party may appeal the grievance to Level Three.,the aggrieved party,worker,worker,may,False,active,plain,permission,permission,True,0.3,discipline,True,
albuquerque_public_schools__atf_negotiated_agreement_2018_19__e7e5b93f,ATF-Negotiated-Agreement_2018-19.pdf,Albuquerque Public Schools,106,Failure to appeal the grievance within fifteen (15) workdays after receipt of the response to Level Two shall result in dismissal of the grievance.,Failure to appeal the grievance within fifteen (15) workdays after receipt of the response to Level Two,other,management,shall,False,active,plain,obligation,obligation,True,1.0,discipline,True,
albuquerque_public_schools__atf_negotiated_agreement_2018_19__e7e5b93f,ATF-Negotiated-Agreement_2018-19.pdf,Albuquerque Public Schools,106,A grievance appealed to this level shall be heard by an Arbitrator,A grievance appealed to this level,other,worker,shall,False,passive,plain,obligation,obligation,True,1.0,discipline,True,truncated by colon in original; explicit agent 'by an Arbitrator' is neutral
albuquerque_public_schools__atf_negotiated_agreement_2018_19__e7e5b93f,ATF-Negotiated-Agreement_2018-19.pdf,Albuquerque Public Schools,106,The parties may mutually agree upon an Arbitrator.,The parties,other,worker,may,False,active,plain,permission,permission,True,0.3,discipline,True,
albuquerque_public_schools__atf_negotiated_agreement_2018_19__e7e5b93f,ATF-Negotiated-Agreement_2018-19.pdf,Albuquerque Public Schools,106,"Alternatively, the parties may jointly request a list of Arbitrators from the Federal Mediation and Conciliation Service (""FMCS"").",the parties,other,worker,may,False,active,plain,permission,permission,True,0.3,discipline,True,
albuquerque_public_schools__atf_negotiated_agreement_2018_19__e7e5b93f,ATF-Negotiated-Agreement_2018-19.pdf,Albuquerque Public Schools,106,The parties will strive to mutually agree upon an Arbitrator from that list.,The parties,other,worker,will,False,active,plain,obligation,obligation,True,0.9,discipline,True,
albuquerque_public_schools__atf_negotiated_agreement_2018_19__e7e5b93f,ATF-Negotiated-Agreement_2018-19.pdf,Albuquerque Public Schools,106,the parties will follow the FMCS arbitrator selection procedures.,the parties,other,worker,will,False,active,plain,obligation,obligation,True,0.9,discipline,True,
albuquerque_public_schools__atf_negotiated_agreement_2018_19__e7e5b93f,ATF-Negotiated-Agreement_2018-19.pdf,Albuquerque Public Schools,106,The Arbitrator shall schedule the hearing as soon as possible following acceptance of the appointment.,The Arbitrator,other,worker,shall,False,active,plain,obligation,obligation,True,1.0,discipline,True,
albuquerque_public_schools__atf_negotiated_agreement_2018_19__e7e5b93f,ATF-Negotiated-Agreement_2018-19.pdf,Albuquerque Public Schools,106,The parties agree to make available all pertinent non-privileged information in their possession or control which is relevant to the issues raised by the grievance.,The parties,other,worker,,False,active,plain,other,obligation,False,0.0,discipline,True,
albuquerque_public_schools__atf_negotiated_agreement_2018_19__e7e5b93f,ATF-Negotiated-Agreement_2018-19.pdf,Albuquerque Public Schools,106,The Arbitrator may establish the rules of procedure,The Arbitrator,other,worker,may,False,active,plain,permission,permission,True,0.3,discipline,True,
albuquerque_public_schools__atf_negotiated_agreement_2018_19__e7e5b93f,ATF-Negotiated-Agreement_2018-19.pdf,Albuquerque Public Schools,106,"at the Arbitrator's discretion, may require the parties or witnesses to testify under oath",The Arbitrator,other,worker,may,False,active,plain,permission,permission,True,0.3,discipline,True,elided subject; continues operative clause from preceding sentence
albuquerque_public_schools__atf_negotiated_agreement_2018_19__e7e5b93f,ATF-Negotiated-Agreement_2018-19.pdf,Albuquerque Public Schools,106,"upon demand of either party, shall require the parties or witnesses to testify under oath",The Arbitrator,other,worker,shall,False,active,plain,obligation,obligation,True,1.0,discipline,True,elided subject; continues operative clause from preceding sentence
albuquerque_public_schools__atf_negotiated_agreement_2018_19__e7e5b93f,ATF-Negotiated-Agreement_2018-19.pdf,Albuquerque Public Schools,107,"upon demand of either party, shall require the parties or witnesses to testify under oath.",The Arbitrator,other,worker,shall,False,active,plain,obligation,obligation,True,1.0,discipline,True,
albuquerque_public_schools__atf_negotiated_agreement_2018_19__e7e5b93f,ATF-Negotiated-Agreement_2018-19.pdf,Albuquerque Public Schools,107,"The Arbitrator's report shall be prepared and submitted in writing only to the District and aggrieved, within thirty (30) calendar days after the first meeting,",The Arbitrator's report,other,worker,shall,False,passive,plain,obligation,obligation,True,1.0,discipline,True,
albuquerque_public_schools__atf_negotiated_agreement_2018_19__e7e5b93f,ATF-Negotiated-Agreement_2018-19.pdf,Albuquerque Public Schools,107,"and shall set forth the findings of the fact, rationale, conclusions, and the determination on the issues submitted.",The Arbitrator's report,other,worker,shall,False,active,plain,obligation,obligation,True,1.0,discipline,True,
albuquerque_public_schools__atf_negotiated_agreement_2018_19__e7e5b93f,ATF-Negotiated-Agreement_2018-19.pdf,Albuquerque Public Schools,107,The determination shall be consistent with law and with the terms of this Agreement.,The determination,other,worker,shall,False,active,plain,obligation,obligation,True,1.0,discipline,True,
albuquerque_public_schools__atf_negotiated_agreement_2018_19__e7e5b93f,ATF-Negotiated-Agreement_2018-19.pdf,Albuquerque Public Schools,107,"The Arbitrator shall have no power to alter, amend, add to or subtract from the terms of this Agreement.",The Arbitrator,other,management,shall,True,active,plain,prohibition,prohibition,True,1.0,discipline,True,
albuquerque_public_schools__atf_negotiated_agreement_2018_19__e7e5b93f,ATF-Negotiated-Agreement_2018-19.pdf,Albuquerque Public Schools,107,The determination of the Arbitrator on matters set forth in this Agreement shall be final and binding.,The determination of the Arbitrator on matters set forth in this Agreement,other,management,shall,False,active,plain,obligation,obligation,True,1.0,discipline,True,
albuquerque_public_schools__atf_negotiated_agreement_2018_19__e7e5b93f,ATF-Negotiated-Agreement_2018-19.pdf,Albuquerque Public Schools,107,The determination of the Arbitrator shall be acted upon within thirty (30) calendar days.,The determination of the Arbitrator,other,worker,shall,False,passive,plain,obligation,obligation,True,1.0,discipline,True,
albuquerque_public_schools__atf_negotiated_agreement_2018_19__e7e5b93f,ATF-Negotiated-Agreement_2018-19.pdf,Albuquerque Public Schools,107,The cost for the service of the Arbitrator shall be shared equally by the District and the aggrieved.,The cost for the service of the Arbitrator,management,worker,shall,False,passive,plain,obligation,obligation,True,1.0,discipline,True,
albuquerque_public_schools__atf_negotiated_agreement_2018_19__e7e5b93f,ATF-Negotiated-Agreement_2018-19.pdf,Albuquerque Public Schools,107,"Unless the aggrieved party is represented by the Federation, the District may require that the aggrieved party post the party's share of the expenses in advance of the hearing.",the District,management,management,may,False,active,plain,permission,permission,True,0.3,discipline,True,
albuquerque_public_schools__atf_negotiated_agreement_2018_19__e7e5b93f,ATF-Negotiated-Agreement_2018-19.pdf,Albuquerque Public Schools,107,"Teachers have the right to be accompanied by a Federation representative to advise or represent them during meetings where a suspension, reprimand, disciplinary action and/or pay reduction is/are being considered.",Teachers,worker,worker,,False,active,plain,other,right,False,0.0,discipline,True,
albuquerque_public_schools__atf_negotiated_agreement_2018_19__e7e5b93f,ATF-Negotiated-Agreement_2018-19.pdf,Albuquerque Public Schools,107,Teachers may request to be accompanied by a Federation representative to advise them during a meeting with their principal or supervisor on related matters.,Teachers,worker,worker,may,False,active,plain,permission,permission,True,0.3,teacher_rights_and_conduct,True,
albuquerque_public_schools__atf_negotiated_agreement_2018_19__e7e5b93f,ATF-Negotiated-Agreement_2018-19.pdf,Albuquerque Public Schools,107,Such request shall not be unreasonably denied.,Such request,management,worker,shall,True,passive,plain,prohibition,prohibition,True,1.0,teacher_rights_and_conduct,True,
albuquerque_public_schools__atf_negotiated_agreement_2018_19__e7e5b93f,ATF-Negotiated-Agreement_2018-19.pdf,Albuquerque Public Schools,107,"Teachers may be suspended, reprimanded, disciplined or have their pay reduced only for good and just cause.",Teachers,worker,worker,may,False,passive,plain,permission,prohibition,False,0.3,discipline,True,
albuquerque_public_schools__atf_negotiated_agreement_2018_19__e7e5b93f,ATF-Negotiated-Agreement_2018-19.pdf,Albuquerque Public Schools,107,"The superintendent may suspend, reprimand, transfer, discipline or reduce a teacher’s pay only for good and just cause.",The superintendent,management,worker,may,False,active,plain,permission,prohibition,False,0.3,discipline,True,
albuquerque_public_schools__atf_negotiated_agreement_2018_19__e7e5b93f,ATF-Negotiated-Agreement_2018-19.pdf,Albuquerque Public Schools,107,teacher shall be notified,teacher,management,worker,shall,False,passive,rights_passive,right,obligation,False,1.0,discipline,True,
albuquerque_public_schools__atf_negotiated_agreement_2018_19__e7e5b93f,ATF-Negotiated-Agreement_2018-19.pdf,Albuquerque Public Schools,107,and upon request have the right to notification in writing with the reason(s) therefore,teacher,worker,worker,,False,active,plain,other,right,False,0.0,discipline,True,
albuquerque_public_schools__atf_negotiated_agreement_2018_19__e7e5b93f,ATF-Negotiated-Agreement_2018-19.pdf,Albuquerque Public Schools,107,"and shall have the right of appeal as provided in Article 26, P. if requested within ten (10) workdays after the action is taken.",teacher,worker,worker,shall,False,active,plain,obligation,right,False,1.0,discipline,True,
albuquerque_public_schools__atf_negotiated_agreement_2018_19__e7e5b93f,ATF-Negotiated-Agreement_2018-19.pdf,Albuquerque Public Schools,107,Any teacher suspended shall be suspended with pay until determination of the action to be taken is made.,Any teacher suspended,management,worker,shall,False,passive,plain,obligation,obligation,True,1.0,discipline,True,
albuquerque_public_schools__atf_negotiated_agreement_2018_19__e7e5b93f,ATF-Negotiated-Agreement_2018-19.pdf,Albuquerque Public Schools,107,"In the event a teacher is suspended with pay pending an investigation, the District shall conduct an administrative meeting with the teacher as soon as practicable but no later than ten (10) workdays after the investigation is completed.",the District,management,worker,shall,False,active,plain,obligation,obligation,True,1.0,discipline,True,
albuquerque_public_schools__atf_negotiated_agreement_2018_19__e7e5b93f,ATF-Negotiated-Agreement_2018-19.pdf,Albuquerque Public Schools,107,"If it is determined following the investigation that loss of pay to the teacher is warranted, such reduction shall become effective retroactive to the first day of suspension.",such reduction,management,worker,shall,False,active,plain,obligation,obligation,True,1.0,discipline,True,
albuquerque_public_schools__atf_negotiated_agreement_2018_19__e7e5b93f,ATF-Negotiated-Agreement_2018-19.pdf,Albuquerque Public Schools,108,"Teachers may be refused renewal of employment, discharged or terminated only in accordance with law.",Teachers,management,worker,may,False,passive,plain,permission,prohibition,False,0.3,job_security,True,
albuquerque_public_schools__atf_negotiated_agreement_2018_19__e7e5b93f,ATF-Negotiated-Agreement_2018-19.pdf,Albuquerque Public Schools,108,teachers who have not signed three (3) consecutive full year contracts with the District may be refused reemployment by the District,teachers who have not signed three (3) consecutive full year contracts with the District,management,management,may,False,passive,plain,permission,permission,True,0.3,job_security,True,
albuquerque_public_schools__atf_negotiated_agreement_2018_19__e7e5b93f,ATF-Negotiated-Agreement_2018-19.pdf,Albuquerque Public Schools,108,"in that event, will receive written notice of the reason(s) for such refusal of reemployment.",teachers,worker,worker,will,False,active,rights_active,right,right,True,0.9,job_security,True,implied subject
albuquerque_public_schools__atf_negotiated_agreement_2018_19__e7e5b93f,ATF-Negotiated-Agreement_2018-19.pdf,Albuquerque Public Schools,108,Those teachers have the right to a meeting with the Superintendent or his/her designee if requested within five (5) working days after receiving the notice.,Those teachers,worker,worker,,False,active,plain,other,right,False,0.0,job_security,True,
albuquerque_public_schools__atf_negotiated_agreement_2018_19__e7e5b93f,ATF-Negotiated-Agreement_2018-19.pdf,Albuquerque Public Schools,108,The District agrees to continue to provide conditions for work that are healthy and safe.,The District,management,worker,,False,active,obligation_verb,obligation,obligation,True,0.85,safety_and_working_conditions,True,
albuquerque_public_schools__atf_negotiated_agreement_2018_19__e7e5b93f,ATF-Negotiated-Agreement_2018-19.pdf,Albuquerque Public Schools,108,"In furtherance of this, the District agrees to continue to provide working conditions which are in conformance with applicable rules and regulations.",the District,management,worker,,False,active,obligation_verb,obligation,obligation,True,0.85,safety_and_working_conditions,True,
albuquerque_public_schools__atf_negotiated_agreement_2018_19__e7e5b93f,ATF-Negotiated-Agreement_2018-19.pdf,Albuquerque Public Schools,108,The parties agree that all teachers shall observe all health and safety rules.,The parties,other,management,shall,False,active,plain,obligation,obligation,True,1.0,safety_and_working_conditions,True,joint agreement
albuquerque_public_schools__atf_negotiated_agreement_2018_19__e7e5b93f,ATF-Negotiated-Agreement_2018-19.pdf,Albuquerque Public Schools,108,Teacher complaints of unsafe or unhealthy conditions shall be reported by the principal to the Loss Control Manager.,Teacher complaints of unsafe or unhealthy conditions,management,worker,shall,False,passive,plain,obligation,obligation,True,1.0,safety_and_working_conditions,True,
albuquerque_public_schools__atf_negotiated_agreement_2018_19__e7e5b93f,ATF-Negotiated-Agreement_2018-19.pdf,Albuquerque Public Schools,108,the District's Loss Control Manager shall have ten (10) duty days from the day the principal was informed to act on the complaint.,the District's Loss Control Manager,management,worker,shall,False,active,plain,obligation,obligation,True,1.0,safety_and_working_conditions,True,
albuquerque_public_schools__atf_negotiated_agreement_2018_19__e7e5b93f,ATF-Negotiated-Agreement_2018-19.pdf,Albuquerque Public Schools,108,The parties agree that there shall be a health and safety committee in each school.,The parties,other,worker,shall,False,active,plain,obligation,obligation,True,1.0,safety_and_working_conditions,True,joint agreement
albuquerque_public_schools__atf_negotiated_agreement_2018_19__e7e5b93f,ATF-Negotiated-Agreement_2018-19.pdf,Albuquerque Public Schools,108,Composition of the committee shall be determined by the principal and faculty.,Composition of the committee,worker,worker,shall,False,passive,plain,obligation,obligation,True,1.0,safety_and_working_conditions,True,
albuquerque_public_schools__atf_negotiated_agreement_2018_19__e7e5b93f,ATF-Negotiated-Agreement_2018-19.pdf,Albuquerque Public Schools,108,Make a reasonable effort to become knowledgeable in health and safety rules and regulations;,implied committee,management,worker,,False,active,plain,other,obligation,False,0.0,safety_and_working_conditions,True,implied subject
albuquerque_public_schools__atf_negotiated_agreement_2018_19__e7e5b93f,ATF-Negotiated-Agreement_2018-19.pdf,Albuquerque Public Schools,108,Meet and discuss working conditions with respect to health and safety; and,implied committee,management,worker,,False,active,plain,other,obligation,False,0.0,safety_and_working_conditions,True,implied subject
albuquerque_public_schools__atf_negotiated_agreement_2018_19__e7e5b93f,ATF-Negotiated-Agreement_2018-19.pdf,Albuquerque Public Schools,108,Make recommendations to appropriate parties.,implied committee,management,worker,,False,active,plain,other,obligation,False,0.0,safety_and_working_conditions,True,implied subject
albuquerque_public_schools__atf_negotiated_agreement_2018_19__e7e5b93f,ATF-Negotiated-Agreement_2018-19.pdf,Albuquerque Public Schools,108,The Federation agrees that neither the Federation nor its members will engage in a strike.,The Federation,worker,management,will,False,active,plain,obligation,prohibition,False,0.9,other,True,joint agreement
albuquerque_public_schools__atf_negotiated_agreement_2018_19__e7e5b93f,ATF-Negotiated-Agreement_2018-19.pdf,Albuquerque Public Schools,108,"Salaries, pay differentials and insurance premiums shall be opened each year of this Agreement.","Salaries, pay differentials and insurance premiums",other,worker,shall,False,active,plain,obligation,obligation,True,1.0,compensation,True,
albuquerque_public_schools__atf_negotiated_agreement_2018_19__e7e5b93f,ATF-Negotiated-Agreement_2018-19.pdf,Albuquerque Public Schools,109,Such negotiation shall begin on or before April 1 of each year or as agreed to by the parties.,Such negotiation,other,worker,shall,False,active,plain,obligation,obligation,True,1.0,compensation,True,
albuquerque_public_schools__atf_negotiated_agreement_2018_19__e7e5b93f,ATF-Negotiated-Agreement_2018-19.pdf,Albuquerque Public Schools,109,This Agreement may be altered by mutual consent of the District and the Federation.,This Agreement,management,management,may,False,passive,plain,permission,permission,True,0.3,other,True,
albuquerque_public_schools__atf_negotiated_agreement_2018_19__e7e5b93f,ATF-Negotiated-Agreement_2018-19.pdf,Albuquerque Public Schools,109,Such alterations will replace or add to this Agreement,Such alterations,other,management,will,False,active,plain,obligation,obligation,True,0.9,other,True,
albuquerque_public_schools__atf_negotiated_agreement_2018_19__e7e5b93f,ATF-Negotiated-Agreement_2018-19.pdf,Albuquerque Public Schools,109,be in full force and effect only upon approval in writing of both parties.,[Such alterations] (implied),other,management,will,False,active,plain,obligation,obligation,True,0.9,other,True,
albuquerque_public_schools__atf_negotiated_agreement_2018_19__e7e5b93f,ATF-Negotiated-Agreement_2018-19.pdf,Albuquerque Public Schools,109,shall receive a written respon,The teacher/office holder (implied),management,worker,shall,False,active,rights_active,right,right,True,1.0,discipline,True,Truncated at end.
albuquerque_public_schools__atf_negotiated_agreement_2018_19__e7e5b93f,ATF-Negotiated-Agreement_2018-19.pdf,Albuquerque Public Schools,110,The employee must submit a special leave slip to his or her supervisor at least three (3) days prior to the date the leave will be taken.,The employee,worker,management,must,False,active,plain,obligation,obligation,True,1.0,leave,True,
albuquerque_public_schools__atf_negotiated_agreement_2018_19__e7e5b93f,ATF-Negotiated-Agreement_2018-19.pdf,Albuquerque Public Schools,110,Only those certified teachers who have been actively employed by the District for at least six (6) continuous contract years preceding the granting of this leave are eligible.,Only those certified teachers,worker,worker,,False,active,plain,other,other,True,0.0,leave,True,eligibility condition
albuquerque_public_schools__atf_negotiated_agreement_2018_19__e7e5b93f,ATF-Negotiated-Agreement_2018-19.pdf,Albuquerque Public Schools,110,"All active employees on matrices AT-1, AT-2, AT-3, A-2 and A-3/4 will be credited with paid sick leave at the start of the contract year.",All active employees,management,worker,will,False,passive,rights_passive,right,obligation,False,0.9,leave,True,
albuquerque_public_schools__atf_negotiated_agreement_2018_19__e7e5b93f,ATF-Negotiated-Agreement_2018-19.pdf,Albuquerque Public Schools,110,"To be eligible for participation in the Sick Leave Bank (SLB), a teacher must voluntarily contribute each pay period, through payroll deduction, a sum which is designated by the joint Sick Leave Bank Committee.",a teacher,worker,worker,must,False,active,plain,obligation,obligation,True,1.0,leave,True,
albuquerque_public_schools__atf_negotiated_agreement_2018_19__e7e5b93f,ATF-Negotiated-Agreement_2018-19.pdf,Albuquerque Public Schools,110,Extended leaves are granted for up to one (1) year.,Extended leaves,other,worker,,False,passive,rights_passive,right,other,False,0.85,leave,True,
albuquerque_public_schools__atf_negotiated_agreement_2018_19__e7e5b93f,ATF-Negotiated-Agreement_2018-19.pdf,Albuquerque Public Schools,111,A teacher returning from an extended leave must file intent to return to the school system no later than March 1.,A teacher returning from an extended leave,worker,management,must,False,active,plain,obligation,obligation,True,1.0,leave,True,
albuquerque_public_schools__atf_negotiated_agreement_2018_19__e7e5b93f,ATF-Negotiated-Agreement_2018-19.pdf,Albuquerque Public Schools,111,"Failure to do so will be considered a resignation on the part of the teacher effective at the conclusion of the leave or the school year, whichever comes first.",Failure to do so,management,management,will,False,passive,plain,obligation,other,False,0.9,leave,True,
albuquerque_public_schools__atf_negotiated_agreement_2018_19__e7e5b93f,ATF-Negotiated-Agreement_2018-19.pdf,Albuquerque Public Schools,111,All requests for extended leaves of absence shall be submitted to the Extended Leave Clerk's office in the Human Resources Department.,All requests for extended leaves of absence,worker,management,shall,False,passive,plain,obligation,obligation,True,1.0,leave,True,
albuquerque_public_schools__atf_negotiated_agreement_2018_19__e7e5b93f,ATF-Negotiated-Agreement_2018-19.pdf,Albuquerque Public Schools,111,Time spent on extended leaves of absence will not be counted for seniority purposes,Time spent on extended leaves of absence,management,management,will,True,passive,plain,prohibition,prohibition,True,0.9,seniority,True,
albuquerque_public_schools__atf_negotiated_agreement_2018_19__e7e5b93f,ATF-Negotiated-Agreement_2018-19.pdf,Albuquerque Public Schools,111,Extended leaves of absence will not be denied because of length of service except as provided herein.,Extended leaves of absence,management,worker,will,True,passive,plain,prohibition,prohibition,True,0.9,leave,True,
albuquerque_public_schools__atf_negotiated_agreement_2018_19__e7e5b93f,ATF-Negotiated-Agreement_2018-19.pdf,Albuquerque Public Schools,111,Time spent on extended leaves of absence shall not be considered a break in continuous service.,Time spent on extended leaves of absence,management,worker,shall,True,passive,plain,prohibition,prohibition,True,1.0,job_security,True,
