Reading codebook and sample ...
  106 questions | 12 categories | 23 sub-batches (max 6/batch) | 40 document(s)
[ 1/40] professional_agreement_with_gea_2020_2023.pdf ...
      meta batch 1: 6 questions done (4 sections)
      meta batch 2: 3 questions done (4 sections)
      pay batch 1: 6 questions done (4 sections)
      pay batch 2: 6 questions done (4 sections)
      pay batch 3: 5 questions done (4 sections)
      benefits batch 1: 6 questions done (4 sections)
      benefits batch 2: 6 questions done (4 sections)
      leave batch 1: 6 questions done (4 sections)
      leave batch 2: 6 questions done (4 sections)
      leave batch 3: 1 question done (4 sections)
      workload batch 1: 6 questions done (4 sections)
      workload batch 2: 3 questions done (4 sections)
      class batch 1: 4 questions done (4 sections)
      evaluation batch 1: 6 questions done (4 sections)
      evaluation batch 2: 2 questions done (4 sections)
      security batch 1: 6 questions done (4 sections)
      security batch 2: 5 questions done (4 sections)
      discipline batch 1: 2 questions done (4 sections)
      conduct batch 1: 6 questions done (4 sections)
      conduct batch 2: 4 questions done (4 sections)
      safety batch 1: 6 questions done (4 sections)
      safety batch 2: 2 questions done (4 sections)
      pd batch 1: 3 questions done (4 sections)
[ 2/40] Granite_School_DistrictTeacher_-_GSD_GEA_Professional_Agreement_2011-2014.pdf ...
      meta batch 1: 6 questions done (4 sections)
      meta batch 2: 3 questions done (4 sections)
      pay batch 1: 6 questions done (4 sections)
      pay batch 2: 6 questions done (4 sections)
      pay batch 3: 5 questions done (4 sections)
      benefits batch 1: 6 questions done (4 sections)
      benefits batch 2: 6 questions done (4 sections)
      leave batch 1: 6 questions done (4 sections)
      leave batch 2: 6 questions done (4 sections)
      leave batch 3: 1 question done (4 sections)
      workload batch 1: 6 questions done (4 sections)
      workload batch 2: 3 questions done (4 sections)
      class batch 1: 4 questions done (4 sections)
      evaluation batch 1: 6 questions done (4 sections)
      evaluation batch 2: 2 questions done (4 sections)
      security batch 1: 6 questions done (4 sections)
      security batch 2: 5 questions done (4 sections)
      discipline batch 1: 2 questions done (4 sections)
      conduct batch 1: 6 questions done (4 sections)
      conduct batch 2: 4 questions done (4 sections)
      safety batch 1: 6 questions done (4 sections)
      safety batch 2: 2 questions done (4 sections)
      pd batch 1: 3 questions done (4 sections)
[ 3/40] 95.pdf ...
      meta batch 1: 6 questions done (8 sections)
      meta batch 2: 3 questions done (8 sections)
      pay batch 1: 6 questions done (8 sections)
      pay batch 2: 6 questions done (8 sections)
      pay batch 3: 5 questions done (8 sections)
      benefits batch 1: 6 questions done (8 sections)
      benefits batch 2: 6 questions done (8 sections)
      leave batch 1: 6 questions done (8 sections)
      leave batch 2: 6 questions done (8 sections)
      leave batch 3: 1 question done (8 sections)
      workload batch 1: 6 questions done (8 sections)
      workload batch 2: 3 questions done (8 sections)
      class batch 1: 4 questions done (8 sections)
      evaluation batch 1: 6 questions done (8 sections)
      evaluation batch 2: 2 questions done (8 sections)
      security batch 1: 6 questions done (8 sections)
      security batch 2: 5 questions done (8 sections)
      discipline batch 1: 2 questions done (8 sections)
      conduct batch 1: 6 questions done (8 sections)
      conduct batch 2: 4 questions done (8 sections)
      safety batch 1: 6 questions done (8 sections)
      safety batch 2: 2 questions done (8 sections)
      pd batch 1: 3 questions done (8 sections)
[ 4/40] Santa_Ana_2016-2019_Contract.pdf ...
      meta batch 1: 6 questions done
      meta batch 2: 3 questions done
      pay batch 1: 6 questions done
      pay batch 2: 6 questions done
      pay batch 3: 5 questions done
      benefits batch 1: 6 questions done
      benefits batch 2: 6 questions done
      leave batch 1: 6 questions done
      leave batch 2: 6 questions done
      leave batch 3: 1 question done
      workload batch 1: 6 questions done
      workload batch 2: 3 questions done
      class batch 1: 4 questions done
      evaluation batch 1: 6 questions done
      evaluation batch 2: 2 questions done
      security batch 1: 6 questions done
      security batch 2: 5 questions done
      discipline batch 1: 2 questions done
      conduct batch 1: 6 questions done
      conduct batch 2: 4 questions done
      safety batch 1: 6 questions done
      safety batch 2: 2 questions done
      pd batch 1: 3 questions done
[ 5/40] birmingham_policy_manual_2011.pdf ...
      meta batch 1: 6 questions done (10 sections)
      meta batch 2: 3 questions done (10 sections)
      pay batch 1: 6 questions done (10 sections)
      pay batch 2: 6 questions done (10 sections)
      pay batch 3: 5 questions done (10 sections)
      benefits batch 1: 6 questions done (10 sections)
      benefits batch 2: 6 questions done (10 sections)
      leave batch 1: 6 questions done (10 sections)
      leave batch 2: 6 questions done (10 sections)
      leave batch 3: 1 question done (10 sections)
      workload batch 1: 6 questions done (10 sections)
      workload batch 2: 3 questions done (10 sections)
      class batch 1: 4 questions done (10 sections)
      evaluation batch 1: 6 questions done (10 sections)
      evaluation batch 2: 2 questions done (10 sections)
      security batch 1: 6 questions done (10 sections)
      security batch 2: 5 questions done (10 sections)
      discipline batch 1: 2 questions done (10 sections)
      conduct batch 1: 6 questions done (10 sections)
      conduct batch 2: 4 questions done (10 sections)
      safety batch 1: 6 questions done (10 sections)
      safety batch 2: 2 questions done (10 sections)
      pd batch 1: 3 questions done (10 sections)
[ 6/40] Birmingham_Policy_Manual_updated_6_2012.pdf ...
      meta batch 1: 6 questions done
      meta batch 2: 3 questions done
      pay batch 1: 6 questions done
      pay batch 2: 6 questions done
      pay batch 3: 5 questions done
      benefits batch 1: 6 questions done
      benefits batch 2: 6 questions done
      leave batch 1: 6 questions done
      leave batch 2: 6 questions done
      leave batch 3: 1 question done
      workload batch 1: 6 questions done
      workload batch 2: 3 questions done
      class batch 1: 4 questions done
      evaluation batch 1: 6 questions done
      evaluation batch 2: 2 questions done
      security batch 1: 6 questions done
      security batch 2: 5 questions done
      discipline batch 1: 2 questions done
      conduct batch 1: 6 questions done
      conduct batch 2: 4 questions done
      safety batch 1: 6 questions done
      safety batch 2: 2 questions done
      pd batch 1: 3 questions done
[ 7/40] X_DCPS_2017_-_2019_tentative.pdf ...
      meta batch 1: 6 questions done (8 sections)
      meta batch 2: 3 questions done (8 sections)
      pay batch 1: 6 questions done (8 sections)
      pay batch 2: 6 questions done (8 sections)
      pay batch 3: 5 questions done (8 sections)
      benefits batch 1: 6 questions done (8 sections)
      benefits batch 2: 6 questions done (8 sections)
      leave batch 1: 6 questions done (8 sections)
      leave batch 2: 6 questions done (8 sections)
      leave batch 3: 1 question done (8 sections)
      workload batch 1: 6 questions done (8 sections)
      workload batch 2: 3 questions done (8 sections)
      class batch 1: 4 questions done (8 sections)
      evaluation batch 1: 6 questions done (8 sections)
      evaluation batch 2: 2 questions done (8 sections)
      security batch 1: 6 questions done (8 sections)
      security batch 2: 5 questions done (8 sections)
      discipline batch 1: 2 questions done (8 sections)
      conduct batch 1: 6 questions done (8 sections)
      conduct batch 2: 4 questions done (8 sections)
      safety batch 1: 6 questions done (8 sections)
      safety batch 2: 2 questions done (8 sections)
      pd batch 1: 3 questions done (8 sections)
[ 8/40] DCPS_WTU_CBA_2023-2028.pdf ...
      meta batch 1: 6 questions done (9 sections)
      meta batch 2: 3 questions done (9 sections)
      pay batch 1: 6 questions done (9 sections)
      pay batch 2: 6 questions done (9 sections)
      pay batch 3: 5 questions done (9 sections)
      benefits batch 1: 6 questions done (9 sections)
      benefits batch 2: 6 questions done (9 sections)
      leave batch 1: 6 questions done (9 sections)
      leave batch 2: 6 questions done (9 sections)
      leave batch 3: 1 question done (9 sections)
      workload batch 1: 6 questions done (9 sections)
      workload batch 2: 3 questions done (9 sections)
      class batch 1: 4 questions done (9 sections)
      evaluation batch 1: 6 questions done (9 sections)
      evaluation batch 2: 2 questions done (9 sections)
      security batch 1: 6 questions done (9 sections)
      security batch 2: 5 questions done (9 sections)
      discipline batch 1: 2 questions done (9 sections)
      conduct batch 1: 6 questions done (9 sections)
      conduct batch 2: 4 questions done (9 sections)
      safety batch 1: 6 questions done (9 sections)
      safety batch 2: 2 questions done (9 sections)
      pd batch 1: 3 questions done (9 sections)
[ 9/40] Osceola_County_2021-22_and_2022-23_Instructional_Employees_Contract_110221.pdf ...
      meta batch 1: 6 questions done (7 sections)
      meta batch 2: 3 questions done (7 sections)
      pay batch 1: 6 questions done (7 sections)
      pay batch 2: 6 questions done (7 sections)
      pay batch 3: 5 questions done (7 sections)
      benefits batch 1: 6 questions done (7 sections)
      benefits batch 2: 6 questions done (7 sections)
      leave batch 1: 6 questions done (7 sections)
      leave batch 2: 6 questions done (7 sections)
      leave batch 3: 1 question done (7 sections)
      workload batch 1: 6 questions done (7 sections)
      workload batch 2: 3 questions done (7 sections)
      class batch 1: 4 questions done (7 sections)
      evaluation batch 1: 6 questions done (7 sections)
      evaluation batch 2: 2 questions done (7 sections)
      security batch 1: 6 questions done (7 sections)
      security batch 2: 5 questions done (7 sections)
      discipline batch 1: 2 questions done (7 sections)
      conduct batch 1: 6 questions done (7 sections)
      conduct batch 2: 4 questions done (7 sections)
      safety batch 1: 6 questions done (7 sections)
      safety batch 2: 2 questions done (7 sections)
      pd batch 1: 3 questions done (7 sections)
[10/40] Osceola_2018-19_INSTRUCTIONAL_EMPLOYEES__CONTRACT_082918.pdf ...
      meta batch 1: 6 questions done (7 sections)
      meta batch 2: 3 questions done (7 sections)
      pay batch 1: 6 questions done (7 sections)
      pay batch 2: 6 questions done (7 sections)
      pay batch 3: 5 questions done (7 sections)
      benefits batch 1: 6 questions done (7 sections)
      benefits batch 2: 6 questions done (7 sections)
      leave batch 1: 6 questions done (7 sections)
      leave batch 2: 6 questions done (7 sections)
      leave batch 3: 1 question done (7 sections)
      workload batch 1: 6 questions done (7 sections)
      workload batch 2: 3 questions done (7 sections)
      class batch 1: 4 questions done (7 sections)
      evaluation batch 1: 6 questions done (7 sections)
      evaluation batch 2: 2 questions done (7 sections)
      security batch 1: 6 questions done (7 sections)
      security batch 2: 5 questions done (7 sections)
      discipline batch 1: 2 questions done (7 sections)
      conduct batch 1: 6 questions done (7 sections)
      conduct batch 2: 4 questions done (7 sections)
      safety batch 1: 6 questions done (7 sections)
      safety batch 2: 2 questions done (7 sections)
      pd batch 1: 3 questions done (7 sections)
[11/40] V2-Flyer-Contract-Settlement-Highlights_for-contract-vote.pdf ...
      meta batch 1: 6 questions done
      meta batch 2: 3 questions done
      pay batch 1: 6 questions done
      pay batch 2: 6 questions done
      pay batch 3: 5 questions done
      benefits batch 1: 6 questions done
      benefits batch 2: 6 questions done
      leave batch 1: 6 questions done
      leave batch 2: 6 questions done
      leave batch 3: 1 question done
      workload batch 1: 6 questions done
      workload batch 2: 3 questions done
      class batch 1: 4 questions done
      evaluation batch 1: 6 questions done
      evaluation batch 2: 2 questions done
      security batch 1: 6 questions done
      security batch 2: 5 questions done
      discipline batch 1: 2 questions done
      conduct batch 1: 6 questions done
      conduct batch 2: 4 questions done
      safety batch 1: 6 questions done
      safety batch 2: 2 questions done
      pd batch 1: 3 questions done
[12/40] Montgomery_11-14.pdf ...
      meta batch 1: 6 questions done (16 sections)
      meta batch 2: 3 questions done (16 sections)
      pay batch 1: 6 questions done (16 sections)
      pay batch 2: 6 questions done (16 sections)
      pay batch 3: 5 questions done (16 sections)
      benefits batch 1: 6 questions done (16 sections)
      benefits batch 2: 6 questions done (16 sections)
      leave batch 1: 6 questions done (16 sections)
      leave batch 2: 6 questions done (16 sections)
      leave batch 3: 1 question done (16 sections)
      workload batch 1: 6 questions done (16 sections)
      workload batch 2: 3 questions done (16 sections)
      class batch 1: 4 questions done (16 sections)
      evaluation batch 1: 6 questions done (16 sections)
      evaluation batch 2: 2 questions done (16 sections)
      security batch 1: 6 questions done (16 sections)
      security batch 2: 5 questions done (16 sections)
      discipline batch 1: 2 questions done (16 sections)
      conduct batch 1: 6 questions done (16 sections)
      conduct batch 2: 4 questions done (16 sections)
      safety batch 1: 6 questions done (16 sections)
      safety batch 2: 2 questions done (16 sections)
      pd batch 1: 3 questions done (16 sections)
[13/40] 14-05.pdf ...
      meta batch 1: 6 questions done (8 sections)
      meta batch 2: 3 questions done (8 sections)
      pay batch 1: 6 questions done (8 sections)
      pay batch 2: 6 questions done (8 sections)
      pay batch 3: 5 questions done (8 sections)
      benefits batch 1: 6 questions done (8 sections)
      benefits batch 2: 6 questions done (8 sections)
      leave batch 1: 6 questions done (8 sections)
      leave batch 2: 6 questions done (8 sections)
      leave batch 3: 1 question done (8 sections)
      workload batch 1: 6 questions done (8 sections)
      workload batch 2: 3 questions done (8 sections)
      class batch 1: 4 questions done (8 sections)
      evaluation batch 1: 6 questions done (8 sections)
      evaluation batch 2: 2 questions done (8 sections)
      security batch 1: 6 questions done (8 sections)
      security batch 2: 5 questions done (8 sections)
      discipline batch 1: 2 questions done (8 sections)
      conduct batch 1: 6 questions done (8 sections)
      conduct batch 2: 4 questions done (8 sections)
      safety batch 1: 6 questions done (8 sections)
      safety batch 2: 2 questions done (8 sections)
      pd batch 1: 3 questions done (8 sections)
[14/40] 14.pdf ...
      meta batch 1: 6 questions done (9 sections)
      meta batch 2: 3 questions done (9 sections)
      pay batch 1: 6 questions done (9 sections)
      pay batch 2: 6 questions done (9 sections)
      pay batch 3: 5 questions done (9 sections)
      benefits batch 1: 6 questions done (9 sections)
      benefits batch 2: 6 questions done (9 sections)
      leave batch 1: 6 questions done (9 sections)
      leave batch 2: 6 questions done (9 sections)
      leave batch 3: 1 question done (9 sections)
      workload batch 1: 6 questions done (9 sections)
      workload batch 2: 3 questions done (9 sections)
      class batch 1: 4 questions done (9 sections)
      evaluation batch 1: 6 questions done (9 sections)
      evaluation batch 2: 2 questions done (9 sections)
      security batch 1: 6 questions done (9 sections)
      security batch 2: 5 questions done (9 sections)
      discipline batch 1: 2 questions done (9 sections)
      conduct batch 1: 6 questions done (9 sections)
      conduct batch 2: 4 questions done (9 sections)
      safety batch 1: 6 questions done (9 sections)
      safety batch 2: 2 questions done (9 sections)
      pd batch 1: 3 questions done (9 sections)
[15/40] Employee_HAndbook2012-2013.pdf ...
      meta batch 1: 6 questions done (3 sections)
      meta batch 2: 3 questions done (3 sections)
      pay batch 1: 6 questions done (3 sections)
      pay batch 2: 6 questions done (3 sections)
      pay batch 3: 5 questions done (3 sections)
      benefits batch 1: 6 questions done (3 sections)
      benefits batch 2: 6 questions done (3 sections)
      leave batch 1: 6 questions done (3 sections)
      leave batch 2: 6 questions done (3 sections)
      leave batch 3: 1 question done (3 sections)
      workload batch 1: 6 questions done (3 sections)
      workload batch 2: 3 questions done (3 sections)
      class batch 1: 4 questions done (3 sections)
      evaluation batch 1: 6 questions done (3 sections)
      evaluation batch 2: 2 questions done (3 sections)
      security batch 1: 6 questions done (3 sections)
      security batch 2: 5 questions done (3 sections)
      discipline batch 1: 2 questions done (3 sections)
      conduct batch 1: 6 questions done (3 sections)
      conduct batch 2: 4 questions done (3 sections)
      safety batch 1: 6 questions done (3 sections)
      safety batch 2: 2 questions done (3 sections)
      pd batch 1: 3 questions done (3 sections)
[16/40] Model_employee_handbook_2013-2014_(2)_(1).pdf ...
      meta batch 1: 6 questions done (5 sections)
      meta batch 2: 3 questions done (5 sections)
      pay batch 1: 6 questions done (5 sections)
      pay batch 2: 6 questions done (5 sections)
      pay batch 3: 5 questions done (5 sections)
      benefits batch 1: 6 questions done (5 sections)
      benefits batch 2: 6 questions done (5 sections)
      leave batch 1: 6 questions done (5 sections)
      leave batch 2: 6 questions done (5 sections)
      leave batch 3: 1 question done (5 sections)
      workload batch 1: 6 questions done (5 sections)
      workload batch 2: 3 questions done (5 sections)
      class batch 1: 4 questions done (5 sections)
      evaluation batch 1: 6 questions done (5 sections)
      evaluation batch 2: 2 questions done (5 sections)
      security batch 1: 6 questions done (5 sections)
      security batch 2: 5 questions done (5 sections)
      discipline batch 1: 2 questions done (5 sections)
      conduct batch 1: 6 questions done (5 sections)
      conduct batch 2: 4 questions done (5 sections)
      safety batch 1: 6 questions done (5 sections)
      safety batch 2: 2 questions done (5 sections)
      pd batch 1: 3 questions done (5 sections)
[17/40] 84.pdf ...
      meta batch 1: 6 questions done (3 sections)
      meta batch 2: 3 questions done (3 sections)
      pay batch 1: 6 questions done (3 sections)
      pay batch 2: 6 questions done (3 sections)
      pay batch 3: 5 questions done (3 sections)
      benefits batch 1: 6 questions done (3 sections)
      benefits batch 2: 6 questions done (3 sections)
      leave batch 1: 6 questions done (3 sections)
      leave batch 2: 6 questions done (3 sections)
      leave batch 3: 1 question done (3 sections)
      workload batch 1: 6 questions done (3 sections)
      workload batch 2: 3 questions done (3 sections)
      class batch 1: 4 questions done (3 sections)
      evaluation batch 1: 6 questions done (3 sections)
      evaluation batch 2: 2 questions done (3 sections)
      security batch 1: 6 questions done (3 sections)
      security batch 2: 5 questions done (3 sections)
      discipline batch 1: 2 questions done (3 sections)
      conduct batch 1: 6 questions done (3 sections)
      conduct batch 2: 4 questions done (3 sections)
      safety batch 1: 6 questions done (3 sections)
      safety batch 2: 2 questions done (3 sections)
      pd batch 1: 3 questions done (3 sections)
[18/40] Wes_Ada_Agreement_2022-2023.pdf ...
      meta batch 1: 6 questions done
      meta batch 2: 3 questions done
      pay batch 1: 6 questions done
      pay batch 2: 6 questions done
      pay batch 3: 5 questions done
      benefits batch 1: 6 questions done
      benefits batch 2: 6 questions done
      leave batch 1: 6 questions done
      leave batch 2: 6 questions done
      leave batch 3: 1 question done
      workload batch 1: 6 questions done
      workload batch 2: 3 questions done
      class batch 1: 4 questions done
      evaluation batch 1: 6 questions done
      evaluation batch 2: 2 questions done
      security batch 1: 6 questions done
      security batch 2: 5 questions done
      discipline batch 1: 2 questions done
      conduct batch 1: 6 questions done
      conduct batch 2: 4 questions done
      safety batch 1: 6 questions done
      safety batch 2: 2 questions done
      pd batch 1: 3 questions done
[19/40] Cincinnati__2017_TA_CPS__CFT.pdf ...
      meta batch 1: 6 questions done
      meta batch 2: 3 questions done
      pay batch 1: 6 questions done
      pay batch 2: 6 questions done
      pay batch 3: 5 questions done
      benefits batch 1: 6 questions done
      benefits batch 2: 6 questions done
      leave batch 1: 6 questions done
      leave batch 2: 6 questions done
      leave batch 3: 1 question done
      workload batch 1: 6 questions done
      workload batch 2: 3 questions done
      class batch 1: 4 questions done
      evaluation batch 1: 6 questions done
      evaluation batch 2: 2 questions done
      security batch 1: 6 questions done
      security batch 2: 5 questions done
      discipline batch 1: 2 questions done
      conduct batch 1: 6 questions done
      conduct batch 2: 4 questions done
      safety batch 1: 6 questions done
      safety batch 2: 2 questions done
      pd batch 1: 3 questions done
[20/40] Cincinnati_0709.pdf ...
      meta batch 1: 6 questions done (10 sections)
      meta batch 2: 3 questions done (10 sections)
      pay batch 1: 6 questions done (10 sections)
      pay batch 2: 6 questions done (10 sections)
      pay batch 3: 5 questions done (10 sections)
      benefits batch 1: 6 questions done (10 sections)
      benefits batch 2: 6 questions done (10 sections)
      leave batch 1: 6 questions done (10 sections)
      leave batch 2: 6 questions done (10 sections)
      leave batch 3: 1 question done (10 sections)
      workload batch 1: 6 questions done (10 sections)
      workload batch 2: 3 questions done (10 sections)
      class batch 1: 4 questions done (10 sections)
      evaluation batch 1: 6 questions done (10 sections)
      evaluation batch 2: 2 questions done (10 sections)
      security batch 1: 6 questions done (10 sections)
      security batch 2: 5 questions done (10 sections)
      discipline batch 1: 2 questions done (10 sections)
      conduct batch 1: 6 questions done (10 sections)
      conduct batch 2: 4 questions done (10 sections)
      safety batch 1: 6 questions done (10 sections)
      safety batch 2: 2 questions done (10 sections)
      pd batch 1: 3 questions done (10 sections)
[21/40] UESF_Certificated_CBA_2023-2025_Executed.pdf ...
      meta batch 1: 6 questions done (15 sections)
  ERROR (cannot use 'list' as a set element (unhashable type: 'list')) — document skipped, answers will be missing
[22/40] 94.pdf ...
      meta batch 1: 6 questions done (13 sections)
      meta batch 2: 3 questions done (13 sections)
      pay batch 1: 6 questions done (13 sections)
      pay batch 2: 6 questions done (13 sections)
      pay batch 3: 5 questions done (13 sections)
      benefits batch 1: 6 questions done (13 sections)
      benefits batch 2: 6 questions done (13 sections)
      leave batch 1: 6 questions done (13 sections)
      leave batch 2: 6 questions done (13 sections)
      leave batch 3: 1 question done (13 sections)
      workload batch 1: 6 questions done (13 sections)
      workload batch 2: 3 questions done (13 sections)
      class batch 1: 4 questions done (13 sections)
      evaluation batch 1: 6 questions done (13 sections)
      evaluation batch 2: 2 questions done (13 sections)
      security batch 1: 6 questions done (13 sections)
      security batch 2: 5 questions done (13 sections)
      discipline batch 1: 2 questions done (13 sections)
      conduct batch 1: 6 questions done (13 sections)
      conduct batch 2: 4 questions done (13 sections)
      safety batch 1: 6 questions done (13 sections)
      safety batch 2: 2 questions done (13 sections)
      pd batch 1: 3 questions done (13 sections)
[23/40] 80-07.pdf ...
      meta batch 1: 6 questions done (3 sections)
      meta batch 2: 3 questions done (3 sections)
      pay batch 1: 6 questions done (3 sections)
      pay batch 2: 6 questions done (3 sections)
      pay batch 3: 5 questions done (3 sections)
      benefits batch 1: 6 questions done (3 sections)
      benefits batch 2: 6 questions done (3 sections)
      leave batch 1: 6 questions done (3 sections)
      leave batch 2: 6 questions done (3 sections)
      leave batch 3: 1 question done (3 sections)
      workload batch 1: 6 questions done (3 sections)
      workload batch 2: 3 questions done (3 sections)
      class batch 1: 4 questions done (3 sections)
      evaluation batch 1: 6 questions done (3 sections)
      evaluation batch 2: 2 questions done (3 sections)
      security batch 1: 6 questions done (3 sections)
      security batch 2: 5 questions done (3 sections)
      discipline batch 1: 2 questions done (3 sections)
      conduct batch 1: 6 questions done (3 sections)
      conduct batch 2: 4 questions done (3 sections)
      safety batch 1: 6 questions done (3 sections)
      safety batch 2: 2 questions done (3 sections)
      pd batch 1: 3 questions done (3 sections)
[24/40] Indianapolis_IEA_Agreement_2006_-_2007.pdf ...
      meta batch 1: 6 questions done
      meta batch 2: 3 questions done
      pay batch 1: 6 questions done
      pay batch 2: 6 questions done
      pay batch 3: 5 questions done
      benefits batch 1: 6 questions done
      benefits batch 2: 6 questions done
      leave batch 1: 6 questions done
      leave batch 2: 6 questions done
      leave batch 3: 1 question done
      workload batch 1: 6 questions done
      workload batch 2: 3 questions done
      class batch 1: 4 questions done
      evaluation batch 1: 6 questions done
      evaluation batch 2: 2 questions done
      security batch 1: 6 questions done
      security batch 2: 5 questions done
      discipline batch 1: 2 questions done
      conduct batch 1: 6 questions done
      conduct batch 2: 4 questions done
      safety batch 1: 6 questions done
      safety batch 2: 2 questions done
      pd batch 1: 3 questions done
[25/40] aft_cert_cba_7_14_17_final_for_posting_on_web.pdf ...
      meta batch 1: 6 questions done (4 sections)
      meta batch 2: 3 questions done (4 sections)
      pay batch 1: 6 questions done (4 sections)
      pay batch 2: 6 questions done (4 sections)
      pay batch 3: 5 questions done (4 sections)
      benefits batch 1: 6 questions done (4 sections)
      benefits batch 2: 6 questions done (4 sections)
      leave batch 1: 6 questions done (4 sections)
      leave batch 2: 6 questions done (4 sections)
      leave batch 3: 1 question done (4 sections)
      workload batch 1: 6 questions done (4 sections)
      workload batch 2: 3 questions done (4 sections)
      class batch 1: 4 questions done (4 sections)
      evaluation batch 1: 6 questions done (4 sections)
      evaluation batch 2: 2 questions done (4 sections)
      security batch 1: 6 questions done (4 sections)
      security batch 2: 5 questions done (4 sections)
      discipline batch 1: 2 questions done (4 sections)
      conduct batch 1: 6 questions done (4 sections)
      conduct batch 2: 4 questions done (4 sections)
      safety batch 1: 6 questions done (4 sections)
      safety batch 2: 2 questions done (4 sections)
      pd batch 1: 3 questions done (4 sections)
[26/40] KC_AFT_CERTIFED_CBA-_FINAL_DRAFT_2023-2026.pdf ...
      meta batch 1: 6 questions done (5 sections)
      meta batch 2: 3 questions done (5 sections)
      pay batch 1: 6 questions done (5 sections)
      pay batch 2: 6 questions done (5 sections)
      pay batch 3: 5 questions done (5 sections)
      benefits batch 1: 6 questions done (5 sections)
      benefits batch 2: 6 questions done (5 sections)
      leave batch 1: 6 questions done (5 sections)
      leave batch 2: 6 questions done (5 sections)
      leave batch 3: 1 question done (5 sections)
      workload batch 1: 6 questions done (5 sections)
      workload batch 2: 3 questions done (5 sections)
      class batch 1: 4 questions done (5 sections)
      evaluation batch 1: 6 questions done (5 sections)
      evaluation batch 2: 2 questions done (5 sections)
      security batch 1: 6 questions done (5 sections)
      security batch 2: 5 questions done (5 sections)
      discipline batch 1: 2 questions done (5 sections)
      conduct batch 1: 6 questions done (5 sections)
      conduct batch 2: 4 questions done (5 sections)
      safety batch 1: 6 questions done (5 sections)
      safety batch 2: 2 questions done (5 sections)
      pd batch 1: 3 questions done (5 sections)
[27/40] 2015-2016_Aldine_ISD_2015-16_teacher_handbook.pdf ...
      meta batch 1: 6 questions done (21 sections)
      meta batch 2: 3 questions done (21 sections)
      pay batch 1: 6 questions done (21 sections)
      pay batch 2: 6 questions done (21 sections)
      pay batch 3: 5 questions done (21 sections)
      benefits batch 1: 6 questions done (21 sections)
      benefits batch 2: 6 questions done (21 sections)
      leave batch 1: 6 questions done (21 sections)
      leave batch 2: 6 questions done (21 sections)
      leave batch 3: 1 question done (21 sections)
      workload batch 1: 6 questions done (21 sections)
      workload batch 2: 3 questions done (21 sections)
      class batch 1: 4 questions done (21 sections)
      evaluation batch 1: 6 questions done (21 sections)
      evaluation batch 2: 2 questions done (21 sections)
      security batch 1: 6 questions done (21 sections)
      security batch 2: 5 questions done (21 sections)
      discipline batch 1: 2 questions done (21 sections)
      conduct batch 1: 6 questions done (21 sections)
      conduct batch 2: 4 questions done (21 sections)
      safety batch 1: 6 questions done (21 sections)
      safety batch 2: 2 questions done (21 sections)
      pd batch 1: 3 questions done (21 sections)
[28/40] 2012-2013_Aldine_teacher_handbook_2012-13.pdf ...
      meta batch 1: 6 questions done (23 sections)
      meta batch 2: 3 questions done (23 sections)
      pay batch 1: 6 questions done (23 sections)
      pay batch 2: 6 questions done (23 sections)
      pay batch 3: 5 questions done (23 sections)
      benefits batch 1: 6 questions done (23 sections)
      benefits batch 2: 6 questions done (23 sections)
      leave batch 1: 6 questions done (23 sections)
      leave batch 2: 6 questions done (23 sections)
      leave batch 3: 1 question done (23 sections)
      workload batch 1: 6 questions done (23 sections)
      workload batch 2: 3 questions done (23 sections)
      class batch 1: 4 questions done (23 sections)
      evaluation batch 1: 6 questions done (23 sections)
      evaluation batch 2: 2 questions done (23 sections)
      security batch 1: 6 questions done (23 sections)
      security batch 2: 5 questions done (23 sections)
      discipline batch 1: 2 questions done (23 sections)
      conduct batch 1: 6 questions done (23 sections)
      conduct batch 2: 4 questions done (23 sections)
      safety batch 1: 6 questions done (23 sections)
      safety batch 2: 2 questions done (23 sections)
      pd batch 1: 3 questions done (23 sections)
[29/40] Pinellas_PCTA_CBA_Final_04_12_22-06_30_25_including_links_920344.pdf ...
      meta batch 1: 6 questions done (5 sections)
      meta batch 2: 3 questions done (5 sections)
      pay batch 1: 6 questions done (5 sections)
      pay batch 2: 6 questions done (5 sections)
      pay batch 3: 5 questions done (5 sections)
      benefits batch 1: 6 questions done (5 sections)
      benefits batch 2: 6 questions done (5 sections)
      leave batch 1: 6 questions done (5 sections)
      leave batch 2: 6 questions done (5 sections)
      leave batch 3: 1 question done (5 sections)
      workload batch 1: 6 questions done (5 sections)
      workload batch 2: 3 questions done (5 sections)
      class batch 1: 4 questions done (5 sections)
      evaluation batch 1: 6 questions done (5 sections)
      evaluation batch 2: 2 questions done (5 sections)
      security batch 1: 6 questions done (5 sections)
      security batch 2: 5 questions done (5 sections)
      discipline batch 1: 2 questions done (5 sections)
      conduct batch 1: 6 questions done (5 sections)
      conduct batch 2: 4 questions done (5 sections)
      safety batch 1: 6 questions done (5 sections)
      safety batch 2: 2 questions done (5 sections)
      pd batch 1: 3 questions done (5 sections)
[30/40] Pinellas_Agreement_-_Final_Redlined_11419(3).pdf ...
      meta batch 1: 6 questions done (7 sections)
      meta batch 2: 3 questions done (7 sections)
      pay batch 1: 6 questions done (7 sections)
      pay batch 2: 6 questions done (7 sections)
      pay batch 3: 5 questions done (7 sections)
      benefits batch 1: 6 questions done (7 sections)
      benefits batch 2: 6 questions done (7 sections)
      leave batch 1: 6 questions done (7 sections)
      leave batch 2: 6 questions done (7 sections)
      leave batch 3: 1 question done (7 sections)
      workload batch 1: 6 questions done (7 sections)
      workload batch 2: 3 questions done (7 sections)
      class batch 1: 4 questions done (7 sections)
      evaluation batch 1: 6 questions done (7 sections)
      evaluation batch 2: 2 questions done (7 sections)
      security batch 1: 6 questions done (7 sections)
      security batch 2: 5 questions done (7 sections)
      discipline batch 1: 2 questions done (7 sections)
      conduct batch 1: 6 questions done (7 sections)
      conduct batch 2: 4 questions done (7 sections)
      safety batch 1: 6 questions done (7 sections)
      safety batch 2: 2 questions done (7 sections)
      pd batch 1: 3 questions done (7 sections)
[31/40] Albuqurque_tentative_agreement_15-16.pdf ...
      meta batch 1: 6 questions done (6 sections)
      meta batch 2: 3 questions done (6 sections)
      pay batch 1: 6 questions done (6 sections)
      pay batch 2: 6 questions done (6 sections)
      pay batch 3: 5 questions done (6 sections)
      benefits batch 1: 6 questions done (6 sections)
      benefits batch 2: 6 questions done (6 sections)
      leave batch 1: 6 questions done (6 sections)
      leave batch 2: 6 questions done (6 sections)
      leave batch 3: 1 question done (6 sections)
      workload batch 1: 6 questions done (6 sections)
      workload batch 2: 3 questions done (6 sections)
      class batch 1: 4 questions done (6 sections)
      evaluation batch 1: 6 questions done (6 sections)
      evaluation batch 2: 2 questions done (6 sections)
      security batch 1: 6 questions done (6 sections)
      security batch 2: 5 questions done (6 sections)
      discipline batch 1: 2 questions done (6 sections)
      conduct batch 1: 6 questions done (6 sections)
      conduct batch 2: 4 questions done (6 sections)
      safety batch 1: 6 questions done (6 sections)
      safety batch 2: 2 questions done (6 sections)
      pd batch 1: 3 questions done (6 sections)
[32/40] Albequerque_2022-2023.pdf ...
      meta batch 1: 6 questions done (14 sections)
      meta batch 2: 3 questions done (14 sections)
      pay batch 1: 6 questions done (14 sections)
      pay batch 2: 6 questions done (14 sections)
      pay batch 3: 5 questions done (14 sections)
      benefits batch 1: 6 questions done (14 sections)
      benefits batch 2: 6 questions done (14 sections)
      leave batch 1: 6 questions done (14 sections)
      leave batch 2: 6 questions done (14 sections)
      leave batch 3: 1 question done (14 sections)
      workload batch 1: 6 questions done (14 sections)
      workload batch 2: 3 questions done (14 sections)
      class batch 1: 4 questions done (14 sections)
      evaluation batch 1: 6 questions done (14 sections)
      evaluation batch 2: 2 questions done (14 sections)
      security batch 1: 6 questions done (14 sections)
      security batch 2: 5 questions done (14 sections)
      discipline batch 1: 2 questions done (14 sections)
      conduct batch 1: 6 questions done (14 sections)
      conduct batch 2: 4 questions done (14 sections)
      safety batch 1: 6 questions done (14 sections)
      safety batch 2: 2 questions done (14 sections)
      pd batch 1: 3 questions done (14 sections)
[33/40] 2015-17xx_TA_Summary_01-24-2016[1].pdf ...
      meta batch 1: 6 questions done (2 sections)
      meta batch 2: 3 questions done (2 sections)
      pay batch 1: 6 questions done (2 sections)
      pay batch 2: 6 questions done (2 sections)
      pay batch 3: 5 questions done (2 sections)
      benefits batch 1: 6 questions done (2 sections)
      benefits batch 2: 6 questions done (2 sections)
      leave batch 1: 6 questions done (2 sections)
      leave batch 2: 6 questions done (2 sections)
      leave batch 3: 1 question done (2 sections)
      workload batch 1: 6 questions done (2 sections)
      workload batch 2: 3 questions done (2 sections)
      class batch 1: 4 questions done (2 sections)
      evaluation batch 1: 6 questions done (2 sections)
      evaluation batch 2: 2 questions done (2 sections)
      security batch 1: 6 questions done (2 sections)
      security batch 2: 5 questions done (2 sections)
      discipline batch 1: 2 questions done (2 sections)
      conduct batch 1: 6 questions done (2 sections)
      conduct batch 2: 4 questions done (2 sections)
      safety batch 1: 6 questions done (2 sections)
      safety batch 2: 2 questions done (2 sections)
      pd batch 1: 3 questions done (2 sections)
[34/40] teachers_2019-2021_final_3-15-2021_signed.pdf ...
      meta batch 1: 6 questions done (30 sections)
      meta batch 2: 3 questions done (30 sections)
      pay batch 1: 6 questions done (30 sections)
      pay batch 2: 6 questions done (30 sections)
      pay batch 3: 5 questions done (30 sections)
      benefits batch 1: 6 questions done (30 sections)
      benefits batch 2: 6 questions done (30 sections)
      leave batch 1: 6 questions done (30 sections)
      leave batch 2: 6 questions done (30 sections)
      leave batch 3: 1 question done (30 sections)
      workload batch 1: 6 questions done (30 sections)
      workload batch 2: 3 questions done (30 sections)
      class batch 1: 4 questions done (30 sections)
      evaluation batch 1: 6 questions done (30 sections)
      evaluation batch 2: 2 questions done (30 sections)
      security batch 1: 6 questions done (30 sections)
      security batch 2: 5 questions done (30 sections)
      discipline batch 1: 2 questions done (30 sections)
      conduct batch 1: 6 questions done (30 sections)
      conduct batch 2: 4 questions done (30 sections)
      safety batch 1: 6 questions done (30 sections)
      safety batch 2: 2 questions done (30 sections)
      pd batch 1: 3 questions done (30 sections)
[35/40] Fresno_2016-2019_CBA.pdf ...
      meta batch 1: 6 questions done (12 sections)
  ERROR (cannot use 'list' as a set element (unhashable type: 'list')) — document skipped, answers will be missing
[36/40] Fresno_Tentative_Agreement_2013-2016.pdf ...
      meta batch 1: 6 questions done (5 sections)
      meta batch 2: 3 questions done (5 sections)
      pay batch 1: 6 questions done (5 sections)
      pay batch 2: 6 questions done (5 sections)
      pay batch 3: 5 questions done (5 sections)
      benefits batch 1: 6 questions done (5 sections)
      benefits batch 2: 6 questions done (5 sections)
      leave batch 1: 6 questions done (5 sections)
      leave batch 2: 6 questions done (5 sections)
      leave batch 3: 1 question done (5 sections)
      workload batch 1: 6 questions done (5 sections)
      workload batch 2: 3 questions done (5 sections)
      class batch 1: 4 questions done (5 sections)
      evaluation batch 1: 6 questions done (5 sections)
      evaluation batch 2: 2 questions done (5 sections)
      security batch 1: 6 questions done (5 sections)
      security batch 2: 5 questions done (5 sections)
      discipline batch 1: 2 questions done (5 sections)
      conduct batch 1: 6 questions done (5 sections)
      conduct batch 2: 4 questions done (5 sections)
      safety batch 1: 6 questions done (5 sections)
      safety batch 2: 2 questions done (5 sections)
      pd batch 1: 3 questions done (5 sections)
[37/40] Palm_Beach_County_CTACBAJuly2011-June2014.pdf ...
      meta batch 1: 6 questions done (11 sections)
  ERROR (cannot use 'list' as a set element (unhashable type: 'list')) — document skipped, answers will be missing
[38/40] Palm_Beach_2011-2014_CBA_w_2013-2014_modifications.pdf ...
      meta batch 1: 6 questions done (13 sections)
      meta batch 2: 3 questions done (13 sections)
      pay batch 1: 6 questions done (13 sections)
      pay batch 2: 6 questions done (13 sections)
      pay batch 3: 5 questions done (13 sections)
      benefits batch 1: 6 questions done (13 sections)
      benefits batch 2: 6 questions done (13 sections)
      leave batch 1: 6 questions done (13 sections)
      leave batch 2: 6 questions done (13 sections)
      leave batch 3: 1 question done (13 sections)
      workload batch 1: 6 questions done (13 sections)
      workload batch 2: 3 questions done (13 sections)
      class batch 1: 4 questions done (13 sections)
      evaluation batch 1: 6 questions done (13 sections)
      evaluation batch 2: 2 questions done (13 sections)
      security batch 1: 6 questions done (13 sections)
      security batch 2: 5 questions done (13 sections)
      discipline batch 1: 2 questions done (13 sections)
      conduct batch 1: 6 questions done (13 sections)
      conduct batch 2: 4 questions done (13 sections)
      safety batch 1: 6 questions done (13 sections)
      safety batch 2: 2 questions done (13 sections)
      pd batch 1: 3 questions done (13 sections)
[39/40] Garland_16-17_handbook.pdf ...
      meta batch 1: 6 questions done (11 sections)
      meta batch 2 section 9/11: stage1 ERROR Error code: 503 - {'error': {'code': 'backend_request_timeout', 'message': 'Upstream request exceeded the service deadline. Please retry later or reduce request size.', 'param': None, 'type': 'server_error'}}
      meta batch 2: 3 questions done (11 sections)
      pay batch 1: 6 questions done (11 sections)
      pay batch 2: 6 questions done (11 sections)
      pay batch 3: 5 questions done (11 sections)
      benefits batch 1: 6 questions done (11 sections)
      benefits batch 2: 6 questions done (11 sections)
      leave batch 1: 6 questions done (11 sections)
      leave batch 2: 6 questions done (11 sections)
      leave batch 3: 1 question done (11 sections)
      workload batch 1: 6 questions done (11 sections)
      workload batch 2: 3 questions done (11 sections)
      class batch 1: 4 questions done (11 sections)
      evaluation batch 1: 6 questions done (11 sections)
      evaluation batch 2: 2 questions done (11 sections)
      security batch 1: 6 questions done (11 sections)
      security batch 2: 5 questions done (11 sections)
      discipline batch 1: 2 questions done (11 sections)
      conduct batch 1: 6 questions done (11 sections)
      conduct batch 2: 4 questions done (11 sections)
      safety batch 1: 6 questions done (11 sections)
      safety batch 2: 2 questions done (11 sections)
      pd batch 1: 3 questions done (11 sections)
[40/40] 2019-2020_employee_handbook.pdf ...
      meta batch 1: 6 questions done (11 sections)
      meta batch 2: 3 questions done (11 sections)
      pay batch 1: 6 questions done (11 sections)
      pay batch 2: 6 questions done (11 sections)
      pay batch 3: 5 questions done (11 sections)
      benefits batch 1: 6 questions done (11 sections)
      benefits batch 2: 6 questions done (11 sections)
      leave batch 1: 6 questions done (11 sections)
      leave batch 2: 6 questions done (11 sections)
      leave batch 3: 1 question done (11 sections)
      workload batch 1: 6 questions done (11 sections)
      workload batch 2: 3 questions done (11 sections)
      class batch 1: 4 questions done (11 sections)
      evaluation batch 1: 6 questions done (11 sections)
      evaluation batch 2: 2 questions done (11 sections)
      security batch 1: 6 questions done (11 sections)
      security batch 2: 5 questions done (11 sections)
      discipline batch 1: 2 questions done (11 sections)
      conduct batch 1: 6 questions done (11 sections)
      conduct batch 2: 4 questions done (11 sections)
      safety batch 1: 6 questions done (11 sections)
      safety batch 2: 2 questions done (11 sections)
      pd batch 1: 3 questions done (11 sections)

Writing outputs ...
  40 document rows  → /Users/camerongreene/Dropbox (Personal)/1. Barbara/contracts/contract_coding_CG/output_v2/llm_main_dataset.csv
  4240 log rows        → /Users/camerongreene/Dropbox (Personal)/1. Barbara/contracts/contract_coding_CG/output_v2/llm_coding_log.csv

Documents with errors (3):
  - UESF_Certificated_CBA_2023-2025_Executed.pdf
  - Fresno_2016-2019_CBA.pdf
  - Palm_Beach_County_CTACBAJuly2011-June2014.pdf
Re-run to retry; successful sub-batches are cached.
Reading codebook and sample ...
  106 questions | 12 categories | 23 sub-batches (max 6/batch) | 40 document(s)
[ 1/40] professional_agreement_with_gea_2020_2023.pdf ...
      meta batch 1: 6 questions done (4 sections)
      meta batch 2: 3 questions done (4 sections)
      pay batch 1: 6 questions done (4 sections)
      pay batch 2: 6 questions done (4 sections)
      pay batch 3: 5 questions done (4 sections)
      benefits batch 1: 6 questions done (4 sections)
      benefits batch 2: 6 questions done (4 sections)
      leave batch 1: 6 questions done (4 sections)
      leave batch 2: 6 questions done (4 sections)
      leave batch 3: 1 question done (4 sections)
      workload batch 1: 6 questions done (4 sections)
      workload batch 2: 3 questions done (4 sections)
      class batch 1: 4 questions done (4 sections)
      evaluation batch 1: 6 questions done (4 sections)
      evaluation batch 2: 2 questions done (4 sections)
      security batch 1: 6 questions done (4 sections)
      security batch 2: 5 questions done (4 sections)
      discipline batch 1: 2 questions done (4 sections)
      conduct batch 1: 6 questions done (4 sections)
      conduct batch 2: 4 questions done (4 sections)
      safety batch 1: 6 questions done (4 sections)
      safety batch 2: 2 questions done (4 sections)
      pd batch 1: 3 questions done (4 sections)
[ 2/40] Granite_School_DistrictTeacher_-_GSD_GEA_Professional_Agreement_2011-2014.pdf ...
      meta batch 1: 6 questions done (4 sections)
      meta batch 2: 3 questions done (4 sections)
      pay batch 1: 6 questions done (4 sections)
      pay batch 2: 6 questions done (4 sections)
      pay batch 3: 5 questions done (4 sections)
      benefits batch 1: 6 questions done (4 sections)
      benefits batch 2: 6 questions done (4 sections)
      leave batch 1: 6 questions done (4 sections)
      leave batch 2: 6 questions done (4 sections)
      leave batch 3: 1 question done (4 sections)
      workload batch 1: 6 questions done (4 sections)
      workload batch 2: 3 questions done (4 sections)
      class batch 1: 4 questions done (4 sections)
      evaluation batch 1: 6 questions done (4 sections)
      evaluation batch 2: 2 questions done (4 sections)
      security batch 1: 6 questions done (4 sections)
      security batch 2: 5 questions done (4 sections)
      discipline batch 1: 2 questions done (4 sections)
      conduct batch 1: 6 questions done (4 sections)
      conduct batch 2: 4 questions done (4 sections)
      safety batch 1: 6 questions done (4 sections)
      safety batch 2: 2 questions done (4 sections)
      pd batch 1: 3 questions done (4 sections)
[ 3/40] 95.pdf ...
      meta batch 1: 6 questions done (8 sections)
      meta batch 2: 3 questions done (8 sections)
      pay batch 1: 6 questions done (8 sections)
      pay batch 2: 6 questions done (8 sections)
      pay batch 3: 5 questions done (8 sections)
      benefits batch 1: 6 questions done (8 sections)
      benefits batch 2: 6 questions done (8 sections)
      leave batch 1: 6 questions done (8 sections)
      leave batch 2: 6 questions done (8 sections)
      leave batch 3: 1 question done (8 sections)
      workload batch 1: 6 questions done (8 sections)
      workload batch 2: 3 questions done (8 sections)
      class batch 1: 4 questions done (8 sections)
      evaluation batch 1: 6 questions done (8 sections)
      evaluation batch 2: 2 questions done (8 sections)
      security batch 1: 6 questions done (8 sections)
      security batch 2: 5 questions done (8 sections)
      discipline batch 1: 2 questions done (8 sections)
      conduct batch 1: 6 questions done (8 sections)
      conduct batch 2: 4 questions done (8 sections)
      safety batch 1: 6 questions done (8 sections)
      safety batch 2: 2 questions done (8 sections)
      pd batch 1: 3 questions done (8 sections)
[ 4/40] Santa_Ana_2016-2019_Contract.pdf ...
      meta batch 1: 6 questions done
      meta batch 2: 3 questions done
      pay batch 1: 6 questions done
      pay batch 2: 6 questions done
      pay batch 3: 5 questions done
      benefits batch 1: 6 questions done
      benefits batch 2: 6 questions done
      leave batch 1: 6 questions done
      leave batch 2: 6 questions done
      leave batch 3: 1 question done
      workload batch 1: 6 questions done
      workload batch 2: 3 questions done
      class batch 1: 4 questions done
      evaluation batch 1: 6 questions done
      evaluation batch 2: 2 questions done
      security batch 1: 6 questions done
      security batch 2: 5 questions done
      discipline batch 1: 2 questions done
      conduct batch 1: 6 questions done
      conduct batch 2: 4 questions done
      safety batch 1: 6 questions done
      safety batch 2: 2 questions done
      pd batch 1: 3 questions done
[ 5/40] birmingham_policy_manual_2011.pdf ...
      meta batch 1: 6 questions done (10 sections)
      meta batch 2: 3 questions done (10 sections)
      pay batch 1: 6 questions done (10 sections)
      pay batch 2: 6 questions done (10 sections)
      pay batch 3: 5 questions done (10 sections)
      benefits batch 1: 6 questions done (10 sections)
      benefits batch 2: 6 questions done (10 sections)
      leave batch 1: 6 questions done (10 sections)
      leave batch 2: 6 questions done (10 sections)
      leave batch 3: 1 question done (10 sections)
      workload batch 1: 6 questions done (10 sections)
      workload batch 2: 3 questions done (10 sections)
      class batch 1: 4 questions done (10 sections)
      evaluation batch 1: 6 questions done (10 sections)
      evaluation batch 2: 2 questions done (10 sections)
      security batch 1: 6 questions done (10 sections)
      security batch 2: 5 questions done (10 sections)
      discipline batch 1: 2 questions done (10 sections)
      conduct batch 1: 6 questions done (10 sections)
      conduct batch 2: 4 questions done (10 sections)
      safety batch 1: 6 questions done (10 sections)
      safety batch 2: 2 questions done (10 sections)
      pd batch 1: 3 questions done (10 sections)
[ 6/40] Birmingham_Policy_Manual_updated_6_2012.pdf ...
      meta batch 1: 6 questions done
      meta batch 2: 3 questions done
      pay batch 1: 6 questions done
      pay batch 2: 6 questions done
      pay batch 3: 5 questions done
      benefits batch 1: 6 questions done
      benefits batch 2: 6 questions done
      leave batch 1: 6 questions done
      leave batch 2: 6 questions done
      leave batch 3: 1 question done
      workload batch 1: 6 questions done
      workload batch 2: 3 questions done
      class batch 1: 4 questions done
      evaluation batch 1: 6 questions done
      evaluation batch 2: 2 questions done
      security batch 1: 6 questions done
      security batch 2: 5 questions done
      discipline batch 1: 2 questions done
      conduct batch 1: 6 questions done
      conduct batch 2: 4 questions done
      safety batch 1: 6 questions done
      safety batch 2: 2 questions done
      pd batch 1: 3 questions done
[ 7/40] X_DCPS_2017_-_2019_tentative.pdf ...
      meta batch 1: 6 questions done (8 sections)
      meta batch 2: 3 questions done (8 sections)
      pay batch 1: 6 questions done (8 sections)
      pay batch 2: 6 questions done (8 sections)
      pay batch 3: 5 questions done (8 sections)
      benefits batch 1: 6 questions done (8 sections)
      benefits batch 2: 6 questions done (8 sections)
      leave batch 1: 6 questions done (8 sections)
      leave batch 2: 6 questions done (8 sections)
      leave batch 3: 1 question done (8 sections)
      workload batch 1: 6 questions done (8 sections)
      workload batch 2: 3 questions done (8 sections)
      class batch 1: 4 questions done (8 sections)
      evaluation batch 1: 6 questions done (8 sections)
      evaluation batch 2: 2 questions done (8 sections)
      security batch 1: 6 questions done (8 sections)
      security batch 2: 5 questions done (8 sections)
      discipline batch 1: 2 questions done (8 sections)
      conduct batch 1: 6 questions done (8 sections)
      conduct batch 2: 4 questions done (8 sections)
      safety batch 1: 6 questions done (8 sections)
      safety batch 2: 2 questions done (8 sections)
      pd batch 1: 3 questions done (8 sections)
[ 8/40] DCPS_WTU_CBA_2023-2028.pdf ...
      meta batch 1: 6 questions done (9 sections)
      meta batch 2: 3 questions done (9 sections)
      pay batch 1: 6 questions done (9 sections)
      pay batch 2: 6 questions done (9 sections)
      pay batch 3: 5 questions done (9 sections)
      benefits batch 1: 6 questions done (9 sections)
      benefits batch 2: 6 questions done (9 sections)
      leave batch 1: 6 questions done (9 sections)
      leave batch 2: 6 questions done (9 sections)
      leave batch 3: 1 question done (9 sections)
      workload batch 1: 6 questions done (9 sections)
      workload batch 2: 3 questions done (9 sections)
      class batch 1: 4 questions done (9 sections)
      evaluation batch 1: 6 questions done (9 sections)
      evaluation batch 2: 2 questions done (9 sections)
      security batch 1: 6 questions done (9 sections)
      security batch 2: 5 questions done (9 sections)
      discipline batch 1: 2 questions done (9 sections)
      conduct batch 1: 6 questions done (9 sections)
      conduct batch 2: 4 questions done (9 sections)
      safety batch 1: 6 questions done (9 sections)
      safety batch 2: 2 questions done (9 sections)
      pd batch 1: 3 questions done (9 sections)
[ 9/40] Osceola_County_2021-22_and_2022-23_Instructional_Employees_Contract_110221.pdf ...
      meta batch 1: 6 questions done (7 sections)
      meta batch 2: 3 questions done (7 sections)
      pay batch 1: 6 questions done (7 sections)
      pay batch 2: 6 questions done (7 sections)
      pay batch 3: 5 questions done (7 sections)
      benefits batch 1: 6 questions done (7 sections)
      benefits batch 2: 6 questions done (7 sections)
      leave batch 1: 6 questions done (7 sections)
      leave batch 2: 6 questions done (7 sections)
      leave batch 3: 1 question done (7 sections)
      workload batch 1: 6 questions done (7 sections)
      workload batch 2: 3 questions done (7 sections)
      class batch 1: 4 questions done (7 sections)
      evaluation batch 1: 6 questions done (7 sections)
      evaluation batch 2: 2 questions done (7 sections)
      security batch 1: 6 questions done (7 sections)
      security batch 2: 5 questions done (7 sections)
      discipline batch 1: 2 questions done (7 sections)
      conduct batch 1: 6 questions done (7 sections)
      conduct batch 2: 4 questions done (7 sections)
      safety batch 1: 6 questions done (7 sections)
      safety batch 2: 2 questions done (7 sections)
      pd batch 1: 3 questions done (7 sections)
[10/40] Osceola_2018-19_INSTRUCTIONAL_EMPLOYEES__CONTRACT_082918.pdf ...
      meta batch 1: 6 questions done (7 sections)
      meta batch 2: 3 questions done (7 sections)
      pay batch 1: 6 questions done (7 sections)
      pay batch 2: 6 questions done (7 sections)
      pay batch 3: 5 questions done (7 sections)
      benefits batch 1: 6 questions done (7 sections)
      benefits batch 2: 6 questions done (7 sections)
      leave batch 1: 6 questions done (7 sections)
      leave batch 2: 6 questions done (7 sections)
      leave batch 3: 1 question done (7 sections)
      workload batch 1: 6 questions done (7 sections)
      workload batch 2: 3 questions done (7 sections)
      class batch 1: 4 questions done (7 sections)
      evaluation batch 1: 6 questions done (7 sections)
      evaluation batch 2: 2 questions done (7 sections)
      security batch 1: 6 questions done (7 sections)
      security batch 2: 5 questions done (7 sections)
      discipline batch 1: 2 questions done (7 sections)
      conduct batch 1: 6 questions done (7 sections)
      conduct batch 2: 4 questions done (7 sections)
      safety batch 1: 6 questions done (7 sections)
      safety batch 2: 2 questions done (7 sections)
      pd batch 1: 3 questions done (7 sections)
[11/40] V2-Flyer-Contract-Settlement-Highlights_for-contract-vote.pdf ...
      meta batch 1: 6 questions done
      meta batch 2: 3 questions done
      pay batch 1: 6 questions done
      pay batch 2: 6 questions done
      pay batch 3: 5 questions done
      benefits batch 1: 6 questions done
      benefits batch 2: 6 questions done
      leave batch 1: 6 questions done
      leave batch 2: 6 questions done
      leave batch 3: 1 question done
      workload batch 1: 6 questions done
      workload batch 2: 3 questions done
      class batch 1: 4 questions done
      evaluation batch 1: 6 questions done
      evaluation batch 2: 2 questions done
      security batch 1: 6 questions done
      security batch 2: 5 questions done
      discipline batch 1: 2 questions done
      conduct batch 1: 6 questions done
      conduct batch 2: 4 questions done
      safety batch 1: 6 questions done
      safety batch 2: 2 questions done
      pd batch 1: 3 questions done
[12/40] Montgomery_11-14.pdf ...
      meta batch 1: 6 questions done (16 sections)
      meta batch 2: 3 questions done (16 sections)
      pay batch 1: 6 questions done (16 sections)
      pay batch 2: 6 questions done (16 sections)
      pay batch 3: 5 questions done (16 sections)
      benefits batch 1: 6 questions done (16 sections)
      benefits batch 2: 6 questions done (16 sections)
      leave batch 1: 6 questions done (16 sections)
      leave batch 2: 6 questions done (16 sections)
      leave batch 3: 1 question done (16 sections)
      workload batch 1: 6 questions done (16 sections)
      workload batch 2: 3 questions done (16 sections)
      class batch 1: 4 questions done (16 sections)
      evaluation batch 1: 6 questions done (16 sections)
      evaluation batch 2: 2 questions done (16 sections)
      security batch 1: 6 questions done (16 sections)
      security batch 2: 5 questions done (16 sections)
      discipline batch 1: 2 questions done (16 sections)
      conduct batch 1: 6 questions done (16 sections)
      conduct batch 2: 4 questions done (16 sections)
      safety batch 1: 6 questions done (16 sections)
      safety batch 2: 2 questions done (16 sections)
      pd batch 1: 3 questions done (16 sections)
[13/40] 14-05.pdf ...
      meta batch 1: 6 questions done (8 sections)
      meta batch 2: 3 questions done (8 sections)
      pay batch 1: 6 questions done (8 sections)
      pay batch 2: 6 questions done (8 sections)
      pay batch 3: 5 questions done (8 sections)
      benefits batch 1: 6 questions done (8 sections)
      benefits batch 2: 6 questions done (8 sections)
      leave batch 1: 6 questions done (8 sections)
      leave batch 2: 6 questions done (8 sections)
      leave batch 3: 1 question done (8 sections)
      workload batch 1: 6 questions done (8 sections)
      workload batch 2: 3 questions done (8 sections)
      class batch 1: 4 questions done (8 sections)
      evaluation batch 1: 6 questions done (8 sections)
      evaluation batch 2: 2 questions done (8 sections)
      security batch 1: 6 questions done (8 sections)
      security batch 2: 5 questions done (8 sections)
      discipline batch 1: 2 questions done (8 sections)
      conduct batch 1: 6 questions done (8 sections)
      conduct batch 2: 4 questions done (8 sections)
      safety batch 1: 6 questions done (8 sections)
      safety batch 2: 2 questions done (8 sections)
      pd batch 1: 3 questions done (8 sections)
[14/40] 14.pdf ...
      meta batch 1: 6 questions done (9 sections)
      meta batch 2: 3 questions done (9 sections)
      pay batch 1: 6 questions done (9 sections)
      pay batch 2: 6 questions done (9 sections)
      pay batch 3: 5 questions done (9 sections)
      benefits batch 1: 6 questions done (9 sections)
      benefits batch 2: 6 questions done (9 sections)
      leave batch 1: 6 questions done (9 sections)
      leave batch 2: 6 questions done (9 sections)
      leave batch 3: 1 question done (9 sections)
      workload batch 1: 6 questions done (9 sections)
      workload batch 2: 3 questions done (9 sections)
      class batch 1: 4 questions done (9 sections)
      evaluation batch 1: 6 questions done (9 sections)
      evaluation batch 2: 2 questions done (9 sections)
      security batch 1: 6 questions done (9 sections)
      security batch 2: 5 questions done (9 sections)
      discipline batch 1: 2 questions done (9 sections)
      conduct batch 1: 6 questions done (9 sections)
      conduct batch 2: 4 questions done (9 sections)
      safety batch 1: 6 questions done (9 sections)
      safety batch 2: 2 questions done (9 sections)
      pd batch 1: 3 questions done (9 sections)
[15/40] Employee_HAndbook2012-2013.pdf ...
      meta batch 1: 6 questions done (3 sections)
      meta batch 2: 3 questions done (3 sections)
      pay batch 1: 6 questions done (3 sections)
      pay batch 2: 6 questions done (3 sections)
      pay batch 3: 5 questions done (3 sections)
      benefits batch 1: 6 questions done (3 sections)
      benefits batch 2: 6 questions done (3 sections)
      leave batch 1: 6 questions done (3 sections)
      leave batch 2: 6 questions done (3 sections)
      leave batch 3: 1 question done (3 sections)
      workload batch 1: 6 questions done (3 sections)
      workload batch 2: 3 questions done (3 sections)
      class batch 1: 4 questions done (3 sections)
      evaluation batch 1: 6 questions done (3 sections)
      evaluation batch 2: 2 questions done (3 sections)
      security batch 1: 6 questions done (3 sections)
      security batch 2: 5 questions done (3 sections)
      discipline batch 1: 2 questions done (3 sections)
      conduct batch 1: 6 questions done (3 sections)
      conduct batch 2: 4 questions done (3 sections)
      safety batch 1: 6 questions done (3 sections)
      safety batch 2: 2 questions done (3 sections)
      pd batch 1: 3 questions done (3 sections)
[16/40] Model_employee_handbook_2013-2014_(2)_(1).pdf ...
      meta batch 1: 6 questions done (5 sections)
      meta batch 2: 3 questions done (5 sections)
      pay batch 1: 6 questions done (5 sections)
      pay batch 2: 6 questions done (5 sections)
      pay batch 3: 5 questions done (5 sections)
      benefits batch 1: 6 questions done (5 sections)
      benefits batch 2: 6 questions done (5 sections)
      leave batch 1: 6 questions done (5 sections)
      leave batch 2: 6 questions done (5 sections)
      leave batch 3: 1 question done (5 sections)
      workload batch 1: 6 questions done (5 sections)
      workload batch 2: 3 questions done (5 sections)
      class batch 1: 4 questions done (5 sections)
      evaluation batch 1: 6 questions done (5 sections)
      evaluation batch 2: 2 questions done (5 sections)
      security batch 1: 6 questions done (5 sections)
      security batch 2: 5 questions done (5 sections)
      discipline batch 1: 2 questions done (5 sections)
      conduct batch 1: 6 questions done (5 sections)
      conduct batch 2: 4 questions done (5 sections)
      safety batch 1: 6 questions done (5 sections)
      safety batch 2: 2 questions done (5 sections)
      pd batch 1: 3 questions done (5 sections)
[17/40] 84.pdf ...
      meta batch 1: 6 questions done (3 sections)
      meta batch 2: 3 questions done (3 sections)
      pay batch 1: 6 questions done (3 sections)
      pay batch 2: 6 questions done (3 sections)
      pay batch 3: 5 questions done (3 sections)
      benefits batch 1: 6 questions done (3 sections)
      benefits batch 2: 6 questions done (3 sections)
      leave batch 1: 6 questions done (3 sections)
      leave batch 2: 6 questions done (3 sections)
      leave batch 3: 1 question done (3 sections)
      workload batch 1: 6 questions done (3 sections)
      workload batch 2: 3 questions done (3 sections)
      class batch 1: 4 questions done (3 sections)
      evaluation batch 1: 6 questions done (3 sections)
      evaluation batch 2: 2 questions done (3 sections)
      security batch 1: 6 questions done (3 sections)
      security batch 2: 5 questions done (3 sections)
      discipline batch 1: 2 questions done (3 sections)
      conduct batch 1: 6 questions done (3 sections)
      conduct batch 2: 4 questions done (3 sections)
      safety batch 1: 6 questions done (3 sections)
      safety batch 2: 2 questions done (3 sections)
      pd batch 1: 3 questions done (3 sections)
[18/40] Wes_Ada_Agreement_2022-2023.pdf ...
      meta batch 1: 6 questions done
      meta batch 2: 3 questions done
      pay batch 1: 6 questions done
      pay batch 2: 6 questions done
      pay batch 3: 5 questions done
      benefits batch 1: 6 questions done
      benefits batch 2: 6 questions done
      leave batch 1: 6 questions done
      leave batch 2: 6 questions done
      leave batch 3: 1 question done
      workload batch 1: 6 questions done
      workload batch 2: 3 questions done
      class batch 1: 4 questions done
      evaluation batch 1: 6 questions done
      evaluation batch 2: 2 questions done
      security batch 1: 6 questions done
      security batch 2: 5 questions done
      discipline batch 1: 2 questions done
      conduct batch 1: 6 questions done
      conduct batch 2: 4 questions done
      safety batch 1: 6 questions done
      safety batch 2: 2 questions done
      pd batch 1: 3 questions done
[19/40] Cincinnati__2017_TA_CPS__CFT.pdf ...
      meta batch 1: 6 questions done
      meta batch 2: 3 questions done
      pay batch 1: 6 questions done
      pay batch 2: 6 questions done
      pay batch 3: 5 questions done
      benefits batch 1: 6 questions done
      benefits batch 2: 6 questions done
      leave batch 1: 6 questions done
      leave batch 2: 6 questions done
      leave batch 3: 1 question done
      workload batch 1: 6 questions done
      workload batch 2: 3 questions done
      class batch 1: 4 questions done
      evaluation batch 1: 6 questions done
      evaluation batch 2: 2 questions done
      security batch 1: 6 questions done
      security batch 2: 5 questions done
      discipline batch 1: 2 questions done
      conduct batch 1: 6 questions done
      conduct batch 2: 4 questions done
      safety batch 1: 6 questions done
      safety batch 2: 2 questions done
      pd batch 1: 3 questions done
[20/40] Cincinnati_0709.pdf ...
      meta batch 1: 6 questions done (10 sections)
      meta batch 2: 3 questions done (10 sections)
      pay batch 1: 6 questions done (10 sections)
      pay batch 2: 6 questions done (10 sections)
      pay batch 3: 5 questions done (10 sections)
      benefits batch 1: 6 questions done (10 sections)
      benefits batch 2: 6 questions done (10 sections)
      leave batch 1: 6 questions done (10 sections)
      leave batch 2: 6 questions done (10 sections)
      leave batch 3: 1 question done (10 sections)
      workload batch 1: 6 questions done (10 sections)
      workload batch 2: 3 questions done (10 sections)
      class batch 1: 4 questions done (10 sections)
      evaluation batch 1: 6 questions done (10 sections)
      evaluation batch 2: 2 questions done (10 sections)
      security batch 1: 6 questions done (10 sections)
      security batch 2: 5 questions done (10 sections)
      discipline batch 1: 2 questions done (10 sections)
      conduct batch 1: 6 questions done (10 sections)
      conduct batch 2: 4 questions done (10 sections)
      safety batch 1: 6 questions done (10 sections)
      safety batch 2: 2 questions done (10 sections)
      pd batch 1: 3 questions done (10 sections)
[21/40] UESF_Certificated_CBA_2023-2025_Executed.pdf ...
      meta batch 1: 6 questions done (15 sections)
      meta batch 2: 3 questions done (15 sections)
      pay batch 1: 6 questions done (15 sections)
      pay batch 2: 6 questions done (15 sections)
      pay batch 3: 5 questions done (15 sections)
      benefits batch 1: 6 questions done (15 sections)
      benefits batch 2: 6 questions done (15 sections)
      leave batch 1: 6 questions done (15 sections)
      leave batch 2: 6 questions done (15 sections)
      leave batch 3: 1 question done (15 sections)
      workload batch 1: 6 questions done (15 sections)
      workload batch 2: 3 questions done (15 sections)
      class batch 1: 4 questions done (15 sections)
      evaluation batch 1: 6 questions done (15 sections)
      evaluation batch 2: 2 questions done (15 sections)
      security batch 1: 6 questions done (15 sections)
      security batch 2: 5 questions done (15 sections)
      discipline batch 1: 2 questions done (15 sections)
      conduct batch 1 section 13/15: stage1 ERROR Error code: 429 - {'error': {'code': 'rate_limit_exceeded', 'message': 'Large request capacity is currently full. Lower max_tokens, disable structured/thinking mode, or retry later.', 'param': None, 'type': 'rate_limit_error'}}
      conduct batch 1 section 14/15: stage1 ERROR Error code: 429 - {'error': {'code': 'rate_limit_exceeded', 'message': 'Large request capacity is currently full. Lower max_tokens, disable structured/thinking mode, or retry later.', 'param': None, 'type': 'rate_limit_error'}}
      conduct batch 1 section 15/15: stage1 ERROR Error code: 429 - {'error': {'code': 'rate_limit_exceeded', 'message': 'Large request capacity is currently full. Lower max_tokens, disable structured/thinking mode, or retry later.', 'param': None, 'type': 'rate_limit_error'}}
      conduct batch 1: stage2 ERROR Error code: 429 - {'error': {'code': 'rate_limit_exceeded', 'message': 'Large request capacity is currently full. Lower max_tokens, disable structured/thinking mode, or retry later.', 'param': None, 'type': 'rate_limit_error'}} — using stage 1 result
      conduct batch 1: 6 questions done (15 sections)
      conduct batch 2 section 1/15: stage1 ERROR Error code: 429 - {'error': {'code': 'rate_limit_exceeded', 'message': 'Large request capacity is currently full. Lower max_tokens, disable structured/thinking mode, or retry later.', 'param': None, 'type': 'rate_limit_error'}}
      conduct batch 2 section 2/15: stage1 ERROR Error code: 429 - {'error': {'code': 'rate_limit_exceeded', 'message': 'Large request capacity is currently full. Lower max_tokens, disable structured/thinking mode, or retry later.', 'param': None, 'type': 'rate_limit_error'}}
      conduct batch 2 section 3/15: stage1 ERROR Error code: 429 - {'error': {'code': 'rate_limit_exceeded', 'message': 'Large request capacity is currently full. Lower max_tokens, disable structured/thinking mode, or retry later.', 'param': None, 'type': 'rate_limit_error'}}
      conduct batch 2: 4 questions done (15 sections)
      safety batch 1 section 9/15: stage1 ERROR Error code: 429 - {'error': {'code': 'rate_limit_exceeded', 'message': 'Large request capacity is currently full. Lower max_tokens, disable structured/thinking mode, or retry later.', 'param': None, 'type': 'rate_limit_error'}}
      safety batch 1 section 10/15: stage1 ERROR Error code: 429 - {'error': {'code': 'rate_limit_exceeded', 'message': 'Large request capacity is currently full. Lower max_tokens, disable structured/thinking mode, or retry later.', 'param': None, 'type': 'rate_limit_error'}}
      safety batch 1 section 11/15: stage1 ERROR Error code: 429 - {'error': {'code': 'rate_limit_exceeded', 'message': 'Large request capacity is currently full. Lower max_tokens, disable structured/thinking mode, or retry later.', 'param': None, 'type': 'rate_limit_error'}}
      safety batch 1 section 12/15: stage1 ERROR Error code: 429 - {'error': {'code': 'rate_limit_exceeded', 'message': 'Large request capacity is currently full. Lower max_tokens, disable structured/thinking mode, or retry later.', 'param': None, 'type': 'rate_limit_error'}}
      safety batch 1 section 13/15: stage1 ERROR Error code: 429 - {'error': {'code': 'rate_limit_exceeded', 'message': 'Large request capacity is currently full. Lower max_tokens, disable structured/thinking mode, or retry later.', 'param': None, 'type': 'rate_limit_error'}}
      safety batch 1 section 14/15: stage1 ERROR Error code: 429 - {'error': {'code': 'rate_limit_exceeded', 'message': 'Large request capacity is currently full. Lower max_tokens, disable structured/thinking mode, or retry later.', 'param': None, 'type': 'rate_limit_error'}}
      safety batch 1: 6 questions done (15 sections)
      safety batch 2 section 5/15: stage1 ERROR Error code: 429 - {'error': {'code': 'rate_limit_exceeded', 'message': 'Large request capacity is currently full. Lower max_tokens, disable structured/thinking mode, or retry later.', 'param': None, 'type': 'rate_limit_error'}}
      safety batch 2 section 8/15: stage1 ERROR Error code: 429 - {'error': {'code': 'rate_limit_exceeded', 'message': 'Large request capacity is currently full. Lower max_tokens, disable structured/thinking mode, or retry later.', 'param': None, 'type': 'rate_limit_error'}}
      safety batch 2 section 9/15: stage1 ERROR Error code: 429 - {'error': {'code': 'rate_limit_exceeded', 'message': 'Large request capacity is currently full. Lower max_tokens, disable structured/thinking mode, or retry later.', 'param': None, 'type': 'rate_limit_error'}}
      safety batch 2: 2 questions done (15 sections)
      pd batch 1 section 7/15: stage1 ERROR Error code: 429 - {'error': {'code': 'rate_limit_exceeded', 'message': 'Large request capacity is currently full. Lower max_tokens, disable structured/thinking mode, or retry later.', 'param': None, 'type': 'rate_limit_error'}}
      pd batch 1 section 8/15: stage1 ERROR Error code: 429 - {'error': {'code': 'rate_limit_exceeded', 'message': 'Large request capacity is currently full. Lower max_tokens, disable structured/thinking mode, or retry later.', 'param': None, 'type': 'rate_limit_error'}}
      pd batch 1 section 9/15: stage1 ERROR Error code: 429 - {'error': {'code': 'rate_limit_exceeded', 'message': 'Large request capacity is currently full. Lower max_tokens, disable structured/thinking mode, or retry later.', 'param': None, 'type': 'rate_limit_error'}}
      pd batch 1 section 10/15: stage1 ERROR Error code: 429 - {'error': {'code': 'rate_limit_exceeded', 'message': 'Large request capacity is currently full. Lower max_tokens, disable structured/thinking mode, or retry later.', 'param': None, 'type': 'rate_limit_error'}}
      pd batch 1 section 14/15: stage1 ERROR Error code: 429 - {'error': {'code': 'rate_limit_exceeded', 'message': 'Large request capacity is currently full. Lower max_tokens, disable structured/thinking mode, or retry later.', 'param': None, 'type': 'rate_limit_error'}}
      pd batch 1 section 15/15: stage1 ERROR Error code: 429 - {'error': {'code': 'rate_limit_exceeded', 'message': 'Large request capacity is currently full. Lower max_tokens, disable structured/thinking mode, or retry later.', 'param': None, 'type': 'rate_limit_error'}}
      pd batch 1: 3 questions done (15 sections)
[22/40] 94.pdf ...
      meta batch 1: 6 questions done (13 sections)
      meta batch 2: 3 questions done (13 sections)
      pay batch 1: 6 questions done (13 sections)
      pay batch 2: 6 questions done (13 sections)
      pay batch 3: 5 questions done (13 sections)
      benefits batch 1: 6 questions done (13 sections)
      benefits batch 2: 6 questions done (13 sections)
      leave batch 1: 6 questions done (13 sections)
      leave batch 2: 6 questions done (13 sections)
      leave batch 3: 1 question done (13 sections)
      workload batch 1: 6 questions done (13 sections)
      workload batch 2: 3 questions done (13 sections)
      class batch 1: 4 questions done (13 sections)
      evaluation batch 1: 6 questions done (13 sections)
      evaluation batch 2: 2 questions done (13 sections)
      security batch 1: 6 questions done (13 sections)
      security batch 2: 5 questions done (13 sections)
      discipline batch 1: 2 questions done (13 sections)
      conduct batch 1: 6 questions done (13 sections)
      conduct batch 2: 4 questions done (13 sections)
      safety batch 1: 6 questions done (13 sections)
      safety batch 2: 2 questions done (13 sections)
      pd batch 1: 3 questions done (13 sections)
[23/40] 80-07.pdf ...
      meta batch 1: 6 questions done (3 sections)
      meta batch 2: 3 questions done (3 sections)
      pay batch 1: 6 questions done (3 sections)
      pay batch 2: 6 questions done (3 sections)
      pay batch 3: 5 questions done (3 sections)
      benefits batch 1: 6 questions done (3 sections)
      benefits batch 2: 6 questions done (3 sections)
      leave batch 1: 6 questions done (3 sections)
      leave batch 2: 6 questions done (3 sections)
      leave batch 3: 1 question done (3 sections)
      workload batch 1: 6 questions done (3 sections)
      workload batch 2: 3 questions done (3 sections)
      class batch 1: 4 questions done (3 sections)
      evaluation batch 1: 6 questions done (3 sections)
      evaluation batch 2: 2 questions done (3 sections)
      security batch 1: 6 questions done (3 sections)
      security batch 2: 5 questions done (3 sections)
      discipline batch 1: 2 questions done (3 sections)
      conduct batch 1: 6 questions done (3 sections)
      conduct batch 2: 4 questions done (3 sections)
      safety batch 1: 6 questions done (3 sections)
      safety batch 2: 2 questions done (3 sections)
      pd batch 1: 3 questions done (3 sections)
[24/40] Indianapolis_IEA_Agreement_2006_-_2007.pdf ...
      meta batch 1: 6 questions done
      meta batch 2: 3 questions done
      pay batch 1: 6 questions done
      pay batch 2: 6 questions done
      pay batch 3: 5 questions done
      benefits batch 1: 6 questions done
      benefits batch 2: 6 questions done
      leave batch 1: 6 questions done
      leave batch 2: 6 questions done
      leave batch 3: 1 question done
      workload batch 1: 6 questions done
      workload batch 2: 3 questions done
      class batch 1: 4 questions done
      evaluation batch 1: 6 questions done
      evaluation batch 2: 2 questions done
      security batch 1: 6 questions done
      security batch 2: 5 questions done
      discipline batch 1: 2 questions done
      conduct batch 1: 6 questions done
      conduct batch 2: 4 questions done
      safety batch 1: 6 questions done
      safety batch 2: 2 questions done
      pd batch 1: 3 questions done
[25/40] aft_cert_cba_7_14_17_final_for_posting_on_web.pdf ...
      meta batch 1: 6 questions done (4 sections)
      meta batch 2: 3 questions done (4 sections)
      pay batch 1: 6 questions done (4 sections)
      pay batch 2: 6 questions done (4 sections)
      pay batch 3: 5 questions done (4 sections)
      benefits batch 1: 6 questions done (4 sections)
      benefits batch 2: 6 questions done (4 sections)
      leave batch 1: 6 questions done (4 sections)
      leave batch 2: 6 questions done (4 sections)
      leave batch 3: 1 question done (4 sections)
      workload batch 1: 6 questions done (4 sections)
      workload batch 2: 3 questions done (4 sections)
      class batch 1: 4 questions done (4 sections)
      evaluation batch 1: 6 questions done (4 sections)
      evaluation batch 2: 2 questions done (4 sections)
      security batch 1: 6 questions done (4 sections)
      security batch 2: 5 questions done (4 sections)
      discipline batch 1: 2 questions done (4 sections)
      conduct batch 1: 6 questions done (4 sections)
      conduct batch 2: 4 questions done (4 sections)
      safety batch 1: 6 questions done (4 sections)
      safety batch 2: 2 questions done (4 sections)
      pd batch 1: 3 questions done (4 sections)
[26/40] KC_AFT_CERTIFED_CBA-_FINAL_DRAFT_2023-2026.pdf ...
      meta batch 1: 6 questions done (5 sections)
      meta batch 2: 3 questions done (5 sections)
      pay batch 1: 6 questions done (5 sections)
      pay batch 2: 6 questions done (5 sections)
      pay batch 3: 5 questions done (5 sections)
      benefits batch 1: 6 questions done (5 sections)
      benefits batch 2: 6 questions done (5 sections)
      leave batch 1: 6 questions done (5 sections)
      leave batch 2: 6 questions done (5 sections)
      leave batch 3: 1 question done (5 sections)
      workload batch 1: 6 questions done (5 sections)
      workload batch 2: 3 questions done (5 sections)
      class batch 1: 4 questions done (5 sections)
      evaluation batch 1: 6 questions done (5 sections)
      evaluation batch 2: 2 questions done (5 sections)
      security batch 1: 6 questions done (5 sections)
      security batch 2: 5 questions done (5 sections)
      discipline batch 1: 2 questions done (5 sections)
      conduct batch 1: 6 questions done (5 sections)
      conduct batch 2: 4 questions done (5 sections)
      safety batch 1: 6 questions done (5 sections)
      safety batch 2: 2 questions done (5 sections)
      pd batch 1: 3 questions done (5 sections)
[27/40] 2015-2016_Aldine_ISD_2015-16_teacher_handbook.pdf ...
      meta batch 1: 6 questions done (21 sections)
      meta batch 2: 3 questions done (21 sections)
      pay batch 1: 6 questions done (21 sections)
      pay batch 2: 6 questions done (21 sections)
      pay batch 3: 5 questions done (21 sections)
      benefits batch 1: 6 questions done (21 sections)
      benefits batch 2: 6 questions done (21 sections)
      leave batch 1: 6 questions done (21 sections)
      leave batch 2: 6 questions done (21 sections)
      leave batch 3: 1 question done (21 sections)
      workload batch 1: 6 questions done (21 sections)
      workload batch 2: 3 questions done (21 sections)
      class batch 1: 4 questions done (21 sections)
      evaluation batch 1: 6 questions done (21 sections)
      evaluation batch 2: 2 questions done (21 sections)
      security batch 1: 6 questions done (21 sections)
      security batch 2: 5 questions done (21 sections)
      discipline batch 1: 2 questions done (21 sections)
      conduct batch 1: 6 questions done (21 sections)
      conduct batch 2: 4 questions done (21 sections)
      safety batch 1: 6 questions done (21 sections)
      safety batch 2: 2 questions done (21 sections)
      pd batch 1: 3 questions done (21 sections)
[28/40] 2012-2013_Aldine_teacher_handbook_2012-13.pdf ...
      meta batch 1: 6 questions done (23 sections)
      meta batch 2: 3 questions done (23 sections)
      pay batch 1: 6 questions done (23 sections)
      pay batch 2: 6 questions done (23 sections)
      pay batch 3: 5 questions done (23 sections)
      benefits batch 1: 6 questions done (23 sections)
      benefits batch 2: 6 questions done (23 sections)
      leave batch 1: 6 questions done (23 sections)
      leave batch 2: 6 questions done (23 sections)
      leave batch 3: 1 question done (23 sections)
      workload batch 1: 6 questions done (23 sections)
      workload batch 2: 3 questions done (23 sections)
      class batch 1: 4 questions done (23 sections)
      evaluation batch 1: 6 questions done (23 sections)
      evaluation batch 2: 2 questions done (23 sections)
      security batch 1: 6 questions done (23 sections)
      security batch 2: 5 questions done (23 sections)
      discipline batch 1: 2 questions done (23 sections)
      conduct batch 1: 6 questions done (23 sections)
      conduct batch 2: 4 questions done (23 sections)
      safety batch 1: 6 questions done (23 sections)
      safety batch 2: 2 questions done (23 sections)
      pd batch 1: 3 questions done (23 sections)
[29/40] Pinellas_PCTA_CBA_Final_04_12_22-06_30_25_including_links_920344.pdf ...
      meta batch 1: 6 questions done (5 sections)
      meta batch 2: 3 questions done (5 sections)
      pay batch 1: 6 questions done (5 sections)
      pay batch 2: 6 questions done (5 sections)
      pay batch 3: 5 questions done (5 sections)
      benefits batch 1: 6 questions done (5 sections)
      benefits batch 2: 6 questions done (5 sections)
      leave batch 1: 6 questions done (5 sections)
      leave batch 2: 6 questions done (5 sections)
      leave batch 3: 1 question done (5 sections)
      workload batch 1: 6 questions done (5 sections)
      workload batch 2: 3 questions done (5 sections)
      class batch 1: 4 questions done (5 sections)
      evaluation batch 1: 6 questions done (5 sections)
      evaluation batch 2: 2 questions done (5 sections)
      security batch 1: 6 questions done (5 sections)
      security batch 2: 5 questions done (5 sections)
      discipline batch 1: 2 questions done (5 sections)
      conduct batch 1: 6 questions done (5 sections)
      conduct batch 2: 4 questions done (5 sections)
      safety batch 1: 6 questions done (5 sections)
      safety batch 2: 2 questions done (5 sections)
      pd batch 1: 3 questions done (5 sections)
[30/40] Pinellas_Agreement_-_Final_Redlined_11419(3).pdf ...
      meta batch 1: 6 questions done (7 sections)
      meta batch 2: 3 questions done (7 sections)
      pay batch 1: 6 questions done (7 sections)
      pay batch 2: 6 questions done (7 sections)
      pay batch 3: 5 questions done (7 sections)
      benefits batch 1: 6 questions done (7 sections)
      benefits batch 2: 6 questions done (7 sections)
      leave batch 1: 6 questions done (7 sections)
      leave batch 2: 6 questions done (7 sections)
      leave batch 3: 1 question done (7 sections)
      workload batch 1: 6 questions done (7 sections)
      workload batch 2: 3 questions done (7 sections)
      class batch 1: 4 questions done (7 sections)
      evaluation batch 1: 6 questions done (7 sections)
      evaluation batch 2: 2 questions done (7 sections)
      security batch 1: 6 questions done (7 sections)
      security batch 2: 5 questions done (7 sections)
      discipline batch 1: 2 questions done (7 sections)
      conduct batch 1: 6 questions done (7 sections)
      conduct batch 2: 4 questions done (7 sections)
      safety batch 1: 6 questions done (7 sections)
      safety batch 2: 2 questions done (7 sections)
      pd batch 1: 3 questions done (7 sections)
[31/40] Albuqurque_tentative_agreement_15-16.pdf ...
      meta batch 1: 6 questions done (6 sections)
      meta batch 2: 3 questions done (6 sections)
      pay batch 1: 6 questions done (6 sections)
      pay batch 2: 6 questions done (6 sections)
      pay batch 3: 5 questions done (6 sections)
      benefits batch 1: 6 questions done (6 sections)
      benefits batch 2: 6 questions done (6 sections)
      leave batch 1: 6 questions done (6 sections)
      leave batch 2: 6 questions done (6 sections)
      leave batch 3: 1 question done (6 sections)
      workload batch 1: 6 questions done (6 sections)
      workload batch 2: 3 questions done (6 sections)
      class batch 1: 4 questions done (6 sections)
      evaluation batch 1: 6 questions done (6 sections)
      evaluation batch 2: 2 questions done (6 sections)
      security batch 1: 6 questions done (6 sections)
      security batch 2: 5 questions done (6 sections)
      discipline batch 1: 2 questions done (6 sections)
      conduct batch 1: 6 questions done (6 sections)
      conduct batch 2: 4 questions done (6 sections)
      safety batch 1: 6 questions done (6 sections)
      safety batch 2: 2 questions done (6 sections)
      pd batch 1: 3 questions done (6 sections)
[32/40] Albequerque_2022-2023.pdf ...
      meta batch 1: 6 questions done (14 sections)
      meta batch 2: 3 questions done (14 sections)
      pay batch 1: 6 questions done (14 sections)
      pay batch 2: 6 questions done (14 sections)
      pay batch 3: 5 questions done (14 sections)
      benefits batch 1: 6 questions done (14 sections)
      benefits batch 2: 6 questions done (14 sections)
      leave batch 1: 6 questions done (14 sections)
      leave batch 2: 6 questions done (14 sections)
      leave batch 3: 1 question done (14 sections)
      workload batch 1: 6 questions done (14 sections)
      workload batch 2: 3 questions done (14 sections)
      class batch 1: 4 questions done (14 sections)
      evaluation batch 1: 6 questions done (14 sections)
      evaluation batch 2: 2 questions done (14 sections)
      security batch 1: 6 questions done (14 sections)
      security batch 2: 5 questions done (14 sections)
      discipline batch 1: 2 questions done (14 sections)
      conduct batch 1: 6 questions done (14 sections)
      conduct batch 2: 4 questions done (14 sections)
      safety batch 1: 6 questions done (14 sections)
      safety batch 2: 2 questions done (14 sections)
      pd batch 1: 3 questions done (14 sections)
[33/40] 2015-17xx_TA_Summary_01-24-2016[1].pdf ...
      meta batch 1: 6 questions done (2 sections)
      meta batch 2: 3 questions done (2 sections)
      pay batch 1: 6 questions done (2 sections)
      pay batch 2: 6 questions done (2 sections)
      pay batch 3: 5 questions done (2 sections)
      benefits batch 1: 6 questions done (2 sections)
      benefits batch 2: 6 questions done (2 sections)
      leave batch 1: 6 questions done (2 sections)
      leave batch 2: 6 questions done (2 sections)
      leave batch 3: 1 question done (2 sections)
      workload batch 1: 6 questions done (2 sections)
      workload batch 2: 3 questions done (2 sections)
      class batch 1: 4 questions done (2 sections)
      evaluation batch 1: 6 questions done (2 sections)
      evaluation batch 2: 2 questions done (2 sections)
      security batch 1: 6 questions done (2 sections)
      security batch 2: 5 questions done (2 sections)
      discipline batch 1: 2 questions done (2 sections)
      conduct batch 1: 6 questions done (2 sections)
      conduct batch 2: 4 questions done (2 sections)
      safety batch 1: 6 questions done (2 sections)
      safety batch 2: 2 questions done (2 sections)
      pd batch 1: 3 questions done (2 sections)
[34/40] teachers_2019-2021_final_3-15-2021_signed.pdf ...
      meta batch 1: 6 questions done (30 sections)
      meta batch 2: 3 questions done (30 sections)
      pay batch 1: 6 questions done (30 sections)
      pay batch 2: 6 questions done (30 sections)
      pay batch 3: 5 questions done (30 sections)
      benefits batch 1: 6 questions done (30 sections)
      benefits batch 2: 6 questions done (30 sections)
      leave batch 1: 6 questions done (30 sections)
      leave batch 2: 6 questions done (30 sections)
      leave batch 3: 1 question done (30 sections)
      workload batch 1: 6 questions done (30 sections)
      workload batch 2: 3 questions done (30 sections)
      class batch 1: 4 questions done (30 sections)
      evaluation batch 1: 6 questions done (30 sections)
      evaluation batch 2: 2 questions done (30 sections)
      security batch 1: 6 questions done (30 sections)
      security batch 2: 5 questions done (30 sections)
      discipline batch 1: 2 questions done (30 sections)
      conduct batch 1: 6 questions done (30 sections)
      conduct batch 2: 4 questions done (30 sections)
      safety batch 1: 6 questions done (30 sections)
      safety batch 2: 2 questions done (30 sections)
      pd batch 1: 3 questions done (30 sections)
[35/40] Fresno_2016-2019_CBA.pdf ...
      meta batch 1: 6 questions done (12 sections)
      meta batch 2: 3 questions done (12 sections)
      pay batch 1 section 4/12: stage1 ERROR Error code: 429 - {'error': {'code': 'rate_limit_exceeded', 'message': 'Large request capacity is currently full. Lower max_tokens, disable structured/thinking mode, or retry later.', 'param': None, 'type': 'rate_limit_error'}}
      pay batch 1 section 5/12: stage1 ERROR Error code: 429 - {'error': {'code': 'rate_limit_exceeded', 'message': 'Large request capacity is currently full. Lower max_tokens, disable structured/thinking mode, or retry later.', 'param': None, 'type': 'rate_limit_error'}}
      pay batch 1 section 6/12: stage1 ERROR Error code: 429 - {'error': {'code': 'rate_limit_exceeded', 'message': 'Large request capacity is currently full. Lower max_tokens, disable structured/thinking mode, or retry later.', 'param': None, 'type': 'rate_limit_error'}}
      pay batch 1 section 7/12: stage1 ERROR Error code: 429 - {'error': {'code': 'rate_limit_exceeded', 'message': 'Large request capacity is currently full. Lower max_tokens, disable structured/thinking mode, or retry later.', 'param': None, 'type': 'rate_limit_error'}}
      pay batch 1 section 8/12: stage1 ERROR Error code: 429 - {'error': {'code': 'rate_limit_exceeded', 'message': 'Large request capacity is currently full. Lower max_tokens, disable structured/thinking mode, or retry later.', 'param': None, 'type': 'rate_limit_error'}}
      pay batch 1 section 9/12: stage1 ERROR Error code: 429 - {'error': {'code': 'rate_limit_exceeded', 'message': 'Large request capacity is currently full. Lower max_tokens, disable structured/thinking mode, or retry later.', 'param': None, 'type': 'rate_limit_error'}}
      pay batch 1 section 10/12: stage1 ERROR Error code: 429 - {'error': {'code': 'rate_limit_exceeded', 'message': 'Large request capacity is currently full. Lower max_tokens, disable structured/thinking mode, or retry later.', 'param': None, 'type': 'rate_limit_error'}}
      pay batch 1 section 11/12: stage1 ERROR Error code: 429 - {'error': {'code': 'rate_limit_exceeded', 'message': 'Large request capacity is currently full. Lower max_tokens, disable structured/thinking mode, or retry later.', 'param': None, 'type': 'rate_limit_error'}}
      pay batch 1 section 12/12: stage1 ERROR Error code: 429 - {'error': {'code': 'rate_limit_exceeded', 'message': 'Large request capacity is currently full. Lower max_tokens, disable structured/thinking mode, or retry later.', 'param': None, 'type': 'rate_limit_error'}}
      pay batch 1: 6 questions done (12 sections)
      pay batch 2: 6 questions done (12 sections)
      pay batch 3: 5 questions done (12 sections)
      benefits batch 1: 6 questions done (12 sections)
      benefits batch 2: 6 questions done (12 sections)
      leave batch 1: 6 questions done (12 sections)
      leave batch 2: 6 questions done (12 sections)
      leave batch 3: 1 question done (12 sections)
      workload batch 1: 6 questions done (12 sections)
      workload batch 2: 3 questions done (12 sections)
      class batch 1: 4 questions done (12 sections)
      evaluation batch 1: 6 questions done (12 sections)
      evaluation batch 2: 2 questions done (12 sections)
      security batch 1: 6 questions done (12 sections)
      security batch 2: 5 questions done (12 sections)
      discipline batch 1: 2 questions done (12 sections)
      conduct batch 1: 6 questions done (12 sections)
      conduct batch 2: 4 questions done (12 sections)
      safety batch 1: 6 questions done (12 sections)
      safety batch 2: 2 questions done (12 sections)
      pd batch 1: 3 questions done (12 sections)
[36/40] Fresno_Tentative_Agreement_2013-2016.pdf ...
      meta batch 1: 6 questions done (5 sections)
      meta batch 2: 3 questions done (5 sections)
      pay batch 1: 6 questions done (5 sections)
      pay batch 2: 6 questions done (5 sections)
      pay batch 3: 5 questions done (5 sections)
      benefits batch 1: 6 questions done (5 sections)
      benefits batch 2: 6 questions done (5 sections)
      leave batch 1: 6 questions done (5 sections)
      leave batch 2: 6 questions done (5 sections)
      leave batch 3: 1 question done (5 sections)
      workload batch 1: 6 questions done (5 sections)
      workload batch 2: 3 questions done (5 sections)
      class batch 1: 4 questions done (5 sections)
      evaluation batch 1: 6 questions done (5 sections)
      evaluation batch 2: 2 questions done (5 sections)
      security batch 1: 6 questions done (5 sections)
      security batch 2: 5 questions done (5 sections)
      discipline batch 1: 2 questions done (5 sections)
      conduct batch 1: 6 questions done (5 sections)
      conduct batch 2: 4 questions done (5 sections)
      safety batch 1: 6 questions done (5 sections)
      safety batch 2: 2 questions done (5 sections)
      pd batch 1: 3 questions done (5 sections)
[37/40] Palm_Beach_County_CTACBAJuly2011-June2014.pdf ...
      meta batch 1: 6 questions done (11 sections)
      meta batch 2: 3 questions done (11 sections)
      pay batch 1: 6 questions done (11 sections)
      pay batch 2: 6 questions done (11 sections)
      pay batch 3: 5 questions done (11 sections)
      benefits batch 1: 6 questions done (11 sections)
      benefits batch 2: 6 questions done (11 sections)
      leave batch 1: 6 questions done (11 sections)
      leave batch 2: 6 questions done (11 sections)
      leave batch 3: 1 question done (11 sections)
      workload batch 1: 6 questions done (11 sections)
      workload batch 2: 3 questions done (11 sections)
      class batch 1: 4 questions done (11 sections)
      evaluation batch 1: 6 questions done (11 sections)
      evaluation batch 2: 2 questions done (11 sections)
      security batch 1: 6 questions done (11 sections)
      security batch 2: 5 questions done (11 sections)
      discipline batch 1: 2 questions done (11 sections)
      conduct batch 1: 6 questions done (11 sections)
      conduct batch 2: 4 questions done (11 sections)
      safety batch 1: 6 questions done (11 sections)
      safety batch 2: 2 questions done (11 sections)
      pd batch 1: 3 questions done (11 sections)
[38/40] Palm_Beach_2011-2014_CBA_w_2013-2014_modifications.pdf ...
      meta batch 1: 6 questions done (13 sections)
      meta batch 2: 3 questions done (13 sections)
      pay batch 1: 6 questions done (13 sections)
      pay batch 2: 6 questions done (13 sections)
      pay batch 3: 5 questions done (13 sections)
      benefits batch 1: 6 questions done (13 sections)
      benefits batch 2: 6 questions done (13 sections)
      leave batch 1: 6 questions done (13 sections)
      leave batch 2: 6 questions done (13 sections)
      leave batch 3: 1 question done (13 sections)
      workload batch 1: 6 questions done (13 sections)
      workload batch 2: 3 questions done (13 sections)
      class batch 1: 4 questions done (13 sections)
      evaluation batch 1: 6 questions done (13 sections)
      evaluation batch 2: 2 questions done (13 sections)
      security batch 1: 6 questions done (13 sections)
      security batch 2: 5 questions done (13 sections)
      discipline batch 1: 2 questions done (13 sections)
      conduct batch 1: 6 questions done (13 sections)
      conduct batch 2: 4 questions done (13 sections)
      safety batch 1: 6 questions done (13 sections)
      safety batch 2: 2 questions done (13 sections)
      pd batch 1: 3 questions done (13 sections)
[39/40] Garland_16-17_handbook.pdf ...
      meta batch 1: 6 questions done (11 sections)
      meta batch 2: 3 questions done (11 sections)
      pay batch 1: 6 questions done (11 sections)
      pay batch 2: 6 questions done (11 sections)
      pay batch 3: 5 questions done (11 sections)
      benefits batch 1: 6 questions done (11 sections)
      benefits batch 2: 6 questions done (11 sections)
      leave batch 1: 6 questions done (11 sections)
      leave batch 2: 6 questions done (11 sections)
      leave batch 3: 1 question done (11 sections)
      workload batch 1: 6 questions done (11 sections)
      workload batch 2: 3 questions done (11 sections)
      class batch 1: 4 questions done (11 sections)
      evaluation batch 1: 6 questions done (11 sections)
      evaluation batch 2: 2 questions done (11 sections)
      security batch 1: 6 questions done (11 sections)
      security batch 2: 5 questions done (11 sections)
      discipline batch 1: 2 questions done (11 sections)
      conduct batch 1: 6 questions done (11 sections)
      conduct batch 2: 4 questions done (11 sections)
      safety batch 1: 6 questions done (11 sections)
      safety batch 2: 2 questions done (11 sections)
      pd batch 1: 3 questions done (11 sections)
[40/40] 2019-2020_employee_handbook.pdf ...
      meta batch 1: 6 questions done (11 sections)
      meta batch 2: 3 questions done (11 sections)
      pay batch 1: 6 questions done (11 sections)
      pay batch 2: 6 questions done (11 sections)
      pay batch 3: 5 questions done (11 sections)
      benefits batch 1: 6 questions done (11 sections)
      benefits batch 2: 6 questions done (11 sections)
      leave batch 1: 6 questions done (11 sections)
      leave batch 2: 6 questions done (11 sections)
      leave batch 3: 1 question done (11 sections)
      workload batch 1: 6 questions done (11 sections)
      workload batch 2: 3 questions done (11 sections)
      class batch 1: 4 questions done (11 sections)
      evaluation batch 1: 6 questions done (11 sections)
      evaluation batch 2: 2 questions done (11 sections)
      security batch 1: 6 questions done (11 sections)
      security batch 2: 5 questions done (11 sections)
      discipline batch 1: 2 questions done (11 sections)
      conduct batch 1: 6 questions done (11 sections)
      conduct batch 2: 4 questions done (11 sections)
      safety batch 1: 6 questions done (11 sections)
      safety batch 2: 2 questions done (11 sections)
      pd batch 1: 3 questions done (11 sections)

Writing outputs ...
  40 document rows  → /Users/camerongreene/Dropbox (Personal)/1. Barbara/contracts/contract_coding_CG/output_v2/llm_main_dataset.csv
  4240 log rows        → /Users/camerongreene/Dropbox (Personal)/1. Barbara/contracts/contract_coding_CG/output_v2/llm_coding_log.csv
