document_id,file_name,district_name,chunk_index,quote,subject_text,acting_party,protected_party,modal,negation,voice,verb_lexical_category,statement_type,llm_judgment,statement_type_match,modal_strength,topic,quote_verified,notes
anchorage_school_district__54__0f80b912,54.pdf,Anchorage School District,11,Contracted members serving a school term of 140 full-time or part-time instructional days or more shall be credited with a year of teaching service.,Contracted members serving a school term of 140 full-time or part-time instructional days or more,management,worker,shall,False,passive,rights_passive,right,obligation,False,1.0,seniority,True,
anchorage_school_district__54__0f80b912,54.pdf,Anchorage School District,11,An experience step and educational attainment shall be provided to eligible members in each year of this agreement.,An experience step and educational attainment,management,worker,shall,False,passive,rights_passive,right,obligation,False,1.0,compensation,True,
anchorage_school_district__54__0f80b912,54.pdf,Anchorage School District,13,"The District shall provide up to five years of prior experience credit for placement on the salary schedule, at time of hire.",The District,management,worker,shall,False,active,plain,obligation,obligation,True,1.0,compensation,True,
anchorage_school_district__54__0f80b912,54.pdf,Anchorage School District,13,"Members who hold Certificates from the National Board of Professional Teaching Standards shall receive a $2000 salary supplement each year for the life of the certificate or 10 years, whichever is shorter.",Members who hold Certificates from the National Board of Professional Teaching Standards,worker,worker,shall,False,active,rights_active,right,right,True,1.0,compensation,True,
anchorage_school_district__54__0f80b912,54.pdf,Anchorage School District,13,A $2000 payment shall also be paid for certificates or advanced training (for Occupational and Physical Therapists only) that the District judges to be comparable to that conferred by the National Board of Professional Teaching Standards.,A $2000 payment,management,worker,shall,False,passive,rights_passive,right,obligation,False,1.0,compensation,True,
anchorage_school_district__54__0f80b912,54.pdf,Anchorage School District,13,"These supplements shall be paid by addenda, issued by Human Resources, within sixty (60) days of the completion of all required paperwork.",These supplements,management,worker,shall,False,passive,rights_passive,right,obligation,False,1.0,compensation,True,
anchorage_school_district__54__0f80b912,54.pdf,Anchorage School District,13,A District committee shall be established to review requests,A District committee,management,worker,shall,False,passive,plain,obligation,obligation,True,1.0,other,True,
anchorage_school_district__54__0f80b912,54.pdf,Anchorage School District,13,the Association will appoint two members to that committee.,the Association,worker,worker,will,False,active,plain,obligation,obligation,True,0.9,other,True,
anchorage_school_district__54__0f80b912,54.pdf,Anchorage School District,13,The decision of the District regarding eligibility for the supplemental payment shall be final.,The decision of the District regarding eligibility for the supplemental payment,management,management,shall,False,active,plain,obligation,right,False,1.0,other,True,
anchorage_school_district__54__0f80b912,54.pdf,Anchorage School District,13,"The District may wish to compensate these positions with a supplemental wage: Audiologists, Psychologists, Occupational Therapists, Physical Therapists, Teachers of the Blind and Visually Impaired, Speech Language Pathologists, World Language Immersion Teachers.",The District,management,management,may,False,active,plain,permission,permission,True,0.3,compensation,True,discretionary language ('may wish') indicates non-binding suggestion rather than strict obligation
anchorage_school_district__54__0f80b912,54.pdf,Anchorage School District,13,A committee will meet to make recommendations regarding the supplemental wage.,A committee,other,worker,will,False,active,plain,obligation,obligation,True,0.9,other,True,
anchorage_school_district__54__0f80b912,54.pdf,Anchorage School District,13,The Executive Director of Human Resources or his designee will chair the committee.,The Executive Director of Human Resources or his designee,management,management,will,False,active,plain,obligation,obligation,True,0.9,other,True,
anchorage_school_district__54__0f80b912,54.pdf,Anchorage School District,13,AEA may appoint two representatives to the committee.,AEA,worker,worker,may,False,active,plain,permission,permission,True,0.3,other,True,
anchorage_school_district__54__0f80b912,54.pdf,Anchorage School District,13,Recommendation adoption would be at the sole discretion of the superintendent.,Recommendation adoption,management,management,,False,active,plain,other,right,False,0.0,other,True,
anchorage_school_district__54__0f80b912,54.pdf,Anchorage School District,13,"Credits and/or degrees applicable to 115 must be in the member’s major or minor field, present teaching area, or a District certificated employment area and earned from an accredited college or university, or Continuing Education Units.",Credits and/or degrees applicable to 115,other,management,must,False,active,plain,obligation,obligation,True,1.0,compensation,True,
anchorage_school_district__54__0f80b912,54.pdf,Anchorage School District,13,Official transcripts must be submitted showing a Bachelor’s Degree conferred and 18 semester hours of credit earned subsequent to the granting of the Bachelor’s Degree.,Official transcripts,management,management,must,False,passive,plain,obligation,obligation,True,1.0,compensation,True,
anchorage_school_district__54__0f80b912,54.pdf,Anchorage School District,13,Official transcripts must be submitted showing 36 semester hours of which 12 must be graduate level earned subsequent to the granting of a Bachelor’s Degree.,Official transcripts,management,management,must,False,passive,plain,obligation,obligation,True,1.0,compensation,True,
anchorage_school_district__54__0f80b912,54.pdf,Anchorage School District,13,"The graduate level credit course requirements will be waived for Type D- or Limited-certificated members for this salary column only, provided that any course taken in lieu of the graduate level course requirements must be related to the member’s present teaching assignment.",The graduate level credit course requirements,management,worker,will,False,passive,rights_passive,right,right,True,0.9,compensation,True,
anchorage_school_district__54__0f80b912,54.pdf,Anchorage School District,13,"Official transcripts must be submitted showing 54 semester hours, of which 30 are graduate credit reflecting grade “B” or higher, earned subsequent to the granting of a Ba",Official transcripts,management,management,must,False,passive,plain,obligation,obligation,True,1.0,compensation,True,truncated at the end of the chunk
anchorage_school_district__54__0f80b912,54.pdf,Anchorage School District,14,"Official transcripts must be submitted showing 54 semester hours, of which 30 are graduate credit reflecting grade “B” or higher, earned subsequent to the granting of a Bachelors Degree.",Official transcripts,worker,management,must,False,passive,plain,obligation,obligation,True,1.0,compensation,True,
anchorage_school_district__54__0f80b912,54.pdf,Anchorage School District,14,"Official transcripts must be submitted showing 72 semester hours, of which 42 are graduate credit reflecting grade “B” or higher, earned subsequent to the granting of a Bachelor’s Degree.",Official transcripts,worker,management,must,False,passive,plain,obligation,obligation,True,1.0,compensation,True,
anchorage_school_district__54__0f80b912,54.pdf,Anchorage School District,14,"Official transcripts must be submitted showing 90 semester hours, of which 54 are graduate credit reflecting grade “B” or higher, earned subsequent to the granting of a Bachelor’s Degree.",Official transcripts,worker,management,must,False,passive,plain,obligation,obligation,True,1.0,compensation,True,
anchorage_school_district__54__0f80b912,54.pdf,Anchorage School District,14,"Official transcripts must be submitted showing the actual completion of the degree requirements, or a transcript plus certification that requirements have been met and the degree will be granted on a specific date.",Official transcripts,worker,management,must,False,passive,plain,obligation,obligation,True,1.0,compensation,True,
anchorage_school_district__54__0f80b912,54.pdf,Anchorage School District,14,Master’s Degrees other than in the field of education are acceptable only if they are in or relevant to the member’s current subject area of teaching.,Master’s Degrees other than in the field of education,other,management,,False,active,plain,other,obligation,False,0.0,compensation,True,
anchorage_school_district__54__0f80b912,54.pdf,Anchorage School District,14,Approval of degrees in areas other than the member’s current teaching assignment will be at the discretion of the District,Approval of degrees in areas other than the member’s current teaching assignment,other,management,will,False,active,plain,obligation,right,False,0.9,compensation,True,
anchorage_school_district__54__0f80b912,54.pdf,Anchorage School District,14,will be granted based upon the program needs of the District.,Approval of degrees in areas other than the member’s current teaching assignment,management,management,will,False,passive,plain,obligation,right,False,0.9,compensation,True,Implied subject from preceding clause.
anchorage_school_district__54__0f80b912,54.pdf,Anchorage School District,14,"Specifically excluded are degrees in fields unrelated to the member’s assignment, such as business degrees for elementary teachers except in response to a specific District program need, and degrees in law and religion.",degrees in fields unrelated to the member’s assignment,other,management,need,True,active,plain,prohibition,prohibition,True,0.7,compensation,True,Inverted sentence structure; 'excluded' functions as the operative predicate.
anchorage_school_district__54__0f80b912,54.pdf,Anchorage School District,14,Official transcripts must be submitted showing a Master’s Degree conferred.,Official transcripts,worker,management,must,False,passive,plain,obligation,obligation,True,1.0,compensation,True,
anchorage_school_district__54__0f80b912,54.pdf,Anchorage School District,14,At least 24 semester hours of credit must be graduate level courses.,At least 24 semester hours of credit,other,management,must,False,active,plain,obligation,obligation,True,1.0,compensation,True,
anchorage_school_district__54__0f80b912,54.pdf,Anchorage School District,14,At least 30 semester hours of credit must be graduate level courses.,At least 30 semester hours of credit,other,management,must,False,active,plain,obligation,obligation,True,1.0,compensation,True,
anchorage_school_district__54__0f80b912,54.pdf,Anchorage School District,14,At least 36 semester hours of credit must be graduate level courses.,At least 36 semester hours of credit,other,management,must,False,active,plain,obligation,obligation,True,1.0,professional_development,True,
anchorage_school_district__54__0f80b912,54.pdf,Anchorage School District,14,Doctorates other than in the field of education are acceptable only if they are in or relevant to the member’s current subject area of teaching.,Doctorates other than in the field of education,other,management,,False,active,plain,other,other,True,0.0,professional_development,True,
anchorage_school_district__54__0f80b912,54.pdf,Anchorage School District,15,"Official transcripts must be submitted showing the actual completion of the degree requirements, or a transcript plus certification that requirements have been met",Official transcripts,worker,management,must,False,passive,plain,obligation,obligation,True,1.0,professional_development,True,Passive voice; implicit actor is the employee submitting transcripts.
anchorage_school_district__54__0f80b912,54.pdf,Anchorage School District,15,the degree will be granted on a specific date.,the degree,management,worker,will,False,passive,rights_passive,right,obligation,False,0.9,professional_development,True,
anchorage_school_district__54__0f80b912,54.pdf,Anchorage School District,15,all credits must be approved.,all credits,management,management,must,False,passive,plain,obligation,obligation,True,1.0,professional_development,True,
anchorage_school_district__54__0f80b912,54.pdf,Anchorage School District,15,The appropriate instructional department and the Training and Professional Development Department will jointly approve courses.,The appropriate instructional department and the Training and Professional Development Department,management,management,will,False,active,plain,obligation,obligation,True,0.9,professional_development,True,
anchorage_school_district__54__0f80b912,54.pdf,Anchorage School District,15,Approved courses for advancement will be posted electronically for employees.,Approved courses for advancement,management,worker,will,False,passive,plain,obligation,obligation,True,0.9,professional_development,True,
anchorage_school_district__54__0f80b912,54.pdf,Anchorage School District,15,"Other approvals will be based upon individual review, as submitted through District-identified process available to members.",Other approvals,management,worker,will,False,active,plain,obligation,obligation,True,0.9,professional_development,True,
anchorage_school_district__54__0f80b912,54.pdf,Anchorage School District,15,Such approvals shall be issued within ten (10) working days of receipt by the District when registration deadlines require.,Such approvals,management,worker,shall,False,passive,plain,obligation,obligation,True,1.0,professional_development,True,
anchorage_school_district__54__0f80b912,54.pdf,Anchorage School District,15,"Salary placement credit will be allowed for physical and occupational therapists, speech therapists, audiologists, psychologists, nurses and Type D- or limited-certificated members for coursework including non-credit college workshops, continuing education courses, and clinics if the above members do not have access to college credit coursework or are required to take such courses to meet licensing standards.",Salary placement credit,management,worker,will,False,passive,permission_verb,permission,permission,True,0.9,compensation,True,Includes trailing conditional clause.
anchorage_school_district__54__0f80b912,54.pdf,Anchorage School District,15,Approval by the Director of Training and Professional Development must be obtained prior to enrollment in such courses for salary placement credit.,Approval by the Director of Training and Professional Development,worker,management,must,False,passive,plain,obligation,obligation,True,1.0,compensation,True,Passive voice; implicit actor is the employee.
anchorage_school_district__54__0f80b912,54.pdf,Anchorage School District,16,Credit for non-college work will be granted on the basis of one college semester credit for 15 hours of instruction.,Credit for non-college work,other,worker,will,False,passive,rights_passive,right,right,True,0.9,compensation,True,
anchorage_school_district__54__0f80b912,54.pdf,Anchorage School District,16,The District will not be required to accept off-campus credit from accredited colleges and/or universities when it can show that the member has not received at least 15 hours of instruction per semester hour of credit.,The District,management,management,will,True,active,obligation_verb,right,right,True,0.9,professional_development,True,
anchorage_school_district__54__0f80b912,54.pdf,Anchorage School District,16,"College/University credits must be accredited from one of the following six regional accreditation associations: The Middle States Association of Colleges and Schools; The New England Association of Schools & Colleges; The North Central Association of Colleges and Schools; The Northwest Association of Accredited Schools (NAAS); The Southern Association of Colleges and Schools; or, The Western Association of Schools and Colleges.",College/University credits,other,management,must,False,active,plain,obligation,obligation,True,1.0,professional_development,True,
anchorage_school_district__54__0f80b912,54.pdf,Anchorage School District,16,"Members in vocational assignments who, with prior approval from the Human Resources administrator, participate in state of the art seminars sponsored to upgrade vocational skills shall be allowed salary credit with 15 hours of seminar participation equaling one hour of graduate credit for purposes of column movement.","Members in vocational assignments who, with prior approval from the Human Resources administrator, participate in state of the art seminars sponsored to upgrade vocational skills",management,worker,shall,False,passive,permission_verb,permission,permission,True,1.0,compensation,True,
anchorage_school_district__54__0f80b912,54.pdf,Anchorage School District,16,Type A- and C-certificated members with work experience in an educational institution shall be granted to the same limit as applies when completing initial placement for members with Type A certificates.,Type A- and C-certificated members with work experience in an educational institution,management,worker,shall,False,passive,rights_passive,right,right,True,1.0,compensation,True,
anchorage_school_district__54__0f80b912,54.pdf,Anchorage School District,16,Non-educational institution experience shall be granted on the basis of one year for every two years of experience.,Non-educational institution experience,other,worker,shall,False,passive,rights_passive,right,right,True,1.0,compensation,True,
anchorage_school_district__54__0f80b912,54.pdf,Anchorage School District,16,Initial placements will not be modified for members who move from regular positions to those in which work experience might have been considered at time of placement.,Initial placements,management,management,will,True,passive,plain,prohibition,prohibition,True,0.9,compensation,True,
anchorage_school_district__54__0f80b912,54.pdf,Anchorage School District,16,Type D- or Limited-certificated members will be placed on the salary schedule with up to three years’ experience for work directly related to their teaching assignment(s).,Type D- or Limited-certificated members,management,worker,will,False,passive,plain,obligation,obligation,True,0.9,compensation,True,
anchorage_school_district__54__0f80b912,54.pdf,Anchorage School District,16,"For initial placement, the member without a degree must have completed four or more calendar years of full-time work experience in the vocational trade for which applying (2,000 hours equals one year’s experience);",the member without a degree,worker,management,must,False,active,obligation_verb,obligation,obligation,True,1.0,compensation,True,
anchorage_school_district__54__0f80b912,54.pdf,Anchorage School District,16,"two years of formal training at an institution of higher learning may substitute for a maximum of 4,000 hours of work experience.",two years of formal training at an institution of higher learning,other,worker,may,False,active,plain,permission,permission,True,0.3,compensation,True,
anchorage_school_district__54__0f80b912,54.pdf,Anchorage School District,16,Official transcripts of this formal training are required.,Official transcripts of this formal training,other,management,,False,active,obligation_verb,obligation,obligation,True,0.85,professional_development,True,
anchorage_school_district__54__0f80b912,54.pdf,Anchorage School District,17,Work experience used for vocational salary credit must be verified in the member’s personnel file.,Work experience used for vocational salary credit,management,management,must,False,passive,obligation_verb,obligation,obligation,True,1.0,compensation,True,
anchorage_school_district__54__0f80b912,54.pdf,Anchorage School District,17,"A member holding a valid contract who has met the requirements necessary for advancement on the salary schedule shall, upon written request, be issued a contract adjustment within 30 calendar days following the necessary verification in the Human Resources Office.",A member holding a valid contract who has met the requirements necessary for advancement on the salary schedule,management,worker,shall,False,passive,rights_passive,right,right,True,1.0,compensation,True,
anchorage_school_district__54__0f80b912,54.pdf,Anchorage School District,17,"The actual increase in salary shall occur in the month following that in which the adjustment is issued, provided the signed adjustment is returned by the member to the Human Resources Office no later than the 1st working day of the month in which the increase is to be paid.",The actual increase in salary,other,worker,shall,False,active,plain,obligation,obligation,True,1.0,compensation,True,
anchorage_school_district__54__0f80b912,54.pdf,Anchorage School District,17,Such request(s) shall be made on a form provided by the District.,Such request(s),management,management,shall,False,passive,obligation_verb,obligation,obligation,True,1.0,compensation,True,
anchorage_school_district__54__0f80b912,54.pdf,Anchorage School District,17,a member shall have the option of being placed temporarily on the denied column,a member,worker,worker,shall,False,active,plain,obligation,right,False,1.0,compensation,True,
anchorage_school_district__54__0f80b912,54.pdf,Anchorage School District,17,The temporary advancement will be allowed for a period not to exceed the then current school year.,The temporary advancement,management,worker,will,False,passive,permission_verb,permission,permission,True,0.9,compensation,True,
anchorage_school_district__54__0f80b912,54.pdf,Anchorage School District,17,During this period the member must complete whatever coursework is required to make the salary placement proper.,the member,worker,management,must,False,active,obligation_verb,obligation,obligation,True,1.0,professional_development,True,
anchorage_school_district__54__0f80b912,54.pdf,Anchorage School District,17,"the member will be moved back to the correct salary column and step,",the member,management,management,will,False,passive,rights_passive,right,obligation,False,0.9,compensation,True,
anchorage_school_district__54__0f80b912,54.pdf,Anchorage School District,17,must reimburse the District for any overpayment for the period of the temporary advancement.,the member,worker,management,must,False,active,obligation_verb,obligation,obligation,True,1.0,compensation,True,Implicit subject carried over from preceding clause.
anchorage_school_district__54__0f80b912,54.pdf,Anchorage School District,17,At the member’s option such reimbursement will be made in either a lump sum payment or by monthly payroll deductions not to exceed nine pay periods.,such reimbursement,management,worker,will,False,passive,plain,obligation,obligation,True,0.9,compensation,True,
anchorage_school_district__54__0f80b912,54.pdf,Anchorage School District,18,A member whom the District can show should have reasonably known about the error in salary placement in a timely manner and who elected not to bring it to the attention of the District will not be eligible for the temporary upgrade described in 120 C 1.,A member whom the District can show should have reasonably known about the error in salary placement in a timely manner and who elected not to bring it to the attention of the District,worker,management,will,True,active,plain,prohibition,prohibition,True,0.9,compensation,True,
anchorage_school_district__54__0f80b912,54.pdf,Anchorage School District,18,the salary increase or decrease shall be made retroactive only to the start of the school year in which the error was discovered.,the salary increase or decrease,other,management,shall,False,passive,plain,obligation,obligation,True,1.0,compensation,True,inanimate subject performing no party's action
anchorage_school_district__54__0f80b912,54.pdf,Anchorage School District,18,the salary increase or decrease shall be made from the date of the discovery.,the salary increase or decrease,other,management,shall,False,passive,plain,obligation,obligation,True,1.0,compensation,True,inanimate subject performing no party's action
anchorage_school_district__54__0f80b912,54.pdf,Anchorage School District,18,Neither the District nor the member will be required to reimburse the other for any back pay.,Neither the District nor the member,other,management,will,True,passive,obligation_verb,right,obligation,False,0.9,compensation,True,joint/compound subject
anchorage_school_district__54__0f80b912,54.pdf,Anchorage School District,18,Members have the responsibility for keeping track of the academic credit hours needed for lateral movement on the salary schedule.,Members,worker,management,,False,active,plain,other,obligation,False,0.0,compensation,True,
anchorage_school_district__54__0f80b912,54.pdf,Anchorage School District,18,Each member shall elect to receive annual salary in one of the following ways:,Each member,worker,management,shall,False,active,plain,obligation,obligation,True,1.0,compensation,True,introduces a list
anchorage_school_district__54__0f80b912,54.pdf,Anchorage School District,18,members may elect to have paychecks automatically deposited in any Anchorage financial institution of their choice.,members,worker,worker,may,False,active,plain,permission,permission,True,0.3,compensation,True,
anchorage_school_district__54__0f80b912,54.pdf,Anchorage School District,18,the District will meet with AEA to discuss payment options.,the District,management,worker,will,False,active,plain,obligation,obligation,True,0.9,compensation,True,
anchorage_school_district__54__0f80b912,54.pdf,Anchorage School District,19,Compensation for contract extensions shall be calculated at the per diem rate of the member.,Compensation for contract extensions,management,worker,shall,False,passive,plain,obligation,obligation,True,1.0,compensation,True,
anchorage_school_district__54__0f80b912,54.pdf,Anchorage School District,19,"notification shall be eight weeks in advance, unless otherwise mutually agreed.",notification,management,worker,shall,False,active,plain,obligation,obligation,True,1.0,job_security,True,
anchorage_school_district__54__0f80b912,54.pdf,Anchorage School District,19,Special project contracts shall be prorated at Range 1 Added Duty Activities schedule.,Special project contracts,management,worker,shall,False,passive,plain,obligation,obligation,True,1.0,compensation,True,
anchorage_school_district__54__0f80b912,54.pdf,Anchorage School District,19,Contracts shall specify the rate of pay and the number of hours required for the project.,Contracts,other,worker,shall,False,active,plain,obligation,obligation,True,1.0,compensation,True,Inanimate subject
anchorage_school_district__54__0f80b912,54.pdf,Anchorage School District,19,the member may be paid a lump-sum amount.,the member,management,worker,may,False,passive,rights_passive,right,permission,False,0.3,compensation,True,
anchorage_school_district__54__0f80b912,54.pdf,Anchorage School District,19,Members shall not be required to accept special project contracts nor have any reference made in the evaluation process for refusal.,Members,worker,worker,shall,True,passive,prohibition_verb,permission,prohibition,False,1.0,workload,True,Compound negation covering acceptance and evaluation references
anchorage_school_district__54__0f80b912,54.pdf,Anchorage School District,19,Activities authorized by the Board will be compensated by assignment to one of the seven ranges shown in the following schedule.,Activities authorized by the Board,management,worker,will,False,passive,rights_passive,right,obligation,False,0.9,compensation,True,
anchorage_school_district__54__0f80b912,54.pdf,Anchorage School District,19,The range number at the right of each activity is the range assigned for added duty compensation amounts.,The range number at the right of each activity,other,management,,False,active,plain,other,other,True,0.0,compensation,True,
anchorage_school_district__54__0f80b912,54.pdf,Anchorage School District,20,"If authorized, all Elementary Division schools shall be funded at five Level 1 addendums, to be determined by the principal.",all Elementary Division schools,management,worker,shall,False,passive,rights_passive,right,obligation,False,1.0,compensation,True,
anchorage_school_district__54__0f80b912,54.pdf,Anchorage School District,20,C. High School/Middle level club and class sponsors in activities of 40 hours or less shall be paid at Range 1 or part thereof according to 150 H if the activity requires more than 20 hours outside the normal workday and when assigned in advance by a unit administrator.,High School/Middle level club and class sponsors in activities of 40 hours or less,management,worker,shall,False,passive,rights_passive,right,obligation,False,1.0,compensation,True,
anchorage_school_district__54__0f80b912,54.pdf,Anchorage School District,20,Pay for approved elementary activities will be at Range 1 unless otherwise stipulated.,Pay for approved elementary activities,other,worker,will,False,active,plain,obligation,obligation,True,0.9,compensation,True,
anchorage_school_district__54__0f80b912,54.pdf,Anchorage School District,20,"Elementary activities (such as music, intramurals, and student council) of less than 40 hours shall be compensated on a prorated basis provided the maximum number of compensated hours is clearly stipulated in the addendum an","Elementary activities (such as music, intramurals, and student council) of less than 40 hours",management,worker,shall,False,passive,rights_passive,right,obligation,False,1.0,compensation,True,Text truncates at 'an'.
anchorage_school_district__54__0f80b912,54.pdf,Anchorage School District,21,"Elementary activities (such as music, intramurals, and student council) of less than 40 hours shall be compensated on a prorated basis","Elementary activities (such as music, intramurals, and student council) of less than 40 hours",management,worker,shall,False,passive,rights_passive,right,obligation,False,1.0,compensation,True,
anchorage_school_district__54__0f80b912,54.pdf,Anchorage School District,21,the activity is approved by the unit administrator.,the activity,management,management,,False,passive,plain,other,other,True,0.0,other,True,
anchorage_school_district__54__0f80b912,54.pdf,Anchorage School District,21,"Activities authorized by the unit administrator responsible may be sponsored without compensation being provided, by mutual consent.",Activities authorized by the unit administrator responsible,management,worker,may,False,passive,permission_verb,permission,permission,True,0.3,compensation,True,
anchorage_school_district__54__0f80b912,54.pdf,Anchorage School District,21,No addenda are necessary for such activities.,No addenda,management,management,,True,active,plain,prohibition,other,False,0.0,other,True,
anchorage_school_district__54__0f80b912,54.pdf,Anchorage School District,21,"The District shall not encourage, coerce, or in any way solicit such voluntary services.",The District,management,worker,shall,True,active,prohibition_verb,permission,prohibition,False,1.0,teacher_rights_and_conduct,True,
anchorage_school_district__54__0f80b912,54.pdf,Anchorage School District,21,"No reference to the non-performance of volunteer activity will be made in any evaluation/observation document, or in any evaluation conference between a member and supervisor.",No reference to the non-performance of volunteer activity,management,worker,will,True,passive,plain,prohibition,prohibition,True,0.9,evaluation,True,
anchorage_school_district__54__0f80b912,54.pdf,Anchorage School District,21,"No request for volunteer sponsors will be circulated among members, posted in any building, or in any manner communicated by principals, except in response to specific requests for such information by a member(s).",No request for volunteer sponsors,management,worker,will,True,passive,plain,prohibition,prohibition,True,0.9,teacher_rights_and_conduct,True,
anchorage_school_district__54__0f80b912,54.pdf,Anchorage School District,21,Added duty activities not specifically provided for herein may be established by the District in keeping with the above schedule.,Added duty activities not specifically provided for herein,management,management,may,False,passive,plain,permission,permission,True,0.3,workload,True,
anchorage_school_district__54__0f80b912,54.pdf,Anchorage School District,21,"it shall, upon request by the Union, negotiate the pay range.",it,management,worker,shall,False,active,plain,obligation,obligation,True,1.0,compensation,True,
anchorage_school_district__54__0f80b912,54.pdf,Anchorage School District,21,The District reserves the option to group High School/Middle level extra curricular activities as an assignment in exchange for a given teaching assignment without paying an added duty salary.,The District,management,management,,False,active,plain,other,right,False,0.0,compensation,True,
anchorage_school_district__54__0f80b912,54.pdf,Anchorage School District,21,"The District may, at its discretion, combine activities of shorter duration to allow a member to qualify for an addendum.",The District,management,worker,may,False,active,plain,permission,permission,True,0.3,compensation,True,
anchorage_school_district__54__0f80b912,54.pdf,Anchorage School District,21,"Likewise, the District may divide a single activity between two or more members or prorate salary payments for an activity of less than 40 hours.",the District,management,management,may,False,active,plain,permission,permission,True,0.3,compensation,True,
anchorage_school_district__54__0f80b912,54.pdf,Anchorage School District,21,"In filling added duty positions during the school year, the unit will post activity openings for five business days (independent of the school calendar).",the unit,worker,worker,will,False,active,plain,obligation,obligation,True,0.9,transfers,True,
anchorage_school_district__54__0f80b912,54.pdf,Anchorage School District,21,The District shall prepare and distribute common job descriptions for Head Coach positions in all major sports.,The District,management,worker,shall,False,active,plain,obligation,obligation,True,1.0,evaluation,True,
anchorage_school_district__54__0f80b912,54.pdf,Anchorage School District,21,Other job descriptions will be developed at the school,Other job descriptions,management,worker,will,False,passive,plain,obligation,obligation,True,0.9,evaluation,True,
anchorage_school_district__54__0f80b912,54.pdf,Anchorage School District,21,shall include a list of basic expectations for the position.,Other job descriptions,other,worker,shall,False,active,plain,obligation,obligation,True,1.0,evaluation,True,
anchorage_school_district__54__0f80b912,54.pdf,Anchorage School District,21,The posted vacancy announcement must specify whatever special qualifications are required.,The posted vacancy announcement,other,worker,must,False,active,plain,obligation,obligation,True,1.0,transfers,True,
anchorage_school_district__54__0f80b912,54.pdf,Anchorage School District,21,Building candidates will be considered first.,Building candidates,management,worker,will,False,passive,plain,obligation,obligation,True,0.9,seniority,True,
anchorage_school_district__54__0f80b912,54.pdf,Anchorage School District,21,the opening will be posted throughout the District.,the opening,management,worker,will,False,passive,plain,obligation,obligation,True,0.9,transfers,True,
anchorage_school_district__54__0f80b912,54.pdf,Anchorage School District,21,A minimum of three candidates will be interviewed,A minimum of three candidates,management,worker,will,False,passive,plain,obligation,obligation,True,0.9,transfers,True,
anchorage_school_district__54__0f80b912,54.pdf,Anchorage School District,21,out-of-District applicants will be considered.,out-of-District applicants,management,worker,will,False,passive,plain,obligation,obligation,True,0.9,transfers,True,
anchorage_school_district__54__0f80b912,54.pdf,Anchorage School District,21,"In assessing the qualification of applicants, the District shall give preference to in-",the District,management,worker,shall,False,active,plain,obligation,obligation,True,1.0,seniority,True,truncated at end of chunk
anchorage_school_district__54__0f80b912,54.pdf,Anchorage School District,22,A minimum of three candidates will be interviewed if at least that number has applied.,A minimum of three candidates,management,worker,will,False,passive,plain,obligation,obligation,True,0.9,transfers,True,
anchorage_school_district__54__0f80b912,54.pdf,Anchorage School District,22,the District shall give preference to in-district applicants as long as their qualifications are relatively equal.,the District,management,worker,shall,False,active,plain,obligation,obligation,True,1.0,seniority,True,
anchorage_school_district__54__0f80b912,54.pdf,Anchorage School District,22,it shall set forth in writing the reasons for its determinations both to the unsuccessful in-district applicants and AEA’s grievance committee.,it,management,worker,shall,False,active,plain,obligation,obligation,True,1.0,discipline,True,
anchorage_school_district__54__0f80b912,54.pdf,Anchorage School District,22,the member will be notified of this on or before the last day of the school term.,the member,management,worker,will,False,passive,rights_passive,right,right,True,0.9,job_security,True,
anchorage_school_district__54__0f80b912,54.pdf,Anchorage School District,22,"Such advance notice will also be provided, to the degree possible, of the elimination of a member’s added duty assignment.",Such advance notice,management,worker,will,False,passive,rights_passive,right,obligation,False,0.9,job_security,True,
anchorage_school_district__54__0f80b912,54.pdf,Anchorage School District,22,"principals may elect to place the coach on probation for one season, prior to deciding whether or not to non-retain.",principals,management,management,may,False,active,plain,permission,permission,True,0.3,evaluation,True,
anchorage_school_district__54__0f80b912,54.pdf,Anchorage School District,22,Probation status will be limited to circumstances and problems which principals believe can be overcome.,Probation status,other,worker,will,False,passive,plain,obligation,obligation,True,0.9,evaluation,True,
anchorage_school_district__54__0f80b912,54.pdf,Anchorage School District,22,The District retains its right to non-retain without a probation if it believes the interests of the school and/or program will be better served.,The District,management,management,will,False,active,plain,obligation,right,False,0.9,job_security,True,
anchorage_school_district__54__0f80b912,54.pdf,Anchorage School District,22,a written statement of the reason will be provided,a written statement of the reason,management,worker,will,False,passive,rights_passive,right,obligation,False,0.9,discipline,True,
anchorage_school_district__54__0f80b912,54.pdf,Anchorage School District,22,the determination of the District will be final.,the determination of the District,management,management,will,False,active,plain,obligation,other,False,0.9,other,True,
anchorage_school_district__54__0f80b912,54.pdf,Anchorage School District,22,The Association and the District shall develop a performance standards protocol to address performance concerns of an added duty activity addendum holder.,The Association and the District,other,worker,shall,False,active,plain,obligation,obligation,True,1.0,evaluation,True,
anchorage_school_district__54__0f80b912,54.pdf,Anchorage School District,22,"Contract addenda will be signed prior to the beginning of the activity, except by mutual agreement.",Contract addenda,other,worker,will,False,passive,plain,obligation,obligation,True,0.9,compensation,True,
anchorage_school_district__54__0f80b912,54.pdf,Anchorage School District,22,In no case shall more than thirty days pass from the onset of activity before the completion of necessary addenda.,more than thirty days,other,worker,shall,False,active,plain,obligation,prohibition,False,1.0,compensation,True,
anchorage_school_district__54__0f80b912,54.pdf,Anchorage School District,22,"The District will commit $30,000 during the life of this agreement to reimburse members selected to provide added duty under this section for the cost of a certificate required by the Alaska Association for School Activities for coaches/sponsors in the affected areas.",The District,management,worker,will,False,active,plain,obligation,obligation,True,0.9,compensation,True,
anchorage_school_district__54__0f80b912,54.pdf,Anchorage School District,22,"Reimbursement shall occur on a first come, first served basis",Reimbursement,other,management,shall,False,active,plain,obligation,obligation,True,1.0,compensation,True,
anchorage_school_district__54__0f80b912,54.pdf,Anchorage School District,22,and shall be available only to those receiving addenda for activities that require possession of the certificate.,Reimbursement,other,management,shall,False,active,plain,obligation,obligation,True,1.0,compensation,True,
anchorage_school_district__54__0f80b912,54.pdf,Anchorage School District,22,Requests for reimbursement shall be presented to the school principal.,Requests for reimbursement,management,worker,shall,False,passive,plain,obligation,obligation,True,1.0,compensation,True,
anchorage_school_district__54__0f80b912,54.pdf,Anchorage School District,22,The District may elect to create and support Department Chair positions.,The District,management,management,may,False,active,plain,permission,permission,True,0.3,other,True,
anchorage_school_district__54__0f80b912,54.pdf,Anchorage School District,23,A teacher who serves as Department Chair shall be paid according to the following schedule:,A teacher who serves as Department Chair,management,worker,shall,False,passive,rights_passive,right,obligation,False,1.0,compensation,True,
anchorage_school_district__54__0f80b912,54.pdf,Anchorage School District,23,the category of payment shall be two ranges lower than listed in 155 A.,the category of payment,management,management,shall,False,active,plain,obligation,obligation,True,1.0,compensation,True,
anchorage_school_district__54__0f80b912,54.pdf,Anchorage School District,23,Department Chairs shall not be responsible for evaluation or supervision of teachers.,Department Chairs,management,worker,shall,True,active,plain,prohibition,prohibition,True,1.0,workload,True,
anchorage_school_district__54__0f80b912,54.pdf,Anchorage School District,23,A teacher who serves as Special Education Department Chair shall be paid according to the following schedule,A teacher who serves as Special Education Department Chair,management,worker,shall,False,passive,rights_passive,right,obligation,False,1.0,compensation,True,
anchorage_school_district__54__0f80b912,54.pdf,Anchorage School District,23,A teacher who serves as Special Education Department Chair may be assigned direct teaching responsibilities:,A teacher who serves as Special Education Department Chair,management,management,may,False,passive,plain,permission,permission,True,0.3,workload,True,
anchorage_school_district__54__0f80b912,54.pdf,Anchorage School District,23,Special Education Administrative Intern positions may be established in order to meet member evaluation and program supervision responsibilities.,Special Education Administrative Intern positions,management,management,may,False,passive,plain,permission,permission,True,0.3,other,True,
anchorage_school_district__54__0f80b912,54.pdf,Anchorage School District,23,Such positions shall be offered first to existing Special Education teachers and Department Chairs.,Such positions,management,worker,shall,False,passive,plain,obligation,obligation,True,1.0,other,True,
anchorage_school_district__54__0f80b912,54.pdf,Anchorage School District,23,Such offers shall take the form of a special position vacancy announcement,Such offers,management,worker,shall,False,active,plain,obligation,obligation,True,1.0,other,True,
anchorage_school_district__54__0f80b912,54.pdf,Anchorage School District,23,Selected Interns shall be removed from the bargaining unit for a maximum of three years and for no less than a full school year,Selected Interns,management,worker,shall,False,passive,plain,obligation,obligation,True,1.0,job_security,True,
anchorage_school_district__54__0f80b912,54.pdf,Anchorage School District,23,Interns retain the right to return to the bargaining unit at the start of the subsequent school year.,Interns,worker,worker,,False,active,rights_active,right,right,True,0.85,job_security,True,
anchorage_school_district__54__0f80b912,54.pdf,Anchorage School District,23,All seniority rights earned prior to the assignment as Intern shall be retained.,All seniority rights earned prior to the assignment as Intern,management,worker,shall,False,passive,rights_passive,right,obligation,False,1.0,seniority,True,
anchorage_school_district__54__0f80b912,54.pdf,Anchorage School District,24,"At the end of three years, or sooner, the Intern will return to the bargaining unit, in order to support a rotating system of supervision.",the Intern,worker,worker,will,False,active,plain,obligation,obligation,True,0.9,job_security,True,
anchorage_school_district__54__0f80b912,54.pdf,Anchorage School District,24,This section does not restrict the District’s right to establish regular supervisory positions.,This section,other,management,,True,active,plain,prohibition,other,False,0.0,other,True,Inanimate subject
anchorage_school_district__54__0f80b912,54.pdf,Anchorage School District,24,No evaluation responsibilities shall be assigned to Department Chairs.,No evaluation responsibilities,management,worker,shall,True,passive,plain,prohibition,prohibition,True,1.0,workload,True,
anchorage_school_district__54__0f80b912,54.pdf,Anchorage School District,24,"The principal may designate addenda for curriculum contact positions to provide support to members, training, or other areas determined to be of need to the school.",The principal,management,management,may,False,active,plain,permission,permission,True,0.3,other,True,
anchorage_school_district__54__0f80b912,54.pdf,Anchorage School District,24,This position shall carry a Range 1 addendum,This position,other,worker,shall,False,active,plain,obligation,obligation,True,1.0,compensation,True,
anchorage_school_district__54__0f80b912,54.pdf,Anchorage School District,24,will be selected in the same manner,This position,management,worker,will,False,passive,rights_passive,right,obligation,False,0.9,other,True,Subject elided in original text
anchorage_school_district__54__0f80b912,54.pdf,Anchorage School District,24,and operate under the rules established in Article 150.,This position,other,management,,False,active,plain,other,other,True,0.0,other,True,Subject elided in original text
anchorage_school_district__54__0f80b912,54.pdf,Anchorage School District,24,No member shall be required to serve in this position.,No member,management,worker,shall,True,passive,obligation_verb,right,right,True,1.0,other,True,
anchorage_school_district__54__0f80b912,54.pdf,Anchorage School District,24,A Curriculum Contact position of less than 40 hours shall be compensated on a prorated basis provided the maximum number of compensated hours is clearly stipulated in the addendum.,A Curriculum Contact position of less than 40 hours,management,worker,shall,False,passive,rights_passive,right,obligation,False,1.0,compensation,True,
anchorage_school_district__54__0f80b912,54.pdf,Anchorage School District,24,"A member who serves as elementary teacher-in-charge shall be provided a written “standard operating procedure” manual covering procedures for dealing with probable situations, such as accidents or parent complaints for which the principal is responsible.",A member who serves as elementary teacher-in-charge,management,worker,shall,False,passive,rights_passive,right,obligation,False,1.0,safety_and_working_conditions,True,
anchorage_school_district__54__0f80b912,54.pdf,Anchorage School District,24,Teacher-in-charge shall have the same protection as provided for the principal while acting for the principal.,Teacher-in-charge,worker,worker,shall,False,active,plain,obligation,right,False,1.0,teacher_rights_and_conduct,True,
anchorage_school_district__54__0f80b912,54.pdf,Anchorage School District,24,"A member designated by the principal as teacher-in-charge for the school year will be paid at Range 3 as provided in 150, Added Duty Activities.",A member designated by the principal as teacher-in-charge for the school year,worker,worker,will,False,passive,rights_passive,right,obligation,False,0.9,compensation,True,
anchorage_school_district__54__0f80b912,54.pdf,Anchorage School District,24,intern pay will be at Range 1.,intern pay,management,worker,will,False,active,plain,obligation,obligation,True,0.9,compensation,True,Extracted main independent clause from conditional sentence
anchorage_school_district__54__0f80b912,54.pdf,Anchorage School District,24,Pay will be prorated while serving for less than a full school term.,Pay,management,worker,will,False,active,plain,obligation,obligation,True,0.9,compensation,True,
anchorage_school_district__54__0f80b912,54.pdf,Anchorage School District,24,a substitute teacher shall be provided for the teacher-in-charge for a minimum of one-half of the time of principal absence.,a substitute teacher,management,worker,shall,False,passive,rights_passive,right,obligation,False,1.0,safety_and_working_conditions,True,Extracted main independent clause from conditional sentence
anchorage_school_district__54__0f80b912,54.pdf,Anchorage School District,24,decisions with regard to substitute coverage will be made on a case-by-case basis.,decisions with regard to substitute coverage,management,management,will,False,passive,plain,obligation,obligation,True,0.9,safety_and_working_conditions,True,Extracted main independent clause from conditional sentence
anchorage_school_district__54__0f80b912,54.pdf,Anchorage School District,24,"The principal may designate a position in technology to provide support to members, training, maintenance of equipment, or other areas determined to be of need to the school.",The principal,management,management,may,False,active,plain,permission,permission,True,0.3,other,True,
anchorage_school_district__54__0f80b912,54.pdf,Anchorage School District,25,operate under the rules established in Article 150,This position,other,worker,will,False,active,plain,obligation,obligation,True,0.9,other,True,
anchorage_school_district__54__0f80b912,54.pdf,Anchorage School District,25,"Members assigned to summer school duties shall be paid at their current per diem rate or appropriate portion thereof, depending on time on duty.",Members assigned to summer school duties,management,worker,shall,False,passive,rights_passive,right,obligation,False,1.0,compensation,True,
anchorage_school_district__54__0f80b912,54.pdf,Anchorage School District,25,Regular Summer School vacancies shall be posted in the Human Resources Office and in all schools,Regular Summer School vacancies,management,worker,shall,False,passive,plain,obligation,obligation,True,1.0,transfers,True,
anchorage_school_district__54__0f80b912,54.pdf,Anchorage School District,25,shall list any special qualifications required.,Regular Summer School vacancies,management,worker,shall,False,active,plain,obligation,obligation,True,1.0,transfers,True,
anchorage_school_district__54__0f80b912,54.pdf,Anchorage School District,25,District candidates will be consid- ered first.,District candidates,management,worker,will,False,passive,plain,obligation,obligation,True,0.9,transfers,True,
anchorage_school_district__54__0f80b912,54.pdf,Anchorage School District,25,"If no District candidate is hired, out-of-District candidates will be considered.",out-of-District candidates,management,management,will,False,passive,plain,obligation,obligation,True,0.9,transfers,True,
anchorage_school_district__54__0f80b912,54.pdf,Anchorage School District,25,Applicants will be notified of the status of their candidacy.,Applicants,management,worker,will,False,passive,rights_passive,right,obligation,False,0.9,other,True,
anchorage_school_district__54__0f80b912,54.pdf,Anchorage School District,25,Summer service provided to Special Education stu- dents will be arranged by the Special Education Department,Summer service provided to Special Education stu- dents,management,management,will,False,active,plain,obligation,obligation,True,0.9,other,True,
anchorage_school_district__54__0f80b912,54.pdf,Anchorage School District,25,shall be outside the scope of Section E (2).,Summer service provided to Special Education stu- dents,other,management,shall,False,active,plain,obligation,other,False,1.0,other,True,
anchorage_school_district__54__0f80b912,54.pdf,Anchorage School District,25,Participation in any summer teaching activity will be voluntary.,Participation in any summer teaching activity,other,worker,will,False,active,plain,obligation,right,False,0.9,other,True,
anchorage_school_district__54__0f80b912,54.pdf,Anchorage School District,25,the member will be notified of this on or before the last day of the summer school term.,the member,management,worker,will,False,passive,rights_passive,right,obligation,False,0.9,other,True,
anchorage_school_district__54__0f80b912,54.pdf,Anchorage School District,25,"Such advance notice will also be provided, to the degree possible, regarding the elimination of a member’s summer school assignment.",Such advance notice,management,worker,will,False,passive,rights_passive,right,obligation,False,0.9,other,True,
anchorage_school_district__54__0f80b912,54.pdf,Anchorage School District,25,"At the member’s request, a written statement of the reason will be provided",a written statement of the reason,management,worker,will,False,passive,rights_passive,right,obligation,False,0.9,other,True,
anchorage_school_district__54__0f80b912,54.pdf,Anchorage School District,25,"those members not given written notices shall have first right of refusal to any regular education summer school opening, whatever the delay between summer school sessions.",those members not given written notices,worker,worker,shall,False,active,rights_active,right,right,True,1.0,transfers,True,
anchorage_school_district__54__0f80b912,54.pdf,Anchorage School District,25,Vacancies in special Summer Schools shall be filled in accord with the above procedures,Vacancies in special Summer Schools,management,worker,shall,False,passive,plain,obligation,obligation,True,1.0,transfers,True,
anchorage_school_district__54__0f80b912,54.pdf,Anchorage School District,25,first right of refusal shall be granted to staff currently assigned to the program or school offering the summer session,first right of refusal,management,worker,shall,False,passive,rights_passive,right,right,True,1.0,transfers,True,
anchorage_school_district__54__0f80b912,54.pdf,Anchorage School District,25,special qualifications may be required.,special qualifications,management,management,may,False,passive,plain,permission,permission,True,0.3,other,True,
anchorage_school_district__54__0f80b912,54.pdf,Anchorage School District,25,Special qualification requirements must be listed on the Position Vacancy Announcement.,Special qualification requirements,management,worker,must,False,passive,plain,obligation,obligation,True,1.0,other,True,
anchorage_school_district__54__0f80b912,54.pdf,Anchorage School District,26,"Members who use a private passenger vehicle for District business shall be reimbursed for the vehicle use at the approved federal rate of per mile reimbursement, adjusted annually.",Members who use a private passenger vehicle for District business,management,worker,shall,False,passive,rights_passive,right,obligation,False,1.0,compensation,True,
anchorage_school_district__54__0f80b912,54.pdf,Anchorage School District,26,No reimbursement shall be made for mileage traveled by a member to the first nor from the last duty station.,No reimbursement,worker,management,shall,True,passive,plain,prohibition,prohibition,True,1.0,compensation,True,
anchorage_school_district__54__0f80b912,54.pdf,Anchorage School District,26,"Should the federal mileage reimbursement rate change, the rate will be adjusted prospectively.",the rate,management,worker,will,False,passive,plain,obligation,obligation,True,0.9,compensation,True,
anchorage_school_district__54__0f80b912,54.pdf,Anchorage School District,26,"The District also agrees to pay the members who drive more than 475 miles per month, averaged across the school year and who apply directly to the Payroll Department before April 15, the equivalent of two month’s mileage reimbursement in lump sum at the end of the school year.",The District,management,worker,,False,active,plain,other,obligation,False,0.0,compensation,True,
anchorage_school_district__54__0f80b912,54.pdf,Anchorage School District,26,The monthly amount will be determined by dividing the dollars paid in reimbursement between August 31 and May 15 by nine.,The monthly amount,management,worker,will,False,passive,plain,obligation,obligation,True,0.9,compensation,True,
anchorage_school_district__54__0f80b912,54.pdf,Anchorage School District,26,"In the event a tenured member retires because of disability and subsequently recovers, the member shall have rehire privileges as defined by Alaska statute 14.20.165 and appropriate regulations.",the member,worker,worker,shall,False,active,plain,obligation,right,False,1.0,job_security,True,
anchorage_school_district__54__0f80b912,54.pdf,Anchorage School District,26,"For the 2007-2008 year, the District shall contribute $890.00 per member who elects health coverage through the NEA Alaska Health Plan per month toward the cost of health care.",the District,management,worker,shall,False,active,plain,obligation,obligation,True,1.0,benefits,True,
anchorage_school_district__54__0f80b912,54.pdf,Anchorage School District,26,The District contribution will increase to $975.00 for 2008-2009 and to $1060.00 for 2009-2010.,The District contribution,management,worker,will,False,active,plain,obligation,obligation,True,0.9,benefits,True,
anchorage_school_district__54__0f80b912,54.pdf,Anchorage School District,26,This contribution shall be transmitted to the NEA-Alaska Health Plan Trust account with the clear understanding that such funds may be used only to provide a comprehensive health plan for Anchorage School District teachers.,This contribution,management,worker,shall,False,passive,plain,obligation,obligation,True,1.0,benefits,True,
anchorage_school_district__54__0f80b912,54.pdf,Anchorage School District,26,The District shall have no obligation or responsibility for any aspect of plan selection or for administration of benefits offered under whatever plan may be purchased by the Association.,The District,management,management,shall,True,active,plain,prohibition,prohibition,True,1.0,benefits,True,
anchorage_school_district__54__0f80b912,54.pdf,Anchorage School District,26,The District will retain an amount equal to the contribution referenced in (A.) above for each member waiving health coverage.,The District,management,worker,will,False,active,plain,obligation,obligation,True,0.9,benefits,True,
anchorage_school_district__54__0f80b912,54.pdf,Anchorage School District,26,Beginning in July 2008 the District will apply the full amount retained the prior fiscal year to the members’ portion of the premium amount on a monthly basis until the retained funds from the prior fiscal year are expended.,the District,management,worker,will,False,active,plain,obligation,obligation,True,0.9,benefits,True,
anchorage_school_district__54__0f80b912,54.pdf,Anchorage School District,26,An independent accounting of the waiver monies will be provided by the District to the Association as agreed upon by the parties.,An independent accounting of the waiver monies,worker,worker,will,False,passive,rights_passive,right,obligation,False,0.9,other,True,
anchorage_school_district__54__0f80b912,54.pdf,Anchorage School District,26,"The District will transmit the District’s contribution of funds to NEA-Alaska Health Trust in accordance with the Memorandum of Understanding that was signed by the parties on May 9, 2006.",The District,management,worker,will,False,active,plain,obligation,obligation,True,0.9,benefits,True,
anchorage_school_district__54__0f80b912,54.pdf,Anchorage School District,28,"Members may purchase, at their expense, and at the then current group rate, supplemental term life insurance in an amount equal to the difference between three times their annual salary and $100,000.",Members,worker,worker,may,False,active,plain,permission,permission,True,0.3,benefits,True,
anchorage_school_district__54__0f80b912,54.pdf,Anchorage School District,28,Member contributions shall be made by payroll deduction.,Member contributions,other,management,shall,False,passive,plain,obligation,obligation,True,1.0,benefits,True,
anchorage_school_district__54__0f80b912,54.pdf,Anchorage School District,28,"Members may purchase, at their expense, at the then current rates, life insurance for eligible dependents in accordance with current Alaska Statutes and as described in a master contract between the District and the insurance carrier.",Members,worker,worker,may,False,active,plain,permission,permission,True,0.3,benefits,True,
anchorage_school_district__54__0f80b912,54.pdf,Anchorage School District,28,"Upon termination, a member may elect to convert the life insurance coverage provided by the District during the period of the member’s employment.",a member,worker,worker,may,False,active,plain,permission,permission,True,0.3,benefits,True,
anchorage_school_district__54__0f80b912,54.pdf,Anchorage School District,28,"If such election is made, the terminated member shall pay all the premiums for the insurance.",the terminated member,worker,management,shall,False,active,plain,obligation,obligation,True,1.0,benefits,True,
anchorage_school_district__54__0f80b912,54.pdf,Anchorage School District,28,The conversion rate shall be established by the insurance carrier.,The conversion rate,other,management,shall,False,passive,plain,obligation,obligation,True,1.0,other,True,
anchorage_school_district__54__0f80b912,54.pdf,Anchorage School District,28,The maximum face value of such insurance may not exceed that of the coverage in force on the member immediately prior to the member’s termination.,The maximum face value of such insurance,other,management,may,True,active,plain,prohibition,prohibition,True,0.3,other,True,
anchorage_school_district__54__0f80b912,54.pdf,Anchorage School District,28,A member on an approved long-term unpaid leave of absence may elect to continue the life insurance coverage in force during the member’s employment.,A member on an approved long-term unpaid leave of absence,worker,worker,may,False,active,plain,permission,permission,True,0.3,benefits,True,
anchorage_school_district__54__0f80b912,54.pdf,Anchorage School District,28,"If such election is made, the member shall pay all premiums for the insurance at the then current group rate.",the member,worker,management,shall,False,active,plain,obligation,obligation,True,1.0,benefits,True,
anchorage_school_district__54__0f80b912,54.pdf,Anchorage School District,28,Employee Assistance Program benefits are provided through the NEA-Alaska Health Trust under the comprehensive health plan for Anchorage School District teachers.,Employee Assistance Program benefits,other,worker,,False,passive,rights_passive,right,right,True,0.85,benefits,True,
anchorage_school_district__54__0f80b912,54.pdf,Anchorage School District,28,"Members injured on the job shall be eligible to whatever compensation is available under the Workers’ Compensation Act, in accord with rules established by the District.",Members injured on the job,worker,worker,shall,False,active,plain,obligation,obligation,True,1.0,benefits,True,
anchorage_school_district__54__0f80b912,54.pdf,Anchorage School District,28,"Further, members may elect to supplement their income while on leave with a compensable injury by drawing from their accrued sick leave.",members,worker,worker,may,False,active,plain,permission,permission,True,0.3,leave,True,
anchorage_school_district__54__0f80b912,54.pdf,Anchorage School District,28,Sick leave may be used on the basis of 1/2 day of sick leave for each full day on Workers’ Compensation.,Sick leave,other,worker,may,False,passive,plain,permission,permission,True,0.3,leave,True,
anchorage_school_district__54__0f80b912,54.pdf,Anchorage School District,28,"Once the option to use sick leave is elected by the member, it will remain in effect until the member exhausts their personal sick leave accrual, or returns to work.",it,other,worker,will,False,active,plain,obligation,obligation,True,0.9,leave,True,
anchorage_school_district__54__0f80b912,54.pdf,Anchorage School District,28,Retirement contributions shall be paid by the District only on income earned through use of sick leave.,Retirement contributions,management,management,shall,False,passive,rights_passive,right,obligation,False,1.0,compensation,True,
anchorage_school_district__54__0f80b912,54.pdf,Anchorage School District,28,"Members with compensable injuries, on leave under provisions of this Article, are ineligible for Sick Leave Bank withdrawals.","Members with compensable injuries, on leave under provisions of this Article",worker,management,,False,active,plain,other,other,True,0.0,leave,True,
anchorage_school_district__54__0f80b912,54.pdf,Anchorage School District,28,"The District shall reimburse the members for costs, through workers’ compensation, of replacing or repairing their dentures, eyeglasses, hearing aids, or similar appurtenances that are damaged or destroyed as a result of circumstances involving the discharge of their duties including but not limited to physical assault by students, necessary physical force used by the member to protect self, another member, student, or parent from possible injury, and in an extraordinary case of breach of discipline to restrain a disruptive pupil.",The District,management,worker,shall,False,active,rights_passive,right,obligation,False,1.0,benefits,True,
anchorage_school_district__54__0f80b912,54.pdf,Anchorage School District,31,A teacher on approved sabbatical or long-term leave will be notified by certified mail at the address listed in the Human Resources Office of all information concerning any changes that have occurred in District retirement programs or other benefits in the 200 Series about which the District notifies its certificated staff.,A teacher on approved sabbatical or long-term leave,management,worker,will,False,passive,rights_passive,right,obligation,False,0.9,leave,True,
anchorage_school_district__54__0f80b912,54.pdf,Anchorage School District,31,"Notice of intent to return from leave must be given to the District by certified mail by March 15, if on full year or second semester leave.",Notice of intent to return from leave,management,management,must,False,passive,plain,obligation,obligation,True,1.0,leave,True,
anchorage_school_district__54__0f80b912,54.pdf,Anchorage School District,31,"Notice of intent to return from leave must be given to the District by November 15, if on leave for first semester only.",Notice of intent to return from leave,management,management,must,False,passive,plain,obligation,obligation,True,1.0,leave,True,
anchorage_school_district__54__0f80b912,54.pdf,Anchorage School District,31,"If such timely notice is received, the District shall provide the teacher with a list of current vacancies.",the District,management,worker,shall,False,active,plain,obligation,obligation,True,1.0,leave,True,
anchorage_school_district__54__0f80b912,54.pdf,Anchorage School District,31,"Teachers who fail to give proper notice of their intent to return shall not be considered for placement during the annual staffing meetings, usually held between April and September.",Teachers who fail to give proper notice of their intent to return,management,management,shall,True,passive,plain,prohibition,prohibition,True,1.0,leave,True,
anchorage_school_district__54__0f80b912,54.pdf,Anchorage School District,31,They shall be placed on a position available basis after all other staffing has been completed.,They,management,management,shall,False,passive,plain,obligation,obligation,True,1.0,leave,True,
anchorage_school_district__54__0f80b912,54.pdf,Anchorage School District,31,"If suit is brought against a member for actions taken within Board Policy and the scope of employment, the member shall be entitled to paid leave for any periods of work missed while participating in such proceedings.",the member,worker,worker,shall,False,active,rights_passive,right,right,True,1.0,benefits,True,
anchorage_school_district__54__0f80b912,54.pdf,Anchorage School District,31,No member is entitled to paid legal leave when the member is involved in personal litigation or is a plaintiff in action being taken against the District.,No member,worker,management,,True,active,rights_passive,other,other,True,0.0,benefits,True,
anchorage_school_district__54__0f80b912,54.pdf,Anchorage School District,31,"If a member misses work because of jury duty, or if a member is required by subpoena to give testimony before a judicial or administrative tribunal in a proceeding in which the member is not a plaintiff or defendant, the member shall be entitled to paid leave.",the member,worker,worker,shall,False,active,rights_passive,right,right,True,1.0,benefits,True,
anchorage_school_district__54__0f80b912,54.pdf,Anchorage School District,31,The member will return to the District any money in excess of required meal and parking expenses.,The member,worker,management,will,False,active,plain,obligation,obligation,True,0.9,compensation,True,
anchorage_school_district__54__0f80b912,54.pdf,Anchorage School District,31,Money received for non-work days or holidays shall be kept by the member.,Money received for non-work days or holidays,worker,worker,shall,False,passive,plain,obligation,right,False,1.0,compensation,True,
anchorage_school_district__54__0f80b912,54.pdf,Anchorage School District,31,A member dismissed from jury duty shall return to duty as soon as possible.,A member dismissed from jury duty,worker,management,shall,False,active,plain,obligation,obligation,True,1.0,other,True,
anchorage_school_district__54__0f80b912,54.pdf,Anchorage School District,31,"If a substitute has been obtained, the member may utilize the remainder of the day for instructional planning.",the member,worker,worker,may,False,active,plain,permission,permission,True,0.3,workload,True,
anchorage_school_district__54__0f80b912,54.pdf,Anchorage School District,31,The member shall not lose his/her duty-free lunch.,The member,worker,worker,shall,True,active,plain,prohibition,prohibition,True,1.0,workload,True,
anchorage_school_district__54__0f80b912,54.pdf,Anchorage School District,31,Full-time members shall be entitled to two and one-half days of personal leave with pay each year.,Full-time members,worker,worker,shall,False,active,rights_passive,right,right,True,1.0,leave,True,
anchorage_school_district__54__0f80b912,54.pdf,Anchorage School District,31,Part-time members shall be entitled to personal leave as determined by the following formula:,Part-time members,worker,worker,shall,False,active,rights_passive,right,right,True,1.0,leave,True,
anchorage_school_district__54__0f80b912,54.pdf,Anchorage School District,31,No more than five personal leave days may be carried over from one school year to the next.,No more than five personal leave days,worker,management,may,False,passive,plain,permission,prohibition,False,0.3,leave,True,Ceiling restriction is affirmative per instructions.
anchorage_school_district__54__0f80b912,54.pdf,Anchorage School District,31,Unused personal leave days in excess of five will be cashed out at the end of the school year at the member’s per diem rate for that year.,Unused personal leave days in excess of five,management,worker,will,False,passive,rights_passive,right,obligation,False,0.9,leave,True,
anchorage_school_district__54__0f80b912,54.pdf,Anchorage School District,31,A member may cash out previously accrued unused personal leave days at any time.,A member,worker,worker,may,False,active,plain,permission,permission,True,0.3,leave,True,
anchorage_school_district__54__0f80b912,54.pdf,Anchorage School District,31,A member wishing to cash out leave must notify payroll by the 1st of the month in which the memb,A member wishing to cash out leave,worker,management,must,False,active,plain,obligation,obligation,True,1.0,leave,True,Truncated at end of chunk.
anchorage_school_district__54__0f80b912,54.pdf,Anchorage School District,32,A member wishing to cash out leave must notify payroll by the 1st of the month in which the member wishes payment which will be included in the next check.,A member wishing to cash out leave,worker,management,must,False,active,obligation_verb,obligation,obligation,True,1.0,leave,True,
anchorage_school_district__54__0f80b912,54.pdf,Anchorage School District,32,"Personal leave may not be used during the first or last five student days of the school term, unit or District in-service days.",Personal leave,management,management,may,True,passive,prohibition_verb,permission,prohibition,False,0.3,leave,True,
anchorage_school_district__54__0f80b912,54.pdf,Anchorage School District,32,Members may not use personal leave in any combination that includes both the day before and the day after either Winter or Spring vacations.,Members,worker,management,may,True,active,prohibition_verb,permission,prohibition,False,0.3,leave,True,
anchorage_school_district__54__0f80b912,54.pdf,Anchorage School District,32,Exceptions to the restrictions in 330 A may be granted at the discretion of the District for major life events or upon recommendation of the unit administrator;,Exceptions to the restrictions in 330 A,management,management,may,False,passive,permission_verb,permission,permission,True,0.3,leave,True,
anchorage_school_district__54__0f80b912,54.pdf,Anchorage School District,32,Employees shall request personal leave at least 24 hours prior to the beginning of the leave.,Employees,worker,management,shall,False,active,obligation_verb,obligation,obligation,True,1.0,leave,True,
anchorage_school_district__54__0f80b912,54.pdf,Anchorage School District,32,Exceptions to the time restrictions may be granted by the unit administrator;,Exceptions to the time restrictions,management,management,may,False,passive,permission_verb,permission,permission,True,0.3,leave,True,
anchorage_school_district__54__0f80b912,54.pdf,Anchorage School District,32,"No member shall be required to use personal leave except as provided in Articles 332, 350 and 360;",No member,management,worker,shall,True,passive,prohibition_verb,permission,prohibition,False,1.0,leave,True,
anchorage_school_district__54__0f80b912,54.pdf,Anchorage School District,32,"Leave approval will be at the discretion of the immediate supervisor who may deny personal leave if the number of members requesting leave for any one day exceeds 10% of the teaching staff or two members, whichever is more at the unit level, or otherwise threatens to disrupt the unit’s educational program.",Leave approval,management,management,will,False,active,plain,obligation,obligation,True,0.9,leave,True,
anchorage_school_district__54__0f80b912,54.pdf,Anchorage School District,32,Denial notice must be given to the member at least 12 hours prior to the leave time;,Denial notice,management,worker,must,False,passive,obligation_verb,obligation,obligation,True,1.0,leave,True,
anchorage_school_district__54__0f80b912,54.pdf,Anchorage School District,32,Evening High School members not under contract and summer school members during that period of employment are not eligible to earn or use personal leave.,Evening High School members not under contract and summer school members during that period of employment,worker,management,,True,active,prohibition_verb,permission,prohibition,False,0.85,leave,True,
anchorage_school_district__54__0f80b912,54.pdf,Anchorage School District,32,Members whose religions require their absence from school shall be granted necessary leave days.,Members whose religions require their absence from school,management,worker,shall,False,passive,rights_passive,right,obligation,False,1.0,leave,True,
anchorage_school_district__54__0f80b912,54.pdf,Anchorage School District,32,Members will first use personal leave days then unpaid leave days on a one-half day charge per full day use basis.,Members,worker,management,will,False,active,obligation_verb,obligation,obligation,True,0.9,leave,True,
anchorage_school_district__54__0f80b912,54.pdf,Anchorage School District,32,"the member shall be granted, upon request, unpaid leave days not to exceed the number of personal leave days used for religious observances.",the member,management,worker,shall,False,passive,rights_passive,right,obligation,False,1.0,leave,True,
anchorage_school_district__54__0f80b912,54.pdf,Anchorage School District,33,The District reserves the right to request validation of absence for religious observance leave.,The District,management,management,,False,active,plain,other,permission,False,0.0,leave,True,
anchorage_school_district__54__0f80b912,54.pdf,Anchorage School District,33,"Seven hundred fifty (750) member-initiated professional leave days and twenty-five thousand dollars ($25,000) for stipends (250 x $100/day) shall be allocated annually to improve instruction and to support District training and development initiatives.","Seven hundred fifty (750) member-initiated professional leave days and twenty-five thousand dollars ($25,000) for stipends (250 x $100/day)",other,worker,shall,False,passive,plain,obligation,obligation,True,1.0,professional_development,True,Inanimate subject
anchorage_school_district__54__0f80b912,54.pdf,Anchorage School District,33,Stipends will be used to pay members for attending District-approved voluntary training on non-school days.,Stipends,other,worker,will,False,passive,plain,obligation,obligation,True,0.9,professional_development,True,Inanimate subject
anchorage_school_district__54__0f80b912,54.pdf,Anchorage School District,33,"Five hundred days and $15,000 shall be allocated to the unit/program level and 250 days and $10,000 to a District Bank.","Five hundred days and $15,000",other,worker,shall,False,passive,plain,obligation,obligation,True,1.0,professional_development,True,Elliptical second conjunct omitted for brevity
anchorage_school_district__54__0f80b912,54.pdf,Anchorage School District,33,The District shall maintain and make available to the Association a database of professional leave usage across the District.,The District,management,worker,shall,False,active,plain,obligation,obligation,True,1.0,professional_development,True,
anchorage_school_district__54__0f80b912,54.pdf,Anchorage School District,33,"The data collected shall include member name, year of award, amount of award, its purpose, and name of the school or program.",The data collected,other,worker,shall,False,active,plain,obligation,obligation,True,1.0,professional_development,True,
anchorage_school_district__54__0f80b912,54.pdf,Anchorage School District,33,"Unit days and stipends shall be awarded by selection committees, chaired by the principal or supervisor.",Unit days and stipends,management,management,shall,False,passive,rights_passive,right,obligation,False,1.0,professional_development,True,Agent is mixed selection committee
anchorage_school_district__54__0f80b912,54.pdf,Anchorage School District,33,Each committee shall establish selection criteria that are based on District goals.,Each committee,other,management,shall,False,active,plain,obligation,obligation,True,1.0,professional_development,True,
anchorage_school_district__54__0f80b912,54.pdf,Anchorage School District,33,Leave requests that are supported by the committee after the Bank is exhausted may be granted to a member willing to pay the cost of their substitute with the approval of the principal and Training and Professional Development Department.,Leave requests that are supported by the committee after the Bank is exhausted,management,worker,may,False,passive,rights_passive,right,permission,False,0.3,leave,True,
anchorage_school_district__54__0f80b912,54.pdf,Anchorage School District,33,Following the committee process the candidate who was awarded days will formally apply through the District identified process.,the candidate,worker,management,will,False,active,plain,obligation,obligation,True,0.9,leave,True,
anchorage_school_district__54__0f80b912,54.pdf,Anchorage School District,33,"This process will confirm principal and District approval, as well as allow members to combine school allocation, District Bank, and paying the cost of a substitute when appropriate and approved.",This process,other,worker,will,False,active,plain,obligation,obligation,True,0.9,leave,True,
anchorage_school_district__54__0f80b912,54.pdf,Anchorage School District,33,Days and stipends from the District Bank shall be awarded by the Training and Professional Development Department in accord with criteria established below.,Days and stipends from the District Bank,management,worker,shall,False,passive,rights_passive,right,obligation,False,1.0,compensation,True,
anchorage_school_district__54__0f80b912,54.pdf,Anchorage School District,33,Those denied requests may appeal to the Executive Director of Human Resources or designee.,Those denied requests,worker,worker,may,False,active,plain,permission,permission,True,0.3,discipline,True,Grammatically refers to applicants despite awkward phrasing
anchorage_school_district__54__0f80b912,54.pdf,Anchorage School District,33,Twenty-five percent of the allocations to the District Bank shall be reserved for the second semester.,Twenty-five percent of the allocations to the District Bank,other,worker,shall,False,passive,plain,obligation,obligation,True,1.0,leave,True,
anchorage_school_district__54__0f80b912,54.pdf,Anchorage School District,33,Individual access to leave days from the District Bank shall be limited to two (2) days each school year.,Individual access to leave days from the District Bank,other,management,shall,False,active,plain,obligation,obligation,True,1.0,leave,True,
anchorage_school_district__54__0f80b912,54.pdf,Anchorage School District,34,These selection criteria shall apply to all members of the bargaining unit,These selection criteria,other,worker,shall,False,active,plain,obligation,obligation,True,1.0,professional_development,True,
anchorage_school_district__54__0f80b912,54.pdf,Anchorage School District,34,days granted to those for whom no substitute is secured shall not count against the school allocation or District Bank.,days granted to those for whom no substitute is secured,other,worker,shall,True,active,plain,prohibition,prohibition,True,1.0,leave,True,
anchorage_school_district__54__0f80b912,54.pdf,Anchorage School District,34,"leaves shall be for a full school year, shall count as a year of District service as well as membership service in the retirement system, and shall not constitute a break in service.",leaves,other,worker,shall,False,active,plain,obligation,obligation,True,1.0,leave,True,compound predicate; final verb negated
anchorage_school_district__54__0f80b912,54.pdf,Anchorage School District,34,"the District shall increase by $15,000 its support for teacher mentors assigned to work with new-to-District teachers, as described in Article 463.",the District,management,worker,shall,False,active,plain,obligation,obligation,True,1.0,professional_development,True,
anchorage_school_district__54__0f80b912,54.pdf,Anchorage School District,34,A member on sabbatical leave shall receive 50% of scheduled salary.,A member on sabbatical leave,worker,worker,shall,False,active,rights_active,right,right,True,1.0,compensation,True,
anchorage_school_district__54__0f80b912,54.pdf,Anchorage School District,34,the member must pay 50% of the insurance premiums at the then current rate.,the member,worker,management,must,False,active,plain,obligation,obligation,True,1.0,benefits,True,
anchorage_school_district__54__0f80b912,54.pdf,Anchorage School District,34,The District will pay into the retirement fund on the basis of full salary.,The District,management,worker,will,False,active,plain,obligation,obligation,True,0.9,benefits,True,
anchorage_school_district__54__0f80b912,54.pdf,Anchorage School District,34,The member’s retirement contributions will be paid by the member through payroll deductions.,The member’s retirement contributions,worker,management,will,False,passive,plain,obligation,obligation,True,0.9,benefits,True,explicit agent 'by the member'
anchorage_school_district__54__0f80b912,54.pdf,Anchorage School District,34,Members on sabbatical leave will not earn sick or personal leave.,Members on sabbatical leave,worker,management,will,True,active,rights_active,other,other,True,0.0,leave,True,
anchorage_school_district__54__0f80b912,54.pdf,Anchorage School District,34,Applicants must have at least seven years of District service.,Applicants,worker,management,must,False,active,plain,obligation,obligation,True,1.0,leave,True,
anchorage_school_district__54__0f80b912,54.pdf,Anchorage School District,34,Leaves may be taken only for educational purposes.,Leaves,worker,management,may,False,passive,plain,permission,prohibition,False,0.3,leave,True,
anchorage_school_district__54__0f80b912,54.pdf,Anchorage School District,34,Sabbatical leave recipients must return to District employment for a period of at least one year following the year of leave,Sabbatical leave recipients,worker,management,must,False,active,plain,obligation,obligation,True,1.0,leave,True,
anchorage_school_district__54__0f80b912,54.pdf,Anchorage School District,34,they will be required to refund to the District the amount paid for salary and benefits for the sabbatical leave year.,they,worker,management,will,False,passive,obligation_verb,obligation,obligation,True,0.9,leave,True,
anchorage_school_district__54__0f80b912,54.pdf,Anchorage School District,34,Exceptions to this restriction will be made for just cause.,Exceptions to this restriction,management,worker,will,False,passive,plain,obligation,permission,False,0.9,leave,True,
anchorage_school_district__54__0f80b912,54.pdf,Anchorage School District,34,"A Sabbatical Leave Committee composed of three representatives appointed by the Association and three representatives appointed by the District, will meet during the first full week in February to review all applications for leave",A Sabbatical Leave Committee composed of three representatives appointed by the Association and three representatives appointed by the District,other,worker,will,False,active,plain,obligation,obligation,True,0.9,leave,True,
anchorage_school_district__54__0f80b912,54.pdf,Anchorage School District,34,The Committee shall evaluate applicants according to:,The Committee,other,worker,shall,False,active,plain,obligation,obligation,True,1.0,leave,True,
anchorage_school_district__54__0f80b912,54.pdf,Anchorage School District,34,the Committee will submit the sabbatical leave names to the Superintendent,the Committee,other,worker,will,False,active,plain,obligation,obligation,True,0.9,leave,True,
anchorage_school_district__54__0f80b912,54.pdf,Anchorage School District,34,The District shall not be approving sabbatical leave during the duration of this Agreement.,The District,management,management,shall,True,active,plain,prohibition,prohibition,True,1.0,leave,True,
anchorage_school_district__54__0f80b912,54.pdf,Anchorage School District,34,the member shall be assigned to the previously held position,the member,management,worker,shall,False,passive,plain,obligation,obligation,True,1.0,job_security,True,
anchorage_school_district__54__0f80b912,54.pdf,Anchorage School District,35,"Upon return from a sabbatical leave, the member shall be assigned to the previously held position, unless that position has been eliminated or changed.",the member,management,worker,shall,False,passive,rights_passive,right,obligation,False,1.0,job_security,True,
anchorage_school_district__54__0f80b912,54.pdf,Anchorage School District,35,In that case the member shall be treated as though the member had been in the building during the sabbatical leave year.,the member,management,worker,shall,False,passive,rights_passive,right,right,True,1.0,job_security,True,
anchorage_school_district__54__0f80b912,54.pdf,Anchorage School District,35,Teachers shall accrue paid sick leave without limit at the rate of one and one-third days for each calendar month or each major portion of each calendar month of actual service.,Teachers,worker,worker,shall,False,active,rights_active,right,right,True,1.0,leave,True,
anchorage_school_district__54__0f80b912,54.pdf,Anchorage School District,35,Part-time teachers shall accrue prorated sick leave in accordance with the full-time equivalency of their contracts.,Part-time teachers,worker,worker,shall,False,active,rights_active,right,right,True,1.0,leave,True,
anchorage_school_district__54__0f80b912,54.pdf,Anchorage School District,35,Sick leave days shall be advanced at the beginning of the school year.,Sick leave days,management,worker,shall,False,passive,rights_passive,right,obligation,False,1.0,leave,True,
anchorage_school_district__54__0f80b912,54.pdf,Anchorage School District,35,Sick leave days used in advance and not earned to date shall be repaid to the District should the teacher not fulfill the full teaching contract for any reason.,Sick leave days used in advance and not earned to date,management,management,shall,False,passive,rights_passive,right,obligation,False,1.0,leave,True,
anchorage_school_district__54__0f80b912,54.pdf,Anchorage School District,35,Newly hired teachers shall be notified of the Regulations.,Newly hired teachers,management,worker,shall,False,passive,rights_passive,right,obligation,False,1.0,other,True,
anchorage_school_district__54__0f80b912,54.pdf,Anchorage School District,35,"The newly hired teacher has the responsibility to furnish to Payroll, within 90 calendar days, a statement from the former district of the amount of sick leave to be transferred.",The newly hired teacher,worker,management,,False,active,obligation_verb,obligation,obligation,True,0.85,leave,True,
anchorage_school_district__54__0f80b912,54.pdf,Anchorage School District,35,A newly hired teacher cannot use previously accumulated sick leave unless the teacher has begun the teaching contract.,A newly hired teacher,worker,management,can,True,active,prohibition_verb,permission,prohibition,False,0.3,leave,True,
anchorage_school_district__54__0f80b912,54.pdf,Anchorage School District,35,"A teacher on approved leave may retain cumulative sick leave for the leave period, unless otherwise restricted in this agreement.",A teacher on approved leave,worker,worker,may,False,active,permission_verb,permission,permission,True,0.3,leave,True,
anchorage_school_district__54__0f80b912,54.pdf,Anchorage School District,35,"A teacher may use accrued sick leave for personal injury, personal illness, or for the illness or welfare of a person in the teacher’s immediate family, as defined in 310.",A teacher,worker,worker,may,False,active,permission_verb,permission,permission,True,0.3,leave,True,
anchorage_school_district__54__0f80b912,54.pdf,Anchorage School District,35,Leave used for immediate family shall be available only until a person can be obtained to care for the immediate family member.,Leave used for immediate family,management,management,shall,False,active,plain,obligation,prohibition,False,1.0,leave,True,
anchorage_school_district__54__0f80b912,54.pdf,Anchorage School District,35,"A teacher may use six weeks of sick leave for recovery, subject to accrued leave and Sick Leave Bank provisions.",A teacher,worker,worker,may,False,active,permission_verb,permission,permission,True,0.3,leave,True,
anchorage_school_district__54__0f80b912,54.pdf,Anchorage School District,35,Leave shall be extended by two weeks if delivery is cesarean.,Leave,management,worker,shall,False,passive,rights_passive,right,obligation,False,1.0,leave,True,
anchorage_school_district__54__0f80b912,54.pdf,Anchorage School District,35,Leave may also be extended due to complications when verified by a physician’s statement.,Leave,management,worker,may,False,passive,rights_passive,right,permission,False,0.3,leave,True,
anchorage_school_district__54__0f80b912,54.pdf,Anchorage School District,35,"In the case of emergency or sudden teacher illness where medical service is not locally available, reasonable travel time to the nearest competent medical service will be allowed as sick leave.",reasonable travel time to the nearest competent medical service,management,worker,will,False,passive,rights_passive,right,permission,False,0.9,leave,True,
anchorage_school_district__54__0f80b912,54.pdf,Anchorage School District,36,the District may require a statement from the teacher’s physician,the District,management,management,may,False,active,plain,permission,permission,True,0.3,leave,True,
anchorage_school_district__54__0f80b912,54.pdf,Anchorage School District,36,may require the teacher to submit to an examination by a physician of the District’s choosing.,the District,management,management,may,False,active,plain,permission,permission,True,0.3,leave,True,
anchorage_school_district__54__0f80b912,54.pdf,Anchorage School District,36,all costs will be paid by the District.,all costs,management,worker,will,False,passive,rights_passive,right,obligation,False,0.9,leave,True,
anchorage_school_district__54__0f80b912,54.pdf,Anchorage School District,36,A bargaining unit member who is a member of the Sick Leave Bank may be provided leave through the Sick Leave Bank.,A bargaining unit member who is a member of the Sick Leave Bank,management,worker,may,False,passive,rights_passive,right,permission,False,0.3,leave,True,
anchorage_school_district__54__0f80b912,54.pdf,Anchorage School District,36,The Sick Leave Bank committee will develop criteria for use of catastrophic leave,The Sick Leave Bank committee,other,management,will,False,active,plain,obligation,obligation,True,0.9,leave,True,
anchorage_school_district__54__0f80b912,54.pdf,Anchorage School District,36,shall be responsible for reviewing and approving requests for catastrophic leave withdrawal from the Bank.,The Sick Leave Bank committee,other,management,shall,False,active,obligation_verb,obligation,obligation,True,1.0,leave,True,
anchorage_school_district__54__0f80b912,54.pdf,Anchorage School District,36,The committee will develop criteria for use of the Sick Leave Bank.,The committee,other,management,will,False,active,plain,obligation,obligation,True,0.9,leave,True,
anchorage_school_district__54__0f80b912,54.pdf,Anchorage School District,36,Changes to the Sick Leave Bank Rules and Regulations must be jointly approved by the AEA and District representatives on the committee.,Changes to the Sick Leave Bank Rules and Regulations,management,worker,must,False,passive,plain,obligation,obligation,True,1.0,other,True,joint approval required by both parties
anchorage_school_district__54__0f80b912,54.pdf,Anchorage School District,36,"The Sick Leave Bank Committee shall be responsible for reviewing and approving requests for sick leave withdrawal from the Bank, consistent with use restrictions contained in this Agreement.",The Sick Leave Bank Committee,other,management,shall,False,active,obligation_verb,obligation,obligation,True,1.0,leave,True,
anchorage_school_district__54__0f80b912,54.pdf,Anchorage School District,36,"A member who has exhausted personal and sick leave may apply for reasonable withdrawals, provided sufficient leave time is available in the Bank.",A member who has exhausted personal and sick leave,worker,worker,may,False,active,plain,permission,permission,True,0.3,leave,True,
anchorage_school_district__54__0f80b912,54.pdf,Anchorage School District,36,Withdrawals from the Sick Leave Bank shall be used exclusively for personal illness of the member.,Withdrawals from the Sick Leave Bank,management,management,shall,False,passive,plain,obligation,prohibition,False,1.0,leave,True,
anchorage_school_district__54__0f80b912,54.pdf,Anchorage School District,36,Awards in a given school year shall be limited to no more than twice the number of sick leave days accrued by the member as of the start of the school year in which the application is submitted.,Awards in a given school year,worker,management,shall,False,passive,plain,obligation,prohibition,False,1.0,leave,True,
anchorage_school_district__54__0f80b912,54.pdf,Anchorage School District,37,One-half day contribution to the Sick Leave Bank will occur automatically through payroll deduction during the first 60 calendar days of each school year or during the first 60 calendar days of employment each school year.,One-half day contribution to the Sick Leave Bank,other,management,will,False,active,plain,obligation,obligation,True,0.9,leave,True,
anchorage_school_district__54__0f80b912,54.pdf,Anchorage School District,37,"In the event the Sick Leave Bank exceeds 5000 days at the beginning of a school term, the above one-half day contribution to the bank will be deferred, except for new members, for the school year or until such time that the days in the Bank number 2,000.",the above one-half day contribution to the bank,management,management,will,False,passive,plain,obligation,obligation,True,0.9,leave,True,
anchorage_school_district__54__0f80b912,54.pdf,Anchorage School District,37,"A member electing not to join the Sick Leave Bank will inform the Human Resources Office in writing within 15 calendar days after the reporting or contracting date, whichever is later.",A member electing not to join the Sick Leave Bank,worker,management,will,False,active,plain,obligation,obligation,True,0.9,leave,True,
anchorage_school_district__54__0f80b912,54.pdf,Anchorage School District,37,Anyone who is not a member of the Sick Leave Bank will not be eligible for awards or donations from the membership.,Anyone who is not a member of the Sick Leave Bank,management,management,will,True,active,plain,prohibition,prohibition,True,0.9,leave,True,
anchorage_school_district__54__0f80b912,54.pdf,Anchorage School District,37,"A member who was previously a non-member of the Bank may elect to join by completing and submitting the appropriate form to the Human Resources Office by September 30, and donating one-half day of sick leave.",A member who was previously a non-member of the Bank,worker,worker,may,False,active,permission_verb,permission,permission,True,0.3,leave,True,
anchorage_school_district__54__0f80b912,54.pdf,Anchorage School District,37,Sick leave time assigned to the Bank shall remain the property of the Bank,Sick leave time assigned to the Bank,other,management,shall,False,active,plain,obligation,other,False,1.0,leave,True,
anchorage_school_district__54__0f80b912,54.pdf,Anchorage School District,37,no donor shall have any further claim to donated days,no donor,worker,management,shall,True,active,plain,prohibition,prohibition,True,1.0,leave,True,
anchorage_school_district__54__0f80b912,54.pdf,Anchorage School District,37,A member will not be reimbursed from the Bank for unpaid leave days until the application has been approved by the Committee and processed by Payroll.,A member,management,worker,will,True,passive,rights_passive,other,other,True,0.0,leave,True,
anchorage_school_district__54__0f80b912,54.pdf,Anchorage School District,37,A member who retires from the District may elect to donate up to 15 days of accumulated sick leave to the Sick Leave Bank.,A member who retires from the District,worker,worker,may,False,active,permission_verb,permission,permission,True,0.3,leave,True,
anchorage_school_district__54__0f80b912,54.pdf,Anchorage School District,37,A rehired retired member who terminates from the District may elect to donate accumulated sick leave to the Sick Leave Bank.,A rehired retired member who terminates from the District,worker,worker,may,False,active,permission_verb,permission,permission,True,0.3,leave,True,
anchorage_school_district__54__0f80b912,54.pdf,Anchorage School District,37,Temporary short-term military leave shall be granted when a written request by a military authority stating reasons why the leave is necessary has been submitted to the Human Resources Office.,Temporary short-term military leave,management,worker,shall,False,passive,rights_passive,right,obligation,False,1.0,leave,True,
anchorage_school_district__54__0f80b912,54.pdf,Anchorage School District,37,"When such leave is approved, the member shall receive regular District salary, up to a cumulative total of 16.5 days per school year.",the member,worker,worker,shall,False,active,rights_active,right,right,True,1.0,leave,True,
anchorage_school_district__54__0f80b912,54.pdf,Anchorage School District,37,"Military pay received for duty time beyond the 16.5 day cumulative total shall be subtracted from gross pay, up to the member’s regular per diem rate.",Military pay received for duty time beyond the 16.5 day cumulative total,management,management,shall,False,passive,plain,obligation,obligation,True,1.0,leave,True,
anchorage_school_district__54__0f80b912,54.pdf,Anchorage School District,37,The member has the responsibility to verify that portion of the military pay which is appropriate to 355.,The member,worker,management,,False,active,obligation_verb,obligation,obligation,True,0.85,leave,True,
anchorage_school_district__54__0f80b912,54.pdf,Anchorage School District,37,Failure to submit appropriate documents certifying receipt of military pay by May 10 shall be cause for the District to consider the leave as unpaid and deduct the value of the military leave taken from the member’s May check.,Failure to submit appropriate documents certifying receipt of military pay by May 10,other,management,shall,False,active,plain,obligation,obligation,True,1.0,leave,True,
anchorage_school_district__54__0f80b912,54.pdf,Anchorage School District,37,Adjustments for military leave taken after May 1 shall be completed by June 30.,Adjustments for military leave taken after May 1,management,management,shall,False,passive,plain,obligation,obligation,True,1.0,leave,True,
anchorage_school_district__54__0f80b912,54.pdf,Anchorage School District,37,"Upon request, a member shall be granted three days of unpaid leave per school year, subject to the provisions of item 4, below.",a member,management,worker,shall,False,passive,rights_passive,right,obligation,False,1.0,leave,True,
anchorage_school_district__54__0f80b912,54.pdf,Anchorage School District,37,This leave may be extended at the District’s discretion.,This leave,management,management,may,False,passive,permission_verb,permission,permission,True,0.3,leave,True,
anchorage_school_district__54__0f80b912,54.pdf,Anchorage School District,37,Short-term leave need not be taken consecutively.,Short-term leave,other,worker,need,True,passive,plain,prohibition,permission,False,0.7,leave,True,
anchorage_school_district__54__0f80b912,54.pdf,Anchorage School District,38,"The District shall be given five workdays notice of intent to take unpaid leave, unless a verifi- able emergency exists.",The District,worker,management,shall,False,passive,rights_passive,right,obligation,False,1.0,leave,True,
anchorage_school_district__54__0f80b912,54.pdf,Anchorage School District,38,"If a paid holiday occurs while a member is on unpaid leave, the member shall be paid for the holiday, unless the member is on leave both before and after the holiday.",the member,management,worker,shall,False,passive,rights_passive,right,right,True,1.0,leave,True,
anchorage_school_district__54__0f80b912,54.pdf,Anchorage School District,38,"Personal leave restrictions, with the exception of notification, shall apply to short-term unpaid leaves.","Personal leave restrictions, with the exception of notification",other,management,shall,False,active,plain,obligation,obligation,True,1.0,leave,True,
anchorage_school_district__54__0f80b912,54.pdf,Anchorage School District,38,Requests for long-term leaves (more than 10 workdays) shall be granted for a full year or may be granted for a semester or the balance of the school year to tenured members.,Requests for long-term leaves (more than 10 workdays),other,worker,shall,False,passive,rights_passive,right,obligation,False,1.0,leave,True,
anchorage_school_district__54__0f80b912,54.pdf,Anchorage School District,38,Requests for unpaid medical leave must be accompanied by a physician’s statement of inability to perform duties which is acceptable to the District.,Requests for unpaid medical leave,worker,management,must,False,active,plain,obligation,obligation,True,1.0,leave,True,
anchorage_school_district__54__0f80b912,54.pdf,Anchorage School District,38,"When possible, a 30-workday notice shall be given to the District of intent to take a long-term leave.",a 30-workday notice,worker,management,shall,False,passive,rights_passive,right,obligation,False,1.0,leave,True,
anchorage_school_district__54__0f80b912,54.pdf,Anchorage School District,38,"Upon request, the leave may be extended for up to an additional year.",the leave,other,worker,may,False,passive,plain,permission,permission,True,0.3,leave,True,
anchorage_school_district__54__0f80b912,54.pdf,Anchorage School District,38,Unpaid leave(s) shall be granted at the request of the Association for the purpose of member(s) serving as officer(s) of the Association or of an education association affiliated with the bargaining unit.,Unpaid leave(s),other,worker,shall,False,passive,rights_passive,right,obligation,False,1.0,leave,True,
anchorage_school_district__54__0f80b912,54.pdf,Anchorage School District,38,Such leaves shall count as a year of District membership service.,Such leaves,other,worker,shall,False,active,plain,obligation,obligation,True,1.0,seniority,True,
anchorage_school_district__54__0f80b912,54.pdf,Anchorage School District,38,"Upon return from such leave, a member, upon request, shall be reassigned to preference of vacancies.",a member,management,worker,shall,False,passive,plain,obligation,obligation,True,1.0,leave,True,
anchorage_school_district__54__0f80b912,54.pdf,Anchorage School District,38,"Upon return from an approved long-term leave, a member shall be assigned on a position-available basis.",a member,management,worker,shall,False,passive,plain,obligation,obligation,True,1.0,leave,True,
anchorage_school_district__54__0f80b912,54.pdf,Anchorage School District,38,A member may request to return from unpaid leave earlier than originally approved.,A member,worker,worker,may,False,active,plain,permission,permission,True,0.3,leave,True,
anchorage_school_district__54__0f80b912,54.pdf,Anchorage School District,38,"If approved, the member shall be assigned to the first available vacancy for which qualified, as determined by the District.",the member,management,worker,shall,False,passive,plain,obligation,obligation,True,1.0,leave,True,
anchorage_school_district__54__0f80b912,54.pdf,Anchorage School District,38,A member on an approved unpaid leave does not lose privileges under the non-retention statutes,A member on an approved unpaid leave,worker,worker,,True,active,plain,prohibition,prohibition,True,0.0,job_security,True,
anchorage_school_district__54__0f80b912,54.pdf,Anchorage School District,38,the leave year does not constitute a break in service under member retirement statutes.,the leave year,other,worker,,True,active,plain,prohibition,prohibition,True,0.0,benefits,True,
anchorage_school_district__54__0f80b912,54.pdf,Anchorage School District,38,The Board shall continue the retirement contributions toward the salary the member would have received when the member pays the District and member contribution as required by state law.,The Board,management,worker,shall,False,active,plain,obligation,obligation,True,1.0,benefits,True,
anchorage_school_district__54__0f80b912,54.pdf,Anchorage School District,38,The payments may be made on a monthly basis.,The payments,other,management,may,False,passive,plain,permission,permission,True,0.3,other,True,
anchorage_school_district__54__0f80b912,54.pdf,Anchorage School District,38,"Both personal and sick leave must be exhausted before unpaid medical leave may be used, excluding Family Medical Leave.",Both personal and sick leave,worker,management,must,False,passive,plain,obligation,obligation,True,1.0,leave,True,
anchorage_school_district__54__0f80b912,54.pdf,Anchorage School District,38,"Leave requests shall indicate whether the leave is for medical, study, recreation, home/family, business, association work.",Leave requests,worker,management,shall,False,active,plain,obligation,obligation,True,1.0,leave,True,
anchorage_school_district__54__0f80b912,54.pdf,Anchorage School District,39,Standard request procedures for FMLA unpaid leave shall be used;,Standard request procedures for FMLA unpaid leave,management,worker,shall,False,passive,plain,obligation,obligation,True,1.0,leave,True,
anchorage_school_district__54__0f80b912,54.pdf,Anchorage School District,39,"A maximum of eighteen (18) weeks of leave may be taken over a two year period except in cases of child birth or adoption,",A maximum of eighteen (18) weeks of leave,worker,worker,may,False,passive,plain,permission,permission,True,0.3,leave,True,
anchorage_school_district__54__0f80b912,54.pdf,Anchorage School District,39,"leave taken by a teacher for purposes applicable under this provision shall count toward the maximum eligibility, whether or not a formal request for Family/Medical Leave was submitted.",leave taken by a teacher for purposes applicable under this provision,other,management,shall,False,active,plain,obligation,obligation,True,1.0,leave,True,
anchorage_school_district__54__0f80b912,54.pdf,Anchorage School District,39,Member accrued sick leave may be used only for personal illness unless otherwise provided in this Agreement.,Member accrued sick leave,worker,management,may,False,passive,plain,permission,prohibition,False,0.3,leave,True,
anchorage_school_district__54__0f80b912,54.pdf,Anchorage School District,39,Employees on medical leave may be required to submit fitness-for-duty forms prior to return to work;,Employees on medical leave,worker,management,may,False,passive,obligation_verb,obligation,obligation,True,0.3,leave,True,
anchorage_school_district__54__0f80b912,54.pdf,Anchorage School District,39,Health Insurance coverage will be retained for up to 18 weeks of leave granted under the FMLA;,Health Insurance coverage,management,worker,will,False,passive,plain,obligation,obligation,True,0.9,benefits,True,
anchorage_school_district__54__0f80b912,54.pdf,Anchorage School District,39,"Employees out-of-pay status for more than 30 days may elect to pay premiums for maintenance of life insurance protection, at the District rate, unless leave is granted under the FMLA, in which case both life and health insurance premiums are paid by the District for the approved period, up to 18 weeks;",Employees out-of-pay status for more than 30 days,worker,worker,may,False,active,plain,permission,permission,True,0.3,benefits,True,
anchorage_school_district__54__0f80b912,54.pdf,Anchorage School District,39,"When a third physician is needed to resolve a deadlock between the employee’s physician and a physician employed by the District, that physician shall be selected by the two disputing physicians",that physician,management,worker,shall,False,passive,rights_passive,right,right,True,1.0,leave,True,
anchorage_school_district__54__0f80b912,54.pdf,Anchorage School District,39,and the exam costs for the third physician shall be borne by the District.,the exam costs for the third physician,management,worker,shall,False,passive,plain,obligation,obligation,True,1.0,leave,True,
anchorage_school_district__54__0f80b912,54.pdf,Anchorage School District,39,"Members adopting children may use up to six consecutive calendar weeks of accrued sick leave or up to a total of eighteen weeks of unpaid medical leave or a combination of sick and unpaid medical leave equal to a maximum of eighteen weeks, when appropriate documentation is submitted.",Members adopting children,worker,worker,may,False,active,plain,permission,permission,True,0.3,leave,True,
anchorage_school_district__54__0f80b912,54.pdf,Anchorage School District,39,"The member may use leave time for travel, legal processing, etc., incurred as a result of an adoption or attempt to adopt.",The member,worker,worker,may,False,active,plain,permission,permission,True,0.3,leave,True,
anchorage_school_district__54__0f80b912,54.pdf,Anchorage School District,39,No member shall have access to the Sick Leave Bank for purposes of adoption.,No member,worker,management,shall,True,active,plain,prohibition,prohibition,True,1.0,leave,True,
anchorage_school_district__54__0f80b912,54.pdf,Anchorage School District,40,"Solicitation of donations of leave by individuals, or the donation of leave between individual employees, is not permitted.","Solicitation of donations of leave by individuals, or the donation of leave between individual employees",management,management,,True,passive,prohibition_verb,permission,prohibition,False,0.85,leave,True,Implicit agent is management/administration.
anchorage_school_district__54__0f80b912,54.pdf,Anchorage School District,40,All requests for leave donations from the general membership must be directed to the AEA President,All requests for leave donations from the general membership,management,management,must,False,passive,plain,obligation,obligation,True,1.0,leave,True,
anchorage_school_district__54__0f80b912,54.pdf,Anchorage School District,40,approved by both the AEA President and the Executive Director of Human Resources.,All requests for leave donations from the general membership,other,management,must,False,passive,plain,obligation,obligation,True,1.0,leave,True,Agent list includes union (AEA) and management (ED HR).
anchorage_school_district__54__0f80b912,54.pdf,Anchorage School District,40,"Upon approval, leave solicitation and donation will be requested through the AEA President for no more than the specific, verified number of days required for the personal illness of the applicant.",leave solicitation and donation,management,management,will,False,passive,plain,obligation,obligation,True,0.9,leave,True,
anchorage_school_district__54__0f80b912,54.pdf,Anchorage School District,40,Individuals who exhaust their sick and catastrophic leave awards from the Sick Leave Bank may apply for member donations.,Individuals who exhaust their sick and catastrophic leave awards from the Sick Leave Bank,worker,worker,may,False,active,plain,permission,permission,True,0.3,leave,True,
anchorage_school_district__54__0f80b912,54.pdf,Anchorage School District,40,"However, Sick Leave Bank members who have been denied sick leave or catastrophic leave by the Sick Leave Bank Committee are not eligible to apply for member donations.",Sick Leave Bank members who have been denied sick leave or catastrophic leave by the Sick Leave Bank Committee,worker,management,,True,active,plain,prohibition,prohibition,True,0.0,leave,True,
anchorage_school_district__54__0f80b912,54.pdf,Anchorage School District,40,"Individuals on Emergency Leave (310), Workers’ Compensation Leave (215), Family Medical Leave (for other than their own personal illness)(365), or who have elected to not be a member of the Sick Leave Bank (350) are not eligible for member donations.","Individuals on Emergency Leave (310), Workers’ Compensation Leave (215), Family Medical Leave (for other than their own personal illness)(365), or who have elected to not be a member of the Sick Leave Bank (350)",worker,management,,True,active,plain,prohibition,prohibition,True,0.0,leave,True,
anchorage_school_district__54__0f80b912,54.pdf,Anchorage School District,40,A leave of absence of up to one year shall be granted to any teacher who qualifies under an exchange teaching program and is approved by the District.,A leave of absence of up to one year,management,worker,shall,False,passive,rights_passive,right,obligation,False,1.0,leave,True,
anchorage_school_district__54__0f80b912,54.pdf,Anchorage School District,40,Exchange teachers will receive the same salary and benefits for the leave that they would have received had they continued their employment on a District site,Exchange teachers,worker,worker,will,False,active,rights_active,right,right,True,0.9,compensation,True,
anchorage_school_district__54__0f80b912,54.pdf,Anchorage School District,40,and their experience shall be considered as uninterrupted District service.,their experience,management,worker,shall,False,passive,plain,obligation,obligation,True,1.0,seniority,True,
anchorage_school_district__54__0f80b912,54.pdf,Anchorage School District,40,The District shall send to the address designated by the teacher all teacher communications regarding the terms and conditions of the teacher’s employment during the time on the exchange program.,The District,management,worker,shall,False,active,plain,obligation,obligation,True,1.0,other,True,
anchorage_school_district__54__0f80b912,54.pdf,Anchorage School District,40,"Such communications shall include, for example, notice of expiration of teacher certificate, requirement for physical examination, requirement for TB test, teacher contract, notification of any changes in insurance.",Such communications,other,worker,shall,False,active,plain,obligation,obligation,True,1.0,other,True,Inanimate subject acting as agent for inclusion.
anchorage_school_district__54__0f80b912,54.pdf,Anchorage School District,40,"They shall not include non-essential communications regarding day-to-day information like meeting dates, agenda, and/or routine newsletters.",They,other,worker,shall,True,active,plain,prohibition,prohibition,True,1.0,other,True,Inanimate subject acting as agent for exclusion.
anchorage_school_district__54__0f80b912,54.pdf,Anchorage School District,40,Members may request shared-time assignments by making application to the Human Resources Office prior to April 15.,Members,worker,worker,may,False,active,plain,permission,permission,True,0.3,workload,True,
anchorage_school_district__54__0f80b912,54.pdf,Anchorage School District,40,These members will share the responsibility of one member without increasing District costs.,These members,worker,management,will,False,active,plain,obligation,obligation,True,0.9,workload,True,
anchorage_school_district__54__0f80b912,54.pdf,Anchorage School District,40,"Shared teaching assignments must be approved in advance by the members, principal, appropriate Instructional Division Executive Director, and Human Resources administrator.",Shared teaching assignments,worker,management,must,False,passive,plain,obligation,obligation,True,1.0,workload,True,Agent list is mixed (workers and management).
anchorage_school_district__54__0f80b912,54.pdf,Anchorage School District,41,"Responsibilities for scheduled faculty meetings, open house, par- ent-teacher conferences, in-service education sessions, and MDT meetings shall be mutually decided by the members and principal prior to approval of the assignment.","Responsibilities for scheduled faculty meetings, open house, par- ent-teacher conferences, in-service education sessions, and MDT meetings",worker,worker,shall,False,passive,plain,obligation,obligation,True,1.0,workload,True,
anchorage_school_district__54__0f80b912,54.pdf,Anchorage School District,41,"Shared-time assignments shall be for one year, commencing at the beginning of the school year.",Shared-time assignments,other,worker,shall,False,active,plain,obligation,obligation,True,1.0,job_security,True,
anchorage_school_district__54__0f80b912,54.pdf,Anchorage School District,41,A shared-time assignment may be continued for additional years by mutual agreement.,A shared-time assignment,other,worker,may,False,passive,plain,permission,permission,True,0.3,job_security,True,
anchorage_school_district__54__0f80b912,54.pdf,Anchorage School District,41,"Once approved, a shared-time assignment shall not terminate during the school year except for resignation or long-term unpaid leave of either member.",a shared-time assignment,other,worker,shall,True,active,plain,prohibition,prohibition,True,1.0,job_security,True,
anchorage_school_district__54__0f80b912,54.pdf,Anchorage School District,41,"If one member remains, the member shall have the right to return to full-time status.",the member,worker,worker,shall,False,active,rights_active,right,right,True,1.0,job_security,True,
anchorage_school_district__54__0f80b912,54.pdf,Anchorage School District,41,"When a shared-time assignment will not be continued the following year, the member who originally held the shared position shall be returned to full-time status in that position.",the member who originally held the shared position,management,worker,shall,False,passive,plain,obligation,obligation,True,1.0,job_security,True,
anchorage_school_district__54__0f80b912,54.pdf,Anchorage School District,41,The other member shall be returned to a position consistent with 413.,The other member,management,worker,shall,False,passive,plain,obligation,obligation,True,1.0,job_security,True,
anchorage_school_district__54__0f80b912,54.pdf,Anchorage School District,41,"If the shared-time position had not been previously held by either member, both members shall be assigned consistent with 413.",both members,worker,worker,shall,False,passive,plain,obligation,obligation,True,1.0,job_security,True,
anchorage_school_district__54__0f80b912,54.pdf,Anchorage School District,41,Shared-time members will divide preparation/planning time,Shared-time members,worker,worker,will,False,active,plain,obligation,obligation,True,0.9,workload,True,
anchorage_school_district__54__0f80b912,54.pdf,Anchorage School District,41,but their total preparation/planning time will not exceed that required of one full-time member.,their total preparation/planning time,other,worker,will,True,active,plain,prohibition,prohibition,True,0.9,workload,True,
anchorage_school_district__54__0f80b912,54.pdf,Anchorage School District,41,Hire date shall not be adjusted as a result of shared teaching.,Hire date,management,worker,shall,True,passive,plain,prohibition,prohibition,True,1.0,seniority,True,
anchorage_school_district__54__0f80b912,54.pdf,Anchorage School District,41,Members in shared assignments shall accrue and use leave on a pro-rated basis.,Members in shared assignments,worker,worker,shall,False,active,plain,obligation,obligation,True,1.0,leave,True,
anchorage_school_district__54__0f80b912,54.pdf,Anchorage School District,41,The expiration date of this provision shall be one year beyond the expiration date of this agreement.,The expiration date of this provision,other,other,shall,False,active,plain,obligation,obligation,True,1.0,other,True,
anchorage_school_district__54__0f80b912,54.pdf,Anchorage School District,41,"Members will be guaranteed full rights of citizenship under the Constitution and laws of the United States, the State of Alaska and the Municipality of Anchorage.",Members,management,worker,will,False,passive,rights_passive,right,right,True,0.9,teacher_rights_and_conduct,True,
anchorage_school_district__54__0f80b912,54.pdf,Anchorage School District,41,"All practices, procedures and policies of the school system shall clearly demonstrate that there is no discrimination in the hiring, training, assignment, promotion, transfer, or discipline of member(s) or in the application or administration of this agreement on the basis of race, creed, color, religion, national origin, sex, age, domicile, marital status, sexual orientation, physical disability or political affiliation.","All practices, procedures and policies of the school system",other,worker,shall,False,active,plain,obligation,obligation,True,1.0,teacher_rights_and_conduct,True,
anchorage_school_district__54__0f80b912,54.pdf,Anchorage School District,41,"The District will not tolerate any behaviors that ridicule, harass, intimidate, or otherwise threaten or discriminate against students, staff, or community members.",The District,management,worker,will,True,active,plain,prohibition,prohibition,True,0.9,safety_and_working_conditions,True,
anchorage_school_district__54__0f80b912,54.pdf,Anchorage School District,41,The Association and District agree that the meaning of this Article of the agreement is consistent with the legal duties and responsibilities imposed by State and Federal law and regulation and is no greater.,The Association and District,other,other,,False,active,plain,other,other,True,0.0,other,True,Interpretive clause
anchorage_school_district__54__0f80b912,54.pdf,Anchorage School District,42,"Thus, for example, the District may require bona fide occupational qualifications, as recognized in law or judicial decisions, with respect to a position.",the District,management,management,may,False,active,plain,permission,permission,True,0.3,other,True,
anchorage_school_district__54__0f80b912,54.pdf,Anchorage School District,42,This Article is not subject to the grievance procedure.,This Article,other,management,,True,active,plain,prohibition,prohibition,True,0.0,other,True,
anchorage_school_district__54__0f80b912,54.pdf,Anchorage School District,42,Members enjoy academic freedom in the District.,Members,worker,worker,,False,active,plain,other,right,False,0.0,teacher_rights_and_conduct,True,
anchorage_school_district__54__0f80b912,54.pdf,Anchorage School District,42,"Members are free to present instructional materials that are pertinent to the subject and level taught, within the outlines of the appropriate course content, the planned instructional program, and in accordance with School Board policy.",Members,worker,worker,,False,active,permission_verb,permission,permission,True,0.85,teacher_rights_and_conduct,True,
anchorage_school_district__54__0f80b912,54.pdf,Anchorage School District,42,Members shall also be entitled to freedom of discussion within the classroom on all matters relevant to the subject matter under study within their areas of professional competence.,Members,worker,worker,shall,False,active,rights_passive,right,right,True,1.0,teacher_rights_and_conduct,True,
anchorage_school_district__54__0f80b912,54.pdf,Anchorage School District,42,Facts concerning controversial issues shall be presented in a scholarly and objective manner,Facts concerning controversial issues,management,worker,shall,False,passive,plain,obligation,obligation,True,1.0,teacher_rights_and_conduct,True,
anchorage_school_district__54__0f80b912,54.pdf,Anchorage School District,42,shall be pedagogically justifiable,Facts concerning controversial issues (implied),management,worker,shall,False,active,plain,obligation,obligation,True,1.0,teacher_rights_and_conduct,True,
anchorage_school_district__54__0f80b912,54.pdf,Anchorage School District,42,discussion shall be maintained within the outlines of the member’s course content.,discussion,management,worker,shall,False,passive,plain,obligation,obligation,True,1.0,teacher_rights_and_conduct,True,
anchorage_school_district__54__0f80b912,54.pdf,Anchorage School District,42,Members shall not be censored or restrained in the performance of their duties exclusively on the grounds that the material discussed and/or opinions expressed are controversial.,Members,management,worker,shall,True,passive,rights_passive,other,prohibition,False,0.0,teacher_rights_and_conduct,True,
anchorage_school_district__54__0f80b912,54.pdf,Anchorage School District,42,"If, in the judgment of the Individual Education Plan (IEP) team, supplemental supports and services are needed for the member to meet the needs of the eligible student, each must be included in the IEP.",each,management,worker,must,False,active,plain,obligation,obligation,True,1.0,other,True,
anchorage_school_district__54__0f80b912,54.pdf,Anchorage School District,42,The District will provide those services as designated.,The District,management,worker,will,False,active,plain,obligation,obligation,True,0.9,other,True,
anchorage_school_district__54__0f80b912,54.pdf,Anchorage School District,42,"The District representative may schedule extra meetings, to allow for full discussion of concerns.",The District representative,management,worker,may,False,active,plain,permission,permission,True,0.3,other,True,
anchorage_school_district__54__0f80b912,54.pdf,Anchorage School District,42,"The District will make training available to affected members in at least, but not necessarily limited to, the following areas:",The District,management,worker,will,False,active,plain,obligation,obligation,True,0.9,professional_development,True,
anchorage_school_district__54__0f80b912,54.pdf,Anchorage School District,43,"The District’s Special Education Handbook, which contains information regarding the implementation of current law, will be available to all certificated staff in the principal’s office, through department chairpersons, special education offices, and the ASD website.",The District’s Special Education Handbook,other,worker,will,False,active,plain,obligation,obligation,True,0.9,other,True,
anchorage_school_district__54__0f80b912,54.pdf,Anchorage School District,43,"a special education brochure will be given to each certificated staff member, to include basic information about procedural and eligibility issues.",a special education brochure,other,worker,will,False,passive,rights_passive,right,obligation,False,0.9,other,True,
anchorage_school_district__54__0f80b912,54.pdf,Anchorage School District,43,The brochure will also be published on the ASD website.,The brochure,other,worker,will,False,passive,plain,obligation,obligation,True,0.9,other,True,
anchorage_school_district__54__0f80b912,54.pdf,Anchorage School District,43,IEP teams will identify eligible students whose behavior may impede learning and deny success in school.,IEP teams,other,management,will,False,active,plain,obligation,obligation,True,0.9,other,True,
anchorage_school_district__54__0f80b912,54.pdf,Anchorage School District,43,"Behavior support plans will be developed, implemented and revised as needed.",Behavior support plans,other,management,will,False,passive,plain,obligation,obligation,True,0.9,other,True,
anchorage_school_district__54__0f80b912,54.pdf,Anchorage School District,43,the team shall meet to modify the plan.,the team,other,management,shall,False,active,obligation_verb,obligation,obligation,True,1.0,other,True,
anchorage_school_district__54__0f80b912,54.pdf,Anchorage School District,43,"The District will make every effort to ensure that the IEP reflects consideration of all facets of the school environment, judged least restrictive in meeting the needs of special needs students.",The District,management,management,will,False,active,plain,obligation,obligation,True,0.9,other,True,
anchorage_school_district__54__0f80b912,54.pdf,Anchorage School District,43,"the IEP Team will consider factors allowed under law, which may include:",the IEP Team,other,management,will,False,active,plain,obligation,obligation,True,0.9,other,True,
anchorage_school_district__54__0f80b912,54.pdf,Anchorage School District,43,The District will make every effort to ensure that student placements are reviewed often enough to ensure meaningful inclusion.,The District,management,management,will,False,active,plain,obligation,obligation,True,0.9,other,True,
anchorage_school_district__54__0f80b912,54.pdf,Anchorage School District,43,At least one of the members expected to implement plans of service contained in IEPs will be a member of the IEP Team,At least one of the members expected to implement plans of service contained in IEPs,other,worker,will,False,active,plain,obligation,obligation,True,0.9,other,True,
anchorage_school_district__54__0f80b912,54.pdf,Anchorage School District,43,is free to express concerns to the IEP Team leader,(At least one of the members expected to implement plans of service contained in IEPs),other,worker,,False,active,permission_verb,permission,permission,True,0.85,teacher_rights_and_conduct,True,
anchorage_school_district__54__0f80b912,54.pdf,Anchorage School District,43,other members involved may be invited to attend IEP meetings as needed.,other members involved,other,worker,may,False,passive,permission_verb,permission,permission,True,0.3,teacher_rights_and_conduct,True,
anchorage_school_district__54__0f80b912,54.pdf,Anchorage School District,43,IEP Team members are free to express concerns candidly prior to deciding what service plan will be adopted.,IEP Team members,other,worker,will,False,active,permission_verb,permission,permission,True,0.9,teacher_rights_and_conduct,True,
anchorage_school_district__54__0f80b912,54.pdf,Anchorage School District,43,No member of the IEP Team shall suffer reprisals or be subjected to disciplinary action solely for expression of a dissenting opinion or for informing parents or students of their rights,No member of the IEP Team,other,worker,shall,True,active,plain,prohibition,prohibition,True,1.0,teacher_rights_and_conduct,True,Clause ends abruptly in source text.
anchorage_school_district__54__0f80b912,54.pdf,Anchorage School District,44,"No member of the IEP Team shall suffer reprisals or be subjected to disciplinary action solely for expression of a dissenting opinion or for informing parents or students of their rights under state and/or federal law, prior to the adoption of the IEP or for raising objections at any IEP Team meeting called subsequent to the adoption of the IEP.",No member of the IEP Team,worker,worker,shall,True,active,plain,prohibition,prohibition,True,1.0,teacher_rights_and_conduct,True,
anchorage_school_district__54__0f80b912,54.pdf,Anchorage School District,44,"IEP Team members may request to reconvene the Team, to review the service plan.",IEP Team members,worker,worker,may,False,active,plain,permission,permission,True,0.3,teacher_rights_and_conduct,True,
anchorage_school_district__54__0f80b912,54.pdf,Anchorage School District,44,"IEP and Annual Review meetings shall be scheduled within the workday, excluding elementary preparation time and duty-free lunch, unless the member approves the exception.",IEP and Annual Review meetings,management,worker,shall,False,passive,plain,obligation,obligation,True,1.0,workload,True,
anchorage_school_district__54__0f80b912,54.pdf,Anchorage School District,44,The District shall provide coverage for members required to be at the meetings during student contact time.,The District,management,worker,shall,False,active,plain,obligation,obligation,True,1.0,workload,True,
anchorage_school_district__54__0f80b912,54.pdf,Anchorage School District,44,a compensation plan for the extended time shall be mutually developed by the member and the principal.,a compensation plan for the extended time,worker,worker,shall,False,passive,plain,obligation,obligation,True,1.0,compensation,True,
anchorage_school_district__54__0f80b912,54.pdf,Anchorage School District,44,"it shall be paid at the rate of $30.00 per hour, in half-hour increments, to members who are required to participate in IEP meetings.",it,management,worker,shall,False,passive,rights_passive,right,obligation,False,1.0,compensation,True,
anchorage_school_district__54__0f80b912,54.pdf,Anchorage School District,44,"When IEP meetings are prescheduled, it is a professional responsibility for members to flex their workday to maximize meeting participation.",it,worker,management,,False,active,obligation_verb,obligation,obligation,True,0.85,workload,True,"""is a professional responsibility"" implies a duty on members"
anchorage_school_district__54__0f80b912,54.pdf,Anchorage School District,44,Members assigned special needs students shall be apprised by the principal or Special Education Department Chair of their right to request an IEP conference to review placement goals and responsibilities;,Members assigned special needs students,management,worker,shall,False,passive,rights_passive,right,obligation,False,1.0,teacher_rights_and_conduct,True,
anchorage_school_district__54__0f80b912,54.pdf,Anchorage School District,44,The division of responsibilities regarding grading and reporting the progress of exceptional students shall be designated in the IEP as appropriate.,The division of responsibilities regarding grading and reporting the progress of exceptional students,management,management,shall,False,passive,plain,obligation,obligation,True,1.0,other,True,
anchorage_school_district__54__0f80b912,54.pdf,Anchorage School District,44,"As part of the IEP team process, members shall be informed of and may request training to meet the needs of an exceptional student, as indicated in “A” above.",members,worker,worker,shall,False,active,plain,obligation,permission,False,1.0,professional_development,True,"compound predicate: passive ""shall be informed"" and active ""may request"""
anchorage_school_district__54__0f80b912,54.pdf,Anchorage School District,44,Any member of the IEP team may request an IEP meeting to address this issue.,Any member of the IEP team,worker,worker,may,False,active,plain,permission,permission,True,0.3,teacher_rights_and_conduct,True,
anchorage_school_district__54__0f80b912,54.pdf,Anchorage School District,44,"a review of classroom assignment options, consistent with the IEP, shall be undertaken by appropriate building staff, including a classroom teacher.","a review of classroom assignment options, consistent with the IEP",worker,management,shall,False,passive,plain,obligation,obligation,True,1.0,other,True,
anchorage_school_district__54__0f80b912,54.pdf,Anchorage School District,44,"To the degree possible, members shall be notified prior to the placement of special needs students and of the availability of the following information if not in violation of federal and/or state confidentiality rules with which the District is required to comply:",members,management,worker,shall,False,passive,rights_passive,right,obligation,False,1.0,teacher_rights_and_conduct,True,
anchorage_school_district__54__0f80b912,54.pdf,Anchorage School District,45,A school nurse shall not be held liable for actions of non-nursing personnel performing medical services for special needs students;,A school nurse,management,management,shall,True,passive,plain,prohibition,prohibition,True,1.0,safety_and_working_conditions,True,
anchorage_school_district__54__0f80b912,54.pdf,Anchorage School District,45,"Special needs equipment, materials and essential building modifications required for the implementation of IEPs shall be provided and completed consistent with Federal, State and Municipal guidelines.","Special needs equipment, materials and essential building modifications required for the implementation of IEPs",management,worker,shall,False,passive,rights_passive,right,obligation,False,1.0,safety_and_working_conditions,True,
anchorage_school_district__54__0f80b912,54.pdf,Anchorage School District,45,The District will identify an area in each location and provide a printer for this purpose.,The District,management,worker,will,False,active,plain,obligation,obligation,True,0.9,safety_and_working_conditions,True,
anchorage_school_district__54__0f80b912,54.pdf,Anchorage School District,45,The District will attempt to make available a computer with appropriate software for use during IEP meetings.,The District,management,worker,will,False,active,plain,obligation,obligation,True,0.9,safety_and_working_conditions,True,
anchorage_school_district__54__0f80b912,54.pdf,Anchorage School District,45,Members should work with their Unit Administrator and the Special Education Department to address needs as they arise.,Members,worker,management,should,False,active,plain,obligation,obligation,True,0.7,other,True,
anchorage_school_district__54__0f80b912,54.pdf,Anchorage School District,45,"Based on student needs, appropriate MDT time will be provided to each Special Education member and Related Services personnel for the purpose of performing the varied tasks and responsibilities specific to delivery of services to students with disabilities, including but not limited to meetings, testing and evaluation, data collection, paperwork, collaboration, and consultation.",appropriate MDT time,management,worker,will,False,passive,rights_passive,right,obligation,False,0.9,workload,True,
anchorage_school_district__54__0f80b912,54.pdf,Anchorage School District,45,The District agrees to establish a task force to address issues that arise in Special Education.,The District,management,worker,,False,active,plain,other,obligation,False,0.0,other,True,
anchorage_school_district__54__0f80b912,54.pdf,Anchorage School District,45,"The task force will be comprised of the Assistant Superintendent of Instruction (or designee), Executive Director of Special Education (or designee), principal(s), and AEA members who can represent Elementary Special Education, Secondary Special Education, and Related Services.",The task force,management,worker,will,False,passive,plain,obligation,obligation,True,0.9,other,True,
anchorage_school_district__54__0f80b912,54.pdf,Anchorage School District,45,"The task force will identify issues, develop possible solutions and make recommendations to the Superintendent.",The task force,other,worker,will,False,active,plain,obligation,obligation,True,0.9,other,True,
anchorage_school_district__54__0f80b912,54.pdf,Anchorage School District,46,"Unit budget development decisions regarding distribution of funds and priorities for instructional materials, supplies, equipment and use of copier shall be collaboratively decided by the principal/supervisor and the staff.","Unit budget development decisions regarding distribution of funds and priorities for instructional materials, supplies, equipment and use of copier",management,worker,shall,False,passive,plain,obligation,obligation,True,1.0,other,True,
anchorage_school_district__54__0f80b912,54.pdf,Anchorage School District,46,The District may reimburse members for items of an instructional nature that are purchased by the member and used in the classroom.,The District,management,worker,may,False,active,plain,permission,permission,True,0.3,compensation,True,
anchorage_school_district__54__0f80b912,54.pdf,Anchorage School District,46,Such reimbursement will require prior written administrative approval.,Such reimbursement,other,management,will,False,active,plain,obligation,obligation,True,0.9,compensation,True,
anchorage_school_district__54__0f80b912,54.pdf,Anchorage School District,46,Reimbursement will be subject to the availability of funds and the submission of vouchers by members.,Reimbursement,other,management,will,False,active,plain,obligation,obligation,True,0.9,compensation,True,
anchorage_school_district__54__0f80b912,54.pdf,Anchorage School District,46,The District shall attempt to schedule classroom usage in order to avoid sharing the same classroom and provide accessibility at all times to members.,The District,management,worker,shall,False,active,plain,obligation,obligation,True,1.0,safety_and_working_conditions,True,
anchorage_school_district__54__0f80b912,54.pdf,Anchorage School District,46,"In making classroom assignments, the principal will consider the number of students and the space needs of the required curriculum.",the principal,management,worker,will,False,active,plain,obligation,obligation,True,0.9,safety_and_working_conditions,True,
anchorage_school_district__54__0f80b912,54.pdf,Anchorage School District,46,"In the event that members are required to share a classroom and the learning environment is negatively impacted, the District will cooperate with affected members to modify the space to help decrease visual and auditory distractions.",the District,management,worker,will,False,active,plain,obligation,obligation,True,0.9,safety_and_working_conditions,True,
anchorage_school_district__54__0f80b912,54.pdf,Anchorage School District,46,The District shall provide a telephone in each unit for members to contact parents or make other calls free from the distraction of the office or students.,The District,management,worker,shall,False,active,plain,obligation,obligation,True,1.0,safety_and_working_conditions,True,
anchorage_school_district__54__0f80b912,54.pdf,Anchorage School District,46,"As funds are available through new construction, remodeling, etc., attempts will be made to provide a telephone in every classroom.",attempts,other,worker,will,False,passive,plain,obligation,obligation,True,0.9,safety_and_working_conditions,True,
anchorage_school_district__54__0f80b912,54.pdf,Anchorage School District,46,"Photocopies can be made without limit, within the reasonable expectations of the member’s assignment.",Photocopies,other,worker,can,False,passive,plain,permission,permission,True,0.3,safety_and_working_conditions,True,
anchorage_school_district__54__0f80b912,54.pdf,Anchorage School District,46,Unforeseen District budget constraints may require modification of this practice.,Unforeseen District budget constraints,other,management,may,False,active,plain,permission,permission,True,0.3,other,True,
anchorage_school_district__54__0f80b912,54.pdf,Anchorage School District,46,Through grant funds and other sources the District shall attempt to provide computer availability to teachers.,the District,management,worker,shall,False,active,plain,obligation,obligation,True,1.0,safety_and_working_conditions,True,
anchorage_school_district__54__0f80b912,54.pdf,Anchorage School District,46,"As the computer network is implemented at each unit, members shall have access to an electronic mail system that shall be used in accordance with established Anchorage School District protocols and procedures.",members,worker,worker,shall,False,active,plain,obligation,right,False,1.0,safety_and_working_conditions,True,
anchorage_school_district__54__0f80b912,54.pdf,Anchorage School District,46,Members will have access to a fax machine.,Members,worker,worker,will,False,active,plain,obligation,right,False,0.9,safety_and_working_conditions,True,
anchorage_school_district__54__0f80b912,54.pdf,Anchorage School District,46,"Every attempt will be made to provide every itinerant/special member with a space equipped with a desk, file cabinet(s) and storage space, as needed.",Every attempt,other,worker,will,False,passive,plain,obligation,obligation,True,0.9,safety_and_working_conditions,True,
anchorage_school_district__54__0f80b912,54.pdf,Anchorage School District,46,The District retains the right to determine the number of in-service days to be offered in any year.,The District,management,management,,False,active,plain,other,right,False,0.0,professional_development,True,
anchorage_school_district__54__0f80b912,54.pdf,Anchorage School District,46,State-release time planning for building level in-services shall include teachers.,State-release time planning for building level in-services,other,worker,shall,False,active,plain,obligation,obligation,True,1.0,professional_development,True,
anchorage_school_district__54__0f80b912,54.pdf,Anchorage School District,46,"Principals, supervisors and/or teachers shall be invited to provide topics for discussion and review prior to creation of the training calendar by the principal/supervisor.","Principals, supervisors and/or teachers",management,worker,shall,False,passive,plain,obligation,obligation,True,1.0,professional_development,True,
anchorage_school_district__54__0f80b912,54.pdf,Anchorage School District,47,Adopted plans will be required to address District goals or instructional issues defined by the School Board or Superintendent.,Adopted plans,management,management,will,False,passive,obligation_verb,obligation,obligation,True,0.9,professional_development,True,
anchorage_school_district__54__0f80b912,54.pdf,Anchorage School District,47,Regularly scheduled parent-teacher conferences will occur twice annually.,Regularly scheduled parent-teacher conferences,other,worker,will,False,active,plain,obligation,obligation,True,0.9,other,True,
anchorage_school_district__54__0f80b912,54.pdf,Anchorage School District,47,"If a teacher is unable to attend, an alternative schedule for parent conferences will be cooperatively developed with the principal.",an alternative schedule for parent conferences,management,worker,will,False,passive,plain,obligation,obligation,True,0.9,other,True,
anchorage_school_district__54__0f80b912,54.pdf,Anchorage School District,47,"A principal and teacher may, by mutual consent, agree to an evening of regularly scheduled parent-teacher conferences",A principal and teacher,other,worker,may,False,active,plain,permission,permission,True,0.3,other,True,Mixed parties (management and worker)
anchorage_school_district__54__0f80b912,54.pdf,Anchorage School District,47,which shall be considered the same as Friday afternoon for the purpose of the definition of the workday.,which,other,worker,shall,False,passive,plain,obligation,obligation,True,1.0,workload,True,Dependent clause defining workday duration
anchorage_school_district__54__0f80b912,54.pdf,Anchorage School District,47,"To meet parent, student and teacher needs, flexible schedules may be coordinated with the principal.",flexible schedules,management,worker,may,False,passive,plain,permission,permission,True,0.3,workload,True,
anchorage_school_district__54__0f80b912,54.pdf,Anchorage School District,47,"If the conferences cannot be scheduled within the workday, the principal shall be informed.",the principal,worker,management,shall,False,passive,rights_passive,right,obligation,False,1.0,workload,True,
anchorage_school_district__54__0f80b912,54.pdf,Anchorage School District,47,"If a parent is unable to attend conferences, phone conferences may be conducted when coordinated with the principal.",phone conferences,management,worker,may,False,passive,plain,permission,permission,True,0.3,workload,True,
anchorage_school_district__54__0f80b912,54.pdf,Anchorage School District,47,"Twice annually, an evening of regularly scheduled parent-teacher conferences shall be considered the same as Friday afternoon for the purpose of the definition of workday.",an evening of regularly scheduled parent-teacher conferences,other,worker,shall,False,passive,plain,obligation,obligation,True,1.0,workload,True,
anchorage_school_district__54__0f80b912,54.pdf,Anchorage School District,47,"Teachers with elementary and middle level assignments will be provided substitutes to cover elementary assignments, upon request, to meet with parents during the scheduled middle-level parent-teacher conferences.",Teachers with elementary and middle level assignments,management,worker,will,False,passive,rights_passive,right,obligation,False,0.9,workload,True,
anchorage_school_district__54__0f80b912,54.pdf,Anchorage School District,47,High Schools and Middle Schools will alternate use of Wednesday or Thursday for these activities by year.,High Schools and Middle Schools,management,management,will,False,active,plain,obligation,obligation,True,0.9,workload,True,
anchorage_school_district__54__0f80b912,54.pdf,Anchorage School District,47,"In the event that alternative conference schedules are proposed by individual schools, conference schedules will be approved in advance by the Assistant Superintendent of Instruction or designee",conference schedules,management,management,will,False,passive,plain,obligation,obligation,True,0.9,other,True,
anchorage_school_district__54__0f80b912,54.pdf,Anchorage School District,47,and AEA will be notified of any approval.,AEA,management,worker,will,False,passive,rights_passive,right,obligation,False,0.9,other,True,
anchorage_school_district__54__0f80b912,54.pdf,Anchorage School District,47,"To ensure maximum opportunity to learners and as part of the school goal-setting process each year, the principal and staff shall collaborate to define what they consider to be intrusions on classroom decorum/instruction.",the principal and staff,other,worker,shall,False,active,plain,obligation,obligation,True,1.0,safety_and_working_conditions,True,Mixed parties (management and worker)
anchorage_school_district__54__0f80b912,54.pdf,Anchorage School District,47,"A school policy shall be implemented, based on that collaboration, to reduce intrusions on student learning.",A school policy,management,management,shall,False,passive,plain,obligation,obligation,True,1.0,safety_and_working_conditions,True,
anchorage_school_district__54__0f80b912,54.pdf,Anchorage School District,47,"To create the least interruption of the teaching process, however, requests for classroom visits shall be arranged through the school principal.",requests for classroom visits,worker,management,shall,False,passive,plain,obligation,obligation,True,1.0,safety_and_working_conditions,True,
anchorage_school_district__54__0f80b912,54.pdf,Anchorage School District,48,Members shall receive prior notice of any visit,Members,worker,worker,shall,False,active,rights_active,right,right,True,1.0,safety_and_working_conditions,True,First independent clause of a compound sentence
anchorage_school_district__54__0f80b912,54.pdf,Anchorage School District,48,"and will collaborate regarding how best to ensure that visits are productive, appropriate, and timely.",Members,worker,management,will,False,active,plain,obligation,obligation,True,0.9,safety_and_working_conditions,True,Second independent clause of a compound sentence
anchorage_school_district__54__0f80b912,54.pdf,Anchorage School District,48,Spontaneous visits by the public shall be kept to a minimum.,Spontaneous visits by the public,management,worker,shall,False,passive,plain,obligation,obligation,True,1.0,safety_and_working_conditions,True,
anchorage_school_district__54__0f80b912,54.pdf,Anchorage School District,48,Any member acting in this capacity shall receive appropriate training prior to the administration of any medications to students.,Any member acting in this capacity,worker,worker,shall,False,active,rights_active,right,right,True,1.0,safety_and_working_conditions,True,
anchorage_school_district__54__0f80b912,54.pdf,Anchorage School District,48,In emergency situations the teacher-in-charge may be required to administer oral medication provided:,the teacher-in-charge,management,management,may,False,passive,obligation_verb,obligation,obligation,True,0.3,safety_and_working_conditions,True,Followed by conditional list (A-D); implicit agent is management/district
anchorage_school_district__54__0f80b912,54.pdf,Anchorage School District,48,"If a child is covered by an accommodation plan, pursuant to Section 504 of the Federal Rehabilitation Act (1973), it must be determined if disruptive behavior that is the basis for the disciplinary action is related to the disability.",it,management,worker,must,False,passive,plain,obligation,obligation,True,1.0,discipline,True,Impersonal 'it' construction; implicit agent is management/assessor
anchorage_school_district__54__0f80b912,54.pdf,Anchorage School District,48,This should be determined by the 504 Plan Team.,This,other,worker,should,False,passive,plain,obligation,obligation,True,0.7,discipline,True,
anchorage_school_district__54__0f80b912,54.pdf,Anchorage School District,48,"If the disruptive behavior is related to the disability, a plan for behavior management should be addressed in accord with established District standards.",a plan for behavior management,management,management,should,False,passive,plain,obligation,obligation,True,0.7,discipline,True,
anchorage_school_district__54__0f80b912,54.pdf,Anchorage School District,48,"The District will make every effort to ensure that student accommodation plans be reviewed often enough to ensure that appropriate service be provided, in the appropriate setting.",The District,management,worker,will,False,active,plain,obligation,obligation,True,0.9,other,True,
anchorage_school_district__54__0f80b912,54.pdf,Anchorage School District,48,Any member charged with responsibility for a portion of the accommodation plan may be included as a member of the 504 Plan Team.,Any member charged with responsibility for a portion of the accommodation plan,management,worker,may,False,passive,rights_passive,right,permission,False,0.3,other,True,
anchorage_school_district__54__0f80b912,54.pdf,Anchorage School District,48,Team members shall be free to express concerns candidly and dissent from what,Team members,worker,worker,shall,False,active,permission_verb,permission,permission,True,1.0,other,True,Truncated at end of chunk
anchorage_school_district__54__0f80b912,54.pdf,Anchorage School District,49,"Team members shall be free to express concerns candidly and dissent from what may be the prevailing view, during discussions prior to a decision to adopt and enforce a plan.",Team members,worker,worker,shall,False,active,permission_verb,permission,permission,True,1.0,other,True,
anchorage_school_district__54__0f80b912,54.pdf,Anchorage School District,49,"No member of the 504 Plan Team shall suffer reprisals or be subjected to disciplinary action solely for expression of a dissenting opinion or for informing parents or students of their rights under state and/or federal law, prior to the adoption of the 504 Team Plan.",No member of the 504 Plan Team,worker,worker,shall,True,active,plain,prohibition,prohibition,True,1.0,discipline,True,
anchorage_school_district__54__0f80b912,54.pdf,Anchorage School District,49,Any member of the 504 Plan Team may convene the Team to review the progress or propriety of an adopted plan.,Any member of the 504 Plan Team,worker,worker,may,False,active,plain,permission,permission,True,0.3,other,True,
anchorage_school_district__54__0f80b912,54.pdf,Anchorage School District,49,"Position vacancies that are posted shall reflect a description of the position, qualifications, and whether the position is full or part-time.",Position vacancies that are posted,other,worker,shall,False,active,plain,obligation,obligation,True,1.0,transfers,True,
anchorage_school_district__54__0f80b912,54.pdf,Anchorage School District,49,"Vacancies known to the Human Resources Office shall be announced as soon as practical on the District’s internet/web site, but in no case later than March 1, April 1, April 15, May 1, May 15, June 1, August 1, August 15, September 1, September 15, and October 1.",Vacancies known to the Human Resources Office,management,worker,shall,False,passive,plain,obligation,obligation,True,1.0,transfers,True,
anchorage_school_district__54__0f80b912,54.pdf,Anchorage School District,49,"Unit administrators will consider all of these criteria in the following order of importance: 1) educational program needs of students; 2) academic preparation, certification and highly qualified teacher designation; 3) experience; 4) seniority.",Unit administrators,management,management,will,False,active,plain,obligation,obligation,True,0.9,transfers,True,
anchorage_school_district__54__0f80b912,54.pdf,Anchorage School District,49,"When making assignments, voluntary applicants will be considered first, including those who have expressed interest in a particular assignment by whatever means has been employed by the principal for determining that interest.",voluntary applicants,management,management,will,False,passive,plain,obligation,obligation,True,0.9,transfers,True,
anchorage_school_district__54__0f80b912,54.pdf,Anchorage School District,49,"Student scheduling and/or enrollment permitting, the unit administrator will provide tentative assignments for the following year prior to the end of the school year.",the unit administrator,management,worker,will,False,active,plain,obligation,obligation,True,0.9,transfers,True,
anchorage_school_district__54__0f80b912,54.pdf,Anchorage School District,49,"If the unit administrator exercises the right to change a member’s assignment and the member’s assignment is changed, the member will be notified immediately",the member,management,worker,will,False,passive,rights_passive,right,right,True,0.9,transfers,True,
anchorage_school_district__54__0f80b912,54.pdf,Anchorage School District,51,"At the secondary level, appropriate subject area department representatives may be included in the committee(s).",appropriate subject area department representatives,worker,worker,may,False,passive,plain,permission,permission,True,0.3,other,True,
anchorage_school_district__54__0f80b912,54.pdf,Anchorage School District,51,"The committee, or representatives from the committee, shall be invited to participate in actual interviews, when practicable.","The committee, or representatives from the committee",management,worker,shall,False,passive,plain,obligation,obligation,True,1.0,other,True,
anchorage_school_district__54__0f80b912,54.pdf,Anchorage School District,51,"Prior to the staffing meeting, the principal will convene the committee, if possible,",the principal,management,worker,will,False,active,plain,obligation,obligation,True,0.9,other,True,
anchorage_school_district__54__0f80b912,54.pdf,Anchorage School District,51,"and share information on staff vacancy status, transfer requests, new hire possibilities, EEO goals, staffing meeting procedures and contingencies, projected enrollment, staffing allocation, and other data and factors as they are known at the time.",[the principal],management,worker,will,False,active,plain,obligation,obligation,True,0.9,other,True,
anchorage_school_district__54__0f80b912,54.pdf,Anchorage School District,51,The committee may recommend a desired course of action,The committee,worker,worker,may,False,active,plain,permission,permission,True,0.3,other,True,
anchorage_school_district__54__0f80b912,54.pdf,Anchorage School District,51,and the principal will consider any recommendation given when making a selection decision.,the principal,management,worker,will,False,active,plain,obligation,obligation,True,0.9,other,True,
anchorage_school_district__54__0f80b912,54.pdf,Anchorage School District,51,"The administrator, in deciding which members shall be interviewed and in ultimately deciding who will be selected, shall consider certification and instructional requirements, endorsement(s), highly qualified designation, educational program needs, educational attainments, teaching experience, seniority, personal qualifications as determined during the interview, and EEO requirements.",The administrator,management,worker,shall,False,active,plain,obligation,obligation,True,1.0,transfers,True,
anchorage_school_district__54__0f80b912,54.pdf,Anchorage School District,51,A member who is granted a voluntary transfer will stay at the school he/she is transferred to for a minimum of one (1) school year unless agreed to by all parties.,A member who is granted a voluntary transfer,worker,management,will,False,active,plain,obligation,obligation,True,0.9,transfers,True,
anchorage_school_district__54__0f80b912,54.pdf,Anchorage School District,51,"When vacancies occur after the start of a school year, principals will review the electronic transfer requests to make certain that interviews are offered to at least three applicants, if available.",principals,management,worker,will,False,active,plain,obligation,obligation,True,0.9,transfers,True,
anchorage_school_district__54__0f80b912,54.pdf,Anchorage School District,51,No new hire for a specific vacancy will be processed by the Human Resources Department until required interviews are completed.,No new hire for a specific vacancy,management,worker,will,True,passive,plain,prohibition,prohibition,True,0.9,transfers,True,
anchorage_school_district__54__0f80b912,54.pdf,Anchorage School District,51,A member selected for a position while school is in session will transfer only at the beginning of the next school year unless the immediate transfer is approved by the District.,A member selected for a position while school is in session,worker,management,will,False,active,plain,obligation,obligation,True,0.9,transfers,True,
anchorage_school_district__54__0f80b912,54.pdf,Anchorage School District,51,In the interim the position may be filled by a temporary teacher,the position,worker,management,may,False,passive,plain,permission,permission,True,0.3,other,True,
anchorage_school_district__54__0f80b912,54.pdf,Anchorage School District,51,"At the end of the school year, the temporary teacher will be terminated, not non-renewed,",the temporary teacher,management,management,will,False,passive,plain,obligation,obligation,True,0.9,other,True,
anchorage_school_district__54__0f80b912,54.pdf,Anchorage School District,51,and will not be eligible for recall under 449.,[the temporary teacher],management,management,will,True,passive,plain,prohibition,prohibition,True,0.9,other,True,
anchorage_school_district__54__0f80b912,54.pdf,Anchorage School District,51,the position shall be offered without a vacancy announcement.,the position,management,management,shall,False,passive,rights_passive,right,right,True,1.0,transfers,True,
anchorage_school_district__54__0f80b912,54.pdf,Anchorage School District,51,"In such case the temporary teacher agreement shall be replaced with a regular member contract,",the temporary teacher agreement,management,worker,shall,False,passive,plain,obligation,obligation,True,1.0,job_security,True,
anchorage_school_district__54__0f80b912,54.pdf,Anchorage School District,51,and the member shall have all rights of this agreement effective with the hire date as a temporary teacher.,the member,worker,worker,shall,False,active,rights_active,right,right,True,1.0,job_security,True,
anchorage_school_district__54__0f80b912,54.pdf,Anchorage School District,51,the member who has been awarded a position but has not moved shall be considered the excessed member for the purposes of involuntary transfer.,the member who has been awarded a position but has not moved,management,worker,shall,False,passive,plain,obligation,obligation,True,1.0,transfers,True,
anchorage_school_district__54__0f80b912,54.pdf,Anchorage School District,52,Transfers of Special Education members out of the Special Education Department may be denied by the District during the members’ first four (4) years in Special Education with the District unless the District is adequately staffed in Special Education and able to fill the position.,Transfers of Special Education members out of the Special Education Department,worker,management,may,False,passive,plain,permission,permission,True,0.3,transfers,True,
anchorage_school_district__54__0f80b912,54.pdf,Anchorage School District,52,Transfers for Special Education members who have taught in Special Education with the District for four (4) or more years will be allowed provided the transfer is completed at least thirty (30) calendar days prior to the start date for members.,Transfers for Special Education members who have taught in Special Education with the District for four (4) or more years,management,worker,will,False,passive,permission_verb,permission,permission,True,0.9,transfers,True,
anchorage_school_district__54__0f80b912,54.pdf,Anchorage School District,52,"a meeting between the member, AEA representative and the District will take place to discuss the program needs of the District.","a meeting between the member, AEA representative and the District",other,worker,will,False,active,plain,obligation,obligation,True,0.9,other,True,
anchorage_school_district__54__0f80b912,54.pdf,Anchorage School District,52,principals with known or anticipated vacancies will review the list of transfer requests and displaced members posted as of one week prior to the staffing meeting.,principals with known or anticipated vacancies,management,worker,will,False,active,plain,obligation,obligation,True,0.9,transfers,True,
anchorage_school_district__54__0f80b912,54.pdf,Anchorage School District,52,"The principal will conduct interviews, following the language of Article 413, during the week prior to the meeting.",The principal,management,worker,will,False,active,plain,obligation,obligation,True,0.9,transfers,True,
anchorage_school_district__54__0f80b912,54.pdf,Anchorage School District,52,Members who have submitted a request for transfer will make every effort to cooperate with the principal to ensure timely completion of required interviews.,Members who have submitted a request for transfer,worker,management,will,False,active,plain,obligation,obligation,True,0.9,transfers,True,
anchorage_school_district__54__0f80b912,54.pdf,Anchorage School District,52,"Transfer applicants known to the principal, either through a prior interview or prior supervision, may be selected by the principal during the staffing meeting without re-interview.","Transfer applicants known to the principal, either through a prior interview or prior supervision",management,management,may,False,passive,rights_passive,right,right,True,0.3,transfers,True,
anchorage_school_district__54__0f80b912,54.pdf,Anchorage School District,52,the vacancy must remain unfilled until the required interviews have occurred.,the vacancy,other,worker,must,False,active,plain,obligation,obligation,True,1.0,transfers,True,
anchorage_school_district__54__0f80b912,54.pdf,Anchorage School District,52,Members who have received “Intent to Hire” notices shall be placed in a vacancy only after three (3) transfer applicants (provided three (3) are available) have been interviewed.,Members who have received “Intent to Hire” notices,management,worker,shall,False,passive,plain,obligation,obligation,True,1.0,transfers,True,
anchorage_school_district__54__0f80b912,54.pdf,Anchorage School District,53,The District will provide the following remedy in the event that Article 413 is violated by the District.,The District,management,worker,will,False,active,plain,obligation,obligation,True,0.9,discipline,True,
anchorage_school_district__54__0f80b912,54.pdf,Anchorage School District,53,The District shall provide AEA and the affected members (members on the transfer list who listed the affected school as their first or second choice at the time the violation occurred) a letter explaining how the violation occurred and how the District plans to prevent the violation from occurring in the future.,The District,management,worker,shall,False,active,plain,obligation,obligation,True,1.0,discipline,True,
anchorage_school_district__54__0f80b912,54.pdf,Anchorage School District,53,The affected members shall be guaranteed an interview for the next vacancy that occurs at the affected school within the next two (2) years.,The affected members,management,worker,shall,False,passive,rights_passive,right,right,True,1.0,discipline,True,
anchorage_school_district__54__0f80b912,54.pdf,Anchorage School District,53,"When the transfer of a member is to be made without relation to any member transfer request, consultation and notification shall be attempted as soon as possible and in no event later than two weeks prior to the effective date of the transfer.",consultation and notification,management,worker,shall,False,passive,plain,obligation,obligation,True,1.0,transfers,True,
anchorage_school_district__54__0f80b912,54.pdf,Anchorage School District,53,"In the event the District is unable to contact the member for consultation and an involuntary transfer is necessitated, however, the District shall give the member at least one week’s notice by certified mail or hand delivery prior to the transfer.",the District,management,worker,shall,False,active,plain,obligation,obligation,True,1.0,transfers,True,
anchorage_school_district__54__0f80b912,54.pdf,Anchorage School District,53,The above time requirement may be waived for the purposes of balancing staff after school begins as a result of changes from projected enrollment;,The above time requirement,management,management,may,False,passive,plain,permission,permission,True,0.3,transfers,True,
anchorage_school_district__54__0f80b912,54.pdf,Anchorage School District,53,a substitute teacher may be employed at the District’s discretion to provide the member time for new assignment preparation.,a substitute teacher,management,worker,may,False,passive,plain,permission,permission,True,0.3,transfers,True,
anchorage_school_district__54__0f80b912,54.pdf,Anchorage School District,53,"If a member is to be transferred due to a reduction of staff in the school, the member will be provided, upon request, an updated list of available openings in order to submit preferences for transfer.",the member,management,worker,will,False,passive,rights_passive,right,right,True,0.9,transfers,True,
anchorage_school_district__54__0f80b912,54.pdf,Anchorage School District,53,The District shall allow currently contracted tenured teachers who have the appropriate academic preparation the opportunity to exchange assignments within the District for a period of one year.,The District,management,worker,shall,False,active,plain,obligation,obligation,True,1.0,transfers,True,
anchorage_school_district__54__0f80b912,54.pdf,Anchorage School District,53,All teacher exchanges of assignments shall be voluntary;,All teacher exchanges of assignments,other,worker,shall,False,active,plain,obligation,obligation,True,1.0,transfers,True,
anchorage_school_district__54__0f80b912,54.pdf,Anchorage School District,53,Teacher exchanges shall be for a period of one year;,Teacher exchanges,other,management,shall,False,active,plain,obligation,obligation,True,1.0,transfers,True,
anchorage_school_district__54__0f80b912,54.pdf,Anchorage School District,53,Teacher exchanges may only be made with the approval of the sending and receiving unit administrators;,Teacher exchanges,management,management,may,False,passive,plain,permission,permission,True,0.3,transfers,True,
anchorage_school_district__54__0f80b912,54.pdf,Anchorage School District,53,"A teacher may exchange with another teacher, under this provision, no more than once every three years;",A teacher,worker,management,may,False,active,plain,permission,permission,True,0.3,transfers,True,
anchorage_school_district__54__0f80b912,54.pdf,Anchorage School District,53,Teachers in exchange assignments shall be evaluated,Teachers in exchange assignments,management,management,shall,False,passive,plain,obligation,obligation,True,1.0,evaluation,True,Truncated at end of chunk.
anchorage_school_district__54__0f80b912,54.pdf,Anchorage School District,54,Teacher exchanges shall be for a period of one year,Teacher exchanges,other,management,shall,False,active,plain,obligation,obligation,True,1.0,transfers,True,
anchorage_school_district__54__0f80b912,54.pdf,Anchorage School District,54,Teacher exchanges may only be made with the approval of the sending and receiving unit administrators,Teacher exchanges,management,management,may,False,passive,plain,permission,permission,True,0.3,transfers,True,Implicit agent is management
anchorage_school_district__54__0f80b912,54.pdf,Anchorage School District,54,"A teacher may exchange with another teacher, under this provision, no more than once every three years",A teacher,worker,management,may,False,active,plain,permission,permission,True,0.3,transfers,True,"""no more than"" functions as an affirmative ceiling, not negation"
anchorage_school_district__54__0f80b912,54.pdf,Anchorage School District,54,Teachers in exchange assignments shall be evaluated according to the provisions of 464,Teachers in exchange assignments,management,management,shall,False,passive,plain,obligation,obligation,True,1.0,evaluation,True,Implicit agent is management
anchorage_school_district__54__0f80b912,54.pdf,Anchorage School District,54,they shall be permanently transferred into their exchange units so long as the exchange assignments are within the areas of academic preparation of both teachers,they,management,worker,shall,False,passive,plain,obligation,obligation,True,1.0,transfers,True,Main clause extracted; conditional/qualifying clauses omitted
anchorage_school_district__54__0f80b912,54.pdf,Anchorage School District,54,the teacher shall be allowed to do so,the teacher,management,worker,shall,False,passive,permission_verb,permission,permission,True,1.0,transfers,True,
anchorage_school_district__54__0f80b912,54.pdf,Anchorage School District,54,the other teacher shall return to the previous school,the other teacher,worker,management,shall,False,active,plain,obligation,obligation,True,1.0,transfers,True,
anchorage_school_district__54__0f80b912,54.pdf,Anchorage School District,54,Nothing in 464 C shall preclude the involved teachers from applying for transfer consideration.,Nothing in 464 C,other,worker,shall,True,active,plain,prohibition,prohibition,True,1.0,transfers,True,Subject-side quantifier negation
anchorage_school_district__54__0f80b912,54.pdf,Anchorage School District,54,"the District shall finalize all student placements and staffing decisions (which affect regular classrooms) as soon as possible after the actual number of students to be served in a given school is known, and the final authorization for necessary teaching staff has been received by the principal.",the District,management,worker,shall,False,active,plain,obligation,obligation,True,1.0,transfers,True,Long clause with embedded condition/time reference
anchorage_school_district__54__0f80b912,54.pdf,Anchorage School District,54,"This commitment does not preclude changes in individual placement that may become necessary during the school year, for a variety of reasons.",This commitment,other,management,may,True,active,plain,prohibition,prohibition,True,0.3,transfers,True,
anchorage_school_district__54__0f80b912,54.pdf,Anchorage School District,54,affected teachers will be consulted before a decision is made by the principal.,affected teachers,management,worker,will,False,passive,plain,obligation,obligation,True,0.9,transfers,True,"Explicit agent named via ""by the principal"""
anchorage_school_district__54__0f80b912,54.pdf,Anchorage School District,54,The teacher has the initial right and the responsibility to determine grades within the grading policy of the District.,The teacher,worker,worker,,False,active,rights_active,right,right,True,0.85,evaluation,True,
anchorage_school_district__54__0f80b912,54.pdf,Anchorage School District,54,No teacher shall be requested to sign a report card or to give credit for a class if the teacher believes that the student has not successfully completed that grade or class.,No teacher,management,worker,shall,True,passive,plain,prohibition,prohibition,True,1.0,evaluation,True,Subject-side quantifier negation; implicit agent is management
anchorage_school_district__54__0f80b912,54.pdf,Anchorage School District,54,"Initial discussion of student pass/fail rates shall be based on factual data, e.g., grading statistics as compared to similar classes, student attendance, completion of assignments and classroom participation.",Initial discussion of student pass/fail rates,other,management,shall,False,active,plain,obligation,obligation,True,1.0,evaluation,True,
anchorage_school_district__54__0f80b912,54.pdf,Anchorage School District,54,"No grade, report card, cumulative record, or decision to promote or retain a student shall be changed unless the person making the change initials it and notifies the teacher, prior to the change when possible.","No grade, report card, cumulative record, or decision to promote or retain a student",other,worker,shall,True,passive,plain,prohibition,prohibition,True,1.0,evaluation,True,Subject-side quantifier negation
anchorage_school_district__54__0f80b912,54.pdf,Anchorage School District,54,the principal shall sign the report card,the principal,management,management,shall,False,active,plain,obligation,obligation,True,1.0,evaluation,True,Extracted as separate independent clause
anchorage_school_district__54__0f80b912,54.pdf,Anchorage School District,54,the principal’s name shall appear on the transcript in lieu of the teacher’s name.,the principal’s name,other,management,shall,False,active,plain,obligation,obligation,True,1.0,evaluation,True,Extracted as separate independent clause
anchorage_school_district__54__0f80b912,54.pdf,Anchorage School District,55,"If the principal decides to promote the student or give credit for the class in spite of the teacher’s judgment, the principal shall sign the report card",the principal,management,management,shall,False,active,plain,obligation,obligation,True,1.0,evaluation,True,
anchorage_school_district__54__0f80b912,54.pdf,Anchorage School District,55,A teacher may appeal a grade change to the principal’s supervisor.,A teacher,worker,worker,may,False,active,plain,permission,permission,True,0.3,discipline,True,
anchorage_school_district__54__0f80b912,54.pdf,Anchorage School District,55,"When the District proposes major changes in the report card or grade reporting system, the District shall involve teachers on change committees, pilot changes before full implementation, utilize a feedback system, notify teachers of changes, and provide training sessions on the change.",the District,management,worker,shall,False,active,plain,obligation,obligation,True,1.0,teacher_rights_and_conduct,True,
anchorage_school_district__54__0f80b912,54.pdf,Anchorage School District,55,A committee including Association Representatives shall meet for the purpose of studying alternative calendars for subsequent year(s).,A committee including Association Representatives,worker,worker,shall,False,active,plain,obligation,obligation,True,1.0,other,True,
anchorage_school_district__54__0f80b912,54.pdf,Anchorage School District,55,Recommendations shall be submitted to the Superintendent no later than December 1.,Recommendations,other,worker,shall,False,passive,plain,obligation,obligation,True,1.0,other,True,
anchorage_school_district__54__0f80b912,54.pdf,Anchorage School District,55,The District shall submit a proposal for these three state in-service days.,The District,management,worker,shall,False,active,plain,obligation,obligation,True,1.0,professional_development,True,
anchorage_school_district__54__0f80b912,54.pdf,Anchorage School District,55,The administrator and the staff shall collaboratively develop and/or review building discipline procedures annually in the fall.,The administrator and the staff,other,worker,shall,False,active,plain,obligation,obligation,True,1.0,discipline,True,
anchorage_school_district__54__0f80b912,54.pdf,Anchorage School District,55,Copies of Board policies pertaining to student behavior will be made available to staff.,Copies of Board policies pertaining to student behavior,other,worker,will,False,passive,plain,obligation,obligation,True,0.9,teacher_rights_and_conduct,True,
anchorage_school_district__54__0f80b912,54.pdf,Anchorage School District,55,"Duties, responsibilities and relationships of all personnel regarding the enforcement of discipline policies shall be discussed with all staff involved with student discipline.","Duties, responsibilities and relationships of all personnel regarding the enforcement of discipline policies",other,worker,shall,False,passive,plain,obligation,obligation,True,1.0,discipline,True,
anchorage_school_district__54__0f80b912,54.pdf,Anchorage School District,55,Copies of the proposed discipline procedures shall be shared with the PTA for discussion.,Copies of the proposed discipline procedures,other,worker,shall,False,passive,plain,obligation,obligation,True,1.0,discipline,True,
anchorage_school_district__54__0f80b912,54.pdf,Anchorage School District,55,The procedures established shall be followed and enforced by the administrator(s) and staff.,The procedures established,management,management,shall,False,passive,plain,obligation,obligation,True,1.0,discipline,True,
anchorage_school_district__54__0f80b912,54.pdf,Anchorage School District,55,The procedures shall include a protocol for informing those with a need to know regarding the admission of students with a known history of violent behavior.,The procedures,other,worker,shall,False,active,plain,obligation,obligation,True,1.0,safety_and_working_conditions,True,
anchorage_school_district__54__0f80b912,54.pdf,Anchorage School District,55,"The list of those with a need to know shall include librarians, nurses, and other specialists who are assigned responsibility for managing the behavior of such students.",The list of those with a need to know,other,worker,shall,False,active,plain,obligation,obligation,True,1.0,safety_and_working_conditions,True,
anchorage_school_district__54__0f80b912,54.pdf,Anchorage School District,55,"Building procedures for maintaining student discipline shall address standard methods utilized by the member before administrator referral (such as conferences with a student, discussions with parents/guardians and counselor referrals) as well as procedures for cases of extreme or unusual breaches of discipline including but not limited to physical assault and possession of weapons.",Building procedures for maintaining student discipline,other,worker,shall,False,active,plain,obligation,obligation,True,1.0,discipline,True,
anchorage_school_district__54__0f80b912,54.pdf,Anchorage School District,56,A member may exclude a student from the classroom for the class period or activity when the member judges the student’s behavior to be disruptive to the instructional program.,A member,worker,worker,may,False,active,plain,permission,permission,True,0.3,discipline,True,
anchorage_school_district__54__0f80b912,54.pdf,Anchorage School District,56,"If a member and the administrator concur that the learning environment has been severely disrupted by a student(s), the student(s) shall be suspended from that classroom.",the student(s),management,worker,shall,False,passive,plain,obligation,obligation,True,1.0,discipline,True,
anchorage_school_district__54__0f80b912,54.pdf,Anchorage School District,56,"The student(s) shall only be returned to that classroom after appropriate disciplinary action has been taken and a member, administrator and parent (unless member and administrator agree otherwise) conference has been held.",The student(s),management,worker,shall,False,passive,plain,obligation,obligation,True,1.0,discipline,True,
anchorage_school_district__54__0f80b912,54.pdf,Anchorage School District,56,The member and the administrator may collaboratively develop an agreement specifying future behavior expectations and consequences.,The member and the administrator,other,worker,may,False,active,plain,permission,permission,True,0.3,discipline,True,
anchorage_school_district__54__0f80b912,54.pdf,Anchorage School District,56,"Upon request, members shall be provided with suggested strategies for managing student behaviors.",members,management,worker,shall,False,passive,rights_passive,right,right,True,1.0,safety_and_working_conditions,True,
anchorage_school_district__54__0f80b912,54.pdf,Anchorage School District,56,"Members shall be informed prior to being assigned student(s) who evidence behaviors that could present a safety problem to students or staff, if such information is not confidential.",Members,management,worker,shall,False,passive,rights_passive,right,right,True,1.0,safety_and_working_conditions,True,
anchorage_school_district__54__0f80b912,54.pdf,Anchorage School District,56,Members will report immediately to the administrator or designee the details of all instances of assault.,Members,worker,management,will,False,active,plain,obligation,obligation,True,0.9,safety_and_working_conditions,True,
anchorage_school_district__54__0f80b912,54.pdf,Anchorage School District,56,Incidents of verbal and physical assault of members shall be documented by the principal.,Incidents of verbal and physical assault of members,management,worker,shall,False,passive,plain,obligation,obligation,True,1.0,safety_and_working_conditions,True,
anchorage_school_district__54__0f80b912,54.pdf,Anchorage School District,56,"When physical assault of a member has occurred, the administrator shall remove the student from the member’s classroom unless the member requests otherwise.",the administrator,management,worker,shall,False,active,plain,obligation,obligation,True,1.0,safety_and_working_conditions,True,
anchorage_school_district__54__0f80b912,54.pdf,Anchorage School District,56,"The student shall only be returned to the member’s classroom after a suspension from that classroom has been served, a conference has been held with the member, administrator and parent (unless member and administrator agree otherwise) and appropriate action has been taken to prevent future occurrences.",The student,management,worker,shall,False,passive,plain,obligation,obligation,True,1.0,safety_and_working_conditions,True,
anchorage_school_district__54__0f80b912,54.pdf,Anchorage School District,56,"Consistent with Workers’ Compensation Law, the District shall assume full liability for job related member injury.",the District,management,worker,shall,False,active,plain,obligation,obligation,True,1.0,benefits,True,
anchorage_school_district__54__0f80b912,54.pdf,Anchorage School District,57,Protection against damage to property shall be limited to the terms of the District’s existing liability policy.,Protection against damage to property,other,management,shall,False,passive,plain,obligation,obligation,True,1.0,benefits,True,
anchorage_school_district__54__0f80b912,54.pdf,Anchorage School District,57,"Generally, personal property is not the responsibility of the District unless damage to such property is the direct result of District action or due to assault while a member is engaged in a duty-related activity.",personal property,other,management,,True,active,plain,prohibition,prohibition,True,0.0,benefits,True,
anchorage_school_district__54__0f80b912,54.pdf,Anchorage School District,57,"A member may use reasonable and necessary physical force on a student to protect the member, a student(s) or others from physical injury; to obtain possession of weapons or other dangerous objects from a student; in any extraordinary case of breach of discipline; to restrain a physically disruptive student; or to protect property from serious harm.",A member,worker,worker,may,False,active,permission_verb,permission,permission,True,0.3,safety_and_working_conditions,True,
anchorage_school_district__54__0f80b912,54.pdf,Anchorage School District,57,"Members may request a special faculty meeting or in-service training session to review applicable federal, state and local laws and District policies and procedures pertaining to student rights, member rights, due process and the processing of student discipline.",Members,worker,worker,may,False,active,permission_verb,permission,permission,True,0.3,professional_development,True,
anchorage_school_district__54__0f80b912,54.pdf,Anchorage School District,57,"When requested, the Association may assist in the development and presentation of materials to be used during the meeting.",the Association,worker,worker,may,False,active,permission_verb,permission,permission,True,0.3,professional_development,True,
anchorage_school_district__54__0f80b912,54.pdf,Anchorage School District,57,"When held during the workday, or special faculty meetings, staff attendance shall be mandatory.",staff attendance,other,management,shall,False,active,obligation_verb,obligation,obligation,True,1.0,professional_development,True,
anchorage_school_district__54__0f80b912,54.pdf,Anchorage School District,57,"The Safety Committee of each school shall develop and annually review a plan for providing emergency support to any member who calls for assistance when facing a potential danger from violence, either to students or to self.",The Safety Committee of each school,management,worker,shall,False,active,obligation_verb,obligation,obligation,True,1.0,safety_and_working_conditions,True,
anchorage_school_district__54__0f80b912,54.pdf,Anchorage School District,57,Such plan must identify an effective method of communication to be used as well as the prescribed response.,Such plan,other,worker,must,False,active,obligation_verb,obligation,obligation,True,1.0,safety_and_working_conditions,True,
anchorage_school_district__54__0f80b912,54.pdf,Anchorage School District,57,"With the goal of reducing disruptive and violent behaviors and improving school decorum, the District shall establish Safe School Committees at each site.",the District,management,worker,shall,False,active,obligation_verb,obligation,obligation,True,1.0,safety_and_working_conditions,True,
anchorage_school_district__54__0f80b912,54.pdf,Anchorage School District,57,"The committee shall be comprised of an administrator, a member, a parent, and a support staff representative",The committee,management,worker,shall,False,active,obligation_verb,obligation,obligation,True,1.0,safety_and_working_conditions,True,
anchorage_school_district__54__0f80b912,54.pdf,Anchorage School District,57,and shall meet at least quarterly.,The committee,management,worker,shall,False,active,obligation_verb,obligation,obligation,True,1.0,safety_and_working_conditions,True,
anchorage_school_district__54__0f80b912,54.pdf,Anchorage School District,57,Safe School Committees shall be charged with action plans in response to building level data that cites the number and disposition of disciplinary referrals to the principal.,Safe School Committees,management,worker,shall,False,passive,obligation_verb,obligation,obligation,True,1.0,safety_and_working_conditions,True,
anchorage_school_district__54__0f80b912,54.pdf,Anchorage School District,57,No member shall be disciplined or deprived of an employment right or benefit without just cause.,No member,worker,worker,shall,True,passive,plain,prohibition,prohibition,True,1.0,discipline,True,Negative quantifier negation
anchorage_school_district__54__0f80b912,54.pdf,Anchorage School District,57,Members shall bring to the immediate attention of the supervisor any situation considered to be unsafe or unhealthy.,Members,worker,management,shall,False,active,obligation_verb,obligation,obligation,True,1.0,safety_and_working_conditions,True,
anchorage_school_district__54__0f80b912,54.pdf,Anchorage School District,57,"If the District determines that the situation is unsafe or unhealthy, alternative work locations will be arranged.",alternative work locations,management,worker,will,False,passive,plain,obligation,obligation,True,0.9,safety_and_working_conditions,True,Main clause extracted from conditional structure
anchorage_school_district__54__0f80b912,54.pdf,Anchorage School District,57,Unsafe conditions will be remedied as soon as practicable.,Unsafe conditions,management,worker,will,False,passive,plain,obligation,obligation,True,0.9,safety_and_working_conditions,True,
anchorage_school_district__54__0f80b912,54.pdf,Anchorage School District,58,alternative work locations will be arranged.,alternative work locations,management,worker,will,False,passive,plain,obligation,obligation,True,0.9,safety_and_working_conditions,True,
anchorage_school_district__54__0f80b912,54.pdf,Anchorage School District,58,members in the closed school(s) shall not lose their regularly scheduled salary because of the closure.,members in the closed school(s),worker,worker,shall,True,active,plain,prohibition,prohibition,True,1.0,compensation,True,
anchorage_school_district__54__0f80b912,54.pdf,Anchorage School District,58,The District will comply with and shall provide a copy of Alaska Statute Chapter 60 (AS 18.60) in each unit.,The District,management,worker,will,False,active,plain,obligation,obligation,True,0.9,safety_and_working_conditions,True,
anchorage_school_district__54__0f80b912,54.pdf,Anchorage School District,58,"A member may refuse to carry out an order that threatens health (excluding normal childhood diseases including but not limited to colds, flu, mumps, measles, chicken pox) or physical safety; or which is a violation of federal or state statutes.",A member,worker,worker,may,False,active,plain,permission,permission,True,0.3,safety_and_working_conditions,True,
anchorage_school_district__54__0f80b912,54.pdf,Anchorage School District,58,the member shall have the burden of proof.,the member,worker,management,shall,False,active,plain,obligation,obligation,True,1.0,other,True,
anchorage_school_district__54__0f80b912,54.pdf,Anchorage School District,58,Members shall be represented on school safety committees.,Members,management,worker,shall,False,passive,plain,obligation,obligation,True,1.0,safety_and_working_conditions,True,
anchorage_school_district__54__0f80b912,54.pdf,Anchorage School District,58,"The principals or their designees shall inform members immediately when they are potentially exposed to contagious diseases and illness,",The principals or their designees,management,worker,shall,False,active,plain,obligation,obligation,True,1.0,safety_and_working_conditions,True,
anchorage_school_district__54__0f80b912,54.pdf,Anchorage School District,58,and shall instruct members about prevention and protection from diseases and illness.,The principals or their designees,management,worker,shall,False,active,plain,obligation,obligation,True,1.0,safety_and_working_conditions,True,
anchorage_school_district__54__0f80b912,54.pdf,Anchorage School District,58,No information shall be released in violation of privacy acts.,No information,management,worker,shall,True,passive,plain,prohibition,prohibition,True,1.0,other,True,
anchorage_school_district__54__0f80b912,54.pdf,Anchorage School District,58,No member shall be required to search for a bomb.,No member,management,worker,shall,True,passive,obligation_verb,right,right,True,1.0,safety_and_working_conditions,True,
anchorage_school_district__54__0f80b912,54.pdf,Anchorage School District,58,The District shall provide a copy of bomb threat procedures in the staff handbook.,The District,management,worker,shall,False,active,plain,obligation,obligation,True,1.0,safety_and_working_conditions,True,
anchorage_school_district__54__0f80b912,54.pdf,Anchorage School District,58,The District shall establish and adhere to a consistent anti-violence policy.,The District,management,worker,shall,False,active,plain,obligation,obligation,True,1.0,safety_and_working_conditions,True,
anchorage_school_district__54__0f80b912,54.pdf,Anchorage School District,58,"A provision in this policy will require the District to notify members, prior to student placement in the classroom, about any student who has, within two years, been expelled from any school for weapons possession or incidents of violence.",A provision in this policy,other,worker,will,False,active,plain,obligation,obligation,True,0.9,safety_and_working_conditions,True,
anchorage_school_district__54__0f80b912,54.pdf,Anchorage School District,58,"The District will facilitate and support the filing of a criminal complaint against any adult, not employed by the District, who physically assaults a member while on duty.",The District,management,worker,will,False,active,plain,obligation,obligation,True,0.9,safety_and_working_conditions,True,
anchorage_school_district__54__0f80b912,54.pdf,Anchorage School District,58,"Legal counseling shall be available, through the Employee Assistance Program described in Article 212, to any member who has been a victim of physical assault.",Legal counseling,other,worker,shall,False,active,plain,obligation,obligation,True,1.0,benefits,True,
anchorage_school_district__54__0f80b912,54.pdf,Anchorage School District,58,Counseling and assistance in the filing of a Worker’s Compensation claim shall also be provided.,Counseling and assistance in the filing of a Worker’s Compensation claim,management,worker,shall,False,passive,rights_passive,right,obligation,False,1.0,benefits,True,
anchorage_school_district__54__0f80b912,54.pdf,Anchorage School District,58,the administrator will notify the appropriate staff in a timely manner.,the administrator,management,worker,will,False,active,plain,obligation,obligation,True,0.9,safety_and_working_conditions,True,
anchorage_school_district__54__0f80b912,54.pdf,Anchorage School District,58,"In the event of a natural disaster or other catastrophic event, only members who volunteer will work beyond the duty day.",only members who volunteer,worker,worker,will,False,active,plain,obligation,prohibition,False,0.9,workload,True,
anchorage_school_district__54__0f80b912,54.pdf,Anchorage School District,58,They will be covered by the District’s liability insurance.,They,management,worker,will,False,passive,rights_passive,right,right,True,0.9,benefits,True,
anchorage_school_district__54__0f80b912,54.pdf,Anchorage School District,58,Members who volunteer shall be granted reasonable duty-free recovery time before resuming normal contractual responsibilities with no loss in pay or benefits.,Members who volunteer,management,worker,shall,False,passive,rights_passive,right,right,True,1.0,workload,True,
anchorage_school_district__54__0f80b912,54.pdf,Anchorage School District,58,"Disaster procedures shall be established in each unit, discussed/revised annually with staff and placed in the staff handbook.",Disaster procedures,management,worker,shall,False,passive,plain,obligation,obligation,True,1.0,safety_and_working_conditions,True,
anchorage_school_district__54__0f80b912,54.pdf,Anchorage School District,59,Disaster procedures shall be established in each unit,Disaster procedures,other,worker,shall,False,passive,plain,obligation,obligation,True,1.0,safety_and_working_conditions,True,
anchorage_school_district__54__0f80b912,54.pdf,Anchorage School District,59,discussed/revised annually with staff,Disaster procedures,other,worker,shall,False,passive,plain,obligation,obligation,True,1.0,safety_and_working_conditions,True,Subject implicitly carries over
anchorage_school_district__54__0f80b912,54.pdf,Anchorage School District,59,placed in the staff handbook.,Disaster procedures,other,worker,shall,False,passive,plain,obligation,obligation,True,1.0,safety_and_working_conditions,True,Subject implicitly carries over
anchorage_school_district__54__0f80b912,54.pdf,Anchorage School District,59,These procedures shall be available to the substitute teacher.,These procedures,other,worker,shall,False,passive,plain,obligation,obligation,True,1.0,safety_and_working_conditions,True,
anchorage_school_district__54__0f80b912,54.pdf,Anchorage School District,59,Members shall have flexibility in selecting a reporting location on emergency closure days.,Members,worker,worker,shall,False,active,rights_active,right,right,True,1.0,safety_and_working_conditions,True,
anchorage_school_district__54__0f80b912,54.pdf,Anchorage School District,59,This procedure would not prohibit the member from working at the regular school,This procedure,other,worker,would,True,active,prohibition_verb,permission,permission,True,0.85,safety_and_working_conditions,True,
anchorage_school_district__54__0f80b912,54.pdf,Anchorage School District,59,gives the member the professional choice as to where the preparation work for the day will be performed.,This procedure,other,worker,will,False,active,plain,obligation,right,False,0.9,safety_and_working_conditions,True,Subject implicitly carries over
anchorage_school_district__54__0f80b912,54.pdf,Anchorage School District,59,the District agrees to follow a policy of progressive discipline.,the District,management,worker,,False,active,obligation_verb,obligation,obligation,True,0.85,discipline,True,
anchorage_school_district__54__0f80b912,54.pdf,Anchorage School District,59,Any disciplinary action taken against a member shall be appropriate to the behavior which precipitates said action.,Any disciplinary action taken against a member,other,worker,shall,False,passive,plain,obligation,obligation,True,1.0,discipline,True,
anchorage_school_district__54__0f80b912,54.pdf,Anchorage School District,59,"Members shall comply with rules, regulations, and directions as adopted by the Board or its representatives, which are not inconsistent with this agreement.",Members,worker,management,shall,False,active,obligation_verb,obligation,obligation,True,1.0,teacher_rights_and_conduct,True,
anchorage_school_district__54__0f80b912,54.pdf,Anchorage School District,59,An investigation shall be conducted prior to any disciplinary action being taken by the District.,An investigation,management,worker,shall,False,passive,plain,obligation,obligation,True,1.0,discipline,True,
anchorage_school_district__54__0f80b912,54.pdf,Anchorage School District,59,The specific incident must be cited,The specific incident,other,worker,must,False,passive,plain,obligation,obligation,True,1.0,discipline,True,
anchorage_school_district__54__0f80b912,54.pdf,Anchorage School District,59,the member must be given an opportunity to respond to the incident if the member desires.,the member,management,worker,must,False,passive,rights_passive,right,right,True,1.0,discipline,True,
anchorage_school_district__54__0f80b912,54.pdf,Anchorage School District,59,the member shall be given 48 hours prior written notice of the time and nature of the meeting,the member,management,worker,shall,False,passive,rights_passive,right,right,True,1.0,discipline,True,
anchorage_school_district__54__0f80b912,54.pdf,Anchorage School District,59,shall be apprised of the right to have an Association representative present.,the member,management,worker,shall,False,passive,rights_passive,right,right,True,1.0,discipline,True,Subject implicitly carries over
anchorage_school_district__54__0f80b912,54.pdf,Anchorage School District,59,the principal will first attempt to schedule the meeting outside the student contact day.,the principal,management,worker,will,False,active,plain,obligation,obligation,True,0.9,discipline,True,
anchorage_school_district__54__0f80b912,54.pdf,Anchorage School District,59,"the member shall be entitled, upon request, to have an Association representative present.",the member,management,worker,shall,False,passive,rights_passive,right,right,True,1.0,discipline,True,
anchorage_school_district__54__0f80b912,54.pdf,Anchorage School District,59,no action shall be taken until a representative can be present.,no action,management,worker,shall,True,passive,plain,prohibition,prohibition,True,1.0,discipline,True,
anchorage_school_district__54__0f80b912,54.pdf,Anchorage School District,59,The meeting shall be held as soon as possible.,The meeting,other,worker,shall,False,passive,plain,obligation,obligation,True,1.0,discipline,True,
anchorage_school_district__54__0f80b912,54.pdf,Anchorage School District,59,"Any form of discipline including verbal reprimand of a member by an administrator shall be made in confidence (not in the presence of students, parents, other employees or in public gatherings).",Any form of discipline including verbal reprimand of a member by an administrator,management,worker,shall,False,passive,plain,obligation,obligation,True,1.0,discipline,True,
anchorage_school_district__54__0f80b912,54.pdf,Anchorage School District,60,"Members shall be on duty for a combined total of 60 minutes before and after the student day, exclusive of the duty-free lunch period unless specifically excused by the principal.",Members,worker,worker,shall,False,active,obligation_verb,obligation,obligation,True,1.0,workload,True,
anchorage_school_district__54__0f80b912,54.pdf,Anchorage School District,60,A member’s flexible schedule shall not interfere with regularly scheduled staff meetings or assigned duties,A member’s flexible schedule,other,management,shall,True,active,prohibition_verb,permission,prohibition,False,1.0,teacher_rights_and_conduct,True,Split from compound sentence joined by 'but'
anchorage_school_district__54__0f80b912,54.pdf,Anchorage School District,60,"discretion in adjusting schedules following work-related evening commitments, consistent with safety and professional responsibility, is expected.","discretion in adjusting schedules following work-related evening commitments, consistent with safety and professional responsibility",other,worker,,False,active,obligation_verb,obligation,obligation,True,0.85,safety_and_working_conditions,True,Split from compound sentence joined by 'but'
anchorage_school_district__54__0f80b912,54.pdf,Anchorage School District,60,Members shall notify parents each fall regarding office hours when conferences may be most easily scheduled.,Members,worker,management,shall,False,active,plain,obligation,obligation,True,1.0,other,True,
anchorage_school_district__54__0f80b912,54.pdf,Anchorage School District,60,Other times may be arranged as necessary to assure parents opportunities for discussion with members regarding student performance.,Other times,other,management,may,False,passive,permission_verb,permission,permission,True,0.3,other,True,
anchorage_school_district__54__0f80b912,54.pdf,Anchorage School District,60,Time at duty station for double-shift or schools with shortened schedules shall be negotiated with the Association and implemented subject to approval of the plan by the Commissioner of Education.,Time at duty station for double-shift or schools with shortened schedules,other,worker,shall,False,passive,plain,obligation,obligation,True,1.0,safety_and_working_conditions,True,
anchorage_school_district__54__0f80b912,54.pdf,Anchorage School District,60,"Members shall be provided a duty-free lunch period of at least 30 consecutive minutes as defined in AS 14.20.097 exclusive of up to a total of 10 minutes passing time, as determined by the principal.",Members,management,worker,shall,False,passive,rights_passive,right,right,True,1.0,safety_and_working_conditions,True,
anchorage_school_district__54__0f80b912,54.pdf,Anchorage School District,60,"Members assigned to more than one building shall be provided schedules that include at least 30 consecutive minutes for duty free lunch, and sufficient time to travel between assignment locations.",Members assigned to more than one building,worker,worker,shall,False,passive,rights_passive,right,right,True,1.0,safety_and_working_conditions,True,
anchorage_school_district__54__0f80b912,54.pdf,Anchorage School District,60,"Whenever possible, the schedules for itinerant specialists will be structured to allow set-up and take-down time.",the schedules for itinerant specialists,other,worker,will,False,passive,plain,obligation,obligation,True,0.9,workload,True,
anchorage_school_district__54__0f80b912,54.pdf,Anchorage School District,60,"The 60 minutes beyond the student day shall be utilized in such a manner to maximize the efficient use of time for planning and conferences (i.e., 45/15 or 15/45).",The 60 minutes beyond the student day,other,worker,shall,False,passive,obligation_verb,obligation,obligation,True,1.0,workload,True,
anchorage_school_district__54__0f80b912,54.pdf,Anchorage School District,60,In no case shall the normal member workday begin or end less than 15 minutes before or after student day.,the normal member workday,other,worker,shall,True,active,prohibition_verb,permission,prohibition,False,1.0,workload,True,
anchorage_school_district__54__0f80b912,54.pdf,Anchorage School District,60,A member’s flexible schedule (45/15 or 15/45) shall not interfere with regularly scheduled staff meetings or assigned duties.,A member’s flexible schedule (45/15 or 15/45),other,management,shall,True,active,prohibition_verb,permission,prohibition,False,1.0,workload,True,
anchorage_school_district__54__0f80b912,54.pdf,Anchorage School District,60,"Upon request, members will provide unit administrators their planned flexible schedules.",members,worker,management,will,False,active,plain,obligation,obligation,True,0.9,other,True,
anchorage_school_district__54__0f80b912,54.pdf,Anchorage School District,61,members will provide unit administrators their planned flexible schedules.,members,worker,management,will,False,active,plain,obligation,obligation,True,0.9,other,True,
anchorage_school_district__54__0f80b912,54.pdf,Anchorage School District,61,"Members may leave the building at any time during which they are not assigned duties, providing they sign out when they leave and sign in when they return.",Members,worker,worker,may,False,active,permission_verb,permission,permission,True,0.3,workload,True,
anchorage_school_district__54__0f80b912,54.pdf,Anchorage School District,61,"Consistent with 428 (A), members are expected to give precedence to faculty meetings, curriculum development meetings, or assigned school duties so long as these meetings do not exceed the student day by more than one hour.",members,worker,management,,False,active,obligation_verb,obligation,obligation,True,0.85,workload,True,
anchorage_school_district__54__0f80b912,54.pdf,Anchorage School District,61,Faculty meetings will normally be scheduled no more often than once per week.,Faculty meetings,other,worker,will,False,passive,plain,obligation,prohibition,False,0.9,workload,True,
anchorage_school_district__54__0f80b912,54.pdf,Anchorage School District,61,"So long as their personal schedules allow, members are expected to give precedence to education-related District meetings.",members,worker,management,,False,active,obligation_verb,obligation,obligation,True,0.85,professional_development,True,
anchorage_school_district__54__0f80b912,54.pdf,Anchorage School District,61,Members shall be expected to attend one open house per year unless the member has a legitimate reason to be excused.,Members,worker,management,shall,False,active,obligation_verb,obligation,obligation,True,1.0,other,True,
anchorage_school_district__54__0f80b912,54.pdf,Anchorage School District,61,Members with split assignments shall have one site designated by the District as a “home school” for purposes of this article.,Members with split assignments,worker,worker,shall,False,active,plain,obligation,obligation,True,1.0,other,True,
anchorage_school_district__54__0f80b912,54.pdf,Anchorage School District,61,Non-instructional duties shall be performed only at the home school.,Non-instructional duties,other,worker,shall,False,passive,obligation_verb,obligation,obligation,True,1.0,workload,True,
anchorage_school_district__54__0f80b912,54.pdf,Anchorage School District,61,The district will continue to explore various operational options for schools,The district,management,management,will,False,active,plain,obligation,obligation,True,0.9,other,True,
anchorage_school_district__54__0f80b912,54.pdf,Anchorage School District,61,may elect to sponsor pilot projects.,The district,management,management,may,False,active,plain,permission,permission,True,0.3,other,True,
anchorage_school_district__54__0f80b912,54.pdf,Anchorage School District,61,detailed plans shall be prepared which delineate the structure of the decision-making process within the school.,detailed plans,other,management,shall,False,passive,obligation_verb,obligation,obligation,True,1.0,other,True,
anchorage_school_district__54__0f80b912,54.pdf,Anchorage School District,61,"Such plans should support and depend upon the broad participation of members, with appropriate training and support programs for staff assigned to pilot sites.",Such plans,other,worker,should,False,active,plain,obligation,obligation,True,0.7,professional_development,True,
anchorage_school_district__54__0f80b912,54.pdf,Anchorage School District,61,Any variance from the Collective Bargaining Agreement must be approved in advance by the District and the Association.,Any variance from the Collective Bargaining Agreement,worker,management,must,False,passive,obligation_verb,obligation,obligation,True,1.0,other,True,
anchorage_school_district__54__0f80b912,54.pdf,Anchorage School District,61,"the District shall notify the member of the non-retention in writing, delivered before March 16, or by registered mail postmarked before March 16.",the District,management,worker,shall,False,active,obligation_verb,obligation,obligation,True,1.0,job_security,True,
anchorage_school_district__54__0f80b912,54.pdf,Anchorage School District,61,the District shall notify the member of the non-retention by writing delivered before the last day of the school term or by registered mail postmarked on or before the last day of the school term.,the District,management,worker,shall,False,active,obligation_verb,obligation,obligation,True,1.0,job_security,True,
anchorage_school_district__54__0f80b912,54.pdf,Anchorage School District,62,the provisions of 420 and 510 shall not apply to these cases.,the provisions of 420 and 510,other,management,shall,True,active,plain,prohibition,prohibition,True,1.0,job_security,True,
anchorage_school_district__54__0f80b912,54.pdf,Anchorage School District,62,Members shall report in writing as soon as possible to the administrator instances of verbal or physical assault by an adult.,Members,worker,worker,shall,False,active,plain,obligation,obligation,True,1.0,safety_and_working_conditions,True,
anchorage_school_district__54__0f80b912,54.pdf,Anchorage School District,62,The District shall report instances of physical assault of staff by an adult to the police department.,The District,management,worker,shall,False,active,plain,obligation,obligation,True,1.0,safety_and_working_conditions,True,
anchorage_school_district__54__0f80b912,54.pdf,Anchorage School District,62,"the District shall take further action, examples of which may include: the administrator being present at meetings between the adult and member; having the police present when the adult is in the building; notifying the adult of the consequences of failure to meet District requirements; requesting a temporary restraining order.",the District,management,worker,shall,False,active,plain,obligation,obligation,True,1.0,safety_and_working_conditions,True,
anchorage_school_district__54__0f80b912,54.pdf,Anchorage School District,62,"Legal counseling shall be available, through AEA’s Employee Assistance Program, to any member who has been a victim of physical assault.",Legal counseling,other,worker,shall,False,active,plain,obligation,obligation,True,1.0,benefits,True,
anchorage_school_district__54__0f80b912,54.pdf,Anchorage School District,62,Counseling and assistance in the filing of a Workers’ Compensation claim shall also be provided.,Counseling and assistance in the filing of a Workers’ Compensation claim,other,worker,shall,False,passive,rights_passive,right,obligation,False,1.0,benefits,True,
anchorage_school_district__54__0f80b912,54.pdf,Anchorage School District,62,Nothing contained in this Article will restrict a member’s right to file a police report.,Nothing contained in this Article,other,worker,will,True,active,plain,prohibition,prohibition,True,0.9,teacher_rights_and_conduct,True,Subject-side quantifier negation ('Nothing')
anchorage_school_district__54__0f80b912,54.pdf,Anchorage School District,62,Members and administrators shall cooperate in the resolution of any formal parent or student complaints that may be filed against members.,Members and administrators,other,management,shall,False,active,plain,obligation,obligation,True,1.0,discipline,True,
anchorage_school_district__54__0f80b912,54.pdf,Anchorage School District,62,Complaints against members shall not be solicited by principals or by members against principals;,Complaints against members,worker,worker,shall,True,passive,plain,prohibition,prohibition,True,1.0,discipline,True,Explicitly names agents from both management and worker sides
anchorage_school_district__54__0f80b912,54.pdf,Anchorage School District,62,the administrator may respond to specifically expressed parental concerns.,the administrator,management,management,may,False,active,plain,permission,permission,True,0.3,other,True,
anchorage_school_district__54__0f80b912,54.pdf,Anchorage School District,62,The administrator shall respond to specifically expressed concerns by encouraging the individual(s) to speak with the member first,The administrator,management,worker,shall,False,active,plain,obligation,obligation,True,1.0,discipline,True,
anchorage_school_district__54__0f80b912,54.pdf,Anchorage School District,62,and shall notify the member of the concerns expressed unless confidentiality is requested.,The administrator,management,worker,shall,False,active,plain,obligation,obligation,True,1.0,discipline,True,Elliptical subject resolved from prior clause
anchorage_school_district__54__0f80b912,54.pdf,Anchorage School District,62,The administrator shall provide the member with a copy of any written complaint as soon as practical.,The administrator,management,worker,shall,False,active,plain,obligation,obligation,True,1.0,discipline,True,
anchorage_school_district__54__0f80b912,54.pdf,Anchorage School District,62,A member may have an Association representative present at meeting(s) regarding a complaint against the member.,A member,worker,worker,may,False,active,plain,permission,permission,True,0.3,discipline,True,
anchorage_school_district__54__0f80b912,54.pdf,Anchorage School District,62,"Whenever possible, the representative shall contact the administrator for discussion of the issues prior to the meeting.",the representative,worker,worker,shall,False,active,plain,obligation,obligation,True,1.0,discipline,True,
anchorage_school_district__54__0f80b912,54.pdf,Anchorage School District,62,the administrator will request a meeting with both the parent and the member.,the administrator,management,worker,will,False,active,plain,obligation,obligation,True,0.9,discipline,True,
anchorage_school_district__54__0f80b912,54.pdf,Anchorage School District,63,the administrator will hold separate meetings with the member and the parent prior to taking action on the complaint.,the administrator,management,worker,will,False,active,plain,obligation,obligation,True,0.9,discipline,True,
anchorage_school_district__54__0f80b912,54.pdf,Anchorage School District,63,Disciplinary action taken against a member as a result of the District’s investigation of a formal complaint may be contested through the grievance procedure.,Disciplinary action taken against a member as a result of the District’s investigation of a formal complaint,other,worker,may,False,passive,plain,permission,permission,True,0.3,discipline,True,
anchorage_school_district__54__0f80b912,54.pdf,Anchorage School District,63,A member must be notified within five workdays of the District’s knowledge of an allegation of abuse unless directed otherwise by a law enforcement agency.,A member,management,worker,must,False,passive,rights_passive,right,obligation,False,1.0,safety_and_working_conditions,True,
anchorage_school_district__54__0f80b912,54.pdf,Anchorage School District,63,the unit administrator will so note and attach to the “Referral for Suspected Child Abuse or Neglect” form.,the unit administrator,management,management,will,False,active,plain,obligation,obligation,True,0.9,safety_and_working_conditions,True,
anchorage_school_district__54__0f80b912,54.pdf,Anchorage School District,63,No unfounded or unsubstantiated allegations will be referred to in an evaluation.,No unfounded or unsubstantiated allegations,other,worker,will,True,passive,plain,prohibition,prohibition,True,0.9,evaluation,True,
anchorage_school_district__54__0f80b912,54.pdf,Anchorage School District,63,Investigations will be conducted in a confidential manner.,Investigations,other,worker,will,False,passive,plain,obligation,obligation,True,0.9,discipline,True,
anchorage_school_district__54__0f80b912,54.pdf,Anchorage School District,63,The member has the option of having the District notify employees of the investigation or its results.,The member,worker,worker,,False,active,plain,other,permission,False,0.0,teacher_rights_and_conduct,True,
anchorage_school_district__54__0f80b912,54.pdf,Anchorage School District,63,The method of notification and the message to be communicated shall be authorized by the member.,The method of notification and the message to be communicated,worker,worker,shall,False,passive,plain,obligation,obligation,True,1.0,teacher_rights_and_conduct,True,
anchorage_school_district__54__0f80b912,54.pdf,Anchorage School District,63,All materials originating subsequent to District employment and placed in the permanent central office personnel file shall be available to the member or a representative authorized in writing by the member for inspection.,All materials originating subsequent to District employment and placed in the permanent central office personnel file,worker,worker,shall,False,passive,plain,obligation,obligation,True,1.0,job_security,True,
anchorage_school_district__54__0f80b912,54.pdf,Anchorage School District,63,A request to inspect the file shall be accommodated within 24 hours.,A request to inspect the file,other,worker,shall,False,passive,plain,obligation,obligation,True,1.0,job_security,True,
anchorage_school_district__54__0f80b912,54.pdf,Anchorage School District,63,Inspections shall be in the presence of the Human Resources administrator or designee.,Inspections,other,management,shall,False,passive,plain,obligation,obligation,True,1.0,job_security,True,
anchorage_school_district__54__0f80b912,54.pdf,Anchorage School District,63,all references and evaluations obtained on the basis of confidentiality prior to employment with the District shall be destroyed.,all references and evaluations obtained on the basis of confidentiality prior to employment with the District,other,worker,shall,False,passive,plain,obligation,obligation,True,1.0,job_security,True,
anchorage_school_district__54__0f80b912,54.pdf,Anchorage School District,63,References and information originating outside the District on the basis of confidentiality (and information obtained within the District in the process of evaluating the member for initial employment) shall not be available for inspection or response by the non-tenured teacher.,References and information originating outside the District on the basis of confidentiality (and information obtained within the District in the process of evaluating the member for initial employment),worker,management,shall,True,passive,plain,prohibition,prohibition,True,1.0,job_security,True,
anchorage_school_district__54__0f80b912,54.pdf,Anchorage School District,63,"Material that is derogatory to a member regarding that member’s conduct, performance, character or personality shall not be placed in the file unless the member has had an opportunity to read the material first.","Material that is derogatory to a member regarding that member’s conduct, performance, character or personality",other,worker,shall,True,passive,plain,prohibition,prohibition,True,1.0,evaluation,True,
anchorage_school_district__54__0f80b912,54.pdf,Anchorage School District,63,This material will clearly state that a copy is being placed in the central office personnel file.,This material,other,worker,will,False,active,plain,obligation,obligation,True,0.9,evaluation,True,
anchorage_school_district__54__0f80b912,54.pdf,Anchorage School District,63,The member shall acknowledge that such material has been read by signing the actual copy to be filed.,The member,worker,management,shall,False,active,plain,obligation,obligation,True,1.0,evaluation,True,
anchorage_school_district__54__0f80b912,54.pdf,Anchorage School District,63,Such signature does not necessarily indicate agreement with the content of the material.,Such signature,other,worker,,True,active,plain,prohibition,prohibition,True,0.0,evaluation,True,
anchorage_school_district__54__0f80b912,54.pdf,Anchorage School District,64,the principal or supervisor shall so note,the principal or supervisor,management,management,shall,False,active,plain,obligation,obligation,True,1.0,other,True,
anchorage_school_district__54__0f80b912,54.pdf,Anchorage School District,64,send the statement to the Human Resources Office for filing,(omitted),management,management,shall,False,active,plain,obligation,obligation,True,1.0,other,True,ellipsis from prior conjunct
anchorage_school_district__54__0f80b912,54.pdf,Anchorage School District,64,provide a copy to the member.,(omitted),management,worker,shall,False,active,plain,obligation,obligation,True,1.0,other,True,ellipsis from prior conjunct
anchorage_school_district__54__0f80b912,54.pdf,Anchorage School District,64,The member shall have the right to challenge or respond in writing to material filed under 443 within 25 workdays of the member’s acknowledgment or refusal to sign,The member,worker,worker,shall,False,active,rights_active,right,right,True,1.0,evaluation,True,
anchorage_school_district__54__0f80b912,54.pdf,Anchorage School District,64,the item shall be modified or destroyed immediately.,the item,management,worker,shall,False,passive,plain,obligation,obligation,True,1.0,evaluation,True,
anchorage_school_district__54__0f80b912,54.pdf,Anchorage School District,64,no material from an anonymous source may be placed into a member’s personnel file,no material from an anonymous source,management,worker,may,True,passive,plain,prohibition,prohibition,True,0.3,evaluation,True,
anchorage_school_district__54__0f80b912,54.pdf,Anchorage School District,64,Anonymous material shall be dated upon receipt by the principal before it is attached to the evaluation document.,Anonymous material,management,management,shall,False,passive,plain,obligation,obligation,True,1.0,evaluation,True,
anchorage_school_district__54__0f80b912,54.pdf,Anchorage School District,64,Evaluation forms and other documents pertaining to member performance and character shall remain a permanent part of the member’s personnel file,Evaluation forms and other documents pertaining to member performance and character,other,management,shall,False,active,plain,obligation,obligation,True,1.0,evaluation,True,
anchorage_school_district__54__0f80b912,54.pdf,Anchorage School District,64,no such items shall be removed without written notification to the member.,no such items,management,worker,shall,True,passive,plain,prohibition,prohibition,True,1.0,evaluation,True,
anchorage_school_district__54__0f80b912,54.pdf,Anchorage School District,64,the District shall remove any derogatory material from the personnel file after a period of two years.,the District,management,worker,shall,False,active,plain,obligation,obligation,True,1.0,other,True,
anchorage_school_district__54__0f80b912,54.pdf,Anchorage School District,64,Members may have commendations placed in their personnel files.,Members,worker,worker,may,False,active,plain,permission,permission,True,0.3,other,True,
anchorage_school_district__54__0f80b912,54.pdf,Anchorage School District,64,"Members may request attachment to their annual evaluation summaries of positive input forms received from students, parents, or colleagues.",Members,worker,worker,may,False,active,plain,permission,permission,True,0.3,evaluation,True,
anchorage_school_district__54__0f80b912,54.pdf,Anchorage School District,64,"All documents, communications, records and computer files dealing with member termination or non-retention shall be removed if the member is reinstated or absolved.","All documents, communications, records and computer files dealing with member termination or non-retention",management,worker,shall,False,passive,plain,obligation,obligation,True,1.0,job_security,True,
anchorage_school_district__54__0f80b912,54.pdf,Anchorage School District,64,These materials shall be maintained in a separate confidential file.,These materials,management,worker,shall,False,passive,plain,obligation,obligation,True,1.0,other,True,
anchorage_school_district__54__0f80b912,54.pdf,Anchorage School District,64,A unit file may be maintained from year-to-year,A unit file,other,worker,may,False,passive,plain,permission,permission,True,0.3,other,True,
anchorage_school_district__54__0f80b912,54.pdf,Anchorage School District,64,may contain only the following: copies of information filed in the central office personnel file; classroom observation notes; memoranda presented to the member to which the member has had the opportunity to respond; material which has been mutually agreed for placement by the member and the administrator.,(omitted),other,worker,may,False,active,plain,permission,obligation,False,0.3,other,True,ellipsis from prior conjunct
anchorage_school_district__54__0f80b912,54.pdf,Anchorage School District,64,This file shall be available for inspection by the member in the presence of the unit administrator during the workday,This file,worker,worker,shall,False,passive,plain,obligation,obligation,True,1.0,other,True,
anchorage_school_district__54__0f80b912,54.pdf,Anchorage School District,64,shall not be retained beyond the end of the current school year.,(omitted),other,worker,shall,True,passive,plain,prohibition,prohibition,True,1.0,other,True,ellipsis from prior conjunct
anchorage_school_district__54__0f80b912,54.pdf,Anchorage School District,64,the member must be informed of the specific material to be retained on or before May 15,the member,management,worker,must,False,passive,rights_passive,right,obligation,False,1.0,other,True,
anchorage_school_district__54__0f80b912,54.pdf,Anchorage School District,64,the member shall have 20 workdays to,the member,worker,worker,shall,False,active,rights_active,right,right,True,1.0,other,True,truncated at end of chunk
anchorage_school_district__54__0f80b912,54.pdf,Anchorage School District,65,the member must be informed of the specific material to be retained on or before May 15;,the member,management,worker,must,False,passive,rights_passive,right,obligation,False,1.0,other,True,
anchorage_school_district__54__0f80b912,54.pdf,Anchorage School District,65,the member shall have 20 workdays to respond to such material.,the member,worker,worker,shall,False,active,plain,obligation,right,False,1.0,other,True,
anchorage_school_district__54__0f80b912,54.pdf,Anchorage School District,65,Unit file material written after May 15 may be retained until the end of the next school year.,Unit file material written after May 15,management,worker,may,False,passive,plain,permission,permission,True,0.3,other,True,
anchorage_school_district__54__0f80b912,54.pdf,Anchorage School District,65,"Anecdotal records and non-evaluation objective information such as member’s name, address, phone number, and leave slips may be maintained indefinitely.","Anecdotal records and non-evaluation objective information such as member’s name, address, phone number, and leave slips",management,management,may,False,passive,plain,permission,permission,True,0.3,other,True,
anchorage_school_district__54__0f80b912,54.pdf,Anchorage School District,65,The District shall provide each member with access to a current copy of the following:,The District,management,worker,shall,False,active,plain,obligation,obligation,True,1.0,other,True,
anchorage_school_district__54__0f80b912,54.pdf,Anchorage School District,65,The District shall provide each building with five (5) hard copies of Certificated Employee Evaluation Document.,The District,management,management,shall,False,active,plain,obligation,obligation,True,1.0,other,True,
anchorage_school_district__54__0f80b912,54.pdf,Anchorage School District,65,The District shall provide to members access in each building to a current copy of the following:,The District,management,worker,shall,False,active,plain,obligation,obligation,True,1.0,other,True,
anchorage_school_district__54__0f80b912,54.pdf,Anchorage School District,65,The District shall provide the Association President with access to all of the items listed in 446 A. plus the following:,The District,management,worker,shall,False,active,plain,obligation,obligation,True,1.0,other,True,
anchorage_school_district__54__0f80b912,54.pdf,Anchorage School District,67,Changes in District standards shall be distributed to the Association upon implementation.,Changes in District standards,other,worker,shall,False,active,plain,obligation,obligation,True,1.0,other,True,
anchorage_school_district__54__0f80b912,54.pdf,Anchorage School District,67,Only information in the personnel file shall be considered for determining qualifications.,Only information in the personnel file,other,worker,shall,False,active,plain,obligation,obligation,True,1.0,other,True,
anchorage_school_district__54__0f80b912,54.pdf,Anchorage School District,67,The member shall have the responsibility to provide information and documentation to the Human Resources Department of areas of qualification.,The member,worker,management,shall,False,active,obligation_verb,obligation,obligation,True,1.0,other,True,
anchorage_school_district__54__0f80b912,54.pdf,Anchorage School District,67,Emergency certificated members shall be laid off first.,Emergency certificated members,management,management,shall,False,passive,plain,obligation,obligation,True,1.0,layoffs,True,
anchorage_school_district__54__0f80b912,54.pdf,Anchorage School District,67,Non-tenured members will be laid off before tenured members when a qualified tenured member is available to replace a non-tenured member.,Non-tenured members,management,worker,will,False,passive,plain,obligation,obligation,True,0.9,layoffs,True,
anchorage_school_district__54__0f80b912,54.pdf,Anchorage School District,67,Members shall then be laid off in the inverse order of their seniority provided qualified members are available to replace those laid off;,Members,management,worker,shall,False,passive,plain,obligation,obligation,True,1.0,layoffs,True,
anchorage_school_district__54__0f80b912,54.pdf,Anchorage School District,67,Members being laid off shall be notified according to 437;,Members being laid off,management,worker,shall,False,passive,rights_passive,right,obligation,False,1.0,layoffs,True,
anchorage_school_district__54__0f80b912,54.pdf,Anchorage School District,67,Members on leave at the time of lay-off shall be treated as if they were presently teaching.,Members on leave at the time of lay-off,management,worker,shall,False,passive,plain,obligation,obligation,True,1.0,layoffs,True,
anchorage_school_district__54__0f80b912,54.pdf,Anchorage School District,67,Notice shall be given at the same time as other members;,Notice,other,worker,shall,False,passive,rights_passive,right,obligation,False,1.0,layoffs,True,
anchorage_school_district__54__0f80b912,54.pdf,Anchorage School District,67,A member who has received notification of lay-off may elect to take unpaid leave for up to one year;,A member who has received notification of lay-off,worker,worker,may,False,active,plain,permission,permission,True,0.3,layoffs,True,
anchorage_school_district__54__0f80b912,54.pdf,Anchorage School District,67,Full health and/or life insurance benefits shall be available to any laid-off members according to 205;,Full health and/or life insurance benefits,other,worker,shall,False,active,plain,obligation,obligation,True,1.0,benefits,True,
anchorage_school_district__54__0f80b912,54.pdf,Anchorage School District,67,A laid-off member shall be granted priority status by seniority on the District’s substitute teacher list unless the member does not complete the necessary substitute forms.,A laid-off member,management,worker,shall,False,passive,rights_passive,right,right,True,1.0,layoffs,True,
anchorage_school_district__54__0f80b912,54.pdf,Anchorage School District,68,A position will not be filled with a new hire unless no member on the recall list is qualified;,A position,management,worker,will,True,passive,plain,prohibition,prohibition,True,0.9,layoffs,True,implicit management actor
anchorage_school_district__54__0f80b912,54.pdf,Anchorage School District,68,Members offered recall shall be given 15 calendar days from the date of receipt of the certified letter of such offer to indicate in writing acceptance or rejection of recall.,Members offered recall,management,worker,shall,False,passive,rights_passive,right,right,True,1.0,layoffs,True,
anchorage_school_district__54__0f80b912,54.pdf,Anchorage School District,68,the Association shall be notified,the Association,management,worker,shall,False,passive,rights_passive,right,obligation,False,1.0,other,True,extracted from compound sentence
anchorage_school_district__54__0f80b912,54.pdf,Anchorage School District,68,a telegram shall be sent to the member,a telegram,management,worker,shall,False,passive,plain,obligation,obligation,True,1.0,layoffs,True,extracted from compound sentence
anchorage_school_district__54__0f80b912,54.pdf,Anchorage School District,68,the member shall have 15 calendar days to respond.,the member,worker,worker,shall,False,active,plain,obligation,right,False,1.0,layoffs,True,continuation of compound sentence
anchorage_school_district__54__0f80b912,54.pdf,Anchorage School District,68,"Failure to respond within the 30 calendar days from initial contact by the District will result in removal from the recall list,",Failure to respond within the 30 calendar days from initial contact by the District,other,management,will,False,active,plain,obligation,obligation,True,0.9,layoffs,True,
anchorage_school_district__54__0f80b912,54.pdf,Anchorage School District,68,"a member who is sick shall notify the Human Resources Department of intent to return as soon as possible,",a member who is sick,worker,management,shall,False,active,plain,obligation,obligation,True,1.0,leave,True,
anchorage_school_district__54__0f80b912,54.pdf,Anchorage School District,68,from the date of such notification shall be deemed on medical leave if physician certification of illness is provided.,the member,management,worker,shall,False,passive,rights_passive,right,right,True,1.0,leave,True,"subject elided, refers to sick member"
anchorage_school_district__54__0f80b912,54.pdf,Anchorage School District,68,A substitute teacher shall be hired to fill the existing vacancy,A substitute teacher,management,management,shall,False,passive,rights_passive,right,obligation,False,1.0,other,True,
anchorage_school_district__54__0f80b912,54.pdf,Anchorage School District,68,A substitute position of this nature shall be offered first to remaining members on the list.,A substitute position of this nature,management,worker,shall,False,passive,rights_passive,right,obligation,False,1.0,layoffs,True,
anchorage_school_district__54__0f80b912,54.pdf,Anchorage School District,68,The experience of a member who secures teaching employment elsewhere while in recall status shall be counted toward salary schedule step movement as if the experience was accrued with the District.,The experience of a member who secures teaching employment elsewhere while in recall status,other,worker,shall,False,passive,plain,obligation,obligation,True,1.0,compensation,True,
anchorage_school_district__54__0f80b912,54.pdf,Anchorage School District,68,Members on the recall list shall retain previously accrued leave benefits,Members on the recall list,worker,worker,shall,False,active,plain,obligation,right,False,1.0,leave,True,
anchorage_school_district__54__0f80b912,54.pdf,Anchorage School District,68,Members on the recall list shall not accrue leave days.,Members on the recall list,worker,management,shall,True,active,prohibition_verb,permission,prohibition,False,1.0,leave,True,"subject elided, joined by 'but'"
anchorage_school_district__54__0f80b912,54.pdf,Anchorage School District,68,a member is entitled to a hiring preference in the district where the member had been employed.,a member,worker,worker,,False,active,rights_passive,right,right,True,0.85,layoffs,True,"subject elided, joined by 'and'"
anchorage_school_district__54__0f80b912,54.pdf,Anchorage School District,68,the member is no longer considered to be on lay-off status,the member,management,management,,False,passive,plain,other,other,True,0.0,layoffs,True,temporal 'no longer' not operative negation
anchorage_school_district__54__0f80b912,54.pdf,Anchorage School District,68,the member is no longer entitled to a hiring preference under this section,the member,worker,management,,False,active,rights_passive,right,other,False,0.85,layoffs,True,"subject elided, joined by 'and'"
anchorage_school_district__54__0f80b912,54.pdf,Anchorage School District,69,Members who elected to take unpaid leave in lieu of lay-off shall be considered for recall following the expiration of such leave in accord with these procedures,Members who elected to take unpaid leave in lieu of lay-off,management,worker,shall,False,passive,plain,obligation,obligation,True,1.0,layoffs,True,
anchorage_school_district__54__0f80b912,54.pdf,Anchorage School District,69,Refusal to accept less than a full-year contract or a contract for less than full-time service shall not cancel the recall rights of a laid-off full-time member.,Refusal to accept less than a full-year contract or a contract for less than full-time service,other,worker,shall,True,active,plain,prohibition,prohibition,True,1.0,layoffs,True,
anchorage_school_district__54__0f80b912,54.pdf,Anchorage School District,69,"A full-time member on the recall list who refuses an offer to full-term, full-time employment, however, shall be removed from the recall list.","A full-time member on the recall list who refuses an offer to full-term, full-time employment",management,management,shall,False,passive,plain,obligation,obligation,True,1.0,layoffs,True,
anchorage_school_district__54__0f80b912,54.pdf,Anchorage School District,69,A member shall not be required to accept a re-employment contract for a position that is less time than the assignment at the time of lay-off.,A member,management,worker,shall,True,passive,obligation_verb,right,right,True,1.0,layoffs,True,
anchorage_school_district__54__0f80b912,54.pdf,Anchorage School District,69,Refusal by a part-time member to accept a full-time contract shall not cancel the recall rights of a laid-off part-time member.,Refusal by a part-time member to accept a full-time contract,other,worker,shall,True,active,plain,prohibition,prohibition,True,1.0,layoffs,True,
anchorage_school_district__54__0f80b912,54.pdf,Anchorage School District,69,Instructional Planning Time shall be in blocks of no less than thirty (30) minutes during the student day.,Instructional Planning Time,other,worker,shall,False,active,plain,obligation,obligation,True,1.0,workload,True,
anchorage_school_district__54__0f80b912,54.pdf,Anchorage School District,69,"The District shall provide an instructional planning period for all secondary members, except as indicated in paragraph D.",The District,management,worker,shall,False,active,plain,obligation,obligation,True,1.0,workload,True,
anchorage_school_district__54__0f80b912,54.pdf,Anchorage School District,69,The District shall provide elementary teachers with three and one-half (3.5) hours of planning time per week in 2007-2008 and four (4) hours of planning time per week beginning in 2008-2009 excluding the first student day of the year.,The District,management,worker,shall,False,active,plain,obligation,obligation,True,1.0,workload,True,
anchorage_school_district__54__0f80b912,54.pdf,Anchorage School District,69,Supervisors shall provide three and one-half (3.5) hours of planning time per week in 2007-2008 and four (4) hours of planning time per week in 2008-2009 of planning/record keeping time to the following employee classifications after review of program needs:,Supervisors,management,worker,shall,False,active,plain,obligation,obligation,True,1.0,workload,True,
anchorage_school_district__54__0f80b912,54.pdf,Anchorage School District,70,The District shall post in each building where members are assigned a list of all District substitute teachers.,The District,management,management,shall,False,active,plain,obligation,obligation,True,1.0,other,True,
anchorage_school_district__54__0f80b912,54.pdf,Anchorage School District,70,This list will be revised quarterly to reflect changes in substitute availability.,This list,management,management,will,False,passive,plain,obligation,obligation,True,0.9,other,True,
anchorage_school_district__54__0f80b912,54.pdf,Anchorage School District,70,Specific substitutes may be requested through the Substitute Finder System at any time.,Specific substitutes,management,worker,may,False,passive,plain,permission,permission,True,0.3,other,True,
anchorage_school_district__54__0f80b912,54.pdf,Anchorage School District,70,A member may contact a substitute,A member,worker,worker,may,False,active,plain,permission,permission,True,0.3,other,True,
anchorage_school_district__54__0f80b912,54.pdf,Anchorage School District,70,confirm the date(s),A member,worker,worker,may,False,active,plain,permission,permission,True,0.3,other,True,
anchorage_school_district__54__0f80b912,54.pdf,Anchorage School District,70,notify the principal or designee,A member,worker,worker,may,False,active,plain,permission,permission,True,0.3,other,True,
anchorage_school_district__54__0f80b912,54.pdf,Anchorage School District,70,confirm the assignment to the Substitute Finder System.,A member,worker,worker,may,False,active,plain,permission,permission,True,0.3,other,True,
anchorage_school_district__54__0f80b912,54.pdf,Anchorage School District,70,A member in the initial call to the Substitute Finder System may leave a message for the substitute to call the member as soon as possible.,A member in the initial call to the Substitute Finder System,worker,worker,may,False,active,plain,permission,permission,True,0.3,other,True,
anchorage_school_district__54__0f80b912,54.pdf,Anchorage School District,70,"A substitute may be released from a confirmed assignment only to extend the current assignment, accept a long-term assignment or due to personal emergency/illness.",A substitute,management,worker,may,False,passive,plain,permission,permission,True,0.3,other,True,
anchorage_school_district__54__0f80b912,54.pdf,Anchorage School District,70,notice must be given to the substitute and the Substitute Dispatch office one hour prior to the start of school.,notice,management,management,must,False,passive,plain,obligation,obligation,True,1.0,other,True,
anchorage_school_district__54__0f80b912,54.pdf,Anchorage School District,70,the member shall choose from the following options unless the substitute elects not to work:,the member,worker,management,shall,False,active,plain,obligation,obligation,True,1.0,other,True,
anchorage_school_district__54__0f80b912,54.pdf,Anchorage School District,70,members on leave will remain on leave unless that leave is canceled at least one (1) hour prior to the Superintendent’s or Designee’s announcement of school closure.,members on leave,worker,worker,will,False,active,plain,obligation,obligation,True,0.9,leave,True,
anchorage_school_district__54__0f80b912,54.pdf,Anchorage School District,70,Members may make written recommendations to the principal regarding the return of a particular substitute teacher in their classrooms.,Members,worker,worker,may,False,active,plain,permission,permission,True,0.3,other,True,
anchorage_school_district__54__0f80b912,54.pdf,Anchorage School District,70,Members are responsible for following the District policies and procedures in accordance with the Substitute Teacher Handbook which is available on the District’s website.,Members,worker,management,,False,active,obligation_verb,obligation,obligation,True,0.85,other,True,
anchorage_school_district__54__0f80b912,54.pdf,Anchorage School District,70,Individual employment contracts shall be issued at time of initial hire.,Individual employment contracts,management,worker,shall,False,passive,plain,obligation,obligation,True,1.0,other,True,
anchorage_school_district__54__0f80b912,54.pdf,Anchorage School District,70,Salary Placement Statements shall be issued annually by the start of the school year to those employed at the close of the prior year.,Salary Placement Statements,management,worker,shall,False,passive,plain,obligation,obligation,True,1.0,compensation,True,
anchorage_school_district__54__0f80b912,54.pdf,Anchorage School District,70,Salary Statements reflecting adjustments which occur after the start of the school year shall be prepared within thirty (30) work days of the actual pay adjustment and be available electronically to the affected,Salary Statements reflecting adjustments which occur after the start of the school year,management,worker,shall,False,passive,plain,obligation,obligation,True,1.0,compensation,True,Truncated at end of chunk.
anchorage_school_district__54__0f80b912,54.pdf,Anchorage School District,71,Salary Statements reflecting adjustments which occur after the start of the school year shall be prepared within thirty (30) work days of the actual pay adjustment and be available electronically to the affected member.,Salary Statements reflecting adjustments which occur after the start of the school year,other,worker,shall,False,passive,plain,obligation,obligation,True,1.0,compensation,True,
anchorage_school_district__54__0f80b912,54.pdf,Anchorage School District,71,"If an individual contract contains any language inconsistent with this Agreement, this Agreement shall be controlling.",this Agreement,other,worker,shall,False,active,plain,obligation,obligation,True,1.0,other,True,
anchorage_school_district__54__0f80b912,54.pdf,Anchorage School District,71,the AEA and ASD agree to continue the Educational Excellence Joint Committee (EEJC).,the AEA and ASD,other,management,,False,active,plain,other,other,True,0.0,professional_development,True,
anchorage_school_district__54__0f80b912,54.pdf,Anchorage School District,71,"The District shall provide up to $10,000 per year to provide mentoring and/or instructional performance support.",The District,management,worker,shall,False,active,plain,obligation,obligation,True,1.0,professional_development,True,
anchorage_school_district__54__0f80b912,54.pdf,Anchorage School District,71,"An additional $10,000 shall be made available for mentors working with new-to-district members.","An additional $10,000",other,worker,shall,False,passive,rights_passive,right,right,True,1.0,compensation,True,
anchorage_school_district__54__0f80b912,54.pdf,Anchorage School District,71,The approval and documentation of those mentors will be maintained by the Training and Professional Development Department.,The approval and documentation of those mentors,management,management,will,False,passive,plain,obligation,obligation,True,0.9,professional_development,True,
anchorage_school_district__54__0f80b912,54.pdf,Anchorage School District,71,"Should a supervisor want to assist a member in furthering their opportunity in the area of mentoring/instructional coaching, the supervisor may recommend the member contact the Educational Excellence Joint Committee.",the supervisor,management,management,may,False,active,plain,permission,permission,True,0.3,professional_development,True,
anchorage_school_district__54__0f80b912,54.pdf,Anchorage School District,72,Members will be evaluated annually in accordance with the District’s evaluation procedure and the requirements of State Law and the Regulations of the Department of Education and Early Development,Members,management,worker,will,False,passive,plain,obligation,obligation,True,0.9,evaluation,True,
anchorage_school_district__54__0f80b912,54.pdf,Anchorage School District,72,"Non-tenured members shall receive a minimum of two formal written observations, with pre- and post-observation conferences.",Non-tenured members,worker,worker,shall,False,active,rights_active,right,right,True,1.0,evaluation,True,
anchorage_school_district__54__0f80b912,54.pdf,Anchorage School District,72,The evaluation shall be completed no later than February 15.,The evaluation,management,worker,shall,False,passive,plain,obligation,obligation,True,1.0,evaluation,True,
anchorage_school_district__54__0f80b912,54.pdf,Anchorage School District,72,"Such evaluations may contain Plans for Improvement that extend until May 15, in order to provide maximum opportunity for retention",Such evaluations,other,worker,may,False,active,plain,permission,permission,True,0.3,evaluation,True,
anchorage_school_district__54__0f80b912,54.pdf,Anchorage School District,72,The evaluation of tenured members shall be completed no later than May 15.,The evaluation of tenured members,management,worker,shall,False,passive,plain,obligation,obligation,True,1.0,evaluation,True,
anchorage_school_district__54__0f80b912,54.pdf,Anchorage School District,72,Evaluations which express concerns with member performance shall be based on a minimum of two formal written observations,Evaluations which express concerns with member performance,management,worker,shall,False,passive,plain,obligation,obligation,True,1.0,evaluation,True,
anchorage_school_district__54__0f80b912,54.pdf,Anchorage School District,72,Members will be given the opportunity to provide input on the performance of colleagues and administrators using a form developed by the District that includes a section for open comments.,Members,management,worker,will,False,passive,rights_passive,right,right,True,0.9,evaluation,True,
anchorage_school_district__54__0f80b912,54.pdf,Anchorage School District,72,must be completed no later than May 15.,Participation in these evaluations by the member,worker,management,must,False,passive,plain,obligation,obligation,True,1.0,evaluation,True,Fragmented from compound sentence joined by 'and'; subject carried over.
anchorage_school_district__54__0f80b912,54.pdf,Anchorage School District,72,District-approved teacher evaluation documents will be used for both tenured and non-tenured members.,District-approved teacher evaluation documents,management,management,will,False,passive,plain,obligation,obligation,True,0.9,evaluation,True,
anchorage_school_district__54__0f80b912,54.pdf,Anchorage School District,72,The evaluation must clearly indicate when information other than specific observations by the evaluator has been used,The evaluation,management,worker,must,False,active,plain,obligation,obligation,True,1.0,evaluation,True,
anchorage_school_district__54__0f80b912,54.pdf,Anchorage School District,72,clearly identify the source of the information,The evaluation,management,worker,,False,active,plain,other,obligation,False,0.0,evaluation,True,Fragmented from compound sentence joined by 'and'; subject carried over.
anchorage_school_district__54__0f80b912,54.pdf,Anchorage School District,72,An acknowledgment of content signed by both the evaluator and the evaluatee must appear on evaluations.,An acknowledgment of content signed by both the evaluator and the evaluatee,other,worker,must,False,active,plain,obligation,obligation,True,1.0,evaluation,True,
anchorage_school_district__54__0f80b912,54.pdf,Anchorage School District,72,The evaluatee must be informed of the right to review the written evaluation prior to final submission,The evaluatee,management,worker,must,False,passive,rights_passive,right,obligation,False,1.0,evaluation,True,
anchorage_school_district__54__0f80b912,54.pdf,Anchorage School District,72,comment in writing on any matter contained in it.,The evaluatee,worker,worker,,False,active,plain,other,permission,False,0.0,evaluation,True,Fragmented from compound sentence joined by 'and'; subject carried over.
anchorage_school_district__54__0f80b912,54.pdf,Anchorage School District,72,"Following receipt of the written evaluation, a period of 10 calendar days shall be allowed for the evaluatee to respond in writing to the evaluation.",a period of 10 calendar days,management,worker,shall,False,passive,permission_verb,permission,permission,True,1.0,evaluation,True,
anchorage_school_district__54__0f80b912,54.pdf,Anchorage School District,72,Such response will be placed in the evaluatee comments section of the document or attached to it if space does not permit.,Such response,management,worker,will,False,passive,plain,obligation,obligation,True,0.9,evaluation,True,
anchorage_school_district__54__0f80b912,54.pdf,Anchorage School District,72,The evaluatee waives the right to written comments if not exercised within 10 calendar days.,The evaluatee,worker,management,,False,active,plain,other,other,True,0.0,evaluation,True,
anchorage_school_district__54__0f80b912,54.pdf,Anchorage School District,72,The fact that the evaluatee exercises the right to comment on the evaluation in the manner described may not be used against the evaluatee.,The fact that the evaluatee exercises the right to comment on the evaluation in the manner described,management,worker,may,True,passive,plain,prohibition,prohibition,True,0.3,evaluation,True,
anchorage_school_district__54__0f80b912,54.pdf,Anchorage School District,72,A member has the right to request one additional written observation by a mutually acceptable,A member,worker,worker,,False,active,plain,other,right,False,0.0,evaluation,True,Truncated at the end of the chunk.
anchorage_school_district__54__0f80b912,54.pdf,Anchorage School District,73,A member has the right to request one additional written observation by a mutually acceptable different evaluator;,A member,worker,worker,,False,active,plain,other,right,False,0.0,evaluation,True,
anchorage_school_district__54__0f80b912,54.pdf,Anchorage School District,73,"Unless mutually agreed otherwise by both the member and the District, no portion of an evaluation may be made public, except as evidence in a proceeding relative to a member’s certification or employment, or as otherwise allowed or required by a court of law;",no portion of an evaluation,worker,worker,may,True,passive,plain,prohibition,prohibition,True,0.3,evaluation,True,includes subordinate condition
anchorage_school_district__54__0f80b912,54.pdf,Anchorage School District,73,"For evaluations to be useful, principals must be free to express performance concerns candidly.",principals,management,management,must,False,active,plain,obligation,other,False,1.0,evaluation,True,
anchorage_school_district__54__0f80b912,54.pdf,Anchorage School District,73,"Furthermore, it is expected that principals will share performance concerns as they arise, in order to provide an informal opportunity for a member to address and correct any problems.",it,other,worker,will,False,passive,obligation_verb,obligation,obligation,True,0.9,evaluation,True,
anchorage_school_district__54__0f80b912,54.pdf,Anchorage School District,73,Members may submit written rebuttals to evaluation comments with which they disagree.,Members,worker,worker,may,False,active,plain,permission,permission,True,0.3,evaluation,True,
anchorage_school_district__54__0f80b912,54.pdf,Anchorage School District,73,"The District, in meeting its statutory obligation to provide various stakeholders with an opportunity to offer input into the evaluation of members, will work to assure that a full range of such input is secured, in order both to maximize involvement and to insure balanced reporting thereafter.",The District,management,worker,will,False,active,plain,obligation,obligation,True,0.9,evaluation,True,
anchorage_school_district__54__0f80b912,54.pdf,Anchorage School District,73,Principals will be expected to keep track of input received and to weigh carefully its significance in promoting excellence in performance.,Principals,management,worker,will,False,passive,obligation_verb,obligation,obligation,True,0.9,evaluation,True,
anchorage_school_district__54__0f80b912,54.pdf,Anchorage School District,73,"If the purpose of an evaluation conference is to place a member on Professional Support or a Plan of Improvement, the member has the right to request Association representation.",the member,worker,worker,,False,active,plain,other,right,False,0.0,evaluation,True,
anchorage_school_district__54__0f80b912,54.pdf,Anchorage School District,73,"If the member elects Association representation, he/she shall be given at least 48 hours to obtain such representation.",he/she,management,worker,shall,False,passive,rights_passive,right,obligation,False,1.0,evaluation,True,
anchorage_school_district__54__0f80b912,54.pdf,Anchorage School District,73,"Principals may indicate a need for professional support at any time, following at least two formal written observations of the employee within the performance of his/her duties.",Principals,management,management,may,False,active,plain,permission,permission,True,0.3,evaluation,True,
anchorage_school_district__54__0f80b912,54.pdf,Anchorage School District,73,No member shall be placed on a plan for improvement without prior observations by the evaluator.,No member,management,worker,shall,True,passive,plain,prohibition,prohibition,True,1.0,evaluation,True,
anchorage_school_district__54__0f80b912,54.pdf,Anchorage School District,73,"When a member is placed on a plan for improvement, the following shall be established in writing: the areas needing improvement; the program to be followed which shall include expectations, activities and prescribed time lines; the monitoring system; duration; and the member’s right to have Association representation.",the following,management,worker,shall,False,passive,plain,obligation,obligation,True,1.0,evaluation,True,contains nested 'shall include' clause
anchorage_school_district__54__0f80b912,54.pdf,Anchorage School District,73,"Plans for Improvement shall represent the best efforts of the principal to define expectations, identify performance",Plans for Improvement,other,worker,shall,False,active,plain,obligation,obligation,True,1.0,evaluation,True,truncated at end of chunk
anchorage_school_district__54__0f80b912,54.pdf,Anchorage School District,74,The preparation of the Plan for Improvement shall be discussed with the member,The preparation of the Plan for Improvement,management,worker,shall,False,passive,plain,obligation,obligation,True,1.0,evaluation,True,
anchorage_school_district__54__0f80b912,54.pdf,Anchorage School District,74,completion of the final document is the responsibility of the principal.,completion of the final document,management,management,,False,active,obligation_verb,obligation,obligation,True,0.85,evaluation,True,
anchorage_school_district__54__0f80b912,54.pdf,Anchorage School District,74,Members who are placed on Professional Support or a Plan of Improvement may choose to request an Instructional Coach through the AEA Evaluation Committee or its representative.,Members who are placed on Professional Support or a Plan of Improvement,worker,worker,may,False,active,plain,permission,permission,True,0.3,evaluation,True,
anchorage_school_district__54__0f80b912,54.pdf,Anchorage School District,74,a trained Instructional Coach will assist the teacher in working towards meeting the areas indicated on the Plan of Professional Support or the Plan of Improvement.,a trained Instructional Coach,management,worker,will,False,active,plain,obligation,obligation,True,0.9,evaluation,True,
anchorage_school_district__54__0f80b912,54.pdf,Anchorage School District,74,The member requesting assistance is ultimately responsible for meeting the expectations of the evaluation plan.,The member requesting assistance,worker,management,,False,active,obligation_verb,obligation,obligation,True,0.85,evaluation,True,
anchorage_school_district__54__0f80b912,54.pdf,Anchorage School District,74,the Association shall be involved.,the Association,management,worker,shall,False,passive,plain,obligation,obligation,True,1.0,evaluation,True,
anchorage_school_district__54__0f80b912,54.pdf,Anchorage School District,74,That involvement will include full opportunity for the Evaluation Committee of the Association to review proposed changes to any part of the evaluation system and to collaborate with District representatives about how best to meet common needs.,That involvement,other,worker,will,False,active,plain,obligation,obligation,True,0.9,evaluation,True,
anchorage_school_district__54__0f80b912,54.pdf,Anchorage School District,74,The Association reserves the right to petition the School Board to intervene in disputes over proposed changes to the evaluation system which cannot be resolved administratively.,The Association,worker,worker,,False,active,rights_active,right,right,True,0.85,evaluation,True,
anchorage_school_district__54__0f80b912,54.pdf,Anchorage School District,74,A principal or designee may request a High School/Middle level member to cover a class.,A principal or designee,management,management,may,False,active,plain,permission,permission,True,0.3,workload,True,
anchorage_school_district__54__0f80b912,54.pdf,Anchorage School District,74,The member may refuse the assignment,The member,worker,worker,may,False,active,plain,permission,permission,True,0.3,workload,True,
anchorage_school_district__54__0f80b912,54.pdf,Anchorage School District,74,that member covering the class shall be paid for the substitute work,that member covering the class,management,worker,shall,False,passive,rights_passive,right,obligation,False,1.0,compensation,True,
anchorage_school_district__54__0f80b912,54.pdf,Anchorage School District,74,Compensation shall be at the rate of $30 per High School/Middle level class period.,Compensation,other,worker,shall,False,active,plain,obligation,obligation,True,1.0,compensation,True,
anchorage_school_district__54__0f80b912,54.pdf,Anchorage School District,74,the member shall be paid $30 when the member has worked a total of 45 min,the member,management,worker,shall,False,passive,rights_passive,right,obligation,False,1.0,compensation,True,
anchorage_school_district__54__0f80b912,54.pdf,Anchorage School District,74,The District and the Association agree to continue to facilitate communication related to implementation of the provisions of the Act.,The District and the Association,other,worker,,False,active,obligation_verb,obligation,obligation,True,0.85,other,True,
anchorage_school_district__54__0f80b912,54.pdf,Anchorage School District,75,"When an elementary member covers for a teacher-in-charge more than once per year, the member shall be paid $30 when the member has worked a total of 45 minutes.",the member,management,worker,shall,False,passive,rights_passive,right,obligation,False,1.0,compensation,True,
anchorage_school_district__54__0f80b912,54.pdf,Anchorage School District,75,"When substitute teachers are unavailable in an elementary school and the principal must assign coverage responsibility, the rate of compensation for the affected member or members shall be as follows: one member, full class, $30 per hour of coverage; two members split class, $20 per hour of coverage for each member; three members split class, $15 per hour of coverage for each member; four members split class, $10 per hour of coverage for each member; more than four members split class, no additional compensation.",the rate of compensation for the affected member or members,other,worker,shall,False,active,plain,obligation,obligation,True,1.0,compensation,True,
anchorage_school_district__54__0f80b912,54.pdf,Anchorage School District,75,Teacher expert job descriptions shall be available for applicants.,Teacher expert job descriptions,other,worker,shall,False,active,plain,obligation,obligation,True,1.0,other,True,
anchorage_school_district__54__0f80b912,54.pdf,Anchorage School District,75,Members may apply for vacant positions consistent with 413 B.,Members,worker,worker,may,False,active,plain,permission,permission,True,0.3,transfers,True,
anchorage_school_district__54__0f80b912,54.pdf,Anchorage School District,75,A teacher expert will be given the opportunity to return to the teacher expert’s previous teaching assignment provided the return is within one year.,A teacher expert,management,worker,will,False,passive,rights_passive,right,obligation,False,0.9,transfers,True,
anchorage_school_district__54__0f80b912,54.pdf,Anchorage School District,75,The District shall provide the Association with 600 Region IV season passes.,The District,management,worker,shall,False,active,plain,obligation,obligation,True,1.0,benefits,True,
anchorage_school_district__54__0f80b912,54.pdf,Anchorage School District,75,The District will continue to post information concerning other benefits and discounts for members on the District website.,The District,management,worker,will,False,active,plain,obligation,obligation,True,0.9,benefits,True,
anchorage_school_district__54__0f80b912,54.pdf,Anchorage School District,75,Negotiations will be consistent with Alaska statute.,Negotiations,other,worker,will,False,active,plain,obligation,obligation,True,0.9,other,True,
anchorage_school_district__54__0f80b912,54.pdf,Anchorage School District,75,Written notice of intent to negotiate shall be initiated by the Association to the Executive Director of Human Resources or by the Executive Director of Human Resources to the Association.,Written notice of intent to negotiate,worker,worker,shall,False,passive,plain,obligation,obligation,True,1.0,other,True,Two explicit agents named by 'by': Association (worker) and Executive Director (management).
anchorage_school_district__54__0f80b912,54.pdf,Anchorage School District,75,The initial bargaining session shall be set by mutual agreement.,The initial bargaining session,other,worker,shall,False,passive,plain,obligation,obligation,True,1.0,other,True,Agent is 'mutual agreement' (both parties).
anchorage_school_district__54__0f80b912,54.pdf,Anchorage School District,75,The Federal Mediation and Conciliation Service will be contacted ahead of time,The Federal Mediation and Conciliation Service,other,worker,will,False,passive,plain,obligation,obligation,True,0.9,other,True,
anchorage_school_district__54__0f80b912,54.pdf,Anchorage School District,75,"a time for mediation will be tentatively scheduled, which can later be cancelled by mutual agreement, if necessary.",a time for mediation,other,worker,will,False,passive,plain,obligation,obligation,True,0.9,other,True,
anchorage_school_district__54__0f80b912,54.pdf,Anchorage School District,75,Joint declaration of impasse will be made if no settlement is reached or upon a finding of impasse by the Alaska Labor Relations Agency.,Joint declaration of impasse,other,worker,will,False,active,plain,obligation,obligation,True,0.9,other,True,
anchorage_school_district__54__0f80b912,54.pdf,Anchorage School District,75,The District and the Association agree to share equally the cancellation fees if the hearing is cancelled due to settlement.,The District and the Association,other,worker,,False,active,plain,other,other,True,0.0,other,True,
anchorage_school_district__54__0f80b912,54.pdf,Anchorage School District,75,The parties agree to explore the feasibility of interest-based bargaining.,The parties,other,worker,,False,active,plain,other,other,True,0.0,other,True,
anchorage_school_district__54__0f80b912,54.pdf,Anchorage School District,76,"The Association may be represented at any scheduled hearings, appeals or other proceedings relating to a grievance.",The Association,management,worker,may,False,passive,permission_verb,permission,permission,True,0.3,discipline,True,
anchorage_school_district__54__0f80b912,54.pdf,Anchorage School District,76,"Nothing contained herein shall be construed as limiting the right of any member having a complaint to discuss the matter via administrative channels or the grievance procedure and to have the problem adjusted, as long as the disposition of the problem is not inconsistent with the terms of this Agreement.",Nothing contained herein,other,worker,shall,True,passive,plain,prohibition,right,False,1.0,discipline,True,
anchorage_school_district__54__0f80b912,54.pdf,Anchorage School District,76,No other employee organization shall have the right to represent members in any grievance proceeding.,No other employee organization,worker,worker,shall,True,active,plain,prohibition,prohibition,True,1.0,discipline,True,
anchorage_school_district__54__0f80b912,54.pdf,Anchorage School District,76,"Moreover, the District shall not be required to meet with non-Association representatives in the completion of the grievance process.",the District,management,management,shall,True,passive,obligation_verb,right,right,True,1.0,discipline,True,
anchorage_school_district__54__0f80b912,54.pdf,Anchorage School District,76,No reprisals shall be taken against a member for processing a grievance or participating in the grievance procedure.,No reprisals,management,worker,shall,True,passive,plain,prohibition,prohibition,True,1.0,discipline,True,
anchorage_school_district__54__0f80b912,54.pdf,Anchorage School District,76,A grievance must be received by the District within 25 workdays of the knowledge of the occurrence or non-occurrence of the act(s) or action(s) on which the grievance is based.,A grievance,management,management,must,False,passive,plain,obligation,obligation,True,1.0,discipline,True,
anchorage_school_district__54__0f80b912,54.pdf,Anchorage School District,76,The grievant or representative shall inform the unit administrator or the next administrative level with the authority to resolve the grievance that a grievance is being initiated.,The grievant or representative,worker,management,shall,False,active,plain,obligation,obligation,True,1.0,discipline,True,
anchorage_school_district__54__0f80b912,54.pdf,Anchorage School District,76,"If the District refuses to proceed with a grievance on the grounds that the alleged violation is not grievable, the cost of arbitration or court proceedings shall be assessed against the District if it is determined that the District was unreasonable or acted in bad faith.",the cost of arbitration or court proceedings,management,worker,shall,False,passive,plain,obligation,obligation,True,1.0,discipline,True,
anchorage_school_district__54__0f80b912,54.pdf,Anchorage School District,76,Grievances shall be processed as rapidly as possible,Grievances,management,worker,shall,False,passive,plain,obligation,obligation,True,1.0,discipline,True,
anchorage_school_district__54__0f80b912,54.pdf,Anchorage School District,76,time limits shall be considered as maximums.,time limits,management,worker,shall,False,passive,plain,obligation,obligation,True,1.0,workload,True,
anchorage_school_district__54__0f80b912,54.pdf,Anchorage School District,76,The time limits specified may be extended by mutual consent.,The time limits specified,other,management,may,False,passive,plain,permission,permission,True,0.3,workload,True,
anchorage_school_district__54__0f80b912,54.pdf,Anchorage School District,76,The extension agreement shall be in writing and signed by both parties.,The extension agreement,other,worker,shall,False,active,plain,obligation,obligation,True,1.0,other,True,
anchorage_school_district__54__0f80b912,54.pdf,Anchorage School District,76,The Association and the District will establish a standing list of 11 arbitrators from the American Arbitration Association Western Region by September 30 of each year unless both parties are satisfied with the list.,The Association and the District,other,worker,will,False,active,plain,obligation,obligation,True,0.9,discipline,True,
anchorage_school_district__54__0f80b912,54.pdf,Anchorage School District,77,No written or printed matter dealing with the processing of a grievance shall be filed in the central office personnel file of any participant(s).,No written or printed matter dealing with the processing of a grievance,management,worker,shall,True,passive,plain,prohibition,prohibition,True,1.0,discipline,True,
anchorage_school_district__54__0f80b912,54.pdf,Anchorage School District,77,"A report of the final resolution of a grievance, however, shall be filed in a separate confidential file.",A report of the final resolution of a grievance,management,worker,shall,False,passive,plain,obligation,obligation,True,1.0,discipline,True,
anchorage_school_district__54__0f80b912,54.pdf,Anchorage School District,77,The grievant’s name shall not be shared without the consent of the grievant,The grievant’s name,management,worker,shall,True,passive,plain,prohibition,prohibition,True,1.0,discipline,True,
anchorage_school_district__54__0f80b912,54.pdf,Anchorage School District,77,"the final report of a grievance may be used in subsequent proceedings of the Association, District or grievant as evidence of the interpretation of this Agreement.",the final report of a grievance,management,management,may,False,passive,plain,permission,permission,True,0.3,discipline,True,
anchorage_school_district__54__0f80b912,54.pdf,Anchorage School District,77,The grievant’s name shall be blanked out if the arbitration report is distributed in the District.,The grievant’s name,management,worker,shall,False,passive,plain,obligation,obligation,True,1.0,discipline,True,
anchorage_school_district__54__0f80b912,54.pdf,Anchorage School District,77,A grievant may call and present witnesses at any level of the proceedings.,A grievant,worker,worker,may,False,active,plain,permission,permission,True,0.3,discipline,True,
anchorage_school_district__54__0f80b912,54.pdf,Anchorage School District,77,"the grievant(s), Association representatives and witnesses in the hearing shall be released from regular duty for the time necessary to participate in the hearing without charge to their own leave or Association Leave.","the grievant(s), Association representatives and witnesses in the hearing",management,worker,shall,False,passive,plain,obligation,obligation,True,1.0,discipline,True,
anchorage_school_district__54__0f80b912,54.pdf,Anchorage School District,77,Grievance forms that are required for processing and filing of grievances shall be available to all members only through the Association office or an Association representative in each unit.,Grievance forms that are required for processing and filing of grievances,other,worker,shall,False,active,plain,obligation,obligation,True,1.0,discipline,True,
anchorage_school_district__54__0f80b912,54.pdf,Anchorage School District,77,The parties will attempt initially to resolve problems at the point of origin through free and informal communication.,The parties,other,worker,will,False,active,plain,obligation,obligation,True,0.9,discipline,True,
anchorage_school_district__54__0f80b912,54.pdf,Anchorage School District,77,A grievant shall formalize the procedure by filing a written grievance with the immediate supervisor concerned,A grievant,worker,management,shall,False,active,plain,obligation,obligation,True,1.0,discipline,True,
anchorage_school_district__54__0f80b912,54.pdf,Anchorage School District,77,the grievance will be initiated at Level Two.,the grievance,other,management,will,False,passive,plain,obligation,obligation,True,0.9,discipline,True,
anchorage_school_district__54__0f80b912,54.pdf,Anchorage School District,77,The date of this action shall be the Level One filing date.,The date of this action,other,management,shall,False,active,plain,obligation,obligation,True,1.0,discipline,True,
anchorage_school_district__54__0f80b912,54.pdf,Anchorage School District,77,The immediate supervisor shall meet with the grievant within five workdays of the filing date.,The immediate supervisor,management,worker,shall,False,active,plain,obligation,obligation,True,1.0,discipline,True,
anchorage_school_district__54__0f80b912,54.pdf,Anchorage School District,77,The meeting time shall be set by mutual agreement.,The meeting time,other,management,shall,False,passive,plain,obligation,obligation,True,1.0,discipline,True,
anchorage_school_district__54__0f80b912,54.pdf,Anchorage School District,77,An Association representative and/or another member may accompany the grievant at the Level One meeting and may speak on behalf of the grievant.,An Association representative and/or another member,worker,worker,may,False,active,plain,permission,permission,True,0.3,discipline,True,
anchorage_school_district__54__0f80b912,54.pdf,Anchorage School District,77,The immediate supervisor may have another person present if the grievant is accompanied by a representative.,The immediate supervisor,management,management,may,False,active,plain,permission,permission,True,0.3,discipline,True,
anchorage_school_district__54__0f80b912,54.pdf,Anchorage School District,77,The immediate supervisor shall submit a written decision within five workdays of the Level One meeting to the Association and grievant(s) unless completion of an adequate investigation requires more time.,The immediate supervisor,management,worker,shall,False,active,plain,obligation,obligation,True,1.0,discipline,True,
anchorage_school_district__54__0f80b912,54.pdf,Anchorage School District,77,the grievance shall move to the next level.,the grievance,other,management,shall,False,active,plain,obligation,obligation,True,1.0,discipline,True,
anchorage_school_district__54__0f80b912,54.pdf,Anchorage School District,78,the grievance may be appealed in writing to Contract Administration.,the grievance,management,worker,may,False,passive,plain,permission,permission,True,0.3,discipline,True,
anchorage_school_district__54__0f80b912,54.pdf,Anchorage School District,78,"The Contract Administration representative shall immediately notify the Association as to the nature of the grievance, if the Association is not involved.",The Contract Administration representative,other,worker,shall,False,active,plain,obligation,obligation,True,1.0,discipline,True,
anchorage_school_district__54__0f80b912,54.pdf,Anchorage School District,78,"Within 10 workdays of the receipt of the grievance or appeal, however filed, the Contract Administration representative shall meet with the grievant, the defendants named in the grievance and the grievant’s representative, if requested, in an effort to resolve the grievance at a time mutually acceptable to the Association and District.",the Contract Administration representative,other,worker,shall,False,active,plain,obligation,obligation,True,1.0,discipline,True,
anchorage_school_district__54__0f80b912,54.pdf,Anchorage School District,78,The Contract Administration representative shall submit a written decision within ten workdays of the Level Two hearing to the grievant(s) and the Association.,The Contract Administration representative,other,worker,shall,False,active,plain,obligation,obligation,True,1.0,discipline,True,
anchorage_school_district__54__0f80b912,54.pdf,Anchorage School District,78,the grievance may be submitted to final and binding arbitration only by the Association.,the grievance,worker,worker,may,False,passive,plain,permission,permission,True,0.3,discipline,True,
anchorage_school_district__54__0f80b912,54.pdf,Anchorage School District,78,"Within five workdays from the notification date that arbitration will be pursued, the parties shall meet to alternately strike names from the list of 11 arbitrators selected through 510 F until the arbitrator is identified.",the parties,other,worker,shall,False,active,plain,obligation,obligation,True,1.0,discipline,True,
anchorage_school_district__54__0f80b912,54.pdf,Anchorage School District,78,"The arbitrator shall have no power to alter, add to or subtract from the terms of this Agreement.",The arbitrator,other,management,shall,True,active,plain,prohibition,prohibition,True,1.0,discipline,True,
anchorage_school_district__54__0f80b912,54.pdf,Anchorage School District,78,Both parties agree to be bound by the decision of the arbitrator.,Both parties,other,management,,False,active,plain,other,other,True,0.0,discipline,True,
anchorage_school_district__54__0f80b912,54.pdf,Anchorage School District,78,The fees and expenses of the arbitrator shall be borne equally by both parties.,The fees and expenses of the arbitrator,other,management,shall,False,passive,plain,obligation,obligation,True,1.0,discipline,True,
anchorage_school_district__54__0f80b912,54.pdf,Anchorage School District,78,"Written notice of the intent to appeal to arbitration must be made to the Contract Administration representative within 20 workdays of the receipt of the Level Two decision by the grievant and the Association or within 25 workdays of the Level Two hearing, whichever is more.",Written notice of the intent to appeal to arbitration,worker,worker,must,False,passive,plain,obligation,obligation,True,1.0,discipline,True,
anchorage_school_district__54__0f80b912,54.pdf,Anchorage School District,78,The Preamble to this Agreement is not subject to grievance.,The Preamble to this Agreement,other,management,,True,active,plain,prohibition,prohibition,True,0.0,discipline,True,
anchorage_school_district__54__0f80b912,54.pdf,Anchorage School District,78,all rights contained herein shall be guaranteed to the Association and to no other competing labor organization.,all rights contained herein,management,worker,shall,False,passive,rights_passive,right,right,True,1.0,other,True,
anchorage_school_district__54__0f80b912,54.pdf,Anchorage School District,79,Disputes over representation of certificated employees in other job classifications may be submitted to the Alaska Labor Relations Agency.,Disputes over representation of certificated employees in other job classifications,other,worker,may,False,passive,plain,permission,permission,True,0.3,other,True,
anchorage_school_district__54__0f80b912,54.pdf,Anchorage School District,79,Positions represented by the Association shall not be assigned to another bargaining unit without the approval of the Association.,Positions represented by the Association,worker,worker,shall,True,passive,plain,prohibition,prohibition,True,1.0,other,True,
anchorage_school_district__54__0f80b912,54.pdf,Anchorage School District,79,"No provision under this Agreement may be changed, modified or altered during the term of agreement except by mutual agreement of the parties.",No provision under this Agreement,management,worker,may,True,passive,plain,prohibition,prohibition,True,0.3,other,True,
anchorage_school_district__54__0f80b912,54.pdf,Anchorage School District,79,Any amendment to this Agreement shall be in writing,Any amendment to this Agreement,management,worker,shall,False,active,plain,obligation,obligation,True,1.0,other,True,
anchorage_school_district__54__0f80b912,54.pdf,Anchorage School District,79,"shall be made a part of this Agreement, by extension.",Any amendment to this Agreement,management,worker,shall,False,passive,plain,obligation,obligation,True,1.0,other,True,
anchorage_school_district__54__0f80b912,54.pdf,Anchorage School District,79,"Except as provided in 620, 625 B., or by mutual agreement, the execution and implementation of this Agreement will not preclude, unless specified within this Agreement, members from maintaining employment conditions equivalent to those enjoyed prior to the effective date of this Agreement.",the execution and implementation of this Agreement,other,worker,will,True,active,plain,prohibition,prohibition,True,0.9,other,True,
anchorage_school_district__54__0f80b912,54.pdf,Anchorage School District,79,Neither party shall be required during the term of this Agreement to negotiate or bargain any issue except by mutual agreement or as specified in 620.,Neither party,other,management,shall,True,passive,obligation_verb,right,right,True,1.0,other,True,
anchorage_school_district__54__0f80b912,54.pdf,Anchorage School District,79,"Individual members shall have no authority to add to, modify or agree to supersede any provision of this Agreement.",Individual members,worker,management,shall,True,active,plain,prohibition,prohibition,True,1.0,other,True,
anchorage_school_district__54__0f80b912,54.pdf,Anchorage School District,79,Copies of this agreement shall be printed in current format at the expense of the Board within 30 workdays after the Agreement is proofread and approved for printing.,Copies of this agreement,management,worker,shall,False,passive,plain,obligation,obligation,True,1.0,other,True,
anchorage_school_district__54__0f80b912,54.pdf,Anchorage School District,79,The agreement shall be jointly proofread by the District and the Association.,The agreement,worker,worker,shall,False,passive,plain,obligation,obligation,True,1.0,other,True,
anchorage_school_district__54__0f80b912,54.pdf,Anchorage School District,79,Sufficient copies of the agreement shall be forwarded to the Association for distribution to all current members as well as 350 additional copies.,Sufficient copies of the agreement,management,worker,shall,False,passive,plain,obligation,obligation,True,1.0,other,True,
anchorage_school_district__54__0f80b912,54.pdf,Anchorage School District,79,The District shall provide a copy of the agreement to each newly hired member.,The District,management,worker,shall,False,active,plain,obligation,obligation,True,1.0,other,True,
anchorage_school_district__54__0f80b912,54.pdf,Anchorage School District,79,The District will provide the Association with the names and addresses of members on sabbatical or long-term unpaid leave.,The District,management,worker,will,False,active,plain,obligation,obligation,True,0.9,other,True,
anchorage_school_district__54__0f80b912,54.pdf,Anchorage School District,80,Bargaining will proceed in accord with timelines and processes defined in Article 505.,Bargaining,other,worker,will,False,active,plain,obligation,obligation,True,0.9,other,True,
anchorage_school_district__54__0f80b912,54.pdf,Anchorage School District,80,The Association agrees that during the life of this Agreement there will be no Association strike or job actions.,The Association,worker,management,will,False,active,plain,obligation,prohibition,False,0.9,other,True,
anchorage_school_district__54__0f80b912,54.pdf,Anchorage School District,80,The Association and its officials shall take such reasonable action as may be necessary to prevent and terminate any such activity.,The Association and its officials,worker,management,shall,False,active,plain,obligation,obligation,True,1.0,other,True,
anchorage_school_district__54__0f80b912,54.pdf,Anchorage School District,80,The District agrees that during the life of this Agreement there will be no lockout.,The District,management,worker,will,False,active,plain,obligation,prohibition,False,0.9,other,True,
anchorage_school_district__54__0f80b912,54.pdf,Anchorage School District,80,The parties to this agreement will meet not later than 10 work-days following such holding,The parties to this agreement,other,worker,will,False,active,plain,obligation,obligation,True,0.9,other,True,
anchorage_school_district__54__0f80b912,54.pdf,Anchorage School District,80,shall make every good faith effort to renegotiate the original intent within the parameters established by law.,The parties to this agreement,other,worker,shall,False,active,plain,obligation,obligation,True,1.0,other,True,Subject elided in original text but structurally required.
anchorage_school_district__54__0f80b912,54.pdf,Anchorage School District,80,The rights and privileges of the Association to represent members in matters pertaining to their employment shall be granted only to the Association and to no other organization.,The rights and privileges of the Association to represent members in matters pertaining to their employment,other,worker,shall,False,passive,rights_passive,right,right,True,1.0,other,True,
anchorage_school_district__54__0f80b912,54.pdf,Anchorage School District,80,"All of the functions, rights, powers and authority of the Board not specifically abridged, delegated, or modified by this agreement are recognized by the Association as being retained by the Board, including the right to make final decisions on policies.","All of the functions, rights, powers and authority of the Board not specifically abridged, delegated, or modified by this agreement",management,management,,False,passive,plain,other,other,True,0.0,other,True,
anchorage_school_district__54__0f80b912,54.pdf,Anchorage School District,80,The Association and its representatives shall have the right to use school buildings for meetings as per District building use policy and fee schedule for non-profit organizations.,The Association and its representatives,worker,worker,shall,False,active,plain,obligation,right,False,1.0,other,True,
anchorage_school_district__54__0f80b912,54.pdf,Anchorage School District,80,"The Association shall have the exclusive right to use a bulletin board in each faculty lounge, and where bulletin board space is available, in the central office of each building.",The Association,worker,worker,shall,False,active,plain,obligation,right,False,1.0,other,True,
anchorage_school_district__54__0f80b912,54.pdf,Anchorage School District,81,The Association Office shall be a stop on the District mail route.,The Association Office,worker,worker,shall,False,active,plain,obligation,obligation,True,1.0,other,True,
anchorage_school_district__54__0f80b912,54.pdf,Anchorage School District,81,Interschool mail may be used for Association communications at no cost when they pertain to the business of the Association and the District.,Interschool mail,worker,worker,may,False,passive,plain,permission,permission,True,0.3,other,True,Implicit agent is the Association (worker).
anchorage_school_district__54__0f80b912,54.pdf,Anchorage School District,81,The Association has the right to send communications that relate exclusively to Association business through interschool mail when the stamped correspondence is in compliance with the United States postal regulations.,The Association,worker,worker,,False,active,plain,other,right,False,0.0,other,True,
anchorage_school_district__54__0f80b912,54.pdf,Anchorage School District,81,"Courtesy copies of non-stamped communications sent through interschool mail shall be provided to the Superintendent, Labor Relations representative, and unit administrators.",Courtesy copies of non-stamped communications sent through interschool mail,management,management,shall,False,passive,plain,obligation,obligation,True,1.0,other,True,Implicit agent is the District (management).
anchorage_school_district__54__0f80b912,54.pdf,Anchorage School District,81,"The Association may utilize the District’s electronic mail system to facilitate communication with its members on matters of business, unrelated to issues of conflict or adversity with the District.",The Association,worker,worker,may,False,active,plain,permission,permission,True,0.3,other,True,
anchorage_school_district__54__0f80b912,54.pdf,Anchorage School District,81,Such electronic mail must be individually addressed.,Such electronic mail,worker,management,must,False,passive,plain,obligation,obligation,True,1.0,other,True,Implicit agent is the Association (worker).
anchorage_school_district__54__0f80b912,54.pdf,Anchorage School District,81,"A list of special Association mail groups shall be provided to the District monthly, in order to ensure that those groups are retained on the District servers.",A list of special Association mail groups,worker,management,shall,False,passive,plain,obligation,obligation,True,1.0,other,True,Implicit agent is the Association (worker).
anchorage_school_district__54__0f80b912,54.pdf,Anchorage School District,81,The Association shall have the exclusive right to use school mailboxes to distribute Association material.,The Association,worker,worker,shall,False,active,plain,obligation,right,False,1.0,other,True,
anchorage_school_district__54__0f80b912,54.pdf,Anchorage School District,81,Faculty mailboxes may be identified by the Association Representative(s).,Faculty mailboxes,worker,worker,may,False,passive,plain,permission,permission,True,0.3,other,True,
anchorage_school_district__54__0f80b912,54.pdf,Anchorage School District,81,"The Board shall furnish the Association with a copy of all material not specified as confidential by the Superintendent that is prepared for the Board for all regular or special sessions, upon request.",The Board,management,worker,shall,False,active,plain,obligation,obligation,True,1.0,other,True,
anchorage_school_district__54__0f80b912,54.pdf,Anchorage School District,81,"The Association shall have the right to research all available, non-confidential material required by the Association in exercising its responsibility as official representative of members, provided there is no conflict with normal District activities.",The Association,worker,worker,shall,False,active,plain,obligation,right,False,1.0,other,True,
anchorage_school_district__54__0f80b912,54.pdf,Anchorage School District,81,Any excessive cost created by such research shall be paid by the Association.,Any excessive cost created by such research,worker,management,shall,False,passive,plain,obligation,obligation,True,1.0,other,True,
anchorage_school_district__54__0f80b912,54.pdf,Anchorage School District,81,"No employee shall suffer discrimination, jeopardy or coercion in employment or promotional opportunity because of Association membership, participation in the area of grievance or holding elective or appointive positions in the Association, NEA-Alaska or the National Education Association.",No employee,worker,worker,shall,True,active,plain,prohibition,prohibition,True,1.0,teacher_rights_and_conduct,True,Functions as a non-discrimination prohibition.
anchorage_school_district__54__0f80b912,54.pdf,Anchorage School District,81,"The District, as a condition of employment, agrees to deduct an annual fee equal to t",The District,management,worker,,False,active,plain,other,obligation,False,0.0,other,True,Truncated at end of chunk.
anchorage_school_district__54__0f80b912,54.pdf,Anchorage School District,82,"The District, as a condition of employment, agrees to deduct an annual fee equal to the unified teaching profession dues, fees and assessments, in equal installments corresponding with each paycheck, from the pay of any member who does not become a member of the Association.",The District,management,worker,,False,active,plain,other,obligation,False,0.0,other,True,
anchorage_school_district__54__0f80b912,54.pdf,Anchorage School District,82,"Following such authorized deductions, the District shall transmit these agency fees directly to the Association, along with the dues withheld by the District for members in good standing.",the District,management,worker,shall,False,active,plain,obligation,obligation,True,1.0,other,True,
anchorage_school_district__54__0f80b912,54.pdf,Anchorage School District,82,"Consistent with AS 23.40.225, a member who objects to payment of an agency fee may apply for an exemption.",a member,worker,worker,may,False,active,permission_verb,permission,permission,True,0.3,other,True,
anchorage_school_district__54__0f80b912,54.pdf,Anchorage School District,82,"Upon order by the State of Alaska Labor Relations Agency, the Association, after payroll deduction or receipt of the fee, will pay an amount equal to the representation fee to a charity or scholarship fund.",the Association,worker,worker,will,False,active,plain,obligation,obligation,True,0.9,other,True,
anchorage_school_district__54__0f80b912,54.pdf,Anchorage School District,82,The Association shall forward to the charity or scholarship of its choice the fees deducted by the District,The Association,worker,worker,shall,False,active,plain,obligation,obligation,True,1.0,other,True,Split per compound clause extraction rule
anchorage_school_district__54__0f80b912,54.pdf,Anchorage School District,82,and shall provide proof of payment to the State Labor Relations Agency.,The Association,worker,worker,shall,False,active,plain,obligation,obligation,True,1.0,other,True,Coordinated independent clause
anchorage_school_district__54__0f80b912,54.pdf,Anchorage School District,82,The Association agrees to indemnify and hold the Board harmless against any liability,The Association,worker,management,,False,active,plain,other,other,True,0.0,other,True,Split per compound clause extraction rule
anchorage_school_district__54__0f80b912,54.pdf,Anchorage School District,82,and pay all costs and attorney’s fees that may arise by reason of any action taken by the Board in complying with the provisions of this article.,The Association,worker,management,may,False,active,plain,permission,other,False,0.3,other,True,Coordinated independent clause
anchorage_school_district__54__0f80b912,54.pdf,Anchorage School District,82,"This indemnification shall not apply to any claim, demand, suit or other form of liability that may arise as a result of any negligence or willful misconduct by the Board.",This indemnification,other,management,shall,True,active,plain,prohibition,prohibition,True,1.0,other,True,
anchorage_school_district__54__0f80b912,54.pdf,Anchorage School District,82,"Within five workdays the District will notify the Association of all new members, and of those resigning or whose contracts are being terminated.",the District,management,worker,will,False,active,plain,obligation,obligation,True,0.9,other,True,
anchorage_school_district__54__0f80b912,54.pdf,Anchorage School District,82,The District shall accept payroll deduction for Association dues or fees authorized by the employee on a form provided by the District.,The District,management,worker,shall,False,active,plain,obligation,obligation,True,1.0,other,True,
anchorage_school_district__54__0f80b912,54.pdf,Anchorage School District,82,"Authorization shall continue from year to year, unless the member terminates or notifies the Association of a change in membership status prior to August 31.",Authorization,other,worker,shall,False,active,plain,obligation,obligation,True,1.0,other,True,
anchorage_school_district__54__0f80b912,54.pdf,Anchorage School District,82,The Association shall notify the District in writing prior to August 31 of deletions of payroll deduction authorization.,The Association,worker,management,shall,False,active,plain,obligation,obligation,True,1.0,other,True,
anchorage_school_district__54__0f80b912,54.pdf,Anchorage School District,82,The District shall withhold a standard designated dues or fees amount on a continuing basis.,The District,management,worker,shall,False,active,plain,obligation,obligation,True,1.0,other,True,
anchorage_school_district__54__0f80b912,54.pdf,Anchorage School District,82,The Association shall notify the District prior to the first day of each school year of the standard dues or fees for part-time and full-time employees.,The Association,worker,management,shall,False,active,plain,obligation,obligation,True,1.0,other,True,
anchorage_school_district__54__0f80b912,54.pdf,Anchorage School District,82,The District and Association shall prepare and jointly sign a Dues/Agency Fee Schedule.,The District and Association,other,worker,shall,False,active,plain,obligation,obligation,True,1.0,other,True,
anchorage_school_district__54__0f80b912,54.pdf,Anchorage School District,82,The District shall withhold dues or fees in equal payments on a monthly basis,The District,management,worker,shall,False,active,plain,obligation,obligation,True,1.0,other,True,Truncated at end of chunk
anchorage_school_district__54__0f80b912,54.pdf,Anchorage School District,83,and transmit them to the Association beginning with the first pay voucher following receipt of the payroll deduction form.,The District,management,worker,shall,False,active,plain,obligation,obligation,True,1.0,other,True,Subject implied from preceding clause
anchorage_school_district__54__0f80b912,54.pdf,Anchorage School District,83,The payroll deduction form shall provide for language authorizing the Association to increase or decrease the member’s annual amount of dues or fees.,The payroll deduction form,other,worker,shall,False,active,plain,obligation,obligation,True,1.0,other,True,
anchorage_school_district__54__0f80b912,54.pdf,Anchorage School District,83,"A member who starts work after August 31 (the last day for accepting changes for the September payroll) shall provide payroll deduction authorization for dues/fees for whatever number of months remain in the school year, limited by the dates by which Payroll changes must be received, e.g. if the member start date is October 15 (five days after the last day to make payroll changes), the dues/fees deduction service would begin November 30.",A member,worker,management,shall,False,active,plain,obligation,obligation,True,1.0,compensation,True,
anchorage_school_district__54__0f80b912,54.pdf,Anchorage School District,83,The District is not responsible for collection of arrearages,The District,management,management,,True,active,obligation_verb,right,other,False,0.85,compensation,True,
anchorage_school_district__54__0f80b912,54.pdf,Anchorage School District,83,and will only collect authorized deductions according to the standard schedule provided by the Association.,The District,management,worker,will,False,active,plain,obligation,obligation,True,0.9,compensation,True,Subject implied from preceding clause
anchorage_school_district__54__0f80b912,54.pdf,Anchorage School District,83,The payroll deduction service offered to members by the District will be strictly limited to one of the three amounts per month shown on the Dues/Agency Fee Schedule referenced above.,The payroll deduction service offered to members by the District,management,worker,will,False,passive,prohibition_verb,prohibition,prohibition,True,0.9,compensation,True,
anchorage_school_district__54__0f80b912,54.pdf,Anchorage School District,83,Newly hired members who elect dues deduction will pay the designated amount for whatever number of months remain in the school year.,Newly hired members who elect dues deduction,worker,management,will,False,active,plain,obligation,obligation,True,0.9,compensation,True,
anchorage_school_district__54__0f80b912,54.pdf,Anchorage School District,83,a change in dues/fees obligation would begin on the first of the month following the change.,a change in dues/fees obligation,other,management,would,False,active,plain,other,other,True,0.0,compensation,True,Extracted main clause from conditional sentence
anchorage_school_district__54__0f80b912,54.pdf,Anchorage School District,83,Payroll deduction for membership dues or fees is the exclusive right of the Association,Payroll deduction for membership dues or fees,other,worker,,False,active,plain,other,right,False,0.0,other,True,
anchorage_school_district__54__0f80b912,54.pdf,Anchorage School District,83,and shall be the sole method available to members for payment of regular dues/fees,Payroll deduction for membership dues or fees,other,worker,shall,False,passive,plain,obligation,obligation,True,1.0,other,True,Subject implied from preceding clause
anchorage_school_district__54__0f80b912,54.pdf,Anchorage School District,83,but shall not be available for payment of arrearages.,Payroll deduction for membership dues or fees,other,worker,shall,True,passive,plain,prohibition,prohibition,True,1.0,compensation,True,Subject implied from preceding clause
anchorage_school_district__54__0f80b912,54.pdf,Anchorage School District,83,The Association agrees to indemnify and hold the District harmless against any liability that may arise as a result of 720.,The Association,worker,management,may,False,active,plain,permission,obligation,False,0.3,other,True,
anchorage_school_district__54__0f80b912,54.pdf,Anchorage School District,83,The Association President shall be placed on leave during the term of office,The Association President,management,worker,shall,False,passive,plain,obligation,obligation,True,1.0,leave,True,
anchorage_school_district__54__0f80b912,54.pdf,Anchorage School District,83,and shall have no authority to represent the District in any capacity,The Association President,worker,management,shall,True,active,prohibition_verb,permission,prohibition,False,1.0,other,True,Subject implied from preceding clause
anchorage_school_district__54__0f80b912,54.pdf,Anchorage School District,83,nor shall the District assume any liability whatsoever for the conduct of the President.,the District,management,management,shall,True,active,plain,prohibition,prohibition,True,1.0,other,True,
anchorage_school_district__54__0f80b912,54.pdf,Anchorage School District,83,The District shall continue the President’s retirement contribution,The District,management,worker,shall,False,active,plain,obligation,obligation,True,1.0,benefits,True,
anchorage_school_district__54__0f80b912,54.pdf,Anchorage School District,83,provided the President agrees to pay the percent required under AS 14.25.050 of the salary the President would have received during the leave of absence,the President,worker,management,,False,active,plain,other,obligation,False,0.0,benefits,True,Conditional clause
anchorage_school_district__54__0f80b912,54.pdf,Anchorage School District,83,and reimburse the District for the District’s required retirement contribution.,the President,worker,management,,False,active,plain,other,obligation,False,0.0,benefits,True,Subject implied from preceding clause
anchorage_school_district__54__0f80b912,54.pdf,Anchorage School District,83,Each year of leave of absence then would count as a year of retirement service.,Each year of leave of absence,other,worker,would,False,active,plain,other,right,False,0.0,benefits,True,
anchorage_school_district__54__0f80b912,54.pdf,Anchorage School District,84,"At the conclusion of the term of office, the President shall be assigned choice of vacant bargaining unit positions for which qualified.",the President,management,worker,shall,False,passive,rights_passive,right,right,True,1.0,transfers,True,
anchorage_school_district__54__0f80b912,54.pdf,Anchorage School District,84,"Upon return to the District, the President shall be advanced one year on the salary schedule for each year of tenure as AEA President.",the President,management,worker,shall,False,passive,rights_passive,right,right,True,1.0,compensation,True,
anchorage_school_district__54__0f80b912,54.pdf,Anchorage School District,84,"The District shall provide the Association one day of Association leave with pay for every 12 teachers, excluding substitutes.",The District,management,worker,shall,False,active,plain,obligation,obligation,True,1.0,leave,True,
anchorage_school_district__54__0f80b912,54.pdf,Anchorage School District,84,100 additional leave days will be provided for the re-negotiation of this agreement.,100 additional leave days,management,worker,will,False,passive,plain,obligation,obligation,True,0.9,leave,True,
anchorage_school_district__54__0f80b912,54.pdf,Anchorage School District,84,the Association shall have the right to carry over up to 25 days each year for use by the Association in subsequent school year(s).,the Association,worker,worker,shall,False,active,rights_active,right,right,True,1.0,leave,True,
anchorage_school_district__54__0f80b912,54.pdf,Anchorage School District,84,An authorized statement from the Association President must accompany each application for such leave.,An authorized statement from the Association President,other,management,must,False,active,plain,obligation,obligation,True,1.0,leave,True,
anchorage_school_district__54__0f80b912,54.pdf,Anchorage School District,84,"Leave may not be used for work stoppages, walkouts, strikes or other such action that would cause interruption of the instruction or extra-curricular program in this or any other school district.",Leave,management,management,may,True,passive,prohibition_verb,permission,prohibition,False,0.3,teacher_rights_and_conduct,True,
anchorage_school_district__54__0f80b912,54.pdf,Anchorage School District,84,"The Association President, or designee, may speak on behalf of the Association at Board meetings.","The Association President, or designee",worker,worker,may,False,active,permission_verb,permission,permission,True,0.3,teacher_rights_and_conduct,True,
anchorage_school_district__54__0f80b912,54.pdf,Anchorage School District,84,"Committees with teacher representation, which are established by the Superintendent or the Board, shall include Association participation.",Committees with teacher representation,other,worker,shall,False,active,plain,obligation,obligation,True,1.0,teacher_rights_and_conduct,True,
anchorage_school_district__54__0f80b912,54.pdf,Anchorage School District,84,The Association President shall appoint member representatives on District committees.,The Association President,worker,worker,shall,False,active,plain,obligation,obligation,True,1.0,teacher_rights_and_conduct,True,
anchorage_school_district__54__0f80b912,54.pdf,Anchorage School District,84,The representative(s) selected will be responsible for presenting the position of the Association.,The representative(s) selected,worker,worker,will,False,active,obligation_verb,obligation,obligation,True,0.9,teacher_rights_and_conduct,True,
