document_id,file_name,district_name,chunk_index,quote,subject_text,acting_party,protected_party,modal,negation,voice,verb_lexical_category,statement_type,llm_judgment,statement_type_match,modal_strength,topic,quote_verified,notes
hillsborough_county_public_schools__hillsborough_contract_teacher_2013_2016__0929c4c0,Hillsborough_Contract_Teacher_2013_2016.pdf,Hillsborough County Public Schools,3,"The School Board/Association contract shall be the document, which governs wages and hours, terms and conditions of employment for employees in the unit.",The School Board/Association contract,other,worker,shall,False,active,plain,obligation,obligation,True,1.0,other,True,
hillsborough_county_public_schools__hillsborough_contract_teacher_2013_2016__0929c4c0,Hillsborough_Contract_Teacher_2013_2016.pdf,Hillsborough County Public Schools,3,"Any policy, procedure, guideline or administrative directive in conflict with said contract shall be considered null and void.","Any policy, procedure, guideline or administrative directive in conflict with said contract",other,worker,shall,False,passive,plain,obligation,obligation,True,1.0,other,True,
hillsborough_county_public_schools__hillsborough_contract_teacher_2013_2016__0929c4c0,Hillsborough_Contract_Teacher_2013_2016.pdf,Hillsborough County Public Schools,3,"Faculty handbooks, county-wide publications and other guides shall conform to the provisions of the contract.","Faculty handbooks, county-wide publications and other guides",other,worker,shall,False,active,plain,obligation,obligation,True,1.0,other,True,
hillsborough_county_public_schools__hillsborough_contract_teacher_2013_2016__0929c4c0,Hillsborough_Contract_Teacher_2013_2016.pdf,Hillsborough County Public Schools,3,"Upon conclusion of negotiations, the respective parties shall implement the ratification process as outlined under the applicable provisions of PERC Rule Chapter 38D-20.",the respective parties,other,worker,shall,False,active,plain,obligation,obligation,True,1.0,other,True,
hillsborough_county_public_schools__hillsborough_contract_teacher_2013_2016__0929c4c0,Hillsborough_Contract_Teacher_2013_2016.pdf,Hillsborough County Public Schools,3,"In the event of a declaration of impasse, all applicable provisions of FS 447 and PERC Rule Chapter 38D-19 shall be implemented.",all applicable provisions of FS 447 and PERC Rule Chapter 38D-19,other,worker,shall,False,passive,plain,obligation,obligation,True,1.0,other,True,
hillsborough_county_public_schools__hillsborough_contract_teacher_2013_2016__0929c4c0,Hillsborough_Contract_Teacher_2013_2016.pdf,Hillsborough County Public Schools,4,The appropriateness of any new class or division of employees belonging to the bargaining unit shall be determined jointly by the Board and the Association.,The appropriateness of any new class or division of employees belonging to the bargaining unit,worker,worker,shall,False,passive,plain,obligation,obligation,True,1.0,other,True,joint action by management and worker
hillsborough_county_public_schools__hillsborough_contract_teacher_2013_2016__0929c4c0,Hillsborough_Contract_Teacher_2013_2016.pdf,Hillsborough County Public Schools,4,"If agreement is not possible, the matter shall be referred to the Public Employees Relations Commission.",the matter,other,worker,shall,False,passive,plain,obligation,obligation,True,1.0,discipline,True,implicit agent; referral to external body
hillsborough_county_public_schools__hillsborough_contract_teacher_2013_2016__0929c4c0,Hillsborough_Contract_Teacher_2013_2016.pdf,Hillsborough County Public Schools,4,"Organization rights pursuant to the provisions of Chapter 447.09 are granted to the certified exclusive bargaining agent, the Hillsborough Classroom Teachers Association,",Organization rights pursuant to the provisions of Chapter 447.09,management,worker,,False,passive,rights_passive,right,right,True,0.85,teacher_rights_and_conduct,True,
hillsborough_county_public_schools__hillsborough_contract_teacher_2013_2016__0929c4c0,Hillsborough_Contract_Teacher_2013_2016.pdf,Hillsborough County Public Schools,4,"and such rights shall not be granted to any other association, union or employee organization.",such rights,management,worker,shall,True,passive,plain,prohibition,prohibition,True,1.0,teacher_rights_and_conduct,True,continuation of 1.4.1
hillsborough_county_public_schools__hillsborough_contract_teacher_2013_2016__0929c4c0,Hillsborough_Contract_Teacher_2013_2016.pdf,Hillsborough County Public Schools,4,"The work year shall be 198 days for ten month teachers, 203 days for ten and one-half month teachers, 213 days for eleven month teachers, and 253 days for twelve month teachers as determined by the School Board Calendar.",The work year,other,worker,shall,False,active,plain,obligation,obligation,True,1.0,workload,True,
hillsborough_county_public_schools__hillsborough_contract_teacher_2013_2016__0929c4c0,Hillsborough_Contract_Teacher_2013_2016.pdf,Hillsborough County Public Schools,4,Teachers assigned to new positions during the regular school year may be required to attend additional inservice orientation sessions.,Teachers assigned to new positions during the regular school year,management,management,may,False,passive,plain,permission,permission,True,0.3,professional_development,True,
hillsborough_county_public_schools__hillsborough_contract_teacher_2013_2016__0929c4c0,Hillsborough_Contract_Teacher_2013_2016.pdf,Hillsborough County Public Schools,4,Sessions shall be conducted within the regular workday.,Sessions,management,worker,shall,False,passive,plain,obligation,obligation,True,1.0,professional_development,True,
hillsborough_county_public_schools__hillsborough_contract_teacher_2013_2016__0929c4c0,Hillsborough_Contract_Teacher_2013_2016.pdf,Hillsborough County Public Schools,4,Teachers shall not be required to attend any meetings away from the school center on the Teacher Workday as designated by the official school calendar.,Teachers,management,worker,shall,True,passive,plain,prohibition,right,False,1.0,professional_development,True,
hillsborough_county_public_schools__hillsborough_contract_teacher_2013_2016__0929c4c0,Hillsborough_Contract_Teacher_2013_2016.pdf,Hillsborough County Public Schools,4,New or vacant positions contracted for eleven or twelve months shall be advertised on the district’s web site.,New or vacant positions contracted for eleven or twelve months,management,worker,shall,False,passive,plain,obligation,obligation,True,1.0,transfers,True,
hillsborough_county_public_schools__hillsborough_contract_teacher_2013_2016__0929c4c0,Hillsborough_Contract_Teacher_2013_2016.pdf,Hillsborough County Public Schools,4,Teachers shall be afforded professional discretion regarding the use of Professional Study Day.,Teachers,management,worker,shall,False,passive,rights_passive,right,right,True,1.0,professional_development,True,
hillsborough_county_public_schools__hillsborough_contract_teacher_2013_2016__0929c4c0,Hillsborough_Contract_Teacher_2013_2016.pdf,Hillsborough County Public Schools,4,Each teacher shall have the option to select from in-service meetings within his/her present area of assignment/certification.,Each teacher,worker,worker,shall,False,active,rights_active,right,right,True,1.0,professional_development,True,
hillsborough_county_public_schools__hillsborough_contract_teacher_2013_2016__0929c4c0,Hillsborough_Contract_Teacher_2013_2016.pdf,Hillsborough County Public Schools,4,School Social Workers and Student Services Personnel shall be provided specialized in-service training on any designated Professional Study Day.,School Social Workers and Student Services Personnel,management,worker,shall,False,passive,rights_passive,right,right,True,1.0,professional_development,True,
hillsborough_county_public_schools__hillsborough_contract_teacher_2013_2016__0929c4c0,Hillsborough_Contract_Teacher_2013_2016.pdf,Hillsborough County Public Schools,5,"In addition to regular Pre-K training and in-service, Pre-K teachers shall be afforded the same opportunities as regular classroom teachers to attend in-service training on Professional Study Day.",Pre-K teachers,management,worker,shall,False,passive,rights_passive,right,right,True,1.0,professional_development,True,
hillsborough_county_public_schools__hillsborough_contract_teacher_2013_2016__0929c4c0,Hillsborough_Contract_Teacher_2013_2016.pdf,Hillsborough County Public Schools,5,"Teachers shall be granted the right to utilize flexible working hours on non-student days, other than Professional Study Day, with the approval of the site administrator.",Teachers,management,worker,shall,False,passive,rights_passive,right,right,True,1.0,workload,True,
hillsborough_county_public_schools__hillsborough_contract_teacher_2013_2016__0929c4c0,Hillsborough_Contract_Teacher_2013_2016.pdf,Hillsborough County Public Schools,5,The District shall establish early release days.,The District,management,worker,shall,False,active,plain,obligation,obligation,True,1.0,workload,True,
hillsborough_county_public_schools__hillsborough_contract_teacher_2013_2016__0929c4c0,Hillsborough_Contract_Teacher_2013_2016.pdf,Hillsborough County Public Schools,5,Early release days shall be designated as teacher work time.,Early release days,management,worker,shall,False,passive,plain,obligation,obligation,True,1.0,workload,True,
hillsborough_county_public_schools__hillsborough_contract_teacher_2013_2016__0929c4c0,Hillsborough_Contract_Teacher_2013_2016.pdf,Hillsborough County Public Schools,5,The scheduling of early release days may be changed upon consultation agreement between the School District of Hillsborough County and the Hillsborough Classroom Teachers Association.,The scheduling of early release days,other,worker,may,False,passive,plain,permission,permission,True,0.3,workload,True,
hillsborough_county_public_schools__hillsborough_contract_teacher_2013_2016__0929c4c0,Hillsborough_Contract_Teacher_2013_2016.pdf,Hillsborough County Public Schools,5,comp time shall be granted for loss of planning and/or lunch.,comp time,management,worker,shall,False,passive,rights_passive,right,right,True,1.0,leave,True,
hillsborough_county_public_schools__hillsborough_contract_teacher_2013_2016__0929c4c0,Hillsborough_Contract_Teacher_2013_2016.pdf,Hillsborough County Public Schools,5,the teacher shall be provided with a restroom break in addition to comp time.,the teacher,management,worker,shall,False,passive,rights_passive,right,right,True,1.0,safety_and_working_conditions,True,
hillsborough_county_public_schools__hillsborough_contract_teacher_2013_2016__0929c4c0,Hillsborough_Contract_Teacher_2013_2016.pdf,Hillsborough County Public Schools,5,No more than one hour per month may be used for PLCs or other data gathering/planning intended to increase student achievement.,No more than one hour per month,worker,worker,may,False,passive,plain,permission,prohibition,False,0.3,workload,True,
hillsborough_county_public_schools__hillsborough_contract_teacher_2013_2016__0929c4c0,Hillsborough_Contract_Teacher_2013_2016.pdf,Hillsborough County Public Schools,5,A different activity may be scheduled during that time,A different activity,management,management,may,False,passive,plain,permission,permission,True,0.3,workload,True,
hillsborough_county_public_schools__hillsborough_contract_teacher_2013_2016__0929c4c0,Hillsborough_Contract_Teacher_2013_2016.pdf,Hillsborough County Public Schools,5,Activities should be intended to increase student achievement.,Activities,management,management,should,False,active,plain,obligation,obligation,True,0.7,workload,True,
hillsborough_county_public_schools__hillsborough_contract_teacher_2013_2016__0929c4c0,Hillsborough_Contract_Teacher_2013_2016.pdf,Hillsborough County Public Schools,5,All twelve-month teachers with up to five years continuous service will be entitled to thirteen days annual vacation;,All twelve-month teachers with up to five years continuous service,management,worker,will,False,passive,rights_passive,right,right,True,0.9,leave,True,
hillsborough_county_public_schools__hillsborough_contract_teacher_2013_2016__0929c4c0,Hillsborough_Contract_Teacher_2013_2016.pdf,Hillsborough County Public Schools,5,teachers with five to ten years continuous service shall be eligible for 16.25 days vacation annually;,teachers with five to ten years continuous service,management,worker,shall,False,passive,plain,obligation,right,False,1.0,leave,True,
hillsborough_county_public_schools__hillsborough_contract_teacher_2013_2016__0929c4c0,Hillsborough_Contract_Teacher_2013_2016.pdf,Hillsborough County Public Schools,5,teachers who have ten or more years of continuous service shall be eligible for 19.5 days vacation annually.,teachers who have ten or more years of continuous service,management,worker,shall,False,passive,plain,obligation,right,False,1.0,leave,True,
hillsborough_county_public_schools__hillsborough_contract_teacher_2013_2016__0929c4c0,Hillsborough_Contract_Teacher_2013_2016.pdf,Hillsborough County Public Schools,5,"Vacation leave is cumulative, not to exceed eighty (80) days.",Vacation leave,other,management,,False,active,plain,other,other,True,0.0,leave,True,
hillsborough_county_public_schools__hillsborough_contract_teacher_2013_2016__0929c4c0,Hillsborough_Contract_Teacher_2013_2016.pdf,Hillsborough County Public Schools,5,Accrued vacation will be paid out at the time of termination in accordance with normal payroll schedules and subject to the payout limitations under state statutes.,Accrued vacation,management,worker,will,False,passive,rights_passive,right,obligation,False,0.9,leave,True,
hillsborough_county_public_schools__hillsborough_contract_teacher_2013_2016__0929c4c0,Hillsborough_Contract_Teacher_2013_2016.pdf,Hillsborough County Public Schools,5,Employee vacation requests shall be granted whenever possible.,Employee vacation requests,management,worker,shall,False,passive,rights_passive,right,obligation,False,1.0,leave,True,
hillsborough_county_public_schools__hillsborough_contract_teacher_2013_2016__0929c4c0,Hillsborough_Contract_Teacher_2013_2016.pdf,Hillsborough County Public Schools,5,Vacations shall normally be taken during non- student days.,Vacations,worker,management,shall,False,passive,plain,obligation,obligation,True,1.0,leave,True,
hillsborough_county_public_schools__hillsborough_contract_teacher_2013_2016__0929c4c0,Hillsborough_Contract_Teacher_2013_2016.pdf,Hillsborough County Public Schools,5,The school holidays and the school year shall be determined by the Board when it adopts the annual school calendar and shall be named in the calendar.,The school holidays and the school year,management,management,shall,False,passive,plain,obligation,obligation,True,1.0,leave,True,
hillsborough_county_public_schools__hillsborough_contract_teacher_2013_2016__0929c4c0,Hillsborough_Contract_Teacher_2013_2016.pdf,Hillsborough County Public Schools,5,the time missed must be made up by reduction of time,the time missed,management,management,must,False,passive,plain,obligation,obligation,True,1.0,leave,True,
hillsborough_county_public_schools__hillsborough_contract_teacher_2013_2016__0929c4c0,Hillsborough_Contract_Teacher_2013_2016.pdf,Hillsborough County Public Schools,6,Vacations shall normally be taken during non-student days.,Vacations,other,management,shall,False,passive,plain,obligation,obligation,True,1.0,leave,True,
hillsborough_county_public_schools__hillsborough_contract_teacher_2013_2016__0929c4c0,Hillsborough_Contract_Teacher_2013_2016.pdf,Hillsborough County Public Schools,6,The school holidays and the school year shall be determined by the Board when it adopts the annual school calendar,The school holidays and the school year,management,management,shall,False,passive,plain,obligation,obligation,True,1.0,leave,True,
hillsborough_county_public_schools__hillsborough_contract_teacher_2013_2016__0929c4c0,Hillsborough_Contract_Teacher_2013_2016.pdf,Hillsborough County Public Schools,6,and shall be named in the calendar.,The school holidays and the school year,management,management,shall,False,passive,plain,obligation,obligation,True,1.0,leave,True,
hillsborough_county_public_schools__hillsborough_contract_teacher_2013_2016__0929c4c0,Hillsborough_Contract_Teacher_2013_2016.pdf,Hillsborough County Public Schools,6,the time missed must be made up by reduction of time designated as “vacation” on the annual calendar.,the time missed,management,management,must,False,passive,plain,obligation,obligation,True,1.0,leave,True,
hillsborough_county_public_schools__hillsborough_contract_teacher_2013_2016__0929c4c0,Hillsborough_Contract_Teacher_2013_2016.pdf,Hillsborough County Public Schools,6,The Board shall grant to all teachers working less than twelve months six paid holidays each school year.,The Board,management,worker,shall,False,active,plain,obligation,obligation,True,1.0,leave,True,
hillsborough_county_public_schools__hillsborough_contract_teacher_2013_2016__0929c4c0,Hillsborough_Contract_Teacher_2013_2016.pdf,Hillsborough County Public Schools,6,Teachers must be working or be on paid leave or illness beyond accrued sick leave for less than thirty (30) working calendar days to receive paid holidays.,Teachers,worker,management,must,False,active,plain,obligation,obligation,True,1.0,leave,True,
hillsborough_county_public_schools__hillsborough_contract_teacher_2013_2016__0929c4c0,Hillsborough_Contract_Teacher_2013_2016.pdf,Hillsborough County Public Schools,6,Teachers cannot begin employment nor return from extended leave on a paid holiday.,Teachers,worker,management,can,True,active,plain,prohibition,prohibition,True,0.3,leave,True,
hillsborough_county_public_schools__hillsborough_contract_teacher_2013_2016__0929c4c0,Hillsborough_Contract_Teacher_2013_2016.pdf,Hillsborough County Public Schools,6,The duty day for teachers shall be eight hours.,The duty day for teachers,other,worker,shall,False,active,plain,obligation,obligation,True,1.0,workload,True,
hillsborough_county_public_schools__hillsborough_contract_teacher_2013_2016__0929c4c0,Hillsborough_Contract_Teacher_2013_2016.pdf,Hillsborough County Public Schools,6,"The normal hourly duty day for eight hour teachers shall be followed during pre-planning, post-planning and teacher workday.",The normal hourly duty day for eight hour teachers,other,worker,shall,False,passive,plain,obligation,obligation,True,1.0,workload,True,
hillsborough_county_public_schools__hillsborough_contract_teacher_2013_2016__0929c4c0,Hillsborough_Contract_Teacher_2013_2016.pdf,Hillsborough County Public Schools,6,"the length of day for eight hour teachers shall be six hours, including one hour for lunch.",the length of day for eight hour teachers,other,worker,shall,False,active,plain,obligation,obligation,True,1.0,workload,True,
hillsborough_county_public_schools__hillsborough_contract_teacher_2013_2016__0929c4c0,Hillsborough_Contract_Teacher_2013_2016.pdf,Hillsborough County Public Schools,6,Compensation on the basic salary schedule shall be based on eight hours of scheduled time.,Compensation on the basic salary schedule,other,worker,shall,False,active,plain,obligation,obligation,True,1.0,compensation,True,
hillsborough_county_public_schools__hillsborough_contract_teacher_2013_2016__0929c4c0,Hillsborough_Contract_Teacher_2013_2016.pdf,Hillsborough County Public Schools,6,The Association and Board agree to develop criteria for the payment of supplemental salaries for teachers over and above the amount reflected in the contracted basic salary schedule.,The Association and Board,other,worker,,False,active,plain,other,other,True,0.0,compensation,True,
hillsborough_county_public_schools__hillsborough_contract_teacher_2013_2016__0929c4c0,Hillsborough_Contract_Teacher_2013_2016.pdf,Hillsborough County Public Schools,6,Teaching time in secondary schools shall be a maximum of 300 minutes per day.,Teaching time in secondary schools,other,worker,shall,False,active,plain,obligation,obligation,True,1.0,workload,True,
hillsborough_county_public_schools__hillsborough_contract_teacher_2013_2016__0929c4c0,Hillsborough_Contract_Teacher_2013_2016.pdf,Hillsborough County Public Schools,6,This should include classes in not more than two subject areas nor more than three teacher preparations except in cases where unusual circumstances require exception.,This,other,worker,should,False,active,plain,obligation,obligation,True,0.7,workload,True,
hillsborough_county_public_schools__hillsborough_contract_teacher_2013_2016__0929c4c0,Hillsborough_Contract_Teacher_2013_2016.pdf,Hillsborough County Public Schools,6,Such exceptions must be approved by the appropriate assistant superintendent after the Association has been advised of the unusual circumstance.,Such exceptions,management,management,must,False,passive,plain,obligation,obligation,True,1.0,workload,True,
hillsborough_county_public_schools__hillsborough_contract_teacher_2013_2016__0929c4c0,Hillsborough_Contract_Teacher_2013_2016.pdf,Hillsborough County Public Schools,6,"An accounting procedure related to teachers reporting for work shall be developed and implemented by Department Heads, Team Leaders or Grade Chairmen working in conjunction with their teachers.",An accounting procedure related to teachers reporting for work,management,management,shall,False,passive,plain,obligation,obligation,True,1.0,other,True,
hillsborough_county_public_schools__hillsborough_contract_teacher_2013_2016__0929c4c0,Hillsborough_Contract_Teacher_2013_2016.pdf,Hillsborough County Public Schools,6,Such procedure shall be submitted to the building administrator for approval prior to implementation,Such procedure,other,management,shall,False,passive,plain,obligation,obligation,True,1.0,other,True,
hillsborough_county_public_schools__hillsborough_contract_teacher_2013_2016__0929c4c0,Hillsborough_Contract_Teacher_2013_2016.pdf,Hillsborough County Public Schools,6,but will not be used for payroll calculations.,Such procedure,other,worker,will,True,passive,plain,prohibition,prohibition,True,0.9,compensation,True,
hillsborough_county_public_schools__hillsborough_contract_teacher_2013_2016__0929c4c0,Hillsborough_Contract_Teacher_2013_2016.pdf,Hillsborough County Public Schools,6,"Current teachers may be employed, on a voluntary basis, to teach an additional period when the need exists.",Current teachers,worker,worker,may,False,passive,permission_verb,permission,permission,True,0.3,compensation,True,
hillsborough_county_public_schools__hillsborough_contract_teacher_2013_2016__0929c4c0,Hillsborough_Contract_Teacher_2013_2016.pdf,Hillsborough County Public Schools,6,teachers presently employed full-time may be employed for an additional period provided that their regular day is extended by the equivalent of one hour.,teachers presently employed full-time,worker,worker,may,False,passive,permission_verb,permission,permission,True,0.3,compensation,True,
hillsborough_county_public_schools__hillsborough_contract_teacher_2013_2016__0929c4c0,Hillsborough_Contract_Teacher_2013_2016.pdf,Hillsborough County Public Schools,7,"When the need exists, teachers presently employed full-time may be employed for an additional period provided that their regular day is extended by the equivalent of one hour.",teachers presently employed full-time,management,worker,may,False,passive,plain,permission,permission,True,0.3,compensation,True,
hillsborough_county_public_schools__hillsborough_contract_teacher_2013_2016__0929c4c0,Hillsborough_Contract_Teacher_2013_2016.pdf,Hillsborough County Public Schools,7,Each school shall secure a list of all teachers in the school who desire to teach an extra paid period.,Each school,management,management,shall,False,active,plain,obligation,obligation,True,1.0,compensation,True,
hillsborough_county_public_schools__hillsborough_contract_teacher_2013_2016__0929c4c0,Hillsborough_Contract_Teacher_2013_2016.pdf,Hillsborough County Public Schools,7,certified teachers outside of the department may teach the additional class only if no one in the department is available.,certified teachers outside of the department,worker,worker,may,False,active,plain,permission,permission,True,0.3,compensation,True,
hillsborough_county_public_schools__hillsborough_contract_teacher_2013_2016__0929c4c0,Hillsborough_Contract_Teacher_2013_2016.pdf,Hillsborough County Public Schools,7,Teachers teaching an additional period shall be compensated for an extra hour per day based on their regular hourly rate.,Teachers teaching an additional period,management,worker,shall,False,passive,rights_passive,right,obligation,False,1.0,compensation,True,
hillsborough_county_public_schools__hillsborough_contract_teacher_2013_2016__0929c4c0,Hillsborough_Contract_Teacher_2013_2016.pdf,Hillsborough County Public Schools,7,Teachers teaching an additional period shall receive pay while on professional duty elsewhere.,Teachers teaching an additional period,worker,worker,shall,False,active,rights_active,right,right,True,1.0,compensation,True,
hillsborough_county_public_schools__hillsborough_contract_teacher_2013_2016__0929c4c0,Hillsborough_Contract_Teacher_2013_2016.pdf,Hillsborough County Public Schools,7,"District Administrative Resource Teachers are to be on duty for eight hours and forty-five minutes daily, including lunch.",District Administrative Resource Teachers,worker,worker,,False,active,plain,other,other,True,0.0,safety_and_working_conditions,True,
hillsborough_county_public_schools__hillsborough_contract_teacher_2013_2016__0929c4c0,Hillsborough_Contract_Teacher_2013_2016.pdf,Hillsborough County Public Schools,7,"School-based Administrative Resource Teachers are to be on duty eight hours, including lunch.",School-based Administrative Resource Teachers,worker,worker,,False,active,plain,other,other,True,0.0,safety_and_working_conditions,True,
hillsborough_county_public_schools__hillsborough_contract_teacher_2013_2016__0929c4c0,Hillsborough_Contract_Teacher_2013_2016.pdf,Hillsborough County Public Schools,7,"Teachers shall have daily planning time during which they will not be responsible for students, attendance at faculty meetings, or be assigned to other duties except for emergencies.",Teachers,worker,worker,shall,False,active,plain,obligation,right,False,1.0,safety_and_working_conditions,True,
hillsborough_county_public_schools__hillsborough_contract_teacher_2013_2016__0929c4c0,Hillsborough_Contract_Teacher_2013_2016.pdf,Hillsborough County Public Schools,7,"The school office shall maintain a duty roster available for teacher examination, to ascertain the equity of emergency assignments.",The school office,management,worker,shall,False,active,plain,obligation,obligation,True,1.0,safety_and_working_conditions,True,
hillsborough_county_public_schools__hillsborough_contract_teacher_2013_2016__0929c4c0,Hillsborough_Contract_Teacher_2013_2016.pdf,Hillsborough County Public Schools,7,Secondary teachers (6-12) in schools with planning periods of 55 minutes or less shall have no duty assignments during their planning period.,Secondary teachers (6-12) in schools with planning periods of 55 minutes or less,worker,worker,shall,False,active,plain,obligation,right,False,1.0,safety_and_working_conditions,True,
hillsborough_county_public_schools__hillsborough_contract_teacher_2013_2016__0929c4c0,Hillsborough_Contract_Teacher_2013_2016.pdf,Hillsborough County Public Schools,7,Secondary teachers (6-12) in schools with planning periods of at least 60 minutes shall have a scheduled planning period of at least one full period during half the school year.,Secondary teachers (6-12) in schools with planning periods of at least 60 minutes,worker,worker,shall,False,active,plain,obligation,right,False,1.0,safety_and_working_conditions,True,
hillsborough_county_public_schools__hillsborough_contract_teacher_2013_2016__0929c4c0,Hillsborough_Contract_Teacher_2013_2016.pdf,Hillsborough County Public Schools,7,"During one half of the school year, their planning period may be shortened to forty-five consecutive minutes in order to complete duty assignments, as may be necessary to ensure student safety.",their planning period,management,management,may,False,passive,plain,permission,permission,True,0.3,safety_and_working_conditions,True,
hillsborough_county_public_schools__hillsborough_contract_teacher_2013_2016__0929c4c0,Hillsborough_Contract_Teacher_2013_2016.pdf,Hillsborough County Public Schools,7,Such duty assignments shall be posted.,Such duty assignments,management,worker,shall,False,passive,plain,obligation,obligation,True,1.0,safety_and_working_conditions,True,
hillsborough_county_public_schools__hillsborough_contract_teacher_2013_2016__0929c4c0,Hillsborough_Contract_Teacher_2013_2016.pdf,Hillsborough County Public Schools,7,"In secondary schools (6-12) where the schedule permits a 50 minute lunch period, teachers may be assigned a maximum of 15 minutes duty for student supervision for half the school year during lunch or a comparable duty assignment within the regular teacher day except those times set aside specifically for teacher planning.",teachers,management,worker,may,False,passive,plain,permission,obligation,False,0.3,safety_and_working_conditions,True,
hillsborough_county_public_schools__hillsborough_contract_teacher_2013_2016__0929c4c0,Hillsborough_Contract_Teacher_2013_2016.pdf,Hillsborough County Public Schools,8,Secondary teachers in schools with seven student instructional periods shall have a scheduled planning period of at least one full period per day.,Secondary teachers in schools with seven student instructional periods,worker,worker,shall,False,active,plain,obligation,right,False,1.0,safety_and_working_conditions,True,
hillsborough_county_public_schools__hillsborough_contract_teacher_2013_2016__0929c4c0,Hillsborough_Contract_Teacher_2013_2016.pdf,Hillsborough County Public Schools,8,"Planning time for teachers, working on teams, shall normally be scheduled to accommodate team planning.","Planning time for teachers, working on teams",other,worker,shall,False,passive,plain,obligation,obligation,True,1.0,safety_and_working_conditions,True,
hillsborough_county_public_schools__hillsborough_contract_teacher_2013_2016__0929c4c0,Hillsborough_Contract_Teacher_2013_2016.pdf,Hillsborough County Public Schools,8,"Elementary teachers, K-5, shall be provided with a weekly minimum of two and one-half hours of planning time within the student day (equivalent to thirty consecutive, uninterrupted minutes per day).","Elementary teachers, K-5",management,worker,shall,False,passive,rights_passive,right,obligation,False,1.0,safety_and_working_conditions,True,
hillsborough_county_public_schools__hillsborough_contract_teacher_2013_2016__0929c4c0,Hillsborough_Contract_Teacher_2013_2016.pdf,Hillsborough County Public Schools,8,Elementary teachers’ planning time shall take place before or after the student day and during the day when students are with special services teachers or in the case of kindergarten teachers when an aide is present.,Elementary teachers’ planning time,other,worker,shall,False,active,plain,obligation,obligation,True,1.0,safety_and_working_conditions,True,
hillsborough_county_public_schools__hillsborough_contract_teacher_2013_2016__0929c4c0,Hillsborough_Contract_Teacher_2013_2016.pdf,Hillsborough County Public Schools,8,"Whenever possible, elementary teachers shall not be required to teach more than three hours without a break.",elementary teachers,management,worker,shall,True,passive,obligation_verb,right,right,True,1.0,safety_and_working_conditions,True,
hillsborough_county_public_schools__hillsborough_contract_teacher_2013_2016__0929c4c0,Hillsborough_Contract_Teacher_2013_2016.pdf,Hillsborough County Public Schools,8,"However, they shall not be restricted to their room or work area during the entire planning period.",they,management,worker,shall,True,passive,prohibition_verb,permission,right,False,1.0,safety_and_working_conditions,True,"""they"" refers to teachers."
hillsborough_county_public_schools__hillsborough_contract_teacher_2013_2016__0929c4c0,Hillsborough_Contract_Teacher_2013_2016.pdf,Hillsborough County Public Schools,8,Each teacher shall be provided a minimum of thirty minutes for a duty-free lunch period.,Each teacher,management,worker,shall,False,passive,rights_passive,right,obligation,False,1.0,safety_and_working_conditions,True,
hillsborough_county_public_schools__hillsborough_contract_teacher_2013_2016__0929c4c0,Hillsborough_Contract_Teacher_2013_2016.pdf,Hillsborough County Public Schools,8,"In addition to the time specified for planning and lunch, Department Heads shall be provided with a minimum of one full period per day of non-student contact time.",Department Heads,management,worker,shall,False,passive,rights_passive,right,obligation,False,1.0,safety_and_working_conditions,True,
hillsborough_county_public_schools__hillsborough_contract_teacher_2013_2016__0929c4c0,Hillsborough_Contract_Teacher_2013_2016.pdf,Hillsborough County Public Schools,8,Secondary homeroom assignments shall be distributed fairly.,Secondary homeroom assignments,other,worker,shall,False,passive,plain,obligation,obligation,True,1.0,safety_and_working_conditions,True,
hillsborough_county_public_schools__hillsborough_contract_teacher_2013_2016__0929c4c0,Hillsborough_Contract_Teacher_2013_2016.pdf,Hillsborough County Public Schools,8,Teachers shall not be assigned office duties except as voluntary duty or in case of emergency.,Teachers,management,worker,shall,True,passive,plain,prohibition,prohibition,True,1.0,safety_and_working_conditions,True,
hillsborough_county_public_schools__hillsborough_contract_teacher_2013_2016__0929c4c0,Hillsborough_Contract_Teacher_2013_2016.pdf,Hillsborough County Public Schools,8,"All teachers shall be notified of their tentative program, schedule, grade level assignment, including room assignment(s) and whether they will be in a co-teach/FUSE setting, and planning period for the ensuing year prior to the start of the initial spring transfer period.",All teachers,management,worker,shall,False,passive,rights_passive,right,obligation,False,1.0,transfers,True,
hillsborough_county_public_schools__hillsborough_contract_teacher_2013_2016__0929c4c0,Hillsborough_Contract_Teacher_2013_2016.pdf,Hillsborough County Public Schools,8,Teachers on leave should contact their work site for tentative schedule.,Teachers on leave,worker,management,should,False,active,plain,obligation,obligation,True,0.7,leave,True,
hillsborough_county_public_schools__hillsborough_contract_teacher_2013_2016__0929c4c0,Hillsborough_Contract_Teacher_2013_2016.pdf,Hillsborough County Public Schools,8,Secondary teachers shall also be notified of their planning period.,Secondary teachers,management,worker,shall,False,passive,rights_passive,right,obligation,False,1.0,safety_and_working_conditions,True,
hillsborough_county_public_schools__hillsborough_contract_teacher_2013_2016__0929c4c0,Hillsborough_Contract_Teacher_2013_2016.pdf,Hillsborough County Public Schools,8,"In addition, they will be notified of any changes in their tentative program, schedule, or grade level assignment for the ensuing year, including the schools to which they will be assigned, as soon as practicable.",they,management,worker,will,False,passive,rights_passive,right,obligation,False,0.9,transfers,True,"""they"" refers to teachers."
hillsborough_county_public_schools__hillsborough_contract_teacher_2013_2016__0929c4c0,Hillsborough_Contract_Teacher_2013_2016.pdf,Hillsborough County Public Schools,8,No teacher shall be transferred from a non-classroom position requiring specific certification or license to a classroom without the consent of the teacher.,No teacher,management,worker,shall,True,passive,plain,prohibition,prohibition,True,1.0,transfers,True,
hillsborough_county_public_schools__hillsborough_contract_teacher_2013_2016__0929c4c0,Hillsborough_Contract_Teacher_2013_2016.pdf,Hillsborough County Public Schools,9,"Teacher schedules shall be made without regard to age, race, creed, color, national origin, gender, marital status, sexual orientation, or membership in any teacher organization.",Teacher schedules,management,worker,shall,False,passive,plain,obligation,obligation,True,1.0,safety_and_working_conditions,True,
hillsborough_county_public_schools__hillsborough_contract_teacher_2013_2016__0929c4c0,Hillsborough_Contract_Teacher_2013_2016.pdf,Hillsborough County Public Schools,9,"Qualifications and experience levels of teachers will be given consideration in terms of school, schedule, program, or grade level assignment.",Qualifications and experience levels of teachers,management,worker,will,False,passive,plain,obligation,obligation,True,0.9,seniority,True,
hillsborough_county_public_schools__hillsborough_contract_teacher_2013_2016__0929c4c0,Hillsborough_Contract_Teacher_2013_2016.pdf,Hillsborough County Public Schools,9,No more than four (4) consecutive classes shall be assigned to special services teachers.,No more than four (4) consecutive classes,management,worker,shall,False,passive,plain,obligation,obligation,True,1.0,safety_and_working_conditions,True,
hillsborough_county_public_schools__hillsborough_contract_teacher_2013_2016__0929c4c0,Hillsborough_Contract_Teacher_2013_2016.pdf,Hillsborough County Public Schools,9,A faculty shall be given at least three workdays’ notice before a change is made in a school’s class or bell schedule except in emergency cases.,A faculty,management,worker,shall,False,passive,rights_passive,right,obligation,False,1.0,safety_and_working_conditions,True,
hillsborough_county_public_schools__hillsborough_contract_teacher_2013_2016__0929c4c0,Hillsborough_Contract_Teacher_2013_2016.pdf,Hillsborough County Public Schools,9,A change in a school’s class or bell schedule shall accommodate a teacher’s right to have duty-free lunch and guaranteed planning during the normal student day.,A change in a school’s class or bell schedule,other,worker,shall,False,active,plain,obligation,obligation,True,1.0,safety_and_working_conditions,True,
hillsborough_county_public_schools__hillsborough_contract_teacher_2013_2016__0929c4c0,Hillsborough_Contract_Teacher_2013_2016.pdf,Hillsborough County Public Schools,9,Any exceptions shall be submitted to the appropriate Area Director for approval,Any exceptions,management,management,shall,False,passive,plain,obligation,obligation,True,1.0,other,True,
hillsborough_county_public_schools__hillsborough_contract_teacher_2013_2016__0929c4c0,Hillsborough_Contract_Teacher_2013_2016.pdf,Hillsborough County Public Schools,9,who shall then notify the Association.,who,management,worker,shall,False,active,plain,obligation,obligation,True,1.0,other,True,
hillsborough_county_public_schools__hillsborough_contract_teacher_2013_2016__0929c4c0,Hillsborough_Contract_Teacher_2013_2016.pdf,Hillsborough County Public Schools,9,"Floating teachers shall have access to the same teaching resources, facilities, and materials as their non-floating colleagues.",Floating teachers,worker,worker,shall,False,active,plain,obligation,right,False,1.0,safety_and_working_conditions,True,
hillsborough_county_public_schools__hillsborough_contract_teacher_2013_2016__0929c4c0,Hillsborough_Contract_Teacher_2013_2016.pdf,Hillsborough County Public Schools,9,Floating teachers shall be provided with a cart containing a lockable storage area.,Floating teachers,management,worker,shall,False,passive,rights_passive,right,obligation,False,1.0,safety_and_working_conditions,True,
hillsborough_county_public_schools__hillsborough_contract_teacher_2013_2016__0929c4c0,Hillsborough_Contract_Teacher_2013_2016.pdf,Hillsborough County Public Schools,9,"Floating teachers shall, to the extent possible, have their classes scheduled on the same floor and/or geographic area.",Floating teachers,worker,worker,shall,False,active,plain,obligation,obligation,True,1.0,transfers,True,
hillsborough_county_public_schools__hillsborough_contract_teacher_2013_2016__0929c4c0,Hillsborough_Contract_Teacher_2013_2016.pdf,Hillsborough County Public Schools,9,"Whenever possible, no teacher shall be required to float in consecutive school years.",no teacher,management,worker,shall,True,passive,obligation_verb,right,right,True,1.0,transfers,True,
hillsborough_county_public_schools__hillsborough_contract_teacher_2013_2016__0929c4c0,Hillsborough_Contract_Teacher_2013_2016.pdf,Hillsborough County Public Schools,9,"Student Services personnel – Guidance Counselors, Psychologists, RtI Facilitators, and Social Workers - shall normally be assigned to no more than three school sites.","Student Services personnel – Guidance Counselors, Psychologists, RtI Facilitators, and Social Workers -",management,worker,shall,False,passive,plain,obligation,obligation,True,1.0,other,True,
hillsborough_county_public_schools__hillsborough_contract_teacher_2013_2016__0929c4c0,Hillsborough_Contract_Teacher_2013_2016.pdf,Hillsborough County Public Schools,9,Student Services personnel shall not be subject to quotas regarding assessments or reports.,Student Services personnel,worker,worker,shall,True,active,plain,prohibition,prohibition,True,1.0,other,True,
hillsborough_county_public_schools__hillsborough_contract_teacher_2013_2016__0929c4c0,Hillsborough_Contract_Teacher_2013_2016.pdf,Hillsborough County Public Schools,9,Student Services personnel shall be offered extended year and day contracts and supplemented services contracts appropriate to the district needs prior to the district contracting out.,Student Services personnel,management,worker,shall,False,passive,rights_passive,right,obligation,False,1.0,benefits,True,
hillsborough_county_public_schools__hillsborough_contract_teacher_2013_2016__0929c4c0,Hillsborough_Contract_Teacher_2013_2016.pdf,Hillsborough County Public Schools,9,"In arranging schedules for personnel who are assigned to more than one school, an effort shall be made to limit the amount of interschool travel.",an effort,management,worker,shall,False,passive,plain,obligation,obligation,True,1.0,safety_and_working_conditions,True,
hillsborough_county_public_schools__hillsborough_contract_teacher_2013_2016__0929c4c0,Hillsborough_Contract_Teacher_2013_2016.pdf,Hillsborough County Public Schools,9,Such personnel shall be notified of any change in their schedules by June 1st of each year.,Such personnel,management,worker,shall,False,passive,rights_passive,right,obligation,False,1.0,other,True,
hillsborough_county_public_schools__hillsborough_contract_teacher_2013_2016__0929c4c0,Hillsborough_Contract_Teacher_2013_2016.pdf,Hillsborough County Public Schools,9,Any exception to this must be approved by the appropriate Assistant Superintendent.,Any exception to this,management,management,must,False,passive,plain,obligation,obligation,True,1.0,other,True,
hillsborough_county_public_schools__hillsborough_contract_teacher_2013_2016__0929c4c0,Hillsborough_Contract_Teacher_2013_2016.pdf,Hillsborough County Public Schools,10,an effort shall be made to limit the amount of interschool travel.,an effort,other,worker,shall,False,passive,plain,obligation,obligation,True,1.0,safety_and_working_conditions,True,
hillsborough_county_public_schools__hillsborough_contract_teacher_2013_2016__0929c4c0,Hillsborough_Contract_Teacher_2013_2016.pdf,Hillsborough County Public Schools,10,Teachers with multi-school assignments shall be assigned extra duties as would be appropriate to any other faculty member on a pro-rata basis.,Teachers with multi-school assignments,management,worker,shall,False,passive,plain,obligation,obligation,True,1.0,workload,True,
hillsborough_county_public_schools__hillsborough_contract_teacher_2013_2016__0929c4c0,Hillsborough_Contract_Teacher_2013_2016.pdf,Hillsborough County Public Schools,10,A multi-school teacher or certificated support personnel’s geographical area of assignment shall be considered permanent for a school year.,A multi-school teacher or certificated support personnel’s geographical area of assignment,other,worker,shall,False,passive,plain,obligation,other,False,1.0,transfers,True,
hillsborough_county_public_schools__hillsborough_contract_teacher_2013_2016__0929c4c0,Hillsborough_Contract_Teacher_2013_2016.pdf,Hillsborough County Public Schools,10,Personnel may be transferred administratively as contained in Section 11.3.,Personnel,management,management,may,False,passive,rights_passive,right,permission,False,0.3,transfers,True,
hillsborough_county_public_schools__hillsborough_contract_teacher_2013_2016__0929c4c0,Hillsborough_Contract_Teacher_2013_2016.pdf,Hillsborough County Public Schools,10,geographical area changes may be made.,geographical area changes,other,management,may,False,passive,plain,permission,permission,True,0.3,transfers,True,
hillsborough_county_public_schools__hillsborough_contract_teacher_2013_2016__0929c4c0,Hillsborough_Contract_Teacher_2013_2016.pdf,Hillsborough County Public Schools,10,personnel within the department may apply for a transfer to such vacancy.,personnel within the department,worker,worker,may,False,active,plain,permission,permission,True,0.3,transfers,True,
hillsborough_county_public_schools__hillsborough_contract_teacher_2013_2016__0929c4c0,Hillsborough_Contract_Teacher_2013_2016.pdf,Hillsborough County Public Schools,10,The period of assignment shall be half of the scheduled hours per day for an aggregate of half of the work week.,The period of assignment,other,worker,shall,False,active,plain,obligation,obligation,True,1.0,other,True,
hillsborough_county_public_schools__hillsborough_contract_teacher_2013_2016__0929c4c0,Hillsborough_Contract_Teacher_2013_2016.pdf,Hillsborough County Public Schools,10,Any deviation from this schedule must be approved in advance by the Division of Human Resources.,Any deviation from this schedule,management,management,must,False,passive,plain,obligation,obligation,True,1.0,other,True,
hillsborough_county_public_schools__hillsborough_contract_teacher_2013_2016__0929c4c0,Hillsborough_Contract_Teacher_2013_2016.pdf,Hillsborough County Public Schools,10,"The schedule of duties and assignment shall be made at the building level by the principal, consistent with the certification and experience of the teacher.",The schedule of duties and assignment,management,management,shall,False,passive,plain,obligation,obligation,True,1.0,other,True,
hillsborough_county_public_schools__hillsborough_contract_teacher_2013_2016__0929c4c0,Hillsborough_Contract_Teacher_2013_2016.pdf,Hillsborough County Public Schools,10,A job sharing participant shall be eligible to work a minimum of 4 hours or three (3) periods of instruction.,A job sharing participant,worker,worker,shall,False,active,plain,obligation,right,False,1.0,benefits,True,
hillsborough_county_public_schools__hillsborough_contract_teacher_2013_2016__0929c4c0,Hillsborough_Contract_Teacher_2013_2016.pdf,Hillsborough County Public Schools,10,The teacher must be fully certificated to teach in the area in which he/she is to be considered for placement.,The teacher,worker,management,must,False,active,plain,obligation,obligation,True,1.0,other,True,
hillsborough_county_public_schools__hillsborough_contract_teacher_2013_2016__0929c4c0,Hillsborough_Contract_Teacher_2013_2016.pdf,Hillsborough County Public Schools,11,A candidate must indicate his/her interest in participation in the program by July 15 of the fiscal year for consideration.,A candidate,worker,management,must,False,active,plain,obligation,obligation,True,1.0,other,True,
hillsborough_county_public_schools__hillsborough_contract_teacher_2013_2016__0929c4c0,Hillsborough_Contract_Teacher_2013_2016.pdf,Hillsborough County Public Schools,11,Application shall be made on forms available through the Division of Human Resources.,Application,management,management,shall,False,passive,plain,obligation,obligation,True,1.0,other,True,Passive construction; implicit agent is management.
hillsborough_county_public_schools__hillsborough_contract_teacher_2013_2016__0929c4c0,Hillsborough_Contract_Teacher_2013_2016.pdf,Hillsborough County Public Schools,11,A teacher may participate in the Job Sharing Program upon recommendation of the principal.,A teacher,worker,worker,may,False,active,permission_verb,permission,permission,True,0.3,benefits,True,
hillsborough_county_public_schools__hillsborough_contract_teacher_2013_2016__0929c4c0,Hillsborough_Contract_Teacher_2013_2016.pdf,Hillsborough County Public Schools,11,The teacher must reapply and be approved by the Board each year.,The teacher,worker,management,must,False,active,obligation_verb,obligation,obligation,True,1.0,other,True,Mixed active/passive structure; primary operative duty falls on the subject.
hillsborough_county_public_schools__hillsborough_contract_teacher_2013_2016__0929c4c0,Hillsborough_Contract_Teacher_2013_2016.pdf,Hillsborough County Public Schools,11,"Teachers on job share will not be granted long-term leaves, except for unforeseen medical emergencies.",Teachers on job share,management,management,will,True,passive,rights_passive,other,prohibition,False,0.0,leave,True,Passive construction; implicit agent is management.
hillsborough_county_public_schools__hillsborough_contract_teacher_2013_2016__0929c4c0,Hillsborough_Contract_Teacher_2013_2016.pdf,Hillsborough County Public Schools,11,Job share teachers would substitute for absent partner when possible and receive a half day of substitute pay for the additional service.,Job share teachers,worker,worker,would,False,active,plain,other,obligation,False,0.0,compensation,True,
hillsborough_county_public_schools__hillsborough_contract_teacher_2013_2016__0929c4c0,Hillsborough_Contract_Teacher_2013_2016.pdf,Hillsborough County Public Schools,11,The job sharing applicants are responsible for finding their own partners.,The job sharing applicants,worker,management,,False,active,obligation_verb,obligation,obligation,True,0.85,other,True,
hillsborough_county_public_schools__hillsborough_contract_teacher_2013_2016__0929c4c0,Hillsborough_Contract_Teacher_2013_2016.pdf,Hillsborough County Public Schools,11,the remaining partner must assume full responsibility of that position.,the remaining partner,worker,management,must,False,active,obligation_verb,obligation,obligation,True,1.0,job_security,True,Extracted from conditional clause following job share dissolution.
hillsborough_county_public_schools__hillsborough_contract_teacher_2013_2016__0929c4c0,Hillsborough_Contract_Teacher_2013_2016.pdf,Hillsborough County Public Schools,11,the terminal pay shall be computed as a full share equivalent.,the terminal pay,management,worker,shall,False,passive,plain,obligation,obligation,True,1.0,compensation,True,Passive construction; implicit agent is management.
hillsborough_county_public_schools__hillsborough_contract_teacher_2013_2016__0929c4c0,Hillsborough_Contract_Teacher_2013_2016.pdf,Hillsborough County Public Schools,11,The school that loses a job share partner will hold that teacher’s position for two years.,The school that loses a job share partner,management,worker,will,False,active,plain,obligation,obligation,True,0.9,job_security,True,
hillsborough_county_public_schools__hillsborough_contract_teacher_2013_2016__0929c4c0,Hillsborough_Contract_Teacher_2013_2016.pdf,Hillsborough County Public Schools,11,that partner shall be placed in the district level pool for placement upon return to full-time.,that partner,management,worker,shall,False,passive,rights_passive,right,obligation,False,1.0,job_security,True,Passive construction; implicit agent is management.
hillsborough_county_public_schools__hillsborough_contract_teacher_2013_2016__0929c4c0,Hillsborough_Contract_Teacher_2013_2016.pdf,Hillsborough County Public Schools,11,Payment shall equal 50 percent of the individual’s salary based on degree and experience for 187 days and 100 percent of the individual’s salary for 11 non-pupil days.,Payment,other,worker,shall,False,active,plain,obligation,obligation,True,1.0,compensation,True,Inanimate subject performing administrative calculation.
hillsborough_county_public_schools__hillsborough_contract_teacher_2013_2016__0929c4c0,Hillsborough_Contract_Teacher_2013_2016.pdf,Hillsborough County Public Schools,11,"One job share teacher may elect Board-provided single employee coverage, subject to the Board’s cap on contributions,",One job share teacher,worker,worker,may,False,active,permission_verb,permission,permission,True,0.3,benefits,True,
hillsborough_county_public_schools__hillsborough_contract_teacher_2013_2016__0929c4c0,Hillsborough_Contract_Teacher_2013_2016.pdf,Hillsborough County Public Schools,11,the other job share teacher must elect to forego Board-provided single employee medical coverage.,the other job share teacher,worker,management,must,False,active,obligation_verb,obligation,obligation,True,1.0,benefits,True,
hillsborough_county_public_schools__hillsborough_contract_teacher_2013_2016__0929c4c0,Hillsborough_Contract_Teacher_2013_2016.pdf,Hillsborough County Public Schools,12,"One job share teacher may elect Board-provided single employee coverage, subject to the Board’s cap on contributions",One job share teacher,worker,worker,may,False,active,plain,permission,permission,True,0.3,benefits,True,
hillsborough_county_public_schools__hillsborough_contract_teacher_2013_2016__0929c4c0,Hillsborough_Contract_Teacher_2013_2016.pdf,Hillsborough County Public Schools,12,the other job share teacher must elect to forego Board-provided single employee medical coverage,the other job share teacher,worker,management,must,False,active,plain,obligation,obligation,True,1.0,benefits,True,
hillsborough_county_public_schools__hillsborough_contract_teacher_2013_2016__0929c4c0,Hillsborough_Contract_Teacher_2013_2016.pdf,Hillsborough County Public Schools,12,Applicants may choose to split the cost of the Board-sponsored single employee premium,Applicants,worker,worker,may,False,active,plain,permission,permission,True,0.3,benefits,True,Applicants refers to job share teachers in context.
hillsborough_county_public_schools__hillsborough_contract_teacher_2013_2016__0929c4c0,Hillsborough_Contract_Teacher_2013_2016.pdf,Hillsborough County Public Schools,12,the premium for each job share teacher shall be one-half of the job share teacher’s single employee medical coverage,the premium for each job share teacher,other,worker,shall,False,active,plain,obligation,obligation,True,1.0,benefits,True,
hillsborough_county_public_schools__hillsborough_contract_teacher_2013_2016__0929c4c0,Hillsborough_Contract_Teacher_2013_2016.pdf,Hillsborough County Public Schools,12,This option may not be changed during the school year,This option,other,management,may,True,passive,plain,prohibition,prohibition,True,0.3,benefits,True,
hillsborough_county_public_schools__hillsborough_contract_teacher_2013_2016__0929c4c0,Hillsborough_Contract_Teacher_2013_2016.pdf,Hillsborough County Public Schools,12,"Non-optional employee benefits (Social Security, Medicare, Retirement, workers’ compensation, unemployment compensation and life insurance) shall be based upon the reduced salary","Non-optional employee benefits (Social Security, Medicare, Retirement, workers’ compensation, unemployment compensation and life insurance)",other,worker,shall,False,passive,plain,obligation,obligation,True,1.0,benefits,True,
hillsborough_county_public_schools__hillsborough_contract_teacher_2013_2016__0929c4c0,Hillsborough_Contract_Teacher_2013_2016.pdf,Hillsborough County Public Schools,12,"Negotiated time off benefits (sick leave, vacation, paid holidays) will accrue on a pro rata (50 percent) basis, based upon the reduced salary","Negotiated time off benefits (sick leave, vacation, paid holidays)",other,worker,will,False,active,plain,obligation,obligation,True,0.9,benefits,True,
hillsborough_county_public_schools__hillsborough_contract_teacher_2013_2016__0929c4c0,Hillsborough_Contract_Teacher_2013_2016.pdf,Hillsborough County Public Schools,12,"Assignments will constitute, for salary purposes, more than one-half of the school year",Assignments,other,worker,will,False,active,plain,obligation,obligation,True,0.9,compensation,True,
hillsborough_county_public_schools__hillsborough_contract_teacher_2013_2016__0929c4c0,Hillsborough_Contract_Teacher_2013_2016.pdf,Hillsborough County Public Schools,12,each teacher will be assigned and given a notice of employment outlining the period of service and the salary as defined above,each teacher,management,worker,will,False,passive,rights_passive,right,obligation,False,0.9,compensation,True,
hillsborough_county_public_schools__hillsborough_contract_teacher_2013_2016__0929c4c0,Hillsborough_Contract_Teacher_2013_2016.pdf,Hillsborough County Public Schools,12,"Teachers shall be permitted to enroll or transfer their children, or children for whom they are legally responsible, in a school of their choice, space permitting",Teachers,management,worker,shall,False,passive,permission_verb,permission,permission,True,1.0,benefits,True,
hillsborough_county_public_schools__hillsborough_contract_teacher_2013_2016__0929c4c0,Hillsborough_Contract_Teacher_2013_2016.pdf,Hillsborough County Public Schools,12,This will not exempt them from existing eligibility requirements,This,other,management,will,True,active,plain,prohibition,prohibition,True,0.9,benefits,True,This refers to the enrollment option in the preceding sentence.
hillsborough_county_public_schools__hillsborough_contract_teacher_2013_2016__0929c4c0,Hillsborough_Contract_Teacher_2013_2016.pdf,Hillsborough County Public Schools,12,Teachers may enroll their children in the school in which they teach in any program which does not require special application process,Teachers,worker,worker,may,False,active,plain,permission,permission,True,0.3,benefits,True,
hillsborough_county_public_schools__hillsborough_contract_teacher_2013_2016__0929c4c0,Hillsborough_Contract_Teacher_2013_2016.pdf,Hillsborough County Public Schools,12,Teachers’ children will be given priority status for all programs in the teacher’s school that do require a special application process,Teachers’ children,management,worker,will,False,passive,rights_passive,right,right,True,0.9,benefits,True,
hillsborough_county_public_schools__hillsborough_contract_teacher_2013_2016__0929c4c0,Hillsborough_Contract_Teacher_2013_2016.pdf,Hillsborough County Public Schools,12,teachers are to be professional in their dress and personal grooming,teachers,worker,management,,False,active,obligation_verb,obligation,obligation,True,0.85,teacher_rights_and_conduct,True,Extracted from the operative clause of the dress code agreement.
hillsborough_county_public_schools__hillsborough_contract_teacher_2013_2016__0929c4c0,Hillsborough_Contract_Teacher_2013_2016.pdf,Hillsborough County Public Schools,12,Provisions shall be noted in a memorandum of understanding,Provisions,management,management,shall,False,passive,plain,obligation,obligation,True,1.0,other,True,
hillsborough_county_public_schools__hillsborough_contract_teacher_2013_2016__0929c4c0,Hillsborough_Contract_Teacher_2013_2016.pdf,Hillsborough County Public Schools,13,Provisions shall be noted in a memorandum of understanding.,Provisions,other,management,shall,False,passive,plain,obligation,obligation,True,1.0,other,True,
hillsborough_county_public_schools__hillsborough_contract_teacher_2013_2016__0929c4c0,Hillsborough_Contract_Teacher_2013_2016.pdf,Hillsborough County Public Schools,13,Faculties shall be afforded maximum flexibility for purposes of implementation.,Faculties,management,worker,shall,False,passive,rights_passive,right,right,True,1.0,workload,True,
hillsborough_county_public_schools__hillsborough_contract_teacher_2013_2016__0929c4c0,Hillsborough_Contract_Teacher_2013_2016.pdf,Hillsborough County Public Schools,13,All SAC waiver proposals at a site shall be approved by secret ballot vote and monitored by a CTA representative.,All SAC waiver proposals at a site,management,worker,shall,False,passive,rights_passive,right,obligation,False,1.0,teacher_rights_and_conduct,True,Compound predicate approved and monitored.
hillsborough_county_public_schools__hillsborough_contract_teacher_2013_2016__0929c4c0,Hillsborough_Contract_Teacher_2013_2016.pdf,Hillsborough County Public Schools,13,The principal or principal’s designee may request teachers to submit a copy of their lesson plans or outlines used for the teaching week at the end of the last day of that teaching week.,The principal or principal’s designee,management,management,may,False,active,plain,permission,permission,True,0.3,evaluation,True,
hillsborough_county_public_schools__hillsborough_contract_teacher_2013_2016__0929c4c0,Hillsborough_Contract_Teacher_2013_2016.pdf,Hillsborough County Public Schools,13,The principal may request the copies at the end of a particular unit.,The principal,management,management,may,False,active,plain,permission,permission,True,0.3,evaluation,True,
hillsborough_county_public_schools__hillsborough_contract_teacher_2013_2016__0929c4c0,Hillsborough_Contract_Teacher_2013_2016.pdf,Hillsborough County Public Schools,13,The teacher’s plans are to be used as a guide in order to fulfill the county’s instructional objectives and to assist the teacher in conducting a planned instructional program.,The teacher’s plans,other,worker,,False,passive,rights_passive,right,right,True,0.85,workload,True,Inanimate subject; 'are to be' lacks explicit modal.
hillsborough_county_public_schools__hillsborough_contract_teacher_2013_2016__0929c4c0,Hillsborough_Contract_Teacher_2013_2016.pdf,Hillsborough County Public Schools,13,Current lesson plans shall be available in the classroom for inspection at all times.,Current lesson plans,other,management,shall,False,active,plain,obligation,obligation,True,1.0,evaluation,True,Inanimate subject.
hillsborough_county_public_schools__hillsborough_contract_teacher_2013_2016__0929c4c0,Hillsborough_Contract_Teacher_2013_2016.pdf,Hillsborough County Public Schools,13,Teachers shall not be routinely required to submit a copy of their lesson plans or outlines to the site administrator.,Teachers,management,worker,shall,True,passive,plain,prohibition,prohibition,True,1.0,workload,True,
hillsborough_county_public_schools__hillsborough_contract_teacher_2013_2016__0929c4c0,Hillsborough_Contract_Teacher_2013_2016.pdf,Hillsborough County Public Schools,13,it shall be the teacher’s responsibility to have lesson plans at the school prior to the start of the pupil day to cover the period of absence not to exceed the balance of the week in which the absence occurred.,it,worker,management,shall,False,active,obligation_verb,obligation,obligation,True,1.0,workload,True,Formal subject 'it' refers to teacher's duty.
hillsborough_county_public_schools__hillsborough_contract_teacher_2013_2016__0929c4c0,Hillsborough_Contract_Teacher_2013_2016.pdf,Hillsborough County Public Schools,13,"the principal, as part of a professional improvement program, shall hold a conference with the teacher having difficulty.",the principal,management,worker,shall,False,active,plain,obligation,obligation,True,1.0,professional_development,True,
hillsborough_county_public_schools__hillsborough_contract_teacher_2013_2016__0929c4c0,Hillsborough_Contract_Teacher_2013_2016.pdf,Hillsborough County Public Schools,13,"The principal, as part of this professional improvement program, may require lesson plans to be turned in at the start of each week during this period by written memo stating deficiencies and suggestions for improvement.",The principal,management,management,may,False,active,plain,permission,permission,True,0.3,professional_development,True,
hillsborough_county_public_schools__hillsborough_contract_teacher_2013_2016__0929c4c0,Hillsborough_Contract_Teacher_2013_2016.pdf,Hillsborough County Public Schools,13,Unit members assigned to assist in the development of Individual Educational Plans (IEPs) shall be released from other non-classroom assignments for that purpose.,Unit members assigned to assist in the development of Individual Educational Plans (IEPs),management,worker,shall,False,passive,rights_passive,right,right,True,1.0,evaluation,True,
hillsborough_county_public_schools__hillsborough_contract_teacher_2013_2016__0929c4c0,Hillsborough_Contract_Teacher_2013_2016.pdf,Hillsborough County Public Schools,13,"Whenever possible, IEPs should be scheduled during the normal teacher workday.",IEPs,other,worker,should,False,passive,plain,obligation,obligation,True,0.7,evaluation,True,Inanimate subject; 'should' is advisory.
hillsborough_county_public_schools__hillsborough_contract_teacher_2013_2016__0929c4c0,Hillsborough_Contract_Teacher_2013_2016.pdf,Hillsborough County Public Schools,13,"Unit members whose duties would be impacted by an Individual Educational Plan shall be provided with opportunity to serve on the team responsible for developing, reviewing, and/or revising such program.",Unit members whose duties would be impacted by an Individual Educational Plan,management,worker,shall,False,passive,rights_passive,right,right,True,1.0,evaluation,True,
hillsborough_county_public_schools__hillsborough_contract_teacher_2013_2016__0929c4c0,Hillsborough_Contract_Teacher_2013_2016.pdf,Hillsborough County Public Schools,13,enrichment activities may be included at the discretion of the teacher.,enrichment activities,other,worker,may,False,passive,rights_passive,right,permission,False,0.3,workload,True,Inanimate subject; permission granted to teachers.
hillsborough_county_public_schools__hillsborough_contract_teacher_2013_2016__0929c4c0,Hillsborough_Contract_Teacher_2013_2016.pdf,Hillsborough County Public Schools,14,Teachers are encouraged to investigate and utilize successful methods of presenting curriculum in the classroom.,Teachers,worker,worker,,False,active,plain,other,other,True,0.0,professional_development,True,
hillsborough_county_public_schools__hillsborough_contract_teacher_2013_2016__0929c4c0,Hillsborough_Contract_Teacher_2013_2016.pdf,Hillsborough County Public Schools,14,Parent conferences shall be scheduled after school and at night.,Parent conferences,other,worker,shall,False,passive,plain,obligation,obligation,True,1.0,workload,True,
hillsborough_county_public_schools__hillsborough_contract_teacher_2013_2016__0929c4c0,Hillsborough_Contract_Teacher_2013_2016.pdf,Hillsborough County Public Schools,14,This time shall not exceed five hours each semester and a maximum of four (4) scheduled conference days/nights per school year,This time,other,worker,shall,True,active,plain,prohibition,prohibition,True,1.0,workload,True,
hillsborough_county_public_schools__hillsborough_contract_teacher_2013_2016__0929c4c0,Hillsborough_Contract_Teacher_2013_2016.pdf,Hillsborough County Public Schools,14,shall be in lieu of work time on the scheduled parent conference day.,[implied: This time],other,worker,shall,False,active,plain,obligation,obligation,True,1.0,workload,True,
hillsborough_county_public_schools__hillsborough_contract_teacher_2013_2016__0929c4c0,Hillsborough_Contract_Teacher_2013_2016.pdf,Hillsborough County Public Schools,14,The school parent conference day will be a paid day if parent conferences are held as scheduled in this item.,The school parent conference day,other,worker,will,False,active,plain,obligation,obligation,True,0.9,compensation,True,
hillsborough_county_public_schools__hillsborough_contract_teacher_2013_2016__0929c4c0,Hillsborough_Contract_Teacher_2013_2016.pdf,Hillsborough County Public Schools,14,the teacher shall inform the administrator,the teacher,worker,management,shall,False,active,plain,obligation,obligation,True,1.0,teacher_rights_and_conduct,True,
hillsborough_county_public_schools__hillsborough_contract_teacher_2013_2016__0929c4c0,Hillsborough_Contract_Teacher_2013_2016.pdf,Hillsborough County Public Schools,14,notify the parents of his/her students.,[implied: the teacher],worker,management,shall,False,active,plain,obligation,obligation,True,1.0,teacher_rights_and_conduct,True,
hillsborough_county_public_schools__hillsborough_contract_teacher_2013_2016__0929c4c0,Hillsborough_Contract_Teacher_2013_2016.pdf,Hillsborough County Public Schools,14,The teacher and the administrator will attempt to identify an alternative time for the scheduling of these conferences which is mutually agreeable to both parties.,The teacher and the administrator,other,worker,will,False,active,plain,obligation,obligation,True,0.9,teacher_rights_and_conduct,True,
hillsborough_county_public_schools__hillsborough_contract_teacher_2013_2016__0929c4c0,Hillsborough_Contract_Teacher_2013_2016.pdf,Hillsborough County Public Schools,14,the teacher shall report to work on the day that is designated as parent conference day on the Work Schedule.,the teacher,worker,management,shall,False,active,plain,obligation,obligation,True,1.0,teacher_rights_and_conduct,True,
hillsborough_county_public_schools__hillsborough_contract_teacher_2013_2016__0929c4c0,Hillsborough_Contract_Teacher_2013_2016.pdf,Hillsborough County Public Schools,14,Schools shall not schedule conference nights or open house on the second Thursday of any month except in a case of emergency.,Schools,management,worker,shall,True,active,plain,prohibition,prohibition,True,1.0,workload,True,
hillsborough_county_public_schools__hillsborough_contract_teacher_2013_2016__0929c4c0,Hillsborough_Contract_Teacher_2013_2016.pdf,Hillsborough County Public Schools,14,"The principal or principal’s designee may assign duties necessary for the safety of students, within or beyond the workday.",The principal or principal’s designee,management,management,may,False,active,plain,permission,permission,True,0.3,safety_and_working_conditions,True,
hillsborough_county_public_schools__hillsborough_contract_teacher_2013_2016__0929c4c0,Hillsborough_Contract_Teacher_2013_2016.pdf,Hillsborough County Public Schools,14,These duties shall be distributed equitably and posted.,These duties,other,worker,shall,False,passive,plain,obligation,obligation,True,1.0,safety_and_working_conditions,True,
hillsborough_county_public_schools__hillsborough_contract_teacher_2013_2016__0929c4c0,Hillsborough_Contract_Teacher_2013_2016.pdf,Hillsborough County Public Schools,14,Elementary ESE teachers in self-contained classrooms shall not be assigned duties of the type referenced in this section for students other than those in their own classroom.,Elementary ESE teachers in self-contained classrooms,management,worker,shall,True,passive,plain,prohibition,prohibition,True,1.0,safety_and_working_conditions,True,
hillsborough_county_public_schools__hillsborough_contract_teacher_2013_2016__0929c4c0,Hillsborough_Contract_Teacher_2013_2016.pdf,Hillsborough County Public Schools,14,"Speech/Language pathologists, psychologists and other ESE staff who handle a high volume of paperwork and reporting (IEPs, billing for Medicaid/insurance, etc.) shall not be assigned duties of the type referenced in this section.","Speech/Language pathologists, psychologists and other ESE staff who handle a high volume of paperwork and reporting (IEPs, billing for Medicaid/insurance, etc.)",management,worker,shall,True,passive,plain,prohibition,prohibition,True,1.0,safety_and_working_conditions,True,
hillsborough_county_public_schools__hillsborough_contract_teacher_2013_2016__0929c4c0,Hillsborough_Contract_Teacher_2013_2016.pdf,Hillsborough County Public Schools,14,The supervision of students allowed to remain on campus prior to the start of the teacher workday and after the end of the teacher workday student day shall be the responsibility of the administration.,The supervision of students allowed to remain on campus prior to the start of the teacher workday and after the end of the teacher workday student day,other,worker,shall,False,active,plain,obligation,obligation,True,1.0,safety_and_working_conditions,True,
hillsborough_county_public_schools__hillsborough_contract_teacher_2013_2016__0929c4c0,Hillsborough_Contract_Teacher_2013_2016.pdf,Hillsborough County Public Schools,14,Direction of vehicular traffic shall be voluntary.,Direction of vehicular traffic,other,worker,shall,False,active,plain,obligation,right,False,1.0,safety_and_working_conditions,True,
hillsborough_county_public_schools__hillsborough_contract_teacher_2013_2016__0929c4c0,Hillsborough_Contract_Teacher_2013_2016.pdf,Hillsborough County Public Schools,14,Every effort will be made to secure a substitute teacher for one who is absent.,Every effort,other,worker,will,False,passive,plain,obligation,obligation,True,0.9,other,True,
hillsborough_county_public_schools__hillsborough_contract_teacher_2013_2016__0929c4c0,Hillsborough_Contract_Teacher_2013_2016.pdf,Hillsborough County Public Schools,15,resource teachers may be assigned to cover for the absent teacher,resource teachers,management,management,may,False,passive,plain,permission,permission,True,0.3,other,True,
hillsborough_county_public_schools__hillsborough_contract_teacher_2013_2016__0929c4c0,Hillsborough_Contract_Teacher_2013_2016.pdf,Hillsborough County Public Schools,15,other non-classroom instructional personnel may be assigned to cover for the absent teacher,other non-classroom instructional personnel,management,management,may,False,passive,plain,permission,permission,True,0.3,other,True,
hillsborough_county_public_schools__hillsborough_contract_teacher_2013_2016__0929c4c0,Hillsborough_Contract_Teacher_2013_2016.pdf,Hillsborough County Public Schools,15,a content appropriate teacher may be assigned to absorb students into his/her classroom to cover for the absent teacher.,a content appropriate teacher,management,management,may,False,passive,plain,permission,permission,True,0.3,other,True,
hillsborough_county_public_schools__hillsborough_contract_teacher_2013_2016__0929c4c0,Hillsborough_Contract_Teacher_2013_2016.pdf,Hillsborough County Public Schools,15,A rotation schedule of all teachers on the faculty will be developed and distributed to implement this plan.,A rotation schedule of all teachers on the faculty,management,worker,will,False,passive,plain,obligation,obligation,True,0.9,safety_and_working_conditions,True,
hillsborough_county_public_schools__hillsborough_contract_teacher_2013_2016__0929c4c0,Hillsborough_Contract_Teacher_2013_2016.pdf,Hillsborough County Public Schools,15,no resource or non-classroom personnel shall be assigned to substitute more than once a week.,no resource or non-classroom personnel,management,worker,shall,True,passive,plain,prohibition,prohibition,True,1.0,workload,True,
hillsborough_county_public_schools__hillsborough_contract_teacher_2013_2016__0929c4c0,Hillsborough_Contract_Teacher_2013_2016.pdf,Hillsborough County Public Schools,15,"Resource and non-classroom personnel assigned to substitute shall earn 2 hours compensatory time for each day assigned, up to 8 hours per month.",Resource and non-classroom personnel assigned to substitute,worker,worker,shall,False,active,rights_active,right,right,True,1.0,compensation,True,
hillsborough_county_public_schools__hillsborough_contract_teacher_2013_2016__0929c4c0,Hillsborough_Contract_Teacher_2013_2016.pdf,Hillsborough County Public Schools,15,Elementary and Secondary teachers who absorb students from an absent teacher’s class will be granted compensatory time.,Elementary and Secondary teachers who absorb students from an absent teacher’s class,management,,will,False,passive,rights_passive,right,,False,0.9,,True,
hillsborough_county_public_schools__hillsborough_contract_teacher_2013_2016__0929c4c0,Hillsborough_Contract_Teacher_2013_2016.pdf,Hillsborough County Public Schools,15,FUSE and co-teachers will be granted compensatory time when their partner is absent.,FUSE and co-teachers,management,,will,False,passive,rights_passive,right,,False,0.9,,True,
hillsborough_county_public_schools__hillsborough_contract_teacher_2013_2016__0929c4c0,Hillsborough_Contract_Teacher_2013_2016.pdf,Hillsborough County Public Schools,15,Elementary teachers who absorb students from an absent teacher’s class will receive compensatory time for time - up to three hours.,Elementary teachers who absorb students from an absent teacher’s class,management,,will,False,active,rights_active,right,,False,0.9,,True,
hillsborough_county_public_schools__hillsborough_contract_teacher_2013_2016__0929c4c0,Hillsborough_Contract_Teacher_2013_2016.pdf,Hillsborough County Public Schools,15,Secondary teachers who absorb students for one period are granted one hour of compensatory time.,Secondary teachers who absorb students for one period,management,,,False,passive,rights_passive,right,,False,0.85,,True,
hillsborough_county_public_schools__hillsborough_contract_teacher_2013_2016__0929c4c0,Hillsborough_Contract_Teacher_2013_2016.pdf,Hillsborough County Public Schools,15,Secondary teachers who absorb students for more than one period will receive compensatory time for time - up to three hours.,Secondary teachers who absorb students for more than one period,management,,will,False,active,rights_active,right,,False,0.9,,True,
hillsborough_county_public_schools__hillsborough_contract_teacher_2013_2016__0929c4c0,Hillsborough_Contract_Teacher_2013_2016.pdf,Hillsborough County Public Schools,15,Compensatory time shall be taken as described in 3.5.1 with the exception that time may be used on faculty meeting day if no pre-notified faculty meeting is scheduled.,Compensatory time,worker,,shall,False,passive,plain,obligation,,False,1.0,,True,
hillsborough_county_public_schools__hillsborough_contract_teacher_2013_2016__0929c4c0,Hillsborough_Contract_Teacher_2013_2016.pdf,Hillsborough County Public Schools,15,the teacher may choose to be compensated either by compensatory time or a rate of pay to be negotiated.,the teacher,worker,,may,False,active,plain,permission,,False,0.3,,True,
hillsborough_county_public_schools__hillsborough_contract_teacher_2013_2016__0929c4c0,Hillsborough_Contract_Teacher_2013_2016.pdf,Hillsborough County Public Schools,15,The rate of pay shall be no less than the highest hourly rate for a substitute teacher.,The rate of pay,management,,shall,False,active,plain,obligation,,False,1.0,,True,"affirmative floor, not negation"
hillsborough_county_public_schools__hillsborough_contract_teacher_2013_2016__0929c4c0,Hillsborough_Contract_Teacher_2013_2016.pdf,Hillsborough County Public Schools,15,These involuntary assignments shall be made on a rotating basis to include all instructional personnel,These involuntary assignments,management,,shall,False,passive,plain,obligation,,False,1.0,,True,
hillsborough_county_public_schools__hillsborough_contract_teacher_2013_2016__0929c4c0,Hillsborough_Contract_Teacher_2013_2016.pdf,Hillsborough County Public Schools,15,should be posted and distributed to all impacted employees.,They,management,,should,False,passive,plain,obligation,,False,0.7,,True,
hillsborough_county_public_schools__hillsborough_contract_teacher_2013_2016__0929c4c0,Hillsborough_Contract_Teacher_2013_2016.pdf,Hillsborough County Public Schools,15,Schools may elect to rotate within departments except in those departments with fewer than 10 members.,Schools,management,,may,False,active,plain,permission,,False,0.3,,True,
hillsborough_county_public_schools__hillsborough_contract_teacher_2013_2016__0929c4c0,Hillsborough_Contract_Teacher_2013_2016.pdf,Hillsborough County Public Schools,15,Small departments shall be joined together for purposes of involuntary substitute assignments.,Small departments,management,,shall,False,passive,plain,obligation,,False,1.0,,True,
hillsborough_county_public_schools__hillsborough_contract_teacher_2013_2016__0929c4c0,Hillsborough_Contract_Teacher_2013_2016.pdf,Hillsborough County Public Schools,15,elementary teachers losing planning time within the day shall be compensated for the amount of planning time lost.,elementary teachers losing planning time within the day,management,,shall,False,passive,rights_passive,right,,False,1.0,,True,
hillsborough_county_public_schools__hillsborough_contract_teacher_2013_2016__0929c4c0,Hillsborough_Contract_Teacher_2013_2016.pdf,Hillsborough County Public Schools,15,Administrators shall grant compensatory time for duties,Administrators,management,,shall,False,active,rights_active,right,,False,1.0,,True,truncated at end
hillsborough_county_public_schools__hillsborough_contract_teacher_2013_2016__0929c4c0,Hillsborough_Contract_Teacher_2013_2016.pdf,Hillsborough County Public Schools,16,Administrators shall grant compensatory time for duties assigned beyond the normal work day,Administrators,management,,shall,False,active,plain,obligation,,False,1.0,,True,
hillsborough_county_public_schools__hillsborough_contract_teacher_2013_2016__0929c4c0,Hillsborough_Contract_Teacher_2013_2016.pdf,Hillsborough County Public Schools,16,the compensatory time need not be used immediately.,the compensatory time,other,,need,True,passive,permission_verb,prohibition,,False,0.7,,True,inanimate subject
hillsborough_county_public_schools__hillsborough_contract_teacher_2013_2016__0929c4c0,Hillsborough_Contract_Teacher_2013_2016.pdf,Hillsborough County Public Schools,16,Teachers shall notify the site office in advance of utilization of said compensatory time.,Teachers,worker,,shall,False,active,plain,obligation,,False,1.0,,True,
hillsborough_county_public_schools__hillsborough_contract_teacher_2013_2016__0929c4c0,Hillsborough_Contract_Teacher_2013_2016.pdf,Hillsborough County Public Schools,16,"However, such compensatory time shall not encroach upon instructional time.",such compensatory time,other,,shall,True,active,plain,prohibition,,False,1.0,,True,inanimate subject
hillsborough_county_public_schools__hillsborough_contract_teacher_2013_2016__0929c4c0,Hillsborough_Contract_Teacher_2013_2016.pdf,Hillsborough County Public Schools,16,"When the request for utilization interferes or conflicts with a planned activity, the administrator shall have the right of approval.",the administrator,management,,shall,False,active,rights_active,right,,False,1.0,,True,
hillsborough_county_public_schools__hillsborough_contract_teacher_2013_2016__0929c4c0,Hillsborough_Contract_Teacher_2013_2016.pdf,Hillsborough County Public Schools,16,The principal at each site shall be responsible for maintaining an accounting of accumulated compensatory time.,The principal at each site,management,,shall,False,active,obligation_verb,obligation,,False,1.0,,True,
hillsborough_county_public_schools__hillsborough_contract_teacher_2013_2016__0929c4c0,Hillsborough_Contract_Teacher_2013_2016.pdf,Hillsborough County Public Schools,16,A teacher shall be provided with an accounting of their accumulated compensatory time upon request.,A teacher,management,,shall,False,passive,rights_passive,right,,False,1.0,,True,
hillsborough_county_public_schools__hillsborough_contract_teacher_2013_2016__0929c4c0,Hillsborough_Contract_Teacher_2013_2016.pdf,Hillsborough County Public Schools,16,"Contractually approved compensatory time shall be granted for duties for student safety beyond the workday as described in section 3.5.1, and class coverage as described in section 3.4, and for voluntary participation in a school’s open house as described in section 3.6.",Contractually approved compensatory time,management,,shall,False,passive,rights_passive,right,,False,1.0,,True,
hillsborough_county_public_schools__hillsborough_contract_teacher_2013_2016__0929c4c0,Hillsborough_Contract_Teacher_2013_2016.pdf,Hillsborough County Public Schools,16,compensatory time shall be granted.,compensatory time,management,,shall,False,passive,rights_passive,right,,False,1.0,,True,
hillsborough_county_public_schools__hillsborough_contract_teacher_2013_2016__0929c4c0,Hillsborough_Contract_Teacher_2013_2016.pdf,Hillsborough County Public Schools,16,Accumulated compensatory time shall carry over from year to year at the school where earned.,Accumulated compensatory time,other,,shall,False,active,plain,obligation,,False,1.0,,True,inanimate subject
hillsborough_county_public_schools__hillsborough_contract_teacher_2013_2016__0929c4c0,Hillsborough_Contract_Teacher_2013_2016.pdf,Hillsborough County Public Schools,16,Contractually approved compensatory time shall transfer with the individual to any position covered under the teacher contract at any work site.,Contractually approved compensatory time,other,,shall,False,active,plain,obligation,,False,1.0,,True,inanimate subject
hillsborough_county_public_schools__hillsborough_contract_teacher_2013_2016__0929c4c0,Hillsborough_Contract_Teacher_2013_2016.pdf,Hillsborough County Public Schools,16,"Prior to departing at the end of the school year, the principal will provide each teacher with an accounting of their accumulated compensatory time.",the principal,management,,will,False,active,plain,obligation,,False,0.9,,True,
hillsborough_county_public_schools__hillsborough_contract_teacher_2013_2016__0929c4c0,Hillsborough_Contract_Teacher_2013_2016.pdf,Hillsborough County Public Schools,16,"Activities beyond the workday such as club sponsorships, private parent organization meetings, dances, and athletic events shall be voluntary on the part of the teacher.","Activities beyond the workday such as club sponsorships, private parent organization meetings, dances, and athletic events",other,,shall,False,active,plain,obligation,,False,1.0,,True,inanimate subject
hillsborough_county_public_schools__hillsborough_contract_teacher_2013_2016__0929c4c0,Hillsborough_Contract_Teacher_2013_2016.pdf,Hillsborough County Public Schools,16,"Therefore, teachers who attend open house will be granted two hours of compensatory time.",teachers who attend open house,management,,will,False,passive,rights_passive,right,,False,0.9,,True,
hillsborough_county_public_schools__hillsborough_contract_teacher_2013_2016__0929c4c0,Hillsborough_Contract_Teacher_2013_2016.pdf,Hillsborough County Public Schools,16,Participation on school-based committees shall be voluntary.,Participation on school-based committees,other,,shall,False,active,plain,obligation,,False,1.0,,True,inanimate subject
hillsborough_county_public_schools__hillsborough_contract_teacher_2013_2016__0929c4c0,Hillsborough_Contract_Teacher_2013_2016.pdf,Hillsborough County Public Schools,16,Committee meetings should occur on regularly assigned meeting dates when possible.,Committee meetings,other,,should,False,active,plain,obligation,,False,0.7,,True,inanimate subject
hillsborough_county_public_schools__hillsborough_contract_teacher_2013_2016__0929c4c0,Hillsborough_Contract_Teacher_2013_2016.pdf,Hillsborough County Public Schools,16,Faculty meetings and inservice education programs shall be no longer than a total of twenty-five (25) minutes per week,Faculty meetings and inservice education programs,other,worker,shall,False,active,plain,obligation,prohibition,False,1.0,workload,True,inanimate subject
hillsborough_county_public_schools__hillsborough_contract_teacher_2013_2016__0929c4c0,Hillsborough_Contract_Teacher_2013_2016.pdf,Hillsborough County Public Schools,17,"Faculty meetings and inservice education programs shall be no longer than a total of twenty-five (25) minutes per week beyond the normal workday, except for school accreditation.",Faculty meetings and inservice education programs,other,worker,shall,False,active,plain,obligation,prohibition,False,1.0,workload,True,
hillsborough_county_public_schools__hillsborough_contract_teacher_2013_2016__0929c4c0,Hillsborough_Contract_Teacher_2013_2016.pdf,Hillsborough County Public Schools,17,No more than one faculty meeting per week shall occur on time beyond the normal workday.,No more than one faculty meeting per week,other,worker,shall,False,active,plain,obligation,prohibition,False,1.0,workload,True,
hillsborough_county_public_schools__hillsborough_contract_teacher_2013_2016__0929c4c0,Hillsborough_Contract_Teacher_2013_2016.pdf,Hillsborough County Public Schools,17,Meetings called in accordance with this portion of the contract shall NOT include solicitations for money.,Meetings called in accordance with this portion of the contract,other,worker,shall,True,active,plain,prohibition,prohibition,True,1.0,teacher_rights_and_conduct,True,
hillsborough_county_public_schools__hillsborough_contract_teacher_2013_2016__0929c4c0,Hillsborough_Contract_Teacher_2013_2016.pdf,Hillsborough County Public Schools,17,"Attendance at meetings called to include a solicitation for funds, shall be voluntary.",Attendance at meetings called to include a solicitation for funds,worker,worker,shall,False,active,plain,obligation,prohibition,False,1.0,teacher_rights_and_conduct,True,
hillsborough_county_public_schools__hillsborough_contract_teacher_2013_2016__0929c4c0,Hillsborough_Contract_Teacher_2013_2016.pdf,Hillsborough County Public Schools,17,"Except for Tuesdays, all elementary teachers shall have a scheduled block of at least thirty five (35) minutes planning period per day before or after the student day in addition to the guaranteed planning time afforded all teachers by moving to an eight hour work day.",all elementary teachers,worker,worker,shall,False,active,plain,obligation,right,False,1.0,workload,True,
hillsborough_county_public_schools__hillsborough_contract_teacher_2013_2016__0929c4c0,Hillsborough_Contract_Teacher_2013_2016.pdf,Hillsborough County Public Schools,17,"Tuesdays may shall be used for necessary school related meetings including, but not limited to, principal called faculty, building committee, and grade level meetings.",Tuesdays,other,management,shall,False,passive,plain,obligation,obligation,True,1.0,workload,True,contract typo 'may shall'
hillsborough_county_public_schools__hillsborough_contract_teacher_2013_2016__0929c4c0,Hillsborough_Contract_Teacher_2013_2016.pdf,Hillsborough County Public Schools,17,This day may be extended by 25 minutes beyond the work day,This day,other,management,may,False,passive,plain,permission,permission,True,0.3,workload,True,
hillsborough_county_public_schools__hillsborough_contract_teacher_2013_2016__0929c4c0,Hillsborough_Contract_Teacher_2013_2016.pdf,Hillsborough County Public Schools,17,is set aside specifically for all necessary meetings to help insure guaranteed personal planning time for teachers on the remaining days of the work week.,This day,management,worker,,False,passive,plain,other,other,True,0.0,workload,True,independent clause split by 'and'
hillsborough_county_public_schools__hillsborough_contract_teacher_2013_2016__0929c4c0,Hillsborough_Contract_Teacher_2013_2016.pdf,Hillsborough County Public Schools,17,This language is not intended to prohibit teachers from collaborating with colleagues on an informal basis.,This language,other,worker,,False,active,plain,other,other,True,0.0,teacher_rights_and_conduct,True,"intent clarification, not operative restriction"
hillsborough_county_public_schools__hillsborough_contract_teacher_2013_2016__0929c4c0,Hillsborough_Contract_Teacher_2013_2016.pdf,Hillsborough County Public Schools,17,"On election days in Hillsborough County, as determined by the Hillsborough County Supervisor of Elections, no faculty or other school related meetings shall be held beyond the normal workday.",no faculty or other school related meetings,management,worker,shall,True,passive,plain,prohibition,prohibition,True,1.0,workload,True,
hillsborough_county_public_schools__hillsborough_contract_teacher_2013_2016__0929c4c0,Hillsborough_Contract_Teacher_2013_2016.pdf,Hillsborough County Public Schools,17,Teachers shall be provided with a minimum of one workday advance notice for all after school meetings provided for in Section 3.7.1. and 3.7.3.,Teachers,management,worker,shall,False,passive,rights_passive,right,right,True,1.0,workload,True,
hillsborough_county_public_schools__hillsborough_contract_teacher_2013_2016__0929c4c0,Hillsborough_Contract_Teacher_2013_2016.pdf,Hillsborough County Public Schools,17,A teacher shall be exempt from inservice participation if he/she is able to show proof of recent satisfactory training in the area the inservice is to cover.,A teacher,worker,worker,shall,False,active,plain,obligation,right,False,1.0,professional_development,True,
hillsborough_county_public_schools__hillsborough_contract_teacher_2013_2016__0929c4c0,Hillsborough_Contract_Teacher_2013_2016.pdf,Hillsborough County Public Schools,17,the principal or designee may recommend that the teacher participate in an inservice program not conducted for the general faculty.,the principal or designee,management,management,may,False,active,plain,permission,permission,True,0.3,professional_development,True,
hillsborough_county_public_schools__hillsborough_contract_teacher_2013_2016__0929c4c0,Hillsborough_Contract_Teacher_2013_2016.pdf,Hillsborough County Public Schools,17,Afternoon faculty and inservice meetings shall begin within ten (10) minutes after student dismissal.,Afternoon faculty and inservice meetings,other,worker,shall,False,active,plain,obligation,obligation,True,1.0,workload,True,
hillsborough_county_public_schools__hillsborough_contract_teacher_2013_2016__0929c4c0,Hillsborough_Contract_Teacher_2013_2016.pdf,Hillsborough County Public Schools,17,Half-day teachers and teachers whose normal workday ends before the majority of the faculty shall not be routinely required to stay or return after their regular workday for faculty meetings,Half-day teachers and teachers whose normal workday ends before the majority of the faculty,worker,worker,shall,True,passive,plain,prohibition,prohibition,True,1.0,workload,True,
hillsborough_county_public_schools__hillsborough_contract_teacher_2013_2016__0929c4c0,Hillsborough_Contract_Teacher_2013_2016.pdf,Hillsborough County Public Schools,18,Half-day teachers and teachers whose normal workday ends before the majority of the faculty shall not be routinely required to stay or return after their regular workday for faculty meetings.,Half-day teachers and teachers whose normal workday ends before the majority of the faculty,management,worker,shall,True,passive,obligation_verb,right,prohibition,False,1.0,workload,True,
hillsborough_county_public_schools__hillsborough_contract_teacher_2013_2016__0929c4c0,Hillsborough_Contract_Teacher_2013_2016.pdf,Hillsborough County Public Schools,18,Teachers shall not be required to attend meetings away from the school center during pre- and post-planning with the exception of the designated Professional Study/Training Days which occur during pre-planning.,Teachers,management,worker,shall,True,passive,obligation_verb,right,prohibition,False,1.0,workload,True,
hillsborough_county_public_schools__hillsborough_contract_teacher_2013_2016__0929c4c0,Hillsborough_Contract_Teacher_2013_2016.pdf,Hillsborough County Public Schools,18,These days are specifically set aside to enable teachers to work on classroom duties and functions.,These days,other,worker,,False,active,plain,other,other,True,0.0,workload,True,
hillsborough_county_public_schools__hillsborough_contract_teacher_2013_2016__0929c4c0,Hillsborough_Contract_Teacher_2013_2016.pdf,Hillsborough County Public Schools,18,Teachers shall be guaranteed time equivalent to 3 work days (21 hours excluding lunch) during pre-planning to work in their rooms or other areas as needed to prepare for the instructional year.,Teachers,management,worker,shall,False,passive,rights_passive,right,right,True,1.0,workload,True,
hillsborough_county_public_schools__hillsborough_contract_teacher_2013_2016__0929c4c0,Hillsborough_Contract_Teacher_2013_2016.pdf,Hillsborough County Public Schools,18,Teachers shall be notified two days in advance of any tentatively scheduled in-school meetings.,Teachers,management,worker,shall,False,passive,rights_passive,right,right,True,1.0,workload,True,
hillsborough_county_public_schools__hillsborough_contract_teacher_2013_2016__0929c4c0,Hillsborough_Contract_Teacher_2013_2016.pdf,Hillsborough County Public Schools,18,Such meetings shall be kept to a minimum.,Such meetings,other,worker,shall,False,passive,plain,obligation,obligation,True,1.0,workload,True,
hillsborough_county_public_schools__hillsborough_contract_teacher_2013_2016__0929c4c0,Hillsborough_Contract_Teacher_2013_2016.pdf,Hillsborough County Public Schools,18,There shall be a written evaluation of all workshops and/or inservice programs at the end of such programs by teachers attending.,There,worker,management,shall,False,active,plain,obligation,obligation,True,1.0,professional_development,True,Dummy subject 'There'; explicit agent named as 'teachers attending'.
hillsborough_county_public_schools__hillsborough_contract_teacher_2013_2016__0929c4c0,Hillsborough_Contract_Teacher_2013_2016.pdf,Hillsborough County Public Schools,18,A summary of such evaluation shall be forwarded to the appropriate General Director and available to the Association.,A summary of such evaluation,other,worker,shall,False,passive,plain,obligation,obligation,True,1.0,professional_development,True,
hillsborough_county_public_schools__hillsborough_contract_teacher_2013_2016__0929c4c0,Hillsborough_Contract_Teacher_2013_2016.pdf,Hillsborough County Public Schools,18,Teachers shall have the right to exercise their professional option in the utilization of Board approved materials available within their respective disciplines to supplement state and county adopted texts and programs.,Teachers,worker,worker,shall,False,active,plain,obligation,right,False,1.0,other,True,
hillsborough_county_public_schools__hillsborough_contract_teacher_2013_2016__0929c4c0,Hillsborough_Contract_Teacher_2013_2016.pdf,Hillsborough County Public Schools,18,Teachers are to adhere to curriculum guidelines and the county copyright policy in utilizing all support AV materials.,Teachers,worker,management,,False,active,obligation_verb,obligation,obligation,True,0.85,other,True,
hillsborough_county_public_schools__hillsborough_contract_teacher_2013_2016__0929c4c0,Hillsborough_Contract_Teacher_2013_2016.pdf,Hillsborough County Public Schools,18,The regular teacher at the elementary level will not be required to remain with the students during the instructional time provided by the special service teacher.,The regular teacher at the elementary level,worker,worker,will,True,passive,obligation_verb,right,prohibition,False,0.9,workload,True,
hillsborough_county_public_schools__hillsborough_contract_teacher_2013_2016__0929c4c0,Hillsborough_Contract_Teacher_2013_2016.pdf,Hillsborough County Public Schools,18,Elementary classroom teachers may teach physical education outside the classroom on a voluntary basis.,Elementary classroom teachers,worker,worker,may,False,active,plain,permission,permission,True,0.3,other,True,
hillsborough_county_public_schools__hillsborough_contract_teacher_2013_2016__0929c4c0,Hillsborough_Contract_Teacher_2013_2016.pdf,Hillsborough County Public Schools,18,Teachers will have the specific responsibility to direct and evaluate the learning experience of students according to county prescribed courses of study.,Teachers,worker,management,will,False,active,obligation_verb,obligation,obligation,True,0.9,evaluation,True,
hillsborough_county_public_schools__hillsborough_contract_teacher_2013_2016__0929c4c0,Hillsborough_Contract_Teacher_2013_2016.pdf,Hillsborough County Public Schools,18,Teachers shall not be required to administer make-up work for credit for students who have unexcused absences.,Teachers,management,worker,shall,True,passive,obligation_verb,right,prohibition,False,1.0,other,True,
hillsborough_county_public_schools__hillsborough_contract_teacher_2013_2016__0929c4c0,Hillsborough_Contract_Teacher_2013_2016.pdf,Hillsborough County Public Schools,18,"When individual problems occur between administrators and teachers, discussions relating to these problems shall be dealt with in private.",discussions relating to these problems,other,worker,shall,False,passive,plain,obligation,obligation,True,1.0,teacher_rights_and_conduct,True,
hillsborough_county_public_schools__hillsborough_contract_teacher_2013_2016__0929c4c0,Hillsborough_Contract_Teacher_2013_2016.pdf,Hillsborough County Public Schools,18,Teachers shall not be publicly reprimanded.,Teachers,management,worker,shall,True,passive,plain,prohibition,prohibition,True,1.0,teacher_rights_and_conduct,True,
hillsborough_county_public_schools__hillsborough_contract_teacher_2013_2016__0929c4c0,Hillsborough_Contract_Teacher_2013_2016.pdf,Hillsborough County Public Schools,18,"Teachers shall be accountable, but not financially responsible for school property lost, stolen o",Teachers,worker,worker,shall,False,active,plain,obligation,obligation,True,1.0,safety_and_working_conditions,True,Clause truncated at the end of the chunk.
hillsborough_county_public_schools__hillsborough_contract_teacher_2013_2016__0929c4c0,Hillsborough_Contract_Teacher_2013_2016.pdf,Hillsborough County Public Schools,19,"Teachers shall be accountable for school property lost, stolen or damaged on school premises when school policy and procedures have been followed.",Teachers,worker,management,shall,False,active,plain,obligation,obligation,True,1.0,safety_and_working_conditions,True,Extracted as independent clause; shares trailing prepositional phrase with second part of compound predicate.
hillsborough_county_public_schools__hillsborough_contract_teacher_2013_2016__0929c4c0,Hillsborough_Contract_Teacher_2013_2016.pdf,Hillsborough County Public Schools,19,"Teachers shall not be financially responsible for school property lost, stolen or damaged on school premises when school policy and procedures have been followed.",Teachers,worker,worker,shall,True,active,plain,prohibition,right,False,1.0,safety_and_working_conditions,True,Extracted as independent clause joined by 'but'.
hillsborough_county_public_schools__hillsborough_contract_teacher_2013_2016__0929c4c0,Hillsborough_Contract_Teacher_2013_2016.pdf,Hillsborough County Public Schools,19,Teachers shall be required to issue grades to students who enter after the start of a grading period according to the following procedures:,Teachers,worker,management,shall,False,active,obligation_verb,obligation,obligation,True,1.0,workload,True,
hillsborough_county_public_schools__hillsborough_contract_teacher_2013_2016__0929c4c0,Hillsborough_Contract_Teacher_2013_2016.pdf,Hillsborough County Public Schools,19,A student entering a school with transfer grades shall have the transfer grades averaged with work completed in the class to arrive at a report card grade.,A student entering a school with transfer grades,other,management,shall,False,active,plain,obligation,obligation,True,1.0,workload,True,
hillsborough_county_public_schools__hillsborough_contract_teacher_2013_2016__0929c4c0,Hillsborough_Contract_Teacher_2013_2016.pdf,Hillsborough County Public Schools,19,A student arriving at a school without transfer grades shall have the grading procedures specified at the entry interview.,A student arriving at a school without transfer grades,other,management,shall,False,active,plain,obligation,obligation,True,1.0,workload,True,
hillsborough_county_public_schools__hillsborough_contract_teacher_2013_2016__0929c4c0,Hillsborough_Contract_Teacher_2013_2016.pdf,Hillsborough County Public Schools,19,These procedures shall be forwarded in writing to the receiving teachers with the student’s schedule.,These procedures,management,worker,shall,False,passive,plain,obligation,obligation,True,1.0,workload,True,
hillsborough_county_public_schools__hillsborough_contract_teacher_2013_2016__0929c4c0,Hillsborough_Contract_Teacher_2013_2016.pdf,Hillsborough County Public Schools,19,Elementary teachers shall not be required to review or check student cumulative folders of students for which the teacher will have no instructional responsibility.,Elementary teachers,worker,worker,shall,True,active,obligation_verb,right,right,True,1.0,workload,True,
hillsborough_county_public_schools__hillsborough_contract_teacher_2013_2016__0929c4c0,Hillsborough_Contract_Teacher_2013_2016.pdf,Hillsborough County Public Schools,19,Teachers shall be given all automated grading materials prior to the morning of the day the grading period ends.,Teachers,management,worker,shall,False,passive,rights_passive,right,obligation,False,1.0,workload,True,
hillsborough_county_public_schools__hillsborough_contract_teacher_2013_2016__0929c4c0,Hillsborough_Contract_Teacher_2013_2016.pdf,Hillsborough County Public Schools,19,Teachers shall be given at least four (4) full workdays to complete the automated grading materials after the day the grading period ends.,Teachers,management,worker,shall,False,passive,rights_passive,right,obligation,False,1.0,workload,True,
hillsborough_county_public_schools__hillsborough_contract_teacher_2013_2016__0929c4c0,Hillsborough_Contract_Teacher_2013_2016.pdf,Hillsborough County Public Schools,19,"Grades, report cards and/or data processing materials shall be submitted to their school office on the morning of the fifth workday, except when that day coincides with the fall Professional Study Day,","Grades, report cards and/or data processing materials",worker,management,shall,False,passive,plain,obligation,obligation,True,1.0,workload,True,Extracted as independent clause joined by 'and then'.
hillsborough_county_public_schools__hillsborough_contract_teacher_2013_2016__0929c4c0,Hillsborough_Contract_Teacher_2013_2016.pdf,Hillsborough County Public Schools,19,"Grades, report cards and/or data processing materials for the final grading period shall be submitted by noon on the last workday for teachers.","Grades, report cards and/or data processing materials for the final grading period",worker,management,shall,False,passive,plain,obligation,obligation,True,1.0,workload,True,
hillsborough_county_public_schools__hillsborough_contract_teacher_2013_2016__0929c4c0,Hillsborough_Contract_Teacher_2013_2016.pdf,Hillsborough County Public Schools,19,Teachers may be required to provide parents with interim grades (progress reports) or scholarship warnings according to specific SAC waivers or county procedures.,Teachers,worker,management,may,False,active,obligation_verb,obligation,obligation,True,0.3,workload,True,
hillsborough_county_public_schools__hillsborough_contract_teacher_2013_2016__0929c4c0,Hillsborough_Contract_Teacher_2013_2016.pdf,Hillsborough County Public Schools,19,Schedule changes for students shall not be routinely approved.,Schedule changes for students,management,management,shall,True,passive,prohibition_verb,permission,prohibition,False,1.0,teacher_rights_and_conduct,True,
hillsborough_county_public_schools__hillsborough_contract_teacher_2013_2016__0929c4c0,Hillsborough_Contract_Teacher_2013_2016.pdf,Hillsborough County Public Schools,19,"All recommended schedule changes requested by a parent or student for reasons other than normal class adjustment shall be reviewed by the affected teacher(s), counselor(s), and administrator to determine the validity of such proposed changes.",All recommended schedule changes requested by a parent or student for reasons other than normal class adjustment,worker,management,shall,False,passive,plain,obligation,obligation,True,1.0,teacher_rights_and_conduct,True,
hillsborough_county_public_schools__hillsborough_contract_teacher_2013_2016__0929c4c0,Hillsborough_Contract_Teacher_2013_2016.pdf,Hillsborough County Public Schools,19,An individual parental request for a student schedule change shall not be utilized for evaluator purposes nor negatively interpreted against the teacher.,An individual parental request for a student schedule change,management,worker,shall,True,passive,prohibition_verb,permission,prohibition,False,1.0,evaluation,True,
hillsborough_county_public_schools__hillsborough_contract_teacher_2013_2016__0929c4c0,Hillsborough_Contract_Teacher_2013_2016.pdf,Hillsborough County Public Schools,21,An approved field trip list will be maintained by the appropriate General Director.,An approved field trip list,management,management,will,False,passive,plain,obligation,obligation,True,0.9,other,True,
hillsborough_county_public_schools__hillsborough_contract_teacher_2013_2016__0929c4c0,Hillsborough_Contract_Teacher_2013_2016.pdf,Hillsborough County Public Schools,21,Teachers shall be granted compensatory time when duty-free lunch is missed because of any administratively required or approved field trip.,Teachers,management,worker,shall,False,passive,rights_passive,right,obligation,False,1.0,leave,True,
hillsborough_county_public_schools__hillsborough_contract_teacher_2013_2016__0929c4c0,Hillsborough_Contract_Teacher_2013_2016.pdf,Hillsborough County Public Schools,21,Any student who has documented unsatisfactory behavior may be excluded by a teacher on a field trip.,Any student who has documented unsatisfactory behavior,worker,management,may,False,passive,plain,permission,permission,True,0.3,safety_and_working_conditions,True,
hillsborough_county_public_schools__hillsborough_contract_teacher_2013_2016__0929c4c0,Hillsborough_Contract_Teacher_2013_2016.pdf,Hillsborough County Public Schools,21,Teachers shall consult with the site administrator in advance of the field trip if a student is recommended for exclusion.,Teachers,worker,management,shall,False,active,plain,obligation,obligation,True,1.0,safety_and_working_conditions,True,
hillsborough_county_public_schools__hillsborough_contract_teacher_2013_2016__0929c4c0,Hillsborough_Contract_Teacher_2013_2016.pdf,Hillsborough County Public Schools,21,"Teachers shall not be required to promote, merchandise or collect money for any activity which is profit motivated on behalf of the school.",Teachers,management,worker,shall,True,passive,obligation_verb,right,right,True,1.0,teacher_rights_and_conduct,True,
hillsborough_county_public_schools__hillsborough_contract_teacher_2013_2016__0929c4c0,Hillsborough_Contract_Teacher_2013_2016.pdf,Hillsborough County Public Schools,21,Teachers shall collect fee money during school opening registration and field trips as mentioned in 3.17.3.,Teachers,worker,management,shall,False,active,plain,obligation,obligation,True,1.0,other,True,
hillsborough_county_public_schools__hillsborough_contract_teacher_2013_2016__0929c4c0,Hillsborough_Contract_Teacher_2013_2016.pdf,Hillsborough County Public Schools,21,Teachers shall not be required to collect lunchroom money.,Teachers,management,worker,shall,True,passive,obligation_verb,right,right,True,1.0,other,True,
hillsborough_county_public_schools__hillsborough_contract_teacher_2013_2016__0929c4c0,Hillsborough_Contract_Teacher_2013_2016.pdf,Hillsborough County Public Schools,21,Solicitation activities shall be kept to a minimum.,Solicitation activities,management,management,shall,False,passive,plain,obligation,obligation,True,1.0,teacher_rights_and_conduct,True,
hillsborough_county_public_schools__hillsborough_contract_teacher_2013_2016__0929c4c0,Hillsborough_Contract_Teacher_2013_2016.pdf,Hillsborough County Public Schools,21,Interns shall be assigned within the General Administrative Areas of the county to approximate the proportion that exists between the numbers of teachers in those areas.,Interns,management,management,shall,False,passive,plain,obligation,obligation,True,1.0,other,True,
hillsborough_county_public_schools__hillsborough_contract_teacher_2013_2016__0929c4c0,Hillsborough_Contract_Teacher_2013_2016.pdf,Hillsborough County Public Schools,21,Student interns shall be assigned to non-probationary teachers except for special programs approved in advance by the appropriate Assistant Superintendent.,Student interns,management,worker,shall,False,passive,plain,obligation,obligation,True,1.0,workload,True,
hillsborough_county_public_schools__hillsborough_contract_teacher_2013_2016__0929c4c0,Hillsborough_Contract_Teacher_2013_2016.pdf,Hillsborough County Public Schools,21,A copy of the form submitted requesting exceptions shall be filed with the appropriate Assistant Superintendent and be available to the Association.,A copy of the form submitted requesting exceptions,other,worker,shall,False,active,plain,obligation,obligation,True,1.0,other,True,Inanimate subject
hillsborough_county_public_schools__hillsborough_contract_teacher_2013_2016__0929c4c0,Hillsborough_Contract_Teacher_2013_2016.pdf,Hillsborough County Public Schools,21,Assignment of pre-teacher students to directing teachers shall be conducted in a fair and equitable manner which is mutually satisfactory to the principal and to the directing teacher.,Assignment of pre-teacher students to directing teachers,other,worker,shall,False,passive,plain,obligation,obligation,True,1.0,professional_development,True,Inanimate subject
hillsborough_county_public_schools__hillsborough_contract_teacher_2013_2016__0929c4c0,Hillsborough_Contract_Teacher_2013_2016.pdf,Hillsborough County Public Schools,21,Teacher aides will be under the direction of the principal or his/her designee.,Teacher aides,worker,management,will,False,active,plain,obligation,obligation,True,0.9,safety_and_working_conditions,True,
hillsborough_county_public_schools__hillsborough_contract_teacher_2013_2016__0929c4c0,Hillsborough_Contract_Teacher_2013_2016.pdf,Hillsborough County Public Schools,21,Aides assigned to teachers are to be utilized and supervised by the teacher to whom the aide is assigned.,Aides assigned to teachers,worker,management,,False,passive,plain,other,obligation,False,0.0,safety_and_working_conditions,True,
hillsborough_county_public_schools__hillsborough_contract_teacher_2013_2016__0929c4c0,Hillsborough_Contract_Teacher_2013_2016.pdf,Hillsborough County Public Schools,21,Aides are not to be routinely used to perform services for the school’s administrative office.,Aides,management,worker,,True,passive,plain,prohibition,prohibition,True,0.0,safety_and_working_conditions,True,
hillsborough_county_public_schools__hillsborough_contract_teacher_2013_2016__0929c4c0,Hillsborough_Contract_Teacher_2013_2016.pdf,Hillsborough County Public Schools,21,Substitute aides shall be provided when the aide under contract is absent in the early childhood program provided federal funds are available.,Substitute aides,management,worker,shall,False,passive,plain,obligation,obligation,True,1.0,safety_and_working_conditions,True,
hillsborough_county_public_schools__hillsborough_contract_teacher_2013_2016__0929c4c0,Hillsborough_Contract_Teacher_2013_2016.pdf,Hillsborough County Public Schools,21,"When a kindergarten aide is absent, the administrator shall institute an emergency plan to assist the kindergarten teacher, in carrying out the curriculum, providing for the safety of students and providin",the administrator,management,worker,shall,False,active,plain,obligation,obligation,True,1.0,safety_and_working_conditions,True,Truncated in source
hillsborough_county_public_schools__hillsborough_contract_teacher_2013_2016__0929c4c0,Hillsborough_Contract_Teacher_2013_2016.pdf,Hillsborough County Public Schools,22,"When a kindergarten aide is absent, the administrator shall institute an emergency plan to assist the kindergarten teacher, in carrying out the curriculum, providing for the safety of students and providing the teacher with planning and lunch time as specified in Section 2.7.",the administrator,management,worker,shall,False,active,plain,obligation,obligation,True,1.0,safety_and_working_conditions,True,
hillsborough_county_public_schools__hillsborough_contract_teacher_2013_2016__0929c4c0,Hillsborough_Contract_Teacher_2013_2016.pdf,Hillsborough County Public Schools,22,"Anytime an aide is reassigned to duties other than the supervising teacher, said teacher shall be informed of the reassignment, length of time and reason.",said teacher,management,worker,shall,False,passive,rights_passive,right,right,True,1.0,safety_and_working_conditions,True,
hillsborough_county_public_schools__hillsborough_contract_teacher_2013_2016__0929c4c0,Hillsborough_Contract_Teacher_2013_2016.pdf,Hillsborough County Public Schools,22,Athletic pep rallies in secondary schools shall be held at the end of the student day.,Athletic pep rallies,other,worker,shall,False,passive,plain,obligation,obligation,True,1.0,safety_and_working_conditions,True,inanimate subject
hillsborough_county_public_schools__hillsborough_contract_teacher_2013_2016__0929c4c0,Hillsborough_Contract_Teacher_2013_2016.pdf,Hillsborough County Public Schools,22,"Teachers shall not be required to weigh or measure children, give eye examinations or perform any other student health checks or exams.",Teachers,management,worker,shall,True,passive,prohibition_verb,permission,permission,True,1.0,safety_and_working_conditions,True,
hillsborough_county_public_schools__hillsborough_contract_teacher_2013_2016__0929c4c0,Hillsborough_Contract_Teacher_2013_2016.pdf,Hillsborough County Public Schools,22,"If a classroom teacher is placed in charge of a building during the absence of the administrator from the building, the teacher will remain in the classroom unless an emergency requires them to go to the office.",the teacher,worker,worker,will,False,active,plain,obligation,obligation,True,0.9,safety_and_working_conditions,True,complex sentence with conditional
hillsborough_county_public_schools__hillsborough_contract_teacher_2013_2016__0929c4c0,Hillsborough_Contract_Teacher_2013_2016.pdf,Hillsborough County Public Schools,22,"If an emergency requires the acting principal to leave the classroom, a substitute or non-classroom teacher will temporarily take the teacher’s place in the classroom until the teacher is able to return.",a substitute or non-classroom teacher,worker,worker,will,False,active,plain,obligation,obligation,True,0.9,safety_and_working_conditions,True,complex sentence
hillsborough_county_public_schools__hillsborough_contract_teacher_2013_2016__0929c4c0,Hillsborough_Contract_Teacher_2013_2016.pdf,Hillsborough County Public Schools,22,"However, if the principal is expected to be absent for five days or longer, a substitute shall be hired to teach the classes of the acting principal.",a substitute,other,worker,shall,False,passive,rights_passive,right,obligation,False,1.0,safety_and_working_conditions,True,inanimate subject
hillsborough_county_public_schools__hillsborough_contract_teacher_2013_2016__0929c4c0,Hillsborough_Contract_Teacher_2013_2016.pdf,Hillsborough County Public Schools,22,The acting principal shall have the authority to make decisions in dealing with problems which might occur during the absence of the school administrator.,The acting principal,worker,worker,shall,False,active,rights_active,right,right,True,1.0,safety_and_working_conditions,True,
hillsborough_county_public_schools__hillsborough_contract_teacher_2013_2016__0929c4c0,Hillsborough_Contract_Teacher_2013_2016.pdf,Hillsborough County Public Schools,22,The acting principal’s responsibilities should not include participation in the evaluation process or discipline of his/her colleagues.,The acting principal’s responsibilities,other,worker,should,True,active,prohibition_verb,permission,prohibition,False,0.7,safety_and_working_conditions,True,inanimate subject
hillsborough_county_public_schools__hillsborough_contract_teacher_2013_2016__0929c4c0,Hillsborough_Contract_Teacher_2013_2016.pdf,Hillsborough County Public Schools,22,Such matters should be referred to the appropriate area director.,Such matters,other,management,should,False,passive,plain,obligation,obligation,True,0.7,safety_and_working_conditions,True,inanimate subject
hillsborough_county_public_schools__hillsborough_contract_teacher_2013_2016__0929c4c0,Hillsborough_Contract_Teacher_2013_2016.pdf,Hillsborough County Public Schools,22,All personnel who are required to travel in the discharge of their duties shall be responsible for securing transportation.,All personnel,worker,management,shall,False,active,obligation_verb,obligation,obligation,True,1.0,safety_and_working_conditions,True,
hillsborough_county_public_schools__hillsborough_contract_teacher_2013_2016__0929c4c0,Hillsborough_Contract_Teacher_2013_2016.pdf,Hillsborough County Public Schools,22,"Teachers who transport students as an extension of their normal work activities shall, pursuant to accepted Board policy, be covered by the Board’s liability insurance policy.",Teachers,management,worker,shall,False,passive,rights_passive,right,right,True,1.0,safety_and_working_conditions,True,
hillsborough_county_public_schools__hillsborough_contract_teacher_2013_2016__0929c4c0,Hillsborough_Contract_Teacher_2013_2016.pdf,Hillsborough County Public Schools,23,Teachers authorized for reimbursement by the Finance Department for in-county travel as part of their regular duty shall be paid mileage at the rate approved by the School Board.,Teachers authorized for reimbursement by the Finance Department for in-county travel as part of their regular duty,management,worker,shall,False,passive,rights_passive,right,obligation,False,1.0,compensation,True,
hillsborough_county_public_schools__hillsborough_contract_teacher_2013_2016__0929c4c0,Hillsborough_Contract_Teacher_2013_2016.pdf,Hillsborough County Public Schools,23,Teachers shall not personally profit as a direct result of any company or individual engaged in business with the School Board.,Teachers,worker,management,shall,True,active,plain,prohibition,prohibition,True,1.0,teacher_rights_and_conduct,True,
hillsborough_county_public_schools__hillsborough_contract_teacher_2013_2016__0929c4c0,Hillsborough_Contract_Teacher_2013_2016.pdf,Hillsborough County Public Schools,23,"The employer will not discriminate against any applicant or employee in job assignment and employee/employer relations on the basis of age, gender, sexual orientation, marital status, race, creed, color, national origin, disability, or membership or participation in the normal activities of the CTA.",The employer,management,worker,will,True,active,plain,prohibition,prohibition,True,0.9,teacher_rights_and_conduct,True,
hillsborough_county_public_schools__hillsborough_contract_teacher_2013_2016__0929c4c0,Hillsborough_Contract_Teacher_2013_2016.pdf,Hillsborough County Public Schools,23,"The Board will retain independent legal counsel for any teacher sued in court wherein such conduct was reasonable in carrying out his duties in accordance with the policy of the Board, the rules and regulations of the State Department of Education, and the laws of the State of Florida.",The Board,management,worker,will,False,active,plain,obligation,obligation,True,0.9,safety_and_working_conditions,True,
hillsborough_county_public_schools__hillsborough_contract_teacher_2013_2016__0929c4c0,Hillsborough_Contract_Teacher_2013_2016.pdf,Hillsborough County Public Schools,23,The Board shall maintain a liability policy for teachers while carrying out their duties and responsibilities with the exclusion of corporal punishment.,The Board,management,worker,shall,False,active,plain,obligation,obligation,True,1.0,safety_and_working_conditions,True,
hillsborough_county_public_schools__hillsborough_contract_teacher_2013_2016__0929c4c0,Hillsborough_Contract_Teacher_2013_2016.pdf,Hillsborough County Public Schools,23,"Any teacher who has suffered an assault in connection with his/her employment shall make a written report, within seventy-two hours of being physically and mentally able to do so, of the circumstances thereof to his/her administrator in triplicate on the appropriate form.",Any teacher who has suffered an assault in connection with his/her employment,worker,management,shall,False,active,plain,obligation,obligation,True,1.0,safety_and_working_conditions,True,
hillsborough_county_public_schools__hillsborough_contract_teacher_2013_2016__0929c4c0,Hillsborough_Contract_Teacher_2013_2016.pdf,Hillsborough County Public Schools,23,The administrator must verify the facts connected with the assault including names of those involved and submit the original report of the assault to the Assistant Superintendent for Administration and send a copy of the report to Risk Management within seventy-two hours of the event being reported.,The administrator,management,management,must,False,active,plain,obligation,obligation,True,1.0,safety_and_working_conditions,True,
hillsborough_county_public_schools__hillsborough_contract_teacher_2013_2016__0929c4c0,Hillsborough_Contract_Teacher_2013_2016.pdf,Hillsborough County Public Schools,23,A copy of the assault report shall be retained by the principal,A copy of the assault report,management,management,shall,False,passive,plain,obligation,obligation,True,1.0,safety_and_working_conditions,True,
hillsborough_county_public_schools__hillsborough_contract_teacher_2013_2016__0929c4c0,Hillsborough_Contract_Teacher_2013_2016.pdf,Hillsborough County Public Schools,23,and shall be made available to the Association and the individual who suffered the assault as allowable by law.,A copy of the assault report,management,worker,shall,False,passive,rights_passive,right,right,True,1.0,safety_and_working_conditions,True,
hillsborough_county_public_schools__hillsborough_contract_teacher_2013_2016__0929c4c0,Hillsborough_Contract_Teacher_2013_2016.pdf,Hillsborough County Public Schools,23,"In addition, a teacher who has suffered an assault may be requested to submit supplemental written reports.",a teacher who has suffered an assault,management,management,may,False,passive,plain,permission,permission,True,0.3,safety_and_working_conditions,True,
hillsborough_county_public_schools__hillsborough_contract_teacher_2013_2016__0929c4c0,Hillsborough_Contract_Teacher_2013_2016.pdf,Hillsborough County Public Schools,23,School Security and/or the appropriate outside local government agency shall investigate any reported teacher assault,School Security and/or the appropriate outside local government agency,other,worker,shall,False,active,plain,obligation,obligation,True,1.0,safety_and_working_conditions,True,
hillsborough_county_public_schools__hillsborough_contract_teacher_2013_2016__0929c4c0,Hillsborough_Contract_Teacher_2013_2016.pdf,Hillsborough County Public Schools,23,and make a full report to the Office of Professional Standards.,School Security and/or the appropriate outside local government agency,other,management,shall,False,active,plain,obligation,obligation,True,1.0,safety_and_working_conditions,True,
hillsborough_county_public_schools__hillsborough_contract_teacher_2013_2016__0929c4c0,Hillsborough_Contract_Teacher_2013_2016.pdf,Hillsborough County Public Schools,24,Such reports shall be available to the Association and the individual who suffered the assault as allowable by law.,Such reports,other,worker,shall,False,active,plain,obligation,obligation,True,1.0,safety_and_working_conditions,True,
hillsborough_county_public_schools__hillsborough_contract_teacher_2013_2016__0929c4c0,Hillsborough_Contract_Teacher_2013_2016.pdf,Hillsborough County Public Schools,24,A student accused of assault and/or battery upon a school employee shall be immediately removed from the classroom setting,A student accused of assault and/or battery upon a school employee,management,worker,shall,False,passive,plain,obligation,obligation,True,1.0,safety_and_working_conditions,True,
hillsborough_county_public_schools__hillsborough_contract_teacher_2013_2016__0929c4c0,Hillsborough_Contract_Teacher_2013_2016.pdf,Hillsborough County Public Schools,24,A student accused of assault and/or battery upon a school employee shall be placed in an alternative school setting pending disposition of the allegation.,A student accused of assault and/or battery upon a school employee,management,worker,shall,False,passive,plain,obligation,obligation,True,1.0,safety_and_working_conditions,True,
hillsborough_county_public_schools__hillsborough_contract_teacher_2013_2016__0929c4c0,Hillsborough_Contract_Teacher_2013_2016.pdf,Hillsborough County Public Schools,24,Confirmations of assault and/or battery upon a school employee shall result in said student being expelled,Confirmations of assault and/or battery upon a school employee,other,worker,shall,False,active,plain,obligation,obligation,True,1.0,safety_and_working_conditions,True,
hillsborough_county_public_schools__hillsborough_contract_teacher_2013_2016__0929c4c0,Hillsborough_Contract_Teacher_2013_2016.pdf,Hillsborough County Public Schools,24,Confirmations of assault and/or battery upon a school employee shall result in said student being placed in an alternative school setting for at least one year.,Confirmations of assault and/or battery upon a school employee,other,worker,shall,False,active,plain,obligation,obligation,True,1.0,safety_and_working_conditions,True,
hillsborough_county_public_schools__hillsborough_contract_teacher_2013_2016__0929c4c0,Hillsborough_Contract_Teacher_2013_2016.pdf,Hillsborough County Public Schools,24,no student shall be assigned to the classroom of a teacher they have previously assaulted and/or battered.,no student,management,worker,shall,True,passive,plain,prohibition,prohibition,True,1.0,safety_and_working_conditions,True,
hillsborough_county_public_schools__hillsborough_contract_teacher_2013_2016__0929c4c0,Hillsborough_Contract_Teacher_2013_2016.pdf,Hillsborough County Public Schools,24,"Teachers shall not be required to serve as security personnel during a period of civil disobedience, bomb threats, or assaults on students or teachers by trespassers.",Teachers,management,worker,shall,True,passive,obligation_verb,right,right,True,1.0,safety_and_working_conditions,True,
hillsborough_county_public_schools__hillsborough_contract_teacher_2013_2016__0929c4c0,Hillsborough_Contract_Teacher_2013_2016.pdf,Hillsborough County Public Schools,24,Teachers will make a reasonable effort to see that their students are protected while under their supervision.,Teachers,worker,management,will,False,active,plain,obligation,obligation,True,0.9,safety_and_working_conditions,True,
hillsborough_county_public_schools__hillsborough_contract_teacher_2013_2016__0929c4c0,Hillsborough_Contract_Teacher_2013_2016.pdf,Hillsborough County Public Schools,24,A teacher shall perform a visual inspection of his or her classroom for suspicious objects as a result of a bomb threat.,A teacher,worker,management,shall,False,active,plain,obligation,obligation,True,1.0,safety_and_working_conditions,True,
hillsborough_county_public_schools__hillsborough_contract_teacher_2013_2016__0929c4c0,Hillsborough_Contract_Teacher_2013_2016.pdf,Hillsborough County Public Schools,24,Teachers may volunteer to serve on search teams after appropriate training.,Teachers,worker,worker,may,False,active,plain,permission,permission,True,0.3,safety_and_working_conditions,True,
hillsborough_county_public_schools__hillsborough_contract_teacher_2013_2016__0929c4c0,Hillsborough_Contract_Teacher_2013_2016.pdf,Hillsborough County Public Schools,24,Each teacher at any school shall assume such authority for the reasonable control of pupils as may be assigned to him/her by the administrator,Each teacher at any school,worker,management,shall,False,active,plain,obligation,obligation,True,1.0,teacher_rights_and_conduct,True,
hillsborough_county_public_schools__hillsborough_contract_teacher_2013_2016__0929c4c0,Hillsborough_Contract_Teacher_2013_2016.pdf,Hillsborough County Public Schools,24,shall keep good order in the classroom and in other places in which he/she is assigned to be in charge of students.,[implied: Each teacher at any school],worker,management,shall,False,active,plain,obligation,obligation,True,1.0,safety_and_working_conditions,True,
hillsborough_county_public_schools__hillsborough_contract_teacher_2013_2016__0929c4c0,Hillsborough_Contract_Teacher_2013_2016.pdf,Hillsborough County Public Schools,24,The school administrator shall ensure the safety of the students and faculty.,The school administrator,management,worker,shall,False,active,plain,obligation,obligation,True,1.0,safety_and_working_conditions,True,
hillsborough_county_public_schools__hillsborough_contract_teacher_2013_2016__0929c4c0,Hillsborough_Contract_Teacher_2013_2016.pdf,Hillsborough County Public Schools,24,Corporal punishment shall be administered only by the principal of the school or another administrator designated by the principal (example: Assistant Principal for Student Affairs) in accordance with Florida statutes.,Corporal punishment,management,worker,shall,False,passive,plain,obligation,obligation,True,1.0,discipline,True,
hillsborough_county_public_schools__hillsborough_contract_teacher_2013_2016__0929c4c0,Hillsborough_Contract_Teacher_2013_2016.pdf,Hillsborough County Public Schools,24,A teacher may send a student to the office to maintain effective discipline in the classroom.,A teacher,worker,worker,may,False,active,plain,permission,permission,True,0.3,discipline,True,
hillsborough_county_public_schools__hillsborough_contract_teacher_2013_2016__0929c4c0,Hillsborough_Contract_Teacher_2013_2016.pdf,Hillsborough County Public Schools,24,The teacher shall provide the administration with all necessary information concerning the student’s behavior and previous action taken by the teacher.,The teacher,worker,management,shall,False,active,plain,obligation,obligation,True,1.0,discipline,True,
hillsborough_county_public_schools__hillsborough_contract_teacher_2013_2016__0929c4c0,Hillsborough_Contract_Teacher_2013_2016.pdf,Hillsborough County Public Schools,24,Student referral forms shall include space where a teacher can provide input and/or submit recommendations regarding disciplinary action.,Student referral forms,other,worker,shall,False,active,plain,obligation,obligation,True,1.0,discipline,True,
hillsborough_county_public_schools__hillsborough_contract_teacher_2013_2016__0929c4c0,Hillsborough_Contract_Teacher_2013_2016.pdf,Hillsborough County Public Schools,25,"The principal or the principal's designee shall consider the recommendation for discipline made by a teacher, or another member of the instructional staff, when making a decision regarding student referral for discipline.",The principal or the principal's designee,management,worker,shall,False,active,plain,obligation,obligation,True,1.0,discipline,True,
hillsborough_county_public_schools__hillsborough_contract_teacher_2013_2016__0929c4c0,Hillsborough_Contract_Teacher_2013_2016.pdf,Hillsborough County Public Schools,25,Disciplinary action for student misbehavior shall be consistent district-wide in accordance with the Code of Student Conduct as described in the Student Handbook.,Disciplinary action for student misbehavior,other,management,shall,False,active,plain,obligation,obligation,True,1.0,discipline,True,
hillsborough_county_public_schools__hillsborough_contract_teacher_2013_2016__0929c4c0,Hillsborough_Contract_Teacher_2013_2016.pdf,Hillsborough County Public Schools,25,Teachers shall receive a written report on the county referral form of action taken within three (3) workdays after a student is referred to the administration for disciplinary action.,Teachers,worker,worker,shall,False,active,rights_active,right,right,True,1.0,discipline,True,
hillsborough_county_public_schools__hillsborough_contract_teacher_2013_2016__0929c4c0,Hillsborough_Contract_Teacher_2013_2016.pdf,Hillsborough County Public Schools,25,"If the report is not issued, the responsible administrator shall inform the teacher as to the reason(s) why.",the responsible administrator,management,worker,shall,False,active,plain,obligation,obligation,True,1.0,discipline,True,
hillsborough_county_public_schools__hillsborough_contract_teacher_2013_2016__0929c4c0,Hillsborough_Contract_Teacher_2013_2016.pdf,Hillsborough County Public Schools,25,"A teacher may have a student removed from class who has been documented by the teacher to have repeatedly interfered with the teacher's ability to teach, or may immediately remove a student whose behavior the teacher determines is so unruly, disruptive, or abusive that it seriously interferes with the teacher's ability to communicate effectively or with the ability of the student's classmates to learn.",A teacher,worker,worker,may,False,active,plain,permission,permission,True,0.3,safety_and_working_conditions,True,
hillsborough_county_public_schools__hillsborough_contract_teacher_2013_2016__0929c4c0,Hillsborough_Contract_Teacher_2013_2016.pdf,Hillsborough County Public Schools,25,The principal may not return the student to that teacher's class without the teacher's consent unless the Placement Review Committee determines that such placement is the best or only available alternative.,The principal,management,worker,may,True,active,plain,prohibition,prohibition,True,0.3,safety_and_working_conditions,True,
hillsborough_county_public_schools__hillsborough_contract_teacher_2013_2016__0929c4c0,Hillsborough_Contract_Teacher_2013_2016.pdf,Hillsborough County Public Schools,25,The teacher and the Placement Review Committee must render decisions within five (5) workdays of the removal of the student from the classroom.,The teacher and the Placement Review Committee,other,worker,must,False,active,plain,obligation,obligation,True,1.0,safety_and_working_conditions,True,
hillsborough_county_public_schools__hillsborough_contract_teacher_2013_2016__0929c4c0,Hillsborough_Contract_Teacher_2013_2016.pdf,Hillsborough County Public Schools,25,"The Placement Review Committee membership must include at least one teacher selected by the faculty, one teacher selected by the teacher who has removed the student, and one school staff member selected by the principal.",The Placement Review Committee membership,other,worker,must,False,active,plain,obligation,obligation,True,1.0,safety_and_working_conditions,True,
hillsborough_county_public_schools__hillsborough_contract_teacher_2013_2016__0929c4c0,Hillsborough_Contract_Teacher_2013_2016.pdf,Hillsborough County Public Schools,25,The teacher who withheld consent to readmitting the student may not serve on the committee.,The teacher who withheld consent to readmitting the student,worker,worker,may,True,active,plain,prohibition,prohibition,True,0.3,safety_and_working_conditions,True,
hillsborough_county_public_schools__hillsborough_contract_teacher_2013_2016__0929c4c0,Hillsborough_Contract_Teacher_2013_2016.pdf,Hillsborough County Public Schools,25,A continuous record of student discipline cases shall be maintained in a place available for staff use.,A continuous record of student discipline cases,management,worker,shall,False,passive,plain,obligation,obligation,True,1.0,discipline,True,implicit agent is management
hillsborough_county_public_schools__hillsborough_contract_teacher_2013_2016__0929c4c0,Hillsborough_Contract_Teacher_2013_2016.pdf,Hillsborough County Public Schools,25,"Teachers shall be informed, when the district is informed, of any student in his/her classroom involved in serious types of offenses.",Teachers,management,worker,shall,False,passive,rights_passive,right,right,True,1.0,safety_and_working_conditions,True,
hillsborough_county_public_schools__hillsborough_contract_teacher_2013_2016__0929c4c0,Hillsborough_Contract_Teacher_2013_2016.pdf,Hillsborough County Public Schools,25,"This information is of a confidential nature, protected by State and Federal acts insuring privacy, and shall be used only on a “need to know” basis.",This information,management,worker,shall,False,passive,plain,obligation,obligation,True,1.0,safety_and_working_conditions,True,
hillsborough_county_public_schools__hillsborough_contract_teacher_2013_2016__0929c4c0,Hillsborough_Contract_Teacher_2013_2016.pdf,Hillsborough County Public Schools,26,"This information is of a confidential nature, protected by State and Federal acts insuring privacy, and shall be used only on a ""need to know” basis.",This information,management,worker,shall,False,passive,plain,obligation,obligation,True,1.0,safety_and_working_conditions,True,
hillsborough_county_public_schools__hillsborough_contract_teacher_2013_2016__0929c4c0,Hillsborough_Contract_Teacher_2013_2016.pdf,Hillsborough County Public Schools,26,"Once the student day has begun, no visitors to the school, including parents, may enter the classroom unannounced.","no visitors to the school, including parents",other,worker,may,True,active,plain,prohibition,prohibition,True,0.3,safety_and_working_conditions,True,
hillsborough_county_public_schools__hillsborough_contract_teacher_2013_2016__0929c4c0,Hillsborough_Contract_Teacher_2013_2016.pdf,Hillsborough County Public Schools,26,"Parents wishing to observe during the instructional day must obtain permission from the teacher and the administration in advance, and make arrangements for a specific time and date.",Parents wishing to observe during the instructional day,other,management,must,False,active,plain,obligation,obligation,True,1.0,other,True,
hillsborough_county_public_schools__hillsborough_contract_teacher_2013_2016__0929c4c0,Hillsborough_Contract_Teacher_2013_2016.pdf,Hillsborough County Public Schools,26,Interruptions to the instructional day shall be kept to a minimum.,Interruptions to the instructional day,other,worker,shall,False,passive,plain,obligation,obligation,True,1.0,workload,True,
hillsborough_county_public_schools__hillsborough_contract_teacher_2013_2016__0929c4c0,Hillsborough_Contract_Teacher_2013_2016.pdf,Hillsborough County Public Schools,26,District level Board employees shall notify the teacher and administration in advance of an official observation or a classroom visit.,District level Board employees,management,worker,shall,False,active,plain,obligation,obligation,True,1.0,evaluation,True,
hillsborough_county_public_schools__hillsborough_contract_teacher_2013_2016__0929c4c0,Hillsborough_Contract_Teacher_2013_2016.pdf,Hillsborough County Public Schools,26,The School Board will provide to the Association information about the Administration’s technology strategies and specific technological initiatives.,The School Board,management,worker,will,False,active,plain,obligation,obligation,True,0.9,other,True,
hillsborough_county_public_schools__hillsborough_contract_teacher_2013_2016__0929c4c0,Hillsborough_Contract_Teacher_2013_2016.pdf,Hillsborough County Public Schools,26,The Association will have the opportunity to provide input during the development of new technologies and application.,The Association,worker,worker,will,False,active,plain,obligation,right,False,0.9,other,True,
hillsborough_county_public_schools__hillsborough_contract_teacher_2013_2016__0929c4c0,Hillsborough_Contract_Teacher_2013_2016.pdf,Hillsborough County Public Schools,26,The District shall provide C.T.A. with a conference on the I.D.E.A.S. system for whatever period of time the District sponsors the I.D.E.A.S. system.,The District,management,worker,shall,False,active,plain,obligation,obligation,True,1.0,professional_development,True,
hillsborough_county_public_schools__hillsborough_contract_teacher_2013_2016__0929c4c0,Hillsborough_Contract_Teacher_2013_2016.pdf,Hillsborough County Public Schools,26,"The C.T.A. conference shall be specifically designated for Association communications, professional issues, legislative issues, announcements, member inquiries, and other related Association concerns.",The C.T.A. conference,other,worker,shall,False,passive,plain,obligation,obligation,True,1.0,other,True,
hillsborough_county_public_schools__hillsborough_contract_teacher_2013_2016__0929c4c0,Hillsborough_Contract_Teacher_2013_2016.pdf,Hillsborough County Public Schools,26,The C.T.A. shall not utilize its designated window for the purpose of political endorsements or solicitation.,The C.T.A.,worker,management,shall,True,active,plain,prohibition,prohibition,True,1.0,other,True,
hillsborough_county_public_schools__hillsborough_contract_teacher_2013_2016__0929c4c0,Hillsborough_Contract_Teacher_2013_2016.pdf,Hillsborough County Public Schools,26,"A county-wide standing committee shall be established to review forms that originate from any office within the school system to be completed by other divisions, other departments, principals, teachers, students or parents.",A county-wide standing committee,other,worker,shall,False,passive,plain,obligation,obligation,True,1.0,workload,True,
hillsborough_county_public_schools__hillsborough_contract_teacher_2013_2016__0929c4c0,Hillsborough_Contract_Teacher_2013_2016.pdf,Hillsborough County Public Schools,26,The Association shall name 50 percent of the committee members.,The Association,worker,worker,shall,False,active,plain,obligation,obligation,True,1.0,other,True,
hillsborough_county_public_schools__hillsborough_contract_teacher_2013_2016__0929c4c0,Hillsborough_Contract_Teacher_2013_2016.pdf,Hillsborough County Public Schools,26,"Teachers shall not be required to fill out forms, checklists, or data gathering and other documents that do not have an official School Board number on them.",Teachers,management,worker,shall,True,passive,plain,prohibition,right,False,1.0,workload,True,
hillsborough_county_public_schools__hillsborough_contract_teacher_2013_2016__0929c4c0,Hillsborough_Contract_Teacher_2013_2016.pdf,Hillsborough County Public Schools,26,"A county-wide test writing committee shall be appointed whenever the school system anticipates developing or revising a student test for any specific subject area, program, or grade level.",A county-wide test writing committee,other,worker,shall,False,passive,plain,obligation,obligation,True,1.0,other,True,
hillsborough_county_public_schools__hillsborough_contract_teacher_2013_2016__0929c4c0,Hillsborough_Contract_Teacher_2013_2016.pdf,Hillsborough County Public Schools,27,"A county-wide textbook selection committee shall be appointed whenever a textbook adoption is due or contemplated in any specific subject area, program or grade level.",A county-wide textbook selection committee,management,worker,shall,False,passive,plain,obligation,obligation,True,1.0,other,True,
hillsborough_county_public_schools__hillsborough_contract_teacher_2013_2016__0929c4c0,Hillsborough_Contract_Teacher_2013_2016.pdf,Hillsborough County Public Schools,27,The committee shall review all available texts in the specific area in question and submit at least two books for final selection by all involved teachers.,The committee,other,worker,shall,False,active,plain,obligation,obligation,True,1.0,other,True,
hillsborough_county_public_schools__hillsborough_contract_teacher_2013_2016__0929c4c0,Hillsborough_Contract_Teacher_2013_2016.pdf,Hillsborough County Public Schools,27,These two textbooks shall be available in the appropriate work location in sufficient numbers to allow for teacher review at least three weeks prior to a county-wide vote.,These two textbooks,other,worker,shall,False,active,plain,obligation,obligation,True,1.0,other,True,
hillsborough_county_public_schools__hillsborough_contract_teacher_2013_2016__0929c4c0,Hillsborough_Contract_Teacher_2013_2016.pdf,Hillsborough County Public Schools,27,Teachers shall select one textbook for county-wide adoption by secret ballot.,Teachers,worker,worker,shall,False,active,plain,obligation,right,False,1.0,other,True,
hillsborough_county_public_schools__hillsborough_contract_teacher_2013_2016__0929c4c0,Hillsborough_Contract_Teacher_2013_2016.pdf,Hillsborough County Public Schools,27,Department heads or team leaders shall be responsible for tabulating votes at each work location and immediately notifying the chairman of the appropriate county-wide selection committee.,Department heads or team leaders,management,worker,shall,False,active,plain,obligation,obligation,True,1.0,other,True,
hillsborough_county_public_schools__hillsborough_contract_teacher_2013_2016__0929c4c0,Hillsborough_Contract_Teacher_2013_2016.pdf,Hillsborough County Public Schools,27,This vote shall determine the book to be purchased in any level or subject area until the next review.,This vote,other,worker,shall,False,active,plain,obligation,obligation,True,1.0,other,True,
hillsborough_county_public_schools__hillsborough_contract_teacher_2013_2016__0929c4c0,Hillsborough_Contract_Teacher_2013_2016.pdf,Hillsborough County Public Schools,27,Individual school or department vote on textbook selection shall be available to the Association on request.,Individual school or department vote on textbook selection,other,worker,shall,False,active,plain,obligation,right,False,1.0,other,True,
hillsborough_county_public_schools__hillsborough_contract_teacher_2013_2016__0929c4c0,Hillsborough_Contract_Teacher_2013_2016.pdf,Hillsborough County Public Schools,27,The Assistant Superintendent for Administration shall appoint a committee annually to prepare school calendars for all school centers to be recommended to the Board.,The Assistant Superintendent for Administration,management,worker,shall,False,active,plain,obligation,obligation,True,1.0,other,True,
hillsborough_county_public_schools__hillsborough_contract_teacher_2013_2016__0929c4c0,Hillsborough_Contract_Teacher_2013_2016.pdf,Hillsborough County Public Schools,27,The committee will include four teacher representatives selected by the Association.,The committee,other,worker,will,False,active,plain,obligation,obligation,True,0.9,other,True,
hillsborough_county_public_schools__hillsborough_contract_teacher_2013_2016__0929c4c0,Hillsborough_Contract_Teacher_2013_2016.pdf,Hillsborough County Public Schools,27,County-wide committees established by the Board or Administration having a direct impact on teachers shall include teacher representatives appointed by the Association.,County-wide committees established by the Board or Administration having a direct impact on teachers,other,worker,shall,False,active,plain,obligation,obligation,True,1.0,other,True,
hillsborough_county_public_schools__hillsborough_contract_teacher_2013_2016__0929c4c0,Hillsborough_Contract_Teacher_2013_2016.pdf,Hillsborough County Public Schools,27,"The faculty at each work location shall elect a faculty steering committee that includes teacher representation elected from each department or grade level, and special services areas.",The faculty at each work location,worker,worker,shall,False,active,plain,obligation,obligation,True,1.0,other,True,
hillsborough_county_public_schools__hillsborough_contract_teacher_2013_2016__0929c4c0,Hillsborough_Contract_Teacher_2013_2016.pdf,Hillsborough County Public Schools,27,The principal shall have the authority to appoint additional at large members,The principal,management,management,shall,False,active,rights_active,right,right,True,1.0,other,True,
hillsborough_county_public_schools__hillsborough_contract_teacher_2013_2016__0929c4c0,Hillsborough_Contract_Teacher_2013_2016.pdf,Hillsborough County Public Schools,27,such appointed members shall not constitute more than 25% of the committee.,such appointed members,other,worker,shall,True,active,plain,prohibition,prohibition,True,1.0,other,True,
hillsborough_county_public_schools__hillsborough_contract_teacher_2013_2016__0929c4c0,Hillsborough_Contract_Teacher_2013_2016.pdf,Hillsborough County Public Schools,27,CTA will have a permanent teacher member representative position on the steering committee.,CTA,worker,worker,will,False,active,rights_active,right,right,True,0.9,other,True,
hillsborough_county_public_schools__hillsborough_contract_teacher_2013_2016__0929c4c0,Hillsborough_Contract_Teacher_2013_2016.pdf,Hillsborough County Public Schools,27,The committee representative will be selected annually by CTA members at each site.,The committee representative,worker,worker,will,False,passive,rights_passive,right,right,True,0.9,other,True,
hillsborough_county_public_schools__hillsborough_contract_teacher_2013_2016__0929c4c0,Hillsborough_Contract_Teacher_2013_2016.pdf,Hillsborough County Public Schools,28,"Each year, the committee shall elect a chair from among the members",the committee,worker,worker,shall,False,active,plain,obligation,obligation,True,1.0,other,True,
hillsborough_county_public_schools__hillsborough_contract_teacher_2013_2016__0929c4c0,Hillsborough_Contract_Teacher_2013_2016.pdf,Hillsborough County Public Schools,28,the building administrator(s) shall not serve as the chair.,the building administrator(s),management,worker,shall,True,active,plain,prohibition,prohibition,True,1.0,other,True,
hillsborough_county_public_schools__hillsborough_contract_teacher_2013_2016__0929c4c0,Hillsborough_Contract_Teacher_2013_2016.pdf,Hillsborough County Public Schools,28,"The committee shall meet on a monthly basis to provide faculty input in developing an administration-faculty team approach to solving problems, making improvements, and arriving at decisions in areas affecting the general faculty and/or student body.",The committee,worker,worker,shall,False,active,plain,obligation,obligation,True,1.0,other,True,
hillsborough_county_public_schools__hillsborough_contract_teacher_2013_2016__0929c4c0,Hillsborough_Contract_Teacher_2013_2016.pdf,Hillsborough County Public Schools,28,The chair will solicit agenda items prior to each meeting,The chair,worker,worker,will,False,active,plain,obligation,obligation,True,0.9,other,True,
hillsborough_county_public_schools__hillsborough_contract_teacher_2013_2016__0929c4c0,Hillsborough_Contract_Teacher_2013_2016.pdf,Hillsborough County Public Schools,28,provide a roundtable or open discussion section on each agenda.,[implied The chair],worker,worker,will,False,active,plain,obligation,obligation,True,0.9,other,True,Implied subject matches previous clause
hillsborough_county_public_schools__hillsborough_contract_teacher_2013_2016__0929c4c0,Hillsborough_Contract_Teacher_2013_2016.pdf,Hillsborough County Public Schools,28,Minutes from each monthly Steering Committee meeting shall be provided to the Association’s building representative and/or Executive Director.,Minutes from each monthly Steering Committee meeting,management,worker,shall,False,passive,rights_passive,right,obligation,False,1.0,other,True,
hillsborough_county_public_schools__hillsborough_contract_teacher_2013_2016__0929c4c0,Hillsborough_Contract_Teacher_2013_2016.pdf,Hillsborough County Public Schools,28,"The principal shall, upon request, provide the Steering Committee or any individual faculty or staff member with a printed accounting of the school’s internal accounts.",The principal,management,worker,shall,False,active,plain,obligation,obligation,True,1.0,other,True,
hillsborough_county_public_schools__hillsborough_contract_teacher_2013_2016__0929c4c0,Hillsborough_Contract_Teacher_2013_2016.pdf,Hillsborough County Public Schools,28,"The faculty steering committee, in addition to its general advisory function, shall have the specific responsibilities to assist the building administrator in the following areas:",The faculty steering committee,worker,worker,shall,False,active,rights_active,right,obligation,False,1.0,other,True,Introductory clause for numbered list
hillsborough_county_public_schools__hillsborough_contract_teacher_2013_2016__0929c4c0,Hillsborough_Contract_Teacher_2013_2016.pdf,Hillsborough County Public Schools,28,The Steering Committee shall assist the principal in preparing and reviewing the school’s county budget.,The Steering Committee,worker,worker,shall,False,active,plain,obligation,obligation,True,1.0,other,True,
hillsborough_county_public_schools__hillsborough_contract_teacher_2013_2016__0929c4c0,Hillsborough_Contract_Teacher_2013_2016.pdf,Hillsborough County Public Schools,28,This budget shall provide a breakdown of the projected allocation of funds by departments or grade levels for the school,This budget,other,worker,shall,False,active,plain,obligation,obligation,True,1.0,other,True,
hillsborough_county_public_schools__hillsborough_contract_teacher_2013_2016__0929c4c0,Hillsborough_Contract_Teacher_2013_2016.pdf,Hillsborough County Public Schools,28,and be distributed and discussed with the faculty during pre-planning.,[implied This budget],management,worker,shall,False,passive,rights_passive,right,obligation,False,1.0,other,True,Implied subject matches previous clause
hillsborough_county_public_schools__hillsborough_contract_teacher_2013_2016__0929c4c0,Hillsborough_Contract_Teacher_2013_2016.pdf,Hillsborough County Public Schools,28,Any changes in the budget shall require review of the Steering Committee,Any changes in the budget,other,worker,shall,False,active,plain,obligation,obligation,True,1.0,other,True,
hillsborough_county_public_schools__hillsborough_contract_teacher_2013_2016__0929c4c0,Hillsborough_Contract_Teacher_2013_2016.pdf,Hillsborough County Public Schools,28,and such changes will be distributed to the teachers affected.,such changes,management,worker,will,False,passive,rights_passive,right,obligation,False,0.9,other,True,Implied agent is management
hillsborough_county_public_schools__hillsborough_contract_teacher_2013_2016__0929c4c0,Hillsborough_Contract_Teacher_2013_2016.pdf,Hillsborough County Public Schools,28,"Each school shall establish a faculty account for monies generated by the faculty at each school (i.e. vending machine profits, etc.).",Each school,management,worker,shall,False,active,plain,obligation,obligation,True,1.0,benefits,True,
hillsborough_county_public_schools__hillsborough_contract_teacher_2013_2016__0929c4c0,Hillsborough_Contract_Teacher_2013_2016.pdf,Hillsborough County Public Schools,28,The funds in this account may be used individually and/or collectively by the school’s personnel.,The funds in this account,management,worker,may,False,passive,permission_verb,permission,permission,True,0.3,benefits,True,
hillsborough_county_public_schools__hillsborough_contract_teacher_2013_2016__0929c4c0,Hillsborough_Contract_Teacher_2013_2016.pdf,Hillsborough County Public Schools,28,Approval of the Steering Committee shall be necessary before these funds are expended.,Approval of the Steering Committee,worker,worker,shall,False,active,plain,obligation,obligation,True,1.0,benefits,True,
hillsborough_county_public_schools__hillsborough_contract_teacher_2013_2016__0929c4c0,Hillsborough_Contract_Teacher_2013_2016.pdf,Hillsborough County Public Schools,28,The Steering Committee shall have the responsibility to assist the principal in implementing county guidelines regarding textbook utilization in the school.,The Steering Committee,worker,worker,shall,False,active,rights_active,right,obligation,False,1.0,other,True,
hillsborough_county_public_schools__hillsborough_contract_teacher_2013_2016__0929c4c0,Hillsborough_Contract_Teacher_2013_2016.pdf,Hillsborough County Public Schools,29,The Steering Committee shall have the responsibility to review the use of any individual school form to insure compliance with contract section 6.1.3.,The Steering Committee,other,worker,shall,False,active,obligation_verb,obligation,obligation,True,1.0,other,True,
hillsborough_county_public_schools__hillsborough_contract_teacher_2013_2016__0929c4c0,Hillsborough_Contract_Teacher_2013_2016.pdf,Hillsborough County Public Schools,29,The School Effectiveness Assessment Team (SEAT) assists schools identified with needs for improvement.,The School Effectiveness Assessment Team (SEAT),other,worker,,False,active,plain,other,other,True,0.0,evaluation,True,
hillsborough_county_public_schools__hillsborough_contract_teacher_2013_2016__0929c4c0,Hillsborough_Contract_Teacher_2013_2016.pdf,Hillsborough County Public Schools,29,The district shall maintain trained school assessment teams with broad-based teacher representation.,The district,management,worker,shall,False,active,plain,obligation,obligation,True,1.0,evaluation,True,
hillsborough_county_public_schools__hillsborough_contract_teacher_2013_2016__0929c4c0,Hillsborough_Contract_Teacher_2013_2016.pdf,Hillsborough County Public Schools,29,The association shall appoint the teacher members of the team which also consists of district appointed administrators.,The association,worker,worker,shall,False,active,plain,obligation,obligation,True,1.0,evaluation,True,
hillsborough_county_public_schools__hillsborough_contract_teacher_2013_2016__0929c4c0,Hillsborough_Contract_Teacher_2013_2016.pdf,Hillsborough County Public Schools,29,The team’s findings will be used to improve school effectiveness.,The team’s findings,other,worker,will,False,passive,plain,obligation,other,False,0.9,evaluation,True,
hillsborough_county_public_schools__hillsborough_contract_teacher_2013_2016__0929c4c0,Hillsborough_Contract_Teacher_2013_2016.pdf,Hillsborough County Public Schools,29,The School District shall create the Staff Development Coordinating Committee for purposes of implementing Florida Statutes 1012.98.,The School District,management,worker,shall,False,active,plain,obligation,obligation,True,1.0,professional_development,True,
hillsborough_county_public_schools__hillsborough_contract_teacher_2013_2016__0929c4c0,Hillsborough_Contract_Teacher_2013_2016.pdf,Hillsborough County Public Schools,29,Teacher Committee appointees representing regular K-12 grade levels and subject areas shall be appointed by the C.T.A.,Teacher Committee appointees representing regular K-12 grade levels and subject areas,worker,worker,shall,False,passive,plain,obligation,obligation,True,1.0,professional_development,True,
hillsborough_county_public_schools__hillsborough_contract_teacher_2013_2016__0929c4c0,Hillsborough_Contract_Teacher_2013_2016.pdf,Hillsborough County Public Schools,29,The term of office for each Teacher Committee member shall be for two years.,The term of office for each Teacher Committee member,other,worker,shall,False,active,plain,obligation,other,False,1.0,other,True,
hillsborough_county_public_schools__hillsborough_contract_teacher_2013_2016__0929c4c0,Hillsborough_Contract_Teacher_2013_2016.pdf,Hillsborough County Public Schools,29,Committee members may serve two consecutive terms.,Committee members,worker,worker,may,False,active,plain,permission,permission,True,0.3,other,True,
hillsborough_county_public_schools__hillsborough_contract_teacher_2013_2016__0929c4c0,Hillsborough_Contract_Teacher_2013_2016.pdf,Hillsborough County Public Schools,29,Each school will have the following facilities:,Each school,management,worker,will,False,active,plain,obligation,obligation,True,0.9,safety_and_working_conditions,True,
hillsborough_county_public_schools__hillsborough_contract_teacher_2013_2016__0929c4c0,Hillsborough_Contract_Teacher_2013_2016.pdf,Hillsborough County Public Schools,29,Itinerant teachers shall be provided space for the storage of their records and materials at each school.,Itinerant teachers,management,worker,shall,False,passive,rights_passive,right,obligation,False,1.0,safety_and_working_conditions,True,
hillsborough_county_public_schools__hillsborough_contract_teacher_2013_2016__0929c4c0,Hillsborough_Contract_Teacher_2013_2016.pdf,Hillsborough County Public Schools,29,All buildings that contained a furnished room used as a faculty lounge during the 2009-2010 school year shall continue when possible to maintain such faculty lounge.,All buildings that contained a furnished room used as a faculty lounge during the 2009-2010 school year,other,worker,shall,False,active,plain,obligation,obligation,True,1.0,safety_and_working_conditions,True,
hillsborough_county_public_schools__hillsborough_contract_teacher_2013_2016__0929c4c0,Hillsborough_Contract_Teacher_2013_2016.pdf,Hillsborough County Public Schools,29,All additional buildings that can accommodate providing a furnished room to be used as a faculty lounge shall do so.,All additional buildings that can accommodate providing a furnished room to be used as a faculty lounge,other,worker,shall,False,active,plain,obligation,obligation,True,1.0,safety_and_working_conditions,True,
hillsborough_county_public_schools__hillsborough_contract_teacher_2013_2016__0929c4c0,Hillsborough_Contract_Teacher_2013_2016.pdf,Hillsborough County Public Schools,29,"In both cases, such room will be in addition to the teacher workroom referenced in paragraph 7.7.1(DE).",such room,other,worker,will,False,active,plain,obligation,other,False,0.9,safety_and_working_conditions,True,
hillsborough_county_public_schools__hillsborough_contract_teacher_2013_2016__0929c4c0,Hillsborough_Contract_Teacher_2013_2016.pdf,Hillsborough County Public Schools,29,Space in the parking lot at each school will be reserved for teacher parking.,Space in the parking lot at each school,management,worker,will,False,passive,plain,obligation,obligation,True,0.9,safety_and_working_conditions,True,
hillsborough_county_public_schools__hillsborough_contract_teacher_2013_2016__0929c4c0,Hillsborough_Contract_Teacher_2013_2016.pdf,Hillsborough County Public Schools,30,"Every effort should be made to provide Student Services Personnel a private area (sufficient to accommodate individual/group counseling), locked file cabinet and telephone.",Every effort,management,worker,should,False,passive,plain,obligation,obligation,True,0.7,safety_and_working_conditions,True,
hillsborough_county_public_schools__hillsborough_contract_teacher_2013_2016__0929c4c0,Hillsborough_Contract_Teacher_2013_2016.pdf,Hillsborough County Public Schools,30,A teacher required to utilize a classroom assigned to another teacher during a class period shall be given uninterrupted use of that classroom unless prior agreement to allow access is reached.,A teacher required to utilize a classroom assigned to another teacher during a class period,management,worker,shall,False,passive,rights_passive,right,right,True,1.0,safety_and_working_conditions,True,
hillsborough_county_public_schools__hillsborough_contract_teacher_2013_2016__0929c4c0,Hillsborough_Contract_Teacher_2013_2016.pdf,Hillsborough County Public Schools,30,Each site will guarantee reasonable and free access to copiers during the workday.,Each site,management,worker,will,False,active,plain,obligation,obligation,True,0.9,safety_and_working_conditions,True,
hillsborough_county_public_schools__hillsborough_contract_teacher_2013_2016__0929c4c0,Hillsborough_Contract_Teacher_2013_2016.pdf,Hillsborough County Public Schools,30,"Teachers should not be required to provide paper, staples or other basic copy supplies.",Teachers,management,worker,should,True,passive,obligation_verb,right,right,True,0.7,safety_and_working_conditions,True,
hillsborough_county_public_schools__hillsborough_contract_teacher_2013_2016__0929c4c0,Hillsborough_Contract_Teacher_2013_2016.pdf,Hillsborough County Public Schools,30,Consideration shall be given to safety and security of teachers’ cars when assigning teacher parking areas.,Consideration,management,worker,shall,False,passive,plain,obligation,obligation,True,1.0,safety_and_working_conditions,True,
hillsborough_county_public_schools__hillsborough_contract_teacher_2013_2016__0929c4c0,Hillsborough_Contract_Teacher_2013_2016.pdf,Hillsborough County Public Schools,30,Teachers shall be provided with dining space and facilities apart from students.,Teachers,management,worker,shall,False,passive,rights_passive,right,obligation,False,1.0,safety_and_working_conditions,True,
hillsborough_county_public_schools__hillsborough_contract_teacher_2013_2016__0929c4c0,Hillsborough_Contract_Teacher_2013_2016.pdf,Hillsborough County Public Schools,30,"In those schools where lack of space prohibits a separate dining room, an area within the student lunchroom will be established by use of available visual barriers, such as bookcases, etc.",an area within the student lunchroom,management,worker,will,False,active,plain,obligation,obligation,True,0.9,safety_and_working_conditions,True,
hillsborough_county_public_schools__hillsborough_contract_teacher_2013_2016__0929c4c0,Hillsborough_Contract_Teacher_2013_2016.pdf,Hillsborough County Public Schools,30,This will not prevent a teacher from dining with his/her students or at another area (classrooms excluded) in the school if he/she desires to do so.,This,other,worker,will,True,active,plain,prohibition,right,False,0.9,safety_and_working_conditions,True,
hillsborough_county_public_schools__hillsborough_contract_teacher_2013_2016__0929c4c0,Hillsborough_Contract_Teacher_2013_2016.pdf,Hillsborough County Public Schools,30,"By the last day of pre-planning, furniture and equipment shall have been placed in the teacher’s assigned class or station.",furniture and equipment,management,worker,shall,False,passive,plain,obligation,obligation,True,1.0,safety_and_working_conditions,True,
hillsborough_county_public_schools__hillsborough_contract_teacher_2013_2016__0929c4c0,Hillsborough_Contract_Teacher_2013_2016.pdf,Hillsborough County Public Schools,30,Supplies and their distribution shall be handled through a central location,Supplies and their distribution,management,management,shall,False,passive,plain,obligation,obligation,True,1.0,safety_and_working_conditions,True,
hillsborough_county_public_schools__hillsborough_contract_teacher_2013_2016__0929c4c0,Hillsborough_Contract_Teacher_2013_2016.pdf,Hillsborough County Public Schools,30,invoices shall be available to teachers upon request.,invoices,management,worker,shall,False,active,plain,obligation,obligation,True,1.0,safety_and_working_conditions,True,
hillsborough_county_public_schools__hillsborough_contract_teacher_2013_2016__0929c4c0,Hillsborough_Contract_Teacher_2013_2016.pdf,Hillsborough County Public Schools,30,A teacher’s right to privacy of his/her mail shall be maintained.,A teacher’s right to privacy of his/her mail,management,worker,shall,False,passive,plain,obligation,obligation,True,1.0,teacher_rights_and_conduct,True,
hillsborough_county_public_schools__hillsborough_contract_teacher_2013_2016__0929c4c0,Hillsborough_Contract_Teacher_2013_2016.pdf,Hillsborough County Public Schools,30,"Teachers placing a written order or request for supplies, equipment or materials with their principal or immediate supervisor, shall receive a written response to the disposition of the request within two weeks.","Teachers placing a written order or request for supplies, equipment or materials with their principal or immediate supervisor",worker,worker,shall,False,active,rights_active,right,right,True,1.0,safety_and_working_conditions,True,
hillsborough_county_public_schools__hillsborough_contract_teacher_2013_2016__0929c4c0,Hillsborough_Contract_Teacher_2013_2016.pdf,Hillsborough County Public Schools,30,Teacher initiated requests for repairs shall be responded to in a timely manner.,Teacher initiated requests for repairs,management,worker,shall,False,passive,plain,obligation,obligation,True,1.0,safety_and_working_conditions,True,
hillsborough_county_public_schools__hillsborough_contract_teacher_2013_2016__0929c4c0,Hillsborough_Contract_Teacher_2013_2016.pdf,Hillsborough County Public Schools,30,Work orders not completed within two weeks of the date of origin shall be investigated and responded to by the employee’s site manager.,Work orders not completed within two weeks of the date of origin,worker,worker,shall,False,passive,plain,obligation,obligation,True,1.0,safety_and_working_conditions,True,
hillsborough_county_public_schools__hillsborough_contract_teacher_2013_2016__0929c4c0,Hillsborough_Contract_Teacher_2013_2016.pdf,Hillsborough County Public Schools,30,"Faculty only areas, to include private staff areas and restrooms, shall be off limits to students.","Faculty only areas, to include private staff areas and restrooms",other,worker,shall,False,active,plain,obligation,prohibition,False,1.0,safety_and_working_conditions,True,
hillsborough_county_public_schools__hillsborough_contract_teacher_2013_2016__0929c4c0,Hillsborough_Contract_Teacher_2013_2016.pdf,Hillsborough County Public Schools,30,Teachers shall have the right to confiscate cell phones and other electronic devices used by students in class in violation of Board policy.,Teachers,worker,worker,shall,False,active,rights_active,right,right,True,1.0,teacher_rights_and_conduct,True,
hillsborough_county_public_schools__hillsborough_contract_teacher_2013_2016__0929c4c0,Hillsborough_Contract_Teacher_2013_2016.pdf,Hillsborough County Public Schools,31,Teachers will not be held financially liable for theft or loss of confiscated items when following school policy.,Teachers,worker,worker,will,True,passive,plain,prohibition,prohibition,True,0.9,safety_and_working_conditions,True,
hillsborough_county_public_schools__hillsborough_contract_teacher_2013_2016__0929c4c0,Hillsborough_Contract_Teacher_2013_2016.pdf,Hillsborough County Public Schools,31,The following information shall be provided to the teacher:,The following information,other,worker,shall,False,passive,rights_passive,right,obligation,False,1.0,other,True,
hillsborough_county_public_schools__hillsborough_contract_teacher_2013_2016__0929c4c0,Hillsborough_Contract_Teacher_2013_2016.pdf,Hillsborough County Public Schools,31,The administrator may offer the aggrieved assistance in arranging a conference at a date and time acceptable to all parties.,The administrator,management,worker,may,False,active,plain,permission,permission,True,0.3,discipline,True,
hillsborough_county_public_schools__hillsborough_contract_teacher_2013_2016__0929c4c0,Hillsborough_Contract_Teacher_2013_2016.pdf,Hillsborough County Public Schools,31,"If the conference does not resolve the problem, the administrator or their designee may then become the third party to the conference.",the administrator or their designee,management,management,may,False,active,plain,permission,permission,True,0.3,discipline,True,
hillsborough_county_public_schools__hillsborough_contract_teacher_2013_2016__0929c4c0,Hillsborough_Contract_Teacher_2013_2016.pdf,Hillsborough County Public Schools,31,"In accordance with state law and School Board policy, no employee shall be subjected to retaliation for filing a complaint.",no employee,management,worker,shall,True,passive,plain,prohibition,prohibition,True,1.0,teacher_rights_and_conduct,True,subject-side quantifier negation
hillsborough_county_public_schools__hillsborough_contract_teacher_2013_2016__0929c4c0,Hillsborough_Contract_Teacher_2013_2016.pdf,Hillsborough County Public Schools,31,The Association may request an administrative review with the appropriate Assistant Superintendent through the General Manager of Employee Relations when the Association has a concern which it feels affects the welfare of the teachers and/or the system,The Association,worker,worker,may,False,active,plain,permission,permission,True,0.3,teacher_rights_and_conduct,True,
hillsborough_county_public_schools__hillsborough_contract_teacher_2013_2016__0929c4c0,Hillsborough_Contract_Teacher_2013_2016.pdf,Hillsborough County Public Schools,31,the use of this procedure does not negate the use of other remedies in the contract.,the use of this procedure,other,worker,,True,active,plain,prohibition,right,False,0.0,discipline,True,
hillsborough_county_public_schools__hillsborough_contract_teacher_2013_2016__0929c4c0,Hillsborough_Contract_Teacher_2013_2016.pdf,Hillsborough County Public Schools,31,The timelines contained in the grievance procedure shall be suspended when administrative review is used to attempt to solve a problem.,The timelines contained in the grievance procedure,other,worker,shall,False,passive,plain,obligation,obligation,True,1.0,discipline,True,
hillsborough_county_public_schools__hillsborough_contract_teacher_2013_2016__0929c4c0,Hillsborough_Contract_Teacher_2013_2016.pdf,Hillsborough County Public Schools,31,The School Board will not tolerate sexual harassment at any of its sites or activities.,The School Board,management,worker,will,True,active,plain,prohibition,prohibition,True,0.9,safety_and_working_conditions,True,
hillsborough_county_public_schools__hillsborough_contract_teacher_2013_2016__0929c4c0,Hillsborough_Contract_Teacher_2013_2016.pdf,Hillsborough County Public Schools,31,"Personnel, at all levels, are responsible for taking action to prevent harassment at any of the School Board’s sites or activities.","Personnel, at all levels",worker,management,,False,active,obligation_verb,obligation,obligation,True,0.85,safety_and_working_conditions,True,
hillsborough_county_public_schools__hillsborough_contract_teacher_2013_2016__0929c4c0,Hillsborough_Contract_Teacher_2013_2016.pdf,Hillsborough County Public Schools,31,The Office of Professional Standards may be contacted for assistance.,The Office of Professional Standards,other,worker,may,False,passive,plain,permission,permission,True,0.3,safety_and_working_conditions,True,
hillsborough_county_public_schools__hillsborough_contract_teacher_2013_2016__0929c4c0,Hillsborough_Contract_Teacher_2013_2016.pdf,Hillsborough County Public Schools,31,An individual has the legal right at any time to raise the issue of sexual harassment with appropriate site and/or district personnel without fear of reprisal.,An individual,other,worker,,False,active,rights_active,right,right,True,0.85,teacher_rights_and_conduct,True,
hillsborough_county_public_schools__hillsborough_contract_teacher_2013_2016__0929c4c0,Hillsborough_Contract_Teacher_2013_2016.pdf,Hillsborough County Public Schools,31,"Allegations of sexual harassment will be promptly investigated, giving due regard to the need for confidentiality.",Allegations of sexual harassment,other,worker,will,False,passive,plain,obligation,obligation,True,0.9,safety_and_working_conditions,True,
hillsborough_county_public_schools__hillsborough_contract_teacher_2013_2016__0929c4c0,Hillsborough_Contract_Teacher_2013_2016.pdf,Hillsborough County Public Schools,31,Information relative to the prevention and correction of sexual harassment will be provided in writing to perso,Information relative to the prevention and correction of sexual harassment,other,worker,will,False,passive,rights_passive,right,obligation,False,0.9,safety_and_working_conditions,True,truncated
hillsborough_county_public_schools__hillsborough_contract_teacher_2013_2016__0929c4c0,Hillsborough_Contract_Teacher_2013_2016.pdf,Hillsborough County Public Schools,32,Information relative to the prevention and correction of sexual harassment will be provided in writing to personnel and students.,Information relative to the prevention and correction of sexual harassment,other,worker,will,False,passive,rights_passive,right,obligation,False,0.9,safety_and_working_conditions,True,
hillsborough_county_public_schools__hillsborough_contract_teacher_2013_2016__0929c4c0,Hillsborough_Contract_Teacher_2013_2016.pdf,Hillsborough County Public Schools,32,"All rights granted in this section (Section 9, Association Rights) shall apply only to the Hillsborough Classroom Teachers Association as the exclusive bargaining agent for teachers.","All rights granted in this section (Section 9, Association Rights)",other,worker,shall,False,active,plain,obligation,obligation,True,1.0,teacher_rights_and_conduct,True,
hillsborough_county_public_schools__hillsborough_contract_teacher_2013_2016__0929c4c0,Hillsborough_Contract_Teacher_2013_2016.pdf,Hillsborough County Public Schools,32,"Any such rights or privileges shall not be granted to any other teacher association, union, group or individual.",Any such rights or privileges,other,worker,shall,True,passive,rights_passive,other,prohibition,False,0.0,teacher_rights_and_conduct,True,
hillsborough_county_public_schools__hillsborough_contract_teacher_2013_2016__0929c4c0,Hillsborough_Contract_Teacher_2013_2016.pdf,Hillsborough County Public Schools,32,"The district agrees to provide and review Section 9, as well as any relevant contract changes, with all site administrators and relevant supervisory personnel at the beginning of each school year, or upon ratification of changes.",The district,management,management,,False,active,obligation_verb,obligation,obligation,True,0.85,other,True,
hillsborough_county_public_schools__hillsborough_contract_teacher_2013_2016__0929c4c0,Hillsborough_Contract_Teacher_2013_2016.pdf,Hillsborough County Public Schools,32,The Association’s building unit shall be permitted the use of school buildings without cost for the purpose of conducting professional meetings.,The Association’s building unit,management,worker,shall,False,passive,permission_verb,permission,permission,True,1.0,teacher_rights_and_conduct,True,
hillsborough_county_public_schools__hillsborough_contract_teacher_2013_2016__0929c4c0,Hillsborough_Contract_Teacher_2013_2016.pdf,Hillsborough County Public Schools,32,The Association may use school buildings for the purpose of holding professional meetings provided that the Association bears the cost of paying personnel for services rendered.,The Association,worker,worker,may,False,active,plain,permission,permission,True,0.3,teacher_rights_and_conduct,True,
hillsborough_county_public_schools__hillsborough_contract_teacher_2013_2016__0929c4c0,Hillsborough_Contract_Teacher_2013_2016.pdf,Hillsborough County Public Schools,32,The Association shall be allowed a maximum of one meeting per month during the workday as long as the meeting does not interfere with student contact time.,The Association,management,worker,shall,False,passive,permission_verb,permission,permission,True,1.0,teacher_rights_and_conduct,True,
hillsborough_county_public_schools__hillsborough_contract_teacher_2013_2016__0929c4c0,Hillsborough_Contract_Teacher_2013_2016.pdf,Hillsborough County Public Schools,32,Double session schools shall be allowed one meeting per session.,Double session schools,other,worker,shall,False,passive,permission_verb,permission,permission,True,1.0,teacher_rights_and_conduct,True,
hillsborough_county_public_schools__hillsborough_contract_teacher_2013_2016__0929c4c0,Hillsborough_Contract_Teacher_2013_2016.pdf,Hillsborough County Public Schools,32,Such meetings shall not exceed 60 minutes during the workday.,Such meetings,other,management,shall,True,active,plain,prohibition,prohibition,True,1.0,teacher_rights_and_conduct,True,
hillsborough_county_public_schools__hillsborough_contract_teacher_2013_2016__0929c4c0,Hillsborough_Contract_Teacher_2013_2016.pdf,Hillsborough County Public Schools,32,"The building unit shall be allowed one additional meeting during both pre- and post-planning, neither of which shall exceed 60 minutes.",The building unit,management,worker,shall,False,passive,permission_verb,permission,permission,True,1.0,teacher_rights_and_conduct,True,
hillsborough_county_public_schools__hillsborough_contract_teacher_2013_2016__0929c4c0,Hillsborough_Contract_Teacher_2013_2016.pdf,Hillsborough County Public Schools,33,schools shall be allowed one meeting per session.,schools,management,worker,shall,False,passive,rights_passive,right,permission,False,1.0,teacher_rights_and_conduct,True,
hillsborough_county_public_schools__hillsborough_contract_teacher_2013_2016__0929c4c0,Hillsborough_Contract_Teacher_2013_2016.pdf,Hillsborough County Public Schools,33,The building representative shall clear the scheduling of such meetings with the building administrator.,The building representative,worker,management,shall,False,active,plain,obligation,obligation,True,1.0,teacher_rights_and_conduct,True,
hillsborough_county_public_schools__hillsborough_contract_teacher_2013_2016__0929c4c0,Hillsborough_Contract_Teacher_2013_2016.pdf,Hillsborough County Public Schools,33,The Association shall be provided with bulletin board space in each school building for the purpose of posting notices and other related items.,The Association,management,worker,shall,False,passive,rights_passive,right,obligation,False,1.0,teacher_rights_and_conduct,True,
hillsborough_county_public_schools__hillsborough_contract_teacher_2013_2016__0929c4c0,Hillsborough_Contract_Teacher_2013_2016.pdf,Hillsborough County Public Schools,33,Site selection within teacher access areas shall be the prerogative of the Association Representative.,Site selection within teacher access areas,other,worker,shall,False,active,plain,obligation,right,False,1.0,teacher_rights_and_conduct,True,
hillsborough_county_public_schools__hillsborough_contract_teacher_2013_2016__0929c4c0,Hillsborough_Contract_Teacher_2013_2016.pdf,Hillsborough County Public Schools,33,The Association shall be provided with school mail service.,The Association,management,worker,shall,False,passive,rights_passive,right,obligation,False,1.0,teacher_rights_and_conduct,True,
hillsborough_county_public_schools__hillsborough_contract_teacher_2013_2016__0929c4c0,Hillsborough_Contract_Teacher_2013_2016.pdf,Hillsborough County Public Schools,33,The Association will have the right to place Association materials in teachers’ mail boxes.,The Association,worker,worker,will,False,active,rights_active,right,right,True,0.9,teacher_rights_and_conduct,True,
hillsborough_county_public_schools__hillsborough_contract_teacher_2013_2016__0929c4c0,Hillsborough_Contract_Teacher_2013_2016.pdf,Hillsborough County Public Schools,33,Copies of all generally distributed materials placed in teachers’ boxes shall be furnished to the principal.,Copies of all generally distributed materials placed in teachers’ boxes,other,management,shall,False,passive,rights_passive,right,obligation,False,1.0,teacher_rights_and_conduct,True,
hillsborough_county_public_schools__hillsborough_contract_teacher_2013_2016__0929c4c0,Hillsborough_Contract_Teacher_2013_2016.pdf,Hillsborough County Public Schools,33,The Association shall be permitted to utilize the district email service (IDEAS) as a vehicle for distributing Association materials to its members.,The Association,management,worker,shall,False,passive,permission_verb,permission,permission,True,1.0,teacher_rights_and_conduct,True,
hillsborough_county_public_schools__hillsborough_contract_teacher_2013_2016__0929c4c0,Hillsborough_Contract_Teacher_2013_2016.pdf,Hillsborough County Public Schools,33,Association materials sent through school mail or U.S. mail shall be distributed in the same manner as any other piece of mail.,Association materials sent through school mail or U.S. mail,other,worker,shall,False,passive,plain,obligation,obligation,True,1.0,teacher_rights_and_conduct,True,
hillsborough_county_public_schools__hillsborough_contract_teacher_2013_2016__0929c4c0,Hillsborough_Contract_Teacher_2013_2016.pdf,Hillsborough County Public Schools,33,Qualified student assistants who have been trained may have access to school mailboxes with adult direction and supervision.,Qualified student assistants who have been trained,other,management,may,False,active,plain,permission,permission,True,0.3,other,True,
hillsborough_county_public_schools__hillsborough_contract_teacher_2013_2016__0929c4c0,Hillsborough_Contract_Teacher_2013_2016.pdf,Hillsborough County Public Schools,33,Authorized representatives of the Association will assume responsibility for posting or distributing material for the Association.,Authorized representatives of the Association,worker,management,will,False,active,plain,obligation,obligation,True,0.9,teacher_rights_and_conduct,True,
hillsborough_county_public_schools__hillsborough_contract_teacher_2013_2016__0929c4c0,Hillsborough_Contract_Teacher_2013_2016.pdf,Hillsborough County Public Schools,33,"The Association building representative shall have the right to announce the time, place, and subject of the Association meetings via available media resources and at meetings.",The Association building representative,worker,worker,shall,False,active,rights_active,right,right,True,1.0,teacher_rights_and_conduct,True,
hillsborough_county_public_schools__hillsborough_contract_teacher_2013_2016__0929c4c0,Hillsborough_Contract_Teacher_2013_2016.pdf,Hillsborough County Public Schools,33,The Board shall notify the Association when a teacher’s name has been submitted to the Education Practices Commission.,The Board,management,worker,shall,False,active,plain,obligation,obligation,True,1.0,discipline,True,
hillsborough_county_public_schools__hillsborough_contract_teacher_2013_2016__0929c4c0,Hillsborough_Contract_Teacher_2013_2016.pdf,Hillsborough County Public Schools,33,"A maximum of two teachers, during any school year, shall be allowed to take one full year of professional leave to work for the Association on a full-time basis.","A maximum of two teachers, during any school year,",management,worker,shall,False,passive,rights_passive,right,permission,False,1.0,leave,True,
hillsborough_county_public_schools__hillsborough_contract_teacher_2013_2016__0929c4c0,Hillsborough_Contract_Teacher_2013_2016.pdf,Hillsborough County Public Schools,33,Said leave shall be renewable.,Said leave,other,worker,shall,False,active,plain,obligation,right,False,1.0,leave,True,
hillsborough_county_public_schools__hillsborough_contract_teacher_2013_2016__0929c4c0,Hillsborough_Contract_Teacher_2013_2016.pdf,Hillsborough County Public Schools,33,Any person who requests a third year of professional leave will be assigned to the county pool for placement.,Any person who requests a third year of professional leave,management,management,will,False,passive,plain,obligation,obligation,True,0.9,leave,True,
hillsborough_county_public_schools__hillsborough_contract_teacher_2013_2016__0929c4c0,Hillsborough_Contract_Teacher_2013_2016.pdf,Hillsborough County Public Schools,33,Teachers granted such leave shall remain on the District’s payroll.,Teachers granted such leave,worker,worker,shall,False,active,plain,obligation,right,False,1.0,leave,True,
hillsborough_county_public_schools__hillsborough_contract_teacher_2013_2016__0929c4c0,Hillsborough_Contract_Teacher_2013_2016.pdf,Hillsborough County Public Schools,33,The Association shall reimburse the District for all such payroll costs.,The Association,worker,management,shall,False,active,plain,obligation,obligation,True,1.0,leave,True,
hillsborough_county_public_schools__hillsborough_contract_teacher_2013_2016__0929c4c0,Hillsborough_Contract_Teacher_2013_2016.pdf,Hillsborough County Public Schools,33,"The Board agrees to deduct from teachers’ salaries an amount to cover dues for the Association, as the teachers individually and voluntarily authorize the Board to deduct and to transmit the amou",The Board,management,worker,,False,active,plain,other,obligation,False,0.0,other,True,Text truncated at end of chunk
hillsborough_county_public_schools__hillsborough_contract_teacher_2013_2016__0929c4c0,Hillsborough_Contract_Teacher_2013_2016.pdf,Hillsborough County Public Schools,35,The individual performing this duty shall continue to be a continuous employee of the Board for all purposes,The individual performing this duty,worker,worker,shall,False,active,plain,obligation,right,False,1.0,job_security,True,
hillsborough_county_public_schools__hillsborough_contract_teacher_2013_2016__0929c4c0,Hillsborough_Contract_Teacher_2013_2016.pdf,Hillsborough County Public Schools,35,shall not be considered as being on leave when performing this duty.,The individual performing this duty,management,worker,shall,True,passive,plain,prohibition,prohibition,True,1.0,leave,True,
hillsborough_county_public_schools__hillsborough_contract_teacher_2013_2016__0929c4c0,Hillsborough_Contract_Teacher_2013_2016.pdf,Hillsborough County Public Schools,35,This duty assignment shall be a regularly established position of the Board,This duty assignment,other,worker,shall,False,active,plain,obligation,obligation,True,1.0,other,True,
hillsborough_county_public_schools__hillsborough_contract_teacher_2013_2016__0929c4c0,Hillsborough_Contract_Teacher_2013_2016.pdf,Hillsborough County Public Schools,35,shall have continuous existence.,This duty assignment,other,worker,shall,False,active,plain,obligation,obligation,True,1.0,other,True,
hillsborough_county_public_schools__hillsborough_contract_teacher_2013_2016__0929c4c0,Hillsborough_Contract_Teacher_2013_2016.pdf,Hillsborough County Public Schools,35,The employee shall be compensated at the employee’s same rate of pay as if he/she was performing full-time classroom teaching.,The employee,management,worker,shall,False,passive,rights_passive,right,obligation,False,1.0,compensation,True,
hillsborough_county_public_schools__hillsborough_contract_teacher_2013_2016__0929c4c0,Hillsborough_Contract_Teacher_2013_2016.pdf,Hillsborough County Public Schools,35,The Association shall inform the Board of the date of the President’s term of office.,The Association,worker,management,shall,False,active,plain,obligation,obligation,True,1.0,other,True,
hillsborough_county_public_schools__hillsborough_contract_teacher_2013_2016__0929c4c0,Hillsborough_Contract_Teacher_2013_2016.pdf,Hillsborough County Public Schools,35,"Thirty association members, with a limit of two per site, shall receive two days professional leave for the purpose of attending the FEA convention.","Thirty association members, with a limit of two per site",worker,worker,shall,False,active,rights_active,right,right,True,1.0,leave,True,
hillsborough_county_public_schools__hillsborough_contract_teacher_2013_2016__0929c4c0,Hillsborough_Contract_Teacher_2013_2016.pdf,Hillsborough County Public Schools,35,Other delegates of the Association shall be selected on the basis of one delegate for every twenty-five Association members,Other delegates of the Association,management,worker,shall,False,passive,rights_passive,right,obligation,False,1.0,other,True,
hillsborough_county_public_schools__hillsborough_contract_teacher_2013_2016__0929c4c0,Hillsborough_Contract_Teacher_2013_2016.pdf,Hillsborough County Public Schools,35,shall receive one day professional leave for the purpose of attending the FEA convention.,Other delegates of the Association,worker,worker,shall,False,active,rights_active,right,right,True,1.0,leave,True,
hillsborough_county_public_schools__hillsborough_contract_teacher_2013_2016__0929c4c0,Hillsborough_Contract_Teacher_2013_2016.pdf,Hillsborough County Public Schools,35,The Association shall provide a list of delegates to the Division of Human Resources no later than one week prior to the professional leave dates.,The Association,worker,management,shall,False,active,plain,obligation,obligation,True,1.0,leave,True,
hillsborough_county_public_schools__hillsborough_contract_teacher_2013_2016__0929c4c0,Hillsborough_Contract_Teacher_2013_2016.pdf,Hillsborough County Public Schools,35,Substitutes shall be provided for convention delegates as requested by the Association.,Substitutes,worker,worker,shall,False,passive,rights_passive,right,obligation,False,1.0,leave,True,
hillsborough_county_public_schools__hillsborough_contract_teacher_2013_2016__0929c4c0,Hillsborough_Contract_Teacher_2013_2016.pdf,Hillsborough County Public Schools,35,The Association shall reimburse the Board for the substitute teachers’ salary.,The Association,worker,management,shall,False,active,plain,obligation,obligation,True,1.0,leave,True,
hillsborough_county_public_schools__hillsborough_contract_teacher_2013_2016__0929c4c0,Hillsborough_Contract_Teacher_2013_2016.pdf,Hillsborough County Public Schools,35,The Classroom Teachers Association may designate up to five Association members each to receive a nonpaid Leave of Absence in order to serve as official delegates to the NEA and AFT conventions in July.,The Classroom Teachers Association,worker,worker,may,False,active,plain,permission,permission,True,0.3,leave,True,
hillsborough_county_public_schools__hillsborough_contract_teacher_2013_2016__0929c4c0,Hillsborough_Contract_Teacher_2013_2016.pdf,Hillsborough County Public Schools,35,These Association members will be allowed a maximum of five days unpaid leave from the extended year program or 12-month position.,These Association members,management,worker,will,False,passive,permission_verb,permission,permission,True,0.9,leave,True,
hillsborough_county_public_schools__hillsborough_contract_teacher_2013_2016__0929c4c0,Hillsborough_Contract_Teacher_2013_2016.pdf,Hillsborough County Public Schools,35,The Association may request additional delegates which must be approved by the Superintendent.,The Association,worker,worker,may,False,active,plain,permission,permission,True,0.3,other,True,Relative clause imposes a separate management duty.
hillsborough_county_public_schools__hillsborough_contract_teacher_2013_2016__0929c4c0,Hillsborough_Contract_Teacher_2013_2016.pdf,Hillsborough County Public Schools,35,The Association may request leave for members to engage in legislative or professional activity up to the cumulative Association total of sixty (60) days per year.,The Association,worker,worker,may,False,active,plain,permission,permission,True,0.3,leave,True,
hillsborough_county_public_schools__hillsborough_contract_teacher_2013_2016__0929c4c0,Hillsborough_Contract_Teacher_2013_2016.pdf,Hillsborough County Public Schools,35,Such leave shall be granted by the Board,Such leave,management,worker,shall,False,passive,rights_passive,right,obligation,False,1.0,leave,True,
hillsborough_county_public_schools__hillsborough_contract_teacher_2013_2016__0929c4c0,Hillsborough_Contract_Teacher_2013_2016.pdf,Hillsborough County Public Schools,35,said members will be considered to be on paid professional leave.,said members,management,worker,will,False,passive,plain,obligation,obligation,True,0.9,leave,True,
hillsborough_county_public_schools__hillsborough_contract_teacher_2013_2016__0929c4c0,Hillsborough_Contract_Teacher_2013_2016.pdf,Hillsborough County Public Schools,35,The Association will pay substitute costs.,The Association,worker,management,will,False,active,plain,obligation,obligation,True,0.9,leave,True,
hillsborough_county_public_schools__hillsborough_contract_teacher_2013_2016__0929c4c0,Hillsborough_Contract_Teacher_2013_2016.pdf,Hillsborough County Public Schools,36,The Association may request additional days which must be approved by the Superintendent.,The Association,worker,worker,may,False,active,permission_verb,permission,permission,True,0.3,leave,True,
hillsborough_county_public_schools__hillsborough_contract_teacher_2013_2016__0929c4c0,Hillsborough_Contract_Teacher_2013_2016.pdf,Hillsborough County Public Schools,36,Substitutes shall be provided for all members of the Association’s bargaining team when bargaining sessions occur during the school day.,Substitutes,management,worker,shall,False,passive,rights_passive,right,obligation,False,1.0,other,True,
hillsborough_county_public_schools__hillsborough_contract_teacher_2013_2016__0929c4c0,Hillsborough_Contract_Teacher_2013_2016.pdf,Hillsborough County Public Schools,36,"The Association shall have the right to form, organize and solicit membership as the exclusive bargaining agent certified to represent all employees within the bargaining unit at any duty-free time during the school day provided solicitation does not interfere with the official duties of employees and the operation of schools.",The Association,worker,worker,shall,False,active,rights_active,right,right,True,1.0,other,True,
hillsborough_county_public_schools__hillsborough_contract_teacher_2013_2016__0929c4c0,Hillsborough_Contract_Teacher_2013_2016.pdf,Hillsborough County Public Schools,36,The Association representative shall notify the building administrator when reporting to a work site.,The Association representative,worker,management,shall,False,active,plain,obligation,obligation,True,1.0,other,True,
hillsborough_county_public_schools__hillsborough_contract_teacher_2013_2016__0929c4c0,Hillsborough_Contract_Teacher_2013_2016.pdf,Hillsborough County Public Schools,36,Seniority shall accrue county-wide for each year of continuous service in Hillsborough County.,Seniority,other,worker,shall,False,active,plain,obligation,obligation,True,1.0,seniority,True,
hillsborough_county_public_schools__hillsborough_contract_teacher_2013_2016__0929c4c0,Hillsborough_Contract_Teacher_2013_2016.pdf,Hillsborough County Public Schools,36,Seniority shall accrue to all full-time teachers.,Seniority,other,worker,shall,False,active,plain,obligation,obligation,True,1.0,seniority,True,
hillsborough_county_public_schools__hillsborough_contract_teacher_2013_2016__0929c4c0,Hillsborough_Contract_Teacher_2013_2016.pdf,Hillsborough County Public Schools,36,A teacher contracted for more than 198 days of service shall not accrue extra time for seniority.,A teacher contracted for more than 198 days of service,worker,management,shall,True,active,plain,prohibition,prohibition,True,1.0,seniority,True,
hillsborough_county_public_schools__hillsborough_contract_teacher_2013_2016__0929c4c0,Hillsborough_Contract_Teacher_2013_2016.pdf,Hillsborough County Public Schools,36,"In the event of a tie in the beginning employment dates, seniority shall accrue from the date recorded on the electronic hiring action.",seniority,other,worker,shall,False,active,plain,obligation,obligation,True,1.0,seniority,True,
hillsborough_county_public_schools__hillsborough_contract_teacher_2013_2016__0929c4c0,Hillsborough_Contract_Teacher_2013_2016.pdf,Hillsborough County Public Schools,36,"The teacher with the most seniority shall have first option to stay in a position or transfer, with such option extended to all teachers on a diminishing basis until one elects to transfer or until such time as the teacher with the least amount of seniority is required to transfer.",The teacher with the most seniority,worker,worker,shall,False,active,rights_active,right,right,True,1.0,seniority,True,
hillsborough_county_public_schools__hillsborough_contract_teacher_2013_2016__0929c4c0,Hillsborough_Contract_Teacher_2013_2016.pdf,Hillsborough County Public Schools,36,"Teachers who have been notified in writing that dismissal proceedings are contemplated or teachers on fourth year probation, may not volunteer",Teachers who have been notified in writing that dismissal proceedings are contemplated or teachers on fourth year probation,worker,management,may,True,active,plain,prohibition,prohibition,True,0.3,discipline,True,split from compound sentence joined by 'but'
hillsborough_county_public_schools__hillsborough_contract_teacher_2013_2016__0929c4c0,Hillsborough_Contract_Teacher_2013_2016.pdf,Hillsborough County Public Schools,36,"Teachers who have been notified in writing that dismissal proceedings are contemplated or teachers on fourth year probation, shall be transferred if their seniority requires it.",Teachers who have been notified in writing that dismissal proceedings are contemplated or teachers on fourth year probation,management,worker,shall,False,passive,plain,obligation,obligation,True,1.0,discipline,True,split from compound sentence joined by 'but'
hillsborough_county_public_schools__hillsborough_contract_teacher_2013_2016__0929c4c0,Hillsborough_Contract_Teacher_2013_2016.pdf,Hillsborough County Public Schools,36,"When a specific issue must be resolved involving teachers with equal seniority, it will be resolved by an objective lottery in the presence of the affected parties.",it,management,worker,will,False,passive,plain,obligation,obligation,True,0.9,seniority,True,
hillsborough_county_public_schools__hillsborough_contract_teacher_2013_2016__0929c4c0,Hillsborough_Contract_Teacher_2013_2016.pdf,Hillsborough County Public Schools,36,A permanent teacher may transfer to a permanent or temporary position without changing his contract status.,A permanent teacher,worker,worker,may,False,active,permission_verb,permission,permission,True,0.3,transfers,True,
hillsborough_county_public_schools__hillsborough_contract_teacher_2013_2016__0929c4c0,Hillsborough_Contract_Teacher_2013_2016.pdf,Hillsborough County Public Schools,36,A transfer request may be initiated by a teacher.,A transfer request,worker,worker,may,False,passive,plain,permission,permission,True,0.3,transfers,True,
hillsborough_county_public_schools__hillsborough_contract_teacher_2013_2016__0929c4c0,Hillsborough_Contract_Teacher_2013_2016.pdf,Hillsborough County Public Schools,37,"Teachers who have been notified in writing that dismissal proceedings are contemplated, or teachers on fourth year probation, may not volunteer","Teachers who have been notified in writing that dismissal proceedings are contemplated, or teachers on fourth year probation",worker,management,may,True,active,plain,prohibition,prohibition,True,0.3,teacher_rights_and_conduct,True,
hillsborough_county_public_schools__hillsborough_contract_teacher_2013_2016__0929c4c0,Hillsborough_Contract_Teacher_2013_2016.pdf,Hillsborough County Public Schools,37,"Teachers who have been notified in writing that dismissal proceedings are contemplated, or teachers on fourth year probation, shall be transferred if their seniority requires it.","Teachers who have been notified in writing that dismissal proceedings are contemplated, or teachers on fourth year probation",management,worker,shall,False,passive,plain,obligation,obligation,True,1.0,transfers,True,
hillsborough_county_public_schools__hillsborough_contract_teacher_2013_2016__0929c4c0,Hillsborough_Contract_Teacher_2013_2016.pdf,Hillsborough County Public Schools,37,A transfer will not be granted if the teacher does not qualify for the existing vacancy.,A transfer,management,management,will,True,passive,plain,prohibition,prohibition,True,0.9,transfers,True,
hillsborough_county_public_schools__hillsborough_contract_teacher_2013_2016__0929c4c0,Hillsborough_Contract_Teacher_2013_2016.pdf,Hillsborough County Public Schools,37,"Unless a pool exists, principals, when filling vacancies, shall reassign teachers currently out-of-field, unless hired out-of-field, before considering transfers or new applicants.","principals, when filling vacancies",management,management,shall,False,active,plain,obligation,obligation,True,1.0,transfers,True,
hillsborough_county_public_schools__hillsborough_contract_teacher_2013_2016__0929c4c0,Hillsborough_Contract_Teacher_2013_2016.pdf,Hillsborough County Public Schools,37,"Except when a freeze is in effect, teachers are eligible to transfer at any time during the school year to accept a higher paying position, to accept a position in a newly created program, or to accept a position in an existing program when such program is expanded during the school year.",teachers,worker,worker,,False,active,plain,other,right,False,0.0,transfers,True,
hillsborough_county_public_schools__hillsborough_contract_teacher_2013_2016__0929c4c0,Hillsborough_Contract_Teacher_2013_2016.pdf,Hillsborough County Public Schools,37,"Teachers may also transfer in-field from an out-of-field assignment, unless hired out-of-field on an “agreement to earn.”",Teachers,worker,worker,may,False,active,plain,permission,permission,True,0.3,transfers,True,
hillsborough_county_public_schools__hillsborough_contract_teacher_2013_2016__0929c4c0,Hillsborough_Contract_Teacher_2013_2016.pdf,Hillsborough County Public Schools,37,A qualified replacement should be secured before the transfer is made,A qualified replacement,management,management,should,False,passive,plain,obligation,obligation,True,0.7,transfers,True,
hillsborough_county_public_schools__hillsborough_contract_teacher_2013_2016__0929c4c0,Hillsborough_Contract_Teacher_2013_2016.pdf,Hillsborough County Public Schools,37,no transfer will be delayed more than two weeks.,no transfer,management,worker,will,True,passive,plain,prohibition,prohibition,True,0.9,transfers,True,
hillsborough_county_public_schools__hillsborough_contract_teacher_2013_2016__0929c4c0,Hillsborough_Contract_Teacher_2013_2016.pdf,Hillsborough County Public Schools,37,"After unit allocation, hiring of new applicants cannot take place until the placement of teachers from the pool.",hiring of new applicants,management,worker,can,True,active,plain,prohibition,prohibition,True,0.3,transfers,True,
hillsborough_county_public_schools__hillsborough_contract_teacher_2013_2016__0929c4c0,Hillsborough_Contract_Teacher_2013_2016.pdf,Hillsborough County Public Schools,37,Teachers who are placed in the pool due to unit loss will be eligible for transfer as all other teachers.,Teachers who are placed in the pool due to unit loss,worker,worker,will,False,active,plain,obligation,right,False,0.9,transfers,True,
hillsborough_county_public_schools__hillsborough_contract_teacher_2013_2016__0929c4c0,Hillsborough_Contract_Teacher_2013_2016.pdf,Hillsborough County Public Schools,37,"If a teacher is placed into a pool due to unit loss or a loss of funding and the teacher’s position is reconstituted/reinstated no later than one week prior to the scheduled Fall pool, the teacher shall have the right to return to the position.",the teacher,worker,worker,shall,False,active,rights_active,right,right,True,1.0,layoffs,True,
hillsborough_county_public_schools__hillsborough_contract_teacher_2013_2016__0929c4c0,Hillsborough_Contract_Teacher_2013_2016.pdf,Hillsborough County Public Schools,37,Teachers are eligible to transfer to any vacancy for which they are certified,Teachers,worker,worker,,False,active,plain,other,right,False,0.0,transfers,True,
hillsborough_county_public_schools__hillsborough_contract_teacher_2013_2016__0929c4c0,Hillsborough_Contract_Teacher_2013_2016.pdf,Hillsborough County Public Schools,37,certification areas in which vacancies are needed for the pool will be identified,certification areas in which vacancies are needed for the pool,management,worker,will,False,passive,plain,obligation,obligation,True,0.9,transfers,True,
hillsborough_county_public_schools__hillsborough_contract_teacher_2013_2016__0929c4c0,Hillsborough_Contract_Teacher_2013_2016.pdf,Hillsborough County Public Schools,37,transfers in these areas may only be made by teachers with the same assignment.,transfers in these areas,worker,management,may,False,passive,plain,permission,permission,True,0.3,transfers,True,
hillsborough_county_public_schools__hillsborough_contract_teacher_2013_2016__0929c4c0,Hillsborough_Contract_Teacher_2013_2016.pdf,Hillsborough County Public Schools,38,"After spring transfer period, transfers will not be allowed to fill a vacancy in an area where a pool still exists.",transfers,management,management,will,True,passive,prohibition_verb,permission,prohibition,False,0.9,transfers,True,
hillsborough_county_public_schools__hillsborough_contract_teacher_2013_2016__0929c4c0,Hillsborough_Contract_Teacher_2013_2016.pdf,Hillsborough County Public Schools,38,Teachers remaining in the unit loss pool after the initial transfer period will be placed according to Sections 11.4 and 10 (Unit Loss Transfers and Seniority).,Teachers remaining in the unit loss pool after the initial transfer period,management,worker,will,False,passive,plain,obligation,obligation,True,0.9,transfers,True,
hillsborough_county_public_schools__hillsborough_contract_teacher_2013_2016__0929c4c0,Hillsborough_Contract_Teacher_2013_2016.pdf,Hillsborough County Public Schools,38,"During this second transfer period, teachers will be able to transfer to any area for which they are certified if there is not a pool in that area.",teachers,worker,worker,will,False,active,plain,obligation,permission,False,0.9,transfers,True,
hillsborough_county_public_schools__hillsborough_contract_teacher_2013_2016__0929c4c0,Hillsborough_Contract_Teacher_2013_2016.pdf,Hillsborough County Public Schools,38,A teacher shall be granted only one transfer during the transfer period.,A teacher,management,management,shall,False,passive,rights_passive,right,prohibition,False,1.0,transfers,True,
hillsborough_county_public_schools__hillsborough_contract_teacher_2013_2016__0929c4c0,Hillsborough_Contract_Teacher_2013_2016.pdf,Hillsborough County Public Schools,38,Administrators shall notify the office of Personnel Services of all vacancies as soon as they are known.,Administrators,management,worker,shall,False,active,plain,obligation,obligation,True,1.0,transfers,True,
hillsborough_county_public_schools__hillsborough_contract_teacher_2013_2016__0929c4c0,Hillsborough_Contract_Teacher_2013_2016.pdf,Hillsborough County Public Schools,38,The Division of Human Resources shall provide a list of vacancies at the beginning of the transfer period,The Division of Human Resources,management,worker,shall,False,active,plain,obligation,obligation,True,1.0,transfers,True,
hillsborough_county_public_schools__hillsborough_contract_teacher_2013_2016__0929c4c0,Hillsborough_Contract_Teacher_2013_2016.pdf,Hillsborough County Public Schools,38,vacancy information shall be provided daily on the District’s web site.,vacancy information,management,worker,shall,False,passive,rights_passive,right,obligation,False,1.0,transfers,True,
hillsborough_county_public_schools__hillsborough_contract_teacher_2013_2016__0929c4c0,Hillsborough_Contract_Teacher_2013_2016.pdf,Hillsborough County Public Schools,38,The Division of Human Resources shall establish the beginning date for the hiring of new teachers after all pools have met.,The Division of Human Resources,management,worker,shall,False,active,plain,obligation,obligation,True,1.0,transfers,True,
hillsborough_county_public_schools__hillsborough_contract_teacher_2013_2016__0929c4c0,Hillsborough_Contract_Teacher_2013_2016.pdf,Hillsborough County Public Schools,38,The Division of Human Resources will provide vacancy information on the School District of Hillsborough County’s web site.,The Division of Human Resources,management,worker,will,False,active,plain,obligation,obligation,True,0.9,transfers,True,
hillsborough_county_public_schools__hillsborough_contract_teacher_2013_2016__0929c4c0,Hillsborough_Contract_Teacher_2013_2016.pdf,Hillsborough County Public Schools,38,Applicants who have interviewed for a position shall be notified in a timely manner after the decision is made.,Applicants who have interviewed for a position,management,worker,shall,False,passive,rights_passive,right,obligation,False,1.0,other,True,
hillsborough_county_public_schools__hillsborough_contract_teacher_2013_2016__0929c4c0,Hillsborough_Contract_Teacher_2013_2016.pdf,Hillsborough County Public Schools,38,The teacher will be notified of the result.,The teacher,management,worker,will,False,passive,rights_passive,right,obligation,False,0.9,other,True,
hillsborough_county_public_schools__hillsborough_contract_teacher_2013_2016__0929c4c0,Hillsborough_Contract_Teacher_2013_2016.pdf,Hillsborough County Public Schools,38,Teachers shall be assisted at their new sites in making a smooth transition into their new positions.,Teachers,management,worker,shall,False,passive,plain,obligation,obligation,True,1.0,transfers,True,
hillsborough_county_public_schools__hillsborough_contract_teacher_2013_2016__0929c4c0,Hillsborough_Contract_Teacher_2013_2016.pdf,Hillsborough County Public Schools,38,The Superintendent or his designee shall investigate any written request for an administrative transfer.,The Superintendent or his designee,management,worker,shall,False,active,plain,obligation,obligation,True,1.0,transfers,True,
hillsborough_county_public_schools__hillsborough_contract_teacher_2013_2016__0929c4c0,Hillsborough_Contract_Teacher_2013_2016.pdf,Hillsborough County Public Schools,40,Reassignments may not be made prior to identifying teachers for the pool.,Reassignments,management,worker,may,True,passive,plain,prohibition,prohibition,True,0.3,transfers,True,
hillsborough_county_public_schools__hillsborough_contract_teacher_2013_2016__0929c4c0,Hillsborough_Contract_Teacher_2013_2016.pdf,Hillsborough County Public Schools,40,Administrators will identify and notify all teachers in a subject area that will experience a unit loss.,Administrators,management,worker,will,False,active,plain,obligation,obligation,True,0.9,transfers,True,
hillsborough_county_public_schools__hillsborough_contract_teacher_2013_2016__0929c4c0,Hillsborough_Contract_Teacher_2013_2016.pdf,Hillsborough County Public Schools,40,Teachers in descending order of seniority may volunteer to have their names submitted for pool placement.,Teachers in descending order of seniority,worker,worker,may,False,active,plain,permission,permission,True,0.3,transfers,True,
hillsborough_county_public_schools__hillsborough_contract_teacher_2013_2016__0929c4c0,Hillsborough_Contract_Teacher_2013_2016.pdf,Hillsborough County Public Schools,40,the least senior person(s) will be placed in the pool.,the least senior person(s),management,worker,will,False,passive,plain,obligation,obligation,True,0.9,transfers,True,
hillsborough_county_public_schools__hillsborough_contract_teacher_2013_2016__0929c4c0,Hillsborough_Contract_Teacher_2013_2016.pdf,Hillsborough County Public Schools,40,The teachers in the pool will be listed by subject areas according to their seniority in the Hillsborough County School System.,The teachers in the pool,management,worker,will,False,passive,plain,obligation,obligation,True,0.9,transfers,True,
hillsborough_county_public_schools__hillsborough_contract_teacher_2013_2016__0929c4c0,Hillsborough_Contract_Teacher_2013_2016.pdf,Hillsborough County Public Schools,40,The teacher with the most seniority will be given their choice of vacancies in the certification area from which he or she was displaced.,The teacher with the most seniority,management,worker,will,False,passive,rights_passive,right,right,True,0.9,transfers,True,
hillsborough_county_public_schools__hillsborough_contract_teacher_2013_2016__0929c4c0,Hillsborough_Contract_Teacher_2013_2016.pdf,Hillsborough County Public Schools,40,"Using seniority, teachers will be given a choice until all are placed or until all vacancies are filled.",teachers,management,worker,will,False,passive,rights_passive,right,right,True,0.9,transfers,True,
hillsborough_county_public_schools__hillsborough_contract_teacher_2013_2016__0929c4c0,Hillsborough_Contract_Teacher_2013_2016.pdf,Hillsborough County Public Schools,40,The teacher in the pool with the most seniority will be given the refusal of each vacancy occurring until he is placed.,The teacher in the pool with the most seniority,management,worker,will,False,passive,rights_passive,right,right,True,0.9,transfers,True,
hillsborough_county_public_schools__hillsborough_contract_teacher_2013_2016__0929c4c0,Hillsborough_Contract_Teacher_2013_2016.pdf,Hillsborough County Public Schools,40,The teacher in the pool with the least seniority will be assigned to any vacancy occurring if all teachers with more seniority have refused the position.,The teacher in the pool with the least seniority,management,worker,will,False,passive,plain,obligation,obligation,True,0.9,transfers,True,
hillsborough_county_public_schools__hillsborough_contract_teacher_2013_2016__0929c4c0,Hillsborough_Contract_Teacher_2013_2016.pdf,Hillsborough County Public Schools,40,Teachers not assigned will remain in the pool and be placed in any second pool for which they are certified.,Teachers not assigned,worker,worker,will,False,active,plain,obligation,obligation,True,0.9,transfers,True,
hillsborough_county_public_schools__hillsborough_contract_teacher_2013_2016__0929c4c0,Hillsborough_Contract_Teacher_2013_2016.pdf,Hillsborough County Public Schools,40,Teachers placed in a second pool may volunteer for a vacancy after all teachers remaining in the first pool have refused it.,Teachers placed in a second pool,worker,worker,may,False,active,plain,permission,permission,True,0.3,transfers,True,
hillsborough_county_public_schools__hillsborough_contract_teacher_2013_2016__0929c4c0,Hillsborough_Contract_Teacher_2013_2016.pdf,Hillsborough County Public Schools,40,teachers in the first pool must be assigned.,teachers in the first pool,management,worker,must,False,passive,obligation_verb,obligation,obligation,True,1.0,transfers,True,
hillsborough_county_public_schools__hillsborough_contract_teacher_2013_2016__0929c4c0,Hillsborough_Contract_Teacher_2013_2016.pdf,Hillsborough County Public Schools,40,The Division of Human Resources will work with teachers remaining in the pool to find the best assignment possible for the welfare of the teacher and the school system until appropriate vacancies occur.,The Division of Human Resources,management,worker,will,False,active,plain,obligation,obligation,True,0.9,transfers,True,
hillsborough_county_public_schools__hillsborough_contract_teacher_2013_2016__0929c4c0,Hillsborough_Contract_Teacher_2013_2016.pdf,Hillsborough County Public Schools,40,The teacher shall have the option of staying in this area and taking courses necessary for certification or accepting the first vacancy in the area from which he/she,The teacher,worker,worker,shall,False,active,plain,obligation,right,False,1.0,transfers,True,Truncated at end.
hillsborough_county_public_schools__hillsborough_contract_teacher_2013_2016__0929c4c0,Hillsborough_Contract_Teacher_2013_2016.pdf,Hillsborough County Public Schools,41,The teacher shall have the option of staying in this area and taking courses necessary for certification or accepting the first vacancy in the area from which he/she was displaced.,The teacher,worker,worker,shall,False,active,plain,obligation,right,False,1.0,transfers,True,
hillsborough_county_public_schools__hillsborough_contract_teacher_2013_2016__0929c4c0,Hillsborough_Contract_Teacher_2013_2016.pdf,Hillsborough County Public Schools,41,A teacher shall not give up his/her right to move in field if he/she rejects a temporary appointment after the beginning of the school year.,A teacher,worker,worker,shall,True,active,plain,prohibition,prohibition,True,1.0,transfers,True,
hillsborough_county_public_schools__hillsborough_contract_teacher_2013_2016__0929c4c0,Hillsborough_Contract_Teacher_2013_2016.pdf,Hillsborough County Public Schools,41,"If a teacher voluntarily transfers to another position for which he/she is eligible, the teacher automatically gives up his/her right to remain in the pool.",the teacher,worker,management,,False,active,plain,other,other,True,0.0,transfers,True,
hillsborough_county_public_schools__hillsborough_contract_teacher_2013_2016__0929c4c0,Hillsborough_Contract_Teacher_2013_2016.pdf,Hillsborough County Public Schools,41,Teachers will retain pool rights for a period not to exceed two years.,Teachers,worker,worker,will,False,active,plain,obligation,right,False,0.9,transfers,True,
hillsborough_county_public_schools__hillsborough_contract_teacher_2013_2016__0929c4c0,Hillsborough_Contract_Teacher_2013_2016.pdf,Hillsborough County Public Schools,41,Teachers selecting positions from the pool shall be assured the subject area selected.,Teachers selecting positions from the pool,management,worker,shall,False,passive,rights_passive,right,right,True,1.0,transfers,True,
hillsborough_county_public_schools__hillsborough_contract_teacher_2013_2016__0929c4c0,Hillsborough_Contract_Teacher_2013_2016.pdf,Hillsborough County Public Schools,41,Vacancies for Magnet school positions will be listed during the transfer period,Vacancies for Magnet school positions,other,worker,will,False,passive,plain,obligation,obligation,True,0.9,transfers,True,
hillsborough_county_public_schools__hillsborough_contract_teacher_2013_2016__0929c4c0,Hillsborough_Contract_Teacher_2013_2016.pdf,Hillsborough County Public Schools,41,only current magnet school teachers may select these vacancies in the county pool process.,only current magnet school teachers,worker,worker,may,False,active,plain,permission,permission,True,0.3,transfers,True,
hillsborough_county_public_schools__hillsborough_contract_teacher_2013_2016__0929c4c0,Hillsborough_Contract_Teacher_2013_2016.pdf,Hillsborough County Public Schools,41,Out-of-field teachers in a carry-over pool may be required to return to their area of previous assignment if a vacancy occurs prior to the freeze on teacher transfers before the start of the new year for which they were pool placed.,Out-of-field teachers in a carry-over pool,management,management,may,False,passive,obligation_verb,obligation,obligation,True,0.3,transfers,True,
hillsborough_county_public_schools__hillsborough_contract_teacher_2013_2016__0929c4c0,Hillsborough_Contract_Teacher_2013_2016.pdf,Hillsborough County Public Schools,41,consideration shall be given to travel distances,consideration,other,worker,shall,False,passive,plain,obligation,obligation,True,1.0,safety_and_working_conditions,True,
hillsborough_county_public_schools__hillsborough_contract_teacher_2013_2016__0929c4c0,Hillsborough_Contract_Teacher_2013_2016.pdf,Hillsborough County Public Schools,41,employees shall not be compelled to travel distances in excess of 10 miles one way.,employees,management,worker,shall,True,passive,prohibition_verb,permission,prohibition,False,1.0,safety_and_working_conditions,True,
hillsborough_county_public_schools__hillsborough_contract_teacher_2013_2016__0929c4c0,Hillsborough_Contract_Teacher_2013_2016.pdf,Hillsborough County Public Schools,41,Teachers in a temporary assignment will not be considered for transfer.,Teachers in a temporary assignment,management,management,will,True,passive,plain,prohibition,prohibition,True,0.9,transfers,True,
hillsborough_county_public_schools__hillsborough_contract_teacher_2013_2016__0929c4c0,Hillsborough_Contract_Teacher_2013_2016.pdf,Hillsborough County Public Schools,41,The seniority of a teacher who is on leave and has a vested interest in the position will be used to determine the unit to transfer.,The seniority of a teacher who is on leave and has a vested interest in the position,other,worker,will,False,passive,plain,obligation,obligation,True,0.9,transfers,True,
hillsborough_county_public_schools__hillsborough_contract_teacher_2013_2016__0929c4c0,Hillsborough_Contract_Teacher_2013_2016.pdf,Hillsborough County Public Schools,41,"A teacher contracted for a Group I or II supplement will not normally be transferred due to unit loss, except in the event that the required number of teachers needed to transfer exceeds the number of non Group I or II supplemented teachers.",A teacher contracted for a Group I or II supplement,management,worker,will,True,passive,plain,prohibition,prohibition,True,0.9,transfers,True,
hillsborough_county_public_schools__hillsborough_contract_teacher_2013_2016__0929c4c0,Hillsborough_Contract_Teacher_2013_2016.pdf,Hillsborough County Public Schools,41,all Group II supplemented teachers shall first be subjected to unit loss with Group I supplemented teachers following if necessary.,all Group II supplemented teachers,management,worker,shall,False,passive,plain,obligation,obligation,True,1.0,transfers,True,
hillsborough_county_public_schools__hillsborough_contract_teacher_2013_2016__0929c4c0,Hillsborough_Contract_Teacher_2013_2016.pdf,Hillsborough County Public Schools,41,reassignment to a vacant classroom position in the subject area disciplines in another area of certification within the same school shall be granted for either the affected senior teacher or the supplemented teacher unless a carry-over pool exists in that subject area.,reassignment to a vacant classroom position in the subject area disciplines in another area of certification within the same school,management,worker,shall,False,passive,rights_passive,right,right,True,1.0,transfers,True,
hillsborough_county_public_schools__hillsborough_contract_teacher_2013_2016__0929c4c0,Hillsborough_Contract_Teacher_2013_2016.pdf,Hillsborough County Public Schools,41,The principal will determine the teacher to be reassigned if both teachers are qualified for reassignment.,The principal,management,management,will,False,active,plain,obligation,obligation,True,0.9,transfers,True,
hillsborough_county_public_schools__hillsborough_contract_teacher_2013_2016__0929c4c0,Hillsborough_Contract_Teacher_2013_2016.pdf,Hillsborough County Public Schools,42,A permanent teacher who was designated as a unit loss on the spring pool list and who has transferred to another school either by voluntary transfer or pool placement shall be permitted to transfer back to his/her former school under the following conditions:,A permanent teacher who was designated as a unit loss on the spring pool list and who has transferred to another school either by voluntary transfer or pool placement,management,worker,shall,False,passive,permission_verb,permission,permission,True,1.0,transfers,True,
hillsborough_county_public_schools__hillsborough_contract_teacher_2013_2016__0929c4c0,Hillsborough_Contract_Teacher_2013_2016.pdf,Hillsborough County Public Schools,42,Secondary or elementary teachers not certified in exceptional child shall be placed at special education centers if there are no other positions available at regular school centers.,Secondary or elementary teachers not certified in exceptional child,management,worker,shall,False,passive,plain,obligation,obligation,True,1.0,transfers,True,
hillsborough_county_public_schools__hillsborough_contract_teacher_2013_2016__0929c4c0,Hillsborough_Contract_Teacher_2013_2016.pdf,Hillsborough County Public Schools,42,A freeze will be maintained,A freeze,other,worker,will,False,passive,plain,obligation,obligation,True,0.9,transfers,True,
hillsborough_county_public_schools__hillsborough_contract_teacher_2013_2016__0929c4c0,Hillsborough_Contract_Teacher_2013_2016.pdf,Hillsborough County Public Schools,42,the teacher assigned to a special education center will be transferred when a vacancy occurs.,the teacher assigned to a special education center,management,worker,will,False,passive,plain,obligation,obligation,True,0.9,transfers,True,
hillsborough_county_public_schools__hillsborough_contract_teacher_2013_2016__0929c4c0,Hillsborough_Contract_Teacher_2013_2016.pdf,Hillsborough County Public Schools,42,The teacher shall be allowed to remain at the special education center when a vacancy occurs if the principal of the special education center and the teacher agree.,The teacher,management,worker,shall,False,passive,permission_verb,permission,permission,True,1.0,transfers,True,
hillsborough_county_public_schools__hillsborough_contract_teacher_2013_2016__0929c4c0,Hillsborough_Contract_Teacher_2013_2016.pdf,Hillsborough County Public Schools,42,Secondary music or physical education teachers shall be placed at the elementary level only if there are no other positions available at the secondary level.,Secondary music or physical education teachers,management,worker,shall,False,passive,plain,obligation,obligation,True,1.0,transfers,True,
hillsborough_county_public_schools__hillsborough_contract_teacher_2013_2016__0929c4c0,Hillsborough_Contract_Teacher_2013_2016.pdf,Hillsborough County Public Schools,42,teachers assigned to elementary music or physical education from a secondary pool will be transferred as unearmarked vacancies occur at the secondary level.,teachers assigned to elementary music or physical education from a secondary pool,management,worker,will,False,passive,plain,obligation,obligation,True,0.9,transfers,True,
hillsborough_county_public_schools__hillsborough_contract_teacher_2013_2016__0929c4c0,Hillsborough_Contract_Teacher_2013_2016.pdf,Hillsborough County Public Schools,42,The teacher can remain at the elementary position if the teacher and the principal agree.,The teacher,worker,worker,can,False,active,permission_verb,permission,permission,True,0.3,transfers,True,
hillsborough_county_public_schools__hillsborough_contract_teacher_2013_2016__0929c4c0,Hillsborough_Contract_Teacher_2013_2016.pdf,Hillsborough County Public Schools,42,This procedure shall also apply to elementary music or physical education teachers assigned to secondary.,This procedure,other,worker,shall,False,active,plain,obligation,obligation,True,1.0,transfers,True,
hillsborough_county_public_schools__hillsborough_contract_teacher_2013_2016__0929c4c0,Hillsborough_Contract_Teacher_2013_2016.pdf,Hillsborough County Public Schools,42,middle schools shall be divided into (1) grade six and (2) grades seven and eight.,middle schools,management,management,shall,False,passive,plain,obligation,obligation,True,1.0,other,True,
hillsborough_county_public_schools__hillsborough_contract_teacher_2013_2016__0929c4c0,Hillsborough_Contract_Teacher_2013_2016.pdf,Hillsborough County Public Schools,42,"The seniority and unit loss policy will be used for transfer of teachers when a new school is formed or when boundary changes are made, or when schools are consolidated.",The seniority and unit loss policy,other,worker,will,False,passive,plain,obligation,obligation,True,0.9,transfers,True,
hillsborough_county_public_schools__hillsborough_contract_teacher_2013_2016__0929c4c0,Hillsborough_Contract_Teacher_2013_2016.pdf,Hillsborough County Public Schools,42,Units shall be allocated or reallocated to the affected school(s).,Units,management,management,shall,False,passive,plain,obligation,obligation,True,1.0,class_size,True,
hillsborough_county_public_schools__hillsborough_contract_teacher_2013_2016__0929c4c0,Hillsborough_Contract_Teacher_2013_2016.pdf,Hillsborough County Public Schools,42,Group I supplemented positions for new schools / consolidated assignments will be reserved prior to pool placement.,Group I supplemented positions for new schools / consolidated assignments,management,worker,will,False,passive,plain,obligation,obligation,True,0.9,transfers,True,
hillsborough_county_public_schools__hillsborough_contract_teacher_2013_2016__0929c4c0,Hillsborough_Contract_Teacher_2013_2016.pdf,Hillsborough County Public Schools,42,"All vacancies at the receiving school(s), including additional units and vacancies resulting from resignation, leaves or temporary appointments, are identified and frozen.","All vacancies at the receiving school(s), including additional units and vacancies resulting from resignation, leaves or temporary appointments",management,management,,False,passive,plain,other,other,True,0.0,transfers,True,
hillsborough_county_public_schools__hillsborough_contract_teacher_2013_2016__0929c4c0,Hillsborough_Contract_Teacher_2013_2016.pdf,Hillsborough County Public Schools,43,Only the surplus teachers at the sending school(s) in each department can be reassigned to the receiving school(s),Only the surplus teachers at the sending school(s) in each department,management,worker,can,False,passive,plain,permission,permission,True,0.3,transfers,True,
hillsborough_county_public_schools__hillsborough_contract_teacher_2013_2016__0929c4c0,Hillsborough_Contract_Teacher_2013_2016.pdf,Hillsborough County Public Schools,43,teachers leaving will be identified according to the unit loss and the seniority policy.,teachers leaving,management,worker,will,False,passive,plain,obligation,obligation,True,0.9,layoffs,True,
hillsborough_county_public_schools__hillsborough_contract_teacher_2013_2016__0929c4c0,Hillsborough_Contract_Teacher_2013_2016.pdf,Hillsborough County Public Schools,43,"Prior to the spring transfer period, teachers will be given a list of vacancies at the receiving school(s), by departments.",teachers,management,worker,will,False,passive,rights_passive,right,obligation,False,0.9,transfers,True,
hillsborough_county_public_schools__hillsborough_contract_teacher_2013_2016__0929c4c0,Hillsborough_Contract_Teacher_2013_2016.pdf,Hillsborough County Public Schools,43,"Each teacher, on a seniority basis, will have a choice of accepting a vacancy according to their current teaching assignment (See 11.4.6 D) at the receiving school(s) in the certification area from which he/she was displaced or being placed in the county pool.","Each teacher, on a seniority basis",worker,worker,will,False,active,plain,obligation,right,False,0.9,transfers,True,
hillsborough_county_public_schools__hillsborough_contract_teacher_2013_2016__0929c4c0,Hillsborough_Contract_Teacher_2013_2016.pdf,Hillsborough County Public Schools,43,Any teacher who cannot be assigned to the receiving school(s) will be placed in the county pool.,Any teacher who cannot be assigned to the receiving school(s),management,worker,will,False,passive,plain,obligation,obligation,True,0.9,transfers,True,
hillsborough_county_public_schools__hillsborough_contract_teacher_2013_2016__0929c4c0,Hillsborough_Contract_Teacher_2013_2016.pdf,Hillsborough County Public Schools,43,Teachers who have been assigned to the receiving school(s) or county pool are eligible to transfer during the transfer period.,Teachers who have been assigned to the receiving school(s) or county pool,worker,worker,,False,active,plain,other,right,False,0.0,transfers,True,
hillsborough_county_public_schools__hillsborough_contract_teacher_2013_2016__0929c4c0,Hillsborough_Contract_Teacher_2013_2016.pdf,Hillsborough County Public Schools,43,"No teacher shall be appointed or reappointed to a school in which his/her father, mother, brother, sister, husband, wife, son, daughter or in-law is employed as an administrator.",No teacher,management,management,shall,True,passive,prohibition_verb,permission,prohibition,False,1.0,other,True,
hillsborough_county_public_schools__hillsborough_contract_teacher_2013_2016__0929c4c0,Hillsborough_Contract_Teacher_2013_2016.pdf,Hillsborough County Public Schools,43,A teacher and an administrator marrying during the school year shall be allowed to finish that year at the same school.,A teacher and an administrator marrying during the school year,management,worker,shall,False,passive,permission_verb,permission,permission,True,1.0,other,True,
hillsborough_county_public_schools__hillsborough_contract_teacher_2013_2016__0929c4c0,Hillsborough_Contract_Teacher_2013_2016.pdf,Hillsborough County Public Schools,43,Voluntary energy transfers may occur any time during the year except during a freeze and during the period prior to spring pool placement.,Voluntary energy transfers,other,worker,may,False,active,permission_verb,permission,permission,True,0.3,transfers,True,
hillsborough_county_public_schools__hillsborough_contract_teacher_2013_2016__0929c4c0,Hillsborough_Contract_Teacher_2013_2016.pdf,Hillsborough County Public Schools,43,"To be eligible for an energy transfer, an employee must have completed one year or the equivalent of continuous permanent employment at the school from which he/she is transferring.",an employee,worker,management,must,False,active,obligation_verb,obligation,obligation,True,1.0,transfers,True,
hillsborough_county_public_schools__hillsborough_contract_teacher_2013_2016__0929c4c0,Hillsborough_Contract_Teacher_2013_2016.pdf,Hillsborough County Public Schools,43,In order to qualify for an energy transfer a teacher must travel a minimum of 20 miles or more per day (round trip) or 100 miles per week round trip.,a teacher,worker,management,must,False,active,obligation_verb,obligation,obligation,True,1.0,transfers,True,
hillsborough_county_public_schools__hillsborough_contract_teacher_2013_2016__0929c4c0,Hillsborough_Contract_Teacher_2013_2016.pdf,Hillsborough County Public Schools,43,The transfer must result in a reduction in the number of miles traveled by the teacher.,The transfer,other,worker,must,False,active,plain,obligation,obligation,True,1.0,transfers,True,
hillsborough_county_public_schools__hillsborough_contract_teacher_2013_2016__0929c4c0,Hillsborough_Contract_Teacher_2013_2016.pdf,Hillsborough County Public Schools,43,Acceptance of said transfer shall be voluntary on the part of the teacher and the administrator at the receiving work site.,Acceptance of said transfer,other,worker,shall,False,active,plain,obligation,obligation,True,1.0,transfers,True,
hillsborough_county_public_schools__hillsborough_contract_teacher_2013_2016__0929c4c0,Hillsborough_Contract_Teacher_2013_2016.pdf,Hillsborough County Public Schools,43,"In an energy transfer where two teachers exchange positions, both teachers and administrators in the affected work sites must voluntarily agree to the exchange.",both teachers and administrators in the affected work sites,other,worker,must,False,active,obligation_verb,obligation,obligation,True,1.0,transfers,True,
hillsborough_county_public_schools__hillsborough_contract_teacher_2013_2016__0929c4c0,Hillsborough_Contract_Teacher_2013_2016.pdf,Hillsborough County Public Schools,43,This same procedure shall apply to itinerant personnel.,This same procedure,other,worker,shall,False,active,plain,obligation,obligation,True,1.0,transfers,True,
hillsborough_county_public_schools__hillsborough_contract_teacher_2013_2016__0929c4c0,Hillsborough_Contract_Teacher_2013_2016.pdf,Hillsborough County Public Schools,44,teachers and administrators in the affected work sites must voluntarily agree to the exchange.,teachers and administrators in the affected work sites,worker,worker,must,False,active,plain,obligation,obligation,True,1.0,transfers,True,
hillsborough_county_public_schools__hillsborough_contract_teacher_2013_2016__0929c4c0,Hillsborough_Contract_Teacher_2013_2016.pdf,Hillsborough County Public Schools,44,"A teacher who will be absent from duty shall notify the District’s Substitute Employee Management System (SEMS), as early as possible, preferably the night before the absence and not later than one hour prior to the teacher’s reporting time on the morning of the absence.",A teacher who will be absent from duty,worker,management,shall,False,active,plain,obligation,obligation,True,1.0,leave,True,
hillsborough_county_public_schools__hillsborough_contract_teacher_2013_2016__0929c4c0,Hillsborough_Contract_Teacher_2013_2016.pdf,Hillsborough County Public Schools,44,they will also notify the administration or designee.,they,worker,management,will,False,active,plain,obligation,obligation,True,0.9,leave,True,
hillsborough_county_public_schools__hillsborough_contract_teacher_2013_2016__0929c4c0,Hillsborough_Contract_Teacher_2013_2016.pdf,Hillsborough County Public Schools,44,All absences from duty must be excused.,All absences from duty,management,worker,must,False,passive,plain,obligation,obligation,True,1.0,leave,True,
hillsborough_county_public_schools__hillsborough_contract_teacher_2013_2016__0929c4c0,Hillsborough_Contract_Teacher_2013_2016.pdf,Hillsborough County Public Schools,44,"Teachers who are willfully absent from duty without leave or misrepresent the cause of absence, shall forfeit compensation for the time of such absence",Teachers who are willfully absent from duty without leave or misrepresent the cause of absence,worker,management,shall,False,active,plain,obligation,obligation,True,1.0,leave,True,
hillsborough_county_public_schools__hillsborough_contract_teacher_2013_2016__0929c4c0,Hillsborough_Contract_Teacher_2013_2016.pdf,Hillsborough County Public Schools,44,their contract shall be subject to cancellation by the Board.,their contract,management,management,shall,False,passive,plain,obligation,obligation,True,1.0,other,True,
hillsborough_county_public_schools__hillsborough_contract_teacher_2013_2016__0929c4c0,Hillsborough_Contract_Teacher_2013_2016.pdf,Hillsborough County Public Schools,44,"The Sick Leave Bank shall be established and deemed to be in operation when one thousand (1,000) sick leave days have been deposited in the Bank.",The Sick Leave Bank,management,worker,shall,False,passive,plain,obligation,obligation,True,1.0,leave,True,
hillsborough_county_public_schools__hillsborough_contract_teacher_2013_2016__0929c4c0,Hillsborough_Contract_Teacher_2013_2016.pdf,Hillsborough County Public Schools,44,The sick leave bank shall be administered through the office of the Chief Officer for Human Resources.,The sick leave bank,management,management,shall,False,passive,plain,obligation,obligation,True,1.0,leave,True,
hillsborough_county_public_schools__hillsborough_contract_teacher_2013_2016__0929c4c0,Hillsborough_Contract_Teacher_2013_2016.pdf,Hillsborough County Public Schools,44,"Any employee may apply for membership to the Sick Leave Bank who is actively on duty and has at least eleven (11) days of accrued sick leave as of October 1, the date of effective enrollment.",Any employee,worker,worker,may,False,active,plain,permission,permission,True,0.3,leave,True,
hillsborough_county_public_schools__hillsborough_contract_teacher_2013_2016__0929c4c0,Hillsborough_Contract_Teacher_2013_2016.pdf,Hillsborough County Public Schools,44,Those persons wishing to become members of the Sick Leave Bank shall do so by voluntarily applying for membership and contributing one (1) accrued sick leave day to the bank during the time determined and published by the Sick Leave Bank Committee.,Those persons wishing to become members of the Sick Leave Bank,worker,worker,shall,False,active,plain,obligation,obligation,True,1.0,leave,True,
hillsborough_county_public_schools__hillsborough_contract_teacher_2013_2016__0929c4c0,Hillsborough_Contract_Teacher_2013_2016.pdf,Hillsborough County Public Schools,44,Membership in the Sick Leave Bank shall be continuous from initial enrollment until an individual member has drawn all Sick Leave Bank Committee approved days for original illness (not to exceed 100 days) or has resigned from the school system.,Membership in the Sick Leave Bank,other,worker,shall,False,active,plain,obligation,obligation,True,1.0,leave,True,
hillsborough_county_public_schools__hillsborough_contract_teacher_2013_2016__0929c4c0,Hillsborough_Contract_Teacher_2013_2016.pdf,Hillsborough County Public Schools,44,Membership may not be reinstated by a former member returning used days to the bank.,Membership,worker,management,may,True,passive,plain,prohibition,prohibition,True,0.3,leave,True,
hillsborough_county_public_schools__hillsborough_contract_teacher_2013_2016__0929c4c0,Hillsborough_Contract_Teacher_2013_2016.pdf,Hillsborough County Public Schools,44,Each July the Sick Leave Bank Committee shall determine if the bank balance will be drawn to below 500 days during the coming year.,the Sick Leave Bank Committee,other,management,shall,False,active,plain,obligation,obligation,True,1.0,leave,True,
hillsborough_county_public_schools__hillsborough_contract_teacher_2013_2016__0929c4c0,Hillsborough_Contract_Teacher_2013_2016.pdf,Hillsborough County Public Schools,45,the committee concludes that the 500 day balance will occur during the next school year,the committee,management,management,will,False,active,plain,obligation,other,False,0.9,leave,True,
hillsborough_county_public_schools__hillsborough_contract_teacher_2013_2016__0929c4c0,Hillsborough_Contract_Teacher_2013_2016.pdf,Hillsborough County Public Schools,45,each member will be notified that they will be required to contribute one additional sick leave day on the last pay date in September in order to continue members.,each member,management,management,will,False,passive,rights_passive,right,obligation,False,0.9,leave,True,
hillsborough_county_public_schools__hillsborough_contract_teacher_2013_2016__0929c4c0,Hillsborough_Contract_Teacher_2013_2016.pdf,Hillsborough County Public Schools,45,Members not having one additional sick leave day accrued to their benefit shall not be eligible to continue membership.,Members not having one additional sick leave day accrued to their benefit,worker,management,shall,True,active,prohibition_verb,permission,prohibition,False,1.0,leave,True,
hillsborough_county_public_schools__hillsborough_contract_teacher_2013_2016__0929c4c0,Hillsborough_Contract_Teacher_2013_2016.pdf,Hillsborough County Public Schools,45,Such members shall again be eligible when they meet the criteria in 12.2.2 A.,Such members,worker,worker,shall,False,active,permission_verb,permission,permission,True,1.0,leave,True,
hillsborough_county_public_schools__hillsborough_contract_teacher_2013_2016__0929c4c0,Hillsborough_Contract_Teacher_2013_2016.pdf,Hillsborough County Public Schools,45,that individual’s membership shall be suspended for all subsequent illness and benefits not arising directly out of the original illness or injury.,that individual’s membership,management,management,shall,False,passive,plain,obligation,obligation,True,1.0,leave,True,
hillsborough_county_public_schools__hillsborough_contract_teacher_2013_2016__0929c4c0,Hillsborough_Contract_Teacher_2013_2016.pdf,Hillsborough County Public Schools,45,Such individuals may reinstate their membership by meeting the qualifications in 12.2.2 A.,Such individuals,worker,worker,may,False,active,plain,permission,permission,True,0.3,leave,True,
hillsborough_county_public_schools__hillsborough_contract_teacher_2013_2016__0929c4c0,Hillsborough_Contract_Teacher_2013_2016.pdf,Hillsborough County Public Schools,45,Members of the bank may only contribute days as authorized above,Members of the bank,worker,management,may,False,active,permission_verb,permission,prohibition,False,0.3,leave,True,
hillsborough_county_public_schools__hillsborough_contract_teacher_2013_2016__0929c4c0,Hillsborough_Contract_Teacher_2013_2016.pdf,Hillsborough County Public Schools,45,any sick leave days donated to the bank shall not be returned to the employee except as a benefit of membership in the bank.,any sick leave days donated to the bank,management,management,shall,True,passive,prohibition_verb,permission,prohibition,False,1.0,leave,True,
hillsborough_county_public_schools__hillsborough_contract_teacher_2013_2016__0929c4c0,Hillsborough_Contract_Teacher_2013_2016.pdf,Hillsborough County Public Schools,45,"Sick Leave Bank members are not eligible for benefits for a pre-existing condition until after January 1, one year following the effective date of enrollment.",Sick Leave Bank members,worker,management,,True,active,prohibition_verb,permission,prohibition,False,0.85,leave,True,
hillsborough_county_public_schools__hillsborough_contract_teacher_2013_2016__0929c4c0,Hillsborough_Contract_Teacher_2013_2016.pdf,Hillsborough County Public Schools,45,The member must have applied for an extended leave of absence from employment because of their own personal catastrophic illness or accident (excluding Workers’ Compensation cases).,The member,worker,worker,must,False,active,obligation_verb,obligation,obligation,True,1.0,leave,True,
hillsborough_county_public_schools__hillsborough_contract_teacher_2013_2016__0929c4c0,Hillsborough_Contract_Teacher_2013_2016.pdf,Hillsborough County Public Schools,45,Sick Leave Bank benefits are not payable for benefits coverable by Workers’ Compensation benefits.,Sick Leave Bank benefits,other,management,,True,active,plain,prohibition,prohibition,True,0.0,leave,True,inanimate subject
hillsborough_county_public_schools__hillsborough_contract_teacher_2013_2016__0929c4c0,Hillsborough_Contract_Teacher_2013_2016.pdf,Hillsborough County Public Schools,45,The member must have exhausted all accumulated sick leave and have missed ten (10) consecutive workdays without pay.,The member,worker,worker,must,False,active,obligation_verb,obligation,obligation,True,1.0,leave,True,
hillsborough_county_public_schools__hillsborough_contract_teacher_2013_2016__0929c4c0,Hillsborough_Contract_Teacher_2013_2016.pdf,Hillsborough County Public Schools,45,The member must make application to the Sick Leave Bank Committee by submitting certificates from two doctors attesting to the member’s extended illness or accident.,The member,worker,worker,must,False,active,obligation_verb,obligation,obligation,True,1.0,leave,True,
hillsborough_county_public_schools__hillsborough_contract_teacher_2013_2016__0929c4c0,Hillsborough_Contract_Teacher_2013_2016.pdf,Hillsborough County Public Schools,45,The Sick Leave Bank Committee will provide the necessary forms and determine the required info,The Sick Leave Bank Committee,management,worker,will,False,active,plain,obligation,obligation,True,0.9,leave,True,truncated at end of chunk
hillsborough_county_public_schools__hillsborough_contract_teacher_2013_2016__0929c4c0,Hillsborough_Contract_Teacher_2013_2016.pdf,Hillsborough County Public Schools,46,The Sick Leave Bank Committee will provide the necessary forms and determine the required information.,The Sick Leave Bank Committee,management,worker,will,False,active,plain,obligation,obligation,True,0.9,leave,True,
hillsborough_county_public_schools__hillsborough_contract_teacher_2013_2016__0929c4c0,Hillsborough_Contract_Teacher_2013_2016.pdf,Hillsborough County Public Schools,46,members will be allowed to draw up to a maximum of one hundred (100) paid sick leave days from the bank.,members,management,worker,will,False,passive,permission_verb,permission,permission,True,0.9,leave,True,
hillsborough_county_public_schools__hillsborough_contract_teacher_2013_2016__0929c4c0,Hillsborough_Contract_Teacher_2013_2016.pdf,Hillsborough County Public Schools,46,Payment of benefits for these approved 100 days does not have to be continuous for the same illness.,Payment of benefits for these approved 100 days,other,worker,,True,active,obligation_verb,right,other,False,0.85,leave,True,
hillsborough_county_public_schools__hillsborough_contract_teacher_2013_2016__0929c4c0,Hillsborough_Contract_Teacher_2013_2016.pdf,Hillsborough County Public Schools,46,each request must be accompanied by a new application,each request,other,management,must,False,passive,plain,obligation,obligation,True,1.0,leave,True,
hillsborough_county_public_schools__hillsborough_contract_teacher_2013_2016__0929c4c0,Hillsborough_Contract_Teacher_2013_2016.pdf,Hillsborough County Public Schools,46,"the criteria in l, 2, and 3 above must be met.","the criteria in l, 2, and 3 above",other,management,must,False,passive,plain,obligation,obligation,True,1.0,leave,True,
hillsborough_county_public_schools__hillsborough_contract_teacher_2013_2016__0929c4c0,Hillsborough_Contract_Teacher_2013_2016.pdf,Hillsborough County Public Schools,46,All cases shall be reviewed when the 50th day of benefits is reached.,All cases,management,worker,shall,False,passive,plain,obligation,obligation,True,1.0,benefits,True,
hillsborough_county_public_schools__hillsborough_contract_teacher_2013_2016__0929c4c0,Hillsborough_Contract_Teacher_2013_2016.pdf,Hillsborough County Public Schools,46,The committee may request additional medical certification.,The committee,management,management,may,False,active,plain,permission,permission,True,0.3,benefits,True,
hillsborough_county_public_schools__hillsborough_contract_teacher_2013_2016__0929c4c0,Hillsborough_Contract_Teacher_2013_2016.pdf,Hillsborough County Public Schools,46,Members of the Sick Leave Bank who are drawing benefits are not eligible for sick leave or vacation accrual.,Members of the Sick Leave Bank who are drawing benefits,worker,management,,True,active,plain,prohibition,prohibition,True,0.0,benefits,True,
hillsborough_county_public_schools__hillsborough_contract_teacher_2013_2016__0929c4c0,Hillsborough_Contract_Teacher_2013_2016.pdf,Hillsborough County Public Schools,46,Paid holidays occurring during the approved benefit period will be paid as a benefit of the Sick Leave Bank.,Paid holidays occurring during the approved benefit period,other,worker,will,False,passive,rights_passive,right,right,True,0.9,benefits,True,
hillsborough_county_public_schools__hillsborough_contract_teacher_2013_2016__0929c4c0,Hillsborough_Contract_Teacher_2013_2016.pdf,Hillsborough County Public Schools,46,"During the duration of the coverage by the Sick Leave Bank days, the recipient is responsible for submitting updated medical statements from both physicians at the end of each month or as otherwise advised by the committee’s chairperson.",the recipient,worker,management,,False,active,obligation_verb,obligation,obligation,True,0.85,benefits,True,
hillsborough_county_public_schools__hillsborough_contract_teacher_2013_2016__0929c4c0,Hillsborough_Contract_Teacher_2013_2016.pdf,Hillsborough County Public Schools,46,This should be forwarded to the attention of the Chairperson of the Sick Leave Bank Committee.,This,other,management,should,False,passive,plain,obligation,obligation,True,0.7,other,True,
hillsborough_county_public_schools__hillsborough_contract_teacher_2013_2016__0929c4c0,Hillsborough_Contract_Teacher_2013_2016.pdf,Hillsborough County Public Schools,46,the member is required immediately to advise the chairperson of the Sick Leave Bank Committee of this change in status.,the member,worker,management,,False,active,obligation_verb,obligation,obligation,True,0.85,benefits,True,
hillsborough_county_public_schools__hillsborough_contract_teacher_2013_2016__0929c4c0,Hillsborough_Contract_Teacher_2013_2016.pdf,Hillsborough County Public Schools,46,A member who fails to advise the Chairperson of the release from a physician to return to work shall forfeit their rights to all sick leave bank benefits paid after the release,A member who fails to advise the Chairperson of the release from a physician to return to work,worker,management,shall,False,active,plain,obligation,obligation,True,1.0,benefits,True,
hillsborough_county_public_schools__hillsborough_contract_teacher_2013_2016__0929c4c0,Hillsborough_Contract_Teacher_2013_2016.pdf,Hillsborough County Public Schools,46,shall be personally liable for restitution to the bank of all funds received.,[implied member],worker,management,shall,False,active,plain,obligation,obligation,True,1.0,benefits,True,Implied subject carried over from prior clause.
hillsborough_county_public_schools__hillsborough_contract_teacher_2013_2016__0929c4c0,Hillsborough_Contract_Teacher_2013_2016.pdf,Hillsborough County Public Schools,46,The Sick Leave Bank shall be administered by the Sick Leave Bank Committee under the direction of the Chief Officer for Human Resources.,The Sick Leave Bank,management,management,shall,False,passive,plain,obligation,obligation,True,1.0,benefits,True,
hillsborough_county_public_schools__hillsborough_contract_teacher_2013_2016__0929c4c0,Hillsborough_Contract_Teacher_2013_2016.pdf,Hillsborough County Public Schools,46,"The Sick Leave Bank Committee shall be the final authority on all disputes concerning membership applications, benefit ap",The Sick Leave Bank Committee,management,management,shall,False,active,plain,obligation,obligation,True,1.0,benefits,True,Text truncated in source.
hillsborough_county_public_schools__hillsborough_contract_teacher_2013_2016__0929c4c0,Hillsborough_Contract_Teacher_2013_2016.pdf,Hillsborough County Public Schools,47,"The Sick Leave Bank Committee shall be the final authority on all disputes concerning membership applications, benefit applications and on other matters that may come before the committee.",The Sick Leave Bank Committee,other,management,shall,False,active,plain,obligation,obligation,True,1.0,benefits,True,
hillsborough_county_public_schools__hillsborough_contract_teacher_2013_2016__0929c4c0,Hillsborough_Contract_Teacher_2013_2016.pdf,Hillsborough County Public Schools,47,The chairperson shall have no voting power except in a tie breaking situation.,The chairperson,other,worker,shall,True,active,plain,prohibition,prohibition,True,1.0,other,True,subject-side quantifier negation
hillsborough_county_public_schools__hillsborough_contract_teacher_2013_2016__0929c4c0,Hillsborough_Contract_Teacher_2013_2016.pdf,Hillsborough County Public Schools,47,Enrollment forms and applications for benefits may be obtained from the Division of Human Resources.,Enrollment forms and applications for benefits,management,worker,may,False,passive,plain,permission,permission,True,0.3,benefits,True,
hillsborough_county_public_schools__hillsborough_contract_teacher_2013_2016__0929c4c0,Hillsborough_Contract_Teacher_2013_2016.pdf,Hillsborough County Public Schools,47,Specific rules for the implementation of this bank may be developed by the Sick Leave Bank Committee.,Specific rules for the implementation of this bank,management,management,may,False,passive,plain,permission,permission,True,0.3,benefits,True,
hillsborough_county_public_schools__hillsborough_contract_teacher_2013_2016__0929c4c0,Hillsborough_Contract_Teacher_2013_2016.pdf,Hillsborough County Public Schools,47,Sick Leave Bank members shall be given an annual report of usage.,Sick Leave Bank members,management,worker,shall,False,passive,rights_passive,right,obligation,False,1.0,benefits,True,
hillsborough_county_public_schools__hillsborough_contract_teacher_2013_2016__0929c4c0,Hillsborough_Contract_Teacher_2013_2016.pdf,Hillsborough County Public Schools,47,"The report shall include the number of applications submitted, approved, rejected, the number of days utilized, and the number of days remaining in the Bank.",The report,other,worker,shall,False,active,plain,obligation,obligation,True,1.0,benefits,True,inanimate subject
hillsborough_county_public_schools__hillsborough_contract_teacher_2013_2016__0929c4c0,Hillsborough_Contract_Teacher_2013_2016.pdf,Hillsborough County Public Schools,47,The membership eligibility and benefits (100 days) of the Sick Leave Bank may be changed when two-thirds of the Sick Leave Bank Committee recommends to the Sick Leave Bank membership such a change.,The membership eligibility and benefits (100 days) of the Sick Leave Bank,management,management,may,False,passive,plain,permission,permission,True,0.3,benefits,True,conditional amendment
hillsborough_county_public_schools__hillsborough_contract_teacher_2013_2016__0929c4c0,Hillsborough_Contract_Teacher_2013_2016.pdf,Hillsborough County Public Schools,47,This change shall be approved by a majority vote of the voting members of the Sick Leave Bank.,This change,worker,worker,shall,False,passive,plain,obligation,obligation,True,1.0,benefits,True,
hillsborough_county_public_schools__hillsborough_contract_teacher_2013_2016__0929c4c0,Hillsborough_Contract_Teacher_2013_2016.pdf,Hillsborough County Public Schools,47,"The Chairperson shall be responsible for conducting the meetings, corresponding with all applicants and attending to all other business of the committee.",The Chairperson,other,management,shall,False,active,plain,obligation,obligation,True,1.0,other,True,
hillsborough_county_public_schools__hillsborough_contract_teacher_2013_2016__0929c4c0,Hillsborough_Contract_Teacher_2013_2016.pdf,Hillsborough County Public Schools,47,The Chairperson shall select the Vice-Chairperson.,The Chairperson,other,management,shall,False,active,plain,obligation,obligation,True,1.0,other,True,
hillsborough_county_public_schools__hillsborough_contract_teacher_2013_2016__0929c4c0,Hillsborough_Contract_Teacher_2013_2016.pdf,Hillsborough County Public Schools,47,The Vice-Chairperson shall be responsible for conducting the annual enrollment and to act in the chairperson capacity in the absence of the chairperson.,The Vice-Chairperson,other,management,shall,False,active,plain,obligation,obligation,True,1.0,other,True,
hillsborough_county_public_schools__hillsborough_contract_teacher_2013_2016__0929c4c0,Hillsborough_Contract_Teacher_2013_2016.pdf,Hillsborough County Public Schools,47,Quorum shall consist of three members plus the chairperson or vice-chairperson.,Quorum,other,management,shall,False,active,plain,obligation,obligation,True,1.0,other,True,inanimate subject
hillsborough_county_public_schools__hillsborough_contract_teacher_2013_2016__0929c4c0,Hillsborough_Contract_Teacher_2013_2016.pdf,Hillsborough County Public Schools,48,Such sick leave shall be cumulative from year to year,Such sick leave,other,worker,shall,False,active,plain,obligation,obligation,True,1.0,leave,True,
hillsborough_county_public_schools__hillsborough_contract_teacher_2013_2016__0929c4c0,Hillsborough_Contract_Teacher_2013_2016.pdf,Hillsborough County Public Schools,48,there shall be no limit on the number of days of sick leave a member of the instructional staff may accrue,there,other,worker,shall,True,active,plain,prohibition,prohibition,True,1.0,leave,True,
hillsborough_county_public_schools__hillsborough_contract_teacher_2013_2016__0929c4c0,Hillsborough_Contract_Teacher_2013_2016.pdf,Hillsborough County Public Schools,48,at least one-half of this cumulative leave must be established within the district granting such leave,at least one-half of this cumulative leave,management,management,must,False,passive,plain,obligation,obligation,True,1.0,leave,True,
hillsborough_county_public_schools__hillsborough_contract_teacher_2013_2016__0929c4c0,Hillsborough_Contract_Teacher_2013_2016.pdf,Hillsborough County Public Schools,48,All claims for sick leave must be submitted to the principal,All claims for sick leave,worker,management,must,False,passive,obligation_verb,obligation,obligation,True,1.0,leave,True,
hillsborough_county_public_schools__hillsborough_contract_teacher_2013_2016__0929c4c0,Hillsborough_Contract_Teacher_2013_2016.pdf,Hillsborough County Public Schools,48,"All such claims shall be substantiated by filling of the appropriate form immediately upon return of the teacher to duty or during the course of his illness, as may be needed.",All such claims,management,management,shall,False,passive,obligation_verb,obligation,obligation,True,1.0,leave,True,
hillsborough_county_public_schools__hillsborough_contract_teacher_2013_2016__0929c4c0,Hillsborough_Contract_Teacher_2013_2016.pdf,Hillsborough County Public Schools,48,The Superintendent is authorized to require a certificate of illness from a licensed physician or from the County Health Officer if such is deemed necessary.,The Superintendent,management,management,,False,active,permission_verb,permission,permission,True,0.85,leave,True,
hillsborough_county_public_schools__hillsborough_contract_teacher_2013_2016__0929c4c0,Hillsborough_Contract_Teacher_2013_2016.pdf,Hillsborough County Public Schools,48,Full compensation shall be made for the time missed for justifiable absence in accordance with the Florida School Laws.,Full compensation,management,worker,shall,False,passive,rights_passive,right,obligation,False,1.0,compensation,True,
hillsborough_county_public_schools__hillsborough_contract_teacher_2013_2016__0929c4c0,Hillsborough_Contract_Teacher_2013_2016.pdf,Hillsborough County Public Schools,48,Teachers who remain on duty one-half school day are to be reported to the Payroll Office on the attendance report as being on duty one-half day.,Teachers who remain on duty one-half school day,management,worker,,False,passive,obligation_verb,obligation,obligation,True,0.85,compensation,True,
hillsborough_county_public_schools__hillsborough_contract_teacher_2013_2016__0929c4c0,Hillsborough_Contract_Teacher_2013_2016.pdf,Hillsborough County Public Schools,48,Time less than one-half day not on duty should be recorded by the school office.,Time less than one-half day not on duty,management,worker,should,False,passive,obligation_verb,obligation,obligation,True,0.7,compensation,True,
hillsborough_county_public_schools__hillsborough_contract_teacher_2013_2016__0929c4c0,Hillsborough_Contract_Teacher_2013_2016.pdf,Hillsborough County Public Schools,48,Teachers who remain on duty longer than one-half day of a school day but less than a full day (eight hours) are to be reported as being on duty a full day.,Teachers who remain on duty longer than one-half day of a school day but less than a full day (eight hours),management,worker,,False,passive,obligation_verb,obligation,obligation,True,0.85,compensation,True,
hillsborough_county_public_schools__hillsborough_contract_teacher_2013_2016__0929c4c0,Hillsborough_Contract_Teacher_2013_2016.pdf,Hillsborough County Public Schools,48,Time less than a full day not on duty should be recorded by the school office.,Time less than a full day not on duty,management,worker,should,False,passive,obligation_verb,obligation,obligation,True,0.7,compensation,True,
hillsborough_county_public_schools__hillsborough_contract_teacher_2013_2016__0929c4c0,Hillsborough_Contract_Teacher_2013_2016.pdf,Hillsborough County Public Schools,48,"the time is to be reported as personal or sick leave, indicating dates actual leaves occurred, to the Payroll Office.",the time,management,worker,,False,passive,obligation_verb,obligation,obligation,True,0.85,leave,True,Extracted from main clause following conditional opening
hillsborough_county_public_schools__hillsborough_contract_teacher_2013_2016__0929c4c0,Hillsborough_Contract_Teacher_2013_2016.pdf,Hillsborough County Public Schools,48,The payroll for that period would be adjusted to reflect the one-half day accumulated personal or sick leave.,The payroll for that period,management,worker,,False,passive,plain,other,obligation,False,0.0,compensation,True,
hillsborough_county_public_schools__hillsborough_contract_teacher_2013_2016__0929c4c0,Hillsborough_Contract_Teacher_2013_2016.pdf,Hillsborough County Public Schools,49,"When a teacher’s non-duty (leave) time recorded in the school office accumulates to one-half school day, the time is to be reported as personal or sick leave, indicating dates actual leaves occurred, to the Payroll Office.",the time,management,worker,,False,passive,plain,other,obligation,False,0.0,leave,True,
hillsborough_county_public_schools__hillsborough_contract_teacher_2013_2016__0929c4c0,Hillsborough_Contract_Teacher_2013_2016.pdf,Hillsborough County Public Schools,49,A teacher may requisition their former employing Florida school district to transfer accrued sick leave to the Hillsborough County School District.,A teacher,worker,worker,may,False,active,plain,permission,permission,True,0.3,leave,True,
hillsborough_county_public_schools__hillsborough_contract_teacher_2013_2016__0929c4c0,Hillsborough_Contract_Teacher_2013_2016.pdf,Hillsborough County Public Schools,49,"The Hillsborough County School District shall add to the teacher’s sick leave account the transferred sick leave days at a rate as earned according to the law, provided that at least one-half of this accumulative leave must be established within the district granting such leave.",The Hillsborough County School District,management,worker,shall,False,active,plain,obligation,obligation,True,1.0,leave,True,
hillsborough_county_public_schools__hillsborough_contract_teacher_2013_2016__0929c4c0,Hillsborough_Contract_Teacher_2013_2016.pdf,Hillsborough County Public Schools,49,"When sick leave is to be used continuously just prior to and continuously with a resignation or long-term leave without pay, the teacher shall notify the principal of his/her intention to do so.",the teacher,worker,management,shall,False,active,plain,obligation,obligation,True,1.0,leave,True,
hillsborough_county_public_schools__hillsborough_contract_teacher_2013_2016__0929c4c0,Hillsborough_Contract_Teacher_2013_2016.pdf,Hillsborough County Public Schools,49,The teacher will be replaced by a temporary teacher at once during the period of time in which the teacher collects sick leave.,The teacher,worker,worker,will,False,passive,plain,obligation,obligation,True,0.9,leave,True,
hillsborough_county_public_schools__hillsborough_contract_teacher_2013_2016__0929c4c0,Hillsborough_Contract_Teacher_2013_2016.pdf,Hillsborough County Public Schools,49,Such an extended use of sick leave shall require verification from a medical doctor of the illness or condition requiring the absence.,Such an extended use of sick leave,other,management,shall,False,active,plain,obligation,obligation,True,1.0,leave,True,
hillsborough_county_public_schools__hillsborough_contract_teacher_2013_2016__0929c4c0,Hillsborough_Contract_Teacher_2013_2016.pdf,Hillsborough County Public Schools,49,Teachers who are employed for a normal extended year program shall earn one additional day of sick leave.,Teachers who are employed for a normal extended year program,worker,worker,shall,False,active,rights_active,right,right,True,1.0,leave,True,
hillsborough_county_public_schools__hillsborough_contract_teacher_2013_2016__0929c4c0,Hillsborough_Contract_Teacher_2013_2016.pdf,Hillsborough County Public Schools,49,"Teachers may be employed while on personal leave from the school system for a maximum of one school year, except for employment as a teacher in a different Florida school district as defined below.",Teachers,worker,worker,may,False,passive,plain,permission,permission,True,0.3,leave,True,
hillsborough_county_public_schools__hillsborough_contract_teacher_2013_2016__0929c4c0,Hillsborough_Contract_Teacher_2013_2016.pdf,Hillsborough County Public Schools,49,"Upon expiration of the leave, the teacher will return to the county placement pool for reassignment.",the teacher,worker,management,will,False,active,plain,obligation,obligation,True,0.9,transfers,True,
hillsborough_county_public_schools__hillsborough_contract_teacher_2013_2016__0929c4c0,Hillsborough_Contract_Teacher_2013_2016.pdf,Hillsborough County Public Schools,49,"For all personal leaves unrelated to employment elsewhere, the teacher shall be returned to the school and subject area where he or she previously served.",the teacher,management,worker,shall,False,passive,plain,obligation,obligation,True,1.0,transfers,True,
hillsborough_county_public_schools__hillsborough_contract_teacher_2013_2016__0929c4c0,Hillsborough_Contract_Teacher_2013_2016.pdf,Hillsborough County Public Schools,49,Leave forms shall indicate conditions for returning to the same position or the county pool.,Leave forms,other,management,shall,False,active,plain,obligation,obligation,True,1.0,leave,True,
hillsborough_county_public_schools__hillsborough_contract_teacher_2013_2016__0929c4c0,Hillsborough_Contract_Teacher_2013_2016.pdf,Hillsborough County Public Schools,49,Teachers obtaining employment as a teacher in a different Florida school district while on non-paid personal leave shall be required to resign employment from Hillsborough County Public Schools.,Teachers obtaining employment as a teacher in a different Florida school district while on non-paid personal leave,worker,management,shall,False,active,obligation_verb,obligation,obligation,True,1.0,leave,True,
hillsborough_county_public_schools__hillsborough_contract_teacher_2013_2016__0929c4c0,Hillsborough_Contract_Teacher_2013_2016.pdf,Hillsborough County Public Schools,50,Other situations not addressed above may be reviewed by the CTA Executive Director and General Manager of Employee Relations.,Other situations not addressed above,other,worker,may,False,passive,plain,permission,permission,True,0.3,other,True,
hillsborough_county_public_schools__hillsborough_contract_teacher_2013_2016__0929c4c0,Hillsborough_Contract_Teacher_2013_2016.pdf,Hillsborough County Public Schools,50,Short term leaves (leaves for a maximum of thirty calendar days) are granted for short periods of time when a teacher is absent from his assigned post.,Short term leaves (leaves for a maximum of thirty calendar days),other,worker,,False,passive,rights_passive,right,right,True,0.85,leave,True,
hillsborough_county_public_schools__hillsborough_contract_teacher_2013_2016__0929c4c0,Hillsborough_Contract_Teacher_2013_2016.pdf,Hillsborough County Public Schools,50,These leaves will not break continuity of service.,These leaves,other,worker,will,True,active,plain,prohibition,prohibition,True,0.9,seniority,True,
hillsborough_county_public_schools__hillsborough_contract_teacher_2013_2016__0929c4c0,Hillsborough_Contract_Teacher_2013_2016.pdf,Hillsborough County Public Schools,50,The Superintendent shall have authority to approve (or to delegate responsibility for approving) all short term leaves.,The Superintendent,management,management,shall,False,active,plain,obligation,obligation,True,1.0,leave,True,
hillsborough_county_public_schools__hillsborough_contract_teacher_2013_2016__0929c4c0,Hillsborough_Contract_Teacher_2013_2016.pdf,Hillsborough County Public Schools,50,all other leave requests must be submitted on Request for Leave of Absence form and received in the Division of Human Resources three workdays prior to the effective date of leave.,all other leave requests,other,management,must,False,passive,plain,obligation,obligation,True,1.0,leave,True,
hillsborough_county_public_schools__hillsborough_contract_teacher_2013_2016__0929c4c0,Hillsborough_Contract_Teacher_2013_2016.pdf,Hillsborough County Public Schools,50,Teachers receiving compensation from a source other than the School Board for participating in an activity during normal duty hours must take personal leave.,Teachers receiving compensation from a source other than the School Board for participating in an activity during normal duty hours,worker,management,must,False,active,plain,obligation,obligation,True,1.0,leave,True,
hillsborough_county_public_schools__hillsborough_contract_teacher_2013_2016__0929c4c0,Hillsborough_Contract_Teacher_2013_2016.pdf,Hillsborough County Public Schools,50,"If the purpose of the compensation to participants is to reimburse these individuals for activities required beyond the normal work day, a Request for Leave of Absence form must be submitted",a Request for Leave of Absence form,other,management,must,False,passive,plain,obligation,obligation,True,1.0,leave,True,
hillsborough_county_public_schools__hillsborough_contract_teacher_2013_2016__0929c4c0,Hillsborough_Contract_Teacher_2013_2016.pdf,Hillsborough County Public Schools,50,the professional duty leave may be approved with documentation verifying the reason for compensation.,the professional duty leave,other,worker,may,False,passive,plain,permission,permission,True,0.3,leave,True,
hillsborough_county_public_schools__hillsborough_contract_teacher_2013_2016__0929c4c0,Hillsborough_Contract_Teacher_2013_2016.pdf,Hillsborough County Public Schools,50,Six (6) days per school year for personal leave may be charged to sick leave.,Six (6) days per school year for personal leave,other,worker,may,False,passive,plain,permission,permission,True,0.3,leave,True,
hillsborough_county_public_schools__hillsborough_contract_teacher_2013_2016__0929c4c0,Hillsborough_Contract_Teacher_2013_2016.pdf,Hillsborough County Public Schools,50,The regular Request for Leave of Absence form will not be necessary,The regular Request for Leave of Absence form,other,worker,will,True,active,plain,prohibition,prohibition,True,0.9,leave,True,
hillsborough_county_public_schools__hillsborough_contract_teacher_2013_2016__0929c4c0,Hillsborough_Contract_Teacher_2013_2016.pdf,Hillsborough County Public Schools,50,the administrator or designee shall be notified in person or by phone prior to the teacher taking leave.,the administrator or designee,worker,management,shall,False,passive,rights_passive,right,obligation,False,1.0,leave,True,
hillsborough_county_public_schools__hillsborough_contract_teacher_2013_2016__0929c4c0,Hillsborough_Contract_Teacher_2013_2016.pdf,Hillsborough County Public Schools,50,This notification does not imply a need for approval.,This notification,other,worker,need,True,active,plain,prohibition,prohibition,True,0.7,leave,True,
hillsborough_county_public_schools__hillsborough_contract_teacher_2013_2016__0929c4c0,Hillsborough_Contract_Teacher_2013_2016.pdf,Hillsborough County Public Schools,50,"Immediately following the absence, a sick leave form shall be submitted stating that the absence was for “personal reasons.”",a sick leave form,other,management,shall,False,passive,plain,obligation,obligation,True,1.0,leave,True,
hillsborough_county_public_schools__hillsborough_contract_teacher_2013_2016__0929c4c0,Hillsborough_Contract_Teacher_2013_2016.pdf,Hillsborough County Public Schools,50,No leave form shall be required for individuals performing professional duty within the county or on a Board approved field trip in or out of county.,No leave form,other,worker,shall,True,passive,obligation_verb,right,right,True,1.0,leave,True,
hillsborough_county_public_schools__hillsborough_contract_teacher_2013_2016__0929c4c0,Hillsborough_Contract_Teacher_2013_2016.pdf,Hillsborough County Public Schools,52,"Participants representing any group shall be selected on an equitable basis by the group (rotation, election, etc.).",Participants representing any group,worker,worker,shall,False,passive,rights_passive,right,right,True,1.0,teacher_rights_and_conduct,True,
hillsborough_county_public_schools__hillsborough_contract_teacher_2013_2016__0929c4c0,Hillsborough_Contract_Teacher_2013_2016.pdf,Hillsborough County Public Schools,52,Officers or board members of the group shall not be counted in the ten percent maximum allowable for any group participating in a meeting,Officers or board members of the group,management,worker,shall,True,passive,plain,prohibition,prohibition,True,1.0,other,True,
hillsborough_county_public_schools__hillsborough_contract_teacher_2013_2016__0929c4c0,Hillsborough_Contract_Teacher_2013_2016.pdf,Hillsborough County Public Schools,52,would be considered as participants above the maximum upon demonstrating their status to the Division of Human Resources.,Officers or board members of the group,management,management,would,False,passive,plain,other,other,True,0.0,other,True,subject elided in original text
hillsborough_county_public_schools__hillsborough_contract_teacher_2013_2016__0929c4c0,Hillsborough_Contract_Teacher_2013_2016.pdf,Hillsborough County Public Schools,52,no maximum shall be set,no maximum,management,management,shall,True,passive,plain,prohibition,prohibition,True,1.0,other,True,
hillsborough_county_public_schools__hillsborough_contract_teacher_2013_2016__0929c4c0,Hillsborough_Contract_Teacher_2013_2016.pdf,Hillsborough County Public Schools,52,leaves will be granted to all teachers who submit the Out-of-County Travel Authorization and Reimbursement Claim form to the appropriate administrator at least ten working days prior to the first day of absence.,leaves,management,worker,will,False,passive,rights_passive,right,right,True,0.9,leave,True,
hillsborough_county_public_schools__hillsborough_contract_teacher_2013_2016__0929c4c0,Hillsborough_Contract_Teacher_2013_2016.pdf,Hillsborough County Public Schools,52,the Out-of-County Travel Authorization and Reimbursement Claim form must be received in the Division of Human Resources at least three workdays prior to the effective date of leave.,the Out-of-County Travel Authorization and Reimbursement Claim form,management,management,must,False,passive,plain,obligation,obligation,True,1.0,leave,True,
hillsborough_county_public_schools__hillsborough_contract_teacher_2013_2016__0929c4c0,Hillsborough_Contract_Teacher_2013_2016.pdf,Hillsborough County Public Schools,52,A request for the approval of the trip shall be submitted to the appropriate Assistant Superintendent at least three weeks prior to the date of the anticipated absence.,A request for the approval of the trip,worker,management,shall,False,passive,plain,obligation,obligation,True,1.0,leave,True,
hillsborough_county_public_schools__hillsborough_contract_teacher_2013_2016__0929c4c0,Hillsborough_Contract_Teacher_2013_2016.pdf,Hillsborough County Public Schools,52,it shall be the teacher’s responsibility to notify the parents of their students of their anticipated absence for professional development.,it,worker,management,shall,False,active,obligation_verb,obligation,obligation,True,1.0,professional_development,True,
hillsborough_county_public_schools__hillsborough_contract_teacher_2013_2016__0929c4c0,Hillsborough_Contract_Teacher_2013_2016.pdf,Hillsborough County Public Schools,52,Teachers will make other arrangements with parents for conferences.,Teachers,worker,management,will,False,active,plain,obligation,obligation,True,0.9,professional_development,True,
hillsborough_county_public_schools__hillsborough_contract_teacher_2013_2016__0929c4c0,Hillsborough_Contract_Teacher_2013_2016.pdf,Hillsborough County Public Schools,52,Any employee shall be entitled to illness or accident in-line-of-duty leave when he is absent from his duties because of a personal injury received in the discharge of duty or because of certain infectious or contagious childhood diseases contracted in school work.,Any employee,worker,worker,shall,False,active,rights_passive,right,right,True,1.0,leave,True,
hillsborough_county_public_schools__hillsborough_contract_teacher_2013_2016__0929c4c0,Hillsborough_Contract_Teacher_2013_2016.pdf,Hillsborough County Public Schools,52,"The principal/designee or administrator in charge, upon notification by an employee of an on-the-job injury, shall complete in detail a “Notice of Injury” report",The principal/designee or administrator in charge,management,worker,shall,False,active,plain,obligation,obligation,True,1.0,safety_and_working_conditions,True,
hillsborough_county_public_schools__hillsborough_contract_teacher_2013_2016__0929c4c0,Hillsborough_Contract_Teacher_2013_2016.pdf,Hillsborough County Public Schools,52,forward it in the next school mail to the Risk Management and Safety Office.,The principal/designee or administrator in charge,management,management,,False,active,plain,other,other,True,0.0,safety_and_working_conditions,True,subject elided in original text
hillsborough_county_public_schools__hillsborough_contract_teacher_2013_2016__0929c4c0,Hillsborough_Contract_Teacher_2013_2016.pdf,Hillsborough County Public Schools,52,A copy of the injury report shall be provided to the Association when outside medical treatment is warranted.,A copy of the injury report,management,worker,shall,False,passive,rights_passive,right,right,True,1.0,safety_and_working_conditions,True,
hillsborough_county_public_schools__hillsborough_contract_teacher_2013_2016__0929c4c0,Hillsborough_Contract_Teacher_2013_2016.pdf,Hillsborough County Public Schools,53,the injured person shall be given a completed “Referral for Medical Treatment” form which will enable the employee to report to a doctor or hospital.,the injured person,management,worker,shall,False,passive,rights_passive,right,right,True,1.0,safety_and_working_conditions,True,
hillsborough_county_public_schools__hillsborough_contract_teacher_2013_2016__0929c4c0,Hillsborough_Contract_Teacher_2013_2016.pdf,Hillsborough County Public Schools,53,The bottom portion of this form should be completed by medical personnel and returned to the teacher’s work site for submittal to the Risk Management and Safety Office.,The bottom portion of this form,worker,management,should,False,passive,plain,obligation,obligation,True,0.7,safety_and_working_conditions,True,
hillsborough_county_public_schools__hillsborough_contract_teacher_2013_2016__0929c4c0,Hillsborough_Contract_Teacher_2013_2016.pdf,Hillsborough County Public Schools,53,"Except for emergencies, an employee needing care from a doctor must use only doctors listed on the Risk Management and Safety Office’s “List of Approved Doctors.”",an employee needing care from a doctor,worker,management,must,False,active,plain,obligation,obligation,True,1.0,safety_and_working_conditions,True,
hillsborough_county_public_schools__hillsborough_contract_teacher_2013_2016__0929c4c0,Hillsborough_Contract_Teacher_2013_2016.pdf,Hillsborough County Public Schools,53,An employee may not change doctors without the Risk Management and Safety Office’s approval.,An employee,worker,management,may,True,active,plain,prohibition,prohibition,True,0.3,safety_and_working_conditions,True,
hillsborough_county_public_schools__hillsborough_contract_teacher_2013_2016__0929c4c0,Hillsborough_Contract_Teacher_2013_2016.pdf,Hillsborough County Public Schools,53,The employee shall receive normal pay for the day of the injury.,The employee,worker,worker,shall,False,active,rights_active,right,right,True,1.0,compensation,True,
hillsborough_county_public_schools__hillsborough_contract_teacher_2013_2016__0929c4c0,Hillsborough_Contract_Teacher_2013_2016.pdf,Hillsborough County Public Schools,53,"Upon recommendation of the Risk Management and Safety Office, the School Board will also pay normal salary to an employee who is injured on the job or has certain job related illnesses for the first ten working days following such illness or injury.",the School Board,management,worker,will,False,active,plain,obligation,obligation,True,0.9,compensation,True,
hillsborough_county_public_schools__hillsborough_contract_teacher_2013_2016__0929c4c0,Hillsborough_Contract_Teacher_2013_2016.pdf,Hillsborough County Public Schools,53,The maximum amount of paid days shall be ten days per injury with a maximum of ten days per year (July 1 - June 30).,The maximum amount of paid days,other,management,shall,False,active,plain,obligation,obligation,True,1.0,compensation,True,
hillsborough_county_public_schools__hillsborough_contract_teacher_2013_2016__0929c4c0,Hillsborough_Contract_Teacher_2013_2016.pdf,Hillsborough County Public Schools,53,The employee must use the regular leave form to request paid days and submit to the teacher’s work site for submittal to the Risk Management and Safety Office for approval.,The employee,worker,management,must,False,active,plain,obligation,obligation,True,1.0,leave,True,
hillsborough_county_public_schools__hillsborough_contract_teacher_2013_2016__0929c4c0,Hillsborough_Contract_Teacher_2013_2016.pdf,Hillsborough County Public Schools,53,The Risk Management and Safety Office will approve payment of the first paid day after an injury without proof of medical treatment.,The Risk Management and Safety Office,management,worker,will,False,active,plain,obligation,obligation,True,0.9,compensation,True,
hillsborough_county_public_schools__hillsborough_contract_teacher_2013_2016__0929c4c0,Hillsborough_Contract_Teacher_2013_2016.pdf,Hillsborough County Public Schools,53,Approval of more than this first day will not be granted unless medical proof is attached indicating the employee is unable to work due to the injury.,Approval of more than this first day,management,management,will,True,passive,rights_passive,other,other,True,0.0,compensation,True,
hillsborough_county_public_schools__hillsborough_contract_teacher_2013_2016__0929c4c0,Hillsborough_Contract_Teacher_2013_2016.pdf,Hillsborough County Public Schools,53,An employee who is given paid days will be reported in Code B of the payroll.,An employee who is given paid days,management,management,will,False,passive,plain,obligation,obligation,True,0.9,compensation,True,
hillsborough_county_public_schools__hillsborough_contract_teacher_2013_2016__0929c4c0,Hillsborough_Contract_Teacher_2013_2016.pdf,Hillsborough County Public Schools,53,"After the ten day period, the injured employee has a choice of receiving Workers’ Compensation benefits only, or supplementing Workers’ Compensation benefits by utilizing a portion of a sick day to provide full salary equivalent.",the injured employee,worker,worker,,False,active,plain,other,right,False,0.0,compensation,True,
hillsborough_county_public_schools__hillsborough_contract_teacher_2013_2016__0929c4c0,Hillsborough_Contract_Teacher_2013_2016.pdf,Hillsborough County Public Schools,53,The combined benefits of both Workers’ Compensation and paid days sometimes result in overpayments to an employee,The combined benefits of both Workers’ Compensation and paid days,other,management,,False,active,plain,other,other,True,0.0,compensation,True,
hillsborough_county_public_schools__hillsborough_contract_teacher_2013_2016__0929c4c0,Hillsborough_Contract_Teacher_2013_2016.pdf,Hillsborough County Public Schools,53,"An employee on Workers’ Compensation is assured a return to the same position, if the return occurs during the same or the next fiscal year.",An employee on Workers’ Compensation,management,worker,,False,passive,rights_passive,right,right,True,0.85,job_security,True,
hillsborough_county_public_schools__hillsborough_contract_teacher_2013_2016__0929c4c0,Hillsborough_Contract_Teacher_2013_2016.pdf,Hillsborough County Public Schools,53,the employee will be assigned by the method of pool placement.,the employee,management,management,will,False,passive,plain,obligation,obligation,True,0.9,transfers,True,
hillsborough_county_public_schools__hillsborough_contract_teacher_2013_2016__0929c4c0,Hillsborough_Contract_Teacher_2013_2016.pdf,Hillsborough County Public Schools,54,"If the Workers’ Compensation extends into the third fiscal year, the employee will be assigned by the method of pool placement.",the employee,management,worker,will,False,passive,plain,obligation,obligation,True,0.9,job_security,True,
hillsborough_county_public_schools__hillsborough_contract_teacher_2013_2016__0929c4c0,Hillsborough_Contract_Teacher_2013_2016.pdf,Hillsborough County Public Schools,54,"If a doctor recommends an employee for light duty (limited/restricted duty), the employee must be able to fulfill his work responsibilities.",the employee,worker,management,must,False,active,plain,obligation,obligation,True,1.0,safety_and_working_conditions,True,
hillsborough_county_public_schools__hillsborough_contract_teacher_2013_2016__0929c4c0,Hillsborough_Contract_Teacher_2013_2016.pdf,Hillsborough County Public Schools,54,The work location supervisor must allow the employee to return to work and insure that the employee does not exceed the doctor’s limitations.,The work location supervisor,management,worker,must,False,active,plain,obligation,obligation,True,1.0,safety_and_working_conditions,True,
hillsborough_county_public_schools__hillsborough_contract_teacher_2013_2016__0929c4c0,Hillsborough_Contract_Teacher_2013_2016.pdf,Hillsborough County Public Schools,54,"If these ten working days expire and the employee is still unable to return to full unlimited duty, the employee must obtain another doctor’s statement requesting up to ten additional days of limited duty.",the employee,worker,management,must,False,active,plain,obligation,obligation,True,1.0,safety_and_working_conditions,True,
hillsborough_county_public_schools__hillsborough_contract_teacher_2013_2016__0929c4c0,Hillsborough_Contract_Teacher_2013_2016.pdf,Hillsborough County Public Schools,54,"At the completion of this second ten days of limited duty, the employee must return to full duty or be placed on temporary total disability until able to return to unrestricted duty.",the employee,worker,management,must,False,active,plain,obligation,obligation,True,1.0,safety_and_working_conditions,True,
hillsborough_county_public_schools__hillsborough_contract_teacher_2013_2016__0929c4c0,Hillsborough_Contract_Teacher_2013_2016.pdf,Hillsborough County Public Schools,54,"In addition to all Workers’ Compensation benefits, employees shall also be entitled to illness in-line-of-duty leave when they are absent from duties because of certain illnesses contracted at work.",employees,worker,worker,shall,False,active,rights_passive,right,right,True,1.0,leave,True,
hillsborough_county_public_schools__hillsborough_contract_teacher_2013_2016__0929c4c0,Hillsborough_Contract_Teacher_2013_2016.pdf,Hillsborough County Public Schools,54,"Children found to contain these illnesses or infestations shall be immediately, except in emergency, excluded from the classroom",Children found to contain these illnesses or infestations,management,worker,shall,False,passive,plain,obligation,obligation,True,1.0,safety_and_working_conditions,True,
hillsborough_county_public_schools__hillsborough_contract_teacher_2013_2016__0929c4c0,Hillsborough_Contract_Teacher_2013_2016.pdf,Hillsborough County Public Schools,54,and shall not be allowed to return to school until such time as the condition no longer exists.,Children,management,worker,shall,True,passive,prohibition_verb,permission,prohibition,False,1.0,safety_and_working_conditions,True,elliptical subject referring to Children
hillsborough_county_public_schools__hillsborough_contract_teacher_2013_2016__0929c4c0,Hillsborough_Contract_Teacher_2013_2016.pdf,Hillsborough County Public Schools,54,therefore employees must seek medical care on their own (without a medical referral form) and present their bills to the principal/supervisor.,employees,worker,management,must,False,active,plain,obligation,obligation,True,1.0,benefits,True,
hillsborough_county_public_schools__hillsborough_contract_teacher_2013_2016__0929c4c0,Hillsborough_Contract_Teacher_2013_2016.pdf,Hillsborough County Public Schools,54,"To receive benefits, the principal/supervisor must send a memo to the Risk Management and Safety Office stating that the employee was personally exposed to a specific illness.",the principal/supervisor,management,worker,must,False,active,plain,obligation,obligation,True,1.0,benefits,True,
hillsborough_county_public_schools__hillsborough_contract_teacher_2013_2016__0929c4c0,Hillsborough_Contract_Teacher_2013_2016.pdf,Hillsborough County Public Schools,54,Medical bills and leave of absence forms should be attached.,Medical bills and leave of absence forms,worker,management,should,False,passive,plain,obligation,obligation,True,0.7,benefits,True,implicit agent is worker/employee
hillsborough_county_public_schools__hillsborough_contract_teacher_2013_2016__0929c4c0,Hillsborough_Contract_Teacher_2013_2016.pdf,Hillsborough County Public Schools,54,The Risk Management and Safety Office may specify maximum benefits for certain illnesses.,The Risk Management and Safety Office,management,management,may,False,active,plain,permission,permission,True,0.3,benefits,True,
hillsborough_county_public_schools__hillsborough_contract_teacher_2013_2016__0929c4c0,Hillsborough_Contract_Teacher_2013_2016.pdf,Hillsborough County Public Schools,55,the School Board shall make arrangements through the Health Department or other agency for such preventive action or treatment at no cost to employees.,the School Board,management,worker,shall,False,active,plain,obligation,obligation,True,1.0,benefits,True,
hillsborough_county_public_schools__hillsborough_contract_teacher_2013_2016__0929c4c0,Hillsborough_Contract_Teacher_2013_2016.pdf,Hillsborough County Public Schools,55,A teacher called for jury duty shall be considered on temporary duty elsewhere,A teacher called for jury duty,management,worker,shall,False,passive,plain,obligation,obligation,True,1.0,leave,True,
hillsborough_county_public_schools__hillsborough_contract_teacher_2013_2016__0929c4c0,Hillsborough_Contract_Teacher_2013_2016.pdf,Hillsborough County Public Schools,55,and shall receive pay for his/her time on jury duty.,A teacher called for jury duty,worker,worker,shall,False,active,rights_active,right,right,True,1.0,compensation,True,
hillsborough_county_public_schools__hillsborough_contract_teacher_2013_2016__0929c4c0,Hillsborough_Contract_Teacher_2013_2016.pdf,Hillsborough County Public Schools,55,A copy of the court order must be attached to the Request for Leave form.,A copy of the court order,other,management,must,False,passive,plain,obligation,obligation,True,1.0,leave,True,
hillsborough_county_public_schools__hillsborough_contract_teacher_2013_2016__0929c4c0,Hillsborough_Contract_Teacher_2013_2016.pdf,Hillsborough County Public Schools,55,A teacher subpoenaed as a witness for a situation related to his/her employment as a School Board employee shall be considered on temporary duty elsewhere,A teacher subpoenaed as a witness for a situation related to his/her employment as a School Board employee,management,worker,shall,False,passive,plain,obligation,obligation,True,1.0,leave,True,
hillsborough_county_public_schools__hillsborough_contract_teacher_2013_2016__0929c4c0,Hillsborough_Contract_Teacher_2013_2016.pdf,Hillsborough County Public Schools,55,A teacher subpoenaed as a witness for a situation related to his/her employment as a School Board employee shall receive pay for his/her time while answering the subpoena.,A teacher subpoenaed as a witness for a situation related to his/her employment as a School Board employee,worker,worker,shall,False,active,rights_active,right,right,True,1.0,compensation,True,
hillsborough_county_public_schools__hillsborough_contract_teacher_2013_2016__0929c4c0,Hillsborough_Contract_Teacher_2013_2016.pdf,Hillsborough County Public Schools,55,A copy of the subpoena and verification of attendance must be attached to the Request Claim for Leave form.,A copy of the subpoena and verification of attendance,other,management,must,False,passive,plain,obligation,obligation,True,1.0,leave,True,
hillsborough_county_public_schools__hillsborough_contract_teacher_2013_2016__0929c4c0,Hillsborough_Contract_Teacher_2013_2016.pdf,Hillsborough County Public Schools,55,"Teachers who are members of state and national reserve units shall be entitled to paid leave of absence, up to seventeen work days in any fiscal year, when they are on active duty for training purposes.",Teachers who are members of state and national reserve units,management,worker,shall,False,passive,rights_passive,right,right,True,1.0,leave,True,
hillsborough_county_public_schools__hillsborough_contract_teacher_2013_2016__0929c4c0,Hillsborough_Contract_Teacher_2013_2016.pdf,Hillsborough County Public Schools,55,Reservists must plan their tour of duty during vacation when possible.,Reservists,worker,management,must,False,active,plain,obligation,obligation,True,1.0,leave,True,
hillsborough_county_public_schools__hillsborough_contract_teacher_2013_2016__0929c4c0,Hillsborough_Contract_Teacher_2013_2016.pdf,Hillsborough County Public Schools,55,Request for excused absence and a copy of the official orders must be submitted in advance.,Request for excused absence and a copy of the official orders,other,management,must,False,passive,plain,obligation,obligation,True,1.0,leave,True,
hillsborough_county_public_schools__hillsborough_contract_teacher_2013_2016__0929c4c0,Hillsborough_Contract_Teacher_2013_2016.pdf,Hillsborough County Public Schools,55,"Teachers who are members of State and National Reserve Units, and are called to active military service, shall be entitled to a leave of absence.","Teachers who are members of State and National Reserve Units, and are called to active military service",management,worker,shall,False,passive,rights_passive,right,right,True,1.0,leave,True,
hillsborough_county_public_schools__hillsborough_contract_teacher_2013_2016__0929c4c0,Hillsborough_Contract_Teacher_2013_2016.pdf,Hillsborough County Public Schools,55,Requests for Military Leave must be accompanied by a copy of the official orders.,Requests for Military Leave,other,management,must,False,passive,plain,obligation,obligation,True,1.0,leave,True,
hillsborough_county_public_schools__hillsborough_contract_teacher_2013_2016__0929c4c0,Hillsborough_Contract_Teacher_2013_2016.pdf,Hillsborough County Public Schools,55,The work days within the first thirty calendar days of any such leave shall be with full pay.,The work days within the first thirty calendar days of any such leave,other,worker,shall,False,active,plain,obligation,obligation,True,1.0,compensation,True,
hillsborough_county_public_schools__hillsborough_contract_teacher_2013_2016__0929c4c0,Hillsborough_Contract_Teacher_2013_2016.pdf,Hillsborough County Public Schools,55,Teachers shall retain rights to their assignment until the end of the current school year.,Teachers,worker,worker,shall,False,active,rights_active,right,right,True,1.0,job_security,True,
hillsborough_county_public_schools__hillsborough_contract_teacher_2013_2016__0929c4c0,Hillsborough_Contract_Teacher_2013_2016.pdf,Hillsborough County Public Schools,55,"Teachers returning from Military Leave will be credited with one, or a partial year’s experience for determining salary benefits, rights, and privileges for each year, or partial year, on leave.",Teachers returning from Military Leave,management,worker,will,False,passive,rights_passive,right,obligation,False,0.9,compensation,True,
hillsborough_county_public_schools__hillsborough_contract_teacher_2013_2016__0929c4c0,Hillsborough_Contract_Teacher_2013_2016.pdf,Hillsborough County Public Schools,55,"Upon expiration of the leave, a reservist shall be returned to the school and subject area (see Section 11.4.7E) where he/she previously served.",a reservist,management,worker,shall,False,passive,rights_passive,right,obligation,False,1.0,transfers,True,
hillsborough_county_public_schools__hillsborough_contract_teacher_2013_2016__0929c4c0,Hillsborough_Contract_Teacher_2013_2016.pdf,Hillsborough County Public Schools,56,Reservists must present themselves for duty within 31 days upon release,Reservists,worker,management,must,False,active,plain,obligation,obligation,True,1.0,leave,True,
hillsborough_county_public_schools__hillsborough_contract_teacher_2013_2016__0929c4c0,Hillsborough_Contract_Teacher_2013_2016.pdf,Hillsborough County Public Schools,56,must be available to report to work no later than 90 days from the date of discharge from active service.,They,worker,management,must,False,active,plain,obligation,obligation,True,1.0,leave,True,
hillsborough_county_public_schools__hillsborough_contract_teacher_2013_2016__0929c4c0,Hillsborough_Contract_Teacher_2013_2016.pdf,Hillsborough County Public Schools,56,Failure on the part of the reservists to return to work after 90 days will be considered as a break in service.,Failure on the part of the reservists to return to work after 90 days,other,management,will,False,passive,plain,obligation,obligation,True,0.9,job_security,True,
hillsborough_county_public_schools__hillsborough_contract_teacher_2013_2016__0929c4c0,Hillsborough_Contract_Teacher_2013_2016.pdf,Hillsborough County Public Schools,56,The returning reservist must provide the appropriate discharge document (DD 214) indicating an honorable discharge.,The returning reservist,worker,management,must,False,active,plain,obligation,obligation,True,1.0,leave,True,
hillsborough_county_public_schools__hillsborough_contract_teacher_2013_2016__0929c4c0,Hillsborough_Contract_Teacher_2013_2016.pdf,Hillsborough County Public Schools,56,Failure on the part of the teacher to submit this verification will invalidate the leave of absence,Failure on the part of the teacher to submit this verification,other,management,will,False,active,plain,obligation,obligation,True,0.9,leave,True,
hillsborough_county_public_schools__hillsborough_contract_teacher_2013_2016__0929c4c0,Hillsborough_Contract_Teacher_2013_2016.pdf,Hillsborough County Public Schools,56,and constitute a break in service.,Failure,other,management,will,False,active,plain,obligation,obligation,True,0.9,job_security,True,
hillsborough_county_public_schools__hillsborough_contract_teacher_2013_2016__0929c4c0,Hillsborough_Contract_Teacher_2013_2016.pdf,Hillsborough County Public Schools,56,Circumstances surrounding a dishonorable discharge will be considered on an individual basis.,Circumstances surrounding a dishonorable discharge,other,management,will,False,passive,plain,obligation,obligation,True,0.9,leave,True,
hillsborough_county_public_schools__hillsborough_contract_teacher_2013_2016__0929c4c0,Hillsborough_Contract_Teacher_2013_2016.pdf,Hillsborough County Public Schools,56,Teachers who volunteer for military service in the Armed Forces of the United States or the State of Florida are eligible for military leave without pay.,Teachers who volunteer for military service in the Armed Forces of the United States or the State of Florida,worker,worker,,False,active,plain,other,right,False,0.0,leave,True,
hillsborough_county_public_schools__hillsborough_contract_teacher_2013_2016__0929c4c0,Hillsborough_Contract_Teacher_2013_2016.pdf,Hillsborough County Public Schools,56,Orders for induction must be submitted with the Request for Leave Form.,Orders for induction,other,management,must,False,passive,plain,obligation,obligation,True,1.0,leave,True,
hillsborough_county_public_schools__hillsborough_contract_teacher_2013_2016__0929c4c0,Hillsborough_Contract_Teacher_2013_2016.pdf,Hillsborough County Public Schools,56,A maximum of four years’ leave may be granted unless a state of emergency exists.,A maximum of four years’ leave,other,management,may,False,passive,rights_passive,right,permission,False,0.3,leave,True,
hillsborough_county_public_schools__hillsborough_contract_teacher_2013_2016__0929c4c0,Hillsborough_Contract_Teacher_2013_2016.pdf,Hillsborough County Public Schools,56,"Teachers granted a military leave must, upon their release, present themselves for duty within 31 days",Teachers granted a military leave,worker,management,must,False,active,plain,obligation,obligation,True,1.0,leave,True,
hillsborough_county_public_schools__hillsborough_contract_teacher_2013_2016__0929c4c0,Hillsborough_Contract_Teacher_2013_2016.pdf,Hillsborough County Public Schools,56,must make themselves available to report to work no later than 90 days from the date of discharge from active service.,They,worker,management,must,False,active,plain,obligation,obligation,True,1.0,leave,True,
hillsborough_county_public_schools__hillsborough_contract_teacher_2013_2016__0929c4c0,Hillsborough_Contract_Teacher_2013_2016.pdf,Hillsborough County Public Schools,56,Returning teachers must submit a copy of his/her honorable discharge papers from the service.,Returning teachers,worker,management,must,False,active,plain,obligation,obligation,True,1.0,leave,True,
hillsborough_county_public_schools__hillsborough_contract_teacher_2013_2016__0929c4c0,Hillsborough_Contract_Teacher_2013_2016.pdf,Hillsborough County Public Schools,56,"Teachers returning from Voluntary military service shall be credited with one (or partial) year’s experience for determining salary benefits, rights and privileges for each (or partial) year on leave.",Teachers returning from Voluntary military service,management,worker,shall,False,passive,rights_passive,right,obligation,False,1.0,seniority,True,
hillsborough_county_public_schools__hillsborough_contract_teacher_2013_2016__0929c4c0,Hillsborough_Contract_Teacher_2013_2016.pdf,Hillsborough County Public Schools,56,"Upon expiration of the leave, a teacher shall be returned to the school and subject area (See Section 11.4.7.E.) where he/she previously served.",a teacher,management,worker,shall,False,passive,rights_passive,right,obligation,False,1.0,job_security,True,
hillsborough_county_public_schools__hillsborough_contract_teacher_2013_2016__0929c4c0,Hillsborough_Contract_Teacher_2013_2016.pdf,Hillsborough County Public Schools,56,Teachers who volunteer or are drafted for military service in a time of declared national or state emergency are eligible for military leave without pay.,Teachers who volunteer or are drafted for military service in a time of declared national or state emergency,worker,worker,,False,active,plain,other,right,False,0.0,leave,True,
hillsborough_county_public_schools__hillsborough_contract_teacher_2013_2016__0929c4c0,Hillsborough_Contract_Teacher_2013_2016.pdf,Hillsborough County Public Schools,56,Requests for military leave must be accompanied by a copy of the official orders.,Requests for military leave,other,management,must,False,passive,plain,obligation,obligation,True,1.0,leave,True,
hillsborough_county_public_schools__hillsborough_contract_teacher_2013_2016__0929c4c0,Hillsborough_Contract_Teacher_2013_2016.pdf,Hillsborough County Public Schools,56,A maximum of four years of leave may be granted unless the declared state of emergency continues to exist.,A maximum of four years of leave,other,management,may,False,passive,rights_passive,right,permission,False,0.3,leave,True,
hillsborough_county_public_schools__hillsborough_contract_teacher_2013_2016__0929c4c0,Hillsborough_Contract_Teacher_2013_2016.pdf,Hillsborough County Public Schools,57,"Teachers granted military leave must, upon their release, present themselves for duty within 31 days",Teachers granted military leave,worker,management,must,False,active,plain,obligation,obligation,True,1.0,leave,True,
hillsborough_county_public_schools__hillsborough_contract_teacher_2013_2016__0929c4c0,Hillsborough_Contract_Teacher_2013_2016.pdf,Hillsborough County Public Schools,57,Returning teachers must submit a copy of their honorable discharge papers from the service.,Returning teachers,worker,management,must,False,active,plain,obligation,obligation,True,1.0,leave,True,
hillsborough_county_public_schools__hillsborough_contract_teacher_2013_2016__0929c4c0,Hillsborough_Contract_Teacher_2013_2016.pdf,Hillsborough County Public Schools,57,"Teachers returning from military leave shall be credited with one (or partial) year’s experience for determining salary benefits, rights and privileges for each (or partial) year on leave.",Teachers returning from military leave,management,worker,shall,False,passive,rights_passive,right,obligation,False,1.0,seniority,True,
hillsborough_county_public_schools__hillsborough_contract_teacher_2013_2016__0929c4c0,Hillsborough_Contract_Teacher_2013_2016.pdf,Hillsborough County Public Schools,57,"Upon expiration of the leave, a teacher shall be returned to the school and subject area (See Section 11.4.7.E) where he/she previously served.",a teacher,management,worker,shall,False,passive,rights_passive,right,obligation,False,1.0,job_security,True,
hillsborough_county_public_schools__hillsborough_contract_teacher_2013_2016__0929c4c0,Hillsborough_Contract_Teacher_2013_2016.pdf,Hillsborough County Public Schools,57,Study leave for ten months teaching personnel during post and/or pre-planning college study may be granted for attendance at summer sessions of colleges and universities in an area related to education.,Study leave for ten months teaching personnel during post and/or pre-planning college study,management,worker,may,False,passive,permission_verb,permission,permission,True,0.3,professional_development,True,
hillsborough_county_public_schools__hillsborough_contract_teacher_2013_2016__0929c4c0,Hillsborough_Contract_Teacher_2013_2016.pdf,Hillsborough County Public Schools,57,Reasonable time allowance for travel may be granted,Reasonable time allowance for travel,management,worker,may,False,passive,permission_verb,permission,permission,True,0.3,leave,True,
hillsborough_county_public_schools__hillsborough_contract_teacher_2013_2016__0929c4c0,Hillsborough_Contract_Teacher_2013_2016.pdf,Hillsborough County Public Schools,57,it does not interfere with the applicant’s teaching duties.,it,worker,management,,True,active,plain,prohibition,prohibition,True,0.0,leave,True,Provisonal condition.
hillsborough_county_public_schools__hillsborough_contract_teacher_2013_2016__0929c4c0,Hillsborough_Contract_Teacher_2013_2016.pdf,Hillsborough County Public Schools,57,Applicants must submit their requests on the Request for Leave of Absence form,Applicants,worker,management,must,False,active,plain,obligation,obligation,True,1.0,leave,True,
hillsborough_county_public_schools__hillsborough_contract_teacher_2013_2016__0929c4c0,Hillsborough_Contract_Teacher_2013_2016.pdf,Hillsborough County Public Schools,57,attach a copy of the college brochures showing the summer session dates.,Applicants,worker,management,must,False,active,plain,obligation,obligation,True,1.0,leave,True,Joint predicate with preceding clause.
hillsborough_county_public_schools__hillsborough_contract_teacher_2013_2016__0929c4c0,Hillsborough_Contract_Teacher_2013_2016.pdf,Hillsborough County Public Schools,57,A transcript of the courses taken or the degree earned is to be submitted to the Division of Human Resources following the summer leave.,A transcript of the courses taken or the degree earned,worker,management,,False,passive,plain,other,obligation,False,0.0,leave,True,
hillsborough_county_public_schools__hillsborough_contract_teacher_2013_2016__0929c4c0,Hillsborough_Contract_Teacher_2013_2016.pdf,Hillsborough County Public Schools,57,All personnel on this type of leave shall receive salary as though they were on duty in the school.,All personnel on this type of leave,worker,worker,shall,False,active,rights_active,right,right,True,1.0,compensation,True,
hillsborough_county_public_schools__hillsborough_contract_teacher_2013_2016__0929c4c0,Hillsborough_Contract_Teacher_2013_2016.pdf,Hillsborough County Public Schools,57,Teachers may secure professional leave with pay for the time spent at a state workshop,Teachers,worker,worker,may,False,active,rights_active,right,permission,False,0.3,professional_development,True,
hillsborough_county_public_schools__hillsborough_contract_teacher_2013_2016__0929c4c0,Hillsborough_Contract_Teacher_2013_2016.pdf,Hillsborough County Public Schools,57,if they attend at the request of the State Department of Education.,they,worker,worker,,False,active,plain,other,other,True,0.0,professional_development,True,Condition for securing leave.
hillsborough_county_public_schools__hillsborough_contract_teacher_2013_2016__0929c4c0,Hillsborough_Contract_Teacher_2013_2016.pdf,Hillsborough County Public Schools,57,The college credits earned in either case must be recorded with the Division of Human Resources.,The college credits earned in either case,worker,management,must,False,passive,plain,obligation,obligation,True,1.0,professional_development,True,
hillsborough_county_public_schools__hillsborough_contract_teacher_2013_2016__0929c4c0,Hillsborough_Contract_Teacher_2013_2016.pdf,Hillsborough County Public Schools,57,"The Board may grant teachers contracted for twelve months of employment three weeks’ professional leave with compensation during any school year when school is not in session,",The Board,management,worker,may,False,active,permission_verb,permission,permission,True,0.3,leave,True,Clause continues beyond chunk boundary.
hillsborough_county_public_schools__hillsborough_contract_teacher_2013_2016__0929c4c0,Hillsborough_Contract_Teacher_2013_2016.pdf,Hillsborough County Public Schools,57,provided that such leave shall be cumulative for not more than two years,such leave,other,management,shall,False,active,plain,obligation,obligation,True,1.0,leave,True,Administrative limitation clause.
hillsborough_county_public_schools__hillsborough_contract_teacher_2013_2016__0929c4c0,Hillsborough_Contract_Teacher_2013_2016.pdf,Hillsborough County Public Schools,58,The Board may grant teachers contracted for twelve months of employment three weeks’ professional leave with compensation during any school year when school is not in session,The Board,management,worker,may,False,active,plain,permission,permission,True,0.3,leave,True,
hillsborough_county_public_schools__hillsborough_contract_teacher_2013_2016__0929c4c0,Hillsborough_Contract_Teacher_2013_2016.pdf,Hillsborough County Public Schools,58,Such leave shall be for professional study in an area related to education.,Such leave,other,management,shall,False,active,plain,obligation,obligation,True,1.0,leave,True,
hillsborough_county_public_schools__hillsborough_contract_teacher_2013_2016__0929c4c0,Hillsborough_Contract_Teacher_2013_2016.pdf,Hillsborough County Public Schools,58,"A teacher may be granted temporary personal leave (maximum of thirty days) without pay, when extenuating circumstances dictate, when approved by the appropriate administrator.",A teacher,management,worker,may,False,passive,rights_passive,right,right,True,0.3,leave,True,
hillsborough_county_public_schools__hillsborough_contract_teacher_2013_2016__0929c4c0,Hillsborough_Contract_Teacher_2013_2016.pdf,Hillsborough County Public Schools,58,This leave cannot be extended,This leave,management,management,can,True,passive,plain,prohibition,prohibition,True,0.3,leave,True,
hillsborough_county_public_schools__hillsborough_contract_teacher_2013_2016__0929c4c0,Hillsborough_Contract_Teacher_2013_2016.pdf,Hillsborough County Public Schools,58,a new leave request can be made if the situation warrants it.,a new leave request,management,worker,can,False,passive,plain,permission,permission,True,0.3,leave,True,
hillsborough_county_public_schools__hillsborough_contract_teacher_2013_2016__0929c4c0,Hillsborough_Contract_Teacher_2013_2016.pdf,Hillsborough County Public Schools,58,Personal leave without salary may be granted only when there is not a leave policy to cover the particular circumstance.,Personal leave without salary,other,worker,may,False,passive,rights_passive,right,obligation,False,0.3,leave,True,
hillsborough_county_public_schools__hillsborough_contract_teacher_2013_2016__0929c4c0,Hillsborough_Contract_Teacher_2013_2016.pdf,Hillsborough County Public Schools,58,"However, personal leave without salary may be granted when an employee is receiving compensation from another source.",personal leave without salary,other,worker,may,False,passive,rights_passive,right,permission,False,0.3,leave,True,
hillsborough_county_public_schools__hillsborough_contract_teacher_2013_2016__0929c4c0,Hillsborough_Contract_Teacher_2013_2016.pdf,Hillsborough County Public Schools,58,"An employee may request and take up to three (3) days of leave in any 12-month period if the employee, a family member, or household member is the victim of domestic or sexual violence.",An employee,worker,worker,may,False,active,plain,permission,right,False,0.3,leave,True,
hillsborough_county_public_schools__hillsborough_contract_teacher_2013_2016__0929c4c0,Hillsborough_Contract_Teacher_2013_2016.pdf,Hillsborough County Public Schools,58,An employee requesting such leave must first use any paid leave available to the employee;,An employee requesting such leave,worker,management,must,False,active,plain,obligation,obligation,True,1.0,leave,True,
hillsborough_county_public_schools__hillsborough_contract_teacher_2013_2016__0929c4c0,Hillsborough_Contract_Teacher_2013_2016.pdf,Hillsborough County Public Schools,58,"if none is available, the employee may then use unpaid personal leave.",the employee,worker,worker,may,False,active,plain,permission,permission,True,0.3,leave,True,
hillsborough_county_public_schools__hillsborough_contract_teacher_2013_2016__0929c4c0,Hillsborough_Contract_Teacher_2013_2016.pdf,Hillsborough County Public Schools,58,"Upon request, teachers shall be granted leaves in accordance with the following provisions:",teachers,management,worker,shall,False,passive,rights_passive,right,obligation,False,1.0,leave,True,
hillsborough_county_public_schools__hillsborough_contract_teacher_2013_2016__0929c4c0,Hillsborough_Contract_Teacher_2013_2016.pdf,Hillsborough County Public Schools,58,"With thirty (30) days notice, a teacher shall be granted up to thirty (30) days leave without pay for the purpose of campaigning in an election as a candidate for a state or federal public office.",a teacher,management,worker,shall,False,passive,rights_passive,right,obligation,False,1.0,leave,True,
hillsborough_county_public_schools__hillsborough_contract_teacher_2013_2016__0929c4c0,Hillsborough_Contract_Teacher_2013_2016.pdf,Hillsborough County Public Schools,58,The Board shall extend to the teacher who is elected or appointed to a state or federal public office a leave of absence without pay as needed to fulfill the terms of office.,The Board,management,worker,shall,False,active,plain,obligation,obligation,True,1.0,leave,True,
hillsborough_county_public_schools__hillsborough_contract_teacher_2013_2016__0929c4c0,Hillsborough_Contract_Teacher_2013_2016.pdf,Hillsborough County Public Schools,58,"Extended leaves (leaves for more than thirty calendar days) are granted for one school year, the remainder of a school year; for a definite period of time within the school year.",Extended leaves,other,worker,,False,passive,rights_passive,right,right,True,0.85,leave,True,
hillsborough_county_public_schools__hillsborough_contract_teacher_2013_2016__0929c4c0,Hillsborough_Contract_Teacher_2013_2016.pdf,Hillsborough County Public Schools,58,"A Request for Leave of Absence form must be submitted to the Division of Human Resources twenty days before the effective date of the leave, except in cases of emergency.",A Request for Leave of Absence form,other,management,must,False,passive,plain,obligation,obligation,True,1.0,leave,True,
hillsborough_county_public_schools__hillsborough_contract_teacher_2013_2016__0929c4c0,Hillsborough_Contract_Teacher_2013_2016.pdf,Hillsborough County Public Schools,58,"When any extended leave begins during the second semester, the teacher on such leave shall be eligible to apply for another extended leave for all of the next school year.",the teacher on such leave,worker,worker,shall,False,active,plain,obligation,right,False,1.0,leave,True,
hillsborough_county_public_schools__hillsborough_contract_teacher_2013_2016__0929c4c0,Hillsborough_Contract_Teacher_2013_2016.pdf,Hillsborough County Public Schools,58,Leaves ending within the school year may be extended through the end of that school year.,Leaves ending within the school year,other,worker,may,False,passive,rights_passive,right,permission,False,0.3,leave,True,
hillsborough_county_public_schools__hillsborough_contract_teacher_2013_2016__0929c4c0,Hillsborough_Contract_Teacher_2013_2016.pdf,Hillsborough County Public Schools,59,the teacher on such leave shall be eligible to apply for another extended leave for all of the next school year.,the teacher on such leave,worker,worker,shall,False,active,permission_verb,permission,right,False,1.0,leave,True,
hillsborough_county_public_schools__hillsborough_contract_teacher_2013_2016__0929c4c0,Hillsborough_Contract_Teacher_2013_2016.pdf,Hillsborough County Public Schools,59,New leaves may be granted at the discretion of the Board.,New leaves,management,management,may,False,passive,rights_passive,right,permission,False,0.3,leave,True,
hillsborough_county_public_schools__hillsborough_contract_teacher_2013_2016__0929c4c0,Hillsborough_Contract_Teacher_2013_2016.pdf,Hillsborough County Public Schools,59,Any request for leave of absence must be signed by the teacher’s principal or immediate supervisor,Any request for leave of absence,worker,management,must,False,passive,plain,obligation,obligation,True,1.0,leave,True,
hillsborough_county_public_schools__hillsborough_contract_teacher_2013_2016__0929c4c0,Hillsborough_Contract_Teacher_2013_2016.pdf,Hillsborough County Public Schools,59,and submitted to the Division of Human Resources.,Any request for leave of absence,worker,management,must,False,passive,plain,obligation,obligation,True,1.0,leave,True,elliptical subject shared with preceding clause
hillsborough_county_public_schools__hillsborough_contract_teacher_2013_2016__0929c4c0,Hillsborough_Contract_Teacher_2013_2016.pdf,Hillsborough County Public Schools,59,All extended leaves must be approved by the Board.,All extended leaves,management,management,must,False,passive,plain,obligation,obligation,True,1.0,leave,True,
hillsborough_county_public_schools__hillsborough_contract_teacher_2013_2016__0929c4c0,Hillsborough_Contract_Teacher_2013_2016.pdf,Hillsborough County Public Schools,59,Retirement funds may not be withdrawn while on leave.,Retirement funds,worker,worker,may,True,passive,prohibition_verb,permission,prohibition,False,0.3,leave,True,
hillsborough_county_public_schools__hillsborough_contract_teacher_2013_2016__0929c4c0,Hillsborough_Contract_Teacher_2013_2016.pdf,Hillsborough County Public Schools,59,"Teachers desiring retirement credit for an “eligible leave of absence,” must notify the Retirement Division through application.","Teachers desiring retirement credit for an “eligible leave of absence,”",worker,management,must,False,active,obligation_verb,obligation,obligation,True,1.0,leave,True,
hillsborough_county_public_schools__hillsborough_contract_teacher_2013_2016__0929c4c0,Hillsborough_Contract_Teacher_2013_2016.pdf,Hillsborough County Public Schools,59,This application can only be completed after the Board has approved the leave,This application,worker,management,can,False,passive,plain,permission,obligation,False,0.3,leave,True,
hillsborough_county_public_schools__hillsborough_contract_teacher_2013_2016__0929c4c0,Hillsborough_Contract_Teacher_2013_2016.pdf,Hillsborough County Public Schools,59,and should be processed prior to commencement of the leave.,This application,worker,management,should,False,passive,plain,obligation,obligation,True,0.7,leave,True,elliptical subject shared with preceding clause
hillsborough_county_public_schools__hillsborough_contract_teacher_2013_2016__0929c4c0,Hillsborough_Contract_Teacher_2013_2016.pdf,Hillsborough County Public Schools,59,"Upon expiration of the leave, a teacher shall be returned to the school and subject area (see Section 11.4.6 D) where he/she previously served.",a teacher,management,worker,shall,False,passive,rights_passive,right,obligation,False,1.0,leave,True,
hillsborough_county_public_schools__hillsborough_contract_teacher_2013_2016__0929c4c0,Hillsborough_Contract_Teacher_2013_2016.pdf,Hillsborough County Public Schools,59,"After a teacher absence of two (2) continuous combined leaves, a teacher will return to the district placement pool for reassignment.",a teacher,worker,management,will,False,active,plain,obligation,obligation,True,0.9,leave,True,
hillsborough_county_public_schools__hillsborough_contract_teacher_2013_2016__0929c4c0,Hillsborough_Contract_Teacher_2013_2016.pdf,Hillsborough County Public Schools,59,A temporary appointment will be made to fill the position vacated by a teacher on leave.,A temporary appointment,worker,management,will,False,passive,plain,obligation,obligation,True,0.9,leave,True,
hillsborough_county_public_schools__hillsborough_contract_teacher_2013_2016__0929c4c0,Hillsborough_Contract_Teacher_2013_2016.pdf,Hillsborough County Public Schools,59,"Temporary appointments will ordinarily be made for an entire school year, or should a leave be granted for less than a school year, for the duration of the leave.",Temporary appointments,management,management,will,False,passive,plain,obligation,obligation,True,0.9,leave,True,
hillsborough_county_public_schools__hillsborough_contract_teacher_2013_2016__0929c4c0,Hillsborough_Contract_Teacher_2013_2016.pdf,Hillsborough County Public Schools,59,A teacher may be granted a health leave without pay.,A teacher,management,worker,may,False,passive,rights_passive,right,permission,False,0.3,leave,True,
hillsborough_county_public_schools__hillsborough_contract_teacher_2013_2016__0929c4c0,Hillsborough_Contract_Teacher_2013_2016.pdf,Hillsborough County Public Schools,59,A physician’s certificate must be submitted with the Request for Leave of Absence form.,A physician’s certificate,worker,management,must,False,passive,plain,obligation,obligation,True,1.0,leave,True,
hillsborough_county_public_schools__hillsborough_contract_teacher_2013_2016__0929c4c0,Hillsborough_Contract_Teacher_2013_2016.pdf,Hillsborough County Public Schools,59,A physician’s certificate must also be submitted to certify that the teacher is ready to return to work.,A physician’s certificate,worker,management,must,False,passive,plain,obligation,obligation,True,1.0,leave,True,
hillsborough_county_public_schools__hillsborough_contract_teacher_2013_2016__0929c4c0,Hillsborough_Contract_Teacher_2013_2016.pdf,Hillsborough County Public Schools,59,A second health leave may be requested.,A second health leave,worker,worker,may,False,passive,plain,permission,permission,True,0.3,leave,True,
hillsborough_county_public_schools__hillsborough_contract_teacher_2013_2016__0929c4c0,Hillsborough_Contract_Teacher_2013_2016.pdf,Hillsborough County Public Schools,59,Health leave shall be limited to two continuous leaves for the same illness.,Health leave,management,management,shall,False,passive,prohibition_verb,prohibition,prohibition,True,1.0,leave,True,
hillsborough_county_public_schools__hillsborough_contract_teacher_2013_2016__0929c4c0,Hillsborough_Contract_Teacher_2013_2016.pdf,Hillsborough County Public Schools,59,"When the initial health leave begins during the second semester, three continuous leaves for the same illness may be granted (see 12.19.7).",three continuous leaves for the same illness,management,worker,may,False,passive,rights_passive,right,permission,False,0.3,leave,True,
hillsborough_county_public_schools__hillsborough_contract_teacher_2013_2016__0929c4c0,Hillsborough_Contract_Teacher_2013_2016.pdf,Hillsborough County Public Schools,59,Teachers will be placed on health leave when accrued sick leave is exhausted and thirty-one (31) days beyond accrued sick leave have expired.,Teachers,management,management,will,False,passive,plain,obligation,obligation,True,0.9,leave,True,
hillsborough_county_public_schools__hillsborough_contract_teacher_2013_2016__0929c4c0,Hillsborough_Contract_Teacher_2013_2016.pdf,Hillsborough County Public Schools,59,"The health leave shall be for a specific period of time based on a doctor’s certificate or for a thirty-one (31) day period, if the doctor is unable to certify a return date.",The health leave,management,management,shall,False,active,plain,obligation,obligation,True,1.0,leave,True,
hillsborough_county_public_schools__hillsborough_contract_teacher_2013_2016__0929c4c0,Hillsborough_Contract_Teacher_2013_2016.pdf,Hillsborough County Public Schools,59,Teachers may return after the thirty-one (31) day period with one week’s notice and a physician statement that the teacher is able to return to work.,Teachers,worker,worker,may,False,active,permission_verb,permission,permission,True,0.3,leave,True,
hillsborough_county_public_schools__hillsborough_contract_teacher_2013_2016__0929c4c0,Hillsborough_Contract_Teacher_2013_2016.pdf,Hillsborough County Public Schools,60,he/she will be placed on leave for the remainder of the year.,he/she,management,management,will,False,passive,plain,obligation,obligation,True,0.9,leave,True,
hillsborough_county_public_schools__hillsborough_contract_teacher_2013_2016__0929c4c0,Hillsborough_Contract_Teacher_2013_2016.pdf,Hillsborough County Public Schools,60,a teacher may be eligible for two (2) leaves within a five (5) year period.,a teacher,worker,worker,may,False,active,plain,permission,permission,True,0.3,leave,True,
hillsborough_county_public_schools__hillsborough_contract_teacher_2013_2016__0929c4c0,Hillsborough_Contract_Teacher_2013_2016.pdf,Hillsborough County Public Schools,60,Non-tenured Probationary teachers’ entitlement to health and family care leaves shall be limited to that provided under the Family Medical Leave Act (FMLA).,Non-tenured Probationary teachers’ entitlement to health and family care leaves,other,management,shall,False,active,plain,obligation,prohibition,False,1.0,leave,True,Inanimate subject
hillsborough_county_public_schools__hillsborough_contract_teacher_2013_2016__0929c4c0,Hillsborough_Contract_Teacher_2013_2016.pdf,Hillsborough County Public Schools,60,Professional leave without pay shall be granted for professional study at a college or university in an area related to education.,Professional leave without pay,management,worker,shall,False,passive,rights_passive,right,obligation,False,1.0,leave,True,
hillsborough_county_public_schools__hillsborough_contract_teacher_2013_2016__0929c4c0,Hillsborough_Contract_Teacher_2013_2016.pdf,Hillsborough County Public Schools,60,"The teacher must be a full-time student or receiving a degree, hold a professional certificate and hold tenure/non-probationary status in Hillsborough County.",The teacher,worker,management,must,False,active,plain,obligation,obligation,True,1.0,leave,True,Compound predicate
hillsborough_county_public_schools__hillsborough_contract_teacher_2013_2016__0929c4c0,Hillsborough_Contract_Teacher_2013_2016.pdf,Hillsborough County Public Schools,60,Additional leaves may be requested;,Additional leaves,worker,worker,may,False,passive,plain,permission,permission,True,0.3,leave,True,Split at semicolon
hillsborough_county_public_schools__hillsborough_contract_teacher_2013_2016__0929c4c0,Hillsborough_Contract_Teacher_2013_2016.pdf,Hillsborough County Public Schools,60,a maximum of three consecutive professional leaves or a maximum of two non-consecutive leaves in a five year period may be granted.,a maximum of three consecutive professional leaves or a maximum of two non-consecutive leaves in a five year period,management,management,may,False,passive,rights_passive,right,prohibition,False,0.3,leave,True,Split at semicolon
hillsborough_county_public_schools__hillsborough_contract_teacher_2013_2016__0929c4c0,Hillsborough_Contract_Teacher_2013_2016.pdf,Hillsborough County Public Schools,60,"Any teacher granted a professional leave must, upon return, or prior to requesting additional leave, submit a transcript or record from a college or university showing a degree or satisfactory credit earned (a grade of “C” or higher must be earned in order to gain salary credit) as a full-time student at the college or university.",Any teacher granted a professional leave,worker,management,must,False,active,plain,obligation,obligation,True,1.0,leave,True,"Parenthetical contains separate modal, main operative verb is submit"
hillsborough_county_public_schools__hillsborough_contract_teacher_2013_2016__0929c4c0,Hillsborough_Contract_Teacher_2013_2016.pdf,Hillsborough County Public Schools,60,Failure on the part of the teacher to submit evidence will invalidate the leave of absence and constitute a break in service.,Failure on the part of the teacher to submit evidence,other,management,will,False,active,plain,obligation,obligation,True,0.9,leave,True,Inanimate subject
hillsborough_county_public_schools__hillsborough_contract_teacher_2013_2016__0929c4c0,Hillsborough_Contract_Teacher_2013_2016.pdf,Hillsborough County Public Schools,60,"A teacher returning from professional leave, will be credited with a year’s experience for determining salary benefits, rights, and privileges for each year on leave.",A teacher returning from professional leave,management,worker,will,False,passive,rights_passive,right,obligation,False,0.9,compensation,True,
hillsborough_county_public_schools__hillsborough_contract_teacher_2013_2016__0929c4c0,Hillsborough_Contract_Teacher_2013_2016.pdf,Hillsborough County Public Schools,60,Teachers on professional leave should not expect reassignment prior to the expiration of their leave.,Teachers on professional leave,worker,management,should,True,active,plain,prohibition,prohibition,True,0.7,leave,True,
hillsborough_county_public_schools__hillsborough_contract_teacher_2013_2016__0929c4c0,Hillsborough_Contract_Teacher_2013_2016.pdf,Hillsborough County Public Schools,60,A teacher on professional leave must maintain a valid teaching certificate.,A teacher on professional leave,worker,management,must,False,active,plain,obligation,obligation,True,1.0,leave,True,
hillsborough_county_public_schools__hillsborough_contract_teacher_2013_2016__0929c4c0,Hillsborough_Contract_Teacher_2013_2016.pdf,Hillsborough County Public Schools,60,A teacher may be granted personal leave without pay upon earning tenure/non-probationary status in Hillsborough County.,A teacher,management,worker,may,False,passive,rights_passive,right,permission,False,0.3,leave,True,
hillsborough_county_public_schools__hillsborough_contract_teacher_2013_2016__0929c4c0,Hillsborough_Contract_Teacher_2013_2016.pdf,Hillsborough County Public Schools,60,An additional personal leave may be granted after each three complete years of teaching experience in the Hillsborough County School Syste,An additional personal leave,management,worker,may,False,passive,rights_passive,right,permission,False,0.3,leave,True,Truncated at end of chunk
hillsborough_county_public_schools__hillsborough_contract_teacher_2013_2016__0929c4c0,Hillsborough_Contract_Teacher_2013_2016.pdf,Hillsborough County Public Schools,61,An additional personal leave may be granted after each three complete years of teaching experience in the Hillsborough County School System.,An additional personal leave,management,worker,may,False,passive,rights_passive,right,permission,False,0.3,leave,True,
hillsborough_county_public_schools__hillsborough_contract_teacher_2013_2016__0929c4c0,Hillsborough_Contract_Teacher_2013_2016.pdf,Hillsborough County Public Schools,61,"When the initial personal leave begins during the second semester, a second continuous personal leave may be granted for all of the next school year.",a second continuous personal leave,management,worker,may,False,passive,rights_passive,right,permission,False,0.3,leave,True,
hillsborough_county_public_schools__hillsborough_contract_teacher_2013_2016__0929c4c0,Hillsborough_Contract_Teacher_2013_2016.pdf,Hillsborough County Public Schools,61,"Teachers who have knowledge of a maternity, paternity, adoption or family related circumstance which will require their absence from school shall inform the principal.","Teachers who have knowledge of a maternity, paternity, adoption or family related circumstance which will require their absence from school",worker,management,shall,False,active,plain,obligation,obligation,True,1.0,leave,True,
hillsborough_county_public_schools__hillsborough_contract_teacher_2013_2016__0929c4c0,Hillsborough_Contract_Teacher_2013_2016.pdf,Hillsborough County Public Schools,61,Teachers must inform the principal of the anticipated date that their absence will begin and the anticipated date of return.,Teachers,worker,management,must,False,active,plain,obligation,obligation,True,1.0,leave,True,
hillsborough_county_public_schools__hillsborough_contract_teacher_2013_2016__0929c4c0,Hillsborough_Contract_Teacher_2013_2016.pdf,Hillsborough County Public Schools,61,Teachers may use either paid or unpaid sick leave anytime before the child’s birth or adoption.,Teachers,worker,worker,may,False,active,plain,permission,permission,True,0.3,leave,True,
hillsborough_county_public_schools__hillsborough_contract_teacher_2013_2016__0929c4c0,Hillsborough_Contract_Teacher_2013_2016.pdf,Hillsborough County Public Schools,61,A maximum of twelve weeks unpaid leave may be taken after the child’s birth or adoption for normal recuperation.,A maximum of twelve weeks unpaid leave,worker,worker,may,False,passive,plain,permission,permission,True,0.3,leave,True,
hillsborough_county_public_schools__hillsborough_contract_teacher_2013_2016__0929c4c0,Hillsborough_Contract_Teacher_2013_2016.pdf,Hillsborough County Public Schools,61,"At the end of the twelve week period, the teacher must go on an approved leave or return to work.",the teacher,worker,management,must,False,active,plain,obligation,obligation,True,1.0,leave,True,
hillsborough_county_public_schools__hillsborough_contract_teacher_2013_2016__0929c4c0,Hillsborough_Contract_Teacher_2013_2016.pdf,Hillsborough County Public Schools,61,"A leave for maternity, paternity, adoption, or family care may be granted for any period of more than thirty (30) days as per 12.19.1.","A leave for maternity, paternity, adoption, or family care",management,worker,may,False,passive,rights_passive,right,permission,False,0.3,leave,True,
hillsborough_county_public_schools__hillsborough_contract_teacher_2013_2016__0929c4c0,Hillsborough_Contract_Teacher_2013_2016.pdf,Hillsborough County Public Schools,61,"Only one maternity, paternity, or adoption leave may be granted for a single child.","Only one maternity, paternity, or adoption leave",management,management,may,False,passive,rights_passive,right,prohibition,False,0.3,leave,True,
hillsborough_county_public_schools__hillsborough_contract_teacher_2013_2016__0929c4c0,Hillsborough_Contract_Teacher_2013_2016.pdf,Hillsborough County Public Schools,61,Family care leave shall be limited to two continuous leaves for the same circumstance.,Family care leave,management,management,shall,False,passive,plain,obligation,prohibition,False,1.0,leave,True,
hillsborough_county_public_schools__hillsborough_contract_teacher_2013_2016__0929c4c0,Hillsborough_Contract_Teacher_2013_2016.pdf,Hillsborough County Public Schools,61,Leaves should be requested twenty (20) days prior to the beginning date of the leave.,Leaves,worker,management,should,False,passive,plain,obligation,obligation,True,0.7,leave,True,
hillsborough_county_public_schools__hillsborough_contract_teacher_2013_2016__0929c4c0,Hillsborough_Contract_Teacher_2013_2016.pdf,Hillsborough County Public Schools,61,A teacher granted an extended leave of absence during the school term may not expect reassignment until the end of the leave.,A teacher granted an extended leave of absence during the school term,worker,management,may,True,active,plain,prohibition,prohibition,True,0.3,leave,True,
hillsborough_county_public_schools__hillsborough_contract_teacher_2013_2016__0929c4c0,Hillsborough_Contract_Teacher_2013_2016.pdf,Hillsborough County Public Schools,61,The teacher must notify the Division of Human Resources and his/her principal by April 1 of his/her intention to return.,The teacher,worker,management,must,False,active,plain,obligation,obligation,True,1.0,leave,True,
hillsborough_county_public_schools__hillsborough_contract_teacher_2013_2016__0929c4c0,Hillsborough_Contract_Teacher_2013_2016.pdf,Hillsborough County Public Schools,61,The Division of Human Resources will ensure this requirement is clear on the leave documents,The Division of Human Resources,management,worker,will,False,active,plain,obligation,obligation,True,0.9,leave,True,
hillsborough_county_public_schools__hillsborough_contract_teacher_2013_2016__0929c4c0,Hillsborough_Contract_Teacher_2013_2016.pdf,Hillsborough County Public Schools,61,"will mail a reminder by USPS certified mail, return receipt requested, regarding this deadline at least two weeks prior to April 1.",The Division of Human Resources,management,worker,will,False,active,plain,obligation,obligation,True,0.9,leave,True,
hillsborough_county_public_schools__hillsborough_contract_teacher_2013_2016__0929c4c0,Hillsborough_Contract_Teacher_2013_2016.pdf,Hillsborough County Public Schools,61,"If the teacher fails to notify the Division of Human Resources of his/her intent by the April 1 deadline, they shall be terminated.",they,management,management,shall,False,passive,plain,obligation,obligation,True,1.0,leave,True,
hillsborough_county_public_schools__hillsborough_contract_teacher_2013_2016__0929c4c0,Hillsborough_Contract_Teacher_2013_2016.pdf,Hillsborough County Public Schools,61,The teacher may appeal this termination if extenuating circumstances exist.,The teacher,worker,worker,may,False,active,plain,permission,permission,True,0.3,leave,True,
hillsborough_county_public_schools__hillsborough_contract_teacher_2013_2016__0929c4c0,Hillsborough_Contract_Teacher_2013_2016.pdf,Hillsborough County Public Schools,61,The teacher will be eligible to reapply for employment immediately if they so desire.,The teacher,worker,worker,will,False,active,plain,obligation,right,False,0.9,leave,True,
hillsborough_county_public_schools__hillsborough_contract_teacher_2013_2016__0929c4c0,Hillsborough_Contract_Teacher_2013_2016.pdf,Hillsborough County Public Schools,62,"If the teacher fails to notify the Division of Human Resources by April 1, he/she will be placed in a county pool.",he/she,management,management,will,False,passive,plain,obligation,obligation,True,0.9,leave,True,
hillsborough_county_public_schools__hillsborough_contract_teacher_2013_2016__0929c4c0,Hillsborough_Contract_Teacher_2013_2016.pdf,Hillsborough County Public Schools,62,The teacher will be notified of their assignment to the county pool,The teacher,management,worker,will,False,passive,rights_passive,right,obligation,False,0.9,leave,True,
hillsborough_county_public_schools__hillsborough_contract_teacher_2013_2016__0929c4c0,Hillsborough_Contract_Teacher_2013_2016.pdf,Hillsborough County Public Schools,62,the teacher must respond in person or by proxy to make a selection of assignment at the county pool.,the teacher,worker,management,must,False,active,plain,obligation,obligation,True,1.0,transfers,True,
hillsborough_county_public_schools__hillsborough_contract_teacher_2013_2016__0929c4c0,Hillsborough_Contract_Teacher_2013_2016.pdf,Hillsborough County Public Schools,62,Failure to respond to the county pool placement will result in termination.,Failure to respond to the county pool placement,other,management,will,False,active,plain,obligation,prohibition,False,0.9,transfers,True,
hillsborough_county_public_schools__hillsborough_contract_teacher_2013_2016__0929c4c0,Hillsborough_Contract_Teacher_2013_2016.pdf,Hillsborough County Public Schools,62,"When conditions change for which a teacher takes leave, he/she may transfer from leave to a temporary or permanent vacancy.",he/she,worker,worker,may,False,active,plain,permission,permission,True,0.3,transfers,True,
hillsborough_county_public_schools__hillsborough_contract_teacher_2013_2016__0929c4c0,Hillsborough_Contract_Teacher_2013_2016.pdf,Hillsborough County Public Schools,62,"If the transfer is a temporary one, the position from which he/she is on leave will be reserved for him/her.",the position from which he/she is on leave,other,worker,will,False,passive,plain,obligation,obligation,True,0.9,leave,True,
hillsborough_county_public_schools__hillsborough_contract_teacher_2013_2016__0929c4c0,Hillsborough_Contract_Teacher_2013_2016.pdf,Hillsborough County Public Schools,62,"If the transfer is a permanent one, either to a permanent vacancy or to a temporary, regular contract appointment in a vacancy replacing a teacher on leave, the vacancy in the school from which he/she took leave will no longer be reserved.",the vacancy in the school from which he/she took leave,other,management,will,True,passive,plain,prohibition,prohibition,True,0.9,leave,True,
hillsborough_county_public_schools__hillsborough_contract_teacher_2013_2016__0929c4c0,Hillsborough_Contract_Teacher_2013_2016.pdf,Hillsborough County Public Schools,62,"no solicitation of any type (in person, by hand-out, by mail, etc.) will be allowed on School Board property by any representative of an insurance company, insurance agency, or any organization which makes insurance of any type available, except as approved by the Board or offered as a member benefit by CTA.","no solicitation of any type (in person, by hand-out, by mail, etc.)",worker,management,will,True,passive,plain,prohibition,prohibition,True,0.9,other,True,
hillsborough_county_public_schools__hillsborough_contract_teacher_2013_2016__0929c4c0,Hillsborough_Contract_Teacher_2013_2016.pdf,Hillsborough County Public Schools,62,The School Board agrees to pay the premium for the employee for a comprehensive medical insurance program.,The School Board,management,worker,,False,active,plain,other,obligation,False,0.0,benefits,True,
hillsborough_county_public_schools__hillsborough_contract_teacher_2013_2016__0929c4c0,Hillsborough_Contract_Teacher_2013_2016.pdf,Hillsborough County Public Schools,62,The employee may insure his/her dependents with the School Board’s comprehensive medical insurance program,The employee,worker,worker,may,False,active,plain,permission,permission,True,0.3,benefits,True,
hillsborough_county_public_schools__hillsborough_contract_teacher_2013_2016__0929c4c0,Hillsborough_Contract_Teacher_2013_2016.pdf,Hillsborough County Public Schools,62,Evidence of insurability will be required during other times.,Evidence of insurability,other,management,will,False,passive,obligation_verb,obligation,obligation,True,0.9,benefits,True,
hillsborough_county_public_schools__hillsborough_contract_teacher_2013_2016__0929c4c0,Hillsborough_Contract_Teacher_2013_2016.pdf,Hillsborough County Public Schools,62,The School Board agrees to pay the premium for employee coverage for term life insurance.,The School Board,management,worker,,False,active,plain,other,obligation,False,0.0,benefits,True,
hillsborough_county_public_schools__hillsborough_contract_teacher_2013_2016__0929c4c0,Hillsborough_Contract_Teacher_2013_2016.pdf,Hillsborough County Public Schools,62,The employee shall designate a beneficiary for the payment of such coverage.,The employee,worker,management,shall,False,active,plain,obligation,obligation,True,1.0,benefits,True,
hillsborough_county_public_schools__hillsborough_contract_teacher_2013_2016__0929c4c0,Hillsborough_Contract_Teacher_2013_2016.pdf,Hillsborough County Public Schools,63,"Teachers on leave or on upon retirement, if eligible, may continue insurance coverage by paying the total premium on a monthly basis to the school system.","Teachers on leave or on upon retirement, if eligible",worker,worker,may,False,active,permission_verb,permission,permission,True,0.3,benefits,True,
hillsborough_county_public_schools__hillsborough_contract_teacher_2013_2016__0929c4c0,Hillsborough_Contract_Teacher_2013_2016.pdf,Hillsborough County Public Schools,63,The Board shall continue to provide the employee’s health and life insurance when the employee is granted any extended health or maternity leave.,The Board,management,worker,shall,False,active,plain,obligation,obligation,True,1.0,benefits,True,
hillsborough_county_public_schools__hillsborough_contract_teacher_2013_2016__0929c4c0,Hillsborough_Contract_Teacher_2013_2016.pdf,Hillsborough County Public Schools,63,"However, this obligation shall not extend past the end of the fiscal year in which the health leave was initially granted.",this obligation,other,management,shall,True,active,plain,prohibition,prohibition,True,1.0,benefits,True,
hillsborough_county_public_schools__hillsborough_contract_teacher_2013_2016__0929c4c0,Hillsborough_Contract_Teacher_2013_2016.pdf,Hillsborough County Public Schools,63,Enrollment periods for health and other insurance shall include professional assistance during extended hours to the extent possible.,Enrollment periods for health and other insurance,other,worker,shall,False,active,plain,obligation,obligation,True,1.0,benefits,True,
hillsborough_county_public_schools__hillsborough_contract_teacher_2013_2016__0929c4c0,Hillsborough_Contract_Teacher_2013_2016.pdf,Hillsborough County Public Schools,63,The Board shall make available to employees a pre-tax benefit program that will allow employees to purchase insurance and other benefits through pre-tax payroll deduction.,The Board,management,worker,shall,False,active,plain,obligation,obligation,True,1.0,benefits,True,
hillsborough_county_public_schools__hillsborough_contract_teacher_2013_2016__0929c4c0,Hillsborough_Contract_Teacher_2013_2016.pdf,Hillsborough County Public Schools,63,The Board will identify the companies authorized to sell programs to teachers so long as they qualify and operate under the adopted policies and procedures.,The Board,management,worker,will,False,active,plain,obligation,obligation,True,0.9,benefits,True,
hillsborough_county_public_schools__hillsborough_contract_teacher_2013_2016__0929c4c0,Hillsborough_Contract_Teacher_2013_2016.pdf,Hillsborough County Public Schools,63,Any amendment to employee contracts for annuity purposes shall be made in the period from August 18 through March 31 of any given year.,Any amendment to employee contracts for annuity purposes,other,worker,shall,False,passive,plain,obligation,obligation,True,1.0,benefits,True,
hillsborough_county_public_schools__hillsborough_contract_teacher_2013_2016__0929c4c0,Hillsborough_Contract_Teacher_2013_2016.pdf,Hillsborough County Public Schools,63,"The Board will continue the income protection and cancer plans which have been available with the teacher bearing the expense, as long as the two companies continue to allow reasonable group rates, have enrolled a reasonable number of employees which justifies the cost of the deduction, does not place an undue burden on Hillsborough County Public Schools’ resources, and abide by item 13.1 (Insurance Solicitation) of this contract.",The Board,management,worker,will,False,active,plain,obligation,obligation,True,0.9,benefits,True,
hillsborough_county_public_schools__hillsborough_contract_teacher_2013_2016__0929c4c0,Hillsborough_Contract_Teacher_2013_2016.pdf,Hillsborough County Public Schools,63,"Whenever a teacher is temporarily absent from school and temporarily unable to perform their duties as a result of an assault/battery incurred in the scope and course of their employment, and not the result of their own negligence, they will be paid their full salary less the amount of any worker’s compensation payment or award made for temporary disability due to said assault/battery for the actual period of such temporary absence, as verified by a doctor, for a total period of up to 12 months from the date of such",they,management,worker,will,False,passive,rights_passive,right,obligation,False,0.9,benefits,True,Truncated at end of chunk.
hillsborough_county_public_schools__hillsborough_contract_teacher_2013_2016__0929c4c0,Hillsborough_Contract_Teacher_2013_2016.pdf,Hillsborough County Public Schools,64,Such pay shall not exceed the amount an employee is entitled to receive under their contract.,Such pay,other,management,shall,True,active,plain,prohibition,prohibition,True,1.0,compensation,True,
hillsborough_county_public_schools__hillsborough_contract_teacher_2013_2016__0929c4c0,Hillsborough_Contract_Teacher_2013_2016.pdf,Hillsborough County Public Schools,64,Absences directly attributable to an assault/battery will not be charged to sick leave.,Absences directly attributable to an assault/battery,management,worker,will,True,passive,plain,prohibition,prohibition,True,0.9,leave,True,
hillsborough_county_public_schools__hillsborough_contract_teacher_2013_2016__0929c4c0,Hillsborough_Contract_Teacher_2013_2016.pdf,Hillsborough County Public Schools,64,"The Board shall have the right to have the teacher examined by a physician designated by the Board to assist it in determining the length of time during which the teacher is temporarily unable to perform his duties, and that the disability is attributable to the injury involved.",The Board,management,management,shall,False,active,rights_active,right,right,True,1.0,other,True,
hillsborough_county_public_schools__hillsborough_contract_teacher_2013_2016__0929c4c0,Hillsborough_Contract_Teacher_2013_2016.pdf,Hillsborough County Public Schools,64,"In the event there is an adjudication of the period of temporary disability in the appropriate workers’ compensation proceeding, the Board may adopt such adjudication.",the Board,management,management,may,False,active,plain,permission,permission,True,0.3,other,True,
hillsborough_county_public_schools__hillsborough_contract_teacher_2013_2016__0929c4c0,Hillsborough_Contract_Teacher_2013_2016.pdf,Hillsborough County Public Schools,64,"Whenever a teacher’s personal property is soiled, damaged, or destroyed by students or non-students as a result of personal physical assaults, and when such losses occur in the performance of his school duty and if recovery by the Board is not possible through legal means, the teacher may obtain reimbursement by submitting a memo to the Risk Management Department explaining the circumstances.",the teacher,worker,worker,may,False,active,plain,permission,permission,True,0.3,benefits,True,
hillsborough_county_public_schools__hillsborough_contract_teacher_2013_2016__0929c4c0,Hillsborough_Contract_Teacher_2013_2016.pdf,Hillsborough County Public Schools,64,An additional memo from the principal recommending reimbursement is also required.,An additional memo from the principal recommending reimbursement,management,worker,,False,passive,plain,other,other,True,0.0,other,True,
hillsborough_county_public_schools__hillsborough_contract_teacher_2013_2016__0929c4c0,Hillsborough_Contract_Teacher_2013_2016.pdf,Hillsborough County Public Schools,64,Estimates for damages must be attached to the claim.,Estimates for damages,management,worker,must,False,passive,plain,obligation,obligation,True,1.0,other,True,
hillsborough_county_public_schools__hillsborough_contract_teacher_2013_2016__0929c4c0,Hillsborough_Contract_Teacher_2013_2016.pdf,Hillsborough County Public Schools,64,All such assaults must be reported in accordance with the teacher assault policy (Section 4.2).,All such assaults,management,worker,must,False,passive,plain,obligation,obligation,True,1.0,safety_and_working_conditions,True,
hillsborough_county_public_schools__hillsborough_contract_teacher_2013_2016__0929c4c0,Hillsborough_Contract_Teacher_2013_2016.pdf,Hillsborough County Public Schools,64,such overpayment shall be returned to the Board.,such overpayment,management,management,shall,False,passive,plain,obligation,obligation,True,1.0,compensation,True,
hillsborough_county_public_schools__hillsborough_contract_teacher_2013_2016__0929c4c0,Hillsborough_Contract_Teacher_2013_2016.pdf,Hillsborough County Public Schools,64,Board payments will cover up to the first ten workdays of absence for each approved injury or illness with a maximum of ten such paid days each fiscal year.,Board payments,other,management,will,False,active,plain,obligation,obligation,True,0.9,leave,True,
hillsborough_county_public_schools__hillsborough_contract_teacher_2013_2016__0929c4c0,Hillsborough_Contract_Teacher_2013_2016.pdf,Hillsborough County Public Schools,64,"To receive more than one paid day for an on-the-job injury, an employee must submit a written excuse from work from a doctor or a medical facility.",an employee,worker,management,must,False,active,plain,obligation,obligation,True,1.0,leave,True,
hillsborough_county_public_schools__hillsborough_contract_teacher_2013_2016__0929c4c0,Hillsborough_Contract_Teacher_2013_2016.pdf,Hillsborough County Public Schools,64,"After the employee goes off the payroll of the Board, the compensation insurance shall be paid to the employee.",the compensation insurance,management,worker,shall,False,passive,rights_passive,right,obligation,False,1.0,benefits,True,
hillsborough_county_public_schools__hillsborough_contract_teacher_2013_2016__0929c4c0,Hillsborough_Contract_Teacher_2013_2016.pdf,Hillsborough County Public Schools,64,All employees shall report on-the-job injuries to their supervisor immediately.,All employees,worker,management,shall,False,active,plain,obligation,obligation,True,1.0,safety_and_working_conditions,True,
hillsborough_county_public_schools__hillsborough_contract_teacher_2013_2016__0929c4c0,Hillsborough_Contract_Teacher_2013_2016.pdf,Hillsborough County Public Schools,65,A Notice of Injury report shall be completed in detail by the administrator or supervisor and forwarded to the Risk Management and Safety office in the next school mail.,A Notice of Injury report,management,worker,shall,False,passive,plain,obligation,obligation,True,1.0,safety_and_working_conditions,True,
hillsborough_county_public_schools__hillsborough_contract_teacher_2013_2016__0929c4c0,Hillsborough_Contract_Teacher_2013_2016.pdf,Hillsborough County Public Schools,65,"If medical treatment is required, the injured employee shall be given a “Referral for Medical Treatment” form which will enable him/her to report to a doctor or hospital for treatment under Workers’ Compensation benefits.",the injured employee,management,worker,shall,False,passive,rights_passive,right,obligation,False,1.0,safety_and_working_conditions,True,
hillsborough_county_public_schools__hillsborough_contract_teacher_2013_2016__0929c4c0,Hillsborough_Contract_Teacher_2013_2016.pdf,Hillsborough County Public Schools,65,The supervisor shall complete the top half of the form.,The supervisor,management,worker,shall,False,active,plain,obligation,obligation,True,1.0,safety_and_working_conditions,True,
hillsborough_county_public_schools__hillsborough_contract_teacher_2013_2016__0929c4c0,Hillsborough_Contract_Teacher_2013_2016.pdf,Hillsborough County Public Schools,65,The injured employee is responsible for insuring that the bottom half of the “Referral for Medical Treatment” form is completed by the doctor or hospital at the time of treatment and is forwarded to Risk Management and Safety in the next school mail.,The injured employee,worker,worker,,False,active,obligation_verb,obligation,obligation,True,0.85,safety_and_working_conditions,True,
hillsborough_county_public_schools__hillsborough_contract_teacher_2013_2016__0929c4c0,Hillsborough_Contract_Teacher_2013_2016.pdf,Hillsborough County Public Schools,65,Workers’ Compensation benefits will be delayed until this proof is received by Risk Management and Safety.,Workers’ Compensation benefits,management,management,will,False,passive,plain,obligation,obligation,True,0.9,benefits,True,
hillsborough_county_public_schools__hillsborough_contract_teacher_2013_2016__0929c4c0,Hillsborough_Contract_Teacher_2013_2016.pdf,Hillsborough County Public Schools,65,An employee needing care from a doctor will be assigned such medical care as per Statute 440.13.,An employee needing care from a doctor,management,worker,will,False,passive,rights_passive,right,obligation,False,0.9,safety_and_working_conditions,True,
hillsborough_county_public_schools__hillsborough_contract_teacher_2013_2016__0929c4c0,Hillsborough_Contract_Teacher_2013_2016.pdf,Hillsborough County Public Schools,65,"If an in-the-line-of-duty injury results in an employee missing work after the day of injury, the work location shall call Risk Management and Safety by phone and inform them of the date the employee returns to work.",the work location,management,worker,shall,False,active,plain,obligation,obligation,True,1.0,safety_and_working_conditions,True,
hillsborough_county_public_schools__hillsborough_contract_teacher_2013_2016__0929c4c0,Hillsborough_Contract_Teacher_2013_2016.pdf,Hillsborough County Public Schools,65,A teacher who wishes to secure a legal release from his contract shall submit his resignation to the Board on a form adopted for the purpose.,A teacher,worker,management,shall,False,active,plain,obligation,obligation,True,1.0,other,True,
hillsborough_county_public_schools__hillsborough_contract_teacher_2013_2016__0929c4c0,Hillsborough_Contract_Teacher_2013_2016.pdf,Hillsborough County Public Schools,65,The Board will expect the teacher concerned to fulfill the contract until such time as a certified replacement has been secured or for a period not to exceed two weeks.,The Board,management,management,will,False,active,plain,obligation,obligation,True,0.9,other,True,
hillsborough_county_public_schools__hillsborough_contract_teacher_2013_2016__0929c4c0,Hillsborough_Contract_Teacher_2013_2016.pdf,Hillsborough County Public Schools,65,A teacher planning to retire shall submit his resignation to the Personnel and Human Resources Office at the time he submits to the Retirement System his application for retirement benefits.,A teacher,worker,management,shall,False,active,plain,obligation,obligation,True,1.0,other,True,
hillsborough_county_public_schools__hillsborough_contract_teacher_2013_2016__0929c4c0,Hillsborough_Contract_Teacher_2013_2016.pdf,Hillsborough County Public Schools,66,the Board will provide terminal pay to teachers upon termination of employment at retirement or to their beneficiaries if service is terminated by death.,the Board,management,worker,will,False,active,plain,obligation,obligation,True,0.9,compensation,True,
hillsborough_county_public_schools__hillsborough_contract_teacher_2013_2016__0929c4c0,Hillsborough_Contract_Teacher_2013_2016.pdf,Hillsborough County Public Schools,66,"All terminal pay shall be paid in the month following retirement, but not more than two pay cycles following the employee’s last duty check.",All terminal pay,management,worker,shall,False,passive,rights_passive,right,obligation,False,1.0,compensation,True,
hillsborough_county_public_schools__hillsborough_contract_teacher_2013_2016__0929c4c0,Hillsborough_Contract_Teacher_2013_2016.pdf,Hillsborough County Public Schools,66,December retirees may request that terminal pay be paid in the month of December for tax purposes.,December retirees,worker,worker,may,False,active,plain,permission,permission,True,0.3,compensation,True,
hillsborough_county_public_schools__hillsborough_contract_teacher_2013_2016__0929c4c0,Hillsborough_Contract_Teacher_2013_2016.pdf,Hillsborough County Public Schools,66,"To allow sufficient processing time for a December payment, a written request must be given to the Payroll Department no later than December 1.",a written request,worker,worker,must,False,passive,rights_passive,right,obligation,False,1.0,compensation,True,
hillsborough_county_public_schools__hillsborough_contract_teacher_2013_2016__0929c4c0,Hillsborough_Contract_Teacher_2013_2016.pdf,Hillsborough County Public Schools,66,"During the first three (3) years of service with the School Board, an employee will be paid 35 percent of his/her daily rate of pay times the number of days he/she has accumulated in sick leave.",an employee,management,worker,will,False,passive,rights_passive,right,obligation,False,0.9,leave,True,
hillsborough_county_public_schools__hillsborough_contract_teacher_2013_2016__0929c4c0,Hillsborough_Contract_Teacher_2013_2016.pdf,Hillsborough County Public Schools,66,"During the next three (3) years of service with the School Board, an employee will be paid 40 percent of his/her daily rate of pay times the number of days he/she has accumulated in sick leave.",an employee,management,worker,will,False,passive,rights_passive,right,obligation,False,0.9,leave,True,
hillsborough_county_public_schools__hillsborough_contract_teacher_2013_2016__0929c4c0,Hillsborough_Contract_Teacher_2013_2016.pdf,Hillsborough County Public Schools,66,"During the next three (3) years of service with the School Board, an employee will be paid 45 percent of his/her daily rate of pay times the number of days he/she has accumulated in sick leave.",an employee,management,worker,will,False,passive,rights_passive,right,obligation,False,0.9,leave,True,
hillsborough_county_public_schools__hillsborough_contract_teacher_2013_2016__0929c4c0,Hillsborough_Contract_Teacher_2013_2016.pdf,Hillsborough County Public Schools,66,"During the next three (3) years of service with the School Board, an employee will be paid 50 percent of his/her daily rate of pay times the number of days he/she has accumulated in sick leave.",an employee,management,worker,will,False,passive,rights_passive,right,obligation,False,0.9,leave,True,
hillsborough_county_public_schools__hillsborough_contract_teacher_2013_2016__0929c4c0,Hillsborough_Contract_Teacher_2013_2016.pdf,Hillsborough County Public Schools,66,"During and after the 13th year of service with the School Board, an employee will be paid 100 percent of his/her daily rate of pay times the number of days he/she has accumulated in sick leave.",an employee,management,worker,will,False,passive,rights_passive,right,obligation,False,0.9,leave,True,
hillsborough_county_public_schools__hillsborough_contract_teacher_2013_2016__0929c4c0,Hillsborough_Contract_Teacher_2013_2016.pdf,Hillsborough County Public Schools,66,Employees shall be given the opportunity to participate in an exit interview.,Employees,management,worker,shall,False,passive,rights_passive,right,obligation,False,1.0,other,True,
hillsborough_county_public_schools__hillsborough_contract_teacher_2013_2016__0929c4c0,Hillsborough_Contract_Teacher_2013_2016.pdf,Hillsborough County Public Schools,66,"When programs are discontinued or cut back, the seniority of teachers in such programs shall be the governing factor in determining which teachers are laid off.",the seniority of teachers in such programs,other,worker,shall,False,active,plain,obligation,obligation,True,1.0,layoffs,True,
hillsborough_county_public_schools__hillsborough_contract_teacher_2013_2016__0929c4c0,Hillsborough_Contract_Teacher_2013_2016.pdf,Hillsborough County Public Schools,67,the seniority of teachers in such programs shall be the governing factor in determining which teachers are laid off.,the seniority of teachers in such programs,other,worker,shall,False,active,plain,obligation,obligation,True,1.0,layoffs,True,
hillsborough_county_public_schools__hillsborough_contract_teacher_2013_2016__0929c4c0,Hillsborough_Contract_Teacher_2013_2016.pdf,Hillsborough County Public Schools,67,the unit loss procedures (Section 11.4.7) shall prevail.,the unit loss procedures (Section 11.4.7),other,worker,shall,False,active,plain,obligation,obligation,True,1.0,layoffs,True,
hillsborough_county_public_schools__hillsborough_contract_teacher_2013_2016__0929c4c0,Hillsborough_Contract_Teacher_2013_2016.pdf,Hillsborough County Public Schools,67,"The Superintendent and Assistant Superintendents shall determine the area, subject or programs that will lose staff positions for the coming year.",The Superintendent and Assistant Superintendents,management,management,shall,False,active,plain,obligation,obligation,True,1.0,layoffs,True,
hillsborough_county_public_schools__hillsborough_contract_teacher_2013_2016__0929c4c0,Hillsborough_Contract_Teacher_2013_2016.pdf,Hillsborough County Public Schools,67,"Staff shall be laid off in order of least continuous employment in the county within the area of certification from which he/she will be displaced (specific subject, i.e., Industrial Education).",Staff,management,worker,shall,False,passive,plain,obligation,obligation,True,1.0,layoffs,True,
hillsborough_county_public_schools__hillsborough_contract_teacher_2013_2016__0929c4c0,Hillsborough_Contract_Teacher_2013_2016.pdf,Hillsborough County Public Schools,67,"The Division of Human Resources will determine how many staff positions in the area, subject or program to lose units are planning to retire, resign or go on leave for the coming year.",The Division of Human Resources,management,management,will,False,active,plain,obligation,obligation,True,0.9,layoffs,True,
hillsborough_county_public_schools__hillsborough_contract_teacher_2013_2016__0929c4c0,Hillsborough_Contract_Teacher_2013_2016.pdf,Hillsborough County Public Schools,67,That number shall reduce the amount of staff members to be laid off the coming year.,That number,other,worker,shall,False,active,plain,obligation,obligation,True,1.0,layoffs,True,
hillsborough_county_public_schools__hillsborough_contract_teacher_2013_2016__0929c4c0,Hillsborough_Contract_Teacher_2013_2016.pdf,Hillsborough County Public Schools,67,"A teacher to be laid off, who is certified in another area or subject in the bargaining unit, shall have the right to a vacant position in such area or subject.","A teacher to be laid off, who is certified in another area or subject in the bargaining unit,",worker,worker,shall,False,active,rights_active,right,right,True,1.0,layoffs,True,
hillsborough_county_public_schools__hillsborough_contract_teacher_2013_2016__0929c4c0,Hillsborough_Contract_Teacher_2013_2016.pdf,Hillsborough County Public Schools,67,"A teacher who has been laid off shall have the option, based on seniority, to select a vacancy in an area for which he/she is not certified provided such laid off teacher signs an agreement to earn six semester hours per year in order to be certified in the new subject area to begin in the second year of the assignment.",A teacher who has been laid off,worker,worker,shall,False,active,rights_active,right,right,True,1.0,layoffs,True,
hillsborough_county_public_schools__hillsborough_contract_teacher_2013_2016__0929c4c0,Hillsborough_Contract_Teacher_2013_2016.pdf,Hillsborough County Public Schools,67,This applies to bachelor’s degree or higher only.,This,other,worker,,False,active,plain,other,other,True,0.0,other,True,
hillsborough_county_public_schools__hillsborough_contract_teacher_2013_2016__0929c4c0,Hillsborough_Contract_Teacher_2013_2016.pdf,Hillsborough County Public Schools,67,"Laid-off teachers shall have first option for accepting reemployment on a seniority basis, as vacancies for which they are certified open within the bargaining unit until a period of two years has lapsed.",Laid-off teachers,worker,worker,shall,False,active,rights_active,right,right,True,1.0,layoffs,True,
hillsborough_county_public_schools__hillsborough_contract_teacher_2013_2016__0929c4c0,Hillsborough_Contract_Teacher_2013_2016.pdf,Hillsborough County Public Schools,67,No new teachers shall be employed during the two-year period until all teachers in subject areas laid off from such assignments have been offered a position.,No new teachers,management,worker,shall,True,passive,plain,prohibition,prohibition,True,1.0,layoffs,True,
hillsborough_county_public_schools__hillsborough_contract_teacher_2013_2016__0929c4c0,Hillsborough_Contract_Teacher_2013_2016.pdf,Hillsborough County Public Schools,67,"all rights related to salary, fringe benefits, and seniority shall be fully restored.","all rights related to salary, fringe benefits, and seniority",management,worker,shall,False,passive,rights_passive,right,obligation,False,1.0,benefits,True,
hillsborough_county_public_schools__hillsborough_contract_teacher_2013_2016__0929c4c0,Hillsborough_Contract_Teacher_2013_2016.pdf,Hillsborough County Public Schools,67,Laid-off teachers may pay the total premium for group life and hospitalization insurance for a period not to exceed two years.,Laid-off teachers,worker,worker,may,False,active,permission_verb,permission,permission,True,0.3,benefits,True,
hillsborough_county_public_schools__hillsborough_contract_teacher_2013_2016__0929c4c0,Hillsborough_Contract_Teacher_2013_2016.pdf,Hillsborough County Public Schools,68,Each teacher must hold a valid Florida certificate issued by the State Department of Education or a valid District certificate issued by the School District of Hillsborough County.,Each teacher,worker,management,must,False,active,plain,obligation,obligation,True,1.0,other,True,
hillsborough_county_public_schools__hillsborough_contract_teacher_2013_2016__0929c4c0,Hillsborough_Contract_Teacher_2013_2016.pdf,Hillsborough County Public Schools,68,"the Office of Professional Standards will aid the teacher in filling out forms, processing renewals, and when required, mailing them to the State Department of Education.",the Office of Professional Standards,management,worker,will,False,active,plain,obligation,obligation,True,0.9,other,True,
hillsborough_county_public_schools__hillsborough_contract_teacher_2013_2016__0929c4c0,Hillsborough_Contract_Teacher_2013_2016.pdf,Hillsborough County Public Schools,68,"Each teacher must register his/her state-issued certificate (temporary, professional, renewal, upgrade, or addition), with the Office of Professional Standards within thirty (30) days after receiving it from the State Bureau of Teacher Certification.",Each teacher,worker,management,must,False,active,plain,obligation,obligation,True,1.0,other,True,
hillsborough_county_public_schools__hillsborough_contract_teacher_2013_2016__0929c4c0,Hillsborough_Contract_Teacher_2013_2016.pdf,Hillsborough County Public Schools,68,"However, if a teacher has applied for the certificate through the Office of Professional Standards, the Bureau of Teacher Certification will mail a copy directly to the District.",the Bureau of Teacher Certification,management,management,will,False,active,plain,obligation,obligation,True,0.9,other,True,
hillsborough_county_public_schools__hillsborough_contract_teacher_2013_2016__0929c4c0,Hillsborough_Contract_Teacher_2013_2016.pdf,Hillsborough County Public Schools,68,Only teachers who hold a regular or professional certificate are eligible to gain tenure/non-probationary status in Hillsborough County.,Only teachers who hold a regular or professional certificate,worker,management,,False,active,plain,other,other,True,0.0,job_security,True,
hillsborough_county_public_schools__hillsborough_contract_teacher_2013_2016__0929c4c0,Hillsborough_Contract_Teacher_2013_2016.pdf,Hillsborough County Public Schools,68,Teachers shall not be assigned to subjects not listed on their teaching certificate except in accordance with the regulations of the State Board of Education and for good cause shown.,Teachers,management,worker,shall,True,passive,prohibition_verb,permission,prohibition,False,1.0,other,True,
hillsborough_county_public_schools__hillsborough_contract_teacher_2013_2016__0929c4c0,Hillsborough_Contract_Teacher_2013_2016.pdf,Hillsborough County Public Schools,68,"All teachers who are teaching out-of-field shall be required to complete, with a grade of ""C” or higher, six semester or eight quarter hours or the equivalent toward meeting certification requirements, or pass the subject area exam, within 12 months of having accepted the assignment.",All teachers who are teaching out-of-field,management,management,shall,False,passive,obligation_verb,obligation,obligation,True,1.0,professional_development,True,
hillsborough_county_public_schools__hillsborough_contract_teacher_2013_2016__0929c4c0,Hillsborough_Contract_Teacher_2013_2016.pdf,Hillsborough County Public Schools,68,Teachers who fail to complete the annual requirements will not be eligible for transfer or placement to another out-of-field assignment until the requirements are met.,Teachers who fail to complete the annual requirements,management,management,will,True,active,plain,prohibition,prohibition,True,0.9,other,True,
hillsborough_county_public_schools__hillsborough_contract_teacher_2013_2016__0929c4c0,Hillsborough_Contract_Teacher_2013_2016.pdf,Hillsborough County Public Schools,68,Teachers who are teaching out-of-field shall be evaluated for knowledge of subject matter with consideration given to the lack of complete certification.,Teachers who are teaching out-of-field,management,management,shall,False,passive,plain,obligation,obligation,True,1.0,evaluation,True,
hillsborough_county_public_schools__hillsborough_contract_teacher_2013_2016__0929c4c0,Hillsborough_Contract_Teacher_2013_2016.pdf,Hillsborough County Public Schools,68,"When the teacher is out-of-field in a subject area, and is also fulfilling a 300 hour ESOL requirement, the ESOL course work may be substituted for one course (3 hours or 60 inservice points) within the six-hour requirement, unless there is no current ESOL requirement.",the ESOL course work,other,worker,may,False,passive,plain,permission,permission,True,0.3,professional_development,True,
hillsborough_county_public_schools__hillsborough_contract_teacher_2013_2016__0929c4c0,Hillsborough_Contract_Teacher_2013_2016.pdf,Hillsborough County Public Schools,68,Certificates which are eligible for renewal or extension shall be renewed or extended under the rules of the Departme,Certificates which are eligible for renewal or extension,other,worker,shall,False,passive,plain,obligation,obligation,True,1.0,professional_development,True,text truncated at end
hillsborough_county_public_schools__hillsborough_contract_teacher_2013_2016__0929c4c0,Hillsborough_Contract_Teacher_2013_2016.pdf,Hillsborough County Public Schools,69,"Certificates which are eligible for renewal or extension shall be renewed or extended under the rules of the Department of Education and/or the School District of Hillsborough County prescribing such additional training, experience and competencies as may be deemed necessary for said renewal or extension.",Certificates which are eligible for renewal or extension,management,worker,shall,False,passive,plain,obligation,obligation,True,1.0,professional_development,True,
hillsborough_county_public_schools__hillsborough_contract_teacher_2013_2016__0929c4c0,Hillsborough_Contract_Teacher_2013_2016.pdf,Hillsborough County Public Schools,69,"A teacher who is teaching on a special permit, that is, a college graduate who is not certified in the field of this assignment, must meet requirements by earning six semester or eight quarter hours (or the equivalent) in the field of his assignment annually in order to be eligible for reappointment.","A teacher who is teaching on a special permit, that is, a college graduate who is not certified in the field of this assignment",worker,management,must,False,active,plain,obligation,obligation,True,1.0,professional_development,True,
hillsborough_county_public_schools__hillsborough_contract_teacher_2013_2016__0929c4c0,Hillsborough_Contract_Teacher_2013_2016.pdf,Hillsborough County Public Schools,69,This course work may be in addition to course work needed for certificate extension.,This course work,other,worker,may,False,active,plain,permission,permission,True,0.3,professional_development,True,
hillsborough_county_public_schools__hillsborough_contract_teacher_2013_2016__0929c4c0,Hillsborough_Contract_Teacher_2013_2016.pdf,Hillsborough County Public Schools,69,Salary credit for experience will be given initially for experience according to 17.3 in this contract.,Salary credit for experience,management,worker,will,False,passive,rights_passive,right,obligation,False,0.9,compensation,True,
hillsborough_county_public_schools__hillsborough_contract_teacher_2013_2016__0929c4c0,Hillsborough_Contract_Teacher_2013_2016.pdf,Hillsborough County Public Schools,69,Adjustments will be made as needed when verification of experience is received in the Division of Human Resources.,Adjustments,management,worker,will,False,passive,plain,obligation,obligation,True,0.9,compensation,True,
hillsborough_county_public_schools__hillsborough_contract_teacher_2013_2016__0929c4c0,Hillsborough_Contract_Teacher_2013_2016.pdf,Hillsborough County Public Schools,69,Teachers resigning prior to verification of previous teaching experience and/or recording of a valid certificate in the Division of Human Resources shall receive a final check at the rate of pay established at the time of resignation.,Teachers resigning prior to verification of previous teaching experience and/or recording of a valid certificate in the Division of Human Resources,management,management,shall,False,active,rights_active,right,obligation,False,1.0,compensation,True,
hillsborough_county_public_schools__hillsborough_contract_teacher_2013_2016__0929c4c0,Hillsborough_Contract_Teacher_2013_2016.pdf,Hillsborough County Public Schools,69,Checks will be withheld from teachers who have not furnished proof that they have met requirements and applied for a valid certificate at the time of employment processing.,Checks,management,management,will,False,passive,plain,obligation,obligation,True,0.9,compensation,True,
hillsborough_county_public_schools__hillsborough_contract_teacher_2013_2016__0929c4c0,Hillsborough_Contract_Teacher_2013_2016.pdf,Hillsborough County Public Schools,69,"Short-term employees must record a certificate, or file application, furnishing evidence of having met requirements, prior to the release of their final check.",Short-term employees,worker,management,must,False,active,plain,obligation,obligation,True,1.0,professional_development,True,
hillsborough_county_public_schools__hillsborough_contract_teacher_2013_2016__0929c4c0,Hillsborough_Contract_Teacher_2013_2016.pdf,Hillsborough County Public Schools,69,"All teachers shall report in writing their name, address and telephone number to their immediate supervisor.",All teachers,worker,management,shall,False,active,plain,obligation,obligation,True,1.0,teacher_rights_and_conduct,True,
hillsborough_county_public_schools__hillsborough_contract_teacher_2013_2016__0929c4c0,Hillsborough_Contract_Teacher_2013_2016.pdf,Hillsborough County Public Schools,69,"Any change in name, address and telephone number will be reported immediately to their immediate supervisor.","Any change in name, address and telephone number",worker,management,will,False,passive,plain,obligation,obligation,True,0.9,teacher_rights_and_conduct,True,
hillsborough_county_public_schools__hillsborough_contract_teacher_2013_2016__0929c4c0,Hillsborough_Contract_Teacher_2013_2016.pdf,Hillsborough County Public Schools,69,"All teachers shall report in writing changes of name, to the Professional Standards Department, and changes of address and telephone number to the Data Processing Clerk at their worksite.",All teachers,worker,management,shall,False,active,plain,obligation,obligation,True,1.0,teacher_rights_and_conduct,True,
hillsborough_county_public_schools__hillsborough_contract_teacher_2013_2016__0929c4c0,Hillsborough_Contract_Teacher_2013_2016.pdf,Hillsborough County Public Schools,69,"If a teacher changes her name, the change must be made on her teaching certificate by the State Department of Education at the teacher’s next regular certificate renewal.",the change,management,management,must,False,passive,plain,obligation,obligation,True,1.0,professional_development,True,
hillsborough_county_public_schools__hillsborough_contract_teacher_2013_2016__0929c4c0,Hillsborough_Contract_Teacher_2013_2016.pdf,Hillsborough County Public Schools,69,Name changes on records cannot be made until a new Social Security card has been recorded in the Division of Human Resources.,Name changes on records,management,management,,True,passive,plain,prohibition,prohibition,True,0.0,teacher_rights_and_conduct,True,
hillsborough_county_public_schools__hillsborough_contract_teacher_2013_2016__0929c4c0,Hillsborough_Contract_Teacher_2013_2016.pdf,Hillsborough County Public Schools,70,the change must be made on her teaching certificate by the State Department of Education at the teacher’s next regular certificate renewal.,the change,management,management,must,False,passive,plain,obligation,obligation,True,1.0,professional_development,True,
hillsborough_county_public_schools__hillsborough_contract_teacher_2013_2016__0929c4c0,Hillsborough_Contract_Teacher_2013_2016.pdf,Hillsborough County Public Schools,70,Teachers shall be granted experience for all verifiable public school years of experience.,Teachers,management,worker,shall,False,passive,rights_passive,right,obligation,False,1.0,compensation,True,
hillsborough_county_public_schools__hillsborough_contract_teacher_2013_2016__0929c4c0,Hillsborough_Contract_Teacher_2013_2016.pdf,Hillsborough County Public Schools,70,Teachers who take a leave of absence from a Hillsborough County position to work in another school district will not receive salary credit for that year upon their return.,Teachers who take a leave of absence from a Hillsborough County position to work in another school district,worker,management,will,True,active,plain,prohibition,prohibition,True,0.9,compensation,True,
hillsborough_county_public_schools__hillsborough_contract_teacher_2013_2016__0929c4c0,Hillsborough_Contract_Teacher_2013_2016.pdf,Hillsborough County Public Schools,70,"Teachers employed after July 1, 1981, shall be allowed up to seven years credit for previous experience in public or private schools and colleges, provided they were employed in full-time teaching positions and held at least a four year college degree during the period of employment.","Teachers employed after July 1, 1981,",management,worker,shall,False,passive,permission_verb,permission,obligation,False,1.0,compensation,True,
hillsborough_county_public_schools__hillsborough_contract_teacher_2013_2016__0929c4c0,Hillsborough_Contract_Teacher_2013_2016.pdf,Hillsborough County Public Schools,70,"Effective March 2002, teachers shall be granted experience credit for all years of experience not previously granted.",teachers,management,worker,shall,False,passive,rights_passive,right,obligation,False,1.0,compensation,True,
hillsborough_county_public_schools__hillsborough_contract_teacher_2013_2016__0929c4c0,Hillsborough_Contract_Teacher_2013_2016.pdf,Hillsborough County Public Schools,70,Non-degreed JROTC Instructors shall be eligible for up to seven years credit for previous ROTC teaching experience.,Non-degreed JROTC Instructors,worker,worker,shall,False,active,plain,obligation,right,False,1.0,compensation,True,
hillsborough_county_public_schools__hillsborough_contract_teacher_2013_2016__0929c4c0,Hillsborough_Contract_Teacher_2013_2016.pdf,Hillsborough County Public Schools,70,Credit will not be granted for half-day teaching in private or public schools other than the Hillsborough County Public School System.,Credit,management,management,will,True,passive,plain,prohibition,prohibition,True,0.9,compensation,True,
hillsborough_county_public_schools__hillsborough_contract_teacher_2013_2016__0929c4c0,Hillsborough_Contract_Teacher_2013_2016.pdf,Hillsborough County Public Schools,70,"Any person who left a teaching position to serve in the Armed Forces of the United States during a national emergency or in the Peace Corps; and had, at the time of his entering the service or the Peace Corps, a bachelor’s degree, may receive full experience credit up to five years or for the duration of the emergency.","Any person who left a teaching position to serve in the Armed Forces of the United States during a national emergency or in the Peace Corps; and had, at the time of his entering the service or the Peace Corps, a bachelor’s degree,",worker,worker,may,False,active,rights_active,right,permission,False,0.3,compensation,True,
hillsborough_county_public_schools__hillsborough_contract_teacher_2013_2016__0929c4c0,Hillsborough_Contract_Teacher_2013_2016.pdf,Hillsborough County Public Schools,70,Speech Language Pathologists shall be granted experience credit for all full years of therapy with children.,Speech Language Pathologists,management,worker,shall,False,passive,rights_passive,right,obligation,False,1.0,compensation,True,
hillsborough_county_public_schools__hillsborough_contract_teacher_2013_2016__0929c4c0,Hillsborough_Contract_Teacher_2013_2016.pdf,Hillsborough County Public Schools,70,"Upon entering employment with the Board, health science, data processing technology, law enforcement, firefighters, food production with Quantity Foods Certification, and industrial qualified and certified instructors may apply to the Assistant Superintendent for Curriculum and Instruction for work experience in the related area in lieu of teaching experience.","health science, data processing technology, law enforcement, firefighters, food production with Quantity Foods Certification, and industrial qualified and certified instructors",worker,worker,may,False,active,plain,permission,permission,True,0.3,compensation,True,
hillsborough_county_public_schools__hillsborough_contract_teacher_2013_2016__0929c4c0,Hillsborough_Contract_Teacher_2013_2016.pdf,Hillsborough County Public Schools,70,"For teachers employed after July 1, 1981, up to seven years of experience credit may be granted according to the provisions of this section.",up to seven years of experience credit,management,worker,may,False,passive,rights_passive,right,permission,False,0.3,compensation,True,
hillsborough_county_public_schools__hillsborough_contract_teacher_2013_2016__0929c4c0,Hillsborough_Contract_Teacher_2013_2016.pdf,Hillsborough County Public Schools,72,Junior ROTC personnel shall be paid under one of the following formulas.,Junior ROTC personnel,worker,worker,shall,False,passive,rights_passive,right,obligation,False,1.0,compensation,True,
hillsborough_county_public_schools__hillsborough_contract_teacher_2013_2016__0929c4c0,Hillsborough_Contract_Teacher_2013_2016.pdf,Hillsborough County Public Schools,72,Each instructor shall select the formula he/she prefers.,Each instructor,worker,worker,shall,False,active,plain,obligation,obligation,True,1.0,compensation,True,
hillsborough_county_public_schools__hillsborough_contract_teacher_2013_2016__0929c4c0,Hillsborough_Contract_Teacher_2013_2016.pdf,Hillsborough County Public Schools,72,"Once the instructor selects his/her preferred formula, that method of compensation shall remain in effect.",that method of compensation,other,worker,shall,False,active,plain,obligation,obligation,True,1.0,compensation,True,
hillsborough_county_public_schools__hillsborough_contract_teacher_2013_2016__0929c4c0,Hillsborough_Contract_Teacher_2013_2016.pdf,Hillsborough County Public Schools,72,"ROTC personnel will be paid in the amount, which, when added to retirement pay, will equal the amount of his/her active duty pay and allowance.",ROTC personnel,worker,worker,will,False,passive,rights_passive,right,right,True,0.9,compensation,True,
hillsborough_county_public_schools__hillsborough_contract_teacher_2013_2016__0929c4c0,Hillsborough_Contract_Teacher_2013_2016.pdf,Hillsborough County Public Schools,72,Reimbursement by the Federal Government will be made at the individual’s retirement pay and his/her active duty pay and allowance.,Reimbursement by the Federal Government,other,worker,will,False,passive,plain,obligation,obligation,True,0.9,compensation,True,Explicit agent 'by the Federal Government' identified; classified as neither management nor worker.
hillsborough_county_public_schools__hillsborough_contract_teacher_2013_2016__0929c4c0,Hillsborough_Contract_Teacher_2013_2016.pdf,Hillsborough County Public Schools,72,The School Board will not adjust downward its portion of this contract during the contract year.,The School Board,management,worker,will,True,active,plain,prohibition,prohibition,True,0.9,compensation,True,
hillsborough_county_public_schools__hillsborough_contract_teacher_2013_2016__0929c4c0,Hillsborough_Contract_Teacher_2013_2016.pdf,Hillsborough County Public Schools,72,District forms related to an employee’s employment with the district and/or compensation shall be distributed in a manner to guarantee confidentiality.,District forms related to an employee’s employment with the district and/or compensation,management,worker,shall,False,passive,plain,obligation,obligation,True,1.0,safety_and_working_conditions,True,
hillsborough_county_public_schools__hillsborough_contract_teacher_2013_2016__0929c4c0,Hillsborough_Contract_Teacher_2013_2016.pdf,Hillsborough County Public Schools,72,New employee paychecks will be direct deposited to a local financial institution of the employee’s choice from a list approved by the School Board.,New employee paychecks,management,worker,will,False,passive,plain,obligation,obligation,True,0.9,compensation,True,
hillsborough_county_public_schools__hillsborough_contract_teacher_2013_2016__0929c4c0,Hillsborough_Contract_Teacher_2013_2016.pdf,Hillsborough County Public Schools,72,Ten- month employees shall have the option of having their annual salary paid over a twelve month period.,Ten- month employees,worker,worker,shall,False,active,plain,obligation,permission,False,1.0,compensation,True,
hillsborough_county_public_schools__hillsborough_contract_teacher_2013_2016__0929c4c0,Hillsborough_Contract_Teacher_2013_2016.pdf,Hillsborough County Public Schools,72,Ten-month employees electing this option shall sign up for the extended year payments program which will provide four (4) paychecks during the summer recess.,Ten-month employees electing this option,worker,worker,shall,False,active,plain,obligation,obligation,True,1.0,compensation,True,
hillsborough_county_public_schools__hillsborough_contract_teacher_2013_2016__0929c4c0,Hillsborough_Contract_Teacher_2013_2016.pdf,Hillsborough County Public Schools,72,The following payroll deductions shall be shown cumulatively on the pay stubs beginning on January 1 and ending on December 31 of each year:,The following payroll deductions,management,worker,shall,False,passive,plain,obligation,obligation,True,1.0,compensation,True,
hillsborough_county_public_schools__hillsborough_contract_teacher_2013_2016__0929c4c0,Hillsborough_Contract_Teacher_2013_2016.pdf,Hillsborough County Public Schools,72,Social Security numbers shall be secured from access.,Social Security numbers,management,worker,shall,False,passive,plain,obligation,obligation,True,1.0,safety_and_working_conditions,True,
hillsborough_county_public_schools__hillsborough_contract_teacher_2013_2016__0929c4c0,Hillsborough_Contract_Teacher_2013_2016.pdf,Hillsborough County Public Schools,72,The Assistant Superintendent for Administration shall identify the school centers that will be open for the extended year program.,The Assistant Superintendent for Administration,management,management,shall,False,active,plain,obligation,obligation,True,1.0,other,True,
hillsborough_county_public_schools__hillsborough_contract_teacher_2013_2016__0929c4c0,Hillsborough_Contract_Teacher_2013_2016.pdf,Hillsborough County Public Schools,72,The Assistant Superintendent for Administration shall specify which sites will be sending students to open one through five sites.,The Assistant Superintendent for Administration,management,management,shall,False,active,plain,obligation,obligation,True,1.0,other,True,
hillsborough_county_public_schools__hillsborough_contract_teacher_2013_2016__0929c4c0,Hillsborough_Contract_Teacher_2013_2016.pdf,Hillsborough County Public Schools,72,Elementary feeder school students and students from the center attending the extended year program will be listed and sent to the extended year program center administrator.,Elementary feeder school students and students from the center attending the extended year program,management,management,will,False,passive,plain,obligation,obligation,True,0.9,other,True,Compound passive predicate 'will be listed and sent'.
hillsborough_county_public_schools__hillsborough_contract_teacher_2013_2016__0929c4c0,Hillsborough_Contract_Teacher_2013_2016.pdf,Hillsborough County Public Schools,73,Administration shall specify which sites will be sending students to open one through five sites.,Administration,management,management,shall,False,active,plain,obligation,obligation,True,1.0,other,True,
hillsborough_county_public_schools__hillsborough_contract_teacher_2013_2016__0929c4c0,Hillsborough_Contract_Teacher_2013_2016.pdf,Hillsborough County Public Schools,73,Teachers desiring to be employed in the extended year program shall make application to their building administrator to be forwarded to the Division of Human Resources.,Teachers desiring to be employed in the extended year program,worker,management,shall,False,active,plain,obligation,obligation,True,1.0,other,True,
hillsborough_county_public_schools__hillsborough_contract_teacher_2013_2016__0929c4c0,Hillsborough_Contract_Teacher_2013_2016.pdf,Hillsborough County Public Schools,73,"Each building administrator shall develop a list, by subject area (elementary shall be considered a subject area), of those teachers who have applied for employment in the extended year program.",Each building administrator,management,management,shall,False,active,plain,obligation,obligation,True,1.0,other,True,Includes parenthetical definitional clause
hillsborough_county_public_schools__hillsborough_contract_teacher_2013_2016__0929c4c0,Hillsborough_Contract_Teacher_2013_2016.pdf,Hillsborough County Public Schools,73,This list shall be sent to the extended year program center administrator.,This list,management,management,shall,False,passive,plain,obligation,obligation,True,1.0,other,True,
hillsborough_county_public_schools__hillsborough_contract_teacher_2013_2016__0929c4c0,Hillsborough_Contract_Teacher_2013_2016.pdf,Hillsborough County Public Schools,73,A list of students to attend the extended year program will be sent from the closed site to the appropriate one through five site.,A list of students to attend the extended year program,management,management,will,False,passive,plain,obligation,obligation,True,0.9,other,True,
hillsborough_county_public_schools__hillsborough_contract_teacher_2013_2016__0929c4c0,Hillsborough_Contract_Teacher_2013_2016.pdf,Hillsborough County Public Schools,73,"The open site administrator shall hire qualified applicants from each closed site, in proportion to the number of each school’s students attending the site, within each subject area.",The open site administrator,management,worker,shall,False,active,plain,obligation,obligation,True,1.0,job_security,True,
hillsborough_county_public_schools__hillsborough_contract_teacher_2013_2016__0929c4c0,Hillsborough_Contract_Teacher_2013_2016.pdf,Hillsborough County Public Schools,73,Teachers who received an NI or U the previous year may be excluded from this requirement.,Teachers who received an NI or U the previous year,management,management,may,False,passive,plain,permission,permission,True,0.3,evaluation,True,
hillsborough_county_public_schools__hillsborough_contract_teacher_2013_2016__0929c4c0,Hillsborough_Contract_Teacher_2013_2016.pdf,Hillsborough County Public Schools,73,Seniority shall be used to determine those teachers who will lose employment within each subject area when enrollment is not sufficient to maintain teacher units at a school site.,Seniority,other,worker,shall,False,passive,plain,obligation,obligation,True,1.0,layoffs,True,Inanimate subject; implicit management actor.
hillsborough_county_public_schools__hillsborough_contract_teacher_2013_2016__0929c4c0,Hillsborough_Contract_Teacher_2013_2016.pdf,Hillsborough County Public Schools,73,Unit loss shall occur by whole units.,Unit loss,other,worker,shall,False,active,plain,obligation,obligation,True,1.0,layoffs,True,
hillsborough_county_public_schools__hillsborough_contract_teacher_2013_2016__0929c4c0,Hillsborough_Contract_Teacher_2013_2016.pdf,Hillsborough County Public Schools,73,The loss of one unit will not affect more than one teacher unless it is voluntary.,The loss of one unit,other,worker,will,True,active,plain,prohibition,prohibition,True,0.9,layoffs,True,
hillsborough_county_public_schools__hillsborough_contract_teacher_2013_2016__0929c4c0,Hillsborough_Contract_Teacher_2013_2016.pdf,Hillsborough County Public Schools,73,"Normally, administrators shall hire from among the available certificated personnel for extended year employment prior to seeking out-of-field personnel.",administrators,management,worker,shall,False,active,plain,obligation,obligation,True,1.0,job_security,True,
hillsborough_county_public_schools__hillsborough_contract_teacher_2013_2016__0929c4c0,Hillsborough_Contract_Teacher_2013_2016.pdf,Hillsborough County Public Schools,73,Magnet schools receiving students from Feeder schools for the Extended Year Program shall hire qualified applicants from the Feeder schools in proportion to the number of students attending the Magnet School Extended Year Program.,Magnet schools receiving students from Feeder schools for the Extended Year Program,management,worker,shall,False,active,plain,obligation,obligation,True,1.0,job_security,True,
hillsborough_county_public_schools__hillsborough_contract_teacher_2013_2016__0929c4c0,Hillsborough_Contract_Teacher_2013_2016.pdf,Hillsborough County Public Schools,74,"If a teacher who holds a Group I contract voluntarily decides to relinquish his/her supplemented position at the end of a school year, he/she shall inform the administrator prior to the allocation of units for the following year in order that he/she may be given the option of being placed in the pool for reassignment or remaining at his/her current school if there is an unearmarked vacancy in his/her last teaching assignment.",he/she,worker,worker,shall,False,active,plain,obligation,obligation,True,1.0,job_security,True,
hillsborough_county_public_schools__hillsborough_contract_teacher_2013_2016__0929c4c0,Hillsborough_Contract_Teacher_2013_2016.pdf,Hillsborough County Public Schools,74,"If the administrator wishes to terminate a teacher from a Group I supplemented position, he/she must do so in the time period prior to the establishment of pools for the coming year.",he/she,management,worker,must,False,active,plain,obligation,obligation,True,1.0,job_security,True,
hillsborough_county_public_schools__hillsborough_contract_teacher_2013_2016__0929c4c0,Hillsborough_Contract_Teacher_2013_2016.pdf,Hillsborough County Public Schools,74,"A teacher who is terminated from a Group I position shall be entitled to an administrative review under the conditions cited in 21.3.1 through 21.3.5,",A teacher who is terminated from a Group I position,worker,worker,shall,False,passive,rights_passive,right,right,True,1.0,discipline,True,
hillsborough_county_public_schools__hillsborough_contract_teacher_2013_2016__0929c4c0,Hillsborough_Contract_Teacher_2013_2016.pdf,Hillsborough County Public Schools,74,"with the exception that if the review upholds the termination, the teacher shall lose his/her supplemental status",the teacher,worker,management,shall,False,active,plain,obligation,obligation,True,1.0,discipline,True,
hillsborough_county_public_schools__hillsborough_contract_teacher_2013_2016__0929c4c0,Hillsborough_Contract_Teacher_2013_2016.pdf,Hillsborough County Public Schools,74,and be given the option of being placed in the pool for reassignment or remaining at his/her current school if there is an unearmarked vacancy in his/her last teaching assignment.,the teacher,worker,worker,shall,False,passive,rights_passive,right,right,True,1.0,job_security,True,
hillsborough_county_public_schools__hillsborough_contract_teacher_2013_2016__0929c4c0,Hillsborough_Contract_Teacher_2013_2016.pdf,Hillsborough County Public Schools,74,Administrators shall have the right to reserve positions for Group I supplements in the following manner:,Administrators,management,management,shall,False,active,plain,obligation,right,False,1.0,job_security,True,
hillsborough_county_public_schools__hillsborough_contract_teacher_2013_2016__0929c4c0,Hillsborough_Contract_Teacher_2013_2016.pdf,Hillsborough County Public Schools,74,A list of all subject area vacancies shall be forwarded to the Division of Human Resources before pool placement.,A list of all subject area vacancies,management,,shall,False,passive,plain,obligation,,False,1.0,,True,
hillsborough_county_public_schools__hillsborough_contract_teacher_2013_2016__0929c4c0,Hillsborough_Contract_Teacher_2013_2016.pdf,Hillsborough County Public Schools,74,"At the close of the initial transfer period, subject area vacancies shall be paired with vacant Group I supplements",subject area vacancies,management,,shall,False,passive,plain,obligation,,False,1.0,,True,
hillsborough_county_public_schools__hillsborough_contract_teacher_2013_2016__0929c4c0,Hillsborough_Contract_Teacher_2013_2016.pdf,Hillsborough County Public Schools,74,and be removed from the list of positions available to the pool,subject area vacancies,management,,shall,False,passive,plain,obligation,,False,1.0,,True,
hillsborough_county_public_schools__hillsborough_contract_teacher_2013_2016__0929c4c0,Hillsborough_Contract_Teacher_2013_2016.pdf,Hillsborough County Public Schools,74,and shall be listed as positions reserved for Group I supplements.,subject area vacancies,management,,shall,False,passive,plain,obligation,,False,1.0,,True,
hillsborough_county_public_schools__hillsborough_contract_teacher_2013_2016__0929c4c0,Hillsborough_Contract_Teacher_2013_2016.pdf,Hillsborough County Public Schools,75,Changes in positions reserved for Group I supplements can only be made by application through the Division of Human Resources.,Changes in positions reserved for Group I supplements,worker,,can,False,passive,plain,permission,,False,0.3,,True,Restriction requires teacher application
hillsborough_county_public_schools__hillsborough_contract_teacher_2013_2016__0929c4c0,Hillsborough_Contract_Teacher_2013_2016.pdf,Hillsborough County Public Schools,75,A teacher holding a Group I supplement will not normally be transferred due to a unit loss.,A teacher holding a Group I supplement,management,,will,True,passive,plain,prohibition,,False,0.9,,True,
hillsborough_county_public_schools__hillsborough_contract_teacher_2013_2016__0929c4c0,Hillsborough_Contract_Teacher_2013_2016.pdf,Hillsborough County Public Schools,75,Teaching positions may not be reserved for attachment to Group I supplements if the Chief Officer for Human Resources determines that such positions are needed for pool placement.,Teaching positions,management,,may,True,passive,plain,prohibition,,False,0.3,,True,
hillsborough_county_public_schools__hillsborough_contract_teacher_2013_2016__0929c4c0,Hillsborough_Contract_Teacher_2013_2016.pdf,Hillsborough County Public Schools,75,"However, the acceptance of a Group II supplemented position is binding on both the principal and the teacher for the school year.",the acceptance of a Group II supplemented position,other,,,False,active,plain,other,,False,0.0,,True,
hillsborough_county_public_schools__hillsborough_contract_teacher_2013_2016__0929c4c0,Hillsborough_Contract_Teacher_2013_2016.pdf,Hillsborough County Public Schools,75,Administrators shall not have the right to earmark teaching positions for Group II supplements.,Administrators,management,,shall,True,active,plain,prohibition,,False,1.0,,True,
hillsborough_county_public_schools__hillsborough_contract_teacher_2013_2016__0929c4c0,Hillsborough_Contract_Teacher_2013_2016.pdf,Hillsborough County Public Schools,75,A teacher holding a Group II supplement will not normally be transferred due to unit loss,A teacher holding a Group II supplement,management,,will,True,passive,plain,prohibition,,False,0.9,,True,
hillsborough_county_public_schools__hillsborough_contract_teacher_2013_2016__0929c4c0,Hillsborough_Contract_Teacher_2013_2016.pdf,Hillsborough County Public Schools,75,A teacher and/or the principal shall determine continued employment in a Group II supplement prior to units being allocated.,A teacher and/or the principal,other,,shall,False,active,plain,obligation,,False,1.0,,True,
hillsborough_county_public_schools__hillsborough_contract_teacher_2013_2016__0929c4c0,Hillsborough_Contract_Teacher_2013_2016.pdf,Hillsborough County Public Schools,75,"However, the acceptance of a Group III supplemented position is binding on both the principal and the teacher for the school year.",the acceptance of a Group III supplemented position,other,,,False,active,plain,other,,False,0.0,,True,
hillsborough_county_public_schools__hillsborough_contract_teacher_2013_2016__0929c4c0,Hillsborough_Contract_Teacher_2013_2016.pdf,Hillsborough County Public Schools,75,Administrators shall not have the right to earmark teaching positions for Group III supplements.,Administrators,management,,shall,True,active,plain,prohibition,,False,1.0,,True,
hillsborough_county_public_schools__hillsborough_contract_teacher_2013_2016__0929c4c0,Hillsborough_Contract_Teacher_2013_2016.pdf,Hillsborough County Public Schools,75,A teacher holding a Group III supplement shall not be exempt from transfer due to a unit loss.,A teacher holding a Group III supplement,worker,,shall,True,active,plain,prohibition,,False,1.0,,True,
hillsborough_county_public_schools__hillsborough_contract_teacher_2013_2016__0929c4c0,Hillsborough_Contract_Teacher_2013_2016.pdf,Hillsborough County Public Schools,75,Teachers shall have the right to be contracted for no more than three supplemented positions.,Teachers,worker,,shall,False,active,plain,obligation,,False,1.0,,True,
hillsborough_county_public_schools__hillsborough_contract_teacher_2013_2016__0929c4c0,Hillsborough_Contract_Teacher_2013_2016.pdf,Hillsborough County Public Schools,75,Principals shall have the authority to contract with teachers from other schools to fill a supplemented position.,Principals,management,,shall,False,active,plain,obligation,,False,1.0,,True,
hillsborough_county_public_schools__hillsborough_contract_teacher_2013_2016__0929c4c0,Hillsborough_Contract_Teacher_2013_2016.pdf,Hillsborough County Public Schools,75,Principals shall post supplemented positions becoming vacant within the school as soon as the vacancy exists and allow ten working days to,Principals,management,,shall,False,active,plain,obligation,,False,1.0,,True,Truncated at end of chunk
hillsborough_county_public_schools__hillsborough_contract_teacher_2013_2016__0929c4c0,Hillsborough_Contract_Teacher_2013_2016.pdf,Hillsborough County Public Schools,76,Principals shall post supplemented positions becoming vacant within the school as soon as the vacancy exists and allow ten working days to interview interested teachers.,Principals,management,,shall,False,active,plain,obligation,,False,1.0,,True,
hillsborough_county_public_schools__hillsborough_contract_teacher_2013_2016__0929c4c0,Hillsborough_Contract_Teacher_2013_2016.pdf,Hillsborough County Public Schools,76,"After completing the interview process, the principal will announce his/her decision.",the principal,management,,will,False,active,plain,obligation,,False,0.9,,True,
hillsborough_county_public_schools__hillsborough_contract_teacher_2013_2016__0929c4c0,Hillsborough_Contract_Teacher_2013_2016.pdf,Hillsborough County Public Schools,76,"Age, race, creed, color, national origin, gender, marital status, sexual orientation, or membership in any teacher organization shall not be a factor when employing persons into supplemented positions.","Age, race, creed, color, national origin, gender, marital status, sexual orientation, or membership in any teacher organization",other,,shall,True,active,prohibition_verb,permission,,False,1.0,,True,
hillsborough_county_public_schools__hillsborough_contract_teacher_2013_2016__0929c4c0,Hillsborough_Contract_Teacher_2013_2016.pdf,Hillsborough County Public Schools,76,The acceptance of supplemented positions in Group II and III shall be voluntary on the part of the teacher,The acceptance of supplemented positions in Group II and III,other,,shall,False,active,permission_verb,permission,,False,1.0,,True,
hillsborough_county_public_schools__hillsborough_contract_teacher_2013_2016__0929c4c0,Hillsborough_Contract_Teacher_2013_2016.pdf,Hillsborough County Public Schools,76,and refusal to accept such assignments shall not affect regular employment.,refusal to accept such assignments,other,,shall,True,active,plain,prohibition,,False,1.0,,True,
hillsborough_county_public_schools__hillsborough_contract_teacher_2013_2016__0929c4c0,Hillsborough_Contract_Teacher_2013_2016.pdf,Hillsborough County Public Schools,76,Teachers holding athletic Group I supplemented positions who receive extended leaves that impact their coaching obligation shall relinquish that supplemented position as a condition of taking the leave and shall have the option of being placed in the pool for reassignment to another secondary school or accepting an unearmarked vacancy in the teacher’s last teaching assignment at his/her current school.,Teachers holding athletic Group I supplemented positions who receive extended leaves that impact their coaching obligation,worker,,shall,False,active,obligation_verb,obligation,,False,1.0,,True,
hillsborough_county_public_schools__hillsborough_contract_teacher_2013_2016__0929c4c0,Hillsborough_Contract_Teacher_2013_2016.pdf,Hillsborough County Public Schools,76,Teachers who hold Group II and Group III supplemented positions and who receive an extended leave shall relinquish the supplemented position.,Teachers who hold Group II and Group III supplemented positions and who receive an extended leave,worker,,shall,False,active,obligation_verb,obligation,,False,1.0,,True,
hillsborough_county_public_schools__hillsborough_contract_teacher_2013_2016__0929c4c0,Hillsborough_Contract_Teacher_2013_2016.pdf,Hillsborough County Public Schools,76,The principal shall have the option of reinstating the teacher on leave to the supplemented position when he/she returns or of retaining the replacement in the supplemented position.,The principal,management,,shall,False,active,permission_verb,permission,,False,1.0,,True,
hillsborough_county_public_schools__hillsborough_contract_teacher_2013_2016__0929c4c0,Hillsborough_Contract_Teacher_2013_2016.pdf,Hillsborough County Public Schools,76,Any teacher replacing one on leave shall have a temporary assignment.,Any teacher replacing one on leave,worker,,shall,False,active,rights_active,right,,False,1.0,,True,
hillsborough_county_public_schools__hillsborough_contract_teacher_2013_2016__0929c4c0,Hillsborough_Contract_Teacher_2013_2016.pdf,Hillsborough County Public Schools,76,A temporary teacher employed prior to and including the first day of school shall be assigned regular teacher status in the school in the event a regular position in the area of his/her assignment becomes available prior to April 1.,A temporary teacher employed prior to and including the first day of school,management,,shall,False,passive,rights_passive,right,,False,1.0,,True,
hillsborough_county_public_schools__hillsborough_contract_teacher_2013_2016__0929c4c0,Hillsborough_Contract_Teacher_2013_2016.pdf,Hillsborough County Public Schools,76,All permanent positions filled prior to and including the first day of the second semester shall be considered permanent appointments.,All permanent positions filled prior to and including the first day of the second semester,other,,shall,False,passive,plain,obligation,,False,1.0,,True,
hillsborough_county_public_schools__hillsborough_contract_teacher_2013_2016__0929c4c0,Hillsborough_Contract_Teacher_2013_2016.pdf,Hillsborough County Public Schools,76,All positions filled after the first day of the second semester shall be considered temporary appointments with the exception of those areas deemed as critical shortage areas by the Division of Human Resources.,All positions filled after the first day of the second semester,other,,shall,False,passive,plain,obligation,,False,1.0,,True,
hillsborough_county_public_schools__hillsborough_contract_teacher_2013_2016__0929c4c0,Hillsborough_Contract_Teacher_2013_2016.pdf,Hillsborough County Public Schools,76,"The Board, with agreement from the Association, shall have the authority to suspend this section and designate all positions filled during the first semester as temporary.","The Board, with agreement from the Association",management,,shall,False,active,permission_verb,permission,,False,1.0,,True,
hillsborough_county_public_schools__hillsborough_contract_teacher_2013_2016__0929c4c0,Hillsborough_Contract_Teacher_2013_2016.pdf,Hillsborough County Public Schools,77,Anyone hired under these circumstances shall be so notified in writing.,Anyone hired under these circumstances,management,worker,shall,False,passive,rights_passive,right,obligation,False,1.0,other,True,
hillsborough_county_public_schools__hillsborough_contract_teacher_2013_2016__0929c4c0,Hillsborough_Contract_Teacher_2013_2016.pdf,Hillsborough County Public Schools,77,Principals are to consider teachers who are on a temporary assignment prior to recommending new applicants.,Principals,management,worker,,False,active,plain,other,obligation,False,0.0,seniority,True,
hillsborough_county_public_schools__hillsborough_contract_teacher_2013_2016__0929c4c0,Hillsborough_Contract_Teacher_2013_2016.pdf,Hillsborough County Public Schools,77,"If the teacher has provided “satisfactory” service to the county for a year or more, he should be given preference over an unknown candidate.",he,management,worker,should,False,passive,rights_passive,right,obligation,False,0.7,seniority,True,conditional clause present
hillsborough_county_public_schools__hillsborough_contract_teacher_2013_2016__0929c4c0,Hillsborough_Contract_Teacher_2013_2016.pdf,Hillsborough County Public Schools,77,Temporary teachers with overall satisfactory performance may be employed into permanent positions prior to the traditional Teacher Interview Day and the summer transfer period.,Temporary teachers with overall satisfactory performance,management,worker,may,False,passive,plain,permission,permission,True,0.3,transfers,True,
hillsborough_county_public_schools__hillsborough_contract_teacher_2013_2016__0929c4c0,Hillsborough_Contract_Teacher_2013_2016.pdf,Hillsborough County Public Schools,77,Temporary appointments may be made for thirty-one (31) calendar days or more.,Temporary appointments,other,management,may,False,passive,plain,permission,permission,True,0.3,other,True,
hillsborough_county_public_schools__hillsborough_contract_teacher_2013_2016__0929c4c0,Hillsborough_Contract_Teacher_2013_2016.pdf,Hillsborough County Public Schools,77,Additional appointments may be made for thirty-one (31) calendar days or longer periods of time.,Additional appointments,other,management,may,False,passive,plain,permission,permission,True,0.3,other,True,
hillsborough_county_public_schools__hillsborough_contract_teacher_2013_2016__0929c4c0,Hillsborough_Contract_Teacher_2013_2016.pdf,Hillsborough County Public Schools,77,"Prior to accepting a temporary teaching position, teachers shall be notified in writing that the position is temporary.",teachers,management,worker,shall,False,passive,rights_passive,right,obligation,False,1.0,other,True,
hillsborough_county_public_schools__hillsborough_contract_teacher_2013_2016__0929c4c0,Hillsborough_Contract_Teacher_2013_2016.pdf,Hillsborough County Public Schools,77,The teacher will attach his/her signature to indicate proper notification.,The teacher,worker,management,will,False,active,plain,obligation,obligation,True,0.9,other,True,
hillsborough_county_public_schools__hillsborough_contract_teacher_2013_2016__0929c4c0,Hillsborough_Contract_Teacher_2013_2016.pdf,Hillsborough County Public Schools,77,"Absent the appropriate notification, the teacher shall be made permanent prior to unit allocation.",the teacher,management,worker,shall,False,passive,plain,obligation,obligation,True,1.0,job_security,True,
hillsborough_county_public_schools__hillsborough_contract_teacher_2013_2016__0929c4c0,Hillsborough_Contract_Teacher_2013_2016.pdf,Hillsborough County Public Schools,77,"Any temporary appointment, regular contract teacher assigned to a screened position at another work location (except as described in 20.1.1) will be placed in the pool of his/her previous assignment at the end of the school year.","Any temporary appointment, regular contract teacher assigned to a screened position at another work location (except as described in 20.1.1)",management,worker,will,False,passive,plain,obligation,obligation,True,0.9,transfers,True,
hillsborough_county_public_schools__hillsborough_contract_teacher_2013_2016__0929c4c0,Hillsborough_Contract_Teacher_2013_2016.pdf,Hillsborough County Public Schools,77,All material placed in a teacher’s file and originating within the school district shall be available to the teacher or the teacher’s CTA representative at his/her request for inspection.,All material placed in a teacher’s file and originating within the school district,other,worker,shall,False,active,plain,obligation,obligation,True,1.0,evaluation,True,
hillsborough_county_public_schools__hillsborough_contract_teacher_2013_2016__0929c4c0,Hillsborough_Contract_Teacher_2013_2016.pdf,Hillsborough County Public Schools,77,"Material originating within the school district which is derogatory to a teacher’s conduct, service, character or personality shall not be placed in a teacher’s file unless the teacher has had an opportunity to read it.","Material originating within the school district which is derogatory to a teacher’s conduct, service, character or personality",management,worker,shall,True,passive,prohibition_verb,permission,prohibition,False,1.0,evaluation,True,
hillsborough_county_public_schools__hillsborough_contract_teacher_2013_2016__0929c4c0,Hillsborough_Contract_Teacher_2013_2016.pdf,Hillsborough County Public Schools,77,The teacher shall acknowledge that he/she has read such material by affixing his/her signature to the actual copy to be filed.,The teacher,worker,management,shall,False,active,plain,obligation,obligation,True,1.0,evaluation,True,
hillsborough_county_public_schools__hillsborough_contract_teacher_2013_2016__0929c4c0,Hillsborough_Contract_Teacher_2013_2016.pdf,Hillsborough County Public Schools,77,Such signature in no way indicates agreement with the content of such material.,Such signature,other,worker,,False,active,plain,other,other,True,0.0,evaluation,True,
hillsborough_county_public_schools__hillsborough_contract_teacher_2013_2016__0929c4c0,Hillsborough_Contract_Teacher_2013_2016.pdf,Hillsborough County Public Schools,77,"If the teacher refuses to sign, the Division of Human Resources may file the material.",the Division of Human Resources,management,management,may,False,active,plain,permission,permission,True,0.3,evaluation,True,
hillsborough_county_public_schools__hillsborough_contract_teacher_2013_2016__0929c4c0,Hillsborough_Contract_Teacher_2013_2016.pdf,Hillsborough County Public Schools,78,the Division of Human Resources may file the material.,the Division of Human Resources,management,management,may,False,active,plain,permission,permission,True,0.3,evaluation,True,
hillsborough_county_public_schools__hillsborough_contract_teacher_2013_2016__0929c4c0,Hillsborough_Contract_Teacher_2013_2016.pdf,Hillsborough County Public Schools,78,The teacher shall have a right to answer any material filed,The teacher,worker,worker,shall,False,active,rights_active,right,right,True,1.0,evaluation,True,
hillsborough_county_public_schools__hillsborough_contract_teacher_2013_2016__0929c4c0,Hillsborough_Contract_Teacher_2013_2016.pdf,Hillsborough County Public Schools,78,his/her answer shall be reviewed by the Chief Officer of Human Resources,his/her answer,management,worker,shall,False,passive,plain,obligation,obligation,True,1.0,evaluation,True,
hillsborough_county_public_schools__hillsborough_contract_teacher_2013_2016__0929c4c0,Hillsborough_Contract_Teacher_2013_2016.pdf,Hillsborough County Public Schools,78,and attached to the file copy.,his/her answer,management,worker,shall,False,passive,plain,obligation,obligation,True,1.0,evaluation,True,Coordinate predicate; subject omitted in original text.
hillsborough_county_public_schools__hillsborough_contract_teacher_2013_2016__0929c4c0,Hillsborough_Contract_Teacher_2013_2016.pdf,Hillsborough County Public Schools,78,any material to be used in the action must be reviewed with the teacher.,any material to be used in the action,management,worker,must,False,passive,plain,obligation,obligation,True,1.0,evaluation,True,
hillsborough_county_public_schools__hillsborough_contract_teacher_2013_2016__0929c4c0,Hillsborough_Contract_Teacher_2013_2016.pdf,Hillsborough County Public Schools,78,"Site administrators shall not incorporate letters, complaints, or personal notes into the evaluation process, which have not been reviewed with the teacher.",Site administrators,management,worker,shall,True,active,plain,prohibition,prohibition,True,1.0,evaluation,True,Relative clause 'which have not been reviewed...' does not negate operative verb.
hillsborough_county_public_schools__hillsborough_contract_teacher_2013_2016__0929c4c0,Hillsborough_Contract_Teacher_2013_2016.pdf,Hillsborough County Public Schools,78,Teachers and other persons shall have the right to duplicate any information in personnel files.,Teachers and other persons,worker,worker,shall,False,active,rights_active,right,right,True,1.0,evaluation,True,
hillsborough_county_public_schools__hillsborough_contract_teacher_2013_2016__0929c4c0,Hillsborough_Contract_Teacher_2013_2016.pdf,Hillsborough County Public Schools,78,Any written compliment created by an adult relating to a teacher’s job performance shall be promptly called to the teacher’s attention,Any written compliment created by an adult relating to a teacher’s job performance,worker,worker,shall,False,passive,plain,obligation,obligation,True,1.0,evaluation,True,
hillsborough_county_public_schools__hillsborough_contract_teacher_2013_2016__0929c4c0,Hillsborough_Contract_Teacher_2013_2016.pdf,Hillsborough County Public Schools,78,"and, if requested, shall be included in the teacher’s personnel file.",Any written compliment,management,worker,shall,False,passive,plain,obligation,obligation,True,1.0,evaluation,True,Coordinate predicate; subject omitted in original text.
hillsborough_county_public_schools__hillsborough_contract_teacher_2013_2016__0929c4c0,Hillsborough_Contract_Teacher_2013_2016.pdf,Hillsborough County Public Schools,78,he/she may have them placed in their personnel file.,he/she,worker,worker,may,False,active,plain,permission,permission,True,0.3,evaluation,True,
hillsborough_county_public_schools__hillsborough_contract_teacher_2013_2016__0929c4c0,Hillsborough_Contract_Teacher_2013_2016.pdf,Hillsborough County Public Schools,78,"the reasons for such non-renomination shall be given to the teacher in writing with a copy to be sent to the Division of Human Resources with the renomination list, but not later than March 30.",the reasons for such non-renomination,management,worker,shall,False,passive,plain,obligation,obligation,True,1.0,job_security,True,
hillsborough_county_public_schools__hillsborough_contract_teacher_2013_2016__0929c4c0,Hillsborough_Contract_Teacher_2013_2016.pdf,Hillsborough County Public Schools,78,"Teachers who are not renominated may request an administrative review before a committee made up of the Chief Officer of Human Resources, the General Manager of Employee Relations, and the appropriate General Director of Instruction.",Teachers who are not renominated,worker,worker,may,False,active,plain,permission,permission,True,0.3,job_security,True,
hillsborough_county_public_schools__hillsborough_contract_teacher_2013_2016__0929c4c0,Hillsborough_Contract_Teacher_2013_2016.pdf,Hillsborough County Public Schools,78,The administrative review will also be attended by the parties involved including the appropriate director(s) and the Association staff member.,The administrative review,other,worker,will,False,passive,plain,obligation,obligation,True,0.9,job_security,True,
hillsborough_county_public_schools__hillsborough_contract_teacher_2013_2016__0929c4c0,Hillsborough_Contract_Teacher_2013_2016.pdf,Hillsborough County Public Schools,78,A request for review shall be made by the teacher or through the Association to the Chief Officer for Human Resources no later than fifteen workdays after notice of non-renomination is received.,A request for review,worker,worker,shall,False,passive,plain,obligation,obligation,True,1.0,job_security,True,
hillsborough_county_public_schools__hillsborough_contract_teacher_2013_2016__0929c4c0,Hillsborough_Contract_Teacher_2013_2016.pdf,Hillsborough County Public Schools,78,"Upon receipt of the request, a date for review shall then be set by the committee.",a date for review,management,worker,shall,False,passive,plain,obligation,obligation,True,1.0,job_security,True,
hillsborough_county_public_schools__hillsborough_contract_teacher_2013_2016__0929c4c0,Hillsborough_Contract_Teacher_2013_2016.pdf,Hillsborough County Public Schools,79,No review of a teacher non-renomination shall be set earlier than fifteen nor later than thirty workdays after a request is received by the Chief Officer for Human Resources.,No review of a teacher non-renomination,management,worker,shall,True,passive,plain,prohibition,prohibition,True,1.0,discipline,True,
hillsborough_county_public_schools__hillsborough_contract_teacher_2013_2016__0929c4c0,Hillsborough_Contract_Teacher_2013_2016.pdf,Hillsborough County Public Schools,79,The district shall prepare a review packet to be provided to the teacher and his/her representative no less than two weeks prior to the scheduled date of the administrative review.,The district,management,worker,shall,False,active,plain,obligation,obligation,True,1.0,discipline,True,
hillsborough_county_public_schools__hillsborough_contract_teacher_2013_2016__0929c4c0,Hillsborough_Contract_Teacher_2013_2016.pdf,Hillsborough County Public Schools,79,"To the extent practicable, employee packets shall be provided to the Office of Personnel Services in advance of the scheduled date.",employee packets,management,management,shall,False,passive,plain,obligation,obligation,True,1.0,other,True,
hillsborough_county_public_schools__hillsborough_contract_teacher_2013_2016__0929c4c0,Hillsborough_Contract_Teacher_2013_2016.pdf,Hillsborough County Public Schools,79,"In the event the number of non-renominations exceeds the number of reviews that can be accommodated within the current language timeframe, the Hillsborough Classroom teachers Association shall be notified.",the Hillsborough Classroom teachers Association,management,worker,shall,False,passive,rights_passive,right,obligation,False,1.0,discipline,True,
hillsborough_county_public_schools__hillsborough_contract_teacher_2013_2016__0929c4c0,Hillsborough_Contract_Teacher_2013_2016.pdf,Hillsborough County Public Schools,79,The administrative review committee upholding a non-renomination may impose restrictions or sanctions on future employment in Hillsborough County Schools.,The administrative review committee upholding a non-renomination,management,management,may,False,active,plain,permission,permission,True,0.3,discipline,True,
hillsborough_county_public_schools__hillsborough_contract_teacher_2013_2016__0929c4c0,Hillsborough_Contract_Teacher_2013_2016.pdf,Hillsborough County Public Schools,79,A non-renominated teacher may be required to present evidence up to three years of successful teaching before employment will be reconsidered.,A non-renominated teacher,management,management,may,False,passive,obligation_verb,obligation,obligation,True,0.3,other,True,
hillsborough_county_public_schools__hillsborough_contract_teacher_2013_2016__0929c4c0,Hillsborough_Contract_Teacher_2013_2016.pdf,Hillsborough County Public Schools,79,"Within seven workdays of having heard the appeal, the Administrative Committee shall issue a written decision to the parties involved.",the Administrative Committee,management,worker,shall,False,active,plain,obligation,obligation,True,1.0,discipline,True,
hillsborough_county_public_schools__hillsborough_contract_teacher_2013_2016__0929c4c0,Hillsborough_Contract_Teacher_2013_2016.pdf,Hillsborough County Public Schools,79,A teacher may grieve a non-renomination review on procedural grounds but not the final decision of the Administrative Committee as outlined in 21.3.3.,A teacher,worker,worker,may,False,active,plain,permission,permission,True,0.3,discipline,True,
hillsborough_county_public_schools__hillsborough_contract_teacher_2013_2016__0929c4c0,Hillsborough_Contract_Teacher_2013_2016.pdf,Hillsborough County Public Schools,79,A teacher receiving an overall unsatisfactory evaluation or a teacher receiving two consecutive overall needs improvement evaluations shall not receive any salary increase for the succeeding school year.,A teacher receiving an overall unsatisfactory evaluation or a teacher receiving two consecutive overall needs improvement evaluations,worker,management,shall,True,active,plain,prohibition,prohibition,True,1.0,compensation,True,
hillsborough_county_public_schools__hillsborough_contract_teacher_2013_2016__0929c4c0,Hillsborough_Contract_Teacher_2013_2016.pdf,Hillsborough County Public Schools,79,Such teachers shall not be eligible for salary increases until such time as they receive an overall satisfactory evaluation.,Such teachers,worker,management,shall,True,active,plain,prohibition,prohibition,True,1.0,compensation,True,
hillsborough_county_public_schools__hillsborough_contract_teacher_2013_2016__0929c4c0,Hillsborough_Contract_Teacher_2013_2016.pdf,Hillsborough County Public Schools,81,21.4.8 NBCTs who teach in Renaissance Schools shall receive an additional salary differential of $4500 subject to negotiations between the School District of Hillsborough County and the Hillsborough Classroom Teachers Association.,NBCTs who teach in Renaissance Schools,worker,worker,shall,False,active,rights_active,right,right,True,1.0,compensation,True,
hillsborough_county_public_schools__hillsborough_contract_teacher_2013_2016__0929c4c0,Hillsborough_Contract_Teacher_2013_2016.pdf,Hillsborough County Public Schools,81,"21.4.9 All high performing school-based instructional personnel are eligible to receive a financial bonus as provided in Hillsborough’s Merit Award Program, (MAP).",All high performing school-based instructional personnel,worker,worker,,False,active,rights_active,right,right,True,0.85,compensation,True,
hillsborough_county_public_schools__hillsborough_contract_teacher_2013_2016__0929c4c0,Hillsborough_Contract_Teacher_2013_2016.pdf,Hillsborough County Public Schools,81,"21.4.109 All tenured, non-probationary instructional personnel who are evaluated under a new rubric pursuant to the Empowering Effective Teachers Project (EET) will automatically be considered for performance pay under the district’s Instructional Pay for Performance Plan.","All tenured, non-probationary instructional personnel who are evaluated under a new rubric pursuant to the Empowering Effective Teachers Project (EET)",management,worker,will,False,passive,rights_passive,right,right,True,0.9,compensation,True,
hillsborough_county_public_schools__hillsborough_contract_teacher_2013_2016__0929c4c0,Hillsborough_Contract_Teacher_2013_2016.pdf,Hillsborough County Public Schools,81,Bonuses will be awarded beginning with the highest evaluation score,Bonuses,management,management,will,False,passive,rights_passive,right,obligation,False,0.9,compensation,True,
hillsborough_county_public_schools__hillsborough_contract_teacher_2013_2016__0929c4c0,Hillsborough_Contract_Teacher_2013_2016.pdf,Hillsborough County Public Schools,81,and will continue to be awarded until all funds are exhausted to all teachers rated as highly effective.,Bonuses,management,management,will,False,passive,rights_passive,right,obligation,False,0.9,compensation,True,Grammatical subject omitted; carries over from preceding clause.
hillsborough_county_public_schools__hillsborough_contract_teacher_2013_2016__0929c4c0,Hillsborough_Contract_Teacher_2013_2016.pdf,Hillsborough County Public Schools,81,"Performance pay shall be a salary supplement of 5% to be negotiated annually and paid the following school year after scores have been received, and no later than December 1 October 15.",Performance pay,management,worker,shall,False,active,plain,obligation,obligation,True,1.0,compensation,True,
hillsborough_county_public_schools__hillsborough_contract_teacher_2013_2016__0929c4c0,Hillsborough_Contract_Teacher_2013_2016.pdf,Hillsborough County Public Schools,81,"All tenured, non-probationary school-based personnel who remain on the old evaluation system may voluntarily participate in the district’s Instructional Pay for Performance Plan.","All tenured, non-probationary school-based personnel who remain on the old evaluation system",worker,worker,may,False,active,plain,permission,permission,True,0.3,compensation,True,
hillsborough_county_public_schools__hillsborough_contract_teacher_2013_2016__0929c4c0,Hillsborough_Contract_Teacher_2013_2016.pdf,Hillsborough County Public Schools,81,Teachers must declare intent to participate by October 1 of each school year.,Teachers,worker,management,must,False,active,obligation_verb,obligation,obligation,True,1.0,compensation,True,
hillsborough_county_public_schools__hillsborough_contract_teacher_2013_2016__0929c4c0,Hillsborough_Contract_Teacher_2013_2016.pdf,Hillsborough County Public Schools,81,"Teachers scoring Outstanding rated as highly effective as measured by the spring Instructional Performance Assessment Instrument and who provide a portfolio as indicated in the online handbook, may be eligible for a salary supplement of 5% to be negotiated annually and paid the following school year.",Teachers scoring Outstanding rated as highly effective as measured by the spring Instructional Performance Assessment Instrument and who provide a portfolio as indicated in the online handbook,worker,worker,may,False,active,rights_active,right,right,True,0.3,compensation,True,
hillsborough_county_public_schools__hillsborough_contract_teacher_2013_2016__0929c4c0,Hillsborough_Contract_Teacher_2013_2016.pdf,Hillsborough County Public Schools,84,"Within ten days after the review, the Superintendent will send his/her findings to the teacher.",the Superintendent,management,worker,will,False,active,plain,obligation,obligation,True,0.9,discipline,True,
hillsborough_county_public_schools__hillsborough_contract_teacher_2013_2016__0929c4c0,Hillsborough_Contract_Teacher_2013_2016.pdf,Hillsborough County Public Schools,84,"Under this provision, the teacher may be suspended without pay up to ten days.",the teacher,management,management,may,False,passive,plain,permission,permission,True,0.3,discipline,True,
hillsborough_county_public_schools__hillsborough_contract_teacher_2013_2016__0929c4c0,Hillsborough_Contract_Teacher_2013_2016.pdf,Hillsborough County Public Schools,84,Any Hillsborough County teacher who is recommended to be suspended from duty may be reassigned to office duties in lieu of suspension by the Office of Professional Standards.,Any Hillsborough County teacher who is recommended to be suspended from duty,management,worker,may,False,passive,plain,permission,permission,True,0.3,discipline,True,
hillsborough_county_public_schools__hillsborough_contract_teacher_2013_2016__0929c4c0,Hillsborough_Contract_Teacher_2013_2016.pdf,Hillsborough County Public Schools,84,"If the teacher does not agree with the Superintendent’s findings, he/she may appeal the Superintendent’s decision to the School Board in writing within ten days.",he/she,worker,worker,may,False,active,plain,permission,permission,True,0.3,discipline,True,
hillsborough_county_public_schools__hillsborough_contract_teacher_2013_2016__0929c4c0,Hillsborough_Contract_Teacher_2013_2016.pdf,Hillsborough County Public Schools,84,"Upon appeal, the Board will review the issue within two official Board meetings after the request is made.",the Board,management,worker,will,False,active,plain,obligation,obligation,True,0.9,discipline,True,
hillsborough_county_public_schools__hillsborough_contract_teacher_2013_2016__0929c4c0,Hillsborough_Contract_Teacher_2013_2016.pdf,Hillsborough County Public Schools,84,The Board will submit its decision to the teacher within ten days after the review.,The Board,management,worker,will,False,active,plain,obligation,obligation,True,0.9,discipline,True,
hillsborough_county_public_schools__hillsborough_contract_teacher_2013_2016__0929c4c0,Hillsborough_Contract_Teacher_2013_2016.pdf,Hillsborough County Public Schools,84,"Any Hillsborough County teacher arrested for a felony, or for a misdemeanor involving moral turpitude, may be immediately suspended from duty by the Superintendent according to the following procedure:","Any Hillsborough County teacher arrested for a felony, or for a misdemeanor involving moral turpitude",management,management,may,False,passive,plain,permission,permission,True,0.3,discipline,True,
hillsborough_county_public_schools__hillsborough_contract_teacher_2013_2016__0929c4c0,Hillsborough_Contract_Teacher_2013_2016.pdf,Hillsborough County Public Schools,84,The Superintendent will notify the individual involved that he is relieving him of his assigned duties and is recommending him for suspension as of this date.,The Superintendent,management,worker,will,False,active,plain,obligation,obligation,True,0.9,discipline,True,
hillsborough_county_public_schools__hillsborough_contract_teacher_2013_2016__0929c4c0,Hillsborough_Contract_Teacher_2013_2016.pdf,Hillsborough County Public Schools,84,The Superintendent will notify the individual that he will recommend to the Board at its next meeting that proceedings be initiated.,The Superintendent,management,worker,will,False,active,plain,obligation,obligation,True,0.9,discipline,True,
hillsborough_county_public_schools__hillsborough_contract_teacher_2013_2016__0929c4c0,Hillsborough_Contract_Teacher_2013_2016.pdf,Hillsborough County Public Schools,84,The Superintendent will file charges against the teacher with the Board and request that a date be set to hear the charges.,The Superintendent,management,worker,will,False,active,plain,obligation,obligation,True,0.9,discipline,True,
hillsborough_county_public_schools__hillsborough_contract_teacher_2013_2016__0929c4c0,Hillsborough_Contract_Teacher_2013_2016.pdf,Hillsborough County Public Schools,84,The charges will be served on the teacher with a notice of time and place of the hearing.,The charges,other,worker,will,False,passive,plain,obligation,obligation,True,0.9,discipline,True,Inanimate subject
hillsborough_county_public_schools__hillsborough_contract_teacher_2013_2016__0929c4c0,Hillsborough_Contract_Teacher_2013_2016.pdf,Hillsborough County Public Schools,84,The teacher must be served notice of the charges not less than ten days prior to such hearing.,The teacher,management,worker,must,False,passive,plain,obligation,obligation,True,1.0,discipline,True,
hillsborough_county_public_schools__hillsborough_contract_teacher_2013_2016__0929c4c0,Hillsborough_Contract_Teacher_2013_2016.pdf,Hillsborough County Public Schools,84,"A Hillsborough County teacher may be discharged from employment for the following: 1) immorality, 2) insubordination, 3) physical or mental incapacity to perform the duties of employment, 4) persistent violation of or willful refusal to obey laws or policies relating to the public schools, 5) excessive or unreasonable absence from the performance of duties imposed by the employment, 6) dishonesty while employed, 7) conviction of a felony or any crime involving moral turpitude, or plea of guilty to a felony or any crime involving moral turpitude or, 8) unacceptable performance.",A Hillsborough County teacher,management,management,may,False,passive,plain,permission,permission,True,0.3,job_security,True,
hillsborough_county_public_schools__hillsborough_contract_teacher_2013_2016__0929c4c0,Hillsborough_Contract_Teacher_2013_2016.pdf,Hillsborough County Public Schools,84,Reasons for discharge shall be provided to the school board;,Reasons for discharge,other,worker,shall,False,passive,plain,obligation,obligation,True,1.0,discipline,True,Inanimate subject
hillsborough_county_public_schools__hillsborough_contract_teacher_2013_2016__0929c4c0,Hillsborough_Contract_Teacher_2013_2016.pdf,Hillsborough County Public Schools,84,decisions rendered by the school board are final and will not be subject to the grievance and arbitration process of this contract or any other appeal.,decisions rendered by the school board,other,management,will,True,active,plain,prohibition,prohibition,True,0.9,discipline,True,Compound predicate; negation applies to second clause
hillsborough_county_public_schools__hillsborough_contract_teacher_2013_2016__0929c4c0,Hillsborough_Contract_Teacher_2013_2016.pdf,Hillsborough County Public Schools,85,Reasons for discharge shall be provided to the school board,Reasons for discharge,management,worker,shall,False,passive,rights_passive,right,obligation,False,1.0,discipline,True,
hillsborough_county_public_schools__hillsborough_contract_teacher_2013_2016__0929c4c0,Hillsborough_Contract_Teacher_2013_2016.pdf,Hillsborough County Public Schools,85,"charges in writing against such teacher specifying one or more of the causes specified in Section 23.3.1A, shall be filed by the superintendent with the school board",charges in writing against such teacher specifying one or more of the causes specified in Section 23.3.1A,management,worker,shall,False,passive,plain,obligation,obligation,True,1.0,discipline,True,
hillsborough_county_public_schools__hillsborough_contract_teacher_2013_2016__0929c4c0,Hillsborough_Contract_Teacher_2013_2016.pdf,Hillsborough County Public Schools,85,a copy thereof shall be served on such teacher with a notice of the time and place when a hearing upon such charge or charges will be held by the school board not less than ten (10) days prior to such hearing.,a copy thereof,management,worker,shall,False,passive,plain,obligation,obligation,True,1.0,discipline,True,
hillsborough_county_public_schools__hillsborough_contract_teacher_2013_2016__0929c4c0,Hillsborough_Contract_Teacher_2013_2016.pdf,Hillsborough County Public Schools,85,the school board shall conduct a public or private hearing at the option of the teacher charged on such charges,the school board,management,worker,shall,False,active,plain,obligation,obligation,True,1.0,discipline,True,
hillsborough_county_public_schools__hillsborough_contract_teacher_2013_2016__0929c4c0,Hillsborough_Contract_Teacher_2013_2016.pdf,Hillsborough County Public Schools,85,there shall be first presented the evidence in support of such charge or charges and thereafter the evidence on behalf of such teacher with respect thereto.,the evidence in support of such charge or charges and thereafter the evidence on behalf of such teacher with respect thereto,other,worker,shall,False,passive,plain,obligation,obligation,True,1.0,discipline,True,
hillsborough_county_public_schools__hillsborough_contract_teacher_2013_2016__0929c4c0,Hillsborough_Contract_Teacher_2013_2016.pdf,Hillsborough County Public Schools,85,the teacher shall have a right to be heard and represented by counsel.,the teacher,worker,worker,shall,False,active,rights_active,right,right,True,1.0,discipline,True,
hillsborough_county_public_schools__hillsborough_contract_teacher_2013_2016__0929c4c0,Hillsborough_Contract_Teacher_2013_2016.pdf,Hillsborough County Public Schools,85,Only evidence under oath or affirmation shall be received at such hearing,Only evidence under oath or affirmation,other,worker,shall,False,passive,plain,obligation,obligation,True,1.0,discipline,True,
hillsborough_county_public_schools__hillsborough_contract_teacher_2013_2016__0929c4c0,Hillsborough_Contract_Teacher_2013_2016.pdf,Hillsborough County Public Schools,85,both the superintendent and the teacher shall have the right to subpoena the attendance of witnesses at such hearing to be issued upon application to the clerk of the circuit court of said county.,both the superintendent and the teacher,other,worker,shall,False,active,rights_active,right,right,True,1.0,discipline,True,
hillsborough_county_public_schools__hillsborough_contract_teacher_2013_2016__0929c4c0,Hillsborough_Contract_Teacher_2013_2016.pdf,Hillsborough County Public Schools,85,Full cross-examination of all witnesses shall be permitted,Full cross-examination of all witnesses,other,worker,shall,False,passive,permission_verb,permission,permission,True,1.0,discipline,True,
hillsborough_county_public_schools__hillsborough_contract_teacher_2013_2016__0929c4c0,Hillsborough_Contract_Teacher_2013_2016.pdf,Hillsborough County Public Schools,85,the hearing shall be confined to the written charges served upon the teacher.,the hearing,other,worker,shall,False,passive,plain,obligation,obligation,True,1.0,discipline,True,
hillsborough_county_public_schools__hillsborough_contract_teacher_2013_2016__0929c4c0,Hillsborough_Contract_Teacher_2013_2016.pdf,Hillsborough County Public Schools,85,A finding by a majority vote of the school board that any one or more of the charges made have been sustained by the evidence shall be essential to and sufficient to sustain the same,A finding by a majority vote of the school board that any one or more of the charges made have been sustained by the evidence,other,worker,shall,False,active,plain,obligation,obligation,True,1.0,discipline,True,
hillsborough_county_public_schools__hillsborough_contract_teacher_2013_2016__0929c4c0,Hillsborough_Contract_Teacher_2013_2016.pdf,Hillsborough County Public Schools,85,without such finding the charges proferred shall be ordered dismissed by the school board.,the charges proferred,management,worker,shall,False,passive,plain,obligation,obligation,True,1.0,discipline,True,
hillsborough_county_public_schools__hillsborough_contract_teacher_2013_2016__0929c4c0,Hillsborough_Contract_Teacher_2013_2016.pdf,Hillsborough County Public Schools,85,The school board shall deliver a copy of its findings upon said charges to the teacher within five (5) days.,The school board,management,worker,shall,False,active,plain,obligation,obligation,True,1.0,discipline,True,
hillsborough_county_public_schools__hillsborough_contract_teacher_2013_2016__0929c4c0,Hillsborough_Contract_Teacher_2013_2016.pdf,Hillsborough County Public Schools,85,"A written transcript of all the evidence submitted at the hearing shall be made, filed and preserved at the school board office.",A written transcript of all the evidence submitted at the hearing,other,worker,shall,False,passive,plain,obligation,obligation,True,1.0,discipline,True,
hillsborough_county_public_schools__hillsborough_contract_teacher_2013_2016__0929c4c0,Hillsborough_Contract_Teacher_2013_2016.pdf,Hillsborough County Public Schools,85,The school board shall provide a copy of such transcript of the evidence to be made and delivered to such teacher without cost to him or her within five (5) days after the completion of the hearing.,The school board,management,worker,shall,False,active,rights_passive,right,obligation,False,1.0,discipline,True,
hillsborough_county_public_schools__hillsborough_contract_teacher_2013_2016__0929c4c0,Hillsborough_Contract_Teacher_2013_2016.pdf,Hillsborough County Public Schools,85,"The record of assistance provided for a teacher, shall be entered into evidence at any teacher dismissal hearing.",The record of assistance provided for a teacher,other,management,shall,False,passive,plain,obligation,obligation,True,1.0,discipline,True,
hillsborough_county_public_schools__hillsborough_contract_teacher_2013_2016__0929c4c0,Hillsborough_Contract_Teacher_2013_2016.pdf,Hillsborough County Public Schools,86,All conferences with teachers related to unsatisfactory performance after a teacher has been notified that dismissal proceedings are contemplated shall be summarized in writing by the administrator with a copy furnished to the teacher.,All conferences with teachers related to unsatisfactory performance after a teacher has been notified that dismissal proceedings are contemplated,management,worker,shall,False,passive,plain,obligation,obligation,True,1.0,discipline,True,
hillsborough_county_public_schools__hillsborough_contract_teacher_2013_2016__0929c4c0,Hillsborough_Contract_Teacher_2013_2016.pdf,Hillsborough County Public Schools,86,The teacher shall have the right to have a representative from the Association staff present at a conference related to teacher dismissal.,The teacher,worker,worker,shall,False,active,rights_active,right,right,True,1.0,discipline,True,
hillsborough_county_public_schools__hillsborough_contract_teacher_2013_2016__0929c4c0,Hillsborough_Contract_Teacher_2013_2016.pdf,Hillsborough County Public Schools,86,A teacher may submit written comments to be filed with a summary to any disagreement on the content.,A teacher,worker,worker,may,False,active,plain,permission,permission,True,0.3,discipline,True,
hillsborough_county_public_schools__hillsborough_contract_teacher_2013_2016__0929c4c0,Hillsborough_Contract_Teacher_2013_2016.pdf,Hillsborough County Public Schools,86,Teachers under contract with the Board shall not be required to submit to a psychiatric examination unless the Superintendent contemplates bringing charges against said teacher pursuant to the Teacher Tenure Law.,Teachers under contract with the Board,management,worker,shall,True,passive,prohibition_verb,permission,prohibition,False,1.0,teacher_rights_and_conduct,True,
hillsborough_county_public_schools__hillsborough_contract_teacher_2013_2016__0929c4c0,Hillsborough_Contract_Teacher_2013_2016.pdf,Hillsborough County Public Schools,86,it shall be at the Board’s expense.,it,management,worker,shall,False,active,plain,obligation,obligation,True,1.0,other,True,Refers to cost of psychiatric examination from preceding clause.
hillsborough_county_public_schools__hillsborough_contract_teacher_2013_2016__0929c4c0,Hillsborough_Contract_Teacher_2013_2016.pdf,Hillsborough County Public Schools,86,The institution of such a request and the results of the test shall be kept confidential by the Board unless formal charges are brought.,The institution of such a request and the results of the test,management,worker,shall,False,passive,plain,obligation,obligation,True,1.0,teacher_rights_and_conduct,True,
hillsborough_county_public_schools__hillsborough_contract_teacher_2013_2016__0929c4c0,Hillsborough_Contract_Teacher_2013_2016.pdf,Hillsborough County Public Schools,86,An Association member shall have the right to be represented by the Association’s building representative or a member of the Association staff at any meeting or conference related to their conduct or performance.,An Association member,worker,worker,shall,False,active,rights_active,right,right,True,1.0,discipline,True,
hillsborough_county_public_schools__hillsborough_contract_teacher_2013_2016__0929c4c0,Hillsborough_Contract_Teacher_2013_2016.pdf,Hillsborough County Public Schools,86,the teacher shall be given assistance and a reasonable period of time for correction.,the teacher,management,worker,shall,False,passive,rights_passive,right,obligation,False,1.0,discipline,True,
hillsborough_county_public_schools__hillsborough_contract_teacher_2013_2016__0929c4c0,Hillsborough_Contract_Teacher_2013_2016.pdf,Hillsborough County Public Schools,86,progressive discipline shall be applied.,progressive discipline,management,worker,shall,False,active,plain,obligation,obligation,True,1.0,discipline,True,
hillsborough_county_public_schools__hillsborough_contract_teacher_2013_2016__0929c4c0,Hillsborough_Contract_Teacher_2013_2016.pdf,Hillsborough County Public Schools,86,No written conference summary is placed in personnel file.,No written conference summary,management,worker,,True,active,plain,prohibition,prohibition,True,0.0,discipline,True,
hillsborough_county_public_schools__hillsborough_contract_teacher_2013_2016__0929c4c0,Hillsborough_Contract_Teacher_2013_2016.pdf,Hillsborough County Public Schools,86,Employees must be told that a verbal reprimand initiates the discipline process.,Employees,management,worker,must,False,passive,rights_passive,right,obligation,False,1.0,discipline,True,
hillsborough_county_public_schools__hillsborough_contract_teacher_2013_2016__0929c4c0,Hillsborough_Contract_Teacher_2013_2016.pdf,Hillsborough County Public Schools,86,a copy of the reprimand shall be provided to the employee once it is finalized.,a copy of the reprimand,management,worker,shall,False,passive,rights_passive,right,obligation,False,1.0,discipline,True,
hillsborough_county_public_schools__hillsborough_contract_teacher_2013_2016__0929c4c0,Hillsborough_Contract_Teacher_2013_2016.pdf,Hillsborough County Public Schools,86,The employee shall have the opportunity to make a written response to the reprimand.,The employee,worker,worker,shall,False,active,rights_active,right,right,True,1.0,discipline,True,
hillsborough_county_public_schools__hillsborough_contract_teacher_2013_2016__0929c4c0,Hillsborough_Contract_Teacher_2013_2016.pdf,Hillsborough County Public Schools,87,A copy of the response shall be made to the principal or appropriate administrator.,A copy of the response,worker,management,shall,False,passive,plain,obligation,obligation,True,1.0,discipline,True,
hillsborough_county_public_schools__hillsborough_contract_teacher_2013_2016__0929c4c0,Hillsborough_Contract_Teacher_2013_2016.pdf,Hillsborough County Public Schools,87,the proceedings shall be confidential at any level of the procedure.,the proceedings,other,worker,shall,False,active,plain,obligation,obligation,True,1.0,discipline,True,
hillsborough_county_public_schools__hillsborough_contract_teacher_2013_2016__0929c4c0,Hillsborough_Contract_Teacher_2013_2016.pdf,Hillsborough County Public Schools,87,CTA members shall have the right to be represented at Level I by the Association’s building representative or a member of the Association staff.,CTA members,worker,worker,shall,False,active,plain,obligation,right,False,1.0,discipline,True,
hillsborough_county_public_schools__hillsborough_contract_teacher_2013_2016__0929c4c0,Hillsborough_Contract_Teacher_2013_2016.pdf,Hillsborough County Public Schools,87,CTA members shall have the right to be represented at Level II and above by a member of the Association’s staff.,CTA members,worker,worker,shall,False,active,plain,obligation,right,False,1.0,discipline,True,
hillsborough_county_public_schools__hillsborough_contract_teacher_2013_2016__0929c4c0,Hillsborough_Contract_Teacher_2013_2016.pdf,Hillsborough County Public Schools,88,"A teacher has the right to represent themself at Levels I, II, and III of the grievance procedure.",A teacher,worker,worker,,False,active,rights_active,right,right,True,0.85,discipline,True,
hillsborough_county_public_schools__hillsborough_contract_teacher_2013_2016__0929c4c0,Hillsborough_Contract_Teacher_2013_2016.pdf,Hillsborough County Public Schools,88,the Association may submit such grievance in writing directly to the Superintendent,the Association,worker,worker,may,False,active,plain,permission,permission,True,0.3,discipline,True,
hillsborough_county_public_schools__hillsborough_contract_teacher_2013_2016__0929c4c0,Hillsborough_Contract_Teacher_2013_2016.pdf,Hillsborough County Public Schools,88,the processing of such grievance shall be commenced at Level II.,the processing of such grievance,management,worker,shall,False,passive,plain,obligation,obligation,True,1.0,discipline,True,
hillsborough_county_public_schools__hillsborough_contract_teacher_2013_2016__0929c4c0,Hillsborough_Contract_Teacher_2013_2016.pdf,Hillsborough County Public Schools,88,The Association shall have the unilateral ability to file a grievance at Level II in its own name as a result of a procedural decision at the county level.,The Association,worker,worker,shall,False,active,plain,obligation,right,False,1.0,discipline,True,
hillsborough_county_public_schools__hillsborough_contract_teacher_2013_2016__0929c4c0,Hillsborough_Contract_Teacher_2013_2016.pdf,Hillsborough County Public Schools,88,"Decisions rendered at all levels will be in accordance with the procedures set forth by Board policy, rules and regulations of the State Department of Education, Florida Statutes, and this agreement.",Decisions rendered at all levels,management,worker,will,False,passive,plain,obligation,obligation,True,0.9,discipline,True,
hillsborough_county_public_schools__hillsborough_contract_teacher_2013_2016__0929c4c0,Hillsborough_Contract_Teacher_2013_2016.pdf,Hillsborough County Public Schools,88,"Documents, communications, and records dealing with the processing of a grievance will not be placed in the personnel file of the participants.","Documents, communications, and records dealing with the processing of a grievance",management,worker,will,True,passive,plain,prohibition,prohibition,True,0.9,discipline,True,
hillsborough_county_public_schools__hillsborough_contract_teacher_2013_2016__0929c4c0,Hillsborough_Contract_Teacher_2013_2016.pdf,Hillsborough County Public Schools,88,"Forms for filing grievances, serving notices, taking appeals, making reports, and recommendations and other necessary documents will be jointly prepared by the County Superintendent and the Association and given appropriate distribution so as to facilitate operation of the grievance procedure.","Forms for filing grievances, serving notices, taking appeals, making reports, and recommendations and other necessary documents",worker,worker,will,False,passive,plain,obligation,obligation,True,0.9,discipline,True,
hillsborough_county_public_schools__hillsborough_contract_teacher_2013_2016__0929c4c0,Hillsborough_Contract_Teacher_2013_2016.pdf,Hillsborough County Public Schools,88,"Each form will be in duplicate and signed by both parties, with each party retaining a copy.",Each form,other,worker,will,False,passive,plain,obligation,obligation,True,0.9,discipline,True,
hillsborough_county_public_schools__hillsborough_contract_teacher_2013_2016__0929c4c0,Hillsborough_Contract_Teacher_2013_2016.pdf,Hillsborough County Public Schools,88,"The Board and Association agree to make available to the aggrieved person and his/her representative all pertinent information not privileged under law or Board policy, in its possession or control, and which is relevant to the issues raised by the grievance.",The Board and Association,other,worker,,False,active,plain,other,obligation,False,0.0,discipline,True,
hillsborough_county_public_schools__hillsborough_contract_teacher_2013_2016__0929c4c0,Hillsborough_Contract_Teacher_2013_2016.pdf,Hillsborough County Public Schools,88,the Superintendent’s office shall so notify the principal of such teacher,the Superintendent’s office,management,worker,shall,False,active,plain,obligation,obligation,True,1.0,discipline,True,
hillsborough_county_public_schools__hillsborough_contract_teacher_2013_2016__0929c4c0,Hillsborough_Contract_Teacher_2013_2016.pdf,Hillsborough County Public Schools,88,he/she shall be released without loss of pay and with a substitute provided for such time as attendance is required at such meetings or hearings.,he/she,management,worker,shall,False,passive,plain,obligation,obligation,True,1.0,discipline,True,
hillsborough_county_public_schools__hillsborough_contract_teacher_2013_2016__0929c4c0,Hillsborough_Contract_Teacher_2013_2016.pdf,Hillsborough County Public Schools,88,No grievance shall be recognized unless it shall have been presented at the appropriate level within thirty school days after the aggrieved person knew of the act or condition on which the grievance is based,No grievance,management,management,shall,True,passive,plain,prohibition,prohibition,True,1.0,discipline,True,
hillsborough_county_public_schools__hillsborough_contract_teacher_2013_2016__0929c4c0,Hillsborough_Contract_Teacher_2013_2016.pdf,Hillsborough County Public Schools,88,the grievance will be considered as waived.,the grievance,management,management,will,False,passive,plain,obligation,obligation,True,0.9,discipline,True,
hillsborough_county_public_schools__hillsborough_contract_teacher_2013_2016__0929c4c0,Hillsborough_Contract_Teacher_2013_2016.pdf,Hillsborough County Public Schools,88,No reprisals of any kind will be taken by the Board or by,No reprisals of any kind,management,worker,will,True,passive,plain,prohibition,prohibition,True,0.9,discipline,True,truncated at end of chunk
hillsborough_county_public_schools__hillsborough_contract_teacher_2013_2016__0929c4c0,Hillsborough_Contract_Teacher_2013_2016.pdf,Hillsborough County Public Schools,89,"No reprisals of any kind will be taken by the Board or by any members of the administration or instructional personnel against any party in interest, any building representative, or any other participant in the grievance procedure by reason of such participation.",No reprisals of any kind,worker,worker,will,True,passive,plain,prohibition,prohibition,True,0.9,discipline,True,
hillsborough_county_public_schools__hillsborough_contract_teacher_2013_2016__0929c4c0,Hillsborough_Contract_Teacher_2013_2016.pdf,Hillsborough County Public Schools,89,"The Chief Officer for Human Resources shall be provided a written report at each level by the appropriate administrator, stating the grievance, decision reached, and the basis for such decision.",The Chief Officer for Human Resources,management,management,shall,False,passive,rights_passive,right,obligation,False,1.0,discipline,True,
hillsborough_county_public_schools__hillsborough_contract_teacher_2013_2016__0929c4c0,Hillsborough_Contract_Teacher_2013_2016.pdf,Hillsborough County Public Schools,89,Copies of said reports shall be provided to the Association on request.,Copies of said reports,management,worker,shall,False,passive,rights_passive,right,obligation,False,1.0,discipline,True,
hillsborough_county_public_schools__hillsborough_contract_teacher_2013_2016__0929c4c0,Hillsborough_Contract_Teacher_2013_2016.pdf,Hillsborough County Public Schools,89,the number of days indicated at each level should be considered as a maximum,the number of days indicated at each level,management,worker,should,False,passive,plain,obligation,obligation,True,0.7,discipline,True,
hillsborough_county_public_schools__hillsborough_contract_teacher_2013_2016__0929c4c0,Hillsborough_Contract_Teacher_2013_2016.pdf,Hillsborough County Public Schools,89,every effort should be made to expedite the process.,every effort,management,worker,should,False,passive,plain,obligation,obligation,True,0.7,discipline,True,
hillsborough_county_public_schools__hillsborough_contract_teacher_2013_2016__0929c4c0,Hillsborough_Contract_Teacher_2013_2016.pdf,Hillsborough County Public Schools,89,"The time limits specified may, however, be extended or reduced by mutual agreement.",The time limits specified,other,worker,may,False,passive,plain,permission,permission,True,0.3,discipline,True,
hillsborough_county_public_schools__hillsborough_contract_teacher_2013_2016__0929c4c0,Hillsborough_Contract_Teacher_2013_2016.pdf,Hillsborough County Public Schools,89,the teacher must request a conference with the principal or other immediate supervisor to discuss and attempt to resolve the problem.,the teacher,worker,management,must,False,active,plain,obligation,obligation,True,1.0,discipline,True,
hillsborough_county_public_schools__hillsborough_contract_teacher_2013_2016__0929c4c0,Hillsborough_Contract_Teacher_2013_2016.pdf,Hillsborough County Public Schools,89,This conference shall precede all other steps in the grievance procedure and the administrative review referred to in Section 8.2.,This conference,other,management,shall,False,active,plain,obligation,obligation,True,1.0,discipline,True,
hillsborough_county_public_schools__hillsborough_contract_teacher_2013_2016__0929c4c0,Hillsborough_Contract_Teacher_2013_2016.pdf,Hillsborough County Public Schools,89,"if not so presented, the grievance will be considered as waived.",the grievance,management,management,will,False,passive,plain,obligation,obligation,True,0.9,discipline,True,
hillsborough_county_public_schools__hillsborough_contract_teacher_2013_2016__0929c4c0,Hillsborough_Contract_Teacher_2013_2016.pdf,Hillsborough County Public Schools,89,There shall be no reprisal against any employee for processing a grievance or participating in the grievance process.,reprisal,management,worker,shall,True,active,plain,prohibition,prohibition,True,1.0,discipline,True,
hillsborough_county_public_schools__hillsborough_contract_teacher_2013_2016__0929c4c0,Hillsborough_Contract_Teacher_2013_2016.pdf,Hillsborough County Public Schools,89,"the person or Association will file on a Level I form the grievance with his principal or immediate supervisor, either directly or together with the Association’s designated building representative or staff member, with the objective of resolving the grievance.",the person or Association,worker,management,will,False,active,plain,obligation,obligation,True,0.9,discipline,True,
hillsborough_county_public_schools__hillsborough_contract_teacher_2013_2016__0929c4c0,Hillsborough_Contract_Teacher_2013_2016.pdf,Hillsborough County Public Schools,89,A written disposition of the grievance will be given to the party in interest within ten school days.,A written disposition of the grievance,management,worker,will,False,passive,rights_passive,right,obligation,False,0.9,discipline,True,
hillsborough_county_public_schools__hillsborough_contract_teacher_2013_2016__0929c4c0,Hillsborough_Contract_Teacher_2013_2016.pdf,Hillsborough County Public Schools,89,he must confer with his area general director.,he,management,worker,must,False,active,plain,obligation,obligation,True,1.0,discipline,True,
hillsborough_county_public_schools__hillsborough_contract_teacher_2013_2016__0929c4c0,Hillsborough_Contract_Teacher_2013_2016.pdf,Hillsborough County Public Schools,90,"he may file the grievance on a Level II form with the Superintendent, with a copy to the General Manager for Employee Relations, either directly or through the Association’s representative after a decision by the aforesaid principal, within ten school days.",he,worker,worker,may,False,active,plain,permission,permission,True,0.3,discipline,True,subject 'he' refers to 'aggrieved person'
hillsborough_county_public_schools__hillsborough_contract_teacher_2013_2016__0929c4c0,Hillsborough_Contract_Teacher_2013_2016.pdf,Hillsborough County Public Schools,90,The Superintendent and/or his designee shall have ten school days after receipt of the grievance in which to hold schedule a hearing.,The Superintendent and/or his designee,management,worker,shall,False,active,plain,obligation,obligation,True,1.0,discipline,True,typo 'hold schedule' in original text
hillsborough_county_public_schools__hillsborough_contract_teacher_2013_2016__0929c4c0,Hillsborough_Contract_Teacher_2013_2016.pdf,Hillsborough County Public Schools,90,The parties to the grievance may summon witnesses by notifying the General Manager for Employee Relations in writing.,The parties to the grievance,other,worker,may,False,active,plain,permission,permission,True,0.3,discipline,True,
hillsborough_county_public_schools__hillsborough_contract_teacher_2013_2016__0929c4c0,Hillsborough_Contract_Teacher_2013_2016.pdf,Hillsborough County Public Schools,90,"The General Manager for Employee Relations will notify the parties involved and witnesses of the date, time, and place of the hearings.",The General Manager for Employee Relations,management,worker,will,False,active,plain,obligation,obligation,True,0.9,discipline,True,
hillsborough_county_public_schools__hillsborough_contract_teacher_2013_2016__0929c4c0,Hillsborough_Contract_Teacher_2013_2016.pdf,Hillsborough County Public Schools,90,The complete proceedings at Level II shall be recorded on tape.,The complete proceedings at Level II,management,worker,shall,False,passive,plain,obligation,obligation,True,1.0,discipline,True,
hillsborough_county_public_schools__hillsborough_contract_teacher_2013_2016__0929c4c0,Hillsborough_Contract_Teacher_2013_2016.pdf,Hillsborough County Public Schools,90,Witnesses will remain in another room,Witnesses,worker,management,will,False,active,plain,obligation,obligation,True,0.9,discipline,True,
hillsborough_county_public_schools__hillsborough_contract_teacher_2013_2016__0929c4c0,Hillsborough_Contract_Teacher_2013_2016.pdf,Hillsborough County Public Schools,90,will be called individually to testify.,They,management,management,will,False,passive,plain,obligation,other,False,0.9,discipline,True,subject implied from preceding clause
hillsborough_county_public_schools__hillsborough_contract_teacher_2013_2016__0929c4c0,Hillsborough_Contract_Teacher_2013_2016.pdf,Hillsborough County Public Schools,90,The Superintendent and/or his designee shall brief each witness as he enters the hearing room about the grievance.,The Superintendent and/or his designee,management,worker,shall,False,active,plain,obligation,obligation,True,1.0,discipline,True,
hillsborough_county_public_schools__hillsborough_contract_teacher_2013_2016__0929c4c0,Hillsborough_Contract_Teacher_2013_2016.pdf,Hillsborough County Public Schools,90,witnesses shall give a brief background,witnesses,worker,management,shall,False,active,plain,obligation,obligation,True,1.0,discipline,True,
hillsborough_county_public_schools__hillsborough_contract_teacher_2013_2016__0929c4c0,Hillsborough_Contract_Teacher_2013_2016.pdf,Hillsborough County Public Schools,90,relate their experience with reference to the grievance.,They,worker,management,,False,active,plain,other,other,True,0.0,discipline,True,subject implied from preceding clause
hillsborough_county_public_schools__hillsborough_contract_teacher_2013_2016__0929c4c0,Hillsborough_Contract_Teacher_2013_2016.pdf,Hillsborough County Public Schools,90,The Superintendent shall render a written decision within ten (10) work days of the Level II hearing.,The Superintendent,management,worker,shall,False,active,plain,obligation,obligation,True,1.0,discipline,True,
hillsborough_county_public_schools__hillsborough_contract_teacher_2013_2016__0929c4c0,Hillsborough_Contract_Teacher_2013_2016.pdf,Hillsborough County Public Schools,90,Said decision shall be addressed to the grievant with copies to the other parties of interest.,Said decision,management,worker,shall,False,passive,plain,obligation,obligation,True,1.0,discipline,True,
hillsborough_county_public_schools__hillsborough_contract_teacher_2013_2016__0929c4c0,Hillsborough_Contract_Teacher_2013_2016.pdf,Hillsborough County Public Schools,91,All hearings held at Level II shall be in closed sessions,All hearings held at Level II,other,worker,shall,False,active,plain,obligation,obligation,True,1.0,discipline,True,
hillsborough_county_public_schools__hillsborough_contract_teacher_2013_2016__0929c4c0,Hillsborough_Contract_Teacher_2013_2016.pdf,Hillsborough County Public Schools,91,no news releases shall be made concerning progress of the hearings.,no news releases,management,worker,shall,True,passive,plain,prohibition,prohibition,True,1.0,discipline,True,
hillsborough_county_public_schools__hillsborough_contract_teacher_2013_2016__0929c4c0,Hillsborough_Contract_Teacher_2013_2016.pdf,Hillsborough County Public Schools,91,"he/she may file the grievance on a Level III form with the School Board through the Superintendent, with a copy to the General Manager of Employee Relations, either directly or through the Association’s representative within five school days after a decision by the Superintendent, or fifteen workdays, whichever is sooner.",he/she,worker,worker,may,False,active,plain,permission,permission,True,0.3,discipline,True,
hillsborough_county_public_schools__hillsborough_contract_teacher_2013_2016__0929c4c0,Hillsborough_Contract_Teacher_2013_2016.pdf,Hillsborough County Public Schools,91,the Superintendent shall notify the Board.,the Superintendent,management,worker,shall,False,active,plain,obligation,obligation,True,1.0,discipline,True,
hillsborough_county_public_schools__hillsborough_contract_teacher_2013_2016__0929c4c0,Hillsborough_Contract_Teacher_2013_2016.pdf,Hillsborough County Public Schools,91,The Board’s secretary shall schedule a Level III hearing at the next available date.,The Board’s secretary,management,worker,shall,False,active,plain,obligation,obligation,True,1.0,discipline,True,
hillsborough_county_public_schools__hillsborough_contract_teacher_2013_2016__0929c4c0,Hillsborough_Contract_Teacher_2013_2016.pdf,Hillsborough County Public Schools,91,The Superintendent and/or his designee shall submit a written report to the School Board and a copy to the Association.,The Superintendent and/or his designee,management,worker,shall,False,active,plain,obligation,obligation,True,1.0,discipline,True,
hillsborough_county_public_schools__hillsborough_contract_teacher_2013_2016__0929c4c0,Hillsborough_Contract_Teacher_2013_2016.pdf,Hillsborough County Public Schools,91,"The report should set forth findings of facts, reasoning and conclusions on the issues presented at Level II.",The report,other,worker,should,False,active,plain,obligation,obligation,True,0.7,discipline,True,
hillsborough_county_public_schools__hillsborough_contract_teacher_2013_2016__0929c4c0,Hillsborough_Contract_Teacher_2013_2016.pdf,Hillsborough County Public Schools,91,The Association staff person shall submit a written report to the Board through the Superintendent and/or his designee.,The Association staff person,worker,management,shall,False,active,plain,obligation,obligation,True,1.0,discipline,True,
hillsborough_county_public_schools__hillsborough_contract_teacher_2013_2016__0929c4c0,Hillsborough_Contract_Teacher_2013_2016.pdf,Hillsborough County Public Schools,91,"Prior to the Level III hearing, the General Manager of Employee Relations shall provide the Board and the Association with a verbatim record of the Level II hearing with supporting documents.",the General Manager of Employee Relations,management,worker,shall,False,active,plain,obligation,obligation,True,1.0,discipline,True,
hillsborough_county_public_schools__hillsborough_contract_teacher_2013_2016__0929c4c0,Hillsborough_Contract_Teacher_2013_2016.pdf,Hillsborough County Public Schools,91,"In addition, they both shall be provided all the documentation to be considered at the Level III hearing.",they both,management,worker,shall,False,passive,rights_passive,right,right,True,1.0,discipline,True,
hillsborough_county_public_schools__hillsborough_contract_teacher_2013_2016__0929c4c0,Hillsborough_Contract_Teacher_2013_2016.pdf,Hillsborough County Public Schools,91,The Level III hearing before the Board shall be an appeal of the Superintendent’s decision at Level II.,The Level III hearing before the Board,other,worker,shall,False,active,plain,obligation,other,False,1.0,discipline,True,
hillsborough_county_public_schools__hillsborough_contract_teacher_2013_2016__0929c4c0,Hillsborough_Contract_Teacher_2013_2016.pdf,Hillsborough County Public Schools,91,No witnesses shall be called,No witnesses,management,management,shall,True,passive,plain,prohibition,prohibition,True,1.0,discipline,True,
hillsborough_county_public_schools__hillsborough_contract_teacher_2013_2016__0929c4c0,Hillsborough_Contract_Teacher_2013_2016.pdf,Hillsborough County Public Schools,91,new evidence shall not be introduced.,new evidence,management,management,shall,True,passive,plain,prohibition,prohibition,True,1.0,discipline,True,
hillsborough_county_public_schools__hillsborough_contract_teacher_2013_2016__0929c4c0,Hillsborough_Contract_Teacher_2013_2016.pdf,Hillsborough County Public Schools,91,The Level III hearing shall adhere to the following format:,The Level III hearing,other,management,shall,False,active,plain,obligation,other,False,1.0,discipline,True,
hillsborough_county_public_schools__hillsborough_contract_teacher_2013_2016__0929c4c0,Hillsborough_Contract_Teacher_2013_2016.pdf,Hillsborough County Public Schools,91,The Association staff person (or grievant) shall have 15 minutes to present the grievant’s appeal.,The Association staff person (or grievant),worker,worker,shall,False,active,plain,obligation,right,False,1.0,discipline,True,
hillsborough_county_public_schools__hillsborough_contract_teacher_2013_2016__0929c4c0,Hillsborough_Contract_Teacher_2013_2016.pdf,Hillsborough County Public Schools,91,The Superintendent (or designee) shall have 15 minutes to justify the Level II decision.,The Superintendent (or designee),management,management,shall,False,active,plain,obligation,right,False,1.0,discipline,True,
hillsborough_county_public_schools__hillsborough_contract_teacher_2013_2016__0929c4c0,Hillsborough_Contract_Teacher_2013_2016.pdf,Hillsborough County Public Schools,91,The Association staff person (or grievant) and the Superintendent (or designee) shall each have five minutes for rebuttal.,The Association staff person (or grievant) and the Superintendent (or designee),other,worker,shall,False,active,plain,obligation,right,False,1.0,discipline,True,
hillsborough_county_public_schools__hillsborough_contract_teacher_2013_2016__0929c4c0,Hillsborough_Contract_Teacher_2013_2016.pdf,Hillsborough County Public Schools,91,The Board shall have the authority to question the representatives making the presentation.,The Board,management,management,shall,False,active,plain,obligation,right,False,1.0,discipline,True,
hillsborough_county_public_schools__hillsborough_contract_teacher_2013_2016__0929c4c0,Hillsborough_Contract_Teacher_2013_2016.pdf,Hillsborough County Public Schools,92,The Association staff person and the Superintendent (or designee) shall each have two minutes for closing remarks.,The Association staff person and the Superintendent (or designee),other,worker,shall,False,active,plain,obligation,right,False,1.0,discipline,True,
hillsborough_county_public_schools__hillsborough_contract_teacher_2013_2016__0929c4c0,Hillsborough_Contract_Teacher_2013_2016.pdf,Hillsborough County Public Schools,92,The Board shall render its decision.,The Board,management,worker,shall,False,active,plain,obligation,obligation,True,1.0,discipline,True,
hillsborough_county_public_schools__hillsborough_contract_teacher_2013_2016__0929c4c0,Hillsborough_Contract_Teacher_2013_2016.pdf,Hillsborough County Public Schools,92,"If the grievance is not solved at Level III to the grievant’s satisfaction, or if a written decision is not submitted within the designated time limits of Level III, the Association may move the grievance to arbitration by filing a Level IV form with the Superintendent.",the Association,worker,worker,may,False,active,plain,permission,permission,True,0.3,discipline,True,Negations in conditional clauses do not negate the main operative verb.
hillsborough_county_public_schools__hillsborough_contract_teacher_2013_2016__0929c4c0,Hillsborough_Contract_Teacher_2013_2016.pdf,Hillsborough County Public Schools,92,"Within ten school days of receipt of the Level IV grievance, the Superintendent and/or his designee will meet with the Association for the purpose of selecting a mutually acceptable arbitrator.",the Superintendent and/or his designee,management,worker,will,False,active,plain,obligation,obligation,True,0.9,discipline,True,
hillsborough_county_public_schools__hillsborough_contract_teacher_2013_2016__0929c4c0,Hillsborough_Contract_Teacher_2013_2016.pdf,Hillsborough County Public Schools,92,"If the parties cannot agree on an arbitrator within ten school days, the American Arbitration Association or the Federal Mediation Conciliation Service will be petitioned by the Association to appoint an arbitrator.",the American Arbitration Association or the Federal Mediation Conciliation Service,worker,worker,will,False,passive,plain,obligation,obligation,True,0.9,discipline,True,Passive construction with explicit agent 'by the Association'.
hillsborough_county_public_schools__hillsborough_contract_teacher_2013_2016__0929c4c0,Hillsborough_Contract_Teacher_2013_2016.pdf,Hillsborough County Public Schools,92,The arbitrator shall confer with the representatives of the Board and the Association and hold hearings promptly and shall issue a decision.,The arbitrator,other,worker,shall,False,active,plain,obligation,obligation,True,1.0,discipline,True,Compound predicates sharing a single subject.
hillsborough_county_public_schools__hillsborough_contract_teacher_2013_2016__0929c4c0,Hillsborough_Contract_Teacher_2013_2016.pdf,Hillsborough County Public Schools,92,"The arbitrator’s decision shall be in writing and shall set forth findings of facts, reasoning, and conclusions on the issues submitted.",The arbitrator’s decision,other,worker,shall,False,active,plain,obligation,obligation,True,1.0,discipline,True,Inanimate subject.
hillsborough_county_public_schools__hillsborough_contract_teacher_2013_2016__0929c4c0,Hillsborough_Contract_Teacher_2013_2016.pdf,Hillsborough County Public Schools,92,The decision of the arbitrator shall be submitted to the Board and the Association and shall be final and binding upon the parties.,The decision of the arbitrator,other,worker,shall,False,passive,plain,obligation,obligation,True,1.0,discipline,True,Inanimate subject.
hillsborough_county_public_schools__hillsborough_contract_teacher_2013_2016__0929c4c0,Hillsborough_Contract_Teacher_2013_2016.pdf,Hillsborough County Public Schools,92,The arbitrator shall give at least ten days’ notice in writing to the Association and the Superintendent of the time and place of such hearing.,The arbitrator,other,worker,shall,False,active,plain,obligation,obligation,True,1.0,discipline,True,
hillsborough_county_public_schools__hillsborough_contract_teacher_2013_2016__0929c4c0,Hillsborough_Contract_Teacher_2013_2016.pdf,Hillsborough County Public Schools,92,The hearing shall be informal,The hearing,other,worker,shall,False,active,plain,obligation,obligation,True,1.0,discipline,True,First independent clause split by 'and'.
hillsborough_county_public_schools__hillsborough_contract_teacher_2013_2016__0929c4c0,Hillsborough_Contract_Teacher_2013_2016.pdf,Hillsborough County Public Schools,92,the rules of evidence prevailing in judicial proceedings shall not be binding.,the rules of evidence prevailing in judicial proceedings,other,worker,shall,True,active,plain,prohibition,prohibition,True,1.0,discipline,True,Second independent clause joined by 'and'.
hillsborough_county_public_schools__hillsborough_contract_teacher_2013_2016__0929c4c0,Hillsborough_Contract_Teacher_2013_2016.pdf,Hillsborough County Public Schools,92,Any and all documentary evidence and other data deemed relevant by the arbitrator may be received in evidence.,Any and all documentary evidence and other data deemed relevant by the arbitrator,other,worker,may,False,passive,plain,permission,permission,True,0.3,discipline,True,Inanimate subject.
hillsborough_county_public_schools__hillsborough_contract_teacher_2013_2016__0929c4c0,Hillsborough_Contract_Teacher_2013_2016.pdf,Hillsborough County Public Schools,92,"The arbitrator shall have the power to administer oaths and to require by subpoena the attendance and testimony of witnesses, the production of books, records, and other evidence pertinent to the issues presented to him for determination.",The arbitrator,other,worker,shall,False,active,plain,obligation,right,False,1.0,discipline,True,
hillsborough_county_public_schools__hillsborough_contract_teacher_2013_2016__0929c4c0,Hillsborough_Contract_Teacher_2013_2016.pdf,Hillsborough County Public Schools,92,The hearing shall be concluded within ten days of its commencement.,The hearing,other,worker,shall,False,passive,plain,obligation,obligation,True,1.0,discipline,True,Inanimate subject.
hillsborough_county_public_schools__hillsborough_contract_teacher_2013_2016__0929c4c0,Hillsborough_Contract_Teacher_2013_2016.pdf,Hillsborough County Public Schools,93,"Within ten days after the conclusion of the hearings, the arbitrator shall make written findings and a written opinion upon the issues presented",the arbitrator,other,worker,shall,False,active,plain,obligation,obligation,True,1.0,discipline,True,
hillsborough_county_public_schools__hillsborough_contract_teacher_2013_2016__0929c4c0,Hillsborough_Contract_Teacher_2013_2016.pdf,Hillsborough County Public Schools,93,a copy of which shall be mailed or otherwise delivered to the parties involved.,a copy of which,management,worker,shall,False,passive,plain,obligation,obligation,True,1.0,discipline,True,
hillsborough_county_public_schools__hillsborough_contract_teacher_2013_2016__0929c4c0,Hillsborough_Contract_Teacher_2013_2016.pdf,Hillsborough County Public Schools,93,The decision of the arbitrator shall be final and binding upon the Association and the Board.,The decision of the arbitrator,other,worker,shall,False,active,plain,obligation,obligation,True,1.0,discipline,True,
hillsborough_county_public_schools__hillsborough_contract_teacher_2013_2016__0929c4c0,Hillsborough_Contract_Teacher_2013_2016.pdf,Hillsborough County Public Schools,93,"The arbitrator shall conduct the hearings and render his decision upon the basis of a prompt, peaceful, and just settlement of disputes between the teachers and the Board.",The arbitrator,other,worker,shall,False,active,plain,obligation,obligation,True,1.0,discipline,True,
hillsborough_county_public_schools__hillsborough_contract_teacher_2013_2016__0929c4c0,Hillsborough_Contract_Teacher_2013_2016.pdf,Hillsborough County Public Schools,93,Fees and necessary expenses of arbitration shall be borne equally by the Association and the Board.,Fees and necessary expenses of arbitration,worker,worker,shall,False,passive,plain,obligation,obligation,True,1.0,discipline,True,
hillsborough_county_public_schools__hillsborough_contract_teacher_2013_2016__0929c4c0,Hillsborough_Contract_Teacher_2013_2016.pdf,Hillsborough County Public Schools,93,"If any provisions of this agreement is or shall at any time be contrary to law or Florida Board of Education regulations, then such provision shall not be applicable or performed or enforced, except to the extent permitted by law.",such provision,other,management,shall,True,passive,plain,prohibition,prohibition,True,1.0,other,True,
hillsborough_county_public_schools__hillsborough_contract_teacher_2013_2016__0929c4c0,Hillsborough_Contract_Teacher_2013_2016.pdf,Hillsborough County Public Schools,93,All other provisions of this agreement shall continue in effect.,All other provisions of this agreement,other,management,shall,False,active,plain,obligation,obligation,True,1.0,other,True,
hillsborough_county_public_schools__hillsborough_contract_teacher_2013_2016__0929c4c0,Hillsborough_Contract_Teacher_2013_2016.pdf,Hillsborough County Public Schools,93,Any substitute action to the provisions of this contract contemplated by the Board shall be subject to negotiations with the Association.,Any substitute action to the provisions of this contract contemplated by the Board,other,worker,shall,False,active,plain,obligation,obligation,True,1.0,other,True,
hillsborough_county_public_schools__hillsborough_contract_teacher_2013_2016__0929c4c0,Hillsborough_Contract_Teacher_2013_2016.pdf,Hillsborough County Public Schools,93,Any section of this contract may be reopened by mutual consent of the Board and the Association.,Any section of this contract,management,worker,may,False,passive,plain,permission,permission,True,0.3,other,True,
hillsborough_county_public_schools__hillsborough_contract_teacher_2013_2016__0929c4c0,Hillsborough_Contract_Teacher_2013_2016.pdf,Hillsborough County Public Schools,93,"Should Florida Statutes be repealed relative to any subject affecting wages and hours, and terms and conditions of employment for any members of the bargaining unit in which the Board anticipates changing the present practice, negotiations shall commence immediately relative to the areas affected by the change in statute.",negotiations,other,worker,shall,False,active,plain,obligation,obligation,True,1.0,other,True,
hillsborough_county_public_schools__hillsborough_contract_teacher_2013_2016__0929c4c0,Hillsborough_Contract_Teacher_2013_2016.pdf,Hillsborough County Public Schools,93,This contract may be amended at any time during its term by ratification of the School Board of Hillsborough County and the Executive Board of the Hillsborough Classroom Teachers Association acting on behalf of the bargaining units’ membership.,This contract,management,worker,may,False,passive,plain,permission,permission,True,0.3,other,True,
hillsborough_county_public_schools__hillsborough_contract_teacher_2013_2016__0929c4c0,Hillsborough_Contract_Teacher_2013_2016.pdf,Hillsborough County Public Schools,93,The portion of this agreement traditionally called non-money items shall become effective when approved by the Board and the Association,The portion of this agreement traditionally called non-money items,other,worker,shall,False,active,plain,obligation,obligation,True,1.0,other,True,
hillsborough_county_public_schools__hillsborough_contract_teacher_2013_2016__0929c4c0,Hillsborough_Contract_Teacher_2013_2016.pdf,Hillsborough County Public Schools,93,"and shall continue in effect to and including June 30, 2013 2016, and from year to year or day to day thereafter until a new contract is ratified by the Board and the Association.",The portion of this agreement traditionally called non-money items,other,worker,shall,False,active,plain,obligation,obligation,True,1.0,other,True,Implicit subject carried over from preceding independent clause.
hillsborough_county_public_schools__hillsborough_contract_teacher_2013_2016__0929c4c0,Hillsborough_Contract_Teacher_2013_2016.pdf,Hillsborough County Public Schools,94,"If either party desires to make changes in the agreement, the parties must deliver to each other, by the first working day in May 2013 2016 or the first working day in May in any year the contract is extended, a written document setting forth the changes desired.",the parties,other,worker,must,False,active,plain,obligation,obligation,True,1.0,other,True,
hillsborough_county_public_schools__hillsborough_contract_teacher_2013_2016__0929c4c0,Hillsborough_Contract_Teacher_2013_2016.pdf,Hillsborough County Public Schools,94,"If either party desires to make changes in the agreement, the parties must deliver to each other by the first working day in June 2011 2014, or by the first working day in June in any year the money contract is extended, a written document setting forth the changes desired.",the parties,other,worker,must,False,active,plain,obligation,obligation,True,1.0,other,True,
