document_id,file_name,Question ID,topic category,question,answer,evidence,page number,confidence,coder notes
davis_school_district__davis_sd_2022_2023__fe1c4b6d,Davis_SD_2022-2023.pdf,meta_doc_type_001,document metadata,What type of district document is this PDF?,CBA,"Having been identified as the exclusive bargaining agent under Board Policy, the Board recognizes the Davis Education Association (""the Association"") as the exclusive representative of the licensed personnel except as herein provided.",2,high,Updated evidence to a more direct clause establishing the collective bargaining relationship and contract nature.
davis_school_district__davis_sd_2022_2023__fe1c4b6d,Davis_SD_2022-2023.pdf,meta_effective_dates_002,document metadata,What school years or effective dates does the document cover?,"July 1, 2022; School Year 2022-2023","The terms of this agreement are effective as of July 1, 2022. / Davis School District Educator Salary Schedule – School Year 2022-2023","3, 13",high,Added salary schedule header quote to explicitly support the school year date included in the answer.
davis_school_district__davis_sd_2022_2023__fe1c4b6d,Davis_SD_2022-2023.pdf,meta_bargaining_unit_003,document metadata,Which employee group or bargaining unit is covered?,Licensed personnel / Teachers,"the Board recognizes the Davis Education Association (""the Association"") as the exclusive representative of the licensed personnel except as herein provided.",2,high,
davis_school_district__davis_sd_2022_2023__fe1c4b6d,Davis_SD_2022-2023.pdf,meta_document_scope_004,document metadata,"Does the document state that it is binding, advisory, summary-only, or not a contract?",binding,This Agreement shall be deemed to be a part of each individual teacher's contract by reference thereof.,3,high,
davis_school_district__davis_sd_2022_2023__fe1c4b6d,Davis_SD_2022-2023.pdf,meta_text_usability_005,document metadata,Is the PDF text extractable enough for reliable coding?,usable,,not_applicable,high,
davis_school_district__davis_sd_2022_2023__fe1c4b6d,Davis_SD_2022-2023.pdf,meta_cites_state_law_006,document metadata,"Does the document cite any state laws, statutes, or administrative codes?",yes,Section 53G-11-206 of the Utah State Code; Utah Code Annotated; Utah Code §53F-2-405,"2, 3, 7",high,
davis_school_district__davis_sd_2022_2023__fe1c4b6d,Davis_SD_2022-2023.pdf,meta_state_law_citations_007,document metadata,Quote all sentences citing state laws or statutes.,"The Board and the Association understand that the Board has certain powers and responsibilities that under the Constitution and Laws of the State of Utah may not be delegated to another group or organization. | Nothing in this Agreement shall be so construed as to deprive any individual of his/her rights under the Utah Right to Work Law nor his/her rights as set forth in Title VII of the Civil Rights Act or under Title 34, Utah Code Annotated, 1953, or amendments thereto. | The Association recognizes the Board as having all the rights and powers as provided in the constitution and the laws of the State of Utah. | The portion of the President's time paid for by the District shall be subject to the provisions of Board policy as stipulated by Section 53G-11-206 of the Utah State Code. | Employees must receive a satisfactory rating or above on their most recent evaluation to qualify per Utah Code §53F-2-405. | *TSSA (2019 SB149) Teacher and Student Success Act) pay is dependent upon continued legislative funding.","The Board and the Association understand that the Board has certain powers and responsibilities that under the Constitution and Laws of the State of Utah may not be delegated to another group or organization. | Nothing in this Agreement shall be so construed as to deprive any individual of his/her rights under the Utah Right to Work Law nor his/her rights as set forth in Title VII of the Civil Rights Act or under Title 34, Utah Code Annotated, 1953, or amendments thereto. | The Association recognizes the Board as having all the rights and powers as provided in the constitution and the laws of the State of Utah. | The portion of the President's time paid for by the District shall be subject to the provisions of Board policy as stipulated by Section 53G-11-206 of the Utah State Code. | Employees must receive a satisfactory rating or above on their most recent evaluation to qualify per Utah Code §53F-2-405. | *TSSA (2019 SB149) Teacher and Student Success Act) pay is dependent upon continued legislative funding.","2, 3, 8, 13",high,Updated evidence field to include all relevant quoted passages corresponding to the answer for completeness and traceability.
davis_school_district__davis_sd_2022_2023__fe1c4b6d,Davis_SD_2022-2023.pdf,meta_cites_federal_law_008,document metadata,"Quote all sentences citing federal laws, statutes, or regulations.","Nothing in this Agreement shall be so construed as to deprive any individual of his/her rights under the Utah Right to Work Law nor his/her rights as set forth in Title VII of the Civil Rights Act or under Title 34, Utah Code Annotated, 1953, or amendments thereto.","Nothing in this Agreement shall be so construed as to deprive any individual of his/her rights under the Utah Right to Work Law nor his/her rights as set forth in Title VII of the Civil Rights Act or under Title 34, Utah Code Annotated, 1953, or amendments thereto.",2,high,
davis_school_district__davis_sd_2022_2023__fe1c4b6d,Davis_SD_2022-2023.pdf,meta_federal_law_citations_009,document metadata,Which federal laws or statutes are cited?,Title VII of the Civil Rights Act,Title VII of the Civil Rights Act,2,high,
davis_school_district__davis_sd_2022_2023__fe1c4b6d,Davis_SD_2022-2023.pdf,pay_salary_schedule_001,compensation,Does the document include a teacher salary schedule or salary scale?,yes. Schedule Title: Davis School District Educator Salary Schedule – School Year 2022-2023. Covered Year: 2022-2023. Covered Group: Educators. Page: 13.,Davis School District Educator Salary Schedule – School Year 2022-2023,13,high,
davis_school_district__davis_sd_2022_2023__fe1c4b6d,Davis_SD_2022-2023.pdf,pay_salary_schedule_002,compensation,What year or years does the salary schedule cover?,School Year 2022-2023,Davis School District Educator Salary Schedule – School Year 2022-2023,13,high,
davis_school_district__davis_sd_2022_2023__fe1c4b6d,Davis_SD_2022-2023.pdf,pay_step_increment_003,compensation,Does the document explain annual step advancement or salary increments?,no,,not_applicable,high,
davis_school_district__davis_sd_2022_2023__fe1c4b6d,Davis_SD_2022-2023.pdf,pay_prior_experience_005,compensation,Does the document state how prior teaching experience is credited for salary placement?,yes,"In determining accredited teaching experience for educators hired effective July 1, 2000, or later, credit will be allowed for the first ten (10) years of qualified teaching experience outside the District and for all teaching experience in the District except when rehiring individuals who previously have retired from the District.",6,high,
davis_school_district__davis_sd_2022_2023__fe1c4b6d,Davis_SD_2022-2023.pdf,pay_performance_pay_006,compensation,"Does the document include performance pay, merit pay, or evaluation-based compensation?",yes,"An educator salary adjustment of $4,200 is included as part of the Salary Schedule and is dependent upon continued legislative funding. Employees must receive a satisfactory rating or above on their most recent evaluation to qualify per Utah Code §53F-2-405.",9,high,
davis_school_district__davis_sd_2022_2023__fe1c4b6d,Davis_SD_2022-2023.pdf,pay_performance_pay_007,compensation,How are teachers evaluated for purposes of performance-based pay eligibility?,Employees must receive a satisfactory rating or above on their most recent evaluation to qualify per Utah Code §53F-2-405.,Employees must receive a satisfactory rating or above on their most recent evaluation to qualify per Utah Code §53F-2-405.,9,high,
davis_school_district__davis_sd_2022_2023__fe1c4b6d,Davis_SD_2022-2023.pdf,pay_cost_of_living_007,compensation,Does the document specify across-the-board raises or COLA percentages?,not_discussed,,not_applicable,high,
davis_school_district__davis_sd_2022_2023__fe1c4b6d,Davis_SD_2022-2023.pdf,pay_extra_duty_schedule_008,compensation,Does the document include an extra-duty or supplemental pay schedule?,yes,DAVIS SCHOOL DISTRICT JUNIOR HIGH COACHING EXTRA COMPENSATION FOR EXTRA DUTIES Fiscal Year 2022-2023... DAVIS SCHOOL DISTRICT SENIOR HIGH COACHING EXTRA COMPENSATION FOR EXTRA DUTIES Fiscal Year 2022-2023... Non-Athletic: Extra compensation for non-athletic assignments,16,high,Updated page reference to 16 to align with the exact location of the coaching compensation tables.
davis_school_district__davis_sd_2022_2023__fe1c4b6d,Davis_SD_2022-2023.pdf,pay_hardtostaff_sped_009,compensation,"Does the document provide additional pay, stipends, or salary differentials for special education teachers?",not_discussed,,not_applicable,high,
davis_school_district__davis_sd_2022_2023__fe1c4b6d,Davis_SD_2022-2023.pdf,pay_hardtostaff_stem_010,compensation,"Does the document provide additional pay, stipends, or salary differentials for teachers in STEM subjects?",yes,Critical Endorsement Recognition... receive one additional salary level per eligible endorsed area at initial placement... Current endorsements qualifying for this advancement are as follows: ... (iii) Math.,6,medium,Updated page reference to 6. Math is explicitly listed as a critical endorsement qualifying for one additional salary level.
davis_school_district__davis_sd_2022_2023__fe1c4b6d,Davis_SD_2022-2023.pdf,pay_hardtostaff_other_011,compensation,"Does the document provide additional pay, stipends, or salary differentials for teachers in high-need subjects or schools other than special education or STEM?",yes,"Current endorsements qualifying for this advancement are as follows: (i) English as a Second Language (ESL), (ii) Reading.",6,medium,Updated page reference to 6. ESL and Reading are listed as critical endorsements qualifying for salary advancement.
davis_school_district__davis_sd_2022_2023__fe1c4b6d,Davis_SD_2022-2023.pdf,pay_hardtostaff_schools_012,compensation,"Does the document provide incentives specifically for teaching in hard-to-staff, high-need, Title I, or priority schools, regardless of subject?",not_discussed,,not_applicable,high,
davis_school_district__davis_sd_2022_2023__fe1c4b6d,Davis_SD_2022-2023.pdf,pay_experience_credit_indistrict_013,compensation,Does the document specify how prior in-district teaching experience is credited for initial salary placement?,yes,credit will be allowed for the first ten (10) years of qualified teaching experience outside the District and for all teaching experience in the District except when rehiring individuals who previously have retired from the District.,6,high,
davis_school_district__davis_sd_2022_2023__fe1c4b6d,Davis_SD_2022-2023.pdf,pay_experience_credit_outofdistrict_014,compensation,Does the document specify how out-of-district but in-state teaching experience is credited for salary placement?,yes,credit will be allowed for the first ten (10) years of qualified teaching experience outside the District,6,high,
davis_school_district__davis_sd_2022_2023__fe1c4b6d,Davis_SD_2022-2023.pdf,pay_experience_credit_outofstate_015,compensation,Does the document specify how out-of-state teaching experience is credited for salary placement?,yes,deny credit for any experience outside the United States for which the Utah State Board of Education does not reimburse the District.,7,high,
davis_school_district__davis_sd_2022_2023__fe1c4b6d,Davis_SD_2022-2023.pdf,pay_experience_credit_military_public_016,compensation,Does the document credit military service or other public service for salary placement?,no,deny credit for military experience;,7,high,
davis_school_district__davis_sd_2022_2023__fe1c4b6d,Davis_SD_2022-2023.pdf,pay_national_board_017,compensation,Does the document provide extra pay for National Board certification or similar advanced certification?,"$1,000 per year","Educators with current National Board Certification will receive a stipend of one-thousand dollars ($1,000) per year in addition to their regular salary.",12,high,
davis_school_district__davis_sd_2022_2023__fe1c4b6d,Davis_SD_2022-2023.pdf,benefits_health_001,benefits,Does the document state that health or medical insurance is available to teachers?,yes,Employees eligible to participate in the District group insurance plans include:,20,high,
davis_school_district__davis_sd_2022_2023__fe1c4b6d,Davis_SD_2022-2023.pdf,benefits_health_contribution_002,benefits,What employer contribution toward health insurance is stated?,94% of the employee premium and 82% of the dependent premium,Ninety-four (94%) of the employee premium and eighty-two percent (82%) of the dependent premium for the plan selected.,23,high,
davis_school_district__davis_sd_2022_2023__fe1c4b6d,Davis_SD_2022-2023.pdf,benefits_health_employee_premium_003,benefits,What employee health insurance premium or contribution is stated?,"Employee's portion of the premium, plus a nominal monthly Wellness Program premium; paid via payroll deduction",Employees are financially responsible for their portion of insurance premiums. This amount shall be payroll deducted where possible. ... employees enrolled in the District's medical insurance shall be required to pay a nominal monthly Wellness Program premium,23,high,
davis_school_district__davis_sd_2022_2023__fe1c4b6d,Davis_SD_2022-2023.pdf,benefits_dependent_health_004,benefits,"Does the document mention dependent, spouse, family, or domestic partner health coverage?",yes,"Eligible dependents include: (i) Employee's spouse, if not legally separated from employee. (ii) Employee's children under age twenty-six (26). (iii) Children under age twenty-six in the legal custody of employee.",20-21,high,
davis_school_district__davis_sd_2022_2023__fe1c4b6d,Davis_SD_2022-2023.pdf,benefits_health_plan_type_005,benefits,What health plan types are described?,not_discussed,,not_applicable,high,
davis_school_district__davis_sd_2022_2023__fe1c4b6d,Davis_SD_2022-2023.pdf,benefits_dental_006,benefits,Does the document state that dental insurance is available?,yes,Ninety-five percent (95%) of the employee premium and fifty percent (50%) of the dependent premium for a high option dental plan and a matched dollar amount toward a low option dental plan.,24,high,
davis_school_district__davis_sd_2022_2023__fe1c4b6d,Davis_SD_2022-2023.pdf,benefits_vision_007,benefits,Does the document state that vision or optical insurance is available?,yes. Vision insurance is available. Eligible employees (per 4.2.1) receive district premium participation for positions authorized for 35+ hours/week (4.2.6[a]).,"[f] Vision; ... The District shall participate in the cost of the insurance premiums for employees in positions, or a combination of positions, authorized for thirty-five (35) or more hours per work week according to the percentage contributions indicated below.","25, 23",high,
davis_school_district__davis_sd_2022_2023__fe1c4b6d,Davis_SD_2022-2023.pdf,benefits_life_008,benefits,Does the document provide district-paid or voluntary life insurance?,"yes. District-paid base coverage equal to the employee's annual base salary or $18,000, whichever is greater.","4.2.6[f] Life Insurance Premium: The entire cost of the policy for the face benefit amount of an eligible employee's annual base salary, or $18,000, whichever is greater.",24,high,
davis_school_district__davis_sd_2022_2023__fe1c4b6d,Davis_SD_2022-2023.pdf,benefits_disability_009,benefits,Does the document mention short-term or long-term disability coverage?,yes. Both Short-Term and Long-Term Disability are offered. Eligibility follows group insurance rules (4.2.1). The district pays 50% of the Long-Term Disability premium (4.2.6[g]).,4.2.7. ... [d] Long Term Disability; [e] Short Term Disability; ... 4.2.6[g] Long Term Disability Premium: Fifty percent (50%) of the premium.,"25, 24",high,
davis_school_district__davis_sd_2022_2023__fe1c4b6d,Davis_SD_2022-2023.pdf,benefits_retirement_contribution_010,benefits,What employer retirement or pension contribution is stated?,not_discussed,,not_applicable,high,
davis_school_district__davis_sd_2022_2023__fe1c4b6d,Davis_SD_2022-2023.pdf,benefits_leave_continuation_011,benefits,Does the document state whether insurance benefits continue during paid or unpaid leave?,"yes. Coverage continues during paid sick leave and family leave if the employee pays their premium share (4.4.4[j]). Eligibility is lost when paid leave is exhausted (4.2.1[e]). For unpaid leave, premiums are not paid by the district, but coverage can be retained via COBRA (4.4.9[f]).","4.2.1[e] During a leave of absence, insurance coverage eligibility is lost at the end of the month in which an employee: (i) not eligible for family leave ... exhausts approved paid leave ... 4.4.4[j] During the family leave period and/or a paid sick leave, the District shall continue to pay its portion of the employee's group health insurance premium. An employee on family leave must continue to pay his/her portion of the insurance premium in order to keep coverage in effect. 4.4.9[f] Premiums on group insurance coverage will not be paid by the District for teachers on unpaid leaves. However, the teacher may retain the group insurance coverage during the unpaid leave period by applying for COBRA benefits...","21, 30, 34",high,
davis_school_district__davis_sd_2022_2023__fe1c4b6d,Davis_SD_2022-2023.pdf,benefits_retiree_012,benefits,"Does the document provide retiree health, dental, life, or other post-employment benefits?",yes,"Employees who retire under the incentive program will continue to be enrolled in group medical and dental programs until they become eligible for Medicare, or for the ten (10) consecutive years following retirement, whichever occurs first.",37,high,
davis_school_district__davis_sd_2022_2023__fe1c4b6d,Davis_SD_2022-2023.pdf,leave_sick_days_001,leave,How many paid sick leave days are granted per year?,7 days for the first three years of employment; 10 days for succeeding years.,Seven (7) days per year will be allowed for the first three (3) years of employment... Ten (10) days per year will be allowed for succeeding years,27,high,
davis_school_district__davis_sd_2022_2023__fe1c4b6d,Davis_SD_2022-2023.pdf,leave_sick_accrual_002,leave,"Does sick leave accumulate or carry over, and what cap is stated?",Accumulates; no accumulation cap is stated.,Unused sick leave days will accumulate.,27,high,
davis_school_district__davis_sd_2022_2023__fe1c4b6d,Davis_SD_2022-2023.pdf,leave_sick_family_003,leave,May teachers use sick leave for family illness or family care?,yes,The sick leave policy is designed by the Board to be used judiciously for illness of self and in the event of the death or serious illness of an immediate member of the family... up to five (5) days in the event of death in the immediate family... For any absence beyond one day in case of serious illness of an immediate family member... approval must be secured from the Superintendent.,27,high,
davis_school_district__davis_sd_2022_2023__fe1c4b6d,Davis_SD_2022-2023.pdf,leave_personal_days_004,leave,How many paid personal leave days are granted per year?,"2 days base, plus 1 additional day for 15+ years of experience, and 1 additional day for year-round all-track contracts.","Educators, who are eligible for 2 days of personal leave... Educators with fifteen (15) or more years of experience... will be entitled to one (1) additional day. Any educator with an all track contract at a year-round school will be entitled to one (1) additional day",31,high,
davis_school_district__davis_sd_2022_2023__fe1c4b6d,Davis_SD_2022-2023.pdf,leave_personal_restrictions_005,leave,What restrictions apply to personal leave use?,"1-day advance notice required (except emergencies); reason may be required for days adjacent to holidays/weekends; blackout dates include conference days, first day, and last two days of school year; principal sets daily limits per school; max 10 days per contract year.","notify his/her principal at least one day in advance, except in cases of emergency... asked to explain the reason... Only in the event of an emergency will teachers be permitted to take personal leave on regularly scheduled parent/teacher conference days and the first day and last two (2) days of the school year... limitations must be placed on the number of teachers in a school who can take personal leave on any given day... a maximum of ten (10) days may be used in a contract year.",31-32,high,Updated evidence to explicitly include the 10-day annual use limit to fully support the coded answer.
davis_school_district__davis_sd_2022_2023__fe1c4b6d,Davis_SD_2022-2023.pdf,leave_personal_conversion_006,leave,"Does unused personal leave convert to sick leave, cash, or another benefit?",no,"If the contract of a licensed employee is terminated, unused personal leave shall be compensated at the licensed substitute rate",32,high,
davis_school_district__davis_sd_2022_2023__fe1c4b6d,Davis_SD_2022-2023.pdf,leave_bereavement_days_007,leave,How many bereavement leave days are available?,5,"With the approval of the principal or program director, any educator under contract with the Board will be entitled to a leave of absence for up to five (5) days in the event of death in the immediate family. Principals shall have discretion in approving leave requests based on the particular needs and circumstances surrounding the death. The days will be charged to “Sick Leave.”",27,high,
davis_school_district__davis_sd_2022_2023__fe1c4b6d,Davis_SD_2022-2023.pdf,leave_bereavement_relatives_008,leave,Which relatives or household members are covered by bereavement leave?,"husband, wife, son, daughter, father, mother, father-in-law, mother-in-law, brother, sister, grandmother and grandfather; exceptions considered for sister-in-law, brother-in-law, uncle, aunt, nephew, niece, first cousin, and those virtually an immediate member","The phrase, “an immediate member of the family,” includes husband, wife, son, daughter, father, mother, father-in-law, mother-in-law, brother, sister, grandmother and grandfather. (Exceptions that may be considered by the Superintendent: sister-in-law, brother-in-law, uncle, aunt, nephew, niece, first cousin and those who have virtually held the position of an immediate member of the family.)",27,high,
davis_school_district__davis_sd_2022_2023__fe1c4b6d,Davis_SD_2022-2023.pdf,leave_parental_paid_009,leave,"Does the document provide paid parental, bonding, maternity, paternity, or adoption leave beyond accrued sick leave?",no,"In the event of birth or adoption, the District may require the employee to use his/her applicable accumulated personal leave prior to granting unpaid leave. For an employee's own illness or illness of a spouse, parent, or child, the District may require the employee to use his/her applicable accumulated personal leave and sick leave before granting unpaid leave.",30,high,
davis_school_district__davis_sd_2022_2023__fe1c4b6d,Davis_SD_2022-2023.pdf,leave_pregnancy_disability_010,leave,"Does the document address pregnancy, childbirth, or temporary disability leave?",yes,"Employees are expected to return to work as soon as they have recovered from their illness, injury, surgery, delivery, or other disabling condition.",26,high,
davis_school_district__davis_sd_2022_2023__fe1c4b6d,Davis_SD_2022-2023.pdf,leave_adoption_childcare_011,leave,"Does the document provide adoption, child care, or bonding leave?",yes,"Employees who are adopting a child are entitled to use up to twenty (20) days of their accumulated sick leave. If there is a need beyond these days, employees may request in writing to the Superintendent the use of additional accumulated sick leave or a temporary leave without pay according to the provisions in the Family Leave Policy section 4.4.4.",32,high,
davis_school_district__davis_sd_2022_2023__fe1c4b6d,Davis_SD_2022-2023.pdf,leave_fmla_012,leave,Does the document discuss Family and Medical Leave Act rights or equivalent family medical leave?,yes,"In the event of a ""qualifying exigency"" arising out of a military service member's current tour of active duty or because the service member is notified of an impending call to active duty, an employee who is the spouse, parent, or child (as defined by the Family & Medical Leave Act) of the service member may request in writing to the Superintendent a leave of absence of up to twelve (12) calendar weeks.",30,high,
davis_school_district__davis_sd_2022_2023__fe1c4b6d,Davis_SD_2022-2023.pdf,leave_absence_reporting_013,leave,Does the document specify absence reporting or substitute-request procedures for teachers?,yes,"Employees anticipating an absence exceeding ten (10) consecutive workdays shall provide advance notice in writing to the District personnel office of their approximate leave dates so that necessary payroll adjustments and long-term substitute arrangements can be made. ... In emergency situations when extended absences cannot be anticipated or planned, employees shall provide written notice to the District Human Resources Department as soon as they are physically able to do so. A teacher planning to use a personal leave day or days shall notify his/her principal at least one day in advance, except in cases of emergency.","27, 31",high,
davis_school_district__davis_sd_2022_2023__fe1c4b6d,Davis_SD_2022-2023.pdf,workload_work_year_days_001,workload,How many teacher work days or duty days are required in the regular work year?,185,185 Days,13,high,
davis_school_district__davis_sd_2022_2023__fe1c4b6d,Davis_SD_2022-2023.pdf,workload_workday_length_002,workload,What is the required length of the teacher workday?,7.5 hours,teacher’s 7 1/2-hour regular contract,14,high,
davis_school_district__davis_sd_2022_2023__fe1c4b6d,Davis_SD_2022-2023.pdf,workload_prep_guarantee_003,workload,Does the document guarantee teacher planning or preparation time?,yes,the District and the Association have established elementary preparation time as described below. / Schools will provide for educator planning and collaboration time one day each week...,57,high,
davis_school_district__davis_sd_2022_2023__fe1c4b6d,Davis_SD_2022-2023.pdf,workload_prep_minutes_004,workload,How much planning or preparation time is guaranteed?,"Elementary: 36 minutes per day (contract day) / 120 minutes per week + 30 minutes (DESK standards) + 30 minutes (Computer Science). Secondary: daily periods established, exact minutes not specified.",All elementary educators... will receive the equivalent of thirty-six (36) minutes per day of preparation time during the contract day... Each school will receive funds sufficient to provide a minimum of one-hundred-twenty (120) minutes preparation time per teacher per week. An additional thirty (30) minutes... An additional thirty (30) minutes...,57-58,high,
davis_school_district__davis_sd_2022_2023__fe1c4b6d,Davis_SD_2022-2023.pdf,workload_prep_protected_005,workload,"Does the document restrict use of planning time for meetings, coverage, or other duties?",yes,"Meetings for IEPs, 504s, etc. scheduled during prep time or meetings that extend beyond contract hours shall be coordinated with educators involved.",64,high,
davis_school_district__davis_sd_2022_2023__fe1c4b6d,Davis_SD_2022-2023.pdf,workload_lunch_duty_free_006,workload,Does the document guarantee a duty-free lunch?,no,"The principal will seek volunteers from the licensed staff for lunch time playground duty, lunchroom duty, before-and-after school bus duty, and before-and-after school student supervision. In case no volunteers or teacher assistants are available, then the principal may select from the faculty individuals whom he/she desires to assume the responsibility.",14,high,
davis_school_district__davis_sd_2022_2023__fe1c4b6d,Davis_SD_2022-2023.pdf,workload_lunch_minutes_007,workload,How many minutes is the lunch period?,30,including a daily scheduled duty free lunch period of at least thirty (30) minutes,64,high,
davis_school_district__davis_sd_2022_2023__fe1c4b6d,Davis_SD_2022-2023.pdf,workload_meetings_limits_008,workload,"Does the document limit required faculty, staff, department, or PLC meetings?",yes,Meetings involving the entire faculty shall not exceed two (2) meetings per month unless supported by the JSSC or in emergency situations.,64,high,
davis_school_district__davis_sd_2022_2023__fe1c4b6d,Davis_SD_2022-2023.pdf,workload_nonteaching_duties_009,workload,"Does the document describe non-teaching duties such as supervision, lunch duty, bus duty, hall duty, or clerical duties?",yes,"The principal will seek volunteers from the licensed staff for lunch time playground duty, lunchroom duty, before-and-after school bus duty, and before-and-after school student supervision.",14,high,
davis_school_district__davis_sd_2022_2023__fe1c4b6d,Davis_SD_2022-2023.pdf,class_size_limits_001,class size,"Does the document include class-size limits, caps, goals, or review procedures?",yes,"As far as possible, all classes on a grade level will be equalized in enrollment.",59,high,
davis_school_district__davis_sd_2022_2023__fe1c4b6d,Davis_SD_2022-2023.pdf,class_elementary_max_002,class size,What elementary class-size maximums or targets are stated?,Targets: classes will be 'equalized in enrollment' as far as possible; no specific numeric caps or targets are stated.,"As far as possible, all classes on a grade level will be equalized in enrollment.",59,high,
davis_school_district__davis_sd_2022_2023__fe1c4b6d,Davis_SD_2022-2023.pdf,class_secondary_max_003,class size,What middle or high school class-size maximums or targets are stated?,not_discussed,,not_discussed,high,
davis_school_district__davis_sd_2022_2023__fe1c4b6d,Davis_SD_2022-2023.pdf,class_overage_remedy_004,class size,Does the document provide remedies when class-size limits are exceeded?,not_discussed,,not_discussed,high,
davis_school_district__davis_sd_2022_2023__fe1c4b6d,Davis_SD_2022-2023.pdf,evaluation_procedure_001,evaluation,Does the document describe teacher evaluation procedures?,not_discussed,5.7. Professional Evaluation... 5.7.2. Evaluations of professional performance shall be conducted annually or more often... 5.7.3. Observations and post-observation discussions... 5.7.4. Summative evaluation conferences... 5.7.7. A teacher who is not satisfied with an evaluation has fifteen (15) days after receiving the written evaluation to request a review of the evaluation.,not_applicable,high,The cited Article 5.7 is entirely absent from the provided document. The text ends abruptly at Section 5.6.1 on page 47. No evaluation procedures are present in the available pages.
davis_school_district__davis_sd_2022_2023__fe1c4b6d,Davis_SD_2022-2023.pdf,evaluation_system_002,evaluation,"What evaluation system, framework, or model is named?",not_discussed,All observers must be certified in Evaluate Davis prior to any observation being used for an educator’s evaluation.,not_applicable,high,"The cited evidence references Section 5.7, which is missing from the provided document. The document cuts off before this section begins."
davis_school_district__davis_sd_2022_2023__fe1c4b6d,Davis_SD_2022-2023.pdf,evaluation_observation_count_003,evaluation,How many formal observations are required?,not_discussed,,not_applicable,high,No information on observation counts is present. The document is truncated before the evaluation section.
davis_school_district__davis_sd_2022_2023__fe1c4b6d,Davis_SD_2022-2023.pdf,evaluation_observation_duration_004,evaluation,Does the document specify observation duration or minimum length?,not_discussed,,not_applicable,high,No information on observation duration is present. The document is truncated before the evaluation section.
davis_school_district__davis_sd_2022_2023__fe1c4b6d,Davis_SD_2022-2023.pdf,evaluation_ratings_005,evaluation,What rating categories or performance levels are used?,not_discussed,First retention preference shall be given to employees whose performance was not rated as ineffective in any standard/indicator on their most recent evaluation report.,not_applicable,high,"The cited evidence references Section 5.7, which is missing from the provided document. The document cuts off before this section begins."
davis_school_district__davis_sd_2022_2023__fe1c4b6d,Davis_SD_2022-2023.pdf,evaluation_student_growth_006,evaluation,"Does the evaluation use student growth, test scores, value-added, or student outcomes?",not_discussed,,not_applicable,high,No information on student growth metrics is present. The document is truncated before the evaluation section.
davis_school_district__davis_sd_2022_2023__fe1c4b6d,Davis_SD_2022-2023.pdf,evaluation_improvement_plan_007,evaluation,"Does the document describe improvement plans, remediation plans, or professional support plans for low-rated teachers?",discussed_unclear,Reassignments shall not be imposed for the purpose of resolving performance problems that should be addressed through a formal Plan of Assistance.,42,high,"Updated from not_discussed to discussed_unclear. The document references a 'formal Plan of Assistance' for addressing performance problems, but does not elaborate on the contents or procedures of such plans."
davis_school_district__davis_sd_2022_2023__fe1c4b6d,Davis_SD_2022-2023.pdf,evaluation_consequences_008,evaluation,"Does the document state how evaluation results are used in decisions about tenure, layoff priority, transfers, or compensation?",yes,Employees must receive a satisfactory rating or above on their most recent evaluation to qualify per Utah Code §53F-2-405.,8,high,
davis_school_district__davis_sd_2022_2023__fe1c4b6d,Davis_SD_2022-2023.pdf,security_probation_001,job security,"Does the document define probationary, provisional, temporary, permanent, tenure, or continuing contract status?",not_discussed,,not_applicable,high,
davis_school_district__davis_sd_2022_2023__fe1c4b6d,Davis_SD_2022-2023.pdf,security_nonrenewal_002,job security,"Does the document state nonrenewal notice, hearing, or appeal rules?",not_discussed,,not_applicable,high,
davis_school_district__davis_sd_2022_2023__fe1c4b6d,Davis_SD_2022-2023.pdf,security_seniority_definition_003,seniority,Does the document define seniority?,not_discussed,,not_applicable,high,
davis_school_district__davis_sd_2022_2023__fe1c4b6d,Davis_SD_2022-2023.pdf,security_voluntary_transfer_004,transfers,"What are the voluntary transfer procedures, if any?","Teachers indicate desire via HR procedures and applications. Vacancies are announced for at least 5 working days (or 1–5 days if within 15 days of school year). Principals give equal consideration to qualified candidates, especially those with 10+ years at their current school. Transfers are discouraged after August 1 or during the school year but may be approved if beneficial. Non-provisional educators may exchange positions with principal approval. Principals may recommend transfers (not for performance issues).","Teachers within the District who desire to change from one school to another may indicate such desire by following procedures established by the Human Resources Department including application for specific postings of openings. All teacher openings shall be announced for at least five (5) working days prior to filling the opening... In evaluating transfer candidates, principals shall give equal consideration to those who have served ten (10) or more years at their present school.",44-45,high,
davis_school_district__davis_sd_2022_2023__fe1c4b6d,Davis_SD_2022-2023.pdf,security_involuntary_transfer_005,transfers,Does the document describe involuntary transfer or reassignment procedures?,"Yes. District reserves the right to transfer educators lacking appropriate certifications. Criteria for staffing needs apply sequentially: least seniority in the grade/subject area being eliminated (with specific calculations for part-time and job-share staff). Prep-time teachers are exempt unless their positions are eliminated. Educators may remain if a vacancy opens in their licensed area before placement. A conference with the principal must occur to explain reasons; further discussion/appeal goes to the Superintendent, whose decision is final. District cannot guarantee same assignment but makes reasonable efforts. Waivers possible for critical-need schools.","The District administration reserves the right to transfer to another school, educators who do not possess certifications or endorsements appropriate to the subject areas they are teaching. ... when an involuntary transfer is necessary... the following criteria shall be applied in sequential order... The teacher in the grade level or subject area where the position is being eliminated who has the least overall seniority in the District will be identified as the one for transfer. ... An involuntary transfer or reassignment will be made only after a conference between the teacher(s) involved and the principal(s) involved... Following such a conference, the decision of the Superintendent shall be final.",45-47,high,
davis_school_district__davis_sd_2022_2023__fe1c4b6d,Davis_SD_2022-2023.pdf,security_rif_006,layoffs,"What are the layoff, reduction in force, retrenchment, or staff reduction procedures, if any?","Triggers include decreasing enrollment, service discontinuance, revenue shortages, or consolidation. Involuntary transfer procedures apply first. District identifies affected staff by July 1 (or mid-year if needed). Association receives prior notice with reasons and impact. Retention preferences: 1) not rated ineffective, 2) no recent discipline, 3) appropriate license/endorsements, 4) career status, 5) committee review based on school needs. Affected staff must reapply for recall within 12 months; career employees are referred to schools. Early retirement incentives apply to those within 3 years of eligibility.","A reduction of staff may be necessary because of decreasing student enrollments in the District, discontinuance of a particular service, or unanticipated shortages of revenue... If a reduction in staff is necessary, the involuntary transfer procedures shall be applied first. As soon as possible but no later than July 1... the District shall begin identifying individuals subject to reduction in staff. The following retention criteria shall apply... (i) First retention preference shall be given to employees whose performance was not rated as ineffective... (ii) Second retention preference... no disciplinary action... (iii) Third retention preference... license and/or certifications... (iv) Fourth retention preference... accomplished career status. Employees affected by a necessary staff reduction must submit an employment application... Career employees that apply for re-employment within twelve (12) months... shall be referred to schools.",47-48,high,"Provided document text truncates at p.48, but Stage 1 evidence accurately captures Section 5.6.1. Verified consistency."
davis_school_district__davis_sd_2022_2023__fe1c4b6d,Davis_SD_2022-2023.pdf,security_recall_007,layoffs,Does the document provide recall or callback rights after layoff?,yes. Recall period: 12 months for career employees to apply. Order/notice/response deadline: Not specified. Benefit restoration: Salary placement per Salary Determinations Section.,Career employees that apply for re-employment within twelve (12) months of the necessary staff reduction shall be referred to schools for consideration for appropriate positions. The salary schedule placement of a rehired employee shall be according to provisions in the “Salary Determinations” Section.,48,high,
davis_school_district__davis_sd_2022_2023__fe1c4b6d,Davis_SD_2022-2023.pdf,security_rif_criterion_008,layoffs,What is the primary criterion for determining the order of layoff among teachers?,discussed_unclear,First retention preference shall be given to employees whose performance was not rated as ineffective in any standard/indicator on their most recent evaluation report.,47,low,"Revised to discussed_unclear. The quoted evidence only explicitly supports the performance evaluation criterion. The additional criteria listed in the original answer (no disciplinary action, appropriate license/endorsements, career status, committee determination) are not verified by the provided text or evidence."
davis_school_district__davis_sd_2022_2023__fe1c4b6d,Davis_SD_2022-2023.pdf,security_probation_length_009,job security,What is the probationary or provisional period before tenure or continuing status?,not_discussed,,not_applicable,high,
davis_school_district__davis_sd_2022_2023__fe1c4b6d,Davis_SD_2022-2023.pdf,security_tenure_rules_010,job security,"Does the document describe tenure, continuing contract, or permanent status rights?",not_discussed,,not_applicable,high,
davis_school_district__davis_sd_2022_2023__fe1c4b6d,Davis_SD_2022-2023.pdf,security_certification_011,job security,"Does the document state teacher certification, licensure, endorsement, or renewal requirements?",yes,"Educators are expected to be properly licensed and endorsed for the subject(s) for which they are assigned. However, no educator shall be required to become licensed or endorsed in a subject for which they are not assigned.",41,high,
davis_school_district__davis_sd_2022_2023__fe1c4b6d,Davis_SD_2022-2023.pdf,discipline_just_cause_001,discipline,"Does the document require just cause, proper cause, or cause for teacher discipline or dismissal?",not_discussed,,not_discussed,high,
davis_school_district__davis_sd_2022_2023__fe1c4b6d,Davis_SD_2022-2023.pdf,discipline_dismissal_002,discipline,"Does the document describe dismissal, termination, discharge, or contract cancellation procedures?",yes,"5.6. Contract Non-Renewal or Termination Due to Necessary Staff Reduction... A reduction of staff may be necessary because of decreasing student enrollments in the District, discontinuance of a particular service, or unanticipated shortages of revenue following budget adoption or school consolidation.",47,high,
davis_school_district__davis_sd_2022_2023__fe1c4b6d,Davis_SD_2022-2023.pdf,conduct_outside_employment_001,teacher rights and conduct,"Does the document restrict outside employment, tutoring, or conflicts of interest?",not_discussed,,not_applicable,high,
davis_school_district__davis_sd_2022_2023__fe1c4b6d,Davis_SD_2022-2023.pdf,conduct_ethics_002,teacher rights and conduct,"Does the document include a code of ethics, standards of conduct, or professional responsibility rules?",yes,11. Davis School District Employee Code of Ethics,1,high,"Updated from not_discussed to yes. The Table of Contents explicitly lists the Code of Ethics as Section 11, confirming its inclusion in the document."
davis_school_district__davis_sd_2022_2023__fe1c4b6d,Davis_SD_2022-2023.pdf,conduct_drug_alcohol_003,teacher rights and conduct,"Does the document include drug-free workplace, alcohol, or substance-abuse rules?",not_discussed,,not_applicable,high,
davis_school_district__davis_sd_2022_2023__fe1c4b6d,Davis_SD_2022-2023.pdf,conduct_social_media_005,teacher rights and conduct,Does the document regulate employee social media use?,not_discussed,,not_applicable,high,
davis_school_district__davis_sd_2022_2023__fe1c4b6d,Davis_SD_2022-2023.pdf,conduct_acceptable_use_006,teacher rights and conduct,"Does the document include acceptable-use, email, internet, or network technology rules for employees?",not_discussed,,not_applicable,high,
davis_school_district__davis_sd_2022_2023__fe1c4b6d,Davis_SD_2022-2023.pdf,conduct_academic_freedom_007,teacher rights and conduct,Does the document protect academic freedom or personal academic views?,not_discussed,,not_applicable,high,
davis_school_district__davis_sd_2022_2023__fe1c4b6d,Davis_SD_2022-2023.pdf,conduct_curriculum_autonomy_008,teacher rights and conduct,"Does the document address teacher discretion over curriculum, lesson content, methods, or instructional materials?",discussed_unclear,"The Board especially recognizes the value of teachers' participation in the following areas: (1) Evaluation, review, selection and development of curriculum materials.",55,medium,"Stage 1 evidence refers to teacher 'participation' in curriculum decision-making, not independent 'discretion' over curriculum, lesson content, methods, or materials. The passage describes shared decision-making/input rather than autonomous teacher discretion."
davis_school_district__davis_sd_2022_2023__fe1c4b6d,Davis_SD_2022-2023.pdf,conduct_lesson_plans_009,teacher rights and conduct,Does the document require lesson plans or specify lesson-plan submission rules?,yes,"Under normal circumstances, the teacher has the responsibility to provide the substitute with appropriate lesson plans, seating charts and classroom procedures.",59,high,
davis_school_district__davis_sd_2022_2023__fe1c4b6d,Davis_SD_2022-2023.pdf,conduct_political_activity_010,teacher rights and conduct,Does the document restrict or protect political activity by teachers?,discussed_unclear,Civil or political activities requiring temporary full-time involvement for one academic year.,34,medium,"Stage 1 evidence lists political activities as a permissible reason for an unpaid academic year leave, but does not explicitly restrict or protect political activity by teachers in general (e.g., off-duty conduct or free speech). The passage is tangentially related to the question."
davis_school_district__davis_sd_2022_2023__fe1c4b6d,Davis_SD_2022-2023.pdf,conduct_non_duty_hours_011,teacher rights and conduct,Does the document protect teachers' personal affairs or conduct during non-duty hours?,not_discussed,,not_applicable,high,
davis_school_district__davis_sd_2022_2023__fe1c4b6d,Davis_SD_2022-2023.pdf,safety_health_committee_001,safety and working conditions,Does the document include health and safety provisions or a safety committee?,yes,"The District will take affirmative steps to provide a safe and secure working environment for all educators. In compliance with School Board policy regarding safety, safe schools, and emergency preparedness, each school will develop individual plans that include procedures for inappropriate school disruptions by students and/or adults.",61,high,
davis_school_district__davis_sd_2022_2023__fe1c4b6d,Davis_SD_2022-2023.pdf,safety_assault_protection_002,safety and working conditions,Does the document provide teacher assault protections or procedures after assault?,yes,6.13 Employee Assaults... 6.13.4 Reimbursement of Expenses... The Board shall consider request for reimbursement of expenses incurred from personal property loss or medical or other services necessary as a result of an assault upon the educator’s person... Reimbursement may include full salary if approved.,62,high,
davis_school_district__davis_sd_2022_2023__fe1c4b6d,Davis_SD_2022-2023.pdf,safety_student_discipline_003,safety and working conditions,Does the document describe student discipline or behavior-management procedures affecting teachers?,yes,6.14 Student Discipline Procedures Schools shall develop school-wide discipline plans that provide for the removal of students exhibiting persistent or dangerous behaviors that disrupt the learning of other students in the classroom.,63,high,
davis_school_district__davis_sd_2022_2023__fe1c4b6d,Davis_SD_2022-2023.pdf,safety_remove_student_004,safety and working conditions,Does the document state a teacher's authority to remove a student from class?,not_discussed,,not_applicable,high,
davis_school_district__davis_sd_2022_2023__fe1c4b6d,Davis_SD_2022-2023.pdf,safety_emergency_closure_005,safety and working conditions,"Does the document address emergency, lockdown, inclement weather, or school closure procedures for staff?",yes,"When schools are closed for emergency situations, educators need not report to work that day... When a late start for students is announced, educators are expected to report to work as soon as safety allows but no later than thirty (30) minutes before the scheduled student arrival time without adjustment to compensation.",64,high,
davis_school_district__davis_sd_2022_2023__fe1c4b6d,Davis_SD_2022-2023.pdf,safety_environment_006,safety and working conditions,"Does the document address physical working conditions such as temperature, ventilation, air quality, cleanliness, acoustics, or construction disruption?",yes,"the space must have adequate light, ventilation, heat, electrical connections and furniture. Any educator who feels that the space to which he/she has been assigned is not adequate and that such inadequacy will impact his/her ability to work effectively with students shall be entitled to a review of that workspace. Such review will be conducted by a team containing one representative designated by the superintendent and one representative designated by the Association.",61,high,
davis_school_district__davis_sd_2022_2023__fe1c4b6d,Davis_SD_2022-2023.pdf,safety_security_measures_007,safety and working conditions,"Does the document mention security staff, building access, visitor controls, cameras, or personal security measures?",not_discussed,,not_applicable,high,"The provided document excerpt ends on page 47, prior to the 'Workplace Conditions' section (page 54 per TOC). No mentions of security staff, building access, visitor controls, cameras, or weapons are found in the text. Stage 1 answer is correct."
davis_school_district__davis_sd_2022_2023__fe1c4b6d,Davis_SD_2022-2023.pdf,safety_weapons_008,safety and working conditions,Does the document state employee obligations or restrictions related to weapons on school property?,not_discussed,,not_applicable,high,No provisions regarding employee obligations or restrictions related to weapons are present in the provided excerpt. Stage 1 answer is correct.
davis_school_district__davis_sd_2022_2023__fe1c4b6d,Davis_SD_2022-2023.pdf,pd_new_teacher_mentoring_001,professional development,"Does the document provide mentoring, induction, orientation, or support for new teachers?",yes,"During the first three (3) years of a teacher's experience in the education profession, it is important to provide additional administrative support and limit extra-duty assignments.",59,high,
davis_school_district__davis_sd_2022_2023__fe1c4b6d,Davis_SD_2022-2023.pdf,pd_teacher_leadership_002,professional development,"Does the document create teacher leadership roles, instructional coaches, councils, or committees tied to professional practice?",yes,The Board has established in each school a Joint Staff School Committee to provide effective involvement of teachers. ... Each school shall receive base funding for Instructional Improvement Leaders (IIL)... The JSSC will determine who will receive a stipend and the amount of each stipend.,55,high,
davis_school_district__davis_sd_2022_2023__fe1c4b6d,Davis_SD_2022-2023.pdf,pd_career_ladder_003,professional development,"Does the document include a career ladder, teacher advancement pathway, or differentiated career roles?",not_discussed,,not_applicable,high,
buffalo_school_district__buffalo_contract_1999__a5d6c1d1,Buffalo_contract_1999.pdf,meta_doc_type_001,document metadata,What type of district document is this PDF?,CBA,MASTER CONTRACT ... it is hereby agreed as follows:,"1, 15",high,
buffalo_school_district__buffalo_contract_1999__a5d6c1d1,Buffalo_contract_1999.pdf,meta_effective_dates_002,document metadata,What school years or effective dates does the document cover?,"July 1, 1999 (amended October 19, 2000)","MASTER CONTRACT JULY 1, 1999; entered into this 19th day of October, 2000, as amended","1, 15",high,
buffalo_school_district__buffalo_contract_1999__a5d6c1d1,Buffalo_contract_1999.pdf,meta_bargaining_unit_003,document metadata,Which employee group or bargaining unit is covered?,"Teachers, including department chairpersons, classroom teachers, guidance counselors, school social workers, attendance teachers, school psychologists, reading teachers, ESEA teachers, librarians, speech therapists, helping teachers, administrative assistants, teachers-in-charge, reading specialists, day school Adult Learning teachers, J.R.O.T.C. teachers, and others paid on the teacher's salary schedule.","The Board hereby recognizes the Federation as the exclusive representative of all department chairpersons, classroom teachers, guidance counselors, school social workers, attendance teachers, school psychologists, reading teachers, ESEA teachers, librarians, speech therapists, helping teachers, administrative assistants, teachers-in-charge, reading specialists, day school Adult Learning teachers, J.R.O.T.C. teachers and any other teachers paid on the teacher's salary schedule.",15,high,
buffalo_school_district__buffalo_contract_1999__a5d6c1d1,Buffalo_contract_1999.pdf,meta_document_scope_004,document metadata,"Does the document state that it is binding, advisory, summary-only, or not a contract?",Binding agreement,MASTER CONTRACT ... it is hereby agreed as follows:,"1, 15",high,
buffalo_school_district__buffalo_contract_1999__a5d6c1d1,Buffalo_contract_1999.pdf,meta_text_usability_005,document metadata,Is the PDF text extractable enough for reliable coding?,usable,,N/A,high,
buffalo_school_district__buffalo_contract_1999__a5d6c1d1,Buffalo_contract_1999.pdf,meta_cites_state_law_006,document metadata,"Does the document cite any state laws, statutes, or administrative codes?",yes,"the Federation, as the exclusive representative of the teaching personnel of the Board, has all the rights and privileges granted to it by the Taylor Law; ... submit the unresolved issues to the Public Employment Relations Board requesting that Board to render assistance as provided in Section 209 of the Civil Service Law.","15, 18",high,
buffalo_school_district__buffalo_contract_1999__a5d6c1d1,Buffalo_contract_1999.pdf,meta_state_law_citations_007,document metadata,Quote all sentences citing state laws or statutes.,"WHEREAS, the Federation, as the exclusive representative of the teaching personnel of the Board, has all the rights and privileges granted to it by the Taylor Law;

If the parties fail to reach agreement by March 1, thereafter, either party may declare that an impasse has been reached and submit the unresolved issues to the Public Employment Relations Board requesting that Board to render assistance as provided in Section 209 of the Civil Service Law.

Nothing herein contained shall be deemed to prevent the Board from taking proceedings to dismiss a teacher under Section 2573 of the Education Law,

In addition, pursuant to Section 208 of the Civil Service Law, the Federation shall have unchallenged representation status until seven months prior to the termination date of this contract.

Under the provisions of the New York Education Law, Sec. 3019a, any regularly assigned teacher who desires to terminate employment shall file a written notice of termination with the Superintendent at least thirty (30) days prior to the date of such termination of services.","WHEREAS, the Federation, as the exclusive representative of the teaching personnel of the Board, has all the rights and privileges granted to it by the Taylor Law;

If the parties fail to reach agreement by March 1, thereafter, either party may declare that an impasse has been reached and submit the unresolved issues to the Public Employment Relations Board requesting that Board to render assistance as provided in Section 209 of the Civil Service Law.

Nothing herein contained shall be deemed to prevent the Board from taking proceedings to dismiss a teacher under Section 2573 of the Education Law,

In addition, pursuant to Section 208 of the Civil Service Law, the Federation shall have unchallenged representation status until seven months prior to the termination date of this contract.

Under the provisions of the New York Education Law, Sec. 3019a, any regularly assigned teacher who desires to terminate employment shall file a written notice of termination with the Superintendent at least thirty (30) days prior to the date of such termination of services.","15, 17, 22, 23, 41",high,"Updated answer and evidence to include all state law citations found in the document. Stage 1 omitted citations to the Education Law (Sec. 2573, Sec. 3019a) and Civil Service Law (Sec. 208) found on pages 22, 23, and 41."
buffalo_school_district__buffalo_contract_1999__a5d6c1d1,Buffalo_contract_1999.pdf,meta_cites_federal_law_008,document metadata,"Quote all sentences citing federal laws, statutes, or regulations.",The Section 125 plan developed by the parties in accordance with the Internal Revenue Service Code (Section 125) shall be incorporated through this reference into this contractual agreement between the parties.,The Section 125 plan developed by the parties in accordance with the Internal Revenue Service Code (Section 125) shall be incorporated through this reference into this contractual agreement between the parties.,92,high,
buffalo_school_district__buffalo_contract_1999__a5d6c1d1,Buffalo_contract_1999.pdf,meta_federal_law_citations_009,document metadata,Which federal laws or statutes are cited?,Internal Revenue Service Code (Section 125),The Section 125 plan developed by the parties in accordance with the Internal Revenue Service Code (Section 125) shall be incorporated through this reference into this contractual agreement between the parties.,92,high,
buffalo_school_district__buffalo_contract_1999__a5d6c1d1,Buffalo_contract_1999.pdf,pay_salary_schedule_001,compensation,Does the document include a teacher salary schedule or salary scale?,yes,The salaries of teachers employed in pre-kindergarten through twelfth grade and the rules governing the placement of such teachers are set forth below.,58,high,
buffalo_school_district__buffalo_contract_1999__a5d6c1d1,Buffalo_contract_1999.pdf,pay_salary_schedule_002,compensation,What year or years does the salary schedule cover?,"July 1, 1999 through January/July 2004","Effective July 1, 1999 See Appendix A ... Effective January * 2004 See Appendix I",58,high,
buffalo_school_district__buffalo_contract_1999__a5d6c1d1,Buffalo_contract_1999.pdf,pay_step_increment_003,compensation,Does the document explain annual step advancement or salary increments?,yes,"Prescribed increments shall be effective July 1 of each year. Career increments shall be granted at the 15th, 17th, 19th, 21st, 23rd, 25th, 26th, 27th and 28th year of credited service.",68-69,high,
buffalo_school_district__buffalo_contract_1999__a5d6c1d1,Buffalo_contract_1999.pdf,pay_prior_experience_005,compensation,Does the document state how prior teaching experience is credited for salary placement?,yes,Teachers with appropriate public or private school teaching experience shall be placed on the appropriate salary step based on successful years of such experience. Military service credit is capped at two years; vocational trade experience at five years.,68-69,high,
buffalo_school_district__buffalo_contract_1999__a5d6c1d1,Buffalo_contract_1999.pdf,pay_performance_pay_006,compensation,"Does the document include performance pay, merit pay, or evaluation-based compensation?",no,,not_applicable,high,
buffalo_school_district__buffalo_contract_1999__a5d6c1d1,Buffalo_contract_1999.pdf,pay_performance_pay_007,compensation,How are teachers evaluated for purposes of performance-based pay eligibility?,not_discussed,,not_applicable,high,
buffalo_school_district__buffalo_contract_1999__a5d6c1d1,Buffalo_contract_1999.pdf,pay_cost_of_living_007,compensation,Does the document specify across-the-board raises or COLA percentages?,not_discussed,Effective 7/1/99 2% 1.50% 2% 1.50% 2%,60,low,"Cited evidence references page 60, which is not included in the provided document excerpt. No supporting text regarding COLA or across-the-board raises was found in the available pages."
buffalo_school_district__buffalo_contract_1999__a5d6c1d1,Buffalo_contract_1999.pdf,pay_extra_duty_schedule_008,compensation,Does the document include an extra-duty or supplemental pay schedule?,not_discussed,Public School Athletic League Coaches; Intramural Physical Education Activities; Other Extra-Curricular Activities,61-65,low,"Cited evidence references pages 61-65, which are not included in the provided document excerpt. No supporting text regarding extra-duty or supplemental pay schedules was found in the available pages."
buffalo_school_district__buffalo_contract_1999__a5d6c1d1,Buffalo_contract_1999.pdf,pay_hardtostaff_sped_009,compensation,"Does the document provide additional pay, stipends, or salary differentials for special education teachers?",not_discussed,,not_discussed,high,
buffalo_school_district__buffalo_contract_1999__a5d6c1d1,Buffalo_contract_1999.pdf,pay_hardtostaff_stem_010,compensation,"Does the document provide additional pay, stipends, or salary differentials for teachers in STEM subjects?",not_discussed,,not_discussed,high,
buffalo_school_district__buffalo_contract_1999__a5d6c1d1,Buffalo_contract_1999.pdf,pay_hardtostaff_other_011,compensation,"Does the document provide additional pay, stipends, or salary differentials for teachers in high-need subjects or schools other than special education or STEM?",not_discussed,,not_discussed,high,
buffalo_school_district__buffalo_contract_1999__a5d6c1d1,Buffalo_contract_1999.pdf,pay_hardtostaff_schools_012,compensation,"Does the document provide incentives specifically for teaching in hard-to-staff, high-need, Title I, or priority schools, regardless of subject?",not_discussed,,not_discussed,high,
buffalo_school_district__buffalo_contract_1999__a5d6c1d1,Buffalo_contract_1999.pdf,pay_experience_credit_indistrict_013,compensation,Does the document specify how prior in-district teaching experience is credited for initial salary placement?,not_discussed,,not_applicable,high,
buffalo_school_district__buffalo_contract_1999__a5d6c1d1,Buffalo_contract_1999.pdf,pay_experience_credit_outofdistrict_014,compensation,Does the document specify how out-of-district but in-state teaching experience is credited for salary placement?,not_discussed,,not_applicable,high,
buffalo_school_district__buffalo_contract_1999__a5d6c1d1,Buffalo_contract_1999.pdf,pay_experience_credit_outofstate_015,compensation,Does the document specify how out-of-state teaching experience is credited for salary placement?,not_discussed,,not_applicable,high,
buffalo_school_district__buffalo_contract_1999__a5d6c1d1,Buffalo_contract_1999.pdf,pay_experience_credit_military_public_016,compensation,Does the document credit military service or other public service for salary placement?,yes,"Appropriate experience with the Peace Corps, VISTA, State Department of Education, military service dependents schools, and comparable experience shall be considered for placement on the appropriate salary step. Satisfactory military service for salary credit may be granted up to a maximum of two (2) years.",69,high,
buffalo_school_district__buffalo_contract_1999__a5d6c1d1,Buffalo_contract_1999.pdf,pay_national_board_017,compensation,Does the document provide extra pay for National Board certification or similar advanced certification?,not_discussed,,not_applicable,high,
buffalo_school_district__buffalo_contract_1999__a5d6c1d1,Buffalo_contract_1999.pdf,benefits_health_001,benefits,Does the document state that health or medical insurance is available to teachers?,"yes. Plan: Blue Cross/Blue Shield indemnity plan and HMOs (Independent Health/Encompass/Gold Plan, Community Blue I, Health Care Plan-Choice Care or Univera-Choice Care). Eligible employee group: All teachers and employees covered under the agreement.","The District will provide and pay 100% of the cost of indemnity health insurance coverage with Blue Cross/Blue Shield Plan of Western New York serving as the Third Party Administrator. Employees covered under this agreement will have the option of participating in one of the three Health Maintenance Organizations, Independent Health (Encompass/Gold Plan), Community Blue I or Health Care Plan-Choice Care. Teachers may enroll in either the family plan coverage or the individual plan coverage.",75,high,
buffalo_school_district__buffalo_contract_1999__a5d6c1d1,Buffalo_contract_1999.pdf,benefits_health_contribution_002,benefits,What employer contribution toward health insurance is stated?,100% of the cost,The District will provide and pay 100% of the cost of indemnity health insurance coverage,75,high,
buffalo_school_district__buffalo_contract_1999__a5d6c1d1,Buffalo_contract_1999.pdf,benefits_health_employee_premium_003,benefits,What employee health insurance premium or contribution is stated?,Active teachers: $0 (District pays 100%). Part-time teachers: pro-rata premium. Retirees: $330 annual single / $660 annual family (effective 7/1/2001).,"The District will provide and pay 100% of the cost... Part-time teachers shall enjoy the same coverage so long as they continue pro-rata premium payment to the Board... Effective July 1, 2001... retirees will be required to contribute... $330 Annual Single / $660 Annual Family",75,high,
buffalo_school_district__buffalo_contract_1999__a5d6c1d1,Buffalo_contract_1999.pdf,benefits_dependent_health_004,benefits,"Does the document mention dependent, spouse, family, or domestic partner health coverage?",discussed,Teachers may enroll in either the family plan coverage or the individual plan coverage.,75,high,"Updated from not_discussed to discussed. The evidence for benefits_health_001 explicitly states that teachers may enroll in 'family plan coverage,' directly addressing dependent/family health coverage."
buffalo_school_district__buffalo_contract_1999__a5d6c1d1,Buffalo_contract_1999.pdf,benefits_health_plan_type_005,benefits,What health plan types are described?,"Indemnity plan (Blue Cross/Blue Shield) and HMOs (Independent Health/Encompass/Gold Plan, Community Blue I, Health Care Plan-Choice Care or Univera-Choice Care)","indemnity health insurance coverage with Blue Cross/Blue Shield Plan of Western New York... option of participating in one of the three Health Maintenance Organizations, Independent Health (Encompass/Gold Plan), Community Blue I or Health Care Plan-Choice Care.",75,high,
buffalo_school_district__buffalo_contract_1999__a5d6c1d1,Buffalo_contract_1999.pdf,benefits_dental_006,benefits,Does the document state that dental insurance is available?,not_discussed,,not_applicable,high,"The provided document excerpt ends at page 50. According to the table of contents, Employee Benefits (Article XXVI) begins on page 60. Dental coverage is not present in the provided text."
buffalo_school_district__buffalo_contract_1999__a5d6c1d1,Buffalo_contract_1999.pdf,benefits_vision_007,benefits,Does the document state that vision or optical insurance is available?,not_discussed,,not_discussed,high,
buffalo_school_district__buffalo_contract_1999__a5d6c1d1,Buffalo_contract_1999.pdf,benefits_life_008,benefits,Does the document provide district-paid or voluntary life insurance?,yes,"The Board will pay the full cost of the annual premium for life insurance under the plan in effect for 1969-70 for all employees. Teachers shall have the option of purchasing extra insurance benefits, when available, through personal premium payments made through payroll deductions.",79,high,
buffalo_school_district__buffalo_contract_1999__a5d6c1d1,Buffalo_contract_1999.pdf,benefits_disability_009,benefits,Does the document mention short-term or long-term disability coverage?,not_discussed,,not_discussed,high,
buffalo_school_district__buffalo_contract_1999__a5d6c1d1,Buffalo_contract_1999.pdf,benefits_retirement_contribution_010,benefits,What employer retirement or pension contribution is stated?,not_discussed,,not_discussed,high,
buffalo_school_district__buffalo_contract_1999__a5d6c1d1,Buffalo_contract_1999.pdf,benefits_leave_continuation_011,benefits,Does the document state whether insurance benefits continue during paid or unpaid leave?,yes,"Full-time teachers who are absent on account of illness and who have exhausted their accumulated sick leave shall continue to receive full health and hospitalization coverage... Teachers on approved leaves of absence without pay, other than sick leave, shall have the option to continue to receive full health and hospitalization coverage... upon quarterly reimbursement to the Board at the group plan rate.",77,high,
buffalo_school_district__buffalo_contract_1999__a5d6c1d1,Buffalo_contract_1999.pdf,benefits_retiree_012,benefits,"Does the document provide retiree health, dental, life, or other post-employment benefits?",yes,"Effective July 1, 1989, the District will pay the full cost of medical and hospital coverage... for teachers with 15 years of service who leave employment with the District through retirement. Effective July 1, 1997 those teachers... will be responsible for contributing $320 per year for family coverage and $140 per year for single coverage... Effective July 1, 2001... single coverage $330... family coverage $660...",78,high,
buffalo_school_district__buffalo_contract_1999__a5d6c1d1,Buffalo_contract_1999.pdf,leave_sick_days_001,leave,How many paid sick leave days are granted per year?,12,"For personnel employed on a ten month schedule, twelve (12) days per school year with full pay shall be provided.",92,high,
buffalo_school_district__buffalo_contract_1999__a5d6c1d1,Buffalo_contract_1999.pdf,leave_sick_accrual_002,leave,"Does sick leave accumulate or carry over, and what cap is stated?",Accumulates up to 220 days,The total unused portion of the annual sick days allowance shall be permitted to accumulate up to two hundred twenty (220) days subject to the extensions provided for below.,92,high,
buffalo_school_district__buffalo_contract_1999__a5d6c1d1,Buffalo_contract_1999.pdf,leave_sick_family_003,leave,May teachers use sick leave for family illness or family care?,yes,The utilization of sick time allowance for illness in the immediate family is authorized provided that the use of sick time allowance for this purpose shall in no case exceed ten (10) days.,92,high,
buffalo_school_district__buffalo_contract_1999__a5d6c1d1,Buffalo_contract_1999.pdf,leave_personal_days_004,leave,How many paid personal leave days are granted per year?,5,All full-time teachers shall be entitled to take up to five (5) days of paid personal leave annually,94,high,
buffalo_school_district__buffalo_contract_1999__a5d6c1d1,Buffalo_contract_1999.pdf,leave_personal_restrictions_005,leave,What restrictions apply to personal leave use?,Not allowed on day before/after holiday without approval & reason; requires 48 hrs notice when possible; unused days add to sick leave on July 1.,"Personal leave may not be taken on the day before or the day after a holiday unless a request, specifying the reason, is made and approved. Whenever possible, advance notice of forty-eight (48) hours shall be given before the use of a personal day. Personal leave days remaining unused at the end of the fiscal year shall be added to the teacher's sick leave accumulation on July 1st.",94,high,
buffalo_school_district__buffalo_contract_1999__a5d6c1d1,Buffalo_contract_1999.pdf,leave_personal_conversion_006,leave,"Does unused personal leave convert to sick leave, cash, or another benefit?",yes,Personal leave days remaining unused at the end of the fiscal year shall be added to the teacher's sick leave accumulation on July 1st.,94,high,
buffalo_school_district__buffalo_contract_1999__a5d6c1d1,Buffalo_contract_1999.pdf,leave_bereavement_days_007,leave,How many bereavement leave days are available?,5 working days at full pay for immediate family; 2 days at full pay per school year for others,"D. Death in the Immediate Family ... not to exceed five (5) working days, at full pay... Funeral of Friend or Relative — Other than the immediate family, with the approval of the Superintendent or a designee, not to exceed two (2) days at full pay for each school year","95, 99",high,
buffalo_school_district__buffalo_contract_1999__a5d6c1d1,Buffalo_contract_1999.pdf,leave_bereavement_relatives_008,leave,Which relatives or household members are covered by bereavement leave?,"parent, child, brother, sister, grandparent, husband, wife, parent of husband or wife, or any relative permanently residing in the personal household","F. For the purposes of administering provisions pertaining to leaves of absence, the term ""immediate family"" shall include a parent, child, brother, sister, grandparent, husband, wife, parent of husband or wife, or any relative permanently residing in the personal household in which the employee resides.",17,high,"Updated from not_discussed. Article III, Section F explicitly defines immediate family for all leaves of absence."
buffalo_school_district__buffalo_contract_1999__a5d6c1d1,Buffalo_contract_1999.pdf,leave_parental_paid_009,leave,"Does the document provide paid parental, bonding, maternity, paternity, or adoption leave beyond accrued sick leave?",no,,not_applicable,high,
buffalo_school_district__buffalo_contract_1999__a5d6c1d1,Buffalo_contract_1999.pdf,leave_pregnancy_disability_010,leave,"Does the document address pregnancy, childbirth, or temporary disability leave?",yes,D. Maternity Leave — An employee who becomes pregnant may upon or before exhaustion of sick leave apply for and be granted a maternity leave without pay.,97,high,
buffalo_school_district__buffalo_contract_1999__a5d6c1d1,Buffalo_contract_1999.pdf,leave_adoption_childcare_011,leave,"Does the document provide adoption, child care, or bonding leave?",yes,E. Child Care Leave — An employee may apply for and shall be granted a leave without pay for the purpose of remaining at home to care for a child. ... F. Adopted Child — A leave of absence without pay may be granted to care for an adopted child...,97,high,
buffalo_school_district__buffalo_contract_1999__a5d6c1d1,Buffalo_contract_1999.pdf,leave_fmla_012,leave,Does the document discuss Family and Medical Leave Act rights or equivalent family medical leave?,no,,not_applicable,high,
buffalo_school_district__buffalo_contract_1999__a5d6c1d1,Buffalo_contract_1999.pdf,leave_absence_reporting_013,leave,Does the document specify absence reporting or substitute-request procedures for teachers?,yes,Teachers notify the school or Personnel Office that they will be unable to report because of illness... It is expected that a teacher will notify the principal of the circumstances as soon as feasible.,"94, 100",high,Cited pages 94-100 fall outside the provided document excerpt (document ends at page 50). Answer preserved as 'yes' as the quoted evidence explicitly details the absence reporting procedure for teachers.
buffalo_school_district__buffalo_contract_1999__a5d6c1d1,Buffalo_contract_1999.pdf,workload_work_year_days_001,workload,How many teacher work days or duty days are required in the regular work year?,186,The teacher's school year shall consist of a maximum of 42 consecutive calendar weeks commencing no earlier than Labor Day with a maximum of 186 days therein on which teacher attendance is required.,29,high,
buffalo_school_district__buffalo_contract_1999__a5d6c1d1,Buffalo_contract_1999.pdf,workload_workday_length_002,workload,What is the required length of the teacher workday?,6 hours 50 minutes (7:50 a.m. to 3:40 p.m.),The hours of service for teachers shall not exceed (6) hours and fifty (50) minutes for each school day beginning no earlier than 7:50 a.m. and ending no later than 3:40 p.m.,28,high,
buffalo_school_district__buffalo_contract_1999__a5d6c1d1,Buffalo_contract_1999.pdf,workload_prep_guarantee_003,workload,Does the document guarantee teacher planning or preparation time?,yes,"The term ""preparation period"" shall refer to a duty free, unassigned period to be used for professional purposes.",18,high,
buffalo_school_district__buffalo_contract_1999__a5d6c1d1,Buffalo_contract_1999.pdf,workload_prep_minutes_004,workload,How much planning or preparation time is guaranteed?,Secondary (7-12): 5 periods/week (≥1/day); Voc/Tech/Comp HS: 1/day; Art/Music/FL/PE: 1/day; Elementary: ≥30 mins/day,"at least five (5) unassigned preparation periods (at least one per school day)... The remaining period shall be an unassigned preparation period. Teachers of vocational and technical subjects shall be assured one (1) unassigned preparation period per day... Each such teacher shall have one (1) unassigned preparation period per day... All elementary school teachers including specialists and itinerant teachers, shall be provided with a minimum of a 30-minute preparation period on each day",31-32,high,"Updated evidence to explicitly cover all categories (secondary, vocational, special area, elementary) to fully support the detailed coded answer."
buffalo_school_district__buffalo_contract_1999__a5d6c1d1,Buffalo_contract_1999.pdf,workload_prep_protected_005,workload,"Does the document restrict use of planning time for meetings, coverage, or other duties?",yes,"The term ""preparation period"" shall refer to a duty free, unassigned period to be used for professional purposes.",18,high,
buffalo_school_district__buffalo_contract_1999__a5d6c1d1,Buffalo_contract_1999.pdf,workload_lunch_duty_free_006,workload,Does the document guarantee a duty-free lunch?,yes,"In any event, there shall be no infringement on the one-half hour duty-free lunch period.",28,high,
buffalo_school_district__buffalo_contract_1999__a5d6c1d1,Buffalo_contract_1999.pdf,workload_lunch_minutes_007,workload,How many minutes is the lunch period?,30,"In any event, there shall be no infringement on the one-half hour duty-free lunch period.",28,high,
buffalo_school_district__buffalo_contract_1999__a5d6c1d1,Buffalo_contract_1999.pdf,workload_meetings_limits_008,workload,"Does the document limit required faculty, staff, department, or PLC meetings?",discussed_unclear,"Faculty meetings shall be limited to ten (10) in number and shall, except in emergencies,",53,low,"Stage 1 evidence is not present in the provided document excerpt. The text cuts off before the relevant article, so the claim cannot be verified."
buffalo_school_district__buffalo_contract_1999__a5d6c1d1,Buffalo_contract_1999.pdf,workload_nonteaching_duties_009,workload,"Does the document describe non-teaching duties such as supervision, lunch duty, bus duty, hall duty, or clerical duties?",yes,"It is recognized that the time of teachers should be utilized for professional teaching activity and that non-teaching duties shall be eliminated whenever possible. ... (d) supervision of hallways, restrooms, lunchrooms and children while they are waiting for their bus.",33,high,
buffalo_school_district__buffalo_contract_1999__a5d6c1d1,Buffalo_contract_1999.pdf,class_size_limits_001,class size,"Does the document include class-size limits, caps, goals, or review procedures?",yes,Regular class sizes shall not exceed the maximum overload except in emergency situations and such situations shall be discussed with the appropriate Building Committee. The maximum listed in C below may be exceeded only when limitations of space preclude the assignment of additional teachers to reduce class size below the maximum as listed below.,29,high,
buffalo_school_district__buffalo_contract_1999__a5d6c1d1,Buffalo_contract_1999.pdf,class_elementary_max_002,class size,What elementary class-size maximums or targets are stated?,Kindergarten: Max 30 (Std 25); Primary Grades: Max 30 (Std 27); Fourth-Sixth Grades: Max 32 (Std 27); Mentally Retarded: Max 15 (Std 15),Kindergarten Standard 25 / Maximum 30; Primary Grades Standard 27 / Maximum 30; Fourth - Sixth Grades Standard 27 / Maximum 32; Mentally Retarded (Educable) Standard 15 / Maximum 15,29,high,
buffalo_school_district__buffalo_contract_1999__a5d6c1d1,Buffalo_contract_1999.pdf,class_secondary_max_003,class size,What middle or high school class-size maximums or targets are stated?,Honors/Regents English: Max 135 (Std 125); Honors/Regents Other: Max 150 (Std 135); Basic English: Max 120 (Std 100); Basic Others: Max 135 (Std 125); Mentally Retarded: Max 18 (Std 18); Vocational Trades/Industrial Arts: Max 24 (Std 20); Home Ec Food/Clothing: Max 22 (Std 20); Home Ec Others: Max 30 (Std 25); Typing: Max 35 (Std 30); Drafting: Max 30 (Std 25); Music Theory: Max 35 (Std 25); Art: Max 30 (Std 25); Physical Education: Std 40; Swimming: Max 35,"Honors and Regents English 125 / 135; Honors and Regents — Other 135 / 150; Basic English 100 / 120; Basic — Others 125 / 135; Classes for the Mentally Retarded 18 / 18; Vocational Trades 20 / 24; Industrial Arts 20 / 24; Home Economics — Food, Clothing 20 / 22; Home Economics — Others 25 / 30; Typing 30 / 35; Drafting 25 / 30; Music — Theory Classes Only 25 / 35; Art 25 / 30; Physical Education 40 / [blank]; Swimming Classes [blank] / 35",30,high,Replaced meta-description with direct table quotes for explicit evidence.
buffalo_school_district__buffalo_contract_1999__a5d6c1d1,Buffalo_contract_1999.pdf,class_overage_remedy_004,class size,Does the document provide remedies when class-size limits are exceeded?,no,,not_applicable,high,
buffalo_school_district__buffalo_contract_1999__a5d6c1d1,Buffalo_contract_1999.pdf,evaluation_procedure_001,evaluation,Does the document describe teacher evaluation procedures?,"yes - Article XIII, reference only (development of instrument/procedure referred to Professional Council)","ARTICLE XIII Teacher Evaluation... A. The evaluation of the work of all teachers is the responsibility of the Board; but the development of an appropriate and fair instrument and procedure for evaluation is a proper concern of the teaching staff. To this end, such development shall be referred to the Professional Council as provided in Article XX.",43,high,
buffalo_school_district__buffalo_contract_1999__a5d6c1d1,Buffalo_contract_1999.pdf,evaluation_system_002,evaluation,"What evaluation system, framework, or model is named?",not_discussed,,not_applicable,high,
buffalo_school_district__buffalo_contract_1999__a5d6c1d1,Buffalo_contract_1999.pdf,evaluation_observation_count_003,evaluation,How many formal observations are required?,not_discussed,,not_applicable,high,
buffalo_school_district__buffalo_contract_1999__a5d6c1d1,Buffalo_contract_1999.pdf,evaluation_observation_duration_004,evaluation,Does the document specify observation duration or minimum length?,not_discussed,,not_applicable,high,
buffalo_school_district__buffalo_contract_1999__a5d6c1d1,Buffalo_contract_1999.pdf,evaluation_ratings_005,evaluation,What rating categories or performance levels are used?,not_discussed,,not_applicable,high,
buffalo_school_district__buffalo_contract_1999__a5d6c1d1,Buffalo_contract_1999.pdf,evaluation_student_growth_006,evaluation,"Does the evaluation use student growth, test scores, value-added, or student outcomes?",not_discussed,,not_applicable,high,
buffalo_school_district__buffalo_contract_1999__a5d6c1d1,Buffalo_contract_1999.pdf,evaluation_improvement_plan_007,evaluation,"Does the document describe improvement plans, remediation plans, or professional support plans for low-rated teachers?",no,counsel in private discussion with the teacher regarding possible areas needing improvement. Such discussion should take place within one week of the evaluation,43,high,
buffalo_school_district__buffalo_contract_1999__a5d6c1d1,Buffalo_contract_1999.pdf,evaluation_consequences_008,evaluation,"Does the document state how evaluation results are used in decisions about tenure, layoff priority, transfers, or compensation?",no,,not_applicable,high,
buffalo_school_district__buffalo_contract_1999__a5d6c1d1,Buffalo_contract_1999.pdf,security_probation_001,job security,"Does the document define probationary, provisional, temporary, permanent, tenure, or continuing contract status?",no,"The document references 'temporary teachers,' 'probationary teacher,' and 'non-tenure teacher' but provides no explicit definitions for these statuses.","38, 42",high,Adjusted confidence to high. The absence of explicit definitions for these specific employment statuses is clear across the contract.
buffalo_school_district__buffalo_contract_1999__a5d6c1d1,Buffalo_contract_1999.pdf,security_nonrenewal_002,job security,"Does the document state nonrenewal notice, hearing, or appeal rules?",no,"The document only notes 'Sixty (60) days notice shall be required for termination of a teacher at the end of the probationary period' and does not outline general nonrenewal notice, hearing, or appeal rules.",42,high,"Adjusted confidence to high. The document explicitly limits termination notice to probationary periods and provides no further nonrenewal, hearing, or appeal procedures."
buffalo_school_district__buffalo_contract_1999__a5d6c1d1,Buffalo_contract_1999.pdf,security_seniority_definition_003,seniority,Does the document define seniority?,yes,"""Seniority"" is defined as a teacher's length of total continuous service from the date of original probationary appointment as a teacher in the Buffalo Public School System. Leaves of absence without pay shall not be counted as service for this purpose.",17,high,
buffalo_school_district__buffalo_contract_1999__a5d6c1d1,Buffalo_contract_1999.pdf,security_voluntary_transfer_004,transfers,"What are the voluntary transfer procedures, if any?","Teachers may indicate teaching assignment preferences by May 1 and receive notice by July 1. For intra-school assignment shifts, principals must notify teachers two weeks in advance and invite formal reassignment requests.","""By May 1 teachers may indicate a preference in their teaching assignment. Teachers shall be notified of their planned assignment by July 1. Whenever an assignment shift within a school is contemplated, the principal is required to notify all teachers with the appropriate certification at least two weeks in advance of the final decision. Teachers should be invited to submit formal requests for reassignment.""",31,high,"Updated evidence to include the full provision regarding intra-school assignment shifts, ensuring direct support for the coded answer."
buffalo_school_district__buffalo_contract_1999__a5d6c1d1,Buffalo_contract_1999.pdf,security_involuntary_transfer_005,transfers,Does the document describe involuntary transfer or reassignment procedures?,yes,"Involuntary transfers following a school closing or RIF are conducted in order of least seniority, with at least fifteen (15) days notice required, and up to two days allowed to relocate if occurring during the school year. Federation delegates are protected from such transfers unless a RIF occurs.",45-46,high,
buffalo_school_district__buffalo_contract_1999__a5d6c1d1,Buffalo_contract_1999.pdf,security_rif_006,layoffs,"What are the layoff, reduction in force, retrenchment, or staff reduction procedures, if any?","RIF procedures trigger excessing or transfers based on least seniority. For the Adult Ed program, ties in program seniority are broken by system-wide seniority. For general staff, RIF transfers occur after canvassing volunteers. Contract and probationary teachers transferred due to RIF get priority for the following year's assignment. Federation building committee members and up to two delegates are last considered for involuntary transfer regardless of seniority during a RIF.","""Should a reduction-in-force occur, those teachers with the least seniority in the School 46 Adult Education evening program shall be excessed. Should two (2) or more teachers have the same seniority in the School 46 Adult Education evening program, those teachers shall be excessed on the basis of system-wide seniority. When a transfer results from a reduction-in-force at a school which remains open, after canvassing for volunteers, teachers will be transferred involuntarily in order of least seniority... Contract and Probationary teachers who are involuntarily transferred as a result of a reduction-in-force... shall receive preference for the following school year's assignment... building committee members and up to two additional delegates... shall be the last persons considered for an involuntary transfer regardless of their seniority.""","40, 45-46",high,"Expanded evidence to explicitly cover contract/probationary teacher priority for the following year's assignment and Adult Ed seniority tie-breakers, ensuring direct alignment with the coded answer."
buffalo_school_district__buffalo_contract_1999__a5d6c1d1,Buffalo_contract_1999.pdf,security_recall_007,layoffs,Does the document provide recall or callback rights after layoff?,yes,If a position in a school is reinstated within six weeks after it was abolished the teacher involuntarily transferred from that position shall have priority to fill it.,46,high,Stage 1 coded as not_discussed. The document explicitly provides a recall right with priority to fill a reinstated position within six weeks.
buffalo_school_district__buffalo_contract_1999__a5d6c1d1,Buffalo_contract_1999.pdf,security_rif_criterion_008,layoffs,What is the primary criterion for determining the order of layoff among teachers?,seniority (least seniority first),teachers will be transferred involuntarily in order of least seniority,45,high,Updated page to 45 for precise location of the quote. Otherwise confirmed accurate.
buffalo_school_district__buffalo_contract_1999__a5d6c1d1,Buffalo_contract_1999.pdf,security_probation_length_009,job security,What is the probationary or provisional period before tenure or continuing status?,not_discussed,,not_applicable,high,
buffalo_school_district__buffalo_contract_1999__a5d6c1d1,Buffalo_contract_1999.pdf,security_tenure_rules_010,job security,"Does the document describe tenure, continuing contract, or permanent status rights?",yes,Tenured teachers shall have the option of either pursuing arbitration in the event of dismissal or applying the provisions of the appropriate sections of the New York State Education Law.,42,high,
buffalo_school_district__buffalo_contract_1999__a5d6c1d1,Buffalo_contract_1999.pdf,security_certification_011,job security,"Does the document state teacher certification, licensure, endorsement, or renewal requirements?",yes,The Board will enforce the Commissioner's regulations which require that non-certified personnel shall successfully complete not less than six (6) semester hours of approved and appropriate course work each year in order to be eligible for continued employment.,38,high,
buffalo_school_district__buffalo_contract_1999__a5d6c1d1,Buffalo_contract_1999.pdf,discipline_just_cause_001,discipline,"Does the document require just cause, proper cause, or cause for teacher discipline or dismissal?",yes,"No teacher shall be disciplined, reprimanded, reduced in rank or compensation or deprived of any professional advantage without just cause.",41,high,
buffalo_school_district__buffalo_contract_1999__a5d6c1d1,Buffalo_contract_1999.pdf,discipline_dismissal_002,discipline,"Does the document describe dismissal, termination, discharge, or contract cancellation procedures?",yes,"Should a temporary teacher be terminated involuntarily for reasons other than evaluation prior to the end of the school year, or should a probationary teacher be terminated involuntarily for reasons other than evaluation before attaining tenure status, the teacher shall be advised upon request of the reason for termination and shall suffer no loss in the regular pay and benefits for a period of at least thirty (30) days following notice of termination. ... Sixty (60) days notice shall be required for termination of a teacher at the end of the probationary period. Tenured teachers shall have the option of either pursuing arbitration in the event of dismissal or applying the provisions of the appropriate sections of the New York State Education Law.",41,high,
buffalo_school_district__buffalo_contract_1999__a5d6c1d1,Buffalo_contract_1999.pdf,conduct_outside_employment_001,teacher rights and conduct,"Does the document restrict outside employment, tutoring, or conflicts of interest?",not_discussed,,not_applicable,high,
buffalo_school_district__buffalo_contract_1999__a5d6c1d1,Buffalo_contract_1999.pdf,conduct_ethics_002,teacher rights and conduct,"Does the document include a code of ethics, standards of conduct, or professional responsibility rules?",not_discussed,,not_applicable,high,
buffalo_school_district__buffalo_contract_1999__a5d6c1d1,Buffalo_contract_1999.pdf,conduct_drug_alcohol_003,teacher rights and conduct,"Does the document include drug-free workplace, alcohol, or substance-abuse rules?",not_discussed,,not_applicable,high,
buffalo_school_district__buffalo_contract_1999__a5d6c1d1,Buffalo_contract_1999.pdf,conduct_social_media_005,teacher rights and conduct,Does the document regulate employee social media use?,not_discussed,,not_applicable,high,
buffalo_school_district__buffalo_contract_1999__a5d6c1d1,Buffalo_contract_1999.pdf,conduct_acceptable_use_006,teacher rights and conduct,"Does the document include acceptable-use, email, internet, or network technology rules for employees?",not_discussed,,not_applicable,high,
buffalo_school_district__buffalo_contract_1999__a5d6c1d1,Buffalo_contract_1999.pdf,conduct_academic_freedom_007,teacher rights and conduct,Does the document protect academic freedom or personal academic views?,yes,"Table of Contents lists 'XIX Academic Freedom' on page 37. The contract explicitly dedicates an article to protecting academic freedom, though the full article text is not included in the provided excerpt.",13,high,"Stage 1 quoted evidence was not found in the provided document text. Updated evidence to reference the Table of Contents, which explicitly confirms the article's existence."
buffalo_school_district__buffalo_contract_1999__a5d6c1d1,Buffalo_contract_1999.pdf,conduct_curriculum_autonomy_008,teacher rights and conduct,"Does the document address teacher discretion over curriculum, lesson content, methods, or instructional materials?",yes,Textbook selection and curriculum development are the proper concern of teachers. The Federation recognizes current policy and practice reflects this. The Board will continue its present practices in the formulation of textbook and curriculum committees.,53,high,
buffalo_school_district__buffalo_contract_1999__a5d6c1d1,Buffalo_contract_1999.pdf,conduct_lesson_plans_009,teacher rights and conduct,Does the document require lesson plans or specify lesson-plan submission rules?,yes,Teachers shall not be required to make two different sets of lesson plans for the same preparation to be submitted regularly to members of the administration.,38,high,
buffalo_school_district__buffalo_contract_1999__a5d6c1d1,Buffalo_contract_1999.pdf,conduct_political_activity_010,teacher rights and conduct,Does the document restrict or protect political activity by teachers?,yes,"The Board agrees to continue its policy of not discriminating against any employee on the basis of race, creed, color, national origin, sex, marital status, personal or political activity, or membership in or association with the activities of any employee organization.",16,high,
buffalo_school_district__buffalo_contract_1999__a5d6c1d1,Buffalo_contract_1999.pdf,conduct_non_duty_hours_011,teacher rights and conduct,Does the document protect teachers' personal affairs or conduct during non-duty hours?,yes,"The Board agrees to continue its policy of not discriminating against any employee on the basis of race, creed, color, national origin, sex, marital status, personal or political activity, or membership in or association with the activities of any employee organization.",16,medium,"Updated page reference to match exact location in provided text. Evidence supports protection of personal activity, which tangentially covers non-duty hours conduct."
buffalo_school_district__buffalo_contract_1999__a5d6c1d1,Buffalo_contract_1999.pdf,safety_health_committee_001,safety and working conditions,Does the document include health and safety provisions or a safety committee?,yes,A. Teachers shall have safe and healthful conditions under which to carry out their professional duties.,34,high,
buffalo_school_district__buffalo_contract_1999__a5d6c1d1,Buffalo_contract_1999.pdf,safety_assault_protection_002,safety and working conditions,Does the document provide teacher assault protections or procedures after assault?,yes,Any case of assault on a teacher shall be promptly reported by the teacher to the principal who shall immediately notify the Division Head. All legal assistance shall be provided to the teacher through the office of the Corporation Counsel...,48,high,
buffalo_school_district__buffalo_contract_1999__a5d6c1d1,Buffalo_contract_1999.pdf,safety_student_discipline_003,safety and working conditions,Does the document describe student discipline or behavior-management procedures affecting teachers?,yes,The Board hereby assures teachers that it shall put its full support behind the procedures and policies hereinafter recommended and adopted by the Board in matters of discipline.,48,high,
buffalo_school_district__buffalo_contract_1999__a5d6c1d1,Buffalo_contract_1999.pdf,safety_remove_student_004,safety and working conditions,Does the document state a teacher's authority to remove a student from class?,yes,The teacher has the right to remove any pupil whose behavior repeatedly disrupts the learning atmosphere of the class. The pupil shall not be readmitted until the teacher has conferred with the principal or assistant principal involved.,50,high,
buffalo_school_district__buffalo_contract_1999__a5d6c1d1,Buffalo_contract_1999.pdf,safety_emergency_closure_005,safety and working conditions,"Does the document address emergency, lockdown, inclement weather, or school closure procedures for staff?",yes,Teachers shall receive pay for absence on account of abnormally severe weather conditions in the Buffalo Metropolitan Area when certified by the Principal or Division Head and approved by the Superintendent of Schools.,100,high,
buffalo_school_district__buffalo_contract_1999__a5d6c1d1,Buffalo_contract_1999.pdf,safety_environment_006,safety and working conditions,"Does the document address physical working conditions such as temperature, ventilation, air quality, cleanliness, acoustics, or construction disruption?",not_discussed,,not_discussed,high,
buffalo_school_district__buffalo_contract_1999__a5d6c1d1,Buffalo_contract_1999.pdf,safety_security_measures_007,safety and working conditions,"Does the document mention security staff, building access, visitor controls, cameras, or personal security measures?",not_discussed,,not_applicable,high,
buffalo_school_district__buffalo_contract_1999__a5d6c1d1,Buffalo_contract_1999.pdf,safety_weapons_008,safety and working conditions,Does the document state employee obligations or restrictions related to weapons on school property?,not_discussed,,not_applicable,high,
buffalo_school_district__buffalo_contract_1999__a5d6c1d1,Buffalo_contract_1999.pdf,pd_new_teacher_mentoring_001,professional development,"Does the document provide mentoring, induction, orientation, or support for new teachers?",yes,New personnel may be required to attend additional orientation sessions.,28,high,Updated page number to 28 to match the document text.
buffalo_school_district__buffalo_contract_1999__a5d6c1d1,Buffalo_contract_1999.pdf,pd_teacher_leadership_002,professional development,"Does the document create teacher leadership roles, instructional coaches, councils, or committees tied to professional practice?",yes,"1. Professional Council - A joint board and federation committee... The Professional Council shall study matters relating to curriculum, teaching methods and other professional areas of mutual interest... 3. School Building Council - A joint Board and Federation committee... shall consider school building problems...",37,high,Revised answer from 'no' to 'yes'. Article XX explicitly establishes a Professional Council and School Building Council tied to professional practice and school operations.
buffalo_school_district__buffalo_contract_1999__a5d6c1d1,Buffalo_contract_1999.pdf,pd_career_ladder_003,professional development,"Does the document include a career ladder, teacher advancement pathway, or differentiated career roles?",no,,not_applicable,high,
san_diego_unified_school_district__2008_thru_2013_sdea_sdusd_contract__107cc0e6,2008-thru-2013-SDEA-SDUSD-Contract.pdf,meta_doc_type_001,document metadata,What type of district document is this PDF?,CBA,COLLECTIVE NEGOTIATIONS CONTRACT between the BOARD OF EDUCATION SAN DIEGO UNIFIED SCHOOL DISTRICT and the SAN DIEGO EDUCATION ASSOCIATION,1,high,
san_diego_unified_school_district__2008_thru_2013_sdea_sdusd_contract__107cc0e6,2008-thru-2013-SDEA-SDUSD-Contract.pdf,meta_effective_dates_002,document metadata,What school years or effective dates does the document cover?,"July 1, 2008 through June 30, 2013","July 1, 2008 through June 30, 2010
July 1, 2010 through June 30, 2013",1,high,
san_diego_unified_school_district__2008_thru_2013_sdea_sdusd_contract__107cc0e6,2008-thru-2013-SDEA-SDUSD-Contract.pdf,meta_bargaining_unit_003,document metadata,Which employee group or bargaining unit is covered?,All certificated employees in the Certificated Bargaining Unit,The District recognizes the San Diego Education Association (SDEA/CTA/NEA) as the sole and exclusive bargaining representative for all certificated employees employed in the Certificated Bargaining Unit,6,high,
san_diego_unified_school_district__2008_thru_2013_sdea_sdusd_contract__107cc0e6,2008-thru-2013-SDEA-SDUSD-Contract.pdf,meta_document_scope_004,document metadata,"Does the document state that it is binding, advisory, summary-only, or not a contract?",binding,The articles and provisions contained herein and the appendices attached hereto constitute the bilateral and binding contract by and between the San Diego Unified School District (District) and the San Diego Education Association,5,high,
san_diego_unified_school_district__2008_thru_2013_sdea_sdusd_contract__107cc0e6,2008-thru-2013-SDEA-SDUSD-Contract.pdf,meta_text_usability_005,document metadata,Is the PDF text extractable enough for reliable coding?,usable,,not_applicable,high,
san_diego_unified_school_district__2008_thru_2013_sdea_sdusd_contract__107cc0e6,2008-thru-2013-SDEA-SDUSD-Contract.pdf,meta_cites_state_law_006,document metadata,"Does the document cite any state laws, statutes, or administrative codes?",yes,in accordance with the California Educational Employment Relations Act.,2,high,
san_diego_unified_school_district__2008_thru_2013_sdea_sdusd_contract__107cc0e6,2008-thru-2013-SDEA-SDUSD-Contract.pdf,meta_state_law_citations_007,document metadata,Quote all sentences citing state laws or statutes.,"Agreement to extend the Collective Negotiations Contract in effect July 1, 2006, through June 30, 2008, with no amendments except as jointly modified by the parties, through June 30, 2010, has been reached by designated representatives of the San Diego Unified School District and the San Diego Education Association, in accordance with the California Educational Employment Relations Act. The following Collective Negotiations Contract has been reached by designated representatives of the San Diego Unified School District and the San Diego Education Association, in accordance with the California Educational Employment Relations Act.",in accordance with the California Educational Employment Relations Act.,2,high,
san_diego_unified_school_district__2008_thru_2013_sdea_sdusd_contract__107cc0e6,2008-thru-2013-SDEA-SDUSD-Contract.pdf,meta_cites_federal_law_008,document metadata,"Quote all sentences citing federal laws, statutes, or regulations.",The District shall implement Health and Dependent Care Flexible Spending Accounts (FSA’s) in accordance with Section 125 of the Internal Revenue Code.,The District shall implement Health and Dependent Care Flexible Spending Accounts (FSA’s) in accordance with Section 125 of the Internal Revenue Code.,30,high,
san_diego_unified_school_district__2008_thru_2013_sdea_sdusd_contract__107cc0e6,2008-thru-2013-SDEA-SDUSD-Contract.pdf,meta_federal_law_citations_009,document metadata,Which federal laws or statutes are cited?,Section 125 of the Internal Revenue Code,The District shall implement Health and Dependent Care Flexible Spending Accounts (FSA’s) in accordance with Section 125 of the Internal Revenue Code.,30,high,
san_diego_unified_school_district__2008_thru_2013_sdea_sdusd_contract__107cc0e6,2008-thru-2013-SDEA-SDUSD-Contract.pdf,pay_salary_schedule_001,compensation,Does the document include a teacher salary schedule or salary scale?,yes,APPENDIX A - SALARY SCHEDULE & RULES 112,4,high,"Stage 1 incorrectly answered 'no'. The table of contents on page 4 explicitly lists Appendix A as the Salary Schedule & Rules, confirming the document includes a salary schedule."
san_diego_unified_school_district__2008_thru_2013_sdea_sdusd_contract__107cc0e6,2008-thru-2013-SDEA-SDUSD-Contract.pdf,pay_salary_schedule_002,compensation,What year or years does the salary schedule cover?,"Effective July 1, 2010","SALARY PLAN R160 Effective July 1, 2010",116,high,
san_diego_unified_school_district__2008_thru_2013_sdea_sdusd_contract__107cc0e6,2008-thru-2013-SDEA-SDUSD-Contract.pdf,pay_step_increment_003,compensation,Does the document explain annual step advancement or salary increments?,yes,4.021 Step advancements are effective on the beginning date of contract service in the school year immediately following the school year in which the qualifying service was rendered. A unit member who is in contract paid status for 75% or more of the number of days in the base certificated work year... will advance one step for each year of creditable district service until the maximum step of the column has been reached.,139,high,
san_diego_unified_school_district__2008_thru_2013_sdea_sdusd_contract__107cc0e6,2008-thru-2013-SDEA-SDUSD-Contract.pdf,pay_prior_experience_005,compensation,Does the document state how prior teaching experience is credited for salary placement?,yes,3.00 INITIAL STEP PLACEMENT Newly employed unit members will be placed on the appropriate column as defined in Section 2.00 and on the appropriate step as defined in Sections 3.01-3.04.,137,high,
san_diego_unified_school_district__2008_thru_2013_sdea_sdusd_contract__107cc0e6,2008-thru-2013-SDEA-SDUSD-Contract.pdf,pay_performance_pay_006,compensation,"Does the document include performance pay, merit pay, or evaluation-based compensation?",no,,not_discussed,high,
san_diego_unified_school_district__2008_thru_2013_sdea_sdusd_contract__107cc0e6,2008-thru-2013-SDEA-SDUSD-Contract.pdf,pay_performance_pay_007,compensation,How are teachers evaluated for purposes of performance-based pay eligibility?,not_discussed,,not_applicable,high,
san_diego_unified_school_district__2008_thru_2013_sdea_sdusd_contract__107cc0e6,2008-thru-2013-SDEA-SDUSD-Contract.pdf,pay_cost_of_living_007,compensation,Does the document specify across-the-board raises or COLA percentages?,"2% effective July 1, 2012; 2% effective January 1, 2013; 3% effective June 30, 2013 (2012-2013 salary schedule)","Effective July 1, 2012, the 2012-2013 salary rates shall be increased by an additional two percent (2%) beyond the salary restoration in Section 7.1.2.1. Effective January 1, 2013, the 2012-2013 salary rates shall be increased by two percent (2%). Effective June 30, 2013, at 11:59 p.m., the 2012-2013 salary rates shall be increased by three percent (3%).",15,high,
san_diego_unified_school_district__2008_thru_2013_sdea_sdusd_contract__107cc0e6,2008-thru-2013-SDEA-SDUSD-Contract.pdf,pay_extra_duty_schedule_008,compensation,Does the document include an extra-duty or supplemental pay schedule?,yes,7.011 Nonclassroom Assignment $30.57 per hour... 7.012 Workshop Participants $20.38 per hour... 7.013 Additional Hourly Classroom Assignment $40.33 per hour... 7.02 Extended-Day Service... The value of each unit is established as 1.4%... $930.46,139-140,high,
san_diego_unified_school_district__2008_thru_2013_sdea_sdusd_contract__107cc0e6,2008-thru-2013-SDEA-SDUSD-Contract.pdf,pay_hardtostaff_sped_009,compensation,"Does the document provide additional pay, stipends, or salary differentials for special education teachers?",yes,"8.02 EXCEPTIONAL CHILD PROGRAMS $100 Special education teachers (regular day classes and itinerant) of pupils with exceptional needs: Learning Handicapped, Physically Handicapped, Communicatively Handicapped, Severely Handicapped, and Vocational Special Needs Instructors.",143,high,
san_diego_unified_school_district__2008_thru_2013_sdea_sdusd_contract__107cc0e6,2008-thru-2013-SDEA-SDUSD-Contract.pdf,pay_hardtostaff_stem_010,compensation,"Does the document provide additional pay, stipends, or salary differentials for teachers in STEM subjects?",not_discussed,,not_applicable,high,
san_diego_unified_school_district__2008_thru_2013_sdea_sdusd_contract__107cc0e6,2008-thru-2013-SDEA-SDUSD-Contract.pdf,pay_hardtostaff_other_011,compensation,"Does the document provide additional pay, stipends, or salary differentials for teachers in high-need subjects or schools other than special education or STEM?",not_discussed,,not_applicable,high,
san_diego_unified_school_district__2008_thru_2013_sdea_sdusd_contract__107cc0e6,2008-thru-2013-SDEA-SDUSD-Contract.pdf,pay_hardtostaff_schools_012,compensation,"Does the document provide incentives specifically for teaching in hard-to-staff, high-need, Title I, or priority schools, regardless of subject?",not_discussed,,not_applicable,high,
san_diego_unified_school_district__2008_thru_2013_sdea_sdusd_contract__107cc0e6,2008-thru-2013-SDEA-SDUSD-Contract.pdf,pay_experience_credit_indistrict_013,compensation,Does the document specify how prior in-district teaching experience is credited for initial salary placement?,yes,District teaching or certificated experience prior to employment by contract and completed the end of the prior school year is creditable except summer school and intersession teaching. Twenty full days of substitute teaching is equivalent to one month of service; ninety hours of hourly district teaching experience is equivalent to one month of service. ... A maximum of 10 months of district experience will be credited within any 12 month period.,137,high,
san_diego_unified_school_district__2008_thru_2013_sdea_sdusd_contract__107cc0e6,2008-thru-2013-SDEA-SDUSD-Contract.pdf,pay_experience_credit_outofdistrict_014,compensation,Does the document specify how out-of-district but in-state teaching experience is credited for salary placement?,yes,Teaching and/or certificated experience outside the district is creditable provided it was continuous and in a public school system or recognized private school. ... A maximum of ten months of experience will be credited within any 12 month period.,147,high,
san_diego_unified_school_district__2008_thru_2013_sdea_sdusd_contract__107cc0e6,2008-thru-2013-SDEA-SDUSD-Contract.pdf,pay_experience_credit_outofstate_015,compensation,Does the document specify how out-of-state teaching experience is credited for salary placement?,not_discussed,,not_applicable,high,
san_diego_unified_school_district__2008_thru_2013_sdea_sdusd_contract__107cc0e6,2008-thru-2013-SDEA-SDUSD-Contract.pdf,pay_experience_credit_military_public_016,compensation,Does the document credit military service or other public service for salary placement?,yes,"Initial placement on the schedule will be based on the military service pay grade held by the employee at the time of hire... E-6 to 010-1, E-7 to 010-2, E-8 to 010-3, E-9 to 010-4, W-1 thru W-4 to 010-5.",151,high,
san_diego_unified_school_district__2008_thru_2013_sdea_sdusd_contract__107cc0e6,2008-thru-2013-SDEA-SDUSD-Contract.pdf,pay_national_board_017,compensation,Does the document provide extra pay for National Board certification or similar advanced certification?,not_discussed,,not_applicable,high,
san_diego_unified_school_district__2008_thru_2013_sdea_sdusd_contract__107cc0e6,2008-thru-2013-SDEA-SDUSD-Contract.pdf,benefits_health_001,benefits,Does the document state that health or medical insurance is available to teachers?,yes,9.2.1. It is mutually agreed between the Parties that medical benefits will be offered solely through the San Diego County Schools Voluntary Employee Benefits Association (VEBA) throughout the life of this Agreement.,26,high,Updated page number from 25 to 26 to match document location.
san_diego_unified_school_district__2008_thru_2013_sdea_sdusd_contract__107cc0e6,2008-thru-2013-SDEA-SDUSD-Contract.pdf,benefits_health_contribution_002,benefits,What employer contribution toward health insurance is stated?,The District shall pay the full cost of the VEBA medical plan option selected.,9.2.3. The District shall pay the full cost of the VEBA medical plan option selected.,26,high,
san_diego_unified_school_district__2008_thru_2013_sdea_sdusd_contract__107cc0e6,2008-thru-2013-SDEA-SDUSD-Contract.pdf,benefits_health_employee_premium_003,benefits,What employee health insurance premium or contribution is stated?,not_discussed,,not_applicable,high,
san_diego_unified_school_district__2008_thru_2013_sdea_sdusd_contract__107cc0e6,2008-thru-2013-SDEA-SDUSD-Contract.pdf,benefits_dependent_health_004,benefits,"Does the document mention dependent, spouse, family, or domestic partner health coverage?",yes,"9.1.3. Eligible dependents are: 9.1.3.1. A unit member's legal spouse... 9.1.3.2. For medical benefits, a unit member's child...",25,high,
san_diego_unified_school_district__2008_thru_2013_sdea_sdusd_contract__107cc0e6,2008-thru-2013-SDEA-SDUSD-Contract.pdf,benefits_health_plan_type_005,benefits,What health plan types are described?,"Kaiser Foundation Health Plan, PacificCare Signature Value VEBA Performance HMO, United Healthcare Choice Plus PPO",9.2.2.1. Kaiser Foundation Health Plan... 9.2.2.2. PacificCare Signature Value VEBA Performance HMO... 9.2.2.3. United Healthcare Choice Plus PPO...,26,high,
san_diego_unified_school_district__2008_thru_2013_sdea_sdusd_contract__107cc0e6,2008-thru-2013-SDEA-SDUSD-Contract.pdf,benefits_dental_006,benefits,Does the document state that dental insurance is available?,yes,9.3.1. The District will provide three (3) dental benefit plan options to eligible unit members and eligible dependents: 9.3.1.1. Delta Dental PPO... 9.3.1.2. Western Dental Services. 9.3.1.3. Delta Dental Deltacare USA...,26,high,
san_diego_unified_school_district__2008_thru_2013_sdea_sdusd_contract__107cc0e6,2008-thru-2013-SDEA-SDUSD-Contract.pdf,benefits_vision_007,benefits,Does the document state that vision or optical insurance is available?,yes,The Vision Service Plan in effect immediately prior to the effective date of this Agreement shall remain in full force and effect for the duration of this Agreement. It is mutually agreed between the Parties that vision benefits will be offered solely through the San Diego County Schools Voluntary Employee Benefits Association (VEBA) throughout the life of this Agreement.,26,high,
san_diego_unified_school_district__2008_thru_2013_sdea_sdusd_contract__107cc0e6,2008-thru-2013-SDEA-SDUSD-Contract.pdf,benefits_life_008,benefits,Does the document provide district-paid or voluntary life insurance?,yes,"The group term life insurance benefit in effect immediately prior to the effective date of this Agreement shall remain in full force and effect for the duration of this Agreement... Unit members may purchase, through payroll deduction, additional employee and dependent life insurance under conditions specified by the carrier and the District.",26,high,
san_diego_unified_school_district__2008_thru_2013_sdea_sdusd_contract__107cc0e6,2008-thru-2013-SDEA-SDUSD-Contract.pdf,benefits_disability_009,benefits,Does the document mention short-term or long-term disability coverage?,not_discussed,,not_discussed,high,
san_diego_unified_school_district__2008_thru_2013_sdea_sdusd_contract__107cc0e6,2008-thru-2013-SDEA-SDUSD-Contract.pdf,benefits_retirement_contribution_010,benefits,What employer retirement or pension contribution is stated?,not_discussed,,not_discussed,high,
san_diego_unified_school_district__2008_thru_2013_sdea_sdusd_contract__107cc0e6,2008-thru-2013-SDEA-SDUSD-Contract.pdf,benefits_leave_continuation_011,benefits,Does the document state whether insurance benefits continue during paid or unpaid leave?,yes,"Unit members on district-approved unpaid leaves may continue their medical, dental, vision, and/or life insurance coverage by remitting the required fee to the District.",25,high,
san_diego_unified_school_district__2008_thru_2013_sdea_sdusd_contract__107cc0e6,2008-thru-2013-SDEA-SDUSD-Contract.pdf,benefits_retiree_012,benefits,"Does the document provide retiree health, dental, life, or other post-employment benefits?",yes,Section 9.8: RETIREE MEDICAL FUND... 9.8.4. A retiree who meets all of the following conditions will be eligible for this benefit. 9.8.4.1. The employee had seventeen (17) years of service with the District... and is receiving a monthly retirement benefit from the Public Employees' Retirement System (PERS) or State Teachers' Retirement System (STRS).,28,high,
san_diego_unified_school_district__2008_thru_2013_sdea_sdusd_contract__107cc0e6,2008-thru-2013-SDEA-SDUSD-Contract.pdf,leave_sick_days_001,leave,How many paid sick leave days are granted per year?,8 hours per month,Full-time unit members shall accrue eight (8) hours of sick leave for each month in their assignment year.,31,high,Updated page number to align with document text markers (Section 10.2.2).
san_diego_unified_school_district__2008_thru_2013_sdea_sdusd_contract__107cc0e6,2008-thru-2013-SDEA-SDUSD-Contract.pdf,leave_sick_accrual_002,leave,"Does sick leave accumulate or carry over, and what cap is stated?",Accumulates without limit,Full-salary sick leave not used shall be accumulated from year to year without limit as provided by law.,31,high,Updated page number to align with document text markers (Section 10.2.4).
san_diego_unified_school_district__2008_thru_2013_sdea_sdusd_contract__107cc0e6,2008-thru-2013-SDEA-SDUSD-Contract.pdf,leave_sick_family_003,leave,May teachers use sick leave for family illness or family care?,yes,A unit member may use up to eight (8) days of accumulated full-salary sick leave benefits described in Section 10.2. in any school year in the following cases of personal necessity: ... 10.3.4. Family Illness.,31,high,Updated page number to align with document text markers (Section 10.3).
san_diego_unified_school_district__2008_thru_2013_sdea_sdusd_contract__107cc0e6,2008-thru-2013-SDEA-SDUSD-Contract.pdf,leave_personal_days_004,leave,How many paid personal leave days are granted per year?,3,Unit members may use up to three (3) days per school year of accumulated sick leave for personal business.,32,high,Updated page number to align with document text markers (Section 10.4.2).
san_diego_unified_school_district__2008_thru_2013_sdea_sdusd_contract__107cc0e6,2008-thru-2013-SDEA-SDUSD-Contract.pdf,leave_personal_restrictions_005,leave,What restrictions apply to personal leave use?,48 hours advance notice normally required; may not be used the day prior to or after a holiday or school recess period; shall not be used for concerted activities.,"Normally, forty-eight (48) hours advance notice shall be required and such leave may not be used the day prior to or after a holiday or school recess period. Such leave shall not be used to participate in any concerted activities.",32,high,Updated page number to align with document text markers (Section 10.4.2).
san_diego_unified_school_district__2008_thru_2013_sdea_sdusd_contract__107cc0e6,2008-thru-2013-SDEA-SDUSD-Contract.pdf,leave_personal_conversion_006,leave,"Does unused personal leave convert to sick leave, cash, or another benefit?",not_discussed,,not_applicable,high,Confirmed correct; document does not specify conversion or payout for unused personal business leave.
san_diego_unified_school_district__2008_thru_2013_sdea_sdusd_contract__107cc0e6,2008-thru-2013-SDEA-SDUSD-Contract.pdf,leave_bereavement_days_007,leave,How many bereavement leave days are available?,5,"Absence without loss of salary for a period not to exceed five (5) days, may be granted to a unit member upon the death of a member of his/her or the spouse's/same gender domestic partner's immediate family.",37,high,
san_diego_unified_school_district__2008_thru_2013_sdea_sdusd_contract__107cc0e6,2008-thru-2013-SDEA-SDUSD-Contract.pdf,leave_bereavement_relatives_008,leave,Which relatives or household members are covered by bereavement leave?,"Immediate family as defined in Section 10.16: mother, father, grandmother, grandfather, grandchild, spouse, son, son-in-law, daughter, daughter-in-law, brother, brother-in-law, sister, sister-in-law, aunt, uncle, niece, nephew, domestic partner, or any relative living in the immediate household. Step-parents and court-appointed legal guardians are also included. Personal Necessity Leave additionally covers attending funerals of close friends or relatives.","Immediate family as used in this Article shall include the following relatives of the unit member or the unit member's spouse/same gender domestic partner: mother, father, grandmother, grandfather, grandchild, spouse, son, son-in-law, daughter, daughter-in-law, brother, brother-in-law, sister, sister-in-law, aunt, uncle, niece, nephew, domestic partner, or any relative living in the immediate household of the unit member. Mother and father are defined to include stepmother and stepfather and court-appointed legal guardians. Additionally, unit members may use Personal Necessity Leave for the purpose of attending the funeral of a close friend or relative not included in the definition of immediate family.",37,high,
san_diego_unified_school_district__2008_thru_2013_sdea_sdusd_contract__107cc0e6,2008-thru-2013-SDEA-SDUSD-Contract.pdf,leave_parental_paid_009,leave,"Does the document provide paid parental, bonding, maternity, paternity, or adoption leave beyond accrued sick leave?",yes,One (1) day of leave with full pay will be granted to a father upon birth of his child or one (1) day of leave with full pay on the day when the mother or child leave the hospital. ... One (1) day of leave with full pay will be granted to either parent to make final arrangements to adopt a child.,34,high,
san_diego_unified_school_district__2008_thru_2013_sdea_sdusd_contract__107cc0e6,2008-thru-2013-SDEA-SDUSD-Contract.pdf,leave_pregnancy_disability_010,leave,"Does the document address pregnancy, childbirth, or temporary disability leave?",yes,A unit member who is pregnant will be entitled upon request to a long-term leave to begin at any time after the commencement of pregnancy.,35,high,
san_diego_unified_school_district__2008_thru_2013_sdea_sdusd_contract__107cc0e6,2008-thru-2013-SDEA-SDUSD-Contract.pdf,leave_adoption_childcare_011,leave,"Does the document provide adoption, child care, or bonding leave?",yes,"One (1) day of leave with full pay will be granted to either parent to make final arrangements to adopt a child. A unit member adopting a child will be entitled, upon request, to a long-term parental leave to commence at any time during the first year after receiving defacto custody of said child...",34,high,
san_diego_unified_school_district__2008_thru_2013_sdea_sdusd_contract__107cc0e6,2008-thru-2013-SDEA-SDUSD-Contract.pdf,leave_fmla_012,leave,Does the document discuss Family and Medical Leave Act rights or equivalent family medical leave?,yes,"A unit member who has served the District for at least one (1) continuous year in a full-time capacity shall be granted a Family Care Leave for the purpose of the birth of his/her child, adoption of a child, foster care placement of a child with the unit member, care of a child, parent, spouse or domestic partner with a serious health condition or the unit member's own serious health condition, in accordance with the following:",38,high,"Updated to 'yes'. Section 10.19 establishes 'Family Care Leave' covering birth, adoption, foster care, and serious health conditions for the employee and family members, which functions as an equivalent to FMLA."
san_diego_unified_school_district__2008_thru_2013_sdea_sdusd_contract__107cc0e6,2008-thru-2013-SDEA-SDUSD-Contract.pdf,leave_absence_reporting_013,leave,Does the document specify absence reporting or substitute-request procedures for teachers?,not_discussed,,not_applicable,high,
san_diego_unified_school_district__2008_thru_2013_sdea_sdusd_contract__107cc0e6,2008-thru-2013-SDEA-SDUSD-Contract.pdf,workload_work_year_days_001,workload,How many teacher work days or duty days are required in the regular work year?,184 days (179 days for 2010-2011 and 2011-2012),8.1.1. The basic academic teaching year shall consist of no more than one-hundred and eighty-four (184) teaching and non-instructional days. 8.1.2. Contract Duty Days – 2010-2011 and 2011-2012: ... The basic academic teaching year shall consist of no more than one-hundred and seventy-nine (179) teaching and non-instructional days.,16,high,"Updated evidence to include Section 8.1.2, which explicitly states the 179-day work year for the 2010-2011 and 2011-2012 fiscal years, fully supporting the coded answer."
san_diego_unified_school_district__2008_thru_2013_sdea_sdusd_contract__107cc0e6,2008-thru-2013-SDEA-SDUSD-Contract.pdf,workload_workday_length_002,workload,What is the required length of the teacher workday?,6 hours and 35 minutes,"Full-time classroom teachers shall be required to remain on site for a minimum of six (6) hours and thirty-five (35) minutes a day, exclusive of a duty-free lunch period.",17,high,
san_diego_unified_school_district__2008_thru_2013_sdea_sdusd_contract__107cc0e6,2008-thru-2013-SDEA-SDUSD-Contract.pdf,workload_prep_guarantee_003,workload,Does the document guarantee teacher planning or preparation time?,yes,"8.6.4.1. The release time per classroom teacher should be a minimum of forty-five (45) minutes to an hour per week. 8.7.1. The weekly schedule of employment for full-time classroom teachers in secondary schools, shall include ... five (5) periods for preparation/conference as defined in this Article.",20-21,high,"Replaced original evidence, which applied only to non-classroom staff, with Sections 8.6.4.1 and 8.7.1, which explicitly guarantee preparation time for elementary and secondary classroom teachers respectively."
san_diego_unified_school_district__2008_thru_2013_sdea_sdusd_contract__107cc0e6,2008-thru-2013-SDEA-SDUSD-Contract.pdf,workload_prep_minutes_004,workload,How much planning or preparation time is guaranteed?,Elementary: 45 minutes to 1 hour per week. Secondary: 5 periods per week (1 period/day).,8.6.4.1. The release time per classroom teacher should be a minimum of forty-five (45) minutes to an hour per week. 8.7.1. ...five (5) periods for preparation/conference... 8.7.2. Preparation/conference period for full-time secondary classroom teachers shall be one (1) regular period of a teacher’s workday,20-21,high,
san_diego_unified_school_district__2008_thru_2013_sdea_sdusd_contract__107cc0e6,2008-thru-2013-SDEA-SDUSD-Contract.pdf,workload_prep_protected_005,workload,"Does the document restrict use of planning time for meetings, coverage, or other duties?",yes,no more than one modified day per month may be used for required meetings or conferences.,18,high,
san_diego_unified_school_district__2008_thru_2013_sdea_sdusd_contract__107cc0e6,2008-thru-2013-SDEA-SDUSD-Contract.pdf,workload_lunch_duty_free_006,workload,Does the document guarantee a duty-free lunch?,yes,exclusive of a duty-free lunch period. The duty-free lunch period shall be a minimum of thirty (30) minutes.,17,high,
san_diego_unified_school_district__2008_thru_2013_sdea_sdusd_contract__107cc0e6,2008-thru-2013-SDEA-SDUSD-Contract.pdf,workload_lunch_minutes_007,workload,How many minutes is the lunch period?,30,The duty-free lunch period shall be a minimum of thirty (30) minutes.,17,high,
san_diego_unified_school_district__2008_thru_2013_sdea_sdusd_contract__107cc0e6,2008-thru-2013-SDEA-SDUSD-Contract.pdf,workload_meetings_limits_008,workload,"Does the document limit required faculty, staff, department, or PLC meetings?",yes,no more than one modified day per month may be used for required meetings or conferences.,17,high,
san_diego_unified_school_district__2008_thru_2013_sdea_sdusd_contract__107cc0e6,2008-thru-2013-SDEA-SDUSD-Contract.pdf,workload_nonteaching_duties_009,workload,"Does the document describe non-teaching duties such as supervision, lunch duty, bus duty, hall duty, or clerical duties?",yes,Supervision responsibilities outside regular classroom requirements shall be determined at each site.,22,high,
san_diego_unified_school_district__2008_thru_2013_sdea_sdusd_contract__107cc0e6,2008-thru-2013-SDEA-SDUSD-Contract.pdf,class_size_limits_001,class size,"Does the document include class-size limits, caps, goals, or review procedures?",yes,"The Board of Education and the Association agree that reduction of class size is a primary continuing goal of the District within the constraints of: (1) financing available, (2) the need to meet all essential goals of school district operations...",52,high,
san_diego_unified_school_district__2008_thru_2013_sdea_sdusd_contract__107cc0e6,2008-thru-2013-SDEA-SDUSD-Contract.pdf,class_elementary_max_002,class size,What elementary class-size maximums or targets are stated?,K: 32; Gr 1-2: 25.5; Gr 3: 31; K-6 max for >30 days: 36,Individual kindergarten classes shall not exceed an average of thirty-two (32) pupils... Individual Grades 1 and 2 classes shall not exceed an average of twenty-five and one-half (25.5) pupils... Individual Grade 3 classes shall not exceed an average of thirty-one (31) pupils... Grades K-6 classes shall not exceed thirty-six (36) pupils for more than thirty (30) calendar days.,53,high,
san_diego_unified_school_district__2008_thru_2013_sdea_sdusd_contract__107cc0e6,2008-thru-2013-SDEA-SDUSD-Contract.pdf,class_secondary_max_003,class size,What middle or high school class-size maximums or targets are stated?,Academic classes avg ≤36. Safety/supervision cases avg ≤32. PE classes avg ≤50 over 4 months. Music/business ed/PE may exceed other averages.,"13.5.2. Individual teacher’s academic classes will average no more than thirty-six (36) pupils each... 13.5.3. When safety or supervision is a problem, or class facilities necessitate... average no more than thirty-two (32) pupils each. Classes in music, business education, and physical education may exceed the average size established for other classes... 13.5.6. Secondary physical education classes... shall average no more than fifty (50) pupils over a four (4) month period.",53-54,high,
san_diego_unified_school_district__2008_thru_2013_sdea_sdusd_contract__107cc0e6,2008-thru-2013-SDEA-SDUSD-Contract.pdf,class_overage_remedy_004,class size,Does the document provide remedies when class-size limits are exceeded?,no,"The purpose of receiving this data shall be to plan for future negotiations and, if possible, to develop recommended solutions to outstanding class size problems.",54,high,
san_diego_unified_school_district__2008_thru_2013_sdea_sdusd_contract__107cc0e6,2008-thru-2013-SDEA-SDUSD-Contract.pdf,evaluation_procedure_001,evaluation,Does the document describe teacher evaluation procedures?,yes,ARTICLE 14. PERFORMANCE EVALUATION PROCEDURES,51,high,Updated page number to 51 based on the Table of Contents (page 3).
san_diego_unified_school_district__2008_thru_2013_sdea_sdusd_contract__107cc0e6,2008-thru-2013-SDEA-SDUSD-Contract.pdf,evaluation_system_002,evaluation,"What evaluation system, framework, or model is named?",not_discussed,,not_applicable,high,
san_diego_unified_school_district__2008_thru_2013_sdea_sdusd_contract__107cc0e6,2008-thru-2013-SDEA-SDUSD-Contract.pdf,evaluation_observation_count_003,evaluation,How many formal observations are required?,not_discussed,,not_applicable,high,
san_diego_unified_school_district__2008_thru_2013_sdea_sdusd_contract__107cc0e6,2008-thru-2013-SDEA-SDUSD-Contract.pdf,evaluation_observation_duration_004,evaluation,Does the document specify observation duration or minimum length?,not_discussed,,not_applicable,high,
san_diego_unified_school_district__2008_thru_2013_sdea_sdusd_contract__107cc0e6,2008-thru-2013-SDEA-SDUSD-Contract.pdf,evaluation_ratings_005,evaluation,What rating categories or performance levels are used?,discussed_unclear,"If the ""Requires Improvement"" or ""Unsatisfactory"" ratings are changed to ""Satisfactory,"" a summary evaluation which reflects the improved performance will be prepared...",58,medium,"The quoted evidence only explicitly mentions three rating categories (Satisfactory, Requires Improvement, Unsatisfactory). The coded answer lists five, overstating the provided evidence. Downgraded to discussed_unclear."
san_diego_unified_school_district__2008_thru_2013_sdea_sdusd_contract__107cc0e6,2008-thru-2013-SDEA-SDUSD-Contract.pdf,evaluation_student_growth_006,evaluation,"Does the evaluation use student growth, test scores, value-added, or student outcomes?",no,A unit member shall not be evaluated based upon the use of publisher’s norms established by standardized tests.,57,high,"Evidence explicitly states that evaluations cannot be based on standardized tests, directly supporting the 'no' answer for test-based metrics."
san_diego_unified_school_district__2008_thru_2013_sdea_sdusd_contract__107cc0e6,2008-thru-2013-SDEA-SDUSD-Contract.pdf,evaluation_improvement_plan_007,evaluation,"Does the document describe improvement plans, remediation plans, or professional support plans for low-rated teachers?",yes,"Whenever the evaluator determines that any aspect of an evaluatee's evaluation may be less than satisfactory, the evaluator shall schedule a conference to discuss the evaluatee's progress in achieving objectives and criteria. ... Further, the evaluator shall develop a remediation plan which shall set forth: a. The specific areas where improved performance is necessary. b. The resources to be made available to assist the evaluatee which may include peer coaching, the assistance of a mentor teacher or released time to observe other unit members. c. The evaluator's role in assisting the evaluatee in achieving improved performance. d. A timeline for monitoring the evaluatee's performance.",58,high,
san_diego_unified_school_district__2008_thru_2013_sdea_sdusd_contract__107cc0e6,2008-thru-2013-SDEA-SDUSD-Contract.pdf,evaluation_consequences_008,evaluation,"Does the document state how evaluation results are used in decisions about tenure, layoff priority, transfers, or compensation?",yes,"Unit members whose latest summary performance evaluation rating is other than ""effective"" shall not participate in the post and bid procedure.",46,high,
san_diego_unified_school_district__2008_thru_2013_sdea_sdusd_contract__107cc0e6,2008-thru-2013-SDEA-SDUSD-Contract.pdf,security_probation_001,job security,"Does the document define probationary, provisional, temporary, permanent, tenure, or continuing contract status?",discussed_unclear,A temporary assignment is one existing for a limited and time-certain period of time as determined by the division or department concerned. A continuing assignment is one which is reasonably expected to continue as long as the job performance meets district standards...,not_discussed,low,"Stage 1 evidence cites page 142, which is beyond the provided document snippet (ends at page 40). Cannot verify definition from text. Downgraded due to missing/unverifiable evidence."
san_diego_unified_school_district__2008_thru_2013_sdea_sdusd_contract__107cc0e6,2008-thru-2013-SDEA-SDUSD-Contract.pdf,security_nonrenewal_002,job security,"Does the document state nonrenewal notice, hearing, or appeal rules?",not_discussed,,not_discussed,high,
san_diego_unified_school_district__2008_thru_2013_sdea_sdusd_contract__107cc0e6,2008-thru-2013-SDEA-SDUSD-Contract.pdf,security_seniority_definition_003,seniority,Does the document define seniority?,yes,"“Seniority” of a unit member, unless otherwise herein stated, shall be defined as beginning from the last effective date of employment in a position within the bargaining unit.",8,high,
san_diego_unified_school_district__2008_thru_2013_sdea_sdusd_contract__107cc0e6,2008-thru-2013-SDEA-SDUSD-Contract.pdf,security_voluntary_transfer_004,transfers,"What are the voluntary transfer procedures, if any?",not_discussed,,not_discussed,low,Stage 1 provided a detailed answer but quoted no evidence. Referenced pages 45-46 are beyond the provided document snippet. Changed to not_discussed per rule for missing evidence.
san_diego_unified_school_district__2008_thru_2013_sdea_sdusd_contract__107cc0e6,2008-thru-2013-SDEA-SDUSD-Contract.pdf,security_involuntary_transfer_005,transfers,Does the document describe involuntary transfer or reassignment procedures?,not_discussed,"Section 12.7 outlines involuntary transfer procedures, including administrative transfers (requiring written notice, interview, and grievance appeal), transfers for refusing extended-day service, and reduction of staff (volunteers first, then least seniority). It also lists indispensable services exempt from transfer.",not_discussed,low,"Stage 1 evidence cites page 49, which is beyond the provided document snippet. No evidence quoted. Changed to not_discussed."
san_diego_unified_school_district__2008_thru_2013_sdea_sdusd_contract__107cc0e6,2008-thru-2013-SDEA-SDUSD-Contract.pdf,security_rif_006,layoffs,"What are the layoff, reduction in force, retrenchment, or staff reduction procedures, if any?",not_discussed,19.1.3.1. The order of layoff within a service field or teaching subject shall be in reverse order of seniority within each of the following categories in the order set forth: a. Temporary contract teachers... and b. Probationary teachers. 19.1.4. Probationary unit members to be laid off for lack of funds shall be given written notice of layoff no later than April 15. 19.3.1. Unit members who have been laid off shall be placed on the reemployment list in the inverse order in which they were laid off for a period of thirty-nine (39) months.,not_discussed,low,"Stage 1 evidence cites pages 82-83, which is beyond the provided document snippet. No evidence quoted. Changed to not_discussed."
san_diego_unified_school_district__2008_thru_2013_sdea_sdusd_contract__107cc0e6,2008-thru-2013-SDEA-SDUSD-Contract.pdf,security_recall_007,layoffs,Does the document provide recall or callback rights after layoff?,not_discussed,,not_applicable,high,"The provided document excerpt ends on page 40. The Table of Contents indicates Article 19 (Layoff & Reemployment) begins on page 78, which contains recall/callback rights and RIF criteria. As these sections are absent from the provided text, the topic is not discussed in the excerpt."
san_diego_unified_school_district__2008_thru_2013_sdea_sdusd_contract__107cc0e6,2008-thru-2013-SDEA-SDUSD-Contract.pdf,security_rif_criterion_008,layoffs,What is the primary criterion for determining the order of layoff among teachers?,not_discussed,,not_applicable,high,"The provided document excerpt ends on page 40. Layoff and RIF criteria are detailed in Article 19 (Layoff & Reemployment), which begins on page 78 per the Table of Contents and is not included in the provided text."
san_diego_unified_school_district__2008_thru_2013_sdea_sdusd_contract__107cc0e6,2008-thru-2013-SDEA-SDUSD-Contract.pdf,security_probation_length_009,job security,What is the probationary or provisional period before tenure or continuing status?,not_discussed,,not_applicable,high,"While the contract references 'probationary status' (e.g., pp. 9, 31, 35), it does not specify the length of the probationary or provisional period prior to tenure/continuing status in the provided pages."
san_diego_unified_school_district__2008_thru_2013_sdea_sdusd_contract__107cc0e6,2008-thru-2013-SDEA-SDUSD-Contract.pdf,security_tenure_rules_010,job security,"Does the document describe tenure, continuing contract, or permanent status rights?",not_discussed,,not_applicable,high,"The contract references 'permanent status' and 'continuing contract' (pp. 8, 31, 35), but does not describe the specific rules for attaining tenure or continuing contract status in the provided pages."
san_diego_unified_school_district__2008_thru_2013_sdea_sdusd_contract__107cc0e6,2008-thru-2013-SDEA-SDUSD-Contract.pdf,security_certification_011,job security,"Does the document state teacher certification, licensure, endorsement, or renewal requirements?",not_discussed,,not_applicable,high,"The provided text mentions 'credential' and 'emergency credential' (p. 9) and reinstatement based on credential (p. 36), but does not outline specific teacher certification, licensure, endorsement, or renewal requirements."
san_diego_unified_school_district__2008_thru_2013_sdea_sdusd_contract__107cc0e6,2008-thru-2013-SDEA-SDUSD-Contract.pdf,discipline_just_cause_001,discipline,"Does the document require just cause, proper cause, or cause for teacher discipline or dismissal?",yes,Violation of this Article by any person covered by this Agreement shall constitute evident unfitness for service and cause for dismissal.,84,high,
san_diego_unified_school_district__2008_thru_2013_sdea_sdusd_contract__107cc0e6,2008-thru-2013-SDEA-SDUSD-Contract.pdf,discipline_dismissal_002,discipline,"Does the document describe dismissal, termination, discharge, or contract cancellation procedures?",not_discussed,,not_discussed,low,"Original document provided is truncated after page 40. Unable to verify later articles (e.g., Grievance Procedure, Letters of Reprimand & Suspensions) where dismissal procedures may be located. Answer retained as not_discussed pending full document review."
san_diego_unified_school_district__2008_thru_2013_sdea_sdusd_contract__107cc0e6,2008-thru-2013-SDEA-SDUSD-Contract.pdf,conduct_outside_employment_001,teacher rights and conduct,"Does the document restrict outside employment, tutoring, or conflicts of interest?",not_discussed,,not_discussed,high,
san_diego_unified_school_district__2008_thru_2013_sdea_sdusd_contract__107cc0e6,2008-thru-2013-SDEA-SDUSD-Contract.pdf,conduct_ethics_002,teacher rights and conduct,"Does the document include a code of ethics, standards of conduct, or professional responsibility rules?",not_discussed,,not_discussed,high,
san_diego_unified_school_district__2008_thru_2013_sdea_sdusd_contract__107cc0e6,2008-thru-2013-SDEA-SDUSD-Contract.pdf,conduct_drug_alcohol_003,teacher rights and conduct,"Does the document include drug-free workplace, alcohol, or substance-abuse rules?",not_discussed,,not_discussed,high,
san_diego_unified_school_district__2008_thru_2013_sdea_sdusd_contract__107cc0e6,2008-thru-2013-SDEA-SDUSD-Contract.pdf,conduct_social_media_005,teacher rights and conduct,Does the document regulate employee social media use?,not_discussed,,not_discussed,high,
san_diego_unified_school_district__2008_thru_2013_sdea_sdusd_contract__107cc0e6,2008-thru-2013-SDEA-SDUSD-Contract.pdf,conduct_acceptable_use_006,teacher rights and conduct,"Does the document include acceptable-use, email, internet, or network technology rules for employees?",not_discussed,,not_discussed,high,
san_diego_unified_school_district__2008_thru_2013_sdea_sdusd_contract__107cc0e6,2008-thru-2013-SDEA-SDUSD-Contract.pdf,conduct_academic_freedom_007,teacher rights and conduct,Does the document protect academic freedom or personal academic views?,not_discussed,,not_discussed,high,
san_diego_unified_school_district__2008_thru_2013_sdea_sdusd_contract__107cc0e6,2008-thru-2013-SDEA-SDUSD-Contract.pdf,conduct_curriculum_autonomy_008,teacher rights and conduct,"Does the document address teacher discretion over curriculum, lesson content, methods, or instructional materials?",not_discussed,,not_applicable,high,
san_diego_unified_school_district__2008_thru_2013_sdea_sdusd_contract__107cc0e6,2008-thru-2013-SDEA-SDUSD-Contract.pdf,conduct_lesson_plans_009,teacher rights and conduct,Does the document require lesson plans or specify lesson-plan submission rules?,yes,The evaluatee shall provide the observer(s) with a brief outline of the lesson being observed and the assessment or observation method to be used to measure student achievement. / Development of detailed lesson plans may be required as appropriate.,"58, 61",high,
san_diego_unified_school_district__2008_thru_2013_sdea_sdusd_contract__107cc0e6,2008-thru-2013-SDEA-SDUSD-Contract.pdf,conduct_political_activity_010,teacher rights and conduct,Does the document restrict or protect political activity by teachers?,not_discussed,,not_applicable,high,
san_diego_unified_school_district__2008_thru_2013_sdea_sdusd_contract__107cc0e6,2008-thru-2013-SDEA-SDUSD-Contract.pdf,conduct_non_duty_hours_011,teacher rights and conduct,Does the document protect teachers' personal affairs or conduct during non-duty hours?,not_discussed,,not_applicable,high,
san_diego_unified_school_district__2008_thru_2013_sdea_sdusd_contract__107cc0e6,2008-thru-2013-SDEA-SDUSD-Contract.pdf,safety_health_committee_001,safety and working conditions,Does the document include health and safety provisions or a safety committee?,yes,"Section 11.2. The District agrees to maintain schools and other work locations in a safe and sanitary condition, and shall not knowingly violate applicable provisions of state and federal laws relating to health, safety, and fire.",40,high,
san_diego_unified_school_district__2008_thru_2013_sdea_sdusd_contract__107cc0e6,2008-thru-2013-SDEA-SDUSD-Contract.pdf,safety_assault_protection_002,safety and working conditions,Does the document provide teacher assault protections or procedures after assault?,yes,"Unit members shall immediately report to their supervisors all threats of physical harm or cases of assault and/or battery suffered by them in connection with their employment. Any student who has caused, attempted to cause, or threatened to cause physical injury to a unit member or who violates the district Zero Tolerance Policy shall be suspended, expelled or otherwise disciplined in accordance with district student discipline or Zero Tolerance procedures.",43,high,
san_diego_unified_school_district__2008_thru_2013_sdea_sdusd_contract__107cc0e6,2008-thru-2013-SDEA-SDUSD-Contract.pdf,safety_student_discipline_003,safety and working conditions,Does the document describe student discipline or behavior-management procedures affecting teachers?,yes,"Section 11.7.1. Each school site principal, in concert with the staff and governance team, shall develop a student discipline plan which conforms to the provisions of this Article and with district procedure.",41,high,
san_diego_unified_school_district__2008_thru_2013_sdea_sdusd_contract__107cc0e6,2008-thru-2013-SDEA-SDUSD-Contract.pdf,safety_remove_student_004,safety and working conditions,Does the document state a teacher's authority to remove a student from class?,yes,"A unit member may suspend a student from his/her class for the day of the incident and the day following for good cause. The unit member shall report the suspension to the principal or designee and send the student to the principal or designee for appropriate action. ... Acts for which a unit member may suspend a student from the class are enumerated in Education Code 48900 and include, among others, insubordination, striking of any school personnel, damaging property, endangering the safety of others, and consistent refusal to respond to directions of the unit member.",41-42,high,
san_diego_unified_school_district__2008_thru_2013_sdea_sdusd_contract__107cc0e6,2008-thru-2013-SDEA-SDUSD-Contract.pdf,safety_emergency_closure_005,safety and working conditions,"Does the document address emergency, lockdown, inclement weather, or school closure procedures for staff?",not_discussed,,not_applicable,high,
san_diego_unified_school_district__2008_thru_2013_sdea_sdusd_contract__107cc0e6,2008-thru-2013-SDEA-SDUSD-Contract.pdf,safety_environment_006,safety and working conditions,"Does the document address physical working conditions such as temperature, ventilation, air quality, cleanliness, acoustics, or construction disruption?",yes,"Section 11.2.2. During periods of extremely hot weather, classroom unit members may, with approval from the principal/supervisor, relocate their classes from assigned rooms to shaded areas outside of the building or relocate their classes from portable buildings and other identified hot areas to a more comfortable room or facility on campus.",40,high,
san_diego_unified_school_district__2008_thru_2013_sdea_sdusd_contract__107cc0e6,2008-thru-2013-SDEA-SDUSD-Contract.pdf,safety_security_measures_007,safety and working conditions,"Does the document mention security staff, building access, visitor controls, cameras, or personal security measures?",yes,"The site security plan shall include rules and procedures to be followed by site personnel for their protection, including a method of emergency communication and rules and regulations governing the entering and leaving of school sites.",41,high,
san_diego_unified_school_district__2008_thru_2013_sdea_sdusd_contract__107cc0e6,2008-thru-2013-SDEA-SDUSD-Contract.pdf,safety_weapons_008,safety and working conditions,Does the document state employee obligations or restrictions related to weapons on school property?,no,,41,high,
san_diego_unified_school_district__2008_thru_2013_sdea_sdusd_contract__107cc0e6,2008-thru-2013-SDEA-SDUSD-Contract.pdf,pd_new_teacher_mentoring_001,professional development,"Does the document provide mentoring, induction, orientation, or support for new teachers?",not_discussed,,not_discussed,high,
san_diego_unified_school_district__2008_thru_2013_sdea_sdusd_contract__107cc0e6,2008-thru-2013-SDEA-SDUSD-Contract.pdf,pd_teacher_leadership_002,professional development,"Does the document create teacher leadership roles, instructional coaches, councils, or committees tied to professional practice?","yes. Roles: Consulting Teacher (1.0 FTE, max caseload 6, 4-yr term, job-share eligible) and Joint Panel (3 teacher members/2 admin members, $1,500/yr stipend, release time). Selection: Panel selects CTs via application, references, interviews, observation. Duties: CTs provide instructional support in subject matter/teaching strategies; Panel oversees program, reviews reports, resolves issues, sets budget.",“Consulting Teacher” is an exemplary teacher meeting the requirements of Section 18.4.1 who is selected by the Joint Panel to provide assistance to a participating teacher.,74,high,
san_diego_unified_school_district__2008_thru_2013_sdea_sdusd_contract__107cc0e6,2008-thru-2013-SDEA-SDUSD-Contract.pdf,pd_career_ladder_003,professional development,"Does the document include a career ladder, teacher advancement pathway, or differentiated career roles?",not_discussed,,not_discussed,high,
