document_id,file_name,district_name,chunk_index,quote,subject_text,acting_party,protected_party,modal,negation,voice,verb_lexical_category,statement_type,llm_judgment,statement_type_match,modal_strength,topic,quote_verified,notes
fresno_unified_school_district__fta_fresno_teachers_association_cba_2010_2012__6e67ecb0,FTA-Fresno-Teachers-Association_CBA_2010-2012.pdf,Fresno Unified School District,4,The Fresno Unified School District shall employ only persons qualified as stipulated in the Education Code to teach in Adult Education.,The Fresno Unified School District,management,management,shall,False,active,plain,obligation,obligation,True,1.0,other,True,
fresno_unified_school_district__fta_fresno_teachers_association_cba_2010_2012__6e67ecb0,FTA-Fresno-Teachers-Association_CBA_2010-2012.pdf,Fresno Unified School District,4,Preference shall be given to qualified bargaining unit members currently employed by the District,Preference,management,worker,shall,False,passive,rights_passive,right,right,True,1.0,other,True,
fresno_unified_school_district__fta_fresno_teachers_association_cba_2010_2012__6e67ecb0,FTA-Fresno-Teachers-Association_CBA_2010-2012.pdf,Fresno Unified School District,4,This shall not be construed or administered so as to staff classes with normal and usual course contents with personnel other than district bargaining unit members.,This,other,worker,shall,True,passive,plain,prohibition,prohibition,True,1.0,other,True,
fresno_unified_school_district__fta_fresno_teachers_association_cba_2010_2012__6e67ecb0,FTA-Fresno-Teachers-Association_CBA_2010-2012.pdf,Fresno Unified School District,4,"Adult School teachers shall be evaluated annually during the first year of employment, and at least every other year thereafter by the Adult School principal or designee.",Adult School teachers,management,management,shall,False,passive,plain,obligation,obligation,True,1.0,evaluation,True,
fresno_unified_school_district__fta_fresno_teachers_association_cba_2010_2012__6e67ecb0,FTA-Fresno-Teachers-Association_CBA_2010-2012.pdf,Fresno Unified School District,4,"The District shall develop and maintain a record of adult school unit member employees, their assignments, employment relationship and tenure status, hours employed and potential compensation.",The District,management,worker,shall,False,active,plain,obligation,obligation,True,1.0,other,True,
fresno_unified_school_district__fta_fresno_teachers_association_cba_2010_2012__6e67ecb0,FTA-Fresno-Teachers-Association_CBA_2010-2012.pdf,Fresno Unified School District,4,Copies of this record shall be transmitted to the Association with the necessary data to maintain its duty of representation for these unit members.,Copies of this record,other,worker,shall,False,passive,plain,obligation,obligation,True,1.0,other,True,
fresno_unified_school_district__fta_fresno_teachers_association_cba_2010_2012__6e67ecb0,FTA-Fresno-Teachers-Association_CBA_2010-2012.pdf,Fresno Unified School District,4,Sick leave will be accumulated at the rate of one hour for every 18 hours of paid employment.,Sick leave,other,worker,will,False,passive,plain,obligation,obligation,True,0.9,benefits,True,
fresno_unified_school_district__fta_fresno_teachers_association_cba_2010_2012__6e67ecb0,FTA-Fresno-Teachers-Association_CBA_2010-2012.pdf,Fresno Unified School District,4,Sick Leave for full-time teachers shall be accumulated at one day per month of employment.,Sick Leave for full-time teachers,other,worker,shall,False,passive,plain,obligation,obligation,True,1.0,benefits,True,
fresno_unified_school_district__fta_fresno_teachers_association_cba_2010_2012__6e67ecb0,FTA-Fresno-Teachers-Association_CBA_2010-2012.pdf,Fresno Unified School District,4,"The work year will consist of 196 days for teachers in open entry/open exit programs (including but not limited to the ABE, ESL, GED programs).",The work year,other,worker,will,False,active,plain,obligation,obligation,True,0.9,workload,True,
fresno_unified_school_district__fta_fresno_teachers_association_cba_2010_2012__6e67ecb0,FTA-Fresno-Teachers-Association_CBA_2010-2012.pdf,Fresno Unified School District,5,"Based on program need, the District may designate a work year different than 196 days for teachers on special assignment, non-open entry/ open exit programs, or resource positions.",the District,management,management,may,False,active,plain,permission,permission,True,0.3,workload,True,
fresno_unified_school_district__fta_fresno_teachers_association_cba_2010_2012__6e67ecb0,FTA-Fresno-Teachers-Association_CBA_2010-2012.pdf,Fresno Unified School District,5,A summer school session will be offered.,A summer school session,management,worker,will,False,passive,plain,obligation,obligation,True,0.9,other,True,
fresno_unified_school_district__fta_fresno_teachers_association_cba_2010_2012__6e67ecb0,FTA-Fresno-Teachers-Association_CBA_2010-2012.pdf,Fresno Unified School District,5,Teacher assignments will be offered at the same rate of pay as that of the regular session,Teacher assignments,management,worker,will,False,passive,plain,obligation,obligation,True,0.9,compensation,True,
fresno_unified_school_district__fta_fresno_teachers_association_cba_2010_2012__6e67ecb0,FTA-Fresno-Teachers-Association_CBA_2010-2012.pdf,Fresno Unified School District,5,and will be assigned by program need.,Teacher assignments,management,management,will,False,passive,plain,obligation,obligation,True,0.9,other,True,
fresno_unified_school_district__fta_fresno_teachers_association_cba_2010_2012__6e67ecb0,FTA-Fresno-Teachers-Association_CBA_2010-2012.pdf,Fresno Unified School District,5,"Attending faculty, departmental or staff development meetings called or approved by the site administration during regular school days shall not exceed four (4) hours per month.","Attending faculty, departmental or staff development meetings called or approved by the site administration during regular school days",other,worker,shall,True,active,plain,prohibition,prohibition,True,1.0,professional_development,True,
fresno_unified_school_district__fta_fresno_teachers_association_cba_2010_2012__6e67ecb0,FTA-Fresno-Teachers-Association_CBA_2010-2012.pdf,Fresno Unified School District,5,The Work Day shall be 420 minutes.,The Work Day,other,worker,shall,False,active,plain,obligation,obligation,True,1.0,workload,True,
fresno_unified_school_district__fta_fresno_teachers_association_cba_2010_2012__6e67ecb0,FTA-Fresno-Teachers-Association_CBA_2010-2012.pdf,Fresno Unified School District,5,Instructional time shall be 330 minutes per day (55 minutes of instruction for each clock hour).,Instructional time,other,worker,shall,False,active,plain,obligation,obligation,True,1.0,workload,True,
fresno_unified_school_district__fta_fresno_teachers_association_cba_2010_2012__6e67ecb0,FTA-Fresno-Teachers-Association_CBA_2010-2012.pdf,Fresno Unified School District,5,Preparation time including breaks shall be 60 minutes per day.,Preparation time including breaks,other,worker,shall,False,active,plain,obligation,obligation,True,1.0,workload,True,
fresno_unified_school_district__fta_fresno_teachers_association_cba_2010_2012__6e67ecb0,FTA-Fresno-Teachers-Association_CBA_2010-2012.pdf,Fresno Unified School District,5,The Work Day includes a 30 minute duty free lunch.,The Work Day,other,worker,,False,active,plain,other,other,True,0.0,workload,True,
fresno_unified_school_district__fta_fresno_teachers_association_cba_2010_2012__6e67ecb0,FTA-Fresno-Teachers-Association_CBA_2010-2012.pdf,Fresno Unified School District,5,Instructional time shall be 55 minutes for each hour of pay.,Instructional time,other,worker,shall,False,active,plain,obligation,obligation,True,1.0,compensation,True,
fresno_unified_school_district__fta_fresno_teachers_association_cba_2010_2012__6e67ecb0,FTA-Fresno-Teachers-Association_CBA_2010-2012.pdf,Fresno Unified School District,5,Preparation time including breaks shall be 10 minutes for each 55 minutes of instruction.,Preparation time including breaks,other,worker,shall,False,active,plain,obligation,obligation,True,1.0,workload,True,
fresno_unified_school_district__fta_fresno_teachers_association_cba_2010_2012__6e67ecb0,FTA-Fresno-Teachers-Association_CBA_2010-2012.pdf,Fresno Unified School District,5,"The District shall determine teacher schedule and location of assignment, including, but not limited to, split schedules and multi-site assignments.",The District,management,management,shall,False,active,plain,obligation,obligation,True,1.0,other,True,
fresno_unified_school_district__fta_fresno_teachers_association_cba_2010_2012__6e67ecb0,FTA-Fresno-Teachers-Association_CBA_2010-2012.pdf,Fresno Unified School District,5,"If legislation passes which transfers adult education programs to other public agencies, FUSD will abide by legislation requirements as to determine employment rights of adult education teachers.",FUSD,management,worker,will,False,active,plain,obligation,obligation,True,0.9,job_security,True,Conditional operative clause.
fresno_unified_school_district__fta_fresno_teachers_association_cba_2010_2012__6e67ecb0,FTA-Fresno-Teachers-Association_CBA_2010-2012.pdf,Fresno Unified School District,6,"The Association and its members shall have the right to make reasonable use of District buildings and equipment facilities when not otherwise in use, and during non-student contact time for Association business.",The Association and its members,worker,worker,shall,False,active,plain,obligation,right,False,1.0,other,True,
fresno_unified_school_district__fta_fresno_teachers_association_cba_2010_2012__6e67ecb0,FTA-Fresno-Teachers-Association_CBA_2010-2012.pdf,Fresno Unified School District,6,"The Association shall have the right to post notices of activities and matters of Association concern on Association bulletin boards, at least one of which shall be provided in each school building in areas frequented by teachers.",The Association,worker,worker,shall,False,active,plain,obligation,right,False,1.0,other,True,
fresno_unified_school_district__fta_fresno_teachers_association_cba_2010_2012__6e67ecb0,FTA-Fresno-Teachers-Association_CBA_2010-2012.pdf,Fresno Unified School District,6,The Association may use the District mail service and teacher mailboxes for communication to teachers.,The Association,worker,worker,may,False,active,plain,permission,permission,True,0.3,other,True,
fresno_unified_school_district__fta_fresno_teachers_association_cba_2010_2012__6e67ecb0,FTA-Fresno-Teachers-Association_CBA_2010-2012.pdf,Fresno Unified School District,6,It is understood that copies of all such information that is of a general nature shall be simultaneously routed to the Superintendent's Office.,copies of all such information that is of a general nature,management,management,shall,False,passive,plain,obligation,obligation,True,1.0,other,True,Preamble phrase 'It is understood that'; operative duty falls on District.
fresno_unified_school_district__fta_fresno_teachers_association_cba_2010_2012__6e67ecb0,FTA-Fresno-Teachers-Association_CBA_2010-2012.pdf,Fresno Unified School District,6,"It is also understood that all published information of a general nature from the District, pertinent to members of the teacher unit, shall also be forwarded immediately to the Association Office.","all published information of a general nature from the District, pertinent to members of the teacher unit",management,worker,shall,False,passive,plain,obligation,obligation,True,1.0,other,True,Preamble phrase 'It is also understood that'; operative duty falls on District.
fresno_unified_school_district__fta_fresno_teachers_association_cba_2010_2012__6e67ecb0,FTA-Fresno-Teachers-Association_CBA_2010-2012.pdf,Fresno Unified School District,6,"Authorized representatives of the Association shall be permitted, via prior scheduling clearance with the principal, to transact official Association business on school property during non-teaching duty times in accordance with the following provisions:",Authorized representatives of the Association,worker,worker,shall,False,passive,permission_verb,permission,permission,True,1.0,other,True,
fresno_unified_school_district__fta_fresno_teachers_association_cba_2010_2012__6e67ecb0,FTA-Fresno-Teachers-Association_CBA_2010-2012.pdf,Fresno Unified School District,6,Bargaining unit members shall not attend Association meetings at the beginning of the day later than ten minutes prior to the beginning of their morning classes.,Bargaining unit members,worker,management,shall,True,active,plain,prohibition,prohibition,True,1.0,teacher_rights_and_conduct,True,
fresno_unified_school_district__fta_fresno_teachers_association_cba_2010_2012__6e67ecb0,FTA-Fresno-Teachers-Association_CBA_2010-2012.pdf,Fresno Unified School District,6,"Bargaining unit members shall not attend Association meetings at the end of the day until ten minutes after their last regularly scheduled classes are dismissed, or 4:00 p.m., whichever is earlier.",Bargaining unit members,worker,management,shall,True,active,plain,prohibition,prohibition,True,1.0,teacher_rights_and_conduct,True,
fresno_unified_school_district__fta_fresno_teachers_association_cba_2010_2012__6e67ecb0,FTA-Fresno-Teachers-Association_CBA_2010-2012.pdf,Fresno Unified School District,6,Utilization of non-teaching duty time for Association meetings shall be reasonable so as to avoid unnecessary frequency.,Utilization of non-teaching duty time for Association meetings,worker,management,shall,False,active,plain,obligation,obligation,True,1.0,teacher_rights_and_conduct,True,
fresno_unified_school_district__fta_fresno_teachers_association_cba_2010_2012__6e67ecb0,FTA-Fresno-Teachers-Association_CBA_2010-2012.pdf,Fresno Unified School District,6,The District will endeavor to not interfere with the Association's ability to carry out meetings pertinent to its function of exclusive representative.,The District,management,worker,will,False,active,plain,obligation,obligation,True,0.9,teacher_rights_and_conduct,True,
fresno_unified_school_district__fta_fresno_teachers_association_cba_2010_2012__6e67ecb0,FTA-Fresno-Teachers-Association_CBA_2010-2012.pdf,Fresno Unified School District,6,"A ""President's Leave"" shall be granted to the President of the Association in conformance with Section 44987 of the California Education Code.","A ""President's Leave""",management,worker,shall,False,passive,rights_passive,right,right,True,1.0,leave,True,
fresno_unified_school_district__fta_fresno_teachers_association_cba_2010_2012__6e67ecb0,FTA-Fresno-Teachers-Association_CBA_2010-2012.pdf,Fresno Unified School District,6,"Such leave will be granted for the term of office, and, upon reelection, an additional term.",Such leave,management,worker,will,False,passive,rights_passive,right,right,True,0.9,leave,True,
fresno_unified_school_district__fta_fresno_teachers_association_cba_2010_2012__6e67ecb0,FTA-Fresno-Teachers-Association_CBA_2010-2012.pdf,Fresno Unified School District,6,"At the expiration of the leave, the teacher shall be returned to the position filled by the teacher when such leave was granted, unless the position was abolished or the teacher agrees to waive the return rights.",the teacher,worker,worker,shall,False,passive,plain,obligation,obligation,True,1.0,leave,True,
fresno_unified_school_district__fta_fresno_teachers_association_cba_2010_2012__6e67ecb0,FTA-Fresno-Teachers-Association_CBA_2010-2012.pdf,Fresno Unified School District,6,The President shall be considered a member of the bargaining unit and as such will maintain all rights and benefits for the period of the leave.,The President,worker,worker,shall,False,active,plain,obligation,right,False,1.0,leave,True,Compound predicate with two different modals (shall/will).
fresno_unified_school_district__fta_fresno_teachers_association_cba_2010_2012__6e67ecb0,FTA-Fresno-Teachers-Association_CBA_2010-2012.pdf,Fresno Unified School District,6,The Association shall reimburse the District for all salary/benefit costs that constitute the District's total obligation of employee expenses for the individual serving as Association President.,The Association,worker,management,shall,False,active,plain,obligation,obligation,True,1.0,leave,True,
fresno_unified_school_district__fta_fresno_teachers_association_cba_2010_2012__6e67ecb0,FTA-Fresno-Teachers-Association_CBA_2010-2012.pdf,Fresno Unified School District,7,The President shall be considered a member of the bargaining unit,The President,management,worker,shall,False,passive,plain,obligation,other,False,1.0,other,True,
fresno_unified_school_district__fta_fresno_teachers_association_cba_2010_2012__6e67ecb0,FTA-Fresno-Teachers-Association_CBA_2010-2012.pdf,Fresno Unified School District,7,and as such will maintain all rights and benefits for the period of the leave.,[The President],worker,worker,will,False,active,plain,obligation,right,False,0.9,leave,True,implied subject from prior clause
fresno_unified_school_district__fta_fresno_teachers_association_cba_2010_2012__6e67ecb0,FTA-Fresno-Teachers-Association_CBA_2010-2012.pdf,Fresno Unified School District,7,"5. Names, addresses and telephone numbers of all District staff (who voluntarily provide such information to the District) shall be provided without cost to the Association and its members as soon as possible after the information is available to the District.","Names, addresses and telephone numbers of all District staff (who voluntarily provide such information to the District)",management,worker,shall,False,passive,rights_passive,right,obligation,False,1.0,teacher_rights_and_conduct,True,
fresno_unified_school_district__fta_fresno_teachers_association_cba_2010_2012__6e67ecb0,FTA-Fresno-Teachers-Association_CBA_2010-2012.pdf,Fresno Unified School District,7,6. The District will furnish the Association such information as is necessary to allow the Association to carry out its function as exclusive representative.,The District,management,worker,will,False,active,plain,obligation,obligation,True,0.9,teacher_rights_and_conduct,True,
fresno_unified_school_district__fta_fresno_teachers_association_cba_2010_2012__6e67ecb0,FTA-Fresno-Teachers-Association_CBA_2010-2012.pdf,Fresno Unified School District,7,Such information readily available will be furnished at no cost to the Association.,Such information readily available,management,worker,will,False,passive,plain,obligation,obligation,True,0.9,teacher_rights_and_conduct,True,
fresno_unified_school_district__fta_fresno_teachers_association_cba_2010_2012__6e67ecb0,FTA-Fresno-Teachers-Association_CBA_2010-2012.pdf,Fresno Unified School District,7,the cost will be documented,the cost,management,management,will,False,passive,plain,obligation,obligation,True,0.9,other,True,extracted from conditional sentence
fresno_unified_school_district__fta_fresno_teachers_association_cba_2010_2012__6e67ecb0,FTA-Fresno-Teachers-Association_CBA_2010-2012.pdf,Fresno Unified School District,7,and the Association may be billed.,the Association,management,management,may,False,passive,plain,permission,permission,True,0.3,other,True,extracted from conditional sentence
fresno_unified_school_district__fta_fresno_teachers_association_cba_2010_2012__6e67ecb0,FTA-Fresno-Teachers-Association_CBA_2010-2012.pdf,Fresno Unified School District,7,"The District will furnish all information that the District deems will contribute to better communications between the District, the Association and the bargaining unit members.",The District,management,worker,will,False,active,plain,obligation,obligation,True,0.9,teacher_rights_and_conduct,True,
fresno_unified_school_district__fta_fresno_teachers_association_cba_2010_2012__6e67ecb0,FTA-Fresno-Teachers-Association_CBA_2010-2012.pdf,Fresno Unified School District,7,The Association shall be provided an account of one hundred thirty-five (135) teaching days of substitute pay annually,The Association,management,worker,shall,False,passive,rights_passive,right,right,True,1.0,other,True,
fresno_unified_school_district__fta_fresno_teachers_association_cba_2010_2012__6e67ecb0,FTA-Fresno-Teachers-Association_CBA_2010-2012.pdf,Fresno Unified School District,7,Any days unused in the first year shall be carried over for the second year.,Any days unused in the first year,management,worker,shall,False,passive,plain,obligation,obligation,True,1.0,other,True,
fresno_unified_school_district__fta_fresno_teachers_association_cba_2010_2012__6e67ecb0,FTA-Fresno-Teachers-Association_CBA_2010-2012.pdf,Fresno Unified School District,7,Any days unused in the second year shall be carried over into the third year.,Any days unused in the second year,management,worker,shall,False,passive,plain,obligation,obligation,True,1.0,other,True,
fresno_unified_school_district__fta_fresno_teachers_association_cba_2010_2012__6e67ecb0,FTA-Fresno-Teachers-Association_CBA_2010-2012.pdf,Fresno Unified School District,7,This shall not be so construed to have first year unused days carried over into the third year.,This,other,management,shall,True,passive,plain,prohibition,prohibition,True,1.0,other,True,interpretive clause with inanimate subject
fresno_unified_school_district__fta_fresno_teachers_association_cba_2010_2012__6e67ecb0,FTA-Fresno-Teachers-Association_CBA_2010-2012.pdf,Fresno Unified School District,7,"8. Association faculty representatives and executive board members shall be released from their schools to attend Association Representative Council meetings at 3:15 p.m., or after their last class is excused, whichever is later.",Association faculty representatives and executive board members,management,worker,shall,False,passive,plain,obligation,obligation,True,1.0,teacher_rights_and_conduct,True,
fresno_unified_school_district__fta_fresno_teachers_association_cba_2010_2012__6e67ecb0,FTA-Fresno-Teachers-Association_CBA_2010-2012.pdf,Fresno Unified School District,7,Utilization of non-teaching duty time for Association Representative Council meetings shall be reasonable so as to avoid unnecessary frequency.,Utilization of non-teaching duty time for Association Representative Council meetings,other,management,shall,False,active,plain,obligation,obligation,True,1.0,teacher_rights_and_conduct,True,inanimate subject
fresno_unified_school_district__fta_fresno_teachers_association_cba_2010_2012__6e67ecb0,FTA-Fresno-Teachers-Association_CBA_2010-2012.pdf,Fresno Unified School District,7,1. Child Development Center Teachers currently employed in the District having a valid California teaching credential shall have opportunity to enter the District's voluntary transfer pool for the purpose of interviewing for permanent openings.,Child Development Center Teachers currently employed in the District having a valid California teaching credential,worker,worker,shall,False,active,rights_active,right,right,True,1.0,transfers,True,
fresno_unified_school_district__fta_fresno_teachers_association_cba_2010_2012__6e67ecb0,FTA-Fresno-Teachers-Association_CBA_2010-2012.pdf,Fresno Unified School District,7,"2. After the District has met its needs in transfer of permanent teachers, in accordance with the teacher transfer article in this Agreement, Child Development Center Teachers shall be given preference for other permanent openings, if qualified and well recommended.",Child Development Center Teachers,management,worker,shall,False,passive,rights_passive,right,right,True,1.0,transfers,True,extracted main clause
fresno_unified_school_district__fta_fresno_teachers_association_cba_2010_2012__6e67ecb0,FTA-Fresno-Teachers-Association_CBA_2010-2012.pdf,Fresno Unified School District,7,"3. Such teachers will be afforded previous service experience as a credentialed teacher, up to a limit of five (5) years.",Such teachers,management,worker,will,False,passive,rights_passive,right,right,True,0.9,compensation,True,
fresno_unified_school_district__fta_fresno_teachers_association_cba_2010_2012__6e67ecb0,FTA-Fresno-Teachers-Association_CBA_2010-2012.pdf,Fresno Unified School District,8,"Such teachers will be afforded previous service experience as a credentialed teacher, up to a limit of five (5) years.",Such teachers,management,worker,will,False,passive,rights_passive,right,right,True,0.9,compensation,True,
fresno_unified_school_district__fta_fresno_teachers_association_cba_2010_2012__6e67ecb0,FTA-Fresno-Teachers-Association_CBA_2010-2012.pdf,Fresno Unified School District,8,"Prior to hiring new Children Center personnel to fill positions vacated by existing personnel, the District will offer such employment to existing personnel who wish to go from part time to full time employment.",the District,management,worker,will,False,active,plain,obligation,obligation,True,0.9,transfers,True,
fresno_unified_school_district__fta_fresno_teachers_association_cba_2010_2012__6e67ecb0,FTA-Fresno-Teachers-Association_CBA_2010-2012.pdf,Fresno Unified School District,8,Children Center personnel will serve their duty days in no more than two segments of continuous service.,Children Center personnel,worker,worker,will,False,active,plain,obligation,prohibition,False,0.9,workload,True,
fresno_unified_school_district__fta_fresno_teachers_association_cba_2010_2012__6e67ecb0,FTA-Fresno-Teachers-Association_CBA_2010-2012.pdf,Fresno Unified School District,9,"On the theory that vacation is given annually for recreation and relaxation of the employees, it shall not be permitted to accrue for the purpose of taking extended vacations.",it,other,management,shall,True,passive,prohibition_verb,permission,prohibition,False,1.0,leave,True,
fresno_unified_school_district__fta_fresno_teachers_association_cba_2010_2012__6e67ecb0,FTA-Fresno-Teachers-Association_CBA_2010-2012.pdf,Fresno Unified School District,9,Earned vacation may be taken at any time that is recommended by the Center Supervisors of the Child Development Centers and approved by the Coordinator of Children's Centers.,Earned vacation,management,worker,may,False,passive,permission_verb,permission,permission,True,0.3,leave,True,
fresno_unified_school_district__fta_fresno_teachers_association_cba_2010_2012__6e67ecb0,FTA-Fresno-Teachers-Association_CBA_2010-2012.pdf,Fresno Unified School District,9,"If there is a conflict over vacation schedules, priority will go to the person having greatest seniority in the District.",priority,other,worker,will,False,active,plain,obligation,obligation,True,0.9,leave,True,
fresno_unified_school_district__fta_fresno_teachers_association_cba_2010_2012__6e67ecb0,FTA-Fresno-Teachers-Association_CBA_2010-2012.pdf,Fresno Unified School District,9,Center Supervisors at the Child Development Centers will approve vacations,Center Supervisors at the Child Development Centers,management,worker,will,False,active,plain,obligation,obligation,True,0.9,leave,True,
fresno_unified_school_district__fta_fresno_teachers_association_cba_2010_2012__6e67ecb0,FTA-Fresno-Teachers-Association_CBA_2010-2012.pdf,Fresno Unified School District,9,Center Supervisors at the Child Development Centers will maintain a vacation chart which is posted for all employees to view.,Center Supervisors at the Child Development Centers,management,worker,will,False,active,plain,obligation,obligation,True,0.9,leave,True,
fresno_unified_school_district__fta_fresno_teachers_association_cba_2010_2012__6e67ecb0,FTA-Fresno-Teachers-Association_CBA_2010-2012.pdf,Fresno Unified School District,9,"Child Development Center Teachers will be provided with a one-half hour, duty-free lunch.",Child Development Center Teachers,management,worker,will,False,passive,rights_passive,right,right,True,0.9,safety_and_working_conditions,True,
fresno_unified_school_district__fta_fresno_teachers_association_cba_2010_2012__6e67ecb0,FTA-Fresno-Teachers-Association_CBA_2010-2012.pdf,Fresno Unified School District,9,Child Development Center Teachers' work year shall be reduced ten (10) days below the maximum number of days required during the 1977-78 school year (261 days).,Child Development Center Teachers' work year,management,worker,shall,False,passive,plain,obligation,obligation,True,1.0,workload,True,
fresno_unified_school_district__fta_fresno_teachers_association_cba_2010_2012__6e67ecb0,FTA-Fresno-Teachers-Association_CBA_2010-2012.pdf,Fresno Unified School District,9,Such days will be counted in the computation of vacation allowance,Such days,other,worker,will,False,passive,plain,obligation,obligation,True,0.9,leave,True,
fresno_unified_school_district__fta_fresno_teachers_association_cba_2010_2012__6e67ecb0,FTA-Fresno-Teachers-Association_CBA_2010-2012.pdf,Fresno Unified School District,9,Such days shall involve no reduction in level of annual remuneration.,Such days,other,worker,shall,False,active,plain,obligation,obligation,True,1.0,compensation,True,
fresno_unified_school_district__fta_fresno_teachers_association_cba_2010_2012__6e67ecb0,FTA-Fresno-Teachers-Association_CBA_2010-2012.pdf,Fresno Unified School District,9,Child Development Center Teachers working less than maximum number of days required shall be credited with a percentage of the ten (10) days achieved by computing the percentage of their individually required days to the maximum days required.,Child Development Center Teachers,management,worker,shall,False,passive,rights_passive,right,right,True,1.0,leave,True,
fresno_unified_school_district__fta_fresno_teachers_association_cba_2010_2012__6e67ecb0,FTA-Fresno-Teachers-Association_CBA_2010-2012.pdf,Fresno Unified School District,9,Contractual staffing ratios shall be established at the 2003-2004 levels,Contractual staffing ratios,other,worker,shall,False,passive,plain,obligation,obligation,True,1.0,class_size,True,
fresno_unified_school_district__fta_fresno_teachers_association_cba_2010_2012__6e67ecb0,FTA-Fresno-Teachers-Association_CBA_2010-2012.pdf,Fresno Unified School District,9,language regarding class size reduction programs shall be modified as follows,language regarding class size reduction programs,other,worker,shall,False,passive,plain,obligation,obligation,True,1.0,class_size,True,
fresno_unified_school_district__fta_fresno_teachers_association_cba_2010_2012__6e67ecb0,FTA-Fresno-Teachers-Association_CBA_2010-2012.pdf,Fresno Unified School District,10,"For the 2011-2012 school year, such ratios for the grades of 4-12 shall be increased by one (1).",such ratios for the grades of 4-12,other,management,shall,False,passive,plain,obligation,obligation,True,1.0,class_size,True,
fresno_unified_school_district__fta_fresno_teachers_association_cba_2010_2012__6e67ecb0,FTA-Fresno-Teachers-Association_CBA_2010-2012.pdf,Fresno Unified School District,10,This adjustment to the ratios shall remain the status quo,This adjustment to the ratios,other,management,shall,False,active,plain,obligation,obligation,True,1.0,class_size,True,
fresno_unified_school_district__fta_fresno_teachers_association_cba_2010_2012__6e67ecb0,FTA-Fresno-Teachers-Association_CBA_2010-2012.pdf,Fresno Unified School District,10,the adjustments shall cease as of the end of the 2012-2013 school year,the adjustments,other,worker,shall,False,active,plain,obligation,obligation,True,1.0,class_size,True,
fresno_unified_school_district__fta_fresno_teachers_association_cba_2010_2012__6e67ecb0,FTA-Fresno-Teachers-Association_CBA_2010-2012.pdf,Fresno Unified School District,10,the pre-2011-2012 ratios shall automatically apply commencing with the 2013-2014 school year,the pre-2011-2012 ratios,other,worker,shall,False,active,plain,obligation,obligation,True,1.0,class_size,True,
fresno_unified_school_district__fta_fresno_teachers_association_cba_2010_2012__6e67ecb0,FTA-Fresno-Teachers-Association_CBA_2010-2012.pdf,Fresno Unified School District,10,"Subject to continued full funding of the class-size reduction program by the State of California, however, this ratio can be modified as permitted by changes in legislation.",this ratio,management,management,can,False,passive,plain,permission,permission,True,0.3,class_size,True,
fresno_unified_school_district__fta_fresno_teachers_association_cba_2010_2012__6e67ecb0,FTA-Fresno-Teachers-Association_CBA_2010-2012.pdf,Fresno Unified School District,10,Classes in grade 9 will be reduced subject to the state and federal class size reduction programs,Classes in grade 9,other,worker,will,False,passive,plain,obligation,obligation,True,0.9,class_size,True,
fresno_unified_school_district__fta_fresno_teachers_association_cba_2010_2012__6e67ecb0,FTA-Fresno-Teachers-Association_CBA_2010-2012.pdf,Fresno Unified School District,10,this ratio can be modified as permitted by changes in legislation.,this ratio,other,management,can,False,passive,plain,permission,permission,True,0.3,class_size,True,
fresno_unified_school_district__fta_fresno_teachers_association_cba_2010_2012__6e67ecb0,FTA-Fresno-Teachers-Association_CBA_2010-2012.pdf,Fresno Unified School District,10,Only standard classroom teachers shall be included in the computation of ratios.,Only standard classroom teachers,management,management,shall,False,passive,plain,obligation,obligation,True,1.0,class_size,True,
fresno_unified_school_district__fta_fresno_teachers_association_cba_2010_2012__6e67ecb0,FTA-Fresno-Teachers-Association_CBA_2010-2012.pdf,Fresno Unified School District,10,"Nurses, librarians, resource teachers, work experience supervisors, teachers on special assignment, special education teachers, or any personnel whose assignment function consists of other than instruction of pupils shall not be included in computation of ratios (except as covered in section 1-C).","Nurses, librarians, resource teachers, work experience supervisors, teachers on special assignment, special education teachers, or any personnel whose assignment function consists of other than instruction of pupils",management,management,shall,True,passive,plain,prohibition,prohibition,True,1.0,class_size,True,
fresno_unified_school_district__fta_fresno_teachers_association_cba_2010_2012__6e67ecb0,FTA-Fresno-Teachers-Association_CBA_2010-2012.pdf,Fresno Unified School District,10,The numerical expression of teachers in the ratios shall be computed in the modality of full-time equivalencies.,The numerical expression of teachers in the ratios,other,management,shall,False,passive,plain,obligation,obligation,True,1.0,class_size,True,
fresno_unified_school_district__fta_fresno_teachers_association_cba_2010_2012__6e67ecb0,FTA-Fresno-Teachers-Association_CBA_2010-2012.pdf,Fresno Unified School District,10,Persons whose assignment consists partially of classroom teaching shall be included in such ratios only to the extent of the percentage of their assignment devoted to instruction of pupils.,Persons whose assignment consists partially of classroom teaching,management,management,shall,False,passive,plain,obligation,obligation,True,1.0,class_size,True,
fresno_unified_school_district__fta_fresno_teachers_association_cba_2010_2012__6e67ecb0,FTA-Fresno-Teachers-Association_CBA_2010-2012.pdf,Fresno Unified School District,10,"Neither Adult School nor Summer School teachers/students shall be included in the computation, nor be covered by the provisions of this article.",Neither Adult School nor Summer School teachers/students,management,management,shall,True,passive,plain,prohibition,prohibition,True,1.0,class_size,True,
fresno_unified_school_district__fta_fresno_teachers_association_cba_2010_2012__6e67ecb0,FTA-Fresno-Teachers-Association_CBA_2010-2012.pdf,Fresno Unified School District,10,The District shall make every effort to utilize every reasonable and economically feasible means available to stay below the following class sizes:,The District,management,worker,shall,False,active,obligation_verb,obligation,obligation,True,1.0,class_size,True,
fresno_unified_school_district__fta_fresno_teachers_association_cba_2010_2012__6e67ecb0,FTA-Fresno-Teachers-Association_CBA_2010-2012.pdf,Fresno Unified School District,10,"Within five (5) working days of receiving a written request by affected teacher(s), the Principal shall provide a written explanation regarding any classes that exceed the class si",the Principal,management,worker,shall,False,active,plain,obligation,obligation,True,1.0,class_size,True,Text truncated at end of chunk
fresno_unified_school_district__fta_fresno_teachers_association_cba_2010_2012__6e67ecb0,FTA-Fresno-Teachers-Association_CBA_2010-2012.pdf,Fresno Unified School District,11,"Within five (5) working days of receiving a written request by affected teacher(s), the Principal shall provide a written explanation regarding any classes that exceed the class size guidelines as described in 2(A) immediately above or are claimed to represent an inequitable distribution of students.",the Principal,management,worker,shall,False,active,plain,obligation,obligation,True,1.0,class_size,True,
fresno_unified_school_district__fta_fresno_teachers_association_cba_2010_2012__6e67ecb0,FTA-Fresno-Teachers-Association_CBA_2010-2012.pdf,Fresno Unified School District,11,This document shall be distributed to the appropriate Assistant Superintendent and FTA.,This document,other,worker,shall,False,passive,plain,obligation,obligation,True,1.0,class_size,True,
fresno_unified_school_district__fta_fresno_teachers_association_cba_2010_2012__6e67ecb0,FTA-Fresno-Teachers-Association_CBA_2010-2012.pdf,Fresno Unified School District,11,That number of teachers shall then be augmented by 1/5 of one teacher for each 200 students enrolled in the core curriculum,That number of teachers,management,worker,shall,False,passive,plain,obligation,obligation,True,1.0,class_size,True,
fresno_unified_school_district__fta_fresno_teachers_association_cba_2010_2012__6e67ecb0,FTA-Fresno-Teachers-Association_CBA_2010-2012.pdf,Fresno Unified School District,11,the District shall not be required to exceed the 1983-84 augmentation staffing level.,the District,management,management,shall,True,active,obligation_verb,right,right,True,1.0,class_size,True,
fresno_unified_school_district__fta_fresno_teachers_association_cba_2010_2012__6e67ecb0,FTA-Fresno-Teachers-Association_CBA_2010-2012.pdf,Fresno Unified School District,11,"Nothing shall prohibit directly involving teachers within a department, grade level grouping, or a total school from effecting mutual agreement with appropriate management personnel to vary size groups or classes so as to afford more flexibility in instructional program.",Nothing,other,worker,shall,True,active,plain,prohibition,permission,False,1.0,class_size,True,
fresno_unified_school_district__fta_fresno_teachers_association_cba_2010_2012__6e67ecb0,FTA-Fresno-Teachers-Association_CBA_2010-2012.pdf,Fresno Unified School District,11,All classes that are more than twenty percent (20%) above this average or more than thirty percent (30%) below must then be justified by the principal with the advice of the teaching staff within that instructi,All classes that are more than twenty percent (20%) above this average or more than thirty percent (30%) below,management,worker,must,False,passive,plain,obligation,obligation,True,1.0,class_size,True,Truncated at end of chunk
fresno_unified_school_district__fta_fresno_teachers_association_cba_2010_2012__6e67ecb0,FTA-Fresno-Teachers-Association_CBA_2010-2012.pdf,Fresno Unified School District,13,The District and Association agree to implement the Classroom Teacher Instructional Improvement Program in accordance with Education Code Sections 44700 through 44705 and the following provisions of this article.,The District and Association,other,worker,,False,active,plain,other,obligation,False,0.0,professional_development,True,
fresno_unified_school_district__fta_fresno_teachers_association_cba_2010_2012__6e67ecb0,FTA-Fresno-Teachers-Association_CBA_2010-2012.pdf,Fresno Unified School District,13,"Grants made pursuant to this provision shall supplement, and not supplant, regular instructional activities.",Grants made pursuant to this provision,other,worker,shall,False,active,plain,obligation,obligation,True,1.0,compensation,True,
fresno_unified_school_district__fta_fresno_teachers_association_cba_2010_2012__6e67ecb0,FTA-Fresno-Teachers-Association_CBA_2010-2012.pdf,Fresno Unified School District,13,"Any teacher eligible to receive an instructional improvement grant or any group of eligible teachers, may submit a grant proposal to the Grant Committee.",Any teacher eligible to receive an instructional improvement grant or any group of eligible teachers,worker,worker,may,False,active,plain,permission,permission,True,0.3,professional_development,True,
fresno_unified_school_district__fta_fresno_teachers_association_cba_2010_2012__6e67ecb0,FTA-Fresno-Teachers-Association_CBA_2010-2012.pdf,Fresno Unified School District,13,Each grant recipient shall be a full-time teacher whose primary duty is classroom instruction.,Each grant recipient,worker,worker,shall,False,active,obligation_verb,obligation,obligation,True,1.0,professional_development,True,
fresno_unified_school_district__fta_fresno_teachers_association_cba_2010_2012__6e67ecb0,FTA-Fresno-Teachers-Association_CBA_2010-2012.pdf,Fresno Unified School District,13,"Eligible individual teachers shall receive a grant for any amount not in excess of $2,000 per fiscal year.",Eligible individual teachers,worker,worker,shall,False,active,rights_active,right,right,True,1.0,compensation,True,
fresno_unified_school_district__fta_fresno_teachers_association_cba_2010_2012__6e67ecb0,FTA-Fresno-Teachers-Association_CBA_2010-2012.pdf,Fresno Unified School District,13,"A grant proposal submitted by a group of teachers shall receive a grant for any amount not in excess of $2,000 per fiscal year for each eligible teacher in the group.",A grant proposal submitted by a group of teachers,other,worker,shall,False,active,rights_active,right,right,True,1.0,compensation,True,
fresno_unified_school_district__fta_fresno_teachers_association_cba_2010_2012__6e67ecb0,FTA-Fresno-Teachers-Association_CBA_2010-2012.pdf,Fresno Unified School District,13,No portion of this program shall be budgeted or paid from General Fund monies.,No portion of this program,management,management,shall,True,passive,plain,prohibition,prohibition,True,1.0,compensation,True,
fresno_unified_school_district__fta_fresno_teachers_association_cba_2010_2012__6e67ecb0,FTA-Fresno-Teachers-Association_CBA_2010-2012.pdf,Fresno Unified School District,13,The program shall be implemented only to the extent that special funding from the State is provided.,The program,management,management,shall,False,passive,plain,obligation,obligation,True,1.0,compensation,True,
fresno_unified_school_district__fta_fresno_teachers_association_cba_2010_2012__6e67ecb0,FTA-Fresno-Teachers-Association_CBA_2010-2012.pdf,Fresno Unified School District,13,"If the funding is decreased at any time during the life of the program, the program will be decreased proportionately.",the program,management,management,will,False,passive,plain,obligation,obligation,True,0.9,compensation,True,
fresno_unified_school_district__fta_fresno_teachers_association_cba_2010_2012__6e67ecb0,FTA-Fresno-Teachers-Association_CBA_2010-2012.pdf,Fresno Unified School District,13,"The Instructional Improvement Grants Committee shall be composed of six (6) permanent full-time teachers whose primary duty is classroom instruction and five (5) administrators, of which one must be a building principal.",The Instructional Improvement Grants Committee,other,worker,shall,False,passive,plain,obligation,obligation,True,1.0,other,True,
fresno_unified_school_district__fta_fresno_teachers_association_cba_2010_2012__6e67ecb0,FTA-Fresno-Teachers-Association_CBA_2010-2012.pdf,Fresno Unified School District,13,The committee may be modified by mutual agreement of the Association and the District.,The committee,worker,management,may,False,passive,plain,permission,permission,True,0.3,other,True,
fresno_unified_school_district__fta_fresno_teachers_association_cba_2010_2012__6e67ecb0,FTA-Fresno-Teachers-Association_CBA_2010-2012.pdf,Fresno Unified School District,13,Teacher representatives whose primary duty is classroom instruction from the collective bargaining unit shall always constitute a majority of the committee.,Teacher representatives whose primary duty is classroom instruction from the collective bargaining unit,worker,worker,shall,False,active,plain,obligation,obligation,True,1.0,other,True,
fresno_unified_school_district__fta_fresno_teachers_association_cba_2010_2012__6e67ecb0,FTA-Fresno-Teachers-Association_CBA_2010-2012.pdf,Fresno Unified School District,13,The committee chairperson shall be elected by the committee.,The committee chairperson,management,worker,shall,False,passive,plain,obligation,obligation,True,1.0,other,True,
fresno_unified_school_district__fta_fresno_teachers_association_cba_2010_2012__6e67ecb0,FTA-Fresno-Teachers-Association_CBA_2010-2012.pdf,Fresno Unified School District,13,The Association shall select permanent full-time teachers whose primary duty is classroom instruction to serve as teacher representatives on the Grants Committee by a method to be determined by the Association.,The Association,worker,worker,shall,False,active,plain,obligation,obligation,True,1.0,other,True,
fresno_unified_school_district__fta_fresno_teachers_association_cba_2010_2012__6e67ecb0,FTA-Fresno-Teachers-Association_CBA_2010-2012.pdf,Fresno Unified School District,13,The committee membership shall be determined no later than April 1 of any year.,The committee membership,other,worker,shall,False,passive,plain,obligation,obligation,True,1.0,other,True,
fresno_unified_school_district__fta_fresno_teachers_association_cba_2010_2012__6e67ecb0,FTA-Fresno-Teachers-Association_CBA_2010-2012.pdf,Fresno Unified School District,13,Representatives shall serve for a 1-year minimum term.,Representatives,worker,worker,shall,False,active,plain,obligation,obligation,True,1.0,job_security,True,
fresno_unified_school_district__fta_fresno_teachers_association_cba_2010_2012__6e67ecb0,FTA-Fresno-Teachers-Association_CBA_2010-2012.pdf,Fresno Unified School District,13,The committee shall meet during the regular work hours and/or work year of the teacher representatives.,The committee,other,worker,shall,False,active,plain,obligation,obligation,True,1.0,workload,True,
fresno_unified_school_district__fta_fresno_teachers_association_cba_2010_2012__6e67ecb0,FTA-Fresno-Teachers-Association_CBA_2010-2012.pdf,Fresno Unified School District,13,"In the event this is not possible, teachers shall be granted hour-for-hour compensatory time.",teachers,management,worker,shall,False,passive,rights_passive,right,right,True,1.0,leave,True,
fresno_unified_school_district__fta_fresno_teachers_association_cba_2010_2012__6e67ecb0,FTA-Fresno-Teachers-Association_CBA_2010-2012.pdf,Fresno Unified School District,13,Release time shall be provided for teacher representatives to perform committee work.,Release time,management,worker,shall,False,passive,rights_passive,right,right,True,1.0,workload,True,
fresno_unified_school_district__fta_fresno_teachers_association_cba_2010_2012__6e67ecb0,FTA-Fresno-Teachers-Association_CBA_2010-2012.pdf,Fresno Unified School District,13,The Board of Education shall consider only grant projects which have been recommended by the Gr,The Board of Education,management,worker,shall,False,active,plain,obligation,obligation,True,1.0,professional_development,True,
fresno_unified_school_district__fta_fresno_teachers_association_cba_2010_2012__6e67ecb0,FTA-Fresno-Teachers-Association_CBA_2010-2012.pdf,Fresno Unified School District,14,The Board of Education shall consider only grant projects which have been recommended by the Grants Committee.,The Board of Education,management,worker,shall,False,active,plain,obligation,obligation,True,1.0,professional_development,True,
fresno_unified_school_district__fta_fresno_teachers_association_cba_2010_2012__6e67ecb0,FTA-Fresno-Teachers-Association_CBA_2010-2012.pdf,Fresno Unified School District,14,The Board of Education may reject any recommended project.,The Board of Education,management,management,may,False,active,plain,permission,permission,True,0.3,professional_development,True,
fresno_unified_school_district__fta_fresno_teachers_association_cba_2010_2012__6e67ecb0,FTA-Fresno-Teachers-Association_CBA_2010-2012.pdf,Fresno Unified School District,14,"If the Board rejects any proposals, the reason for the rejection shall be stated,",the reason for the rejection,management,worker,shall,False,passive,plain,obligation,obligation,True,1.0,professional_development,True,
fresno_unified_school_district__fta_fresno_teachers_association_cba_2010_2012__6e67ecb0,FTA-Fresno-Teachers-Association_CBA_2010-2012.pdf,Fresno Unified School District,14,the committee may resubmit after review.,the committee,other,worker,may,False,active,plain,permission,permission,True,0.3,professional_development,True,
fresno_unified_school_district__fta_fresno_teachers_association_cba_2010_2012__6e67ecb0,FTA-Fresno-Teachers-Association_CBA_2010-2012.pdf,Fresno Unified School District,14,The committee shall approve its recommendations for grants to the Board of Education by a majority vote of the committee.,The committee,other,worker,shall,False,active,plain,obligation,obligation,True,1.0,professional_development,True,
fresno_unified_school_district__fta_fresno_teachers_association_cba_2010_2012__6e67ecb0,FTA-Fresno-Teachers-Association_CBA_2010-2012.pdf,Fresno Unified School District,14,The committee shall seek applicants for grants from the body of bargaining unit members who are eligible under the law.,The committee,other,worker,shall,False,active,plain,obligation,obligation,True,1.0,professional_development,True,
fresno_unified_school_district__fta_fresno_teachers_association_cba_2010_2012__6e67ecb0,FTA-Fresno-Teachers-Association_CBA_2010-2012.pdf,Fresno Unified School District,14,Application for grants shall be made on forms provided by the committee.,Application for grants,management,management,shall,False,passive,plain,obligation,obligation,True,1.0,professional_development,True,
fresno_unified_school_district__fta_fresno_teachers_association_cba_2010_2012__6e67ecb0,FTA-Fresno-Teachers-Association_CBA_2010-2012.pdf,Fresno Unified School District,14,Each application must include a complete budget listing all expenditures and obligations.,Each application,other,management,must,False,active,plain,obligation,obligation,True,1.0,compensation,True,
fresno_unified_school_district__fta_fresno_teachers_association_cba_2010_2012__6e67ecb0,FTA-Fresno-Teachers-Association_CBA_2010-2012.pdf,Fresno Unified School District,14,Each application must also provide for an evaluative review or report for each grant program as part of each grant proposal.,Each application,other,management,must,False,active,plain,obligation,obligation,True,1.0,evaluation,True,
fresno_unified_school_district__fta_fresno_teachers_association_cba_2010_2012__6e67ecb0,FTA-Fresno-Teachers-Association_CBA_2010-2012.pdf,Fresno Unified School District,14,"The committee shall operate under Robert's Rules of Order,",The committee,other,worker,shall,False,active,plain,obligation,obligation,True,1.0,other,True,
fresno_unified_school_district__fta_fresno_teachers_association_cba_2010_2012__6e67ecb0,FTA-Fresno-Teachers-Association_CBA_2010-2012.pdf,Fresno Unified School District,14,such bylaws or standing rules as it may adopt by a majority vote to regulate its own procedure.,it,other,worker,may,False,active,plain,permission,permission,True,0.3,other,True,
fresno_unified_school_district__fta_fresno_teachers_association_cba_2010_2012__6e67ecb0,FTA-Fresno-Teachers-Association_CBA_2010-2012.pdf,Fresno Unified School District,14,Any unit member may utilize accumulated compensatory time by notification to the site principal of the intent to use and the date of intended use and by securing a substitute through the procedure for obtaining a substitute.,Any unit member,worker,worker,may,False,active,plain,permission,permission,True,0.3,leave,True,
fresno_unified_school_district__fta_fresno_teachers_association_cba_2010_2012__6e67ecb0,FTA-Fresno-Teachers-Association_CBA_2010-2012.pdf,Fresno Unified School District,14,"Under normal circumstances, this procedure should be implemented as soon as possible, preferably at least 10 days, in advance of the use of compensatory time.",this procedure,management,worker,should,False,passive,plain,obligation,obligation,True,0.7,leave,True,
fresno_unified_school_district__fta_fresno_teachers_association_cba_2010_2012__6e67ecb0,FTA-Fresno-Teachers-Association_CBA_2010-2012.pdf,Fresno Unified School District,14,Failure to obtain a substitute will be a denial of the intended use.,Failure to obtain a substitute,other,management,will,False,active,plain,obligation,obligation,True,0.9,leave,True,
fresno_unified_school_district__fta_fresno_teachers_association_cba_2010_2012__6e67ecb0,FTA-Fresno-Teachers-Association_CBA_2010-2012.pdf,Fresno Unified School District,14,"A site principal may request that Division of Human Resources/Labor Relations deny the utilization of compensatory time,",A site principal,management,management,may,False,active,plain,permission,permission,True,0.3,leave,True,
fresno_unified_school_district__fta_fresno_teachers_association_cba_2010_2012__6e67ecb0,FTA-Fresno-Teachers-Association_CBA_2010-2012.pdf,Fresno Unified School District,14,the request must be based on a condition that the unit member's presence on-site is necessary on the day of intended use.,the request,other,management,must,False,passive,plain,obligation,obligation,True,1.0,leave,True,
fresno_unified_school_district__fta_fresno_teachers_association_cba_2010_2012__6e67ecb0,FTA-Fresno-Teachers-Association_CBA_2010-2012.pdf,Fresno Unified School District,14,"Upon the accumulation of three (3) periods of coverage, a teacher may be allowed one-half (\( \frac{1}{2} \)) day release with the District providing a substitute teacher.",a teacher,management,worker,may,False,passive,permission_verb,permission,permission,True,0.3,leave,True,
fresno_unified_school_district__fta_fresno_teachers_association_cba_2010_2012__6e67ecb0,FTA-Fresno-Teachers-Association_CBA_2010-2012.pdf,Fresno Unified School District,14,The accumulation of five (5) periods of coverage entitles the teacher to one (1) full-day release.,The accumulation of five (5) periods of coverage,other,worker,,False,active,plain,other,right,False,0.0,leave,True,
fresno_unified_school_district__fta_fresno_teachers_association_cba_2010_2012__6e67ecb0,FTA-Fresno-Teachers-Association_CBA_2010-2012.pdf,Fresno Unified School District,14,A teacher may not be released more than two (2) full days at a time regardless of the number of days accumulated.,A teacher,management,management,may,True,passive,plain,prohibition,prohibition,True,0.3,leave,True,
fresno_unified_school_district__fta_fresno_teachers_association_cba_2010_2012__6e67ecb0,FTA-Fresno-Teachers-Association_CBA_2010-2012.pdf,Fresno Unified School District,14,A teacher may elect to be paid for all accumulated compensatory time at the end of each year at the substitute rate (equivalent to 1/5 of the substitute daily rate of pay per period being compensated),A teacher,worker,worker,may,False,active,plain,permission,permission,True,0.3,compensation,True,
fresno_unified_school_district__fta_fresno_teachers_association_cba_2010_2012__6e67ecb0,FTA-Fresno-Teachers-Association_CBA_2010-2012.pdf,Fresno Unified School District,14,a teacher may elect to carry over twenty (20) periods for use in the next semester.,a teacher,worker,worker,may,False,active,plain,permission,permission,True,0.3,leave,True,
fresno_unified_school_district__fta_fresno_teachers_association_cba_2010_2012__6e67ecb0,FTA-Fresno-Teachers-Association_CBA_2010-2012.pdf,Fresno Unified School District,15,"During the term of this Agreement, the Association expressly waives and relinquishes the right to meet and negotiate",the Association,worker,management,,False,active,plain,other,other,True,0.0,other,True,
fresno_unified_school_district__fta_fresno_teachers_association_cba_2010_2012__6e67ecb0,FTA-Fresno-Teachers-Association_CBA_2010-2012.pdf,Fresno Unified School District,15,the Association agrees that the District shall not be obligated to meet and negotiate with respect to any subject or matter whether referred to or covered in this Agreement or not,the Association,worker,management,shall,False,active,plain,obligation,other,False,1.0,other,True,
fresno_unified_school_district__fta_fresno_teachers_association_cba_2010_2012__6e67ecb0,FTA-Fresno-Teachers-Association_CBA_2010-2012.pdf,Fresno Unified School District,15,"This article shall not be construed so as to prevent the parties from mutually agreeing, in writing, to reopen a provision or provisions in this Agreement, so long as reopened provisions are specified in the parties' mutual re-opener agreement and other provisions in this Agreement continue in full force and effect.",This article,other,worker,shall,True,passive,plain,prohibition,permission,False,1.0,other,True,
fresno_unified_school_district__fta_fresno_teachers_association_cba_2010_2012__6e67ecb0,FTA-Fresno-Teachers-Association_CBA_2010-2012.pdf,Fresno Unified School District,15,Service rendered which is less than seventy-five percent (75%) of a full school year and/or less than fifty percent (50%) of the school day may not be counted toward tenure.,Service rendered which is less than seventy-five percent (75%) of a full school year and/or less than fifty percent (50%) of the school day,other,management,may,True,passive,plain,prohibition,prohibition,True,0.3,job_security,True,
fresno_unified_school_district__fta_fresno_teachers_association_cba_2010_2012__6e67ecb0,FTA-Fresno-Teachers-Association_CBA_2010-2012.pdf,Fresno Unified School District,15,Adult School teachers may obtain tenure in accordance with provisions of the Education Code,Adult School teachers,worker,worker,may,False,active,rights_active,right,right,True,0.3,job_security,True,
fresno_unified_school_district__fta_fresno_teachers_association_cba_2010_2012__6e67ecb0,FTA-Fresno-Teachers-Association_CBA_2010-2012.pdf,Fresno Unified School District,15,"if a teacher obtains permanent classification in the Adult School and later is eligible for tenure in the regular day school by reason of serving the probationary period therein, he/she shall be given his/her choice as to which he/she shall take.",he/she,management,worker,shall,False,passive,rights_passive,right,right,True,1.0,job_security,True,
fresno_unified_school_district__fta_fresno_teachers_association_cba_2010_2012__6e67ecb0,FTA-Fresno-Teachers-Association_CBA_2010-2012.pdf,Fresno Unified School District,15,Seventy-five percent (75%) of the number of days the Adult School of the District is in session shall be considered a complete year.,Seventy-five percent (75%) of the number of days the Adult School of the District is in session,other,worker,shall,False,passive,plain,obligation,obligation,True,1.0,job_security,True,
fresno_unified_school_district__fta_fresno_teachers_association_cba_2010_2012__6e67ecb0,FTA-Fresno-Teachers-Association_CBA_2010-2012.pdf,Fresno Unified School District,15,Nothing in this article shall be construed so as to infer that the merits of whether tenure should be granted is subject to the Grievance Procedure within this Agreement.,Nothing in this article,other,management,shall,True,passive,plain,prohibition,prohibition,True,1.0,job_security,True,
fresno_unified_school_district__fta_fresno_teachers_association_cba_2010_2012__6e67ecb0,FTA-Fresno-Teachers-Association_CBA_2010-2012.pdf,Fresno Unified School District,15,The Association recognizes its duty and obligation to make every effort toward inducing all teachers to comply with the provisions of this Agreement.,The Association,worker,management,,False,active,plain,other,obligation,False,0.0,teacher_rights_and_conduct,True,
fresno_unified_school_district__fta_fresno_teachers_association_cba_2010_2012__6e67ecb0,FTA-Fresno-Teachers-Association_CBA_2010-2012.pdf,Fresno Unified School District,15,"In the event of any strike, work stoppage, slow down or concerted refusal to perform normal job functions and responsibilities during the term of this Agreement by teachers, the Association agrees in good faith to take responsibility to cause those teachers to cease such action.",the Association,worker,management,,False,active,plain,other,obligation,False,0.0,teacher_rights_and_conduct,True,
fresno_unified_school_district__fta_fresno_teachers_association_cba_2010_2012__6e67ecb0,FTA-Fresno-Teachers-Association_CBA_2010-2012.pdf,Fresno Unified School District,15,It is agreed and understood that employees violating this article are subject to appropriate discipline up to and including termination by the District.,It,management,management,,False,active,plain,other,obligation,False,0.0,discipline,True,Dummy subject 'It'; explicit agent 'by the District' governs operative clause
fresno_unified_school_district__fta_fresno_teachers_association_cba_2010_2012__6e67ecb0,FTA-Fresno-Teachers-Association_CBA_2010-2012.pdf,Fresno Unified School District,16,Actions by the District taken under this article shall be subject to grievance or legal redress and/or damages.,Actions by the District taken under this article,other,worker,shall,False,active,plain,obligation,obligation,True,1.0,discipline,True,
fresno_unified_school_district__fta_fresno_teachers_association_cba_2010_2012__6e67ecb0,FTA-Fresno-Teachers-Association_CBA_2010-2012.pdf,Fresno Unified School District,16,he/she shall have no authority to rule on the appropriateness of the District's action.,he/she,other,management,shall,True,active,plain,prohibition,prohibition,True,1.0,discipline,True,Refers to arbitrator.
fresno_unified_school_district__fta_fresno_teachers_association_cba_2010_2012__6e67ecb0,FTA-Fresno-Teachers-Association_CBA_2010-2012.pdf,Fresno Unified School District,16,Nothing in this article shall be so construed as to prevent either party from seeking immediate temporary judicial relief by a court of competent jurisdiction.,Nothing in this article,other,worker,shall,True,passive,plain,prohibition,permission,False,1.0,other,True,Negative interpretive clause.
fresno_unified_school_district__fta_fresno_teachers_association_cba_2010_2012__6e67ecb0,FTA-Fresno-Teachers-Association_CBA_2010-2012.pdf,Fresno Unified School District,16,"the membership of each secondary department may submit the name of a nominee for department chairperson, if that department is organized with a department chairperson.",the membership of each secondary department,worker,worker,may,False,active,plain,permission,permission,True,0.3,other,True,
fresno_unified_school_district__fta_fresno_teachers_association_cba_2010_2012__6e67ecb0,FTA-Fresno-Teachers-Association_CBA_2010-2012.pdf,Fresno Unified School District,16,he/she may call for an additional nominee.,he/she,management,management,may,False,active,plain,permission,permission,True,0.3,other,True,Refers to principal.
fresno_unified_school_district__fta_fresno_teachers_association_cba_2010_2012__6e67ecb0,FTA-Fresno-Teachers-Association_CBA_2010-2012.pdf,Fresno Unified School District,16,"the selection of the department chairperson shall be made by the principal, after consultation with the principal's superior.",the selection of the department chairperson,management,management,shall,False,passive,plain,obligation,obligation,True,1.0,other,True,
fresno_unified_school_district__fta_fresno_teachers_association_cba_2010_2012__6e67ecb0,FTA-Fresno-Teachers-Association_CBA_2010-2012.pdf,Fresno Unified School District,16,A classroom teacher who has been nominated by the department and rejected by the principal may request to meet with the principal and his/her superior or superior designee and discuss the reasons for the rejection.,A classroom teacher who has been nominated by the department and rejected by the principal,worker,worker,may,False,active,plain,permission,permission,True,0.3,other,True,
fresno_unified_school_district__fta_fresno_teachers_association_cba_2010_2012__6e67ecb0,FTA-Fresno-Teachers-Association_CBA_2010-2012.pdf,Fresno Unified School District,16,"The District agrees that all management or supervisory written communications from the Central Office to site administrators, other school personnel management, or all bargaining unit members which might directly affect bargaining unit members shall be simultaneously directed to the Association.",The District,management,worker,might,False,active,plain,permission,obligation,False,0.1,other,True,Contains embedded passive duty; main verb 'agrees'.
fresno_unified_school_district__fta_fresno_teachers_association_cba_2010_2012__6e67ecb0,FTA-Fresno-Teachers-Association_CBA_2010-2012.pdf,Fresno Unified School District,16,"the District retains all of its powers and authority to direct, manage and control to the full extent of the law.",the District,management,management,,False,active,plain,other,other,True,0.0,other,True,
fresno_unified_school_district__fta_fresno_teachers_association_cba_2010_2012__6e67ecb0,FTA-Fresno-Teachers-Association_CBA_2010-2012.pdf,Fresno Unified School District,17,"In addition, the District retains the right to act to hire, classify, assign, evaluate, promote, transfer, terminate and discipline employees.",the District,management,management,,False,active,plain,other,right,False,0.0,other,True,
fresno_unified_school_district__fta_fresno_teachers_association_cba_2010_2012__6e67ecb0,FTA-Fresno-Teachers-Association_CBA_2010-2012.pdf,Fresno Unified School District,17,"The exercise of the foregoing powers, rights, authority, duties and responsibilities by the District, the adoption of policies, rules, regulations and practices in furtherance thereof, and the use of judgment and discretion in connection therewith, shall be limited only by law and all specific and express terms of this Agreement.","The exercise of the foregoing powers, rights, authority, duties and responsibilities by the District, the adoption of policies, rules, regulations and practices in furtherance thereof, and the use of judgment and discretion in connection therewith",management,worker,shall,False,passive,plain,obligation,obligation,True,1.0,other,True,Restriction on management's exercise of powers
fresno_unified_school_district__fta_fresno_teachers_association_cba_2010_2012__6e67ecb0,FTA-Fresno-Teachers-Association_CBA_2010-2012.pdf,Fresno Unified School District,17,"The duty year shall consist of 180 teaching days and two (2) Institute ""I"" days for a total of 182 Work Days.",The duty year,other,worker,shall,False,active,plain,obligation,obligation,True,1.0,workload,True,Defines contract year composition
fresno_unified_school_district__fta_fresno_teachers_association_cba_2010_2012__6e67ecb0,FTA-Fresno-Teachers-Association_CBA_2010-2012.pdf,Fresno Unified School District,17,The purposes for which Institute days may be utilized shall be consistent with past practice.,The purposes for which Institute days may be utilized,other,worker,shall,False,active,plain,obligation,obligation,True,1.0,workload,True,
fresno_unified_school_district__fta_fresno_teachers_association_cba_2010_2012__6e67ecb0,FTA-Fresno-Teachers-Association_CBA_2010-2012.pdf,Fresno Unified School District,17,"Upon completion of the 2011-2012 school year, the duty year shall automatically revert to 185 days pursuant to the configuration set forth in the 2007-2010 negotiated agreement, unless agreed to otherwise by the parties in a new negotiated agreement.",the duty year,other,worker,shall,False,active,plain,obligation,obligation,True,1.0,workload,True,Conditional reversion clause
fresno_unified_school_district__fta_fresno_teachers_association_cba_2010_2012__6e67ecb0,FTA-Fresno-Teachers-Association_CBA_2010-2012.pdf,Fresno Unified School District,17,The Fresno Unified School District may provide incentive in the form of a partial contract to bargaining unit members who qualify for an early retirement.,The Fresno Unified School District,management,worker,may,False,active,plain,permission,permission,True,0.3,leave,True,
fresno_unified_school_district__fta_fresno_teachers_association_cba_2010_2012__6e67ecb0,FTA-Fresno-Teachers-Association_CBA_2010-2012.pdf,Fresno Unified School District,17,"Two optional plans for part-time employment shall be in effect, entry to either plan to be subject to agreement between the District and the individual bargaining unit member.",Two optional plans for part-time employment,other,worker,shall,False,active,plain,obligation,obligation,True,1.0,workload,True,
fresno_unified_school_district__fta_fresno_teachers_association_cba_2010_2012__6e67ecb0,FTA-Fresno-Teachers-Association_CBA_2010-2012.pdf,Fresno Unified School District,17,Bargaining unit members entering the plans are to be afforded a specific duties description and a specified amount of duty time refined into calendarized dates and hours.,Bargaining unit members entering the plans,management,worker,,False,passive,rights_passive,right,right,True,0.85,workload,True,
fresno_unified_school_district__fta_fresno_teachers_association_cba_2010_2012__6e67ecb0,FTA-Fresno-Teachers-Association_CBA_2010-2012.pdf,Fresno Unified School District,17,Bargaining unit members entering the plans shall be guaranteed five (5) years part-time employment.,Bargaining unit members entering the plans,management,worker,shall,False,passive,rights_passive,right,right,True,1.0,job_security,True,
fresno_unified_school_district__fta_fresno_teachers_association_cba_2010_2012__6e67ecb0,FTA-Fresno-Teachers-Association_CBA_2010-2012.pdf,Fresno Unified School District,17,"Bargaining unit members making application for participation in either option shall, upon making application and prior to making a final commitment to enter either plan, be provided with information describing the personal financial ramifications of entry into either option.",Bargaining unit members making application for participation in either option,management,worker,shall,False,passive,rights_passive,right,right,True,1.0,compensation,True,
fresno_unified_school_district__fta_fresno_teachers_association_cba_2010_2012__6e67ecb0,FTA-Fresno-Teachers-Association_CBA_2010-2012.pdf,Fresno Unified School District,17,"Such analysis shall be provided by the Fresno Unified School District, Division of Human Resources/Labor Relations and to include an estimate of monies to be received from salary and STRS benefits over a twenty (20) year period under either optional plan contrasted to what would be earned over the same period through c",Such analysis,management,worker,shall,False,passive,rights_passive,right,obligation,False,1.0,compensation,True,Truncated at end of chunk
fresno_unified_school_district__fta_fresno_teachers_association_cba_2010_2012__6e67ecb0,FTA-Fresno-Teachers-Association_CBA_2010-2012.pdf,Fresno Unified School District,19,The District and the bargaining unit members shall submit contributions to the State Teachers Retirement System based on the compensation which would be earned if the bargaining unit members had continued as full-time employees.,The District and the bargaining unit members,other,worker,shall,False,active,plain,obligation,obligation,True,1.0,benefits,True,
fresno_unified_school_district__fta_fresno_teachers_association_cba_2010_2012__6e67ecb0,FTA-Fresno-Teachers-Association_CBA_2010-2012.pdf,Fresno Unified School District,19,Individual contracts of employment for bargaining unit members entering Plans A or B will conform to the provisions of their plan as specified in this article.,Individual contracts of employment for bargaining unit members entering Plans A or B,other,worker,will,False,active,plain,obligation,obligation,True,0.9,other,True,inanimate subject
fresno_unified_school_district__fta_fresno_teachers_association_cba_2010_2012__6e67ecb0,FTA-Fresno-Teachers-Association_CBA_2010-2012.pdf,Fresno Unified School District,19,Standards shall be clear and consistent.,Standards,other,worker,shall,False,active,plain,obligation,obligation,True,1.0,evaluation,True,standard-setting clause
fresno_unified_school_district__fta_fresno_teachers_association_cba_2010_2012__6e67ecb0,FTA-Fresno-Teachers-Association_CBA_2010-2012.pdf,Fresno Unified School District,19,"Beginning with the 2000-2001 school year, the parties shall use the California Standards for the Teaching Profession (CSTP), or otherwise mutually agreed-to modifications of the CSTP.",the parties,other,worker,shall,False,active,plain,obligation,obligation,True,1.0,evaluation,True,joint obligation
fresno_unified_school_district__fta_fresno_teachers_association_cba_2010_2012__6e67ecb0,FTA-Fresno-Teachers-Association_CBA_2010-2012.pdf,Fresno Unified School District,19,"A jointly developed continuum of professional standards, based on the CSTP, will serve as a guide for reflective practice, continuous improvement, and evaluation.","A jointly developed continuum of professional standards, based on the CSTP",other,worker,will,False,active,plain,obligation,other,False,0.9,evaluation,True,
fresno_unified_school_district__fta_fresno_teachers_association_cba_2010_2012__6e67ecb0,FTA-Fresno-Teachers-Association_CBA_2010-2012.pdf,Fresno Unified School District,19,Bargaining unit members may initiate positive documentation to the District for consideration.,Bargaining unit members,worker,worker,may,False,active,plain,permission,permission,True,0.3,evaluation,True,
fresno_unified_school_district__fta_fresno_teachers_association_cba_2010_2012__6e67ecb0,FTA-Fresno-Teachers-Association_CBA_2010-2012.pdf,Fresno Unified School District,19,Probationary and temporary employees shall be evaluated annually.,Probationary and temporary employees,management,worker,shall,False,passive,plain,obligation,obligation,True,1.0,evaluation,True,
fresno_unified_school_district__fta_fresno_teachers_association_cba_2010_2012__6e67ecb0,FTA-Fresno-Teachers-Association_CBA_2010-2012.pdf,Fresno Unified School District,19,Permanent employees and temporary employees with more than three years service shall be evaluated every two years.,Permanent employees and temporary employees with more than three years service,management,worker,shall,False,passive,plain,obligation,obligation,True,1.0,evaluation,True,
fresno_unified_school_district__fta_fresno_teachers_association_cba_2010_2012__6e67ecb0,FTA-Fresno-Teachers-Association_CBA_2010-2012.pdf,Fresno Unified School District,19,This section shall not be construed to be in conflict with any subsequent sections of this article.,This section,other,worker,shall,True,passive,plain,prohibition,prohibition,True,1.0,other,True,
fresno_unified_school_district__fta_fresno_teachers_association_cba_2010_2012__6e67ecb0,FTA-Fresno-Teachers-Association_CBA_2010-2012.pdf,Fresno Unified School District,19,"Effective with the beginning of the 2005-06 school year, permanent teachers who have been with the District at least ten (10) consecutive years, who are ""highly qualified"" pursuant to the laws and regulations under ""No Child Left Behind"" (20 U.S.C. 7801, et. seq.) and whose most recent evaluation rating is ""meets"" standards may be evaluated at least every five years, provided the teacher and his/her evaluator consent.","permanent teachers who have been with the District at least ten (10) consecutive years, who are ""highly qualified"" pursuant to the laws and regulations under ""No Child Left Behind"" (20 U.S.C. 7801, et. seq.) and whose most recent evaluation rating is ""meets"" standards",management,worker,may,False,passive,plain,permission,permission,True,0.3,evaluation,True,conditional on consent
fresno_unified_school_district__fta_fresno_teachers_association_cba_2010_2012__6e67ecb0,FTA-Fresno-Teachers-Association_CBA_2010-2012.pdf,Fresno Unified School District,19,"At any time, the teacher or the evaluator may withdraw consent returning to the ""at least every other year"" cycle.",the teacher or the evaluator,other,worker,may,False,active,plain,permission,permission,True,0.3,evaluation,True,
fresno_unified_school_district__fta_fresno_teachers_association_cba_2010_2012__6e67ecb0,FTA-Fresno-Teachers-Association_CBA_2010-2012.pdf,Fresno Unified School District,19,The withdrawal of consent shall not be subject to the grievance procedure.,The withdrawal of consent,other,management,shall,True,active,plain,prohibition,prohibition,True,1.0,discipline,True,
fresno_unified_school_district__fta_fresno_teachers_association_cba_2010_2012__6e67ecb0,FTA-Fresno-Teachers-Association_CBA_2010-2012.pdf,Fresno Unified School District,20,"The administrator shall, upon employee request, provide written reasons to an employee whose request to be placed on the up to five-year cycle is not granted.",The administrator,management,worker,shall,False,active,plain,obligation,obligation,True,1.0,evaluation,True,
fresno_unified_school_district__fta_fresno_teachers_association_cba_2010_2012__6e67ecb0,FTA-Fresno-Teachers-Association_CBA_2010-2012.pdf,Fresno Unified School District,20,"The judgments of the evaluator regarding whether to place an employee on the up to five-year cycle are not grievable, except for an allegation that the decision not to place the employee on the cycle was not an individualized determination as provided above.",The judgments of the evaluator regarding whether to place an employee on the up to five-year cycle,other,management,,True,active,plain,prohibition,prohibition,True,0.0,discipline,True,
fresno_unified_school_district__fta_fresno_teachers_association_cba_2010_2012__6e67ecb0,FTA-Fresno-Teachers-Association_CBA_2010-2012.pdf,Fresno Unified School District,20,"Bargaining unit members shall be marked ""Meets Standards-Proficient,"" ""Meets Standards-Minimally""or ""Does Not Meet Standards"" in each of the six standards of the CSTP.",Bargaining unit members,management,worker,shall,False,passive,plain,obligation,obligation,True,1.0,evaluation,True,
fresno_unified_school_district__fta_fresno_teachers_association_cba_2010_2012__6e67ecb0,FTA-Fresno-Teachers-Association_CBA_2010-2012.pdf,Fresno Unified School District,20,"This shall be pursued by using the continuum of professional standards, as jointly developed by the parties, to develop individual plans for the improvement of professional practice to be used during the course of the evaluation process.",This,other,worker,shall,False,passive,plain,obligation,obligation,True,1.0,evaluation,True,
fresno_unified_school_district__fta_fresno_teachers_association_cba_2010_2012__6e67ecb0,FTA-Fresno-Teachers-Association_CBA_2010-2012.pdf,Fresno Unified School District,20,"The individual plans for improvement of professional practice may be used as a tool for the bargaining unit member's reflection on advancing his/her practice beyond the proficiency required for the ""Meets Standards"" designation",The individual plans for improvement of professional practice,other,worker,may,False,passive,plain,permission,permission,True,0.3,evaluation,True,
fresno_unified_school_district__fta_fresno_teachers_association_cba_2010_2012__6e67ecb0,FTA-Fresno-Teachers-Association_CBA_2010-2012.pdf,Fresno Unified School District,20,The judgments reached by the evaluator are not subject to the grievance procedure.,The judgments reached by the evaluator,other,management,,True,active,plain,prohibition,prohibition,True,0.0,discipline,True,
fresno_unified_school_district__fta_fresno_teachers_association_cba_2010_2012__6e67ecb0,FTA-Fresno-Teachers-Association_CBA_2010-2012.pdf,Fresno Unified School District,21,judgments concerning the professional practice of the bargaining unit member shall be reasonably related to multiple sources of information consistent with the Education Code and the California Standards for the Teaching Profession.,judgments concerning the professional practice of the bargaining unit member,management,worker,shall,False,passive,plain,obligation,obligation,True,1.0,evaluation,True,
fresno_unified_school_district__fta_fresno_teachers_association_cba_2010_2012__6e67ecb0,FTA-Fresno-Teachers-Association_CBA_2010-2012.pdf,Fresno Unified School District,21,The criteria for evaluation shall be based on the continuum of professional standards and the CSTP.,The criteria for evaluation,management,worker,shall,False,passive,plain,obligation,obligation,True,1.0,evaluation,True,
fresno_unified_school_district__fta_fresno_teachers_association_cba_2010_2012__6e67ecb0,FTA-Fresno-Teachers-Association_CBA_2010-2012.pdf,Fresno Unified School District,21,"Before the close of the first two weeks of the school work year, the evaluatee shall be given a copy of the CSTP, and the continuum of professional standards",the evaluatee,management,worker,shall,False,passive,rights_passive,right,right,True,1.0,evaluation,True,
fresno_unified_school_district__fta_fresno_teachers_association_cba_2010_2012__6e67ecb0,FTA-Fresno-Teachers-Association_CBA_2010-2012.pdf,Fresno Unified School District,21,and shall be informed of his/her assigned evaluator.,the evaluatee,management,worker,shall,False,passive,rights_passive,right,right,True,1.0,evaluation,True,
fresno_unified_school_district__fta_fresno_teachers_association_cba_2010_2012__6e67ecb0,FTA-Fresno-Teachers-Association_CBA_2010-2012.pdf,Fresno Unified School District,21,Bargaining unit members to be evaluated in a given school year will be so informed prior to the end of the first two weeks of school.,Bargaining unit members to be evaluated in a given school year,management,worker,will,False,passive,rights_passive,right,right,True,0.9,evaluation,True,
fresno_unified_school_district__fta_fresno_teachers_association_cba_2010_2012__6e67ecb0,FTA-Fresno-Teachers-Association_CBA_2010-2012.pdf,Fresno Unified School District,21,The evaluation will be conducted by the administrator to whom the individual evaluatee is directly responsible.,The evaluation,management,worker,will,False,passive,plain,obligation,obligation,True,0.9,evaluation,True,
fresno_unified_school_district__fta_fresno_teachers_association_cba_2010_2012__6e67ecb0,FTA-Fresno-Teachers-Association_CBA_2010-2012.pdf,Fresno Unified School District,21,Prime evaluator may delegate portions of the evaluative procedures,Prime evaluator,management,management,may,False,active,plain,permission,permission,True,0.3,evaluation,True,
fresno_unified_school_district__fta_fresno_teachers_association_cba_2010_2012__6e67ecb0,FTA-Fresno-Teachers-Association_CBA_2010-2012.pdf,Fresno Unified School District,21,but is ultimately responsible for the final written evaluation summary,Prime evaluator,management,worker,,False,active,obligation_verb,obligation,obligation,True,0.85,evaluation,True,
fresno_unified_school_district__fta_fresno_teachers_association_cba_2010_2012__6e67ecb0,FTA-Fresno-Teachers-Association_CBA_2010-2012.pdf,Fresno Unified School District,21,The evaluatee and the prime evaluator shall both sign this Evaluation Plan,The evaluatee and the prime evaluator,other,worker,shall,False,active,plain,obligation,obligation,True,1.0,evaluation,True,
fresno_unified_school_district__fta_fresno_teachers_association_cba_2010_2012__6e67ecb0,FTA-Fresno-Teachers-Association_CBA_2010-2012.pdf,Fresno Unified School District,21,and the evaluatee will keep a copy.,the evaluatee,worker,management,will,False,active,plain,obligation,obligation,True,0.9,evaluation,True,
fresno_unified_school_district__fta_fresno_teachers_association_cba_2010_2012__6e67ecb0,FTA-Fresno-Teachers-Association_CBA_2010-2012.pdf,Fresno Unified School District,21,The evaluation plan may be revised during the course of the year with the mutual agreement of both the prime evaluator and the evaluatee.,The evaluation plan,management,worker,may,False,passive,plain,permission,permission,True,0.3,evaluation,True,
fresno_unified_school_district__fta_fresno_teachers_association_cba_2010_2012__6e67ecb0,FTA-Fresno-Teachers-Association_CBA_2010-2012.pdf,Fresno Unified School District,21,Revisions shall be signed by both parties.,Revisions,other,worker,shall,False,passive,rights_passive,right,obligation,False,1.0,evaluation,True,
fresno_unified_school_district__fta_fresno_teachers_association_cba_2010_2012__6e67ecb0,FTA-Fresno-Teachers-Association_CBA_2010-2012.pdf,Fresno Unified School District,21,all other initial evaluations are to be completed by the end of the first semester.,all other initial evaluations,management,worker,,False,passive,plain,other,obligation,False,0.0,evaluation,True,
fresno_unified_school_district__fta_fresno_teachers_association_cba_2010_2012__6e67ecb0,FTA-Fresno-Teachers-Association_CBA_2010-2012.pdf,Fresno Unified School District,21,he/she shall chose one of the following three options.,he/she,worker,management,shall,False,active,plain,obligation,obligation,True,1.0,evaluation,True,
fresno_unified_school_district__fta_fresno_teachers_association_cba_2010_2012__6e67ecb0,FTA-Fresno-Teachers-Association_CBA_2010-2012.pdf,Fresno Unified School District,21,"Option 3 may not be chosen to address a ""Does Not Meet Standards"" mark in standard six of the CSTP",Option 3,management,worker,may,True,passive,plain,prohibition,prohibition,True,0.3,evaluation,True,
fresno_unified_school_district__fta_fresno_teachers_association_cba_2010_2012__6e67ecb0,FTA-Fresno-Teachers-Association_CBA_2010-2012.pdf,Fresno Unified School District,22,"The requesting teacher will be admitted to the Program, if space allows.",The requesting teacher,management,worker,will,False,passive,rights_passive,right,right,True,0.9,evaluation,True,
fresno_unified_school_district__fta_fresno_teachers_association_cba_2010_2012__6e67ecb0,FTA-Fresno-Teachers-Association_CBA_2010-2012.pdf,Fresno Unified School District,22,"Structured administrative intervention and support shall include identification of the specific professional practices that do not meet standards, the specific support the administration shall offer to the teacher to regain a proficient level of practice, and the timeline for the teacher to accomplish the improvement.",Structured administrative intervention and support,other,worker,shall,False,active,plain,obligation,obligation,True,1.0,evaluation,True,
fresno_unified_school_district__fta_fresno_teachers_association_cba_2010_2012__6e67ecb0,FTA-Fresno-Teachers-Association_CBA_2010-2012.pdf,Fresno Unified School District,22,"If the bargaining unit member continues to have a ""Does Not Meet Standards"" designation in any one standard of the CSTP, he/she shall receive a mandatory referral to the Peer Assistance and Review (PAR) Program.",he/she,worker,worker,shall,False,active,rights_active,right,right,True,1.0,evaluation,True,
fresno_unified_school_district__fta_fresno_teachers_association_cba_2010_2012__6e67ecb0,FTA-Fresno-Teachers-Association_CBA_2010-2012.pdf,Fresno Unified School District,22,A Summary Evaluation Conference must be conducted thirty (30) days prior to the end of the school year for all bargaining unit members being evaluated.,A Summary Evaluation Conference,management,worker,must,False,passive,plain,obligation,obligation,True,1.0,evaluation,True,
fresno_unified_school_district__fta_fresno_teachers_association_cba_2010_2012__6e67ecb0,FTA-Fresno-Teachers-Association_CBA_2010-2012.pdf,Fresno Unified School District,22,"For program schedules covering an alternate calendarizing of the school year, timelines for the evaluation process shall be placed so as to result in a similar distribution of time blocks in the evaluation sequence, except where specific dates are mandated by law.",timelines for the evaluation process,other,worker,shall,False,passive,plain,obligation,obligation,True,1.0,evaluation,True,
fresno_unified_school_district__fta_fresno_teachers_association_cba_2010_2012__6e67ecb0,FTA-Fresno-Teachers-Association_CBA_2010-2012.pdf,Fresno Unified School District,22,"These dates do not negate the right to evaluate or conference as needs arise, consistent with the provisions of this Article.",These dates,other,management,,True,active,plain,prohibition,prohibition,True,0.0,evaluation,True,
fresno_unified_school_district__fta_fresno_teachers_association_cba_2010_2012__6e67ecb0,FTA-Fresno-Teachers-Association_CBA_2010-2012.pdf,Fresno Unified School District,22,The preliminary conference must be held prior to the 45th working day of the evaluatee for bargaining unit members to be evaluated during the year.,The preliminary conference,management,worker,must,False,passive,plain,obligation,obligation,True,1.0,evaluation,True,
fresno_unified_school_district__fta_fresno_teachers_association_cba_2010_2012__6e67ecb0,FTA-Fresno-Teachers-Association_CBA_2010-2012.pdf,Fresno Unified School District,22,"The Evaluation Plan, which includes any individual plan for advancement of professional practices, shall be mutually developed between evaluator and evaluatee and shall be congruent to the CSTP and the continuum of professional standards.",The Evaluation Plan,other,worker,shall,False,passive,plain,obligation,obligation,True,1.0,evaluation,True,
fresno_unified_school_district__fta_fresno_teachers_association_cba_2010_2012__6e67ecb0,FTA-Fresno-Teachers-Association_CBA_2010-2012.pdf,Fresno Unified School District,22,Mitigating factors should also be considered in this process.,Mitigating factors,other,worker,should,False,passive,plain,obligation,obligation,True,0.7,evaluation,True,
fresno_unified_school_district__fta_fresno_teachers_association_cba_2010_2012__6e67ecb0,FTA-Fresno-Teachers-Association_CBA_2010-2012.pdf,Fresno Unified School District,24,The Evaluation Plan may be revised during the course of the year with the mutual agreement of both the prime evaluator and the evaluatee.,The Evaluation Plan,other,worker,may,False,passive,permission_verb,permission,permission,True,0.3,evaluation,True,
fresno_unified_school_district__fta_fresno_teachers_association_cba_2010_2012__6e67ecb0,FTA-Fresno-Teachers-Association_CBA_2010-2012.pdf,Fresno Unified School District,24,A summary evaluation conference must be conducted at least thirty (30) calendar days prior to the end of the evaluatee's school year for all personnel being evaluated.,A summary evaluation conference,management,worker,must,False,passive,obligation_verb,obligation,obligation,True,1.0,evaluation,True,
fresno_unified_school_district__fta_fresno_teachers_association_cba_2010_2012__6e67ecb0,FTA-Fresno-Teachers-Association_CBA_2010-2012.pdf,Fresno Unified School District,24,his/her signature must be placed on the evaluation form.,his/her signature,management,management,must,False,passive,obligation_verb,obligation,obligation,True,1.0,evaluation,True,
fresno_unified_school_district__fta_fresno_teachers_association_cba_2010_2012__6e67ecb0,FTA-Fresno-Teachers-Association_CBA_2010-2012.pdf,Fresno Unified School District,24,either of the two parties may request the assistance of an evaluation committee.,either of the two parties,other,worker,may,False,active,permission_verb,permission,permission,True,0.3,evaluation,True,
fresno_unified_school_district__fta_fresno_teachers_association_cba_2010_2012__6e67ecb0,FTA-Fresno-Teachers-Association_CBA_2010-2012.pdf,Fresno Unified School District,24,This committee will review the disagreement,This committee,other,worker,will,False,active,plain,obligation,obligation,True,0.9,evaluation,True,
fresno_unified_school_district__fta_fresno_teachers_association_cba_2010_2012__6e67ecb0,FTA-Fresno-Teachers-Association_CBA_2010-2012.pdf,Fresno Unified School District,24,will offer a recommendation for its resolution.,(implied This committee),other,worker,will,False,active,plain,obligation,obligation,True,0.9,evaluation,True,
fresno_unified_school_district__fta_fresno_teachers_association_cba_2010_2012__6e67ecb0,FTA-Fresno-Teachers-Association_CBA_2010-2012.pdf,Fresno Unified School District,24,The evaluator chooses a member,The evaluator,management,management,,False,active,plain,other,other,True,0.0,evaluation,True,
fresno_unified_school_district__fta_fresno_teachers_association_cba_2010_2012__6e67ecb0,FTA-Fresno-Teachers-Association_CBA_2010-2012.pdf,Fresno Unified School District,24,the evaluatee chooses a member,the evaluatee,worker,worker,,False,active,plain,other,other,True,0.0,evaluation,True,
fresno_unified_school_district__fta_fresno_teachers_association_cba_2010_2012__6e67ecb0,FTA-Fresno-Teachers-Association_CBA_2010-2012.pdf,Fresno Unified School District,24,the Superintendent chooses a member from the department most directly involved in the Lack of Agreement area of concern.,the Superintendent,management,management,,False,active,plain,other,other,True,0.0,evaluation,True,
fresno_unified_school_district__fta_fresno_teachers_association_cba_2010_2012__6e67ecb0,FTA-Fresno-Teachers-Association_CBA_2010-2012.pdf,Fresno Unified School District,24,"The District and FTA shall, as needed, jointly develop evaluation forms which conform to the provisions of this article.",The District and FTA,other,worker,shall,False,active,obligation_verb,obligation,obligation,True,1.0,evaluation,True,
fresno_unified_school_district__fta_fresno_teachers_association_cba_2010_2012__6e67ecb0,FTA-Fresno-Teachers-Association_CBA_2010-2012.pdf,Fresno Unified School District,24,"There shall be a Peer Assistance and Review (PAR) Program (hereafter referred to as ""Program"") for permanent teachers who have responsibility for the instruction of students.",There,other,worker,shall,False,active,obligation_verb,obligation,obligation,True,1.0,evaluation,True,
fresno_unified_school_district__fta_fresno_teachers_association_cba_2010_2012__6e67ecb0,FTA-Fresno-Teachers-Association_CBA_2010-2012.pdf,Fresno Unified School District,26,An administrator shall be assigned for the purpose of evaluating consulting teachers in alignment with documentation of their knowledge and support of the CSTPs.,An administrator,management,worker,shall,False,passive,plain,obligation,obligation,True,1.0,evaluation,True,
fresno_unified_school_district__fta_fresno_teachers_association_cba_2010_2012__6e67ecb0,FTA-Fresno-Teachers-Association_CBA_2010-2012.pdf,Fresno Unified School District,26,"Generally, the Panel shall meet within the Panel members' workday",the Panel,other,worker,shall,False,active,plain,obligation,obligation,True,1.0,evaluation,True,
fresno_unified_school_district__fta_fresno_teachers_association_cba_2010_2012__6e67ecb0,FTA-Fresno-Teachers-Association_CBA_2010-2012.pdf,Fresno Unified School District,26,"A stipend of $2,000 will be paid to each of the seven (7) panel members.","A stipend of $2,000",management,worker,will,False,passive,rights_passive,right,right,True,0.9,compensation,True,
fresno_unified_school_district__fta_fresno_teachers_association_cba_2010_2012__6e67ecb0,FTA-Fresno-Teachers-Association_CBA_2010-2012.pdf,Fresno Unified School District,26,Consulting teachers will work exclusively in the Permanent Teacher Intervention Program.,Consulting teachers,worker,management,will,False,active,plain,obligation,obligation,True,0.9,other,True,
fresno_unified_school_district__fta_fresno_teachers_association_cba_2010_2012__6e67ecb0,FTA-Fresno-Teachers-Association_CBA_2010-2012.pdf,Fresno Unified School District,26,Consulting teachers shall be released full-time to work in this program.,Consulting teachers,management,worker,shall,False,passive,rights_passive,right,right,True,1.0,workload,True,
fresno_unified_school_district__fta_fresno_teachers_association_cba_2010_2012__6e67ecb0,FTA-Fresno-Teachers-Association_CBA_2010-2012.pdf,Fresno Unified School District,26,The number of consulting teachers to be released shall be determined by the number of eligible evaluatees.,The number of consulting teachers to be released,management,management,shall,False,passive,plain,obligation,obligation,True,1.0,other,True,
fresno_unified_school_district__fta_fresno_teachers_association_cba_2010_2012__6e67ecb0,FTA-Fresno-Teachers-Association_CBA_2010-2012.pdf,Fresno Unified School District,26,Consulting teachers shall have staggered terms;,Consulting teachers,worker,worker,shall,False,active,plain,obligation,obligation,True,1.0,other,True,
fresno_unified_school_district__fta_fresno_teachers_association_cba_2010_2012__6e67ecb0,FTA-Fresno-Teachers-Association_CBA_2010-2012.pdf,Fresno Unified School District,26,Each consulting teacher shall have a three-year term.,Each consulting teacher,worker,worker,shall,False,active,plain,obligation,obligation,True,1.0,job_security,True,
fresno_unified_school_district__fta_fresno_teachers_association_cba_2010_2012__6e67ecb0,FTA-Fresno-Teachers-Association_CBA_2010-2012.pdf,Fresno Unified School District,26,A Panel member shall neither participate in discussion nor vote on any matter in which he/she has a professional or personal conflict of interest.,A Panel member,worker,management,shall,True,active,plain,prohibition,prohibition,True,1.0,evaluation,True,
fresno_unified_school_district__fta_fresno_teachers_association_cba_2010_2012__6e67ecb0,FTA-Fresno-Teachers-Association_CBA_2010-2012.pdf,Fresno Unified School District,26,The documentation of such evaluation shall not be made a part of the consulting teacher's personnel file except upon the express written request of the individual consulting teacher.,The documentation of such evaluation,management,worker,shall,True,passive,plain,prohibition,prohibition,True,1.0,evaluation,True,
fresno_unified_school_district__fta_fresno_teachers_association_cba_2010_2012__6e67ecb0,FTA-Fresno-Teachers-Association_CBA_2010-2012.pdf,Fresno Unified School District,26,"Prior to starting service as a consulting teacher, each person so selected shall sign an agreement which provides, in part, a commitment to return to the classroom for a minimum of two years after leaving the Program.",each person so selected,worker,management,shall,False,active,plain,obligation,obligation,True,1.0,other,True,
fresno_unified_school_district__fta_fresno_teachers_association_cba_2010_2012__6e67ecb0,FTA-Fresno-Teachers-Association_CBA_2010-2012.pdf,Fresno Unified School District,26,Each consulting teacher shall be assigned no more than seven (7) permanent teachers.,Each consulting teacher,management,worker,shall,False,passive,plain,obligation,obligation,True,1.0,workload,True,
fresno_unified_school_district__fta_fresno_teachers_association_cba_2010_2012__6e67ecb0,FTA-Fresno-Teachers-Association_CBA_2010-2012.pdf,Fresno Unified School District,26,There shall be a Lead Consulting Teacher with a workload of less than 7 evaluatees;,There,other,worker,shall,False,active,plain,obligation,obligation,True,1.0,workload,True,
fresno_unified_school_district__fta_fresno_teachers_association_cba_2010_2012__6e67ecb0,FTA-Fresno-Teachers-Association_CBA_2010-2012.pdf,Fresno Unified School District,26,"The workload may be further reduced by the PAR Panel, if need arises.",The workload,management,worker,may,False,passive,plain,permission,permission,True,0.3,workload,True,
fresno_unified_school_district__fta_fresno_teachers_association_cba_2010_2012__6e67ecb0,FTA-Fresno-Teachers-Association_CBA_2010-2012.pdf,Fresno Unified School District,27,"At the conclusion of their service, consulting teachers shall have return rights to a position for which the individual is qualified at their school of origin.",consulting teachers,worker,worker,shall,False,active,rights_active,right,right,True,1.0,job_security,True,
fresno_unified_school_district__fta_fresno_teachers_association_cba_2010_2012__6e67ecb0,FTA-Fresno-Teachers-Association_CBA_2010-2012.pdf,Fresno Unified School District,27,"If there is no open position, a position will be created by an involuntary transfer of the least senior teacher.",a position,management,management,will,False,passive,plain,obligation,obligation,True,0.9,transfers,True,
fresno_unified_school_district__fta_fresno_teachers_association_cba_2010_2012__6e67ecb0,FTA-Fresno-Teachers-Association_CBA_2010-2012.pdf,Fresno Unified School District,27,"In addition, it shall be the obligation of the Panel to report the results of this intervention to the Board of Education of the school district.",it,management,management,shall,False,active,obligation_verb,obligation,obligation,True,1.0,evaluation,True,
fresno_unified_school_district__fta_fresno_teachers_association_cba_2010_2012__6e67ecb0,FTA-Fresno-Teachers-Association_CBA_2010-2012.pdf,Fresno Unified School District,27,The written documentation in the evaluation report shall become a part of the permanent teacher's personnel file.,The written documentation,other,management,shall,False,active,plain,obligation,obligation,True,1.0,evaluation,True,
fresno_unified_school_district__fta_fresno_teachers_association_cba_2010_2012__6e67ecb0,FTA-Fresno-Teachers-Association_CBA_2010-2012.pdf,Fresno Unified School District,27,"Voluntary referrals do not get reported to the Board of Education,",Voluntary referrals,management,worker,,True,active,plain,prohibition,prohibition,True,0.0,evaluation,True,
fresno_unified_school_district__fta_fresno_teachers_association_cba_2010_2012__6e67ecb0,FTA-Fresno-Teachers-Association_CBA_2010-2012.pdf,Fresno Unified School District,27,nor does the written documentation become a part of the personnel file.,the written documentation,other,worker,,True,active,plain,prohibition,prohibition,True,0.0,evaluation,True,
fresno_unified_school_district__fta_fresno_teachers_association_cba_2010_2012__6e67ecb0,FTA-Fresno-Teachers-Association_CBA_2010-2012.pdf,Fresno Unified School District,27,"Assistance and remedial efforts and activities shall be preceded by a conference in the year when the teacher receives the ""Does Not Meet Standards"" rating.",Assistance and remedial efforts and activities,worker,worker,shall,False,passive,plain,obligation,obligation,True,1.0,evaluation,True,
fresno_unified_school_district__fta_fresno_teachers_association_cba_2010_2012__6e67ecb0,FTA-Fresno-Teachers-Association_CBA_2010-2012.pdf,Fresno Unified School District,27,"The conference shall involve the teacher being referred, the evaluator who evaluated the teacher, and the assigned consulting teacher to begin the development of a Teacher Development Plan.",The conference,other,worker,shall,False,active,plain,obligation,obligation,True,1.0,evaluation,True,
fresno_unified_school_district__fta_fresno_teachers_association_cba_2010_2012__6e67ecb0,FTA-Fresno-Teachers-Association_CBA_2010-2012.pdf,Fresno Unified School District,27,"If the permanent teacher so desires, FTA shall provide representation in this meeting.",FTA,worker,worker,shall,False,active,plain,obligation,obligation,True,1.0,evaluation,True,
fresno_unified_school_district__fta_fresno_teachers_association_cba_2010_2012__6e67ecb0,FTA-Fresno-Teachers-Association_CBA_2010-2012.pdf,Fresno Unified School District,27,"The Teacher Development Plan shall be based on the standard(s) on which they received a ""Does Not Meet Standards"".",The Teacher Development Plan,other,worker,shall,False,active,plain,obligation,obligation,True,1.0,evaluation,True,
fresno_unified_school_district__fta_fresno_teachers_association_cba_2010_2012__6e67ecb0,FTA-Fresno-Teachers-Association_CBA_2010-2012.pdf,Fresno Unified School District,27,"During the period of assistance, the permanent teacher's Teacher Development Plan shall be the joint responsibility of the consulting teacher, site administration and the Panel.",the permanent teacher's Teacher Development Plan,other,worker,shall,False,active,plain,obligation,obligation,True,1.0,evaluation,True,
fresno_unified_school_district__fta_fresno_teachers_association_cba_2010_2012__6e67ecb0,FTA-Fresno-Teachers-Association_CBA_2010-2012.pdf,Fresno Unified School District,27,The assistance shall be provided by the peer consulting teachers under this article,The assistance,worker,worker,shall,False,passive,plain,obligation,obligation,True,1.0,evaluation,True,
fresno_unified_school_district__fta_fresno_teachers_association_cba_2010_2012__6e67ecb0,FTA-Fresno-Teachers-Association_CBA_2010-2012.pdf,Fresno Unified School District,27,and shall be closely monitored by the PAR governing Panel.,The assistance,management,worker,shall,False,passive,plain,obligation,obligation,True,1.0,evaluation,True,
fresno_unified_school_district__fta_fresno_teachers_association_cba_2010_2012__6e67ecb0,FTA-Fresno-Teachers-Association_CBA_2010-2012.pdf,Fresno Unified School District,27,"Nothing in this article precludes the principal or District from doing informal observations, formal observations and/or evaluations, nor from notifying the teacher verbally and/or in writing regarding incidents or events related to the teacher's fulfillment of his/her professional obligations.",Nothing in this article,other,management,,True,active,plain,prohibition,permission,False,0.0,evaluation,True,
fresno_unified_school_district__fta_fresno_teachers_association_cba_2010_2012__6e67ecb0,FTA-Fresno-Teachers-Association_CBA_2010-2012.pdf,Fresno Unified School District,27,The consulting teacher will conference with the permanent teacher on a regular basis to share written and verbal reports.,The consulting teacher,worker,worker,will,False,active,plain,obligation,obligation,True,0.9,professional_development,True,
fresno_unified_school_district__fta_fresno_teachers_association_cba_2010_2012__6e67ecb0,FTA-Fresno-Teachers-Association_CBA_2010-2012.pdf,Fresno Unified School District,27,A copy of the written reports will be provided to the principal and the Panel.,A copy of the written reports,other,management,will,False,passive,rights_passive,right,obligation,False,0.9,evaluation,True,
fresno_unified_school_district__fta_fresno_teachers_association_cba_2010_2012__6e67ecb0,FTA-Fresno-Teachers-Association_CBA_2010-2012.pdf,Fresno Unified School District,27,Consulting teachers will provide an oral report and all written documentation regarding the prog,Consulting teachers,worker,management,will,False,active,plain,obligation,obligation,True,0.9,evaluation,True,Truncated at end of chunk.
fresno_unified_school_district__fta_fresno_teachers_association_cba_2010_2012__6e67ecb0,FTA-Fresno-Teachers-Association_CBA_2010-2012.pdf,Fresno Unified School District,28,Consulting teachers will provide an oral report and all written documentation regarding the progress of the permanent teachers in the Peer Assistance and Review Program.,Consulting teachers,worker,management,will,False,active,plain,obligation,obligation,True,0.9,evaluation,True,
fresno_unified_school_district__fta_fresno_teachers_association_cba_2010_2012__6e67ecb0,FTA-Fresno-Teachers-Association_CBA_2010-2012.pdf,Fresno Unified School District,28,The teacher and principal may be present for the consulting teacher's presentation,The teacher and principal,other,worker,may,False,active,plain,permission,permission,True,0.3,evaluation,True,
fresno_unified_school_district__fta_fresno_teachers_association_cba_2010_2012__6e67ecb0,FTA-Fresno-Teachers-Association_CBA_2010-2012.pdf,Fresno Unified School District,28,The teacher and principal will be given an opportunity to respond to the report.,The teacher and principal,management,worker,will,False,passive,rights_passive,right,right,True,0.9,evaluation,True,
fresno_unified_school_district__fta_fresno_teachers_association_cba_2010_2012__6e67ecb0,FTA-Fresno-Teachers-Association_CBA_2010-2012.pdf,Fresno Unified School District,28,none of these individuals in above section 4.I.1 may be present during deliberations of the Panel which are confidential.,none of these individuals in above section 4.I.1,other,worker,may,True,active,plain,prohibition,prohibition,True,0.3,evaluation,True,
fresno_unified_school_district__fta_fresno_teachers_association_cba_2010_2012__6e67ecb0,FTA-Fresno-Teachers-Association_CBA_2010-2012.pdf,Fresno Unified School District,28,The Panel may request additional follow-up information from any of these individuals.,The Panel,other,management,may,False,active,plain,permission,permission,True,0.3,evaluation,True,
fresno_unified_school_district__fta_fresno_teachers_association_cba_2010_2012__6e67ecb0,FTA-Fresno-Teachers-Association_CBA_2010-2012.pdf,Fresno Unified School District,28,and therefore it shall occasionally be necessary to secure additional assistance to fully address identified deficiencies.,it,other,worker,shall,False,active,obligation_verb,obligation,obligation,True,1.0,professional_development,True,
fresno_unified_school_district__fta_fresno_teachers_association_cba_2010_2012__6e67ecb0,FTA-Fresno-Teachers-Association_CBA_2010-2012.pdf,Fresno Unified School District,28,"In such cases, the consulting teacher shall maintain prime responsibility for the Teacher Development Plan (TDP)",the consulting teacher,worker,worker,shall,False,active,plain,obligation,obligation,True,1.0,professional_development,True,
fresno_unified_school_district__fta_fresno_teachers_association_cba_2010_2012__6e67ecb0,FTA-Fresno-Teachers-Association_CBA_2010-2012.pdf,Fresno Unified School District,28,"In such cases, the consulting teacher may function more like a case carrier who assures the availability of appropriate resources.",the consulting teacher,worker,worker,may,False,active,plain,permission,permission,True,0.3,professional_development,True,
fresno_unified_school_district__fta_fresno_teachers_association_cba_2010_2012__6e67ecb0,FTA-Fresno-Teachers-Association_CBA_2010-2012.pdf,Fresno Unified School District,28,the principal shall evaluate the unit member the next year,the principal,management,management,shall,False,active,plain,obligation,obligation,True,1.0,evaluation,True,
fresno_unified_school_district__fta_fresno_teachers_association_cba_2010_2012__6e67ecb0,FTA-Fresno-Teachers-Association_CBA_2010-2012.pdf,Fresno Unified School District,28,The District may then initiate dismissal proceedings,The District,management,management,may,False,active,plain,permission,permission,True,0.3,discipline,True,
fresno_unified_school_district__fta_fresno_teachers_association_cba_2010_2012__6e67ecb0,FTA-Fresno-Teachers-Association_CBA_2010-2012.pdf,Fresno Unified School District,28,The District may refer the permanent teacher back to the principal for evaluation the next year,The District,management,management,may,False,active,plain,permission,permission,True,0.3,evaluation,True,
fresno_unified_school_district__fta_fresno_teachers_association_cba_2010_2012__6e67ecb0,FTA-Fresno-Teachers-Association_CBA_2010-2012.pdf,Fresno Unified School District,28,"the intervention may be extended to a second year if the Panel determines progress is being made although the permanent teacher may not have returned to a ""proficient"" level of performance.",the intervention,management,worker,may,False,passive,plain,permission,permission,True,0.3,evaluation,True,Complex conditional clause.
fresno_unified_school_district__fta_fresno_teachers_association_cba_2010_2012__6e67ecb0,FTA-Fresno-Teachers-Association_CBA_2010-2012.pdf,Fresno Unified School District,29,"the intervention may be shorter than one school year if the consulting teacher and the Panel determines the permanent teacher is at a proficient level of performance, consistent with above section 4, F.",the intervention,management,worker,may,False,passive,plain,permission,permission,True,0.3,evaluation,True,
fresno_unified_school_district__fta_fresno_teachers_association_cba_2010_2012__6e67ecb0,FTA-Fresno-Teachers-Association_CBA_2010-2012.pdf,Fresno Unified School District,29,The deliberations of the Panel shall be closed and confidential,The deliberations of the Panel,management,worker,shall,False,passive,plain,obligation,obligation,True,1.0,evaluation,True,
fresno_unified_school_district__fta_fresno_teachers_association_cba_2010_2012__6e67ecb0,FTA-Fresno-Teachers-Association_CBA_2010-2012.pdf,Fresno Unified School District,29,"their decisions shall be based on the information provided by the consulting teacher, the principal, the permanent teacher and/or FTA representative who is assigned.",their decisions,worker,worker,shall,False,passive,plain,obligation,obligation,True,1.0,evaluation,True,
fresno_unified_school_district__fta_fresno_teachers_association_cba_2010_2012__6e67ecb0,FTA-Fresno-Teachers-Association_CBA_2010-2012.pdf,Fresno Unified School District,29,The report of the vote shall only include the number of Panel members voting on each side of any question before the Panel,The report of the vote,other,worker,shall,False,active,plain,obligation,obligation,True,1.0,evaluation,True,
fresno_unified_school_district__fta_fresno_teachers_association_cba_2010_2012__6e67ecb0,FTA-Fresno-Teachers-Association_CBA_2010-2012.pdf,Fresno Unified School District,29,"The decision of the Panel shall be reported to the teacher, the consulting teacher, and the principal in conference with the Associate Superintendent of Division of Human Resources/Labor Relations and a representative of FTA, who is not a member of the Panel.",The decision of the Panel,management,worker,shall,False,passive,plain,obligation,obligation,True,1.0,evaluation,True,
fresno_unified_school_district__fta_fresno_teachers_association_cba_2010_2012__6e67ecb0,FTA-Fresno-Teachers-Association_CBA_2010-2012.pdf,Fresno Unified School District,29,The permanent teacher shall be entitled to review all reports generated by the consulting teacher prior to their submission to the Panel and to have affixed thereto his/her comments.,The permanent teacher,worker,worker,shall,False,active,rights_passive,right,right,True,1.0,evaluation,True,
fresno_unified_school_district__fta_fresno_teachers_association_cba_2010_2012__6e67ecb0,FTA-Fresno-Teachers-Association_CBA_2010-2012.pdf,Fresno Unified School District,29,the consulting teacher shall provide the permanent teacher being reviewed with copies of such reports at least five (5) working days prior to any such meeting.,the consulting teacher,management,worker,shall,False,active,plain,obligation,obligation,True,1.0,evaluation,True,
fresno_unified_school_district__fta_fresno_teachers_association_cba_2010_2012__6e67ecb0,FTA-Fresno-Teachers-Association_CBA_2010-2012.pdf,Fresno Unified School District,29,The permanent teacher shall have a right to be represented by FTA in any meetings of the Panel to which they are called,The permanent teacher,worker,worker,shall,False,active,plain,obligation,right,False,1.0,evaluation,True,
fresno_unified_school_district__fta_fresno_teachers_association_cba_2010_2012__6e67ecb0,FTA-Fresno-Teachers-Association_CBA_2010-2012.pdf,Fresno Unified School District,29,The permanent teacher shall be given a reasonable opportunity to present his/her point of view concerning any report being made.,The permanent teacher,management,worker,shall,False,passive,rights_passive,right,right,True,1.0,evaluation,True,
fresno_unified_school_district__fta_fresno_teachers_association_cba_2010_2012__6e67ecb0,FTA-Fresno-Teachers-Association_CBA_2010-2012.pdf,Fresno Unified School District,29,The decision to refer a permanent teacher for intervention through this Program shall not be subject to the grievance procedure.,The decision to refer a permanent teacher for intervention through this Program,management,management,shall,True,active,plain,prohibition,prohibition,True,1.0,discipline,True,
fresno_unified_school_district__fta_fresno_teachers_association_cba_2010_2012__6e67ecb0,FTA-Fresno-Teachers-Association_CBA_2010-2012.pdf,Fresno Unified School District,29,The permanent teacher shall have the right to timely reports of progress being made.,The permanent teacher,worker,worker,shall,False,active,plain,obligation,right,False,1.0,evaluation,True,
fresno_unified_school_district__fta_fresno_teachers_association_cba_2010_2012__6e67ecb0,FTA-Fresno-Teachers-Association_CBA_2010-2012.pdf,Fresno Unified School District,29,The permanent teacher shall have the right to present reasons why a specific consulting teacher should be replaced and another consulting teacher substituted and to have those reasons considered.,The permanent teacher,worker,worker,shall,False,active,plain,obligation,right,False,1.0,evaluation,True,
fresno_unified_school_district__fta_fresno_teachers_association_cba_2010_2012__6e67ecb0,FTA-Fresno-Teachers-Association_CBA_2010-2012.pdf,Fresno Unified School District,29,This Program in no manner diminishes the legal rights of bargaining unit members.,This Program,other,worker,,True,active,plain,prohibition,other,False,0.0,teacher_rights_and_conduct,True,
fresno_unified_school_district__fta_fresno_teachers_association_cba_2010_2012__6e67ecb0,FTA-Fresno-Teachers-Association_CBA_2010-2012.pdf,Fresno Unified School District,29,"A teacher shall not have access to the grievance process to challenge the contents of reports, evaluations, or decisions of the Panel",A teacher,worker,management,shall,True,active,plain,prohibition,prohibition,True,1.0,discipline,True,
fresno_unified_school_district__fta_fresno_teachers_association_cba_2010_2012__6e67ecb0,FTA-Fresno-Teachers-Association_CBA_2010-2012.pdf,Fresno Unified School District,29,A teacher may file responses which shall become part of the official record of the intervention.,A teacher,worker,worker,may,False,active,plain,permission,permission,True,0.3,discipline,True,
fresno_unified_school_district__fta_fresno_teachers_association_cba_2010_2012__6e67ecb0,FTA-Fresno-Teachers-Association_CBA_2010-2012.pdf,Fresno Unified School District,29,"Expenditures for the PAR Program shall not exceed revenues received from Peer Assistance and Review Program funds, excluding the allowable administrative cost.",Expenditures for the PAR Program,other,management,shall,True,active,plain,prohibition,prohibition,True,1.0,other,True,
fresno_unified_school_district__fta_fresno_teachers_association_cba_2010_2012__6e67ecb0,FTA-Fresno-Teachers-Association_CBA_2010-2012.pdf,Fresno Unified School District,29,"At the conclusion of each fiscal year, if revenue exceeds expenditures the parties shall meet to determine the allocation of the surplus.",the parties,other,management,shall,False,active,plain,obligation,obligation,True,1.0,other,True,
fresno_unified_school_district__fta_fresno_teachers_association_cba_2010_2012__6e67ecb0,FTA-Fresno-Teachers-Association_CBA_2010-2012.pdf,Fresno Unified School District,30,Funds shall also be set aside to allow the consulting teachers funds to provide for release days and/or conferences as developmental tools with the teachers assigned to the Program.,Funds,other,worker,shall,False,passive,plain,obligation,obligation,True,1.0,professional_development,True,
fresno_unified_school_district__fta_fresno_teachers_association_cba_2010_2012__6e67ecb0,FTA-Fresno-Teachers-Association_CBA_2010-2012.pdf,Fresno Unified School District,30,"this Program shall terminate if for any reason there exists an inability for full funding thereof through AB1x (1999, Villaragosa) or successor legislation.",this Program,other,management,shall,False,active,plain,obligation,obligation,True,1.0,other,True,
fresno_unified_school_district__fta_fresno_teachers_association_cba_2010_2012__6e67ecb0,FTA-Fresno-Teachers-Association_CBA_2010-2012.pdf,Fresno Unified School District,30,"The cost of releasing consulting teachers for service in the Program shall be computed on the basis of a step 1, column 1 replacement temporary teacher plus benefits, fixed costs, and the per diem cost of the consulting teachers’ extra days.",The cost of releasing consulting teachers for service in the Program,other,management,shall,False,passive,plain,obligation,obligation,True,1.0,compensation,True,
fresno_unified_school_district__fta_fresno_teachers_association_cba_2010_2012__6e67ecb0,FTA-Fresno-Teachers-Association_CBA_2010-2012.pdf,Fresno Unified School District,30,"Nothing herein shall preclude the Board from examining information which it is entitled by law to review in connection with the evaluation of and/or decision to retain in employment, probationary or temporary certificated employees.",Nothing herein,management,management,shall,True,active,plain,prohibition,prohibition,True,1.0,evaluation,True,
fresno_unified_school_district__fta_fresno_teachers_association_cba_2010_2012__6e67ecb0,FTA-Fresno-Teachers-Association_CBA_2010-2012.pdf,Fresno Unified School District,30,"Nothing herein shall modify or in any manner affect the rights of the Governing Board/District under provisions of the Education Code relating to the employment, classification, retention or non-re-election of certificated employees.",Nothing herein,management,management,shall,True,active,plain,prohibition,prohibition,True,1.0,other,True,
fresno_unified_school_district__fta_fresno_teachers_association_cba_2010_2012__6e67ecb0,FTA-Fresno-Teachers-Association_CBA_2010-2012.pdf,Fresno Unified School District,30,"Nothing herein shall modify or affect the District's right to issue notices (of unsatisfactory performance) pursuant to Education Code Section 44938, or disciplinary action pursuant to Article 21, Just Cause.",Nothing herein,management,management,shall,True,active,plain,prohibition,prohibition,True,1.0,discipline,True,
fresno_unified_school_district__fta_fresno_teachers_association_cba_2010_2012__6e67ecb0,FTA-Fresno-Teachers-Association_CBA_2010-2012.pdf,Fresno Unified School District,30,The Peer Assistance Program shall be reviewed annually by the panel and report to District Governing Board and FTA.,The Peer Assistance Program,management,management,shall,False,passive,plain,obligation,obligation,True,1.0,other,True,
fresno_unified_school_district__fta_fresno_teachers_association_cba_2010_2012__6e67ecb0,FTA-Fresno-Teachers-Association_CBA_2010-2012.pdf,Fresno Unified School District,30,The District shall hold harmless the members of the PAR Panel and the consulting teachers for any liability arising out of their participation in this Program as provided in Education Code Section 44503(c).,The District,management,worker,shall,False,active,plain,obligation,obligation,True,1.0,other,True,
fresno_unified_school_district__fta_fresno_teachers_association_cba_2010_2012__6e67ecb0,FTA-Fresno-Teachers-Association_CBA_2010-2012.pdf,Fresno Unified School District,30,All proceedings and materials related to the administration of this article shall be strictly confidential.,All proceedings and materials related to the administration of this article,other,management,shall,False,active,plain,obligation,obligation,True,1.0,discipline,True,
fresno_unified_school_district__fta_fresno_teachers_association_cba_2010_2012__6e67ecb0,FTA-Fresno-Teachers-Association_CBA_2010-2012.pdf,Fresno Unified School District,30,"Therefore, panel members and consulting teachers may disclose such information only as necessary to administer this article.",panel members and consulting teachers,worker,management,may,False,active,plain,permission,permission,True,0.3,discipline,True,
fresno_unified_school_district__fta_fresno_teachers_association_cba_2010_2012__6e67ecb0,FTA-Fresno-Teachers-Association_CBA_2010-2012.pdf,Fresno Unified School District,30,This article shall not apply to situations in which the District is subject to Civil Defense procedures.,This article,other,management,shall,True,active,plain,prohibition,prohibition,True,1.0,safety_and_working_conditions,True,
fresno_unified_school_district__fta_fresno_teachers_association_cba_2010_2012__6e67ecb0,FTA-Fresno-Teachers-Association_CBA_2010-2012.pdf,Fresno Unified School District,30,"The principal at each school shall disseminate a simple but precise plan which outlines tasks, in detail, to be performed by the bargaining unit members.",The principal at each school,management,worker,shall,False,active,plain,obligation,obligation,True,1.0,safety_and_working_conditions,True,
fresno_unified_school_district__fta_fresno_teachers_association_cba_2010_2012__6e67ecb0,FTA-Fresno-Teachers-Association_CBA_2010-2012.pdf,Fresno Unified School District,30,"Completed plans, with names, are to be filed annually by October 15.","Completed plans, with names",management,management,,False,passive,plain,other,obligation,False,0.0,other,True,
fresno_unified_school_district__fta_fresno_teachers_association_cba_2010_2012__6e67ecb0,FTA-Fresno-Teachers-Association_CBA_2010-2012.pdf,Fresno Unified School District,31,"The principal at each school should identify to the bargaining unit members an appropriate extreme emergency signal, other than the fire alarm.",The principal at each school,management,worker,should,False,active,plain,obligation,obligation,True,0.7,safety_and_working_conditions,True,
fresno_unified_school_district__fta_fresno_teachers_association_cba_2010_2012__6e67ecb0,FTA-Fresno-Teachers-Association_CBA_2010-2012.pdf,Fresno Unified School District,31,"Designate, by name, the personnel in line of authority for the school to implement corrective measures.",[The organization plan],management,worker,shall,False,active,plain,obligation,obligation,True,1.0,safety_and_working_conditions,True,Elliptical clause continuing from preceding sentence.
fresno_unified_school_district__fta_fresno_teachers_association_cba_2010_2012__6e67ecb0,FTA-Fresno-Teachers-Association_CBA_2010-2012.pdf,Fresno Unified School District,31,"Designate, by name, bargaining unit members to handle emergency health and welfare.",[The organization plan],management,worker,shall,False,active,plain,obligation,obligation,True,1.0,safety_and_working_conditions,True,Elliptical clause.
fresno_unified_school_district__fta_fresno_teachers_association_cba_2010_2012__6e67ecb0,FTA-Fresno-Teachers-Association_CBA_2010-2012.pdf,Fresno Unified School District,31,Designate an area for emergency health and welfare assistance.,[The organization plan],management,worker,shall,False,active,plain,obligation,obligation,True,1.0,safety_and_working_conditions,True,Elliptical clause.
fresno_unified_school_district__fta_fresno_teachers_association_cba_2010_2012__6e67ecb0,FTA-Fresno-Teachers-Association_CBA_2010-2012.pdf,Fresno Unified School District,31,"Designate, by name, person or persons to serve as emergency locators to notify parents, guardians and/or doctors of injured persons.",[The organization plan],management,worker,shall,False,active,plain,obligation,obligation,True,1.0,safety_and_working_conditions,True,Elliptical clause.
fresno_unified_school_district__fta_fresno_teachers_association_cba_2010_2012__6e67ecb0,FTA-Fresno-Teachers-Association_CBA_2010-2012.pdf,Fresno Unified School District,31,"Designate, by name, person or persons to lock up the gates and/or the buildings should it be necessary to close the school.",[The organization plan],management,worker,shall,False,active,plain,obligation,obligation,True,1.0,safety_and_working_conditions,True,Elliptical clause.
fresno_unified_school_district__fta_fresno_teachers_association_cba_2010_2012__6e67ecb0,FTA-Fresno-Teachers-Association_CBA_2010-2012.pdf,Fresno Unified School District,31,Designate a telephone team to maintain phone communications with the District office and a team for internal communications.,[The organization plan],management,worker,shall,False,active,plain,obligation,obligation,True,1.0,safety_and_working_conditions,True,Elliptical clause.
fresno_unified_school_district__fta_fresno_teachers_association_cba_2010_2012__6e67ecb0,FTA-Fresno-Teachers-Association_CBA_2010-2012.pdf,Fresno Unified School District,31,Identify an area where unassigned bargaining unit members would assemble for instruction if the school is closed.,[The organization plan],management,worker,shall,False,active,plain,obligation,obligation,True,1.0,safety_and_working_conditions,True,Elliptical clause.
fresno_unified_school_district__fta_fresno_teachers_association_cba_2010_2012__6e67ecb0,FTA-Fresno-Teachers-Association_CBA_2010-2012.pdf,Fresno Unified School District,31,"Designate, by name, a person or persons to serve in public information work under the direction of the District's Information Office.",[The organization plan],management,worker,shall,False,active,plain,obligation,obligation,True,1.0,safety_and_working_conditions,True,Elliptical clause.
fresno_unified_school_district__fta_fresno_teachers_association_cba_2010_2012__6e67ecb0,FTA-Fresno-Teachers-Association_CBA_2010-2012.pdf,Fresno Unified School District,31,The principal or principal's designee will immediately call the appropriate District Office emergency telephone number stating the name of the school and the nature of the emergency,The principal or principal's designee,management,worker,will,False,active,plain,obligation,obligation,True,0.9,safety_and_working_conditions,True,
fresno_unified_school_district__fta_fresno_teachers_association_cba_2010_2012__6e67ecb0,FTA-Fresno-Teachers-Association_CBA_2010-2012.pdf,Fresno Unified School District,31,"and, if in the principal's judgment the situation warrants, will call the police concurrently.",[The principal or principal's designee],management,worker,will,False,active,plain,obligation,obligation,True,0.9,safety_and_working_conditions,True,Elliptical subject sharing antecedent.
fresno_unified_school_district__fta_fresno_teachers_association_cba_2010_2012__6e67ecb0,FTA-Fresno-Teachers-Association_CBA_2010-2012.pdf,Fresno Unified School District,31,The District Office person receiving the call is to immediately notify all necessary District personnel,The District Office person receiving the call,management,worker,,False,active,plain,other,obligation,False,0.0,safety_and_working_conditions,True,
fresno_unified_school_district__fta_fresno_teachers_association_cba_2010_2012__6e67ecb0,FTA-Fresno-Teachers-Association_CBA_2010-2012.pdf,Fresno Unified School District,31,"and, if necessary, dispatch an emergency ""observation team"" to the school.",[The District Office person receiving the call],management,worker,,False,active,plain,other,obligation,False,0.0,safety_and_working_conditions,True,Elliptical subject.
fresno_unified_school_district__fta_fresno_teachers_association_cba_2010_2012__6e67ecb0,FTA-Fresno-Teachers-Association_CBA_2010-2012.pdf,Fresno Unified School District,31,"Principals should not commit bargaining unit members to a physical confrontation or hazard during a situation of extreme emergency, as defined in this article.",Principals,management,worker,should,True,active,plain,prohibition,prohibition,True,0.7,safety_and_working_conditions,True,
fresno_unified_school_district__fta_fresno_teachers_association_cba_2010_2012__6e67ecb0,FTA-Fresno-Teachers-Association_CBA_2010-2012.pdf,Fresno Unified School District,31,the principal shall immediately release all bargaining unit members from the authority of the institution.,the principal,management,worker,shall,False,active,plain,obligation,obligation,True,1.0,safety_and_working_conditions,True,Extracted as the main independent clause following a conditional introductory phrase.
fresno_unified_school_district__fta_fresno_teachers_association_cba_2010_2012__6e67ecb0,FTA-Fresno-Teachers-Association_CBA_2010-2012.pdf,Fresno Unified School District,31,"All schools in the District shall comply with the two annual drills, as required by Title V, in order to test each school's emergency plan, as directed by District Office personnel.",All schools in the District,management,worker,shall,False,active,plain,obligation,obligation,True,1.0,safety_and_working_conditions,True,
fresno_unified_school_district__fta_fresno_teachers_association_cba_2010_2012__6e67ecb0,FTA-Fresno-Teachers-Association_CBA_2010-2012.pdf,Fresno Unified School District,31,The District shall provide District paid coverage (less the applicable employee contribution) for bargaining unit members and eligible dependents as specified within this Article and in the FUSD Employee Health Care Plan Document.,The District,management,worker,shall,False,active,plain,obligation,obligation,True,1.0,benefits,True,
fresno_unified_school_district__fta_fresno_teachers_association_cba_2010_2012__6e67ecb0,FTA-Fresno-Teachers-Association_CBA_2010-2012.pdf,Fresno Unified School District,33,The District shall provide one 60-day open enrollment period each year beginning January 10 for all bargaining unit members and eligible dependents not currently enrolled in the existing FUSD Employees Health Care Plan.,The District,management,worker,shall,False,active,plain,obligation,obligation,True,1.0,benefits,True,
fresno_unified_school_district__fta_fresno_teachers_association_cba_2010_2012__6e67ecb0,FTA-Fresno-Teachers-Association_CBA_2010-2012.pdf,Fresno Unified School District,33,The open enrollment period will also be the time in which plan coverage (Dental and Vision) may be changed.,The open enrollment period,other,worker,will,False,active,plain,obligation,other,False,0.9,benefits,True,
fresno_unified_school_district__fta_fresno_teachers_association_cba_2010_2012__6e67ecb0,FTA-Fresno-Teachers-Association_CBA_2010-2012.pdf,Fresno Unified School District,33,"A Consultant and Plan Administrator shall be selected and funded by JHMB, who will remain in a contractual and/or employment relationship with the District.",A Consultant and Plan Administrator,other,worker,shall,False,passive,plain,obligation,obligation,True,1.0,benefits,True,
fresno_unified_school_district__fta_fresno_teachers_association_cba_2010_2012__6e67ecb0,FTA-Fresno-Teachers-Association_CBA_2010-2012.pdf,Fresno Unified School District,33,"Contracts and Compensation for the Consultant and Plan Administrator shall be recommended by JHMB, but subject to approval by the Board of Education.",Contracts and Compensation for the Consultant and Plan Administrator,management,management,shall,False,passive,plain,obligation,obligation,True,1.0,benefits,True,
fresno_unified_school_district__fta_fresno_teachers_association_cba_2010_2012__6e67ecb0,FTA-Fresno-Teachers-Association_CBA_2010-2012.pdf,Fresno Unified School District,33,Such approval shall not be arbitrarily or unreasonably withheld.,Such approval,other,worker,shall,True,passive,plain,prohibition,prohibition,True,1.0,benefits,True,
fresno_unified_school_district__fta_fresno_teachers_association_cba_2010_2012__6e67ecb0,FTA-Fresno-Teachers-Association_CBA_2010-2012.pdf,Fresno Unified School District,33,"Reporting, reports and disclosures of the Consultant and Plan Administrator shall be as established by the JHMB.","Reporting, reports and disclosures of the Consultant and Plan Administrator",other,worker,shall,False,passive,plain,obligation,obligation,True,1.0,benefits,True,
fresno_unified_school_district__fta_fresno_teachers_association_cba_2010_2012__6e67ecb0,FTA-Fresno-Teachers-Association_CBA_2010-2012.pdf,Fresno Unified School District,33,"The JHMB will, as soon as possible, establish written procedures for conducting its functions as set forth in this Agreement.",The JHMB,other,worker,will,False,active,plain,obligation,obligation,True,0.9,benefits,True,
fresno_unified_school_district__fta_fresno_teachers_association_cba_2010_2012__6e67ecb0,FTA-Fresno-Teachers-Association_CBA_2010-2012.pdf,Fresno Unified School District,33,Such terms shall promote stability and continuity of membership in order to foster expertise in the subject matter of the JHMB.,Such terms,other,worker,shall,False,active,plain,obligation,other,False,1.0,benefits,True,
fresno_unified_school_district__fta_fresno_teachers_association_cba_2010_2012__6e67ecb0,FTA-Fresno-Teachers-Association_CBA_2010-2012.pdf,Fresno Unified School District,33,Labor and Management shall each have one (1) vote on the JHMB.,Labor and Management,other,worker,shall,False,active,plain,obligation,obligation,True,1.0,benefits,True,
fresno_unified_school_district__fta_fresno_teachers_association_cba_2010_2012__6e67ecb0,FTA-Fresno-Teachers-Association_CBA_2010-2012.pdf,Fresno Unified School District,33,Labor representation shall be proportional to membership in determining the one (1) labor vote.,Labor representation,other,worker,shall,False,active,plain,obligation,obligation,True,1.0,benefits,True,
fresno_unified_school_district__fta_fresno_teachers_association_cba_2010_2012__6e67ecb0,FTA-Fresno-Teachers-Association_CBA_2010-2012.pdf,Fresno Unified School District,33,Management representation shall be determined by the District.,Management representation,management,management,shall,False,passive,plain,obligation,obligation,True,1.0,benefits,True,
fresno_unified_school_district__fta_fresno_teachers_association_cba_2010_2012__6e67ecb0,FTA-Fresno-Teachers-Association_CBA_2010-2012.pdf,Fresno Unified School District,33,The voting structure is weighted with each group maintaining a percentage of the weighted vote based on the number of eligible active employees in the unit as a portion of all represented eligible active employees in the District.,The voting structure,other,worker,,False,active,plain,other,other,True,0.0,benefits,True,
fresno_unified_school_district__fta_fresno_teachers_association_cba_2010_2012__6e67ecb0,FTA-Fresno-Teachers-Association_CBA_2010-2012.pdf,Fresno Unified School District,33,There shall be binding arbitration of any JHMB deadlocked votes;,There,other,worker,shall,False,active,plain,obligation,obligation,True,1.0,benefits,True,
fresno_unified_school_district__fta_fresno_teachers_association_cba_2010_2012__6e67ecb0,FTA-Fresno-Teachers-Association_CBA_2010-2012.pdf,Fresno Unified School District,33,provided however the arbitrator(s) shall have no authority to increase the District’s contribution to the Health Fund.,the arbitrator(s),other,management,shall,True,active,plain,prohibition,prohibition,True,1.0,benefits,True,
fresno_unified_school_district__fta_fresno_teachers_association_cba_2010_2012__6e67ecb0,FTA-Fresno-Teachers-Association_CBA_2010-2012.pdf,Fresno Unified School District,33,"Rather, such an increase can only occur, if at all, through subsequent negotiated agreements and ratification thereof by all parties.",such an increase,other,management,can,False,active,plain,permission,prohibition,False,0.3,benefits,True,
fresno_unified_school_district__fta_fresno_teachers_association_cba_2010_2012__6e67ecb0,FTA-Fresno-Teachers-Association_CBA_2010-2012.pdf,Fresno Unified School District,33,"Upon agreement by Labor and Management (i.e., each casting its single vote in the affirmative), such arbitration may be “Expedited Arbitration” on a case by case basis.",such arbitration,management,worker,may,False,passive,plain,permission,permission,True,0.3,benefits,True,
fresno_unified_school_district__fta_fresno_teachers_association_cba_2010_2012__6e67ecb0,FTA-Fresno-Teachers-Association_CBA_2010-2012.pdf,Fresno Unified School District,34,The cost of arbitration is to be borne by the Health Fund.,The cost of arbitration,management,management,,False,passive,plain,other,other,True,0.0,benefits,True,
fresno_unified_school_district__fta_fresno_teachers_association_cba_2010_2012__6e67ecb0,FTA-Fresno-Teachers-Association_CBA_2010-2012.pdf,Fresno Unified School District,34,Arbitrators shall be selected from a list provided by the California State Mediation and Conciliation Service.,Arbitrators,management,worker,shall,False,passive,rights_passive,right,obligation,False,1.0,benefits,True,
fresno_unified_school_district__fta_fresno_teachers_association_cba_2010_2012__6e67ecb0,FTA-Fresno-Teachers-Association_CBA_2010-2012.pdf,Fresno Unified School District,34,"All Plan Design modifications, including but not limited to co-pays, deductibles, premium contributions and assessments, and selection, addition or termination of health plans/providers for all active and retired employees (regardless of age) shall be made by the JHMB (unless a deadlock goes to arbitration), and implemented upon JHMB action/arbitration decision without the need for further negotiations and/or ratification by the parties.","All Plan Design modifications, including but not limited to co-pays, deductibles, premium contributions and assessments, and selection, addition or termination of health plans/providers for all active and retired employees (regardless of age)",other,management,shall,False,passive,plain,obligation,obligation,True,1.0,benefits,True,
fresno_unified_school_district__fta_fresno_teachers_association_cba_2010_2012__6e67ecb0,FTA-Fresno-Teachers-Association_CBA_2010-2012.pdf,Fresno Unified School District,34,Any premium contributions shall be accomplished through automatic payroll deduction for employees and through direct contributions from retirees.,Any premium contributions,management,management,shall,False,passive,plain,obligation,obligation,True,1.0,benefits,True,
fresno_unified_school_district__fta_fresno_teachers_association_cba_2010_2012__6e67ecb0,FTA-Fresno-Teachers-Association_CBA_2010-2012.pdf,Fresno Unified School District,34,All vendor Contracts are to be negotiated by JHMB,All vendor Contracts,other,management,,False,passive,plain,other,other,True,0.0,benefits,True,
fresno_unified_school_district__fta_fresno_teachers_association_cba_2010_2012__6e67ecb0,FTA-Fresno-Teachers-Association_CBA_2010-2012.pdf,Fresno Unified School District,34,The JHMB will assume full responsibility for all retiree health benefits,The JHMB,other,worker,will,False,active,plain,obligation,obligation,True,0.9,benefits,True,
fresno_unified_school_district__fta_fresno_teachers_association_cba_2010_2012__6e67ecb0,FTA-Fresno-Teachers-Association_CBA_2010-2012.pdf,Fresno Unified School District,34,both of which shall be in accordance with actuarial recommendations.,both of which,other,worker,shall,False,active,plain,obligation,obligation,True,1.0,benefits,True,
fresno_unified_school_district__fta_fresno_teachers_association_cba_2010_2012__6e67ecb0,FTA-Fresno-Teachers-Association_CBA_2010-2012.pdf,Fresno Unified School District,34,The JHMB will set as a target allocation of $2 million annually and will allocate not less than $1 million annually from the Health Fund toward such unfunded liability.,The JHMB,other,worker,will,False,active,plain,obligation,obligation,True,0.9,benefits,True,
fresno_unified_school_district__fta_fresno_teachers_association_cba_2010_2012__6e67ecb0,FTA-Fresno-Teachers-Association_CBA_2010-2012.pdf,Fresno Unified School District,34,"Beginning with the 2005-2006 school year, the District’s initial contribution to the Health Fund shall be the actual Health Fund expense (not including IBNR’s) as reflected in the 2004-2005 unaudited actuals.",the District’s initial contribution to the Health Fund,other,management,shall,False,active,plain,obligation,obligation,True,1.0,benefits,True,
fresno_unified_school_district__fta_fresno_teachers_association_cba_2010_2012__6e67ecb0,FTA-Fresno-Teachers-Association_CBA_2010-2012.pdf,Fresno Unified School District,34,The District’s contribution rate per eligible employee shall be determined by dividing the total actual 2004-2005 health and welfare expenditures by the average number of eligible employees in the Health Plan in 2004-2005.,The District’s contribution rate per eligible employee,worker,management,shall,False,passive,plain,obligation,obligation,True,1.0,benefits,True,
fresno_unified_school_district__fta_fresno_teachers_association_cba_2010_2012__6e67ecb0,FTA-Fresno-Teachers-Association_CBA_2010-2012.pdf,Fresno Unified School District,34,"The District shall contribute the same per eligible employee amount for the average number of all eligible active employees unrestricted-funded, restricted-funded, special education-funded, in the Health Plan in 2004-2005.",The District,management,worker,shall,False,active,plain,obligation,obligation,True,1.0,benefits,True,
fresno_unified_school_district__fta_fresno_teachers_association_cba_2010_2012__6e67ecb0,FTA-Fresno-Teachers-Association_CBA_2010-2012.pdf,Fresno Unified School District,34,"Following the District’s initial contribution as set forth above the District shall adjust on a monthly basis, its contribution to reflect the actual number of active eligible employees.",the District,management,worker,shall,False,active,plain,obligation,obligation,True,1.0,benefits,True,
fresno_unified_school_district__fta_fresno_teachers_association_cba_2010_2012__6e67ecb0,FTA-Fresno-Teachers-Association_CBA_2010-2012.pdf,Fresno Unified School District,34,Current medical IBNR’s shall remain as IBNR’s in the Health Fund.,Current medical IBNR’s,other,worker,shall,False,active,plain,obligation,obligation,True,1.0,benefits,True,
fresno_unified_school_district__fta_fresno_teachers_association_cba_2010_2012__6e67ecb0,FTA-Fresno-Teachers-Association_CBA_2010-2012.pdf,Fresno Unified School District,35,The JHMB shall report to the District and all employee associations on a quarterly basis regarding the status of the Health Fund.,The JHMB,other,worker,shall,False,active,plain,obligation,obligation,True,1.0,benefits,True,
fresno_unified_school_district__fta_fresno_teachers_association_cba_2010_2012__6e67ecb0,FTA-Fresno-Teachers-Association_CBA_2010-2012.pdf,Fresno Unified School District,35,"Specifically, such reports shall indicate whether actual expenditures from all components of the Health Plan are projected to exceed budgeted Health Fund revenues (the ""shortfall"").",such reports,other,worker,shall,False,active,plain,obligation,obligation,True,1.0,benefits,True,
fresno_unified_school_district__fta_fresno_teachers_association_cba_2010_2012__6e67ecb0,FTA-Fresno-Teachers-Association_CBA_2010-2012.pdf,Fresno Unified School District,35,"This determination shall be made based on claims experience and expenses to date, projected according to objective, industry-based and historical trends to yield an annualized projection of total expenditures.",This determination,management,worker,shall,False,passive,plain,obligation,obligation,True,1.0,benefits,True,
fresno_unified_school_district__fta_fresno_teachers_association_cba_2010_2012__6e67ecb0,FTA-Fresno-Teachers-Association_CBA_2010-2012.pdf,Fresno Unified School District,35,"the JHMB shall act immediately to increase eligible employee and/or retiree contributions or assessments, and/or modify plan design pursuant to Section 2 (H) above.",the JHMB,other,worker,shall,False,active,plain,obligation,obligation,True,1.0,benefits,True,
fresno_unified_school_district__fta_fresno_teachers_association_cba_2010_2012__6e67ecb0,FTA-Fresno-Teachers-Association_CBA_2010-2012.pdf,Fresno Unified School District,35,Such action shall negate the shortfall within the fiscal year.,Such action,other,worker,shall,False,active,plain,obligation,obligation,True,1.0,benefits,True,
fresno_unified_school_district__fta_fresno_teachers_association_cba_2010_2012__6e67ecb0,FTA-Fresno-Teachers-Association_CBA_2010-2012.pdf,Fresno Unified School District,35,the Health Plan Reserve Assessment shall automatically and immediately be increased for all eligible active employees and eligible pre-65 year old retirees.,the Health Plan Reserve Assessment,management,worker,shall,False,passive,plain,obligation,obligation,True,1.0,benefits,True,
fresno_unified_school_district__fta_fresno_teachers_association_cba_2010_2012__6e67ecb0,FTA-Fresno-Teachers-Association_CBA_2010-2012.pdf,Fresno Unified School District,35,Such increase shall be in the amount necessary to negate the shortfall within the fiscal year.,Such increase,other,worker,shall,False,active,plain,obligation,obligation,True,1.0,benefits,True,
fresno_unified_school_district__fta_fresno_teachers_association_cba_2010_2012__6e67ecb0,FTA-Fresno-Teachers-Association_CBA_2010-2012.pdf,Fresno Unified School District,35,In determining the amount of the increase the JHMB shall base its decision on the information and recommendations of the JHMB's consultant.,the JHMB,other,worker,shall,False,active,plain,obligation,obligation,True,1.0,benefits,True,
fresno_unified_school_district__fta_fresno_teachers_association_cba_2010_2012__6e67ecb0,FTA-Fresno-Teachers-Association_CBA_2010-2012.pdf,Fresno Unified School District,35,the consultants' recommendations shall be implemented.,the consultants' recommendations,management,worker,shall,False,passive,plain,obligation,obligation,True,1.0,benefits,True,
fresno_unified_school_district__fta_fresno_teachers_association_cba_2010_2012__6e67ecb0,FTA-Fresno-Teachers-Association_CBA_2010-2012.pdf,Fresno Unified School District,35,JHMB actions and/or automatic assessments shall apply as set forth in paragraphs (C) and (D) above regarding any month in which a projected shortfall is determined to exist.,JHMB actions and/or automatic assessments,other,worker,shall,False,active,plain,obligation,obligation,True,1.0,benefits,True,
fresno_unified_school_district__fta_fresno_teachers_association_cba_2010_2012__6e67ecb0,FTA-Fresno-Teachers-Association_CBA_2010-2012.pdf,Fresno Unified School District,35,such amount shall be deducted from the District's contribution to the Health Fund for the following year.,such amount,management,worker,shall,False,passive,plain,obligation,obligation,True,1.0,benefits,True,
fresno_unified_school_district__fta_fresno_teachers_association_cba_2010_2012__6e67ecb0,FTA-Fresno-Teachers-Association_CBA_2010-2012.pdf,Fresno Unified School District,35,"the District's contribution to the Health Fund as set forth in Section 3 of this Article ""Health Fund,"" shall be automatically increased by the percentage figure representing the effective, ongoing unrestricted dollar increase to the District's base revenue limit (BRL) actually received by the District in the applicable school year, including the ongoing unrestricted COLA, any ongoing unrestricted deficit reduction or equalization, and/or any other ongoing adjustment to the District's funded BRL/ADA identical in effect to a COLA, and accounting for declining or increased enrollment.","the District's contribution to the Health Fund as set forth in Section 3 of this Article ""Health Fund,""",management,worker,shall,False,passive,plain,obligation,obligation,True,1.0,benefits,True,
fresno_unified_school_district__fta_fresno_teachers_association_cba_2010_2012__6e67ecb0,FTA-Fresno-Teachers-Association_CBA_2010-2012.pdf,Fresno Unified School District,36,The parties shall utilize the BRL as set forth in the Governor's May Revise if the final State Budget Act BRL is not known in time to implement effective July 1.,The parties,other,worker,shall,False,active,plain,obligation,obligation,True,1.0,benefits,True,
fresno_unified_school_district__fta_fresno_teachers_association_cba_2010_2012__6e67ecb0,FTA-Fresno-Teachers-Association_CBA_2010-2012.pdf,Fresno Unified School District,36,"The contribution to the Health Fund shall be adjusted (up or down) based on the final BRL percentage, as defined in paragraph (A) immediately above, contained in the State Budget Act.",The contribution to the Health Fund,management,worker,shall,False,passive,plain,obligation,obligation,True,1.0,benefits,True,
fresno_unified_school_district__fta_fresno_teachers_association_cba_2010_2012__6e67ecb0,FTA-Fresno-Teachers-Association_CBA_2010-2012.pdf,Fresno Unified School District,36,The foregoing shall constitute the District's maximum contribution to the Health Fund.,The foregoing,other,management,shall,False,active,plain,obligation,obligation,True,1.0,benefits,True,
fresno_unified_school_district__fta_fresno_teachers_association_cba_2010_2012__6e67ecb0,FTA-Fresno-Teachers-Association_CBA_2010-2012.pdf,Fresno Unified School District,36,"The JHMB shall be responsible for implementing any changes necessary to ensure that health and welfare costs in excess of this level of contribution shall be borne by eligible active employees and eligible retirees in the Health Plan through plan design and or employee/retiree contribution/assessment changes, and/or any other JHMB actions as described in Section 2 paragraph H. ""Joint Health Management Board (JHMB).""",The JHMB,management,management,shall,False,active,obligation_verb,obligation,obligation,True,1.0,benefits,True,
fresno_unified_school_district__fta_fresno_teachers_association_cba_2010_2012__6e67ecb0,FTA-Fresno-Teachers-Association_CBA_2010-2012.pdf,Fresno Unified School District,36,"Such changes must be adopted by the JHMB and implemented effective July 1 annually, except for any changes made pursuant to Section 4 of this Article (Procedures Regarding Potential Underfunding of Health Fund).",Such changes,management,management,must,False,passive,obligation_verb,obligation,obligation,True,1.0,benefits,True,
fresno_unified_school_district__fta_fresno_teachers_association_cba_2010_2012__6e67ecb0,FTA-Fresno-Teachers-Association_CBA_2010-2012.pdf,Fresno Unified School District,36,The District’s contribution per active eligible employee to the health fund shall not be less than the amount set forth in Section 3 of this Article “Health Fund.”,The District’s contribution per active eligible employee to the health fund,management,worker,shall,True,active,plain,prohibition,prohibition,True,1.0,benefits,True,Negative phrasing establishing a floor.
fresno_unified_school_district__fta_fresno_teachers_association_cba_2010_2012__6e67ecb0,FTA-Fresno-Teachers-Association_CBA_2010-2012.pdf,Fresno Unified School District,36,"The parties agree that the increased dollar amount already contributed to the Health Fund in year two as set forth above, shall automatically be deducted from the additional BRL dollars actually received by the District that are available for negotiations over potenti",The parties,other,management,shall,False,active,plain,obligation,other,False,1.0,compensation,True,Truncated at end of chunk.
fresno_unified_school_district__fta_fresno_teachers_association_cba_2010_2012__6e67ecb0,FTA-Fresno-Teachers-Association_CBA_2010-2012.pdf,Fresno Unified School District,37,"The parties agree that the increased dollar amount already contributed to the Health Fund in year two as set forth above, shall automatically be deducted from the additional BRL dollars actually received by the District that are available for negotiations over potential salary increases for the applicable school year.",The parties,other,management,shall,False,active,plain,obligation,other,False,1.0,compensation,True,
fresno_unified_school_district__fta_fresno_teachers_association_cba_2010_2012__6e67ecb0,FTA-Fresno-Teachers-Association_CBA_2010-2012.pdf,Fresno Unified School District,37,"Notwithstanding the provisions of paragraph E immediately above, the parties agree that the District will increase its contribution to the health and welfare fund pursuant to this Article 18 of the Agreement for the 2006-2007 and 2007-2008 school years;",the parties,other,worker,will,False,active,plain,obligation,other,False,0.9,benefits,True,
fresno_unified_school_district__fta_fresno_teachers_association_cba_2010_2012__6e67ecb0,FTA-Fresno-Teachers-Association_CBA_2010-2012.pdf,Fresno Unified School District,37,"however, there will be no separate deduction of this amount from the salary increases set forth in Article 50.",there,other,worker,will,True,active,plain,prohibition,prohibition,True,0.9,compensation,True,
fresno_unified_school_district__fta_fresno_teachers_association_cba_2010_2012__6e67ecb0,FTA-Fresno-Teachers-Association_CBA_2010-2012.pdf,Fresno Unified School District,37,The foregoing BRL contribution to the Health Fund shall continue in effect upon expiration of this three-year Agreement until the parties reach agreement on a successor negotiated contract.,The foregoing BRL contribution to the Health Fund,other,worker,shall,False,active,plain,obligation,obligation,True,1.0,benefits,True,
fresno_unified_school_district__fta_fresno_teachers_association_cba_2010_2012__6e67ecb0,FTA-Fresno-Teachers-Association_CBA_2010-2012.pdf,Fresno Unified School District,37,The District shall provide paid Medical Health Plan benefits for retirees in accordance with the following provisions:,The District,management,worker,shall,False,active,plain,obligation,obligation,True,1.0,benefits,True,
fresno_unified_school_district__fta_fresno_teachers_association_cba_2010_2012__6e67ecb0,FTA-Fresno-Teachers-Association_CBA_2010-2012.pdf,Fresno Unified School District,37,"The following eligibility requirements and District-provided retirement benefits shall apply to employees hired on or after July 1, 2005.",The following eligibility requirements and District-provided retirement benefits,other,worker,shall,False,active,plain,obligation,obligation,True,1.0,benefits,True,
fresno_unified_school_district__fta_fresno_teachers_association_cba_2010_2012__6e67ecb0,FTA-Fresno-Teachers-Association_CBA_2010-2012.pdf,Fresno Unified School District,37,* The District shall provide up to five (5) years of retiree benefits regardless of whether the minimum age of Medicare eligibility is revised by law.,The District,management,worker,shall,False,active,plain,obligation,obligation,True,1.0,benefits,True,
fresno_unified_school_district__fta_fresno_teachers_association_cba_2010_2012__6e67ecb0,FTA-Fresno-Teachers-Association_CBA_2010-2012.pdf,Fresno Unified School District,37,"In such event, the District's minimum age of eligibility for retiree benefits shall be amended accordingly.",the District's minimum age of eligibility for retiree benefits,management,worker,shall,False,passive,plain,obligation,obligation,True,1.0,benefits,True,
fresno_unified_school_district__fta_fresno_teachers_association_cba_2010_2012__6e67ecb0,FTA-Fresno-Teachers-Association_CBA_2010-2012.pdf,Fresno Unified School District,37,"For example, if the Medicare age of eligibility is increased to 67 years of age, the District's minimum age of eligibility for retiree benefits shall automatically be increased to 62.",the District's minimum age of eligibility for retiree benefits,management,management,shall,False,passive,plain,obligation,obligation,True,1.0,benefits,True,Embedded in conditional sentence; main operative clause extracted.
fresno_unified_school_district__fta_fresno_teachers_association_cba_2010_2012__6e67ecb0,FTA-Fresno-Teachers-Association_CBA_2010-2012.pdf,Fresno Unified School District,37,"These modifications shall not apply to laid off permanent or probationary employees who were hired on or before June 30, 2005, and are rehired by the District within the applicable statutory reemployment pe",These modifications,other,worker,shall,True,active,plain,prohibition,prohibition,True,1.0,benefits,True,Truncated at end of chunk.
fresno_unified_school_district__fta_fresno_teachers_association_cba_2010_2012__6e67ecb0,FTA-Fresno-Teachers-Association_CBA_2010-2012.pdf,Fresno Unified School District,38,the District's minimum age of eligibility for retiree benefits shall automatically be increased to 62.,the District's minimum age of eligibility for retiree benefits,other,management,shall,False,passive,plain,obligation,obligation,True,1.0,benefits,True,
fresno_unified_school_district__fta_fresno_teachers_association_cba_2010_2012__6e67ecb0,FTA-Fresno-Teachers-Association_CBA_2010-2012.pdf,Fresno Unified School District,38,"These modifications shall not apply to laid off permanent or probationary employees who were hired on or before June 30, 2005, and are rehired by the District within the applicable statutory reemployment period",These modifications,other,worker,shall,True,active,plain,prohibition,prohibition,True,1.0,benefits,True,
fresno_unified_school_district__fta_fresno_teachers_association_cba_2010_2012__6e67ecb0,FTA-Fresno-Teachers-Association_CBA_2010-2012.pdf,Fresno Unified School District,38,"These modifications shall also not apply to temporary employees who were hired on or before June 30, 2005 and who have been released and subsequently reemployed within a 24 month period.",These modifications,other,worker,shall,True,active,plain,prohibition,prohibition,True,1.0,benefits,True,
fresno_unified_school_district__fta_fresno_teachers_association_cba_2010_2012__6e67ecb0,FTA-Fresno-Teachers-Association_CBA_2010-2012.pdf,Fresno Unified School District,38,"such rehired employees shall be eligible for and receive retirement benefits pursuant to conditions that exist for employees hired prior to July 1, 2005.",such rehired employees,worker,worker,shall,False,active,rights_active,right,right,True,1.0,benefits,True,
fresno_unified_school_district__fta_fresno_teachers_association_cba_2010_2012__6e67ecb0,FTA-Fresno-Teachers-Association_CBA_2010-2012.pdf,Fresno Unified School District,38,"A disabilitant, as so certified by STRS, becomes eligible for this benefit immediately if such disabilitant has had ten (10) years service in the District.",A disabilitant,worker,worker,,False,active,rights_active,right,right,True,0.85,benefits,True,
fresno_unified_school_district__fta_fresno_teachers_association_cba_2010_2012__6e67ecb0,FTA-Fresno-Teachers-Association_CBA_2010-2012.pdf,Fresno Unified School District,38,Board-approved leave shall be counted in the years' service requirements for the benefit.,Board-approved leave,other,worker,shall,False,passive,plain,obligation,obligation,True,1.0,benefits,True,
fresno_unified_school_district__fta_fresno_teachers_association_cba_2010_2012__6e67ecb0,FTA-Fresno-Teachers-Association_CBA_2010-2012.pdf,Fresno Unified School District,38,"it is required that all retirees and/or dependent(s) enroll in Medicare Part ""B"" upon becoming eligible.",it,management,management,,False,passive,obligation_verb,obligation,obligation,True,0.85,benefits,True,dummy 'it' subject for passive requirement construction
fresno_unified_school_district__fta_fresno_teachers_association_cba_2010_2012__6e67ecb0,FTA-Fresno-Teachers-Association_CBA_2010-2012.pdf,Fresno Unified School District,38,the benefit will continue for said spouse provided all applicable requirements of these provisions are met.,the benefit,other,worker,will,False,active,plain,obligation,obligation,True,0.9,benefits,True,
fresno_unified_school_district__fta_fresno_teachers_association_cba_2010_2012__6e67ecb0,FTA-Fresno-Teachers-Association_CBA_2010-2012.pdf,Fresno Unified School District,38,a retiree must not be in a paid status with the District.,a retiree,worker,management,must,True,active,prohibition_verb,permission,prohibition,False,1.0,benefits,True,
fresno_unified_school_district__fta_fresno_teachers_association_cba_2010_2012__6e67ecb0,FTA-Fresno-Teachers-Association_CBA_2010-2012.pdf,Fresno Unified School District,38,"Eligible bargaining unit members hired prior to July 1, 2005, who retire after the age of fifty (50) and who maintain coverage under the FUSD's Employee Health Care Plan at their own expense shall be eligible for District-paid coverage at age fifty-seven and one-half (57 & ½) in accordance with the other provisions in this article.","Eligible bargaining unit members hired prior to July 1, 2005, who retire after the age of fifty (50) and who maintain coverage under the FUSD's Employee Health Care Plan at their own expense",worker,worker,shall,False,active,rights_active,right,right,True,1.0,benefits,True,
fresno_unified_school_district__fta_fresno_teachers_association_cba_2010_2012__6e67ecb0,FTA-Fresno-Teachers-Association_CBA_2010-2012.pdf,Fresno Unified School District,38,"Eligible bargaining unit members hired after June 30, 2005, who retire after the age of fifty (50) and who maintain coverage under the FUSD's Employee Health Care Plan at their own expense shall be eligible for District-paid coverage at age sixty (60) in accordance number A (5) of this section.","Eligible bargaining unit members hired after June 30, 2005, who retire after the age of fifty (50) and who maintain coverage under the FUSD's Employee Health Care Plan at their own expense",worker,worker,shall,False,active,rights_active,right,right,True,1.0,benefits,True,
fresno_unified_school_district__fta_fresno_teachers_association_cba_2010_2012__6e67ecb0,FTA-Fresno-Teachers-Association_CBA_2010-2012.pdf,Fresno Unified School District,38,"Disputes arising over the application of this article shall not be subject to the ""Grievance Procedure"" as printed within this Agreement.",Disputes arising over the application of this article,other,management,shall,True,active,plain,prohibition,prohibition,True,1.0,discipline,True,
fresno_unified_school_district__fta_fresno_teachers_association_cba_2010_2012__6e67ecb0,FTA-Fresno-Teachers-Association_CBA_2010-2012.pdf,Fresno Unified School District,39,This shall not be construed so as to prevent the submission of such disputes to the appropriate court of law.,This,other,worker,shall,True,active,plain,prohibition,prohibition,True,1.0,discipline,True,
fresno_unified_school_district__fta_fresno_teachers_association_cba_2010_2012__6e67ecb0,FTA-Fresno-Teachers-Association_CBA_2010-2012.pdf,Fresno Unified School District,39,"the District hereby agrees to defend, hold harmless and indemnify the Association for any adverse final judgment and any reasonable attorney's fees and costs incurred by the Association.",the District,management,worker,,False,active,obligation_verb,obligation,obligation,True,0.85,discipline,True,Conditional on future District action being challenged and Association named as party.
fresno_unified_school_district__fta_fresno_teachers_association_cba_2010_2012__6e67ecb0,FTA-Fresno-Teachers-Association_CBA_2010-2012.pdf,Fresno Unified School District,39,"The District shall have the exclusive right to decide and determine whether any such action shall be compromised, resisted, defended, tried or appealed.",The District,management,management,shall,False,active,rights_active,right,right,True,1.0,discipline,True,
fresno_unified_school_district__fta_fresno_teachers_association_cba_2010_2012__6e67ecb0,FTA-Fresno-Teachers-Association_CBA_2010-2012.pdf,Fresno Unified School District,39,Eligibility will be verified each calendar year.,Eligibility,management,management,will,False,passive,plain,obligation,obligation,True,0.9,benefits,True,
fresno_unified_school_district__fta_fresno_teachers_association_cba_2010_2012__6e67ecb0,FTA-Fresno-Teachers-Association_CBA_2010-2012.pdf,Fresno Unified School District,39,Spouses of employees who work for another employer which provides health insurance coverage may only access the FUSD plan as secondary coverage.,Spouses of employees who work for another employer which provides health insurance coverage,worker,management,may,False,active,permission_verb,permission,permission,True,0.3,benefits,True,Limited to secondary coverage.
fresno_unified_school_district__fta_fresno_teachers_association_cba_2010_2012__6e67ecb0,FTA-Fresno-Teachers-Association_CBA_2010-2012.pdf,Fresno Unified School District,39,Eligibility of dependent children shall be based on birth order rule,Eligibility of dependent children,management,management,shall,False,passive,plain,obligation,obligation,True,1.0,benefits,True,
fresno_unified_school_district__fta_fresno_teachers_association_cba_2010_2012__6e67ecb0,FTA-Fresno-Teachers-Association_CBA_2010-2012.pdf,Fresno Unified School District,39,Eligibility of dependent children shall be verified each calendar year.,Eligibility of dependent children,management,management,shall,False,passive,plain,obligation,obligation,True,1.0,benefits,True,
fresno_unified_school_district__fta_fresno_teachers_association_cba_2010_2012__6e67ecb0,FTA-Fresno-Teachers-Association_CBA_2010-2012.pdf,Fresno Unified School District,39,The parent whose birthday comes first in the year shall be responsible for covering dependent children through employer provided health coverage.,The parent whose birthday comes first in the year,worker,management,shall,False,active,obligation_verb,obligation,obligation,True,1.0,benefits,True,
fresno_unified_school_district__fta_fresno_teachers_association_cba_2010_2012__6e67ecb0,FTA-Fresno-Teachers-Association_CBA_2010-2012.pdf,Fresno Unified School District,39,"Cross-covered participants, through the annual open enrollment process, will have the opportunity to choose whether they desire to retain cross-covered status.",Cross-covered participants,worker,worker,will,False,active,permission_verb,permission,permission,True,0.9,benefits,True,
fresno_unified_school_district__fta_fresno_teachers_association_cba_2010_2012__6e67ecb0,FTA-Fresno-Teachers-Association_CBA_2010-2012.pdf,Fresno Unified School District,39,Those cross-covered participants who elect to retain this status shall be required to cross-enroll themselves and eligible dependent children (if applicable) under each participant's plan.,Those cross-covered participants who elect to retain this status,worker,management,shall,False,active,obligation_verb,obligation,obligation,True,1.0,benefits,True,
fresno_unified_school_district__fta_fresno_teachers_association_cba_2010_2012__6e67ecb0,FTA-Fresno-Teachers-Association_CBA_2010-2012.pdf,Fresno Unified School District,39,"Each participant is required to pay the established monthly two party or family premium, as applicable, for the coverage(s) chosen.",Each participant,worker,management,,False,active,obligation_verb,obligation,obligation,True,0.85,benefits,True,
fresno_unified_school_district__fta_fresno_teachers_association_cba_2010_2012__6e67ecb0,FTA-Fresno-Teachers-Association_CBA_2010-2012.pdf,Fresno Unified School District,39,"Those current cross covered participants who elect through open enrollment not to remain cross-covered, shall receive the same benefit levels (plan design)",Those current cross covered participants who elect through open enrollment not to remain cross-covered,worker,worker,shall,False,active,rights_active,right,right,True,1.0,benefits,True,
fresno_unified_school_district__fta_fresno_teachers_association_cba_2010_2012__6e67ecb0,FTA-Fresno-Teachers-Association_CBA_2010-2012.pdf,Fresno Unified School District,39,Those current cross covered participants who elect through open enrollment not to remain cross-covered incur the same monthly premium expenses as all other non cross-covered participants.,Those current cross covered participants who elect through open enrollment not to remain cross-covered,worker,management,,False,active,plain,other,other,True,0.0,benefits,True,
fresno_unified_school_district__fta_fresno_teachers_association_cba_2010_2012__6e67ecb0,FTA-Fresno-Teachers-Association_CBA_2010-2012.pdf,Fresno Unified School District,39,All eligible District employees shall be required to participate in the Health Benefits Plan,All eligible District employees,worker,management,shall,False,active,obligation_verb,obligation,obligation,True,1.0,benefits,True,
fresno_unified_school_district__fta_fresno_teachers_association_cba_2010_2012__6e67ecb0,FTA-Fresno-Teachers-Association_CBA_2010-2012.pdf,Fresno Unified School District,39,"All eligible District employees shall be required to pay the monthly contributions and assessments, at least at the employee only level for any plan(s) or coverages.",All eligible District employees,worker,management,shall,False,active,obligation_verb,obligation,obligation,True,1.0,benefits,True,
fresno_unified_school_district__fta_fresno_teachers_association_cba_2010_2012__6e67ecb0,FTA-Fresno-Teachers-Association_CBA_2010-2012.pdf,Fresno Unified School District,40,No co-pays apply to annual deductibles or the out of pocket maximums.,No co-pays,other,worker,,True,active,plain,prohibition,prohibition,True,0.0,benefits,True,
fresno_unified_school_district__fta_fresno_teachers_association_cba_2010_2012__6e67ecb0,FTA-Fresno-Teachers-Association_CBA_2010-2012.pdf,Fresno Unified School District,40,The deductible will not apply to out of pocket maximum.,The deductible,other,worker,will,True,active,plain,prohibition,other,False,0.9,benefits,True,
fresno_unified_school_district__fta_fresno_teachers_association_cba_2010_2012__6e67ecb0,FTA-Fresno-Teachers-Association_CBA_2010-2012.pdf,Fresno Unified School District,40,The $100 emergency room co-pay shall be applied to each and every visit to the emergency room (waived only if admitted).,The $100 emergency room co-pay,management,worker,shall,False,passive,plain,obligation,obligation,True,1.0,benefits,True,
fresno_unified_school_district__fta_fresno_teachers_association_cba_2010_2012__6e67ecb0,FTA-Fresno-Teachers-Association_CBA_2010-2012.pdf,Fresno Unified School District,40,all eligible active employees and pre-65 year old retirees shall contribute a Health Plan Reserve Assessment of $10.00 per month.,all eligible active employees and pre-65 year old retirees,worker,management,shall,False,active,obligation_verb,obligation,obligation,True,1.0,benefits,True,
fresno_unified_school_district__fta_fresno_teachers_association_cba_2010_2012__6e67ecb0,FTA-Fresno-Teachers-Association_CBA_2010-2012.pdf,Fresno Unified School District,40,"All eligible post-65 retirees and eligible dependents (spouses and children) shall contribute $10.00 per month each, up to a maximum of $40.00 per month.",All eligible post-65 retirees and eligible dependents (spouses and children),worker,management,shall,False,active,obligation_verb,obligation,obligation,True,1.0,benefits,True,
fresno_unified_school_district__fta_fresno_teachers_association_cba_2010_2012__6e67ecb0,FTA-Fresno-Teachers-Association_CBA_2010-2012.pdf,Fresno Unified School District,40,the post-75 year-old retiree/dependent shall not be required to make any monthly contributions.,the post-75 year-old retiree/dependent,management,worker,shall,True,passive,prohibition_verb,permission,right,False,1.0,benefits,True,
fresno_unified_school_district__fta_fresno_teachers_association_cba_2010_2012__6e67ecb0,FTA-Fresno-Teachers-Association_CBA_2010-2012.pdf,Fresno Unified School District,40,The funds generated from this Assessment shall be placed in a Health Plan Reserve to offset current and future health care cost increases as needed.,The funds generated from this Assessment,management,worker,shall,False,passive,plain,obligation,obligation,True,1.0,benefits,True,
fresno_unified_school_district__fta_fresno_teachers_association_cba_2010_2012__6e67ecb0,FTA-Fresno-Teachers-Association_CBA_2010-2012.pdf,Fresno Unified School District,40,"the Board may determine to reduce, rebate or refund such assessment.",the Board,management,worker,may,False,active,permission_verb,permission,permission,True,0.3,benefits,True,
fresno_unified_school_district__fta_fresno_teachers_association_cba_2010_2012__6e67ecb0,FTA-Fresno-Teachers-Association_CBA_2010-2012.pdf,Fresno Unified School District,40,All retiree plan participants age 65 and over who are eligible for Medicare shall designate Medicare as their primary insurance coverage.,All retiree plan participants age 65 and over who are eligible for Medicare,worker,management,shall,False,active,obligation_verb,obligation,obligation,True,1.0,benefits,True,
fresno_unified_school_district__fta_fresno_teachers_association_cba_2010_2012__6e67ecb0,FTA-Fresno-Teachers-Association_CBA_2010-2012.pdf,Fresno Unified School District,42,"In the event any grievant dies or becomes incapacitated subsequent to filing a grievance, the Association shall be certified to assume the role of grievant for purposes of completing the consideration of the grievance.",the Association,worker,worker,shall,False,passive,plain,obligation,obligation,True,1.0,discipline,True,
fresno_unified_school_district__fta_fresno_teachers_association_cba_2010_2012__6e67ecb0,FTA-Fresno-Teachers-Association_CBA_2010-2012.pdf,Fresno Unified School District,42,The Association may process multiple grievances involving the same or similar facts and issues arising under the terms of this Agreement.,The Association,worker,worker,may,False,active,plain,permission,permission,True,0.3,discipline,True,
fresno_unified_school_district__fta_fresno_teachers_association_cba_2010_2012__6e67ecb0,FTA-Fresno-Teachers-Association_CBA_2010-2012.pdf,Fresno Unified School District,42,"The Association, and only the Association, is entitled to file such a ""class action grievance"".","The Association, and only the Association,",worker,worker,,False,active,rights_passive,right,right,True,0.85,discipline,True,
fresno_unified_school_district__fta_fresno_teachers_association_cba_2010_2012__6e67ecb0,FTA-Fresno-Teachers-Association_CBA_2010-2012.pdf,Fresno Unified School District,42,no additional grievants may be added to the class,no additional grievants,management,management,may,True,passive,plain,prohibition,prohibition,True,0.3,discipline,True,
fresno_unified_school_district__fta_fresno_teachers_association_cba_2010_2012__6e67ecb0,FTA-Fresno-Teachers-Association_CBA_2010-2012.pdf,Fresno Unified School District,42,"nor may any additional claims be raised, without mutual consent of the parties.",any additional claims,management,management,may,True,passive,plain,prohibition,prohibition,True,0.3,discipline,True,
fresno_unified_school_district__fta_fresno_teachers_association_cba_2010_2012__6e67ecb0,FTA-Fresno-Teachers-Association_CBA_2010-2012.pdf,Fresno Unified School District,42,the parties will state such resolution in writing as a grievance settlement,the parties,other,worker,will,False,active,plain,obligation,obligation,True,0.9,discipline,True,
fresno_unified_school_district__fta_fresno_teachers_association_cba_2010_2012__6e67ecb0,FTA-Fresno-Teachers-Association_CBA_2010-2012.pdf,Fresno Unified School District,42,"Any such grievance settlement utilizing a resolution mechanism that is inconsistent with the terms of this Agreement or that affords an alternate advantage to the bargaining unit member(s), grievant, Association or the District not otherwise guaranteed by the terms of this Agreement, shall not be construed as precedent or binding practice for subsequent grievance settlements and/or arbitration awards.","Any such grievance settlement utilizing a resolution mechanism that is inconsistent with the terms of this Agreement or that affords an alternate advantage to the bargaining unit member(s), grievant, Association or the District not otherwise guaranteed by the terms of this Agreement,",management,management,shall,True,active,plain,prohibition,prohibition,True,1.0,discipline,True,
fresno_unified_school_district__fta_fresno_teachers_association_cba_2010_2012__6e67ecb0,FTA-Fresno-Teachers-Association_CBA_2010-2012.pdf,Fresno Unified School District,42,"Nothing contained herein will be construed so as to limit the right of those considering lodging a grievance from discussing the matter informally with any appropriate management person, with or without Association intervention and/or representation, in an attempt to resolve the matter informal",Nothing contained herein,management,worker,will,True,passive,plain,prohibition,prohibition,True,0.9,discipline,True,Text truncated at the end.
fresno_unified_school_district__fta_fresno_teachers_association_cba_2010_2012__6e67ecb0,FTA-Fresno-Teachers-Association_CBA_2010-2012.pdf,Fresno Unified School District,43,"Nothing contained herein will be construed so as to limit the right of those considering lodging a grievance from discussing the matter informally with any appropriate management person, with or without Association intervention and/or representation, in an attempt to resolve the matter informally.",Nothing contained herein,other,worker,will,True,passive,plain,prohibition,prohibition,True,0.9,discipline,True,
fresno_unified_school_district__fta_fresno_teachers_association_cba_2010_2012__6e67ecb0,FTA-Fresno-Teachers-Association_CBA_2010-2012.pdf,Fresno Unified School District,43,"Grievants shall have the right to Association representation at all steps, at all conferences and during any and all discussions and/or proceedings, formal or informal, concerned with processing or adjusting the grievance.",Grievants,worker,worker,shall,False,active,rights_active,right,right,True,1.0,discipline,True,
fresno_unified_school_district__fta_fresno_teachers_association_cba_2010_2012__6e67ecb0,FTA-Fresno-Teachers-Association_CBA_2010-2012.pdf,Fresno Unified School District,43,Neither the Association nor the District shall attempt to isolate any grievant in order to influence an adjustment of the grievance.,Neither the Association nor the District,other,worker,shall,True,active,plain,prohibition,prohibition,True,1.0,discipline,True,Prohibitory via subject quantifier 'Neither... nor'
fresno_unified_school_district__fta_fresno_teachers_association_cba_2010_2012__6e67ecb0,FTA-Fresno-Teachers-Association_CBA_2010-2012.pdf,Fresno Unified School District,43,Nothing contained herein will prevent the grievant from proceeding through this Grievance Procedure short of arbitration without Association intervention.,Nothing contained herein,other,worker,will,True,active,plain,prohibition,prohibition,True,0.9,discipline,True,
fresno_unified_school_district__fta_fresno_teachers_association_cba_2010_2012__6e67ecb0,FTA-Fresno-Teachers-Association_CBA_2010-2012.pdf,Fresno Unified School District,43,The Association agrees to hold harmless and indemnify the District for all costs and expenses incurred by the District in conforming to the requirement that only the Association may appeal a grievance to arbitration.,The Association,worker,management,may,False,active,plain,permission,other,False,0.3,discipline,True,
fresno_unified_school_district__fta_fresno_teachers_association_cba_2010_2012__6e67ecb0,FTA-Fresno-Teachers-Association_CBA_2010-2012.pdf,Fresno Unified School District,43,A copy of the original grievance will be transmitted to the Association when first received by the District.,A copy of the original grievance,management,worker,will,False,passive,plain,obligation,obligation,True,0.9,discipline,True,Implicit agent is District (management)
fresno_unified_school_district__fta_fresno_teachers_association_cba_2010_2012__6e67ecb0,FTA-Fresno-Teachers-Association_CBA_2010-2012.pdf,Fresno Unified School District,43,No resolution of the grievance shall be agreed to until the Association has received a copy of the proposed resolution and has been given fifteen (15) days to file a response.,No resolution of the grievance,management,worker,shall,True,passive,plain,prohibition,prohibition,True,1.0,discipline,True,Subject negation 'No resolution'
fresno_unified_school_district__fta_fresno_teachers_association_cba_2010_2012__6e67ecb0,FTA-Fresno-Teachers-Association_CBA_2010-2012.pdf,Fresno Unified School District,43,Any adjustment of such grievance shall not be inconsistent with the terms of the Agreement.,Any adjustment of such grievance,other,management,shall,True,active,plain,prohibition,prohibition,True,1.0,discipline,True,
fresno_unified_school_district__fta_fresno_teachers_association_cba_2010_2012__6e67ecb0,FTA-Fresno-Teachers-Association_CBA_2010-2012.pdf,Fresno Unified School District,43,the grievant may submit such grievance to the subsequent level in conformance with the specified time lines.,the grievant,worker,worker,may,False,active,plain,permission,permission,True,0.3,discipline,True,
fresno_unified_school_district__fta_fresno_teachers_association_cba_2010_2012__6e67ecb0,FTA-Fresno-Teachers-Association_CBA_2010-2012.pdf,Fresno Unified School District,43,"When acting as a grievant's designated representative, the Association may transmit appeals, informational requests, schedule hearings and/or conferences and generally administer all matters concerned with joint consideration of grievances on behalf of the grievant.",the Association,worker,worker,may,False,active,plain,permission,permission,True,0.3,discipline,True,
fresno_unified_school_district__fta_fresno_teachers_association_cba_2010_2012__6e67ecb0,FTA-Fresno-Teachers-Association_CBA_2010-2012.pdf,Fresno Unified School District,43,"This shall not be construed so as to permit the Association to sign grievances for individual unit members who are submitting a grievance unless such is authorized in a written, notarized statement by the individual un",This,other,management,shall,True,passive,plain,prohibition,prohibition,True,1.0,discipline,True,Truncated at end of chunk
fresno_unified_school_district__fta_fresno_teachers_association_cba_2010_2012__6e67ecb0,FTA-Fresno-Teachers-Association_CBA_2010-2012.pdf,Fresno Unified School District,44,"This shall not be construed so as to permit the Association to sign grievances for individual unit members who are submitting a grievance unless such is authorized in a written, notarized statement by the individual unit member(s).",This,other,management,shall,True,active,plain,prohibition,prohibition,True,1.0,discipline,True,
fresno_unified_school_district__fta_fresno_teachers_association_cba_2010_2012__6e67ecb0,FTA-Fresno-Teachers-Association_CBA_2010-2012.pdf,Fresno Unified School District,44,"Before filing a formal, written grievance, the grievant should attempt to resolve it by an informal conference with his/her immediate supervisor.",the grievant,worker,management,should,False,active,plain,obligation,obligation,True,0.7,discipline,True,
fresno_unified_school_district__fta_fresno_teachers_association_cba_2010_2012__6e67ecb0,FTA-Fresno-Teachers-Association_CBA_2010-2012.pdf,Fresno Unified School District,44,"Within fifteen (15) days after the occurrence of the act, omission or violation giving rise to the grievance, or within fifteen (15) days of the time the grievant should reasonably have known of the act, omission or violation giving rise to the grievance, the grievant must present his/her grievance in writing on the appropriate form to his/her immediate supervisor.",the grievant,worker,management,must,False,active,plain,obligation,obligation,True,1.0,discipline,True,
fresno_unified_school_district__fta_fresno_teachers_association_cba_2010_2012__6e67ecb0,FTA-Fresno-Teachers-Association_CBA_2010-2012.pdf,Fresno Unified School District,44,"This statement shall be a clear, concise statement of the grievance, the circumstances involved, any decision rendered at the informal conference, and the specific remedy sought.",This statement,other,worker,shall,False,active,plain,obligation,obligation,True,1.0,discipline,True,
fresno_unified_school_district__fta_fresno_teachers_association_cba_2010_2012__6e67ecb0,FTA-Fresno-Teachers-Association_CBA_2010-2012.pdf,Fresno Unified School District,44,"If there is doubt as to which individual is the immediate supervisor for purposes of grievance processing, the District Office of Labor Relations shall, upon request, inform the grievant who his/her designated immediate supervisor is to enable the grievant's submission of the grievance or complaint for Level I consideration.",the District Office of Labor Relations,management,worker,shall,False,active,plain,obligation,obligation,True,1.0,discipline,True,
fresno_unified_school_district__fta_fresno_teachers_association_cba_2010_2012__6e67ecb0,FTA-Fresno-Teachers-Association_CBA_2010-2012.pdf,Fresno Unified School District,44,The supervisor shall communicate his/her decision to the employee in writing within ten (10) days after receiving the grievance.,The supervisor,management,worker,shall,False,active,plain,obligation,obligation,True,1.0,discipline,True,
fresno_unified_school_district__fta_fresno_teachers_association_cba_2010_2012__6e67ecb0,FTA-Fresno-Teachers-Association_CBA_2010-2012.pdf,Fresno Unified School District,44,"If the supervisor does not respond within the time limits, the grievant may appeal to the next level.",the grievant,worker,worker,may,False,active,plain,permission,permission,True,0.3,discipline,True,
fresno_unified_school_district__fta_fresno_teachers_association_cba_2010_2012__6e67ecb0,FTA-Fresno-Teachers-Association_CBA_2010-2012.pdf,Fresno Unified School District,44,"Within the above time limits, a personal conference will be held at the request of either party.",a personal conference,other,worker,will,False,passive,plain,obligation,obligation,True,0.9,discipline,True,
fresno_unified_school_district__fta_fresno_teachers_association_cba_2010_2012__6e67ecb0,FTA-Fresno-Teachers-Association_CBA_2010-2012.pdf,Fresno Unified School District,44,"In the event the grievant is not satisfied with the decision at Level I, he/she may appeal the decision on the appropriate form to the appropriate Division Superintendent, or his/her designee, within ten (10) days.",he/she,worker,worker,may,False,active,plain,permission,permission,True,0.3,discipline,True,
fresno_unified_school_district__fta_fresno_teachers_association_cba_2010_2012__6e67ecb0,FTA-Fresno-Teachers-Association_CBA_2010-2012.pdf,Fresno Unified School District,44,"This statement should include a copy of the original grievance, the decision rendered, and a clear, concise statement of the reasons for the appeal.",This statement,other,worker,should,False,active,plain,obligation,obligation,True,0.7,discipline,True,
fresno_unified_school_district__fta_fresno_teachers_association_cba_2010_2012__6e67ecb0,FTA-Fresno-Teachers-Association_CBA_2010-2012.pdf,Fresno Unified School District,44,"The Division Superintendent, or his/her designee, shall communicate his/her decision within ten (10) days after receiving the appeal.","The Division Superintendent, or his/her designee",management,worker,shall,False,active,plain,obligation,obligation,True,1.0,discipline,True,
fresno_unified_school_district__fta_fresno_teachers_association_cba_2010_2012__6e67ecb0,FTA-Fresno-Teachers-Association_CBA_2010-2012.pdf,Fresno Unified School District,44,"Either the grievant or the Division Superintendent, or his/her designee, may request a personal conference within the above time limits.","Either the grievant or the Division Superintendent, or his/her designee",other,worker,may,False,active,plain,permission,permission,True,0.3,discipline,True,
fresno_unified_school_district__fta_fresno_teachers_association_cba_2010_2012__6e67ecb0,FTA-Fresno-Teachers-Association_CBA_2010-2012.pdf,Fresno Unified School District,44,"If the Division Superintendent, or his/her designee, does not respond within the time limits, the grievant may appeal to the next level.",the grievant,worker,worker,may,False,active,plain,permission,permission,True,0.3,discipline,True,
fresno_unified_school_district__fta_fresno_teachers_association_cba_2010_2012__6e67ecb0,FTA-Fresno-Teachers-Association_CBA_2010-2012.pdf,Fresno Unified School District,45,"If the grievant is not satisfied with the decision at Level II, he may within ten (10) days appeal the decision on the appropriate form to the Administrator, Labor Relations, or his/her designee.",he,worker,worker,may,False,active,plain,permission,permission,True,0.3,discipline,True,
fresno_unified_school_district__fta_fresno_teachers_association_cba_2010_2012__6e67ecb0,FTA-Fresno-Teachers-Association_CBA_2010-2012.pdf,Fresno Unified School District,45,"This statement shall include a copy of the original grievance and appeal, the decisions rendered and a clear, concise statement of the reasons for the appeal.",This statement,other,worker,shall,False,active,plain,obligation,obligation,True,1.0,discipline,True,Inanimate subject.
fresno_unified_school_district__fta_fresno_teachers_association_cba_2010_2012__6e67ecb0,FTA-Fresno-Teachers-Association_CBA_2010-2012.pdf,Fresno Unified School District,45,"The Administrator, Labor Relations, or his/her designee, shall communicate his/her decision to the grievant within ten (10) days.","The Administrator, Labor Relations, or his/her designee",management,worker,shall,False,active,plain,obligation,obligation,True,1.0,discipline,True,
fresno_unified_school_district__fta_fresno_teachers_association_cba_2010_2012__6e67ecb0,FTA-Fresno-Teachers-Association_CBA_2010-2012.pdf,Fresno Unified School District,45,"If the Administrator, Labor Relations or his/her designee does not respond within the time limits provided, the grievant may appeal to the next level.",the grievant,worker,worker,may,False,active,plain,permission,permission,True,0.3,discipline,True,
fresno_unified_school_district__fta_fresno_teachers_association_cba_2010_2012__6e67ecb0,FTA-Fresno-Teachers-Association_CBA_2010-2012.pdf,Fresno Unified School District,45,"If the Association is not satisfied with the decision at Level III, the Association may within ten (10) days submit a request in writing to the Office of Labor Relations for arbitration of the dispute.",the Association,worker,worker,may,False,active,plain,permission,permission,True,0.3,discipline,True,
fresno_unified_school_district__fta_fresno_teachers_association_cba_2010_2012__6e67ecb0,FTA-Fresno-Teachers-Association_CBA_2010-2012.pdf,Fresno Unified School District,45,The Association and the District shall within five (5) days request the State Conciliation Service to supply a panel of five names of persons experienced in hearing grievances in public schools.,The Association and the District,other,worker,shall,False,active,plain,obligation,obligation,True,1.0,discipline,True,Joint parties.
fresno_unified_school_district__fta_fresno_teachers_association_cba_2010_2012__6e67ecb0,FTA-Fresno-Teachers-Association_CBA_2010-2012.pdf,Fresno Unified School District,45,Each party shall alternately strike a name until only one name remains.,Each party,other,worker,shall,False,active,plain,obligation,obligation,True,1.0,discipline,True,Applies to either side in the selection process.
fresno_unified_school_district__fta_fresno_teachers_association_cba_2010_2012__6e67ecb0,FTA-Fresno-Teachers-Association_CBA_2010-2012.pdf,Fresno Unified School District,45,The remaining panel member shall be the arbitrator.,The remaining panel member,other,worker,shall,False,active,plain,obligation,obligation,True,1.0,discipline,True,
fresno_unified_school_district__fta_fresno_teachers_association_cba_2010_2012__6e67ecb0,FTA-Fresno-Teachers-Association_CBA_2010-2012.pdf,Fresno Unified School District,45,The order of striking shall be determined by flipping a coin.,The order of striking,other,worker,shall,False,passive,plain,obligation,obligation,True,1.0,discipline,True,Inanimate subject.
fresno_unified_school_district__fta_fresno_teachers_association_cba_2010_2012__6e67ecb0,FTA-Fresno-Teachers-Association_CBA_2010-2012.pdf,Fresno Unified School District,45,The Association and the District may mutually agree on an arbitrator not on the panel.,The Association and the District,other,worker,may,False,active,plain,permission,permission,True,0.3,discipline,True,Joint parties.
fresno_unified_school_district__fta_fresno_teachers_association_cba_2010_2012__6e67ecb0,FTA-Fresno-Teachers-Association_CBA_2010-2012.pdf,Fresno Unified School District,45,"If no agreement is reached within five (5) days from the date of submission to arbitration, either party may require that selection be made from the panel described.",either party,other,worker,may,False,active,plain,permission,permission,True,0.3,discipline,True,Applies to either side.
fresno_unified_school_district__fta_fresno_teachers_association_cba_2010_2012__6e67ecb0,FTA-Fresno-Teachers-Association_CBA_2010-2012.pdf,Fresno Unified School District,45,The Association and the Office of Labor Relations may agree to use expedited arbitration as provided for in accordance with the American Arbitration Association Rules for Expedited Arbitration.,The Association and the Office of Labor Relations,other,worker,may,False,active,plain,permission,permission,True,0.3,discipline,True,Joint parties.
fresno_unified_school_district__fta_fresno_teachers_association_cba_2010_2012__6e67ecb0,FTA-Fresno-Teachers-Association_CBA_2010-2012.pdf,Fresno Unified School District,45,"If there is agreement to expedited arbitration as delineated immediately above, the District shall notify the arbitrator as soon as reasonably possible",the District,management,worker,shall,False,active,plain,obligation,obligation,True,1.0,discipline,True,First of two independent clauses split by 'and'.
fresno_unified_school_district__fta_fresno_teachers_association_cba_2010_2012__6e67ecb0,FTA-Fresno-Teachers-Association_CBA_2010-2012.pdf,Fresno Unified School District,45,the arbitrator shall supply the parties with written notification of three possible hearing dates encompassing no less than a two-week span.,the arbitrator,other,worker,shall,False,active,plain,obligation,obligation,True,1.0,discipline,True,Second of two independent clauses split by 'and'.
fresno_unified_school_district__fta_fresno_teachers_association_cba_2010_2012__6e67ecb0,FTA-Fresno-Teachers-Association_CBA_2010-2012.pdf,Fresno Unified School District,45,"The parties may then mutually agree on a date or mutually agree that the District request the arbitrator to supply the parties with three more possible hearing dates, encompassing no less than a two-week span, or either party may require that selection be made from the three dates initially submitted by the arbitrator.",The parties,other,worker,may,False,active,plain,permission,permission,True,0.3,discipline,True,Contains multiple alternatives joined by 'or' within a single operative provision.
fresno_unified_school_district__fta_fresno_teachers_association_cba_2010_2012__6e67ecb0,FTA-Fresno-Teachers-Association_CBA_2010-2012.pdf,Fresno Unified School District,45,"In that event, selection of the date shall be accomplished by each party alternately striking a date until only one date remains.",selection of the date,other,worker,shall,False,passive,plain,obligation,obligation,True,1.0,discipline,True,Inanimate subject.
fresno_unified_school_district__fta_fresno_teachers_association_cba_2010_2012__6e67ecb0,FTA-Fresno-Teachers-Association_CBA_2010-2012.pdf,Fresno Unified School District,45,The remaining date shall be the date of the hearing.,The remaining date,other,worker,shall,False,active,plain,obligation,obligation,True,1.0,discipline,True,
fresno_unified_school_district__fta_fresno_teachers_association_cba_2010_2012__6e67ecb0,FTA-Fresno-Teachers-Association_CBA_2010-2012.pdf,Fresno Unified School District,45,The order of striking shall be determined by the flipping of a coin.,The order of striking,other,worker,shall,False,passive,plain,obligation,obligation,True,1.0,discipline,True,Inanimate subject.
fresno_unified_school_district__fta_fresno_teachers_association_cba_2010_2012__6e67ecb0,FTA-Fresno-Teachers-Association_CBA_2010-2012.pdf,Fresno Unified School District,46,the District shall immediately request the arbitrator to supply the parties with four possible hearing dates encompassing no less than a four-week span.,the District,management,worker,shall,False,active,plain,obligation,obligation,True,1.0,discipline,True,
fresno_unified_school_district__fta_fresno_teachers_association_cba_2010_2012__6e67ecb0,FTA-Fresno-Teachers-Association_CBA_2010-2012.pdf,Fresno Unified School District,46,The parties shall reserve two hearing dates for the arbitration by each party striking one date in turn.,The parties,other,worker,shall,False,active,plain,obligation,obligation,True,1.0,discipline,True,
fresno_unified_school_district__fta_fresno_teachers_association_cba_2010_2012__6e67ecb0,FTA-Fresno-Teachers-Association_CBA_2010-2012.pdf,Fresno Unified School District,46,The remaining two dates shall be reserved for the arbitration.,The remaining two dates,other,worker,shall,False,passive,plain,obligation,obligation,True,1.0,discipline,True,
fresno_unified_school_district__fta_fresno_teachers_association_cba_2010_2012__6e67ecb0,FTA-Fresno-Teachers-Association_CBA_2010-2012.pdf,Fresno Unified School District,46,This shall not be construed so as to prevent the parties from mutually agreeing on two of the dates submitted.,This,other,management,shall,True,passive,plain,prohibition,prohibition,True,1.0,discipline,True,
fresno_unified_school_district__fta_fresno_teachers_association_cba_2010_2012__6e67ecb0,FTA-Fresno-Teachers-Association_CBA_2010-2012.pdf,Fresno Unified School District,46,the District shall obtain a recorder for each of the hearing dates scheduled.,the District,management,worker,shall,False,active,plain,obligation,obligation,True,1.0,discipline,True,
fresno_unified_school_district__fta_fresno_teachers_association_cba_2010_2012__6e67ecb0,FTA-Fresno-Teachers-Association_CBA_2010-2012.pdf,Fresno Unified School District,46,The costs of the recorder and the transcript shall be borne equally between the District and the Association.,The costs of the recorder and the transcript,other,worker,shall,False,passive,plain,obligation,obligation,True,1.0,discipline,True,
fresno_unified_school_district__fta_fresno_teachers_association_cba_2010_2012__6e67ecb0,FTA-Fresno-Teachers-Association_CBA_2010-2012.pdf,Fresno Unified School District,46,The fees and expenses of the arbitrator and the hearing shall be borne equally by the District and the Association.,The fees and expenses of the arbitrator and the hearing,worker,worker,shall,False,passive,plain,obligation,obligation,True,1.0,discipline,True,
fresno_unified_school_district__fta_fresno_teachers_association_cba_2010_2012__6e67ecb0,FTA-Fresno-Teachers-Association_CBA_2010-2012.pdf,Fresno Unified School District,46,the arbitrator shall determine the issues by referring to the written grievance and the answers thereto at each step.,the arbitrator,other,worker,shall,False,active,plain,obligation,obligation,True,1.0,discipline,True,
fresno_unified_school_district__fta_fresno_teachers_association_cba_2010_2012__6e67ecb0,FTA-Fresno-Teachers-Association_CBA_2010-2012.pdf,Fresno Unified School District,46,"Issues arising out of the exercise by the Board and administration of its responsibility referred to in the article on District Rights, including the facts underlying its exercise of such discretion, shall not be subject to the procedure.","Issues arising out of the exercise by the Board and administration of its responsibility referred to in the article on District Rights, including the facts underlying its exercise of such discretion",other,management,shall,True,active,plain,prohibition,prohibition,True,1.0,discipline,True,
fresno_unified_school_district__fta_fresno_teachers_association_cba_2010_2012__6e67ecb0,FTA-Fresno-Teachers-Association_CBA_2010-2012.pdf,Fresno Unified School District,46,The arbitrator shall conduct hearings to consider evidence and arguments in accordance with the appropriate rules/provisions of the California Code of Civil Procedure.,The arbitrator,other,worker,shall,False,active,plain,obligation,obligation,True,1.0,discipline,True,
fresno_unified_school_district__fta_fresno_teachers_association_cba_2010_2012__6e67ecb0,FTA-Fresno-Teachers-Association_CBA_2010-2012.pdf,Fresno Unified School District,46,The arbitrator is empowered to recommend his/her mediation of the dispute at any time his/her judgment determines that circumstances warrant such a recommendation.,The arbitrator,other,worker,,False,active,permission_verb,permission,permission,True,0.85,discipline,True,
fresno_unified_school_district__fta_fresno_teachers_association_cba_2010_2012__6e67ecb0,FTA-Fresno-Teachers-Association_CBA_2010-2012.pdf,Fresno Unified School District,46,Such mediation will occur only by mutual consent of the Association and the District.,Such mediation,other,management,will,False,active,plain,obligation,obligation,True,0.9,discipline,True,
fresno_unified_school_district__fta_fresno_teachers_association_cba_2010_2012__6e67ecb0,FTA-Fresno-Teachers-Association_CBA_2010-2012.pdf,Fresno Unified School District,46,Briefs may be submitted in accordance with the following provisions:,Briefs,other,worker,may,False,passive,permission_verb,permission,permission,True,0.3,discipline,True,
fresno_unified_school_district__fta_fresno_teachers_association_cba_2010_2012__6e67ecb0,FTA-Fresno-Teachers-Association_CBA_2010-2012.pdf,Fresno Unified School District,46,they shall be postmarked within fifteen (15) days from the parties'/arbitrator's receipt of the transcripts.,they,other,worker,shall,False,passive,plain,obligation,obligation,True,1.0,discipline,True,
fresno_unified_school_district__fta_fresno_teachers_association_cba_2010_2012__6e67ecb0,FTA-Fresno-Teachers-Association_CBA_2010-2012.pdf,Fresno Unified School District,46,the arbitrator shall establish such submission date and so inform the parties.,the arbitrator,other,worker,shall,False,active,plain,obligation,obligation,True,1.0,discipline,True,
fresno_unified_school_district__fta_fresno_teachers_association_cba_2010_2012__6e67ecb0,FTA-Fresno-Teachers-Association_CBA_2010-2012.pdf,Fresno Unified School District,46,"the arbitrator shall submit in writing to the parties his/her findings an award,",the arbitrator,other,worker,shall,False,active,plain,obligation,obligation,True,1.0,discipline,True,
fresno_unified_school_district__fta_fresno_teachers_association_cba_2010_2012__6e67ecb0,FTA-Fresno-Teachers-Association_CBA_2010-2012.pdf,Fresno Unified School District,46,which shall be final and binding.,which,other,management,shall,False,active,plain,obligation,obligation,True,1.0,discipline,True,
fresno_unified_school_district__fta_fresno_teachers_association_cba_2010_2012__6e67ecb0,FTA-Fresno-Teachers-Association_CBA_2010-2012.pdf,Fresno Unified School District,46,the arbitrator shall retain jurisdiction to decide such disputes and to determine the process by which he/she considers such disputes.,the arbitrator,other,worker,shall,False,active,plain,obligation,obligation,True,1.0,discipline,True,
fresno_unified_school_district__fta_fresno_teachers_association_cba_2010_2012__6e67ecb0,FTA-Fresno-Teachers-Association_CBA_2010-2012.pdf,Fresno Unified School District,47,"The arbitrator will have no power to add to, subtract from, or modify the terms of this Agreement.",The arbitrator,other,management,will,True,active,plain,prohibition,prohibition,True,0.9,discipline,True,quantifier negation ('no power')
fresno_unified_school_district__fta_fresno_teachers_association_cba_2010_2012__6e67ecb0,FTA-Fresno-Teachers-Association_CBA_2010-2012.pdf,Fresno Unified School District,47,Nothing shall preclude the parties from mutually agreeing to extend or shorten any timelines within this Grievance Procedure.,Nothing,other,management,shall,True,active,plain,prohibition,prohibition,True,1.0,discipline,True,
fresno_unified_school_district__fta_fresno_teachers_association_cba_2010_2012__6e67ecb0,FTA-Fresno-Teachers-Association_CBA_2010-2012.pdf,Fresno Unified School District,47,Such mutual exceptions must be in writing.,Such mutual exceptions,other,worker,must,False,active,plain,obligation,obligation,True,1.0,discipline,True,
fresno_unified_school_district__fta_fresno_teachers_association_cba_2010_2012__6e67ecb0,FTA-Fresno-Teachers-Association_CBA_2010-2012.pdf,Fresno Unified School District,47,"the grievance procedure shall start at Level III, with fifteen (15) days allowed for the Administrator, Labor Relations, or his/her designee, to render his/her decision.",the grievance procedure,other,worker,shall,False,active,plain,obligation,obligation,True,1.0,discipline,True,
fresno_unified_school_district__fta_fresno_teachers_association_cba_2010_2012__6e67ecb0,FTA-Fresno-Teachers-Association_CBA_2010-2012.pdf,Fresno Unified School District,47,The District and the Association may mutually agree to contract with an arbitrator to contract or agree with him/her to serve as a permanent arbitrator,The District and the Association,other,management,may,False,active,plain,permission,permission,True,0.3,discipline,True,joined at semicolon in original text
fresno_unified_school_district__fta_fresno_teachers_association_cba_2010_2012__6e67ecb0,FTA-Fresno-Teachers-Association_CBA_2010-2012.pdf,Fresno Unified School District,47,The Association and the District are prohibited from utilizing dilatory and/or harassment tactics in connection with the filing and/or processing of grievances.,The Association and the District,other,worker,,False,passive,prohibition_verb,prohibition,prohibition,True,0.85,discipline,True,
fresno_unified_school_district__fta_fresno_teachers_association_cba_2010_2012__6e67ecb0,FTA-Fresno-Teachers-Association_CBA_2010-2012.pdf,Fresno Unified School District,47,Both parties agree that they will not take any form of reprisal against any bargaining unit member as a result of that bargaining unit member's lawful engagement in grieving or refusing to grieve.,Both parties,other,worker,will,True,active,plain,prohibition,prohibition,True,0.9,teacher_rights_and_conduct,True,operative verb in subordinate clause
fresno_unified_school_district__fta_fresno_teachers_association_cba_2010_2012__6e67ecb0,FTA-Fresno-Teachers-Association_CBA_2010-2012.pdf,Fresno Unified School District,47,"The party alleging violation, misinterpretation, and/or misapplication of this article shall, as soon as reasonably possible, notify the other party in writing as to the known substance and scope of such charges prior to the formal consideration as described in this article.","The party alleging violation, misinterpretation, and/or misapplication of this article",other,worker,shall,False,active,plain,obligation,obligation,True,1.0,discipline,True,
fresno_unified_school_district__fta_fresno_teachers_association_cba_2010_2012__6e67ecb0,FTA-Fresno-Teachers-Association_CBA_2010-2012.pdf,Fresno Unified School District,47,Reasonable co-curricular or extra-curricular duties can be assigned beyond the eight-hour workday on an equitable basis among the teaching staff.,Reasonable co-curricular or extra-curricular duties,management,management,can,False,passive,plain,permission,permission,True,0.3,workload,True,
fresno_unified_school_district__fta_fresno_teachers_association_cba_2010_2012__6e67ecb0,FTA-Fresno-Teachers-Association_CBA_2010-2012.pdf,Fresno Unified School District,47,"Unless there is conflict with assigned duties as specified elsewhere in this article, classroom teachers shall be permitted to leave after completing a 420 minute (7 hour) Duty Day.",classroom teachers,worker,worker,shall,False,passive,permission_verb,permission,permission,True,1.0,workload,True,
fresno_unified_school_district__fta_fresno_teachers_association_cba_2010_2012__6e67ecb0,FTA-Fresno-Teachers-Association_CBA_2010-2012.pdf,Fresno Unified School District,47,on-site Duty Day time should begin before and extend beyond the instructional assignment for each person covered in this article and shall be divided between instructional time and non-instructional time.,on-site Duty Day time,other,management,should,False,active,plain,obligation,obligation,True,0.7,workload,True,compound verb sharing subject
fresno_unified_school_district__fta_fresno_teachers_association_cba_2010_2012__6e67ecb0,FTA-Fresno-Teachers-Association_CBA_2010-2012.pdf,Fresno Unified School District,47,Time of arrival and departure may be recorded as determined by the District.,Time of arrival and departure,management,management,may,False,passive,plain,permission,permission,True,0.3,other,True,
fresno_unified_school_district__fta_fresno_teachers_association_cba_2010_2012__6e67ecb0,FTA-Fresno-Teachers-Association_CBA_2010-2012.pdf,Fresno Unified School District,47,Personnel shall be afforded a minimum one-half hour duty-free lunch period.,Personnel,management,worker,shall,False,passive,rights_passive,right,right,True,1.0,safety_and_working_conditions,True,
fresno_unified_school_district__fta_fresno_teachers_association_cba_2010_2012__6e67ecb0,FTA-Fresno-Teachers-Association_CBA_2010-2012.pdf,Fresno Unified School District,48,on-site Duty Day time should begin before and extend beyond the instructional assignment for each person covered in this article,on-site Duty Day time,other,management,should,False,active,plain,obligation,obligation,True,0.7,workload,True,
fresno_unified_school_district__fta_fresno_teachers_association_cba_2010_2012__6e67ecb0,FTA-Fresno-Teachers-Association_CBA_2010-2012.pdf,Fresno Unified School District,48,and shall be divided between instructional time and non-instructional time.,on-site Duty Day time,other,worker,shall,False,passive,plain,obligation,obligation,True,1.0,workload,True,
fresno_unified_school_district__fta_fresno_teachers_association_cba_2010_2012__6e67ecb0,FTA-Fresno-Teachers-Association_CBA_2010-2012.pdf,Fresno Unified School District,48,"For any individual teacher, the time block delineated by the commencement of instruction through the conclusion of instruction shall not exceed 420 minutes including lunch.",the time block delineated by the commencement of instruction through the conclusion of instruction,other,worker,shall,True,active,plain,prohibition,prohibition,True,1.0,workload,True,
fresno_unified_school_district__fta_fresno_teachers_association_cba_2010_2012__6e67ecb0,FTA-Fresno-Teachers-Association_CBA_2010-2012.pdf,Fresno Unified School District,48,"At secondary sites where student population necessitates the scheduling of two lunch periods, the time block delineated by the commencement of instruction through the conclusion of instruction shall fall within the block of time comprised of seven consecutive, regular class periods and the accompanying passing times.",the time block delineated by the commencement of instruction through the conclusion of instruction,other,worker,shall,False,active,plain,obligation,obligation,True,1.0,workload,True,
fresno_unified_school_district__fta_fresno_teachers_association_cba_2010_2012__6e67ecb0,FTA-Fresno-Teachers-Association_CBA_2010-2012.pdf,Fresno Unified School District,48,The individual teacher's lunch period will be one of the class periods.,The individual teacher's lunch period,other,worker,will,False,active,plain,obligation,obligation,True,0.9,workload,True,
fresno_unified_school_district__fta_fresno_teachers_association_cba_2010_2012__6e67ecb0,FTA-Fresno-Teachers-Association_CBA_2010-2012.pdf,Fresno Unified School District,48,all personnel shall assume other professional responsibilities within the Duty Day.,all personnel,worker,management,shall,False,active,plain,obligation,obligation,True,1.0,workload,True,
fresno_unified_school_district__fta_fresno_teachers_association_cba_2010_2012__6e67ecb0,FTA-Fresno-Teachers-Association_CBA_2010-2012.pdf,Fresno Unified School District,48,Meetings called or approved by the site administration shall not exceed twenty-seven (27) hours per semester.,Meetings called or approved by the site administration,other,worker,shall,True,active,plain,prohibition,prohibition,True,1.0,workload,True,
fresno_unified_school_district__fta_fresno_teachers_association_cba_2010_2012__6e67ecb0,FTA-Fresno-Teachers-Association_CBA_2010-2012.pdf,Fresno Unified School District,48,Time that is normally instruction time used for meetings such as on shortened day or released time will not be counted as part of the twenty-seven (27) hour limitation.,Time that is normally instruction time used for meetings such as on shortened day or released time,management,management,will,True,passive,plain,prohibition,prohibition,True,0.9,workload,True,
fresno_unified_school_district__fta_fresno_teachers_association_cba_2010_2012__6e67ecb0,FTA-Fresno-Teachers-Association_CBA_2010-2012.pdf,Fresno Unified School District,48,Written notice of such meetings shall be provided to teachers at the earliest feasible time.,Written notice of such meetings,management,worker,shall,False,passive,rights_passive,right,obligation,False,1.0,workload,True,
fresno_unified_school_district__fta_fresno_teachers_association_cba_2010_2012__6e67ecb0,FTA-Fresno-Teachers-Association_CBA_2010-2012.pdf,Fresno Unified School District,48,Principals shall have the right to convene meetings necessitated by emergencies at all reasonable times after obtaining clearance from the appropriate Division Superintendent or his/her designee.,Principals,management,management,shall,False,active,rights_active,right,right,True,1.0,other,True,
fresno_unified_school_district__fta_fresno_teachers_association_cba_2010_2012__6e67ecb0,FTA-Fresno-Teachers-Association_CBA_2010-2012.pdf,Fresno Unified School District,48,Principals shall give notification of such meetings at the earliest feasible time.,Principals,management,worker,shall,False,active,plain,obligation,obligation,True,1.0,workload,True,
fresno_unified_school_district__fta_fresno_teachers_association_cba_2010_2012__6e67ecb0,FTA-Fresno-Teachers-Association_CBA_2010-2012.pdf,Fresno Unified School District,49,Such duties must be in connection with the program in the school(s) of the teacher's primary assignment.,Such duties,other,worker,must,False,active,plain,obligation,obligation,True,1.0,workload,True,inanimate subject
fresno_unified_school_district__fta_fresno_teachers_association_cba_2010_2012__6e67ecb0,FTA-Fresno-Teachers-Association_CBA_2010-2012.pdf,Fresno Unified School District,49,Such duties will be equitably distributed among the certificated school staff.,Such duties,management,worker,will,False,passive,plain,obligation,obligation,True,0.9,workload,True,"passive voice, implicit agent is management"
fresno_unified_school_district__fta_fresno_teachers_association_cba_2010_2012__6e67ecb0,FTA-Fresno-Teachers-Association_CBA_2010-2012.pdf,Fresno Unified School District,49,Such duties shall be reasonable in number and duration.,Such duties,other,worker,shall,False,active,plain,obligation,obligation,True,1.0,workload,True,inanimate subject
fresno_unified_school_district__fta_fresno_teachers_association_cba_2010_2012__6e67ecb0,FTA-Fresno-Teachers-Association_CBA_2010-2012.pdf,Fresno Unified School District,49,"After procedures at the school site have been exhausted, the School Building Committee may request that the Division Office review co-curricular or extra-curricular duties in terms of reasonable number and duration.",the School Building Committee,worker,worker,may,False,active,plain,permission,permission,True,0.3,workload,True,
fresno_unified_school_district__fta_fresno_teachers_association_cba_2010_2012__6e67ecb0,FTA-Fresno-Teachers-Association_CBA_2010-2012.pdf,Fresno Unified School District,49,"Preparation time, as delineated in this article, shall be teacher directed time","Preparation time, as delineated in this article",other,worker,shall,False,active,plain,obligation,obligation,True,1.0,workload,True,inanimate subject
fresno_unified_school_district__fta_fresno_teachers_association_cba_2010_2012__6e67ecb0,FTA-Fresno-Teachers-Association_CBA_2010-2012.pdf,Fresno Unified School District,49,"and shall not be subject to District required travel, meetings other than emergency, or student supervision other than that specified in section 4(D) of this article.",Preparation time,other,worker,shall,True,active,plain,prohibition,prohibition,True,1.0,workload,True,inanimate subject
fresno_unified_school_district__fta_fresno_teachers_association_cba_2010_2012__6e67ecb0,FTA-Fresno-Teachers-Association_CBA_2010-2012.pdf,Fresno Unified School District,49,Teachers may be required to attend inservice meetings which occur during the regular Work Day.,Teachers,management,management,may,False,passive,plain,permission,permission,True,0.3,professional_development,True,"passive voice, implicit agent is management"
fresno_unified_school_district__fta_fresno_teachers_association_cba_2010_2012__6e67ecb0,FTA-Fresno-Teachers-Association_CBA_2010-2012.pdf,Fresno Unified School District,49,Inservice meetings outside the regular Work Day shall be voluntary.,Inservice meetings outside the regular Work Day,other,worker,shall,False,active,plain,obligation,obligation,True,1.0,professional_development,True,inanimate subject
fresno_unified_school_district__fta_fresno_teachers_association_cba_2010_2012__6e67ecb0,FTA-Fresno-Teachers-Association_CBA_2010-2012.pdf,Fresno Unified School District,49,Mileage allowance shall be provided teachers who must travel to required inservice meetings.,Mileage allowance,management,worker,shall,False,passive,rights_passive,right,obligation,False,1.0,benefits,True,"passive voice, implicit agent is management"
fresno_unified_school_district__fta_fresno_teachers_association_cba_2010_2012__6e67ecb0,FTA-Fresno-Teachers-Association_CBA_2010-2012.pdf,Fresno Unified School District,49,"All other bargaining unit members, other than hourly employees, not specifically covered within this article, shall work a 480 minute Work Day","All other bargaining unit members, other than hourly employees, not specifically covered within this article",worker,management,shall,False,active,plain,obligation,obligation,True,1.0,workload,True,
fresno_unified_school_district__fta_fresno_teachers_association_cba_2010_2012__6e67ecb0,FTA-Fresno-Teachers-Association_CBA_2010-2012.pdf,Fresno Unified School District,49,These unit members may leave after completing a 420 minute Duty Day unless there is a conflict with other assigned duties.,These unit members,worker,worker,may,False,active,plain,permission,permission,True,0.3,workload,True,
fresno_unified_school_district__fta_fresno_teachers_association_cba_2010_2012__6e67ecb0,FTA-Fresno-Teachers-Association_CBA_2010-2012.pdf,Fresno Unified School District,49,"Their working hours within the eight (8) hour Work Day shall be based on past practice within the Fresno Unified School District, with the exception of the 420 minute Duty Day as delineated in this article.",Their working hours within the eight (8) hour Work Day,other,worker,shall,False,active,plain,obligation,obligation,True,1.0,workload,True,inanimate subject
fresno_unified_school_district__fta_fresno_teachers_association_cba_2010_2012__6e67ecb0,FTA-Fresno-Teachers-Association_CBA_2010-2012.pdf,Fresno Unified School District,49,"In the event that State or Federal legislative action mandates any increase in instruction time above any limits specified in this article, the District can increase bargaining unit members instructional time to the extent necessary to conform with such legislative mandate in accordance with the following provisions:",the District,management,management,can,False,active,plain,permission,permission,True,0.3,workload,True,
fresno_unified_school_district__fta_fresno_teachers_association_cba_2010_2012__6e67ecb0,FTA-Fresno-Teachers-Association_CBA_2010-2012.pdf,Fresno Unified School District,49,"If such increase is decided an mandated to be effected during a school year, this article shall be reopened for negotiations for the subsequent school year;",this article,other,worker,shall,False,passive,plain,obligation,obligation,True,1.0,other,True,"inanimate subject, passive voice implicit agent management"
fresno_unified_school_district__fta_fresno_teachers_association_cba_2010_2012__6e67ecb0,FTA-Fresno-Teachers-Association_CBA_2010-2012.pdf,Fresno Unified School District,49,"then this article and the article on ""Salary"" shall be reopened for negotiations at the earliest feasible time in preparation for implementation of such legislative mandate.","this article and the article on ""Salary""",other,worker,shall,False,passive,plain,obligation,obligation,True,1.0,other,True,"inanimate subject, passive voice implicit agent management"
fresno_unified_school_district__fta_fresno_teachers_association_cba_2010_2012__6e67ecb0,FTA-Fresno-Teachers-Association_CBA_2010-2012.pdf,Fresno Unified School District,50,"this article and the article on ""Salary"" shall be reopened for negotiations at the earliest feasible time in preparation for implementation of such legislative mandate.","this article and the article on ""Salary""",other,worker,shall,False,passive,plain,obligation,obligation,True,1.0,other,True,conditional trigger present in preceding clause
fresno_unified_school_district__fta_fresno_teachers_association_cba_2010_2012__6e67ecb0,FTA-Fresno-Teachers-Association_CBA_2010-2012.pdf,Fresno Unified School District,50,"Full-time classroom teachers shall not be assigned instructional time that exceeds 1,400 minutes per week (50,400 minutes a year).",Full-time classroom teachers,management,worker,shall,True,passive,plain,prohibition,prohibition,True,1.0,workload,True,none
fresno_unified_school_district__fta_fresno_teachers_association_cba_2010_2012__6e67ecb0,FTA-Fresno-Teachers-Association_CBA_2010-2012.pdf,Fresno Unified School District,50,Full-time classroom teachers may be assigned advising duties within the 420 minute (7 hour) Duty Day.,Full-time classroom teachers,management,management,may,False,passive,plain,permission,permission,True,0.3,workload,True,none
fresno_unified_school_district__fta_fresno_teachers_association_cba_2010_2012__6e67ecb0,FTA-Fresno-Teachers-Association_CBA_2010-2012.pdf,Fresno Unified School District,50,The advisory period shall be scheduled in accordance with the school site Advisory Committee's plan,The advisory period,other,worker,shall,False,passive,plain,obligation,obligation,True,1.0,workload,True,"first part of compound sentence joined by ""and"""
fresno_unified_school_district__fta_fresno_teachers_association_cba_2010_2012__6e67ecb0,FTA-Fresno-Teachers-Association_CBA_2010-2012.pdf,Fresno Unified School District,50,and may be made up of students not included in a teacher's regular assigned classes when approved by consensus of the faculty.,The advisory period,worker,worker,may,False,passive,plain,permission,permission,True,0.3,workload,True,second part of compound sentence; subject implied from preceding clause
fresno_unified_school_district__fta_fresno_teachers_association_cba_2010_2012__6e67ecb0,FTA-Fresno-Teachers-Association_CBA_2010-2012.pdf,Fresno Unified School District,50,Teachers shall be provided 480 minutes per week for preparation time within the Work Day in blocks no shorter than thirty (30) minutes with at least one block of forty-five (45) minutes per day within the Work Day.,Teachers,management,worker,shall,False,passive,rights_passive,right,obligation,False,1.0,workload,True,none
fresno_unified_school_district__fta_fresno_teachers_association_cba_2010_2012__6e67ecb0,FTA-Fresno-Teachers-Association_CBA_2010-2012.pdf,Fresno Unified School District,50,This shall not be construed so as to prevent a shortened day full preparation period of less than forty-five (45) minutes.,This,other,management,shall,True,passive,plain,prohibition,prohibition,True,1.0,workload,True,none
fresno_unified_school_district__fta_fresno_teachers_association_cba_2010_2012__6e67ecb0,FTA-Fresno-Teachers-Association_CBA_2010-2012.pdf,Fresno Unified School District,50,Such teachers shall not be required to assume instructional duty to reach these maximums other than that associated with their regularly assigned class.,Such teachers,management,worker,shall,True,passive,obligation_verb,right,right,True,1.0,workload,True,none
fresno_unified_school_district__fta_fresno_teachers_association_cba_2010_2012__6e67ecb0,FTA-Fresno-Teachers-Association_CBA_2010-2012.pdf,Fresno Unified School District,50,This shall not be construed so as to change past practice in respect to cooperating teaching between Kindergarten teachers.,This,other,management,shall,True,passive,plain,prohibition,prohibition,True,1.0,workload,True,none
fresno_unified_school_district__fta_fresno_teachers_association_cba_2010_2012__6e67ecb0,FTA-Fresno-Teachers-Association_CBA_2010-2012.pdf,Fresno Unified School District,51,"Each school schedule shall provide weekly preparation time for all elementary teachers within the Duty Day in accordance with the provisions of Section 2 - General Provisions, of this article and in accordance with the following provisions:",Each school schedule,other,worker,shall,False,active,plain,obligation,obligation,True,1.0,workload,True,
fresno_unified_school_district__fta_fresno_teachers_association_cba_2010_2012__6e67ecb0,FTA-Fresno-Teachers-Association_CBA_2010-2012.pdf,Fresno Unified School District,51,Only one before/after school up to fifteen (15) minute student supervision duty assignment per week may be counted as preparation time provided weekly within the Duty Day.,Only one before/after school up to fifteen (15) minute student supervision duty assignment per week,other,management,may,False,passive,plain,permission,permission,True,0.3,workload,True,
fresno_unified_school_district__fta_fresno_teachers_association_cba_2010_2012__6e67ecb0,FTA-Fresno-Teachers-Association_CBA_2010-2012.pdf,Fresno Unified School District,51,Teachers will be provided a 45 minute block of time for preparation and planning during the Duty Day as per the following:,Teachers,worker,worker,will,False,passive,rights_passive,right,obligation,False,0.9,workload,True,
fresno_unified_school_district__fta_fresno_teachers_association_cba_2010_2012__6e67ecb0,FTA-Fresno-Teachers-Association_CBA_2010-2012.pdf,Fresno Unified School District,51,The preparation time set forth herein shall be provided on at least 156 days out of the traditional 180 day schedule,The preparation time set forth herein,other,worker,shall,False,passive,rights_passive,right,obligation,False,1.0,workload,True,
fresno_unified_school_district__fta_fresno_teachers_association_cba_2010_2012__6e67ecb0,FTA-Fresno-Teachers-Association_CBA_2010-2012.pdf,Fresno Unified School District,51,"A 45 minute block of preparation time would not be provided on up to 24 days for matters such as, but not limited to the following:",A 45 minute block of preparation time,other,management,,True,passive,rights_passive,other,other,True,0.0,workload,True,
fresno_unified_school_district__fta_fresno_teachers_association_cba_2010_2012__6e67ecb0,FTA-Fresno-Teachers-Association_CBA_2010-2012.pdf,Fresno Unified School District,51,Up to 18 days out of the traditional 180 day schedule on which the District may schedule a longer block of time (approximately 90 to 105 minutes) by combining remaining time during the Duty Day (without a 45 minute block of preparation time) and time allocated from the 27 hours/semester pursuant to section 2(E) of this Article.,the District,management,management,may,False,active,plain,permission,permission,True,0.3,workload,True,
fresno_unified_school_district__fta_fresno_teachers_association_cba_2010_2012__6e67ecb0,FTA-Fresno-Teachers-Association_CBA_2010-2012.pdf,Fresno Unified School District,51,"The content covered during such blocks of time shall be at the direction of the District for matters such as, but not limited to, professional learning, grade level collaboration, mandated inservice training, and the ""roll-out"" of new curricular materials, such as new textbook adoptions, etc.",The content covered during such blocks of time,other,management,shall,False,passive,plain,obligation,obligation,True,1.0,professional_development,True,
fresno_unified_school_district__fta_fresno_teachers_association_cba_2010_2012__6e67ecb0,FTA-Fresno-Teachers-Association_CBA_2010-2012.pdf,Fresno Unified School District,52,"Grades 7 and 8 at Baird, Bullard Talent, Carver, Lawless, and Hamilton will follow the contractual hours requirements regarding teacher instructional time and departmentalized configuration of the student instructional day that apply to secondary schools.","Grades 7 and 8 at Baird, Bullard Talent, Carver, Lawless, and Hamilton",other,management,will,False,active,plain,obligation,obligation,True,0.9,workload,True,
fresno_unified_school_district__fta_fresno_teachers_association_cba_2010_2012__6e67ecb0,FTA-Fresno-Teachers-Association_CBA_2010-2012.pdf,Fresno Unified School District,52,"Nothing herein affects or in any way modified the instructional hours of teachers or configuration of the student instructional day at a kindergarten through grade 8 schools that operate as elementary schools at all grades, such as Sunset.",Nothing herein,other,management,,True,active,plain,prohibition,prohibition,True,0.0,workload,True,Typo 'modified' likely means 'modifies'.
fresno_unified_school_district__fta_fresno_teachers_association_cba_2010_2012__6e67ecb0,FTA-Fresno-Teachers-Association_CBA_2010-2012.pdf,Fresno Unified School District,52,The School Building Committee may request that the Division Office review the scheduling of Duty Day at the school after conferring with the site administration.,The School Building Committee,management,management,may,False,active,plain,permission,permission,True,0.3,workload,True,
fresno_unified_school_district__fta_fresno_teachers_association_cba_2010_2012__6e67ecb0,FTA-Fresno-Teachers-Association_CBA_2010-2012.pdf,Fresno Unified School District,53,Teachers may be required to spend up to one fifteen (15) minute student supervision duty per week either before or after school with the following exceptions:,Teachers,management,worker,may,False,passive,obligation_verb,obligation,obligation,True,0.3,workload,True,
fresno_unified_school_district__fta_fresno_teachers_association_cba_2010_2012__6e67ecb0,FTA-Fresno-Teachers-Association_CBA_2010-2012.pdf,Fresno Unified School District,53,"In schools of ten (10) or less teachers, student supervision time shall be equitably distributed.",student supervision time,management,worker,shall,False,passive,plain,obligation,obligation,True,1.0,workload,True,
fresno_unified_school_district__fta_fresno_teachers_association_cba_2010_2012__6e67ecb0,FTA-Fresno-Teachers-Association_CBA_2010-2012.pdf,Fresno Unified School District,53,"Within schools maintaining a bus schedule with teaching staffs of less than twenty (20), such student supervision time shall be equitably distributed.",such student supervision time,management,worker,shall,False,passive,plain,obligation,obligation,True,1.0,workload,True,
fresno_unified_school_district__fta_fresno_teachers_association_cba_2010_2012__6e67ecb0,FTA-Fresno-Teachers-Association_CBA_2010-2012.pdf,Fresno Unified School District,53,Principals may require all teachers to provide morning student supervision beginning up to fifteen (15) minutes before the commencement of instruction during inclement weather.,Principals,management,management,may,False,active,plain,permission,permission,True,0.3,workload,True,
fresno_unified_school_district__fta_fresno_teachers_association_cba_2010_2012__6e67ecb0,FTA-Fresno-Teachers-Association_CBA_2010-2012.pdf,Fresno Unified School District,53,"Mid-morning and/or afternoon recess student supervision duty shall be equitably rotated among the teaching staff within grade levels (i.e., kindergarten, 1-3, 4-6).",Mid-morning and/or afternoon recess student supervision duty,management,worker,shall,False,passive,plain,obligation,obligation,True,1.0,workload,True,
fresno_unified_school_district__fta_fresno_teachers_association_cba_2010_2012__6e67ecb0,FTA-Fresno-Teachers-Association_CBA_2010-2012.pdf,Fresno Unified School District,53,"Schools having alternative schedules, as approved by the Board of Education, shall provide for an equitably adjusted schedule providing for totals of instructional minutes no more than the times delineated in this article.","Schools having alternative schedules, as approved by the Board of Education",management,worker,shall,False,active,plain,obligation,obligation,True,1.0,workload,True,
fresno_unified_school_district__fta_fresno_teachers_association_cba_2010_2012__6e67ecb0,FTA-Fresno-Teachers-Association_CBA_2010-2012.pdf,Fresno Unified School District,53,Teachers in alternative scheduling programs shall have a thirty (30) minute duty-free lunch,Teachers in alternative scheduling programs,worker,worker,shall,False,active,plain,obligation,right,False,1.0,workload,True,
fresno_unified_school_district__fta_fresno_teachers_association_cba_2010_2012__6e67ecb0,FTA-Fresno-Teachers-Association_CBA_2010-2012.pdf,Fresno Unified School District,53,have at least the equal of one forty-five (45) minute block of Duty Day per day,Teachers in alternative scheduling programs,worker,worker,,False,active,plain,other,right,False,0.0,workload,True,Continuation of compound predicate
fresno_unified_school_district__fta_fresno_teachers_association_cba_2010_2012__6e67ecb0,FTA-Fresno-Teachers-Association_CBA_2010-2012.pdf,Fresno Unified School District,53,Other blocks of Duty Day shall be no shorter than thirty (30) minutes.,Other blocks of Duty Day,other,worker,shall,False,active,plain,obligation,obligation,True,1.0,workload,True,Affirmative floor/ceiling
fresno_unified_school_district__fta_fresno_teachers_association_cba_2010_2012__6e67ecb0,FTA-Fresno-Teachers-Association_CBA_2010-2012.pdf,Fresno Unified School District,53,"No bargaining unit member will be disciplined, reduced in rank or compensation, nor otherwise subjected to adverse action as a result of alleged misconduct, without ""just cause"".",No bargaining unit member,management,worker,will,True,passive,plain,prohibition,prohibition,True,0.9,discipline,True,
fresno_unified_school_district__fta_fresno_teachers_association_cba_2010_2012__6e67ecb0,FTA-Fresno-Teachers-Association_CBA_2010-2012.pdf,Fresno Unified School District,54,"satisfaction of such standards shall not constitute a ""threshold issue"" to a full merits review.",satisfaction of such standards,other,worker,shall,True,active,plain,prohibition,prohibition,True,1.0,discipline,True,
fresno_unified_school_district__fta_fresno_teachers_association_cba_2010_2012__6e67ecb0,FTA-Fresno-Teachers-Association_CBA_2010-2012.pdf,Fresno Unified School District,54,Any alleged misconduct which can be remedied by progressive discipline must be remedied in accordance with this Agreement.,Any alleged misconduct which can be remedied by progressive discipline,management,worker,must,False,passive,plain,obligation,obligation,True,1.0,discipline,True,
fresno_unified_school_district__fta_fresno_teachers_association_cba_2010_2012__6e67ecb0,FTA-Fresno-Teachers-Association_CBA_2010-2012.pdf,Fresno Unified School District,54,"District action to terminate employment remunerated under ""Extra Pay for Extra Services"" contracts as specified in this Agreement shall not be reviewable under this article unless such termination is for a disciplinable offense.","District action to terminate employment remunerated under ""Extra Pay for Extra Services"" contracts as specified in this Agreement",management,management,shall,True,active,plain,prohibition,prohibition,True,1.0,discipline,True,
fresno_unified_school_district__fta_fresno_teachers_association_cba_2010_2012__6e67ecb0,FTA-Fresno-Teachers-Association_CBA_2010-2012.pdf,Fresno Unified School District,54,"Upon request, bargaining unit members have the right to secure and utilize Association representation for any disciplinary meetings.",bargaining unit members,worker,worker,,False,active,plain,other,right,False,0.0,discipline,True,
fresno_unified_school_district__fta_fresno_teachers_association_cba_2010_2012__6e67ecb0,FTA-Fresno-Teachers-Association_CBA_2010-2012.pdf,Fresno Unified School District,54,The Association and the District shall take reasonable steps to inform employees of this right.,The Association and the District,other,worker,shall,False,active,plain,obligation,obligation,True,1.0,discipline,True,
fresno_unified_school_district__fta_fresno_teachers_association_cba_2010_2012__6e67ecb0,FTA-Fresno-Teachers-Association_CBA_2010-2012.pdf,Fresno Unified School District,54,"The District will offer an employee, prior to a disciplinary meeting, the opportunity to be accompanied by an Association representative if one is reasonably available",The District,management,worker,will,False,active,plain,obligation,obligation,True,0.9,discipline,True,
fresno_unified_school_district__fta_fresno_teachers_association_cba_2010_2012__6e67ecb0,FTA-Fresno-Teachers-Association_CBA_2010-2012.pdf,Fresno Unified School District,54,"provided, however no claim by an employee or by the union of an alleged breach of this section by the District shall be introduced into evidence in any grievance or arbitration",no claim by an employee or by the union of an alleged breach of this section by the District,worker,management,shall,True,passive,plain,prohibition,prohibition,True,1.0,discipline,True,
fresno_unified_school_district__fta_fresno_teachers_association_cba_2010_2012__6e67ecb0,FTA-Fresno-Teachers-Association_CBA_2010-2012.pdf,Fresno Unified School District,54,and no such claim shall be considered by an arbitrator hearing a grievance under this Agreement.,no such claim,other,management,shall,True,passive,plain,prohibition,prohibition,True,1.0,discipline,True,
fresno_unified_school_district__fta_fresno_teachers_association_cba_2010_2012__6e67ecb0,FTA-Fresno-Teachers-Association_CBA_2010-2012.pdf,Fresno Unified School District,54,Bargaining unit members shall have the right to rebut any written warning or reprimand by submitting a written statement of their position.,Bargaining unit members,worker,worker,shall,False,active,plain,obligation,right,False,1.0,discipline,True,
fresno_unified_school_district__fta_fresno_teachers_association_cba_2010_2012__6e67ecb0,FTA-Fresno-Teachers-Association_CBA_2010-2012.pdf,Fresno Unified School District,54,Such written rebuttal shall be attached to the warning or reprimand.,Such written rebuttal,worker,worker,shall,False,passive,plain,obligation,obligation,True,1.0,discipline,True,
fresno_unified_school_district__fta_fresno_teachers_association_cba_2010_2012__6e67ecb0,FTA-Fresno-Teachers-Association_CBA_2010-2012.pdf,Fresno Unified School District,54,"The bargaining unit member shall acknowledge receipt of all documents of a derogatory nature (as defined in Article 42, Section 4) intended for placement in his/her personnel file in the manner set forth in Article 42, ""Personnel Files"" of this Agreement.",The bargaining unit member,worker,management,shall,False,active,plain,obligation,obligation,True,1.0,discipline,True,
fresno_unified_school_district__fta_fresno_teachers_association_cba_2010_2012__6e67ecb0,FTA-Fresno-Teachers-Association_CBA_2010-2012.pdf,Fresno Unified School District,54,"Notice may also be documented by utilizing registered mail to transmit true copies of documents to be filed, return receipt requested.",Notice,other,management,may,False,passive,plain,permission,permission,True,0.3,discipline,True,
fresno_unified_school_district__fta_fresno_teachers_association_cba_2010_2012__6e67ecb0,FTA-Fresno-Teachers-Association_CBA_2010-2012.pdf,Fresno Unified School District,54,The content of employee evaluations is not grievable.,The content of employee evaluations,other,management,,True,active,plain,prohibition,prohibition,True,0.0,evaluation,True,Declarative status regarding grievability
fresno_unified_school_district__fta_fresno_teachers_association_cba_2010_2012__6e67ecb0,FTA-Fresno-Teachers-Association_CBA_2010-2012.pdf,Fresno Unified School District,54,"However, commentary alleging grounds for discipline as defined in this article, if included in such evaluations under Standard 6 (Developing as a Professional Educator), is grievable on the issues of whether just cause exists for such comments, and whether steps 4(A)(B) and (C) below have been followed.","commentary alleging grounds for discipline as defined in this article, if included in such evaluations under Standard 6 (Developing as a Professional Educator)",other,worker,,False,active,plain,other,right,False,0.0,evaluation,True,Declarative status regarding grievability
fresno_unified_school_district__fta_fresno_teachers_association_cba_2010_2012__6e67ecb0,FTA-Fresno-Teachers-Association_CBA_2010-2012.pdf,Fresno Unified School District,55,Written warnings may be issued when efforts at the informal level (discussion(s) and/or memo(s) of concern) do not result in satisfactory correction of the unit member's behavior.,Written warnings,management,management,may,False,passive,plain,permission,permission,True,0.3,discipline,True,
fresno_unified_school_district__fta_fresno_teachers_association_cba_2010_2012__6e67ecb0,FTA-Fresno-Teachers-Association_CBA_2010-2012.pdf,Fresno Unified School District,55,The dates of discussion(s) and memo(s) of concern are to be attached to the written warning.,The dates of discussion(s) and memo(s) of concern,management,worker,,False,passive,plain,other,obligation,False,0.0,discipline,True,
fresno_unified_school_district__fta_fresno_teachers_association_cba_2010_2012__6e67ecb0,FTA-Fresno-Teachers-Association_CBA_2010-2012.pdf,Fresno Unified School District,55,The District must append to the reprimand any prior written warnings and/or reprimands which are to be relied upon for any purpose.,The District,management,worker,must,False,active,plain,obligation,obligation,True,1.0,discipline,True,
fresno_unified_school_district__fta_fresno_teachers_association_cba_2010_2012__6e67ecb0,FTA-Fresno-Teachers-Association_CBA_2010-2012.pdf,Fresno Unified School District,55,The District must append to the reprimand/notice of suspension any prior written warnings and/or reprimands which are to be relied upon for any purpose.,The District,management,worker,must,False,active,plain,obligation,obligation,True,1.0,discipline,True,
fresno_unified_school_district__fta_fresno_teachers_association_cba_2010_2012__6e67ecb0,FTA-Fresno-Teachers-Association_CBA_2010-2012.pdf,Fresno Unified School District,55,"nothing in the Article shall preclude full or partial bypass of such levels for serious misconduct of such a critical nature that, in the evaluation of the arbitrator, it justifies bypassing earlier levels of progressive discipline:",nothing in the Article,other,management,shall,True,active,plain,prohibition,permission,False,1.0,discipline,True,
fresno_unified_school_district__fta_fresno_teachers_association_cba_2010_2012__6e67ecb0,FTA-Fresno-Teachers-Association_CBA_2010-2012.pdf,Fresno Unified School District,56,progressive discipline levels may not be bypassed arbitrarily or capriciously,progressive discipline levels,management,worker,may,True,passive,plain,prohibition,prohibition,True,0.3,discipline,True,
fresno_unified_school_district__fta_fresno_teachers_association_cba_2010_2012__6e67ecb0,FTA-Fresno-Teachers-Association_CBA_2010-2012.pdf,Fresno Unified School District,56,"nothing in the Article shall preclude full or partial bypass of such levels for serious misconduct of such a critical nature that, in the evaluation of the arbitrator, it justifies bypassing earlier levels of progressive discipline",nothing in the Article,other,management,shall,True,active,plain,prohibition,permission,False,1.0,discipline,True,
fresno_unified_school_district__fta_fresno_teachers_association_cba_2010_2012__6e67ecb0,FTA-Fresno-Teachers-Association_CBA_2010-2012.pdf,Fresno Unified School District,56,Neither shall the provisions of this Article limit in any manner the District’s decision to immediately implement dismissal or suspension (for more than fifteen (15) days) proceedings in accordance with the California Education Code;,the provisions of this Article,other,management,shall,True,active,plain,prohibition,prohibition,True,1.0,discipline,True,
fresno_unified_school_district__fta_fresno_teachers_association_cba_2010_2012__6e67ecb0,FTA-Fresno-Teachers-Association_CBA_2010-2012.pdf,Fresno Unified School District,56,the District is prohibited from attempting to impose any discipline under this article for the same offense;,the District,management,worker,,False,active,prohibition_verb,prohibition,prohibition,True,0.85,discipline,True,
fresno_unified_school_district__fta_fresno_teachers_association_cba_2010_2012__6e67ecb0,FTA-Fresno-Teachers-Association_CBA_2010-2012.pdf,Fresno Unified School District,56,"bargaining unit members will be provided with written statements of concerns, charges and/or allegations along with pertinent circumstances/facts giving rise to such concerns, charges and/or allegations.",bargaining unit members,management,worker,will,False,passive,rights_passive,right,obligation,False,0.9,discipline,True,
fresno_unified_school_district__fta_fresno_teachers_association_cba_2010_2012__6e67ecb0,FTA-Fresno-Teachers-Association_CBA_2010-2012.pdf,Fresno Unified School District,56,Such written statements will be transmitted to the bargaining unit member within fifteen (15) working days after the circumstances/facts were known or should have been known.,Such written statements,management,worker,will,False,passive,plain,obligation,obligation,True,0.9,discipline,True,
fresno_unified_school_district__fta_fresno_teachers_association_cba_2010_2012__6e67ecb0,FTA-Fresno-Teachers-Association_CBA_2010-2012.pdf,Fresno Unified School District,56,the bargaining unit member shall have ten (10) working days to obtain clarification and present a response if so desired.,the bargaining unit member,worker,worker,shall,False,active,plain,obligation,right,False,1.0,discipline,True,
fresno_unified_school_district__fta_fresno_teachers_association_cba_2010_2012__6e67ecb0,FTA-Fresno-Teachers-Association_CBA_2010-2012.pdf,Fresno Unified School District,56,"The supervisor shall then have ten (10) working days to consider the matter and transmit a written decision to the bargaining unit member communicating his/her findings on the issues in the dispute, a disposition with reasons as to whether formal discipline should be levied, and a copy of the disciplinary document.",The supervisor,management,worker,shall,False,active,plain,obligation,obligation,True,1.0,discipline,True,
fresno_unified_school_district__fta_fresno_teachers_association_cba_2010_2012__6e67ecb0,FTA-Fresno-Teachers-Association_CBA_2010-2012.pdf,Fresno Unified School District,56,Bargaining unit members shall then have the right to generate full review of formal discipline documents by initiating a grievance at Level III of the Grievance Procedure Article 19.,Bargaining unit members,worker,worker,shall,False,active,plain,obligation,right,False,1.0,discipline,True,
fresno_unified_school_district__fta_fresno_teachers_association_cba_2010_2012__6e67ecb0,FTA-Fresno-Teachers-Association_CBA_2010-2012.pdf,Fresno Unified School District,56,"From that point on, review will occur in conformance with the timelines and procedures delineated in the Grievance Procedure.",review,other,worker,will,False,active,plain,obligation,obligation,True,0.9,discipline,True,
fresno_unified_school_district__fta_fresno_teachers_association_cba_2010_2012__6e67ecb0,FTA-Fresno-Teachers-Association_CBA_2010-2012.pdf,Fresno Unified School District,56,Review of written warnings terminates at the close of Level III of the Grievance Procedure.,Review of written warnings,other,management,,False,active,plain,other,prohibition,False,0.0,discipline,True,
fresno_unified_school_district__fta_fresno_teachers_association_cba_2010_2012__6e67ecb0,FTA-Fresno-Teachers-Association_CBA_2010-2012.pdf,Fresno Unified School District,56,they are subject to full grievance review (through Level IV) with the reprimand/suspension.,they,other,worker,,False,active,plain,other,right,False,0.0,discipline,True,
fresno_unified_school_district__fta_fresno_teachers_association_cba_2010_2012__6e67ecb0,FTA-Fresno-Teachers-Association_CBA_2010-2012.pdf,Fresno Unified School District,56,Reprimands (with or without suspensions) will not be placed in a bargaining unit members personnel file until exhaustion of Level III of the Grievance Procedure,Reprimands (with or without suspensions),management,worker,will,True,passive,plain,prohibition,prohibition,True,0.9,discipline,True,
fresno_unified_school_district__fta_fresno_teachers_association_cba_2010_2012__6e67ecb0,FTA-Fresno-Teachers-Association_CBA_2010-2012.pdf,Fresno Unified School District,56,Suspensions without pay shall be limited to fifteen (15) working days,Suspensions without pay,management,worker,shall,False,passive,plain,obligation,obligation,True,1.0,discipline,True,
fresno_unified_school_district__fta_fresno_teachers_association_cba_2010_2012__6e67ecb0,FTA-Fresno-Teachers-Association_CBA_2010-2012.pdf,Fresno Unified School District,56,shall not be implemented prior to exhaustion of the grievance process on the matter,Suspensions without pay,management,worker,shall,True,passive,plain,prohibition,prohibition,True,1.0,discipline,True,Elliptical subject shared with previous clause
fresno_unified_school_district__fta_fresno_teachers_association_cba_2010_2012__6e67ecb0,FTA-Fresno-Teachers-Association_CBA_2010-2012.pdf,Fresno Unified School District,57,Suspensions without pay shall not be implemented prior to exhaustion of the grievance process on the matter unless the bargaining unit member has not caused grievance review.,Suspensions without pay,other,worker,shall,True,passive,plain,prohibition,prohibition,True,1.0,discipline,True,
fresno_unified_school_district__fta_fresno_teachers_association_cba_2010_2012__6e67ecb0,FTA-Fresno-Teachers-Association_CBA_2010-2012.pdf,Fresno Unified School District,57,"Upon request of a bargaining unit member formal discipline documents in a bargaining unit member's personnel file shall be sealed if, during the two-year period following the date of the document, the bargaining unit member was not formally reprimanded or suspended and no warning letters for similar misconduct have been issued.",formal discipline documents in a bargaining unit member's personnel file,other,worker,shall,False,passive,plain,obligation,right,False,1.0,discipline,True,
fresno_unified_school_district__fta_fresno_teachers_association_cba_2010_2012__6e67ecb0,FTA-Fresno-Teachers-Association_CBA_2010-2012.pdf,Fresno Unified School District,57,That documents sealed in personnel files in accordance with this Agreement will be sealed in envelopes and stored in a strictly confidential manner and placed in the personnel file.,documents sealed in personnel files in accordance with this Agreement,other,worker,will,False,passive,plain,obligation,obligation,True,0.9,other,True,
fresno_unified_school_district__fta_fresno_teachers_association_cba_2010_2012__6e67ecb0,FTA-Fresno-Teachers-Association_CBA_2010-2012.pdf,Fresno Unified School District,57,Access shall be limited to the Superintendent's designee only for possible use in dismissal proceedings or in response to an official order.,Access,other,worker,shall,False,passive,plain,obligation,obligation,True,1.0,other,True,
fresno_unified_school_district__fta_fresno_teachers_association_cba_2010_2012__6e67ecb0,FTA-Fresno-Teachers-Association_CBA_2010-2012.pdf,Fresno Unified School District,57,Arbitrators findings concerning allegations in such documents shall be attached to the documents.,Arbitrators findings concerning allegations in such documents,other,worker,shall,False,passive,plain,obligation,obligation,True,1.0,other,True,
fresno_unified_school_district__fta_fresno_teachers_association_cba_2010_2012__6e67ecb0,FTA-Fresno-Teachers-Association_CBA_2010-2012.pdf,Fresno Unified School District,58,"Absent any contractual prohibition or restriction, the agency has the right unilaterally to promulgate reasonable rules and issue reasonable orders",the agency,management,management,,False,active,rights_active,right,right,True,0.85,other,True,
fresno_unified_school_district__fta_fresno_teachers_association_cba_2010_2012__6e67ecb0,FTA-Fresno-Teachers-Association_CBA_2010-2012.pdf,Fresno Unified School District,58,same need not have been negotiated with the union,same,management,management,need,True,passive,plain,prohibition,other,False,0.7,other,True,refers to rules and orders
fresno_unified_school_district__fta_fresno_teachers_association_cba_2010_2012__6e67ecb0,FTA-Fresno-Teachers-Association_CBA_2010-2012.pdf,Fresno Unified School District,59,The agency's investigation must normally be made before its disciplinary decision.,The agency's investigation,management,worker,must,False,passive,plain,obligation,obligation,True,1.0,discipline,True,
fresno_unified_school_district__fta_fresno_teachers_association_cba_2010_2012__6e67ecb0,FTA-Fresno-Teachers-Association_CBA_2010-2012.pdf,Fresno Unified School District,59,its failure may not normally be excused on the grounds that the employee will get his or her day in court through the grievance procedure after the exaction of discipline.,its failure,management,worker,may,True,passive,plain,prohibition,prohibition,True,0.3,discipline,True,
fresno_unified_school_district__fta_fresno_teachers_association_cba_2010_2012__6e67ecb0,FTA-Fresno-Teachers-Association_CBA_2010-2012.pdf,Fresno Unified School District,59,management must react immediately to the employee's behavior.,management,management,worker,must,False,active,plain,obligation,obligation,True,1.0,discipline,True,
fresno_unified_school_district__fta_fresno_teachers_association_cba_2010_2012__6e67ecb0,FTA-Fresno-Teachers-Association_CBA_2010-2012.pdf,Fresno Unified School District,59,The final disciplinary decision will be made after the investigation,The final disciplinary decision,management,worker,will,False,passive,plain,obligation,obligation,True,0.9,discipline,True,
fresno_unified_school_district__fta_fresno_teachers_association_cba_2010_2012__6e67ecb0,FTA-Fresno-Teachers-Association_CBA_2010-2012.pdf,Fresno Unified School District,59,s/he will be restored to his or her job with full pay for time lost.,s/he,management,worker,will,False,passive,rights_passive,right,right,True,0.9,discipline,True,
fresno_unified_school_district__fta_fresno_teachers_association_cba_2010_2012__6e67ecb0,FTA-Fresno-Teachers-Association_CBA_2010-2012.pdf,Fresno Unified School District,59,"the management official may be both ""prosecutor"" and ""judge""",the management official,management,management,may,False,active,plain,permission,permission,True,0.3,discipline,True,
fresno_unified_school_district__fta_fresno_teachers_association_cba_2010_2012__6e67ecb0,FTA-Fresno-Teachers-Association_CBA_2010-2012.pdf,Fresno Unified School District,59,s/he may not also be a witness against the employee.,s/he,management,worker,may,True,active,plain,prohibition,prohibition,True,0.3,discipline,True,
fresno_unified_school_district__fta_fresno_teachers_association_cba_2010_2012__6e67ecb0,FTA-Fresno-Teachers-Association_CBA_2010-2012.pdf,Fresno Unified School District,59,the agency may avoid a finding of discrimination by telling all employees in advance of its intent to enforce hereafter all rules as written.,the agency,management,management,may,False,active,plain,permission,permission,True,0.3,other,True,
fresno_unified_school_district__fta_fresno_teachers_association_cba_2010_2012__6e67ecb0,FTA-Fresno-Teachers-Association_CBA_2010-2012.pdf,Fresno Unified School District,59,A trivial proven offense does not merit harsh discipline,A trivial proven offense,other,worker,,True,active,plain,prohibition,prohibition,True,0.0,discipline,True,
fresno_unified_school_district__fta_fresno_teachers_association_cba_2010_2012__6e67ecb0,FTA-Fresno-Teachers-Association_CBA_2010-2012.pdf,Fresno Unified School District,59,the employee has properly been found guilty of the same offenses a number of times in the past.,the employee,management,management,,False,passive,plain,other,other,True,0.0,discipline,True,
fresno_unified_school_district__fta_fresno_teachers_association_cba_2010_2012__6e67ecb0,FTA-Fresno-Teachers-Association_CBA_2010-2012.pdf,Fresno Unified School District,60,Leave of absence may be granted for travel for educational purposes in accordance with the provisions of the Education Code.,Leave of absence,management,worker,may,False,passive,rights_passive,right,permission,False,0.3,leave,True,
fresno_unified_school_district__fta_fresno_teachers_association_cba_2010_2012__6e67ecb0,FTA-Fresno-Teachers-Association_CBA_2010-2012.pdf,Fresno Unified School District,60,"Leave of absence without compensation may be granted to a bargaining unit member not to exceed one year at a time, upon the recommendation of the Superintendent.",Leave of absence without compensation,management,worker,may,False,passive,rights_passive,right,permission,False,0.3,leave,True,
fresno_unified_school_district__fta_fresno_teachers_association_cba_2010_2012__6e67ecb0,FTA-Fresno-Teachers-Association_CBA_2010-2012.pdf,Fresno Unified School District,60,"If recommended by the Superintendent, one additional year of leave may be granted.",one additional year of leave,management,worker,may,False,passive,rights_passive,right,permission,False,0.3,leave,True,
fresno_unified_school_district__fta_fresno_teachers_association_cba_2010_2012__6e67ecb0,FTA-Fresno-Teachers-Association_CBA_2010-2012.pdf,Fresno Unified School District,60,"Upon expiration of the second year of leave, an employee must return to duty within the Fresno Unified School District or submit his/her resignation.",an employee,worker,management,must,False,active,obligation_verb,obligation,obligation,True,1.0,leave,True,
fresno_unified_school_district__fta_fresno_teachers_association_cba_2010_2012__6e67ecb0,FTA-Fresno-Teachers-Association_CBA_2010-2012.pdf,Fresno Unified School District,60,Exceptions will be considered by the Board upon the recommendation of the Superintendent.,Exceptions,management,worker,will,False,passive,plain,obligation,obligation,True,0.9,leave,True,
fresno_unified_school_district__fta_fresno_teachers_association_cba_2010_2012__6e67ecb0,FTA-Fresno-Teachers-Association_CBA_2010-2012.pdf,Fresno Unified School District,60,Leave of absence shall be granted to a bargaining unit member who is an elected member of the State Legislature.,Leave of absence,management,worker,shall,False,passive,rights_passive,right,obligation,False,1.0,leave,True,
fresno_unified_school_district__fta_fresno_teachers_association_cba_2010_2012__6e67ecb0,FTA-Fresno-Teachers-Association_CBA_2010-2012.pdf,Fresno Unified School District,60,"Requests for leave of absence should be filed prior to March preceding the year for which absence is requested, except in cases of emergency or pregnancy leave.",Requests for leave of absence,worker,management,should,False,passive,plain,obligation,obligation,True,0.7,leave,True,
fresno_unified_school_district__fta_fresno_teachers_association_cba_2010_2012__6e67ecb0,FTA-Fresno-Teachers-Association_CBA_2010-2012.pdf,Fresno Unified School District,60,All requests should be filed on the prescribed forms approved and provided by the Superintendent.,All requests,management,management,should,False,passive,plain,obligation,obligation,True,0.7,leave,True,
fresno_unified_school_district__fta_fresno_teachers_association_cba_2010_2012__6e67ecb0,FTA-Fresno-Teachers-Association_CBA_2010-2012.pdf,Fresno Unified School District,60,Persons granted leave shall be required to abide by the terms under which the leave was granted by the Board of Education.,Persons granted leave,worker,management,shall,False,active,obligation_verb,obligation,obligation,True,1.0,leave,True,
fresno_unified_school_district__fta_fresno_teachers_association_cba_2010_2012__6e67ecb0,FTA-Fresno-Teachers-Association_CBA_2010-2012.pdf,Fresno Unified School District,60,Persons returning from a leave of absence of one year or more are required to pass a satisfactory physical examination (including chest x-ray) and file a certificate of same with the Superintendent of Schools.,Persons returning from a leave of absence of one year or more,worker,management,,False,active,obligation_verb,obligation,obligation,True,0.85,leave,True,
fresno_unified_school_district__fta_fresno_teachers_association_cba_2010_2012__6e67ecb0,FTA-Fresno-Teachers-Association_CBA_2010-2012.pdf,Fresno Unified School District,60,Part-time leaves may be granted for study or personal leaves.,Part-time leaves,management,worker,may,False,passive,rights_passive,right,permission,False,0.3,leave,True,
fresno_unified_school_district__fta_fresno_teachers_association_cba_2010_2012__6e67ecb0,FTA-Fresno-Teachers-Association_CBA_2010-2012.pdf,Fresno Unified School District,60,Bargaining unit members on leave without compensation may maintain fringe benefits coverage at their own expense.,Bargaining unit members on leave without compensation,worker,worker,may,False,active,plain,permission,permission,True,0.3,leave,True,
fresno_unified_school_district__fta_fresno_teachers_association_cba_2010_2012__6e67ecb0,FTA-Fresno-Teachers-Association_CBA_2010-2012.pdf,Fresno Unified School District,61,This shall not be construed so as to apply to bargaining unit members on part-time leaves of 50% or less.,This,other,management,shall,True,passive,plain,prohibition,prohibition,True,1.0,leave,True,Inanimate subject referring to preceding provision.
fresno_unified_school_district__fta_fresno_teachers_association_cba_2010_2012__6e67ecb0,FTA-Fresno-Teachers-Association_CBA_2010-2012.pdf,Fresno Unified School District,61,"Leave of absence may be granted to a bargaining unit member who is compelled to absent himself/herself from his/her duties because of accident or illness, whether or not the cause of absence arises out of and in the course of the employment of the bargaining unit member, or because of quarantine which results from his/her contact with other persons having a contagious disease, or because of temporary inability to perform the services required of him/her because of illness, accident or quarantine.",Leave of absence,management,worker,may,False,passive,rights_passive,right,permission,False,0.3,leave,True,
fresno_unified_school_district__fta_fresno_teachers_association_cba_2010_2012__6e67ecb0,FTA-Fresno-Teachers-Association_CBA_2010-2012.pdf,Fresno Unified School District,61,"Such leave shall be without compensation, when in excess of regularly accrued benefits.",Such leave,other,management,shall,False,active,plain,obligation,obligation,True,1.0,leave,True,Stative clause defining benefit status.
fresno_unified_school_district__fta_fresno_teachers_association_cba_2010_2012__6e67ecb0,FTA-Fresno-Teachers-Association_CBA_2010-2012.pdf,Fresno Unified School District,61,"A bargaining unit member, upon receipt of notification of adoption shall be allowed to utilize accrued sick leave and sub-deduct days for adoption leave for a period of adjustment within the family unit.",A bargaining unit member,worker,worker,shall,False,passive,permission_verb,permission,permission,True,1.0,leave,True,
fresno_unified_school_district__fta_fresno_teachers_association_cba_2010_2012__6e67ecb0,FTA-Fresno-Teachers-Association_CBA_2010-2012.pdf,Fresno Unified School District,61,The unit member shall notify the site principal of intent to implement this benefit.,The unit member,worker,management,shall,False,active,plain,obligation,obligation,True,1.0,leave,True,
fresno_unified_school_district__fta_fresno_teachers_association_cba_2010_2012__6e67ecb0,FTA-Fresno-Teachers-Association_CBA_2010-2012.pdf,Fresno Unified School District,61,The notice shall include the beginning and ending dates for the leave.,The notice,other,management,shall,False,active,plain,obligation,obligation,True,1.0,leave,True,Inanimate subject outlining content requirement.
fresno_unified_school_district__fta_fresno_teachers_association_cba_2010_2012__6e67ecb0,FTA-Fresno-Teachers-Association_CBA_2010-2012.pdf,Fresno Unified School District,61,Leave pursuant to this section shall not exceed 20 teaching days.,Leave pursuant to this section,other,management,shall,True,active,plain,prohibition,prohibition,True,1.0,leave,True,
fresno_unified_school_district__fta_fresno_teachers_association_cba_2010_2012__6e67ecb0,FTA-Fresno-Teachers-Association_CBA_2010-2012.pdf,Fresno Unified School District,61,This provision is limited to only one bargaining unit member of a family for each adoption.,This provision,other,management,,False,passive,plain,other,other,True,0.0,leave,True,
fresno_unified_school_district__fta_fresno_teachers_association_cba_2010_2012__6e67ecb0,FTA-Fresno-Teachers-Association_CBA_2010-2012.pdf,Fresno Unified School District,61,"Every person employed by a school district in a position requiring certification qualifications is entitled to a leave of absence, not to exceed three (3) days, or five (5) days if out-of-state travel is required, on account of the death of any member of his/her immediate family.",Every person employed by a school district in a position requiring certification qualifications,worker,worker,,False,active,rights_passive,right,right,True,0.85,leave,True,
fresno_unified_school_district__fta_fresno_teachers_association_cba_2010_2012__6e67ecb0,FTA-Fresno-Teachers-Association_CBA_2010-2012.pdf,Fresno Unified School District,61,No deduction shall be made from the salary of such bargaining unit member,No deduction,management,worker,shall,True,passive,plain,prohibition,prohibition,True,1.0,compensation,True,First of two independent clauses joined by 'nor'.
fresno_unified_school_district__fta_fresno_teachers_association_cba_2010_2012__6e67ecb0,FTA-Fresno-Teachers-Association_CBA_2010-2012.pdf,Fresno Unified School District,61,nor shall such leave be deducted from leave granted by other sections of the Education Code or provided by the Governing Board of the District.,such leave,management,worker,shall,True,passive,plain,prohibition,prohibition,True,1.0,leave,True,Second of two independent clauses joined by 'nor'.
fresno_unified_school_district__fta_fresno_teachers_association_cba_2010_2012__6e67ecb0,FTA-Fresno-Teachers-Association_CBA_2010-2012.pdf,Fresno Unified School District,62,"In the event that bargaining unit members should be summoned to appear for jury duty or as a witness to court other than as a litigant, or summoned to respond to an official order from another governmental jurisdiction for reasons not brought about through the connivance or misconduct of the bargaining unit member, the District shall grant leaves of absence to bargaining unit members under the above conditions",the District,management,worker,shall,False,active,plain,obligation,obligation,True,1.0,leave,True,
fresno_unified_school_district__fta_fresno_teachers_association_cba_2010_2012__6e67ecb0,FTA-Fresno-Teachers-Association_CBA_2010-2012.pdf,Fresno Unified School District,62,"the employee shall reimburse the District any amount he/she receives for jury or witness fees, up to the amount of the employee's daily rate of pay for the period of absence.",the employee,worker,management,shall,False,active,plain,obligation,obligation,True,1.0,compensation,True,
fresno_unified_school_district__fta_fresno_teachers_association_cba_2010_2012__6e67ecb0,FTA-Fresno-Teachers-Association_CBA_2010-2012.pdf,Fresno Unified School District,62,The bargaining unit member shall retain any amount he/she receives for mileage/travel expenses.,The bargaining unit member,worker,worker,shall,False,active,plain,obligation,right,False,1.0,compensation,True,
fresno_unified_school_district__fta_fresno_teachers_association_cba_2010_2012__6e67ecb0,FTA-Fresno-Teachers-Association_CBA_2010-2012.pdf,Fresno Unified School District,62,"submit an appropriate absence slip showing dates of absence and reason for absence, i.e., ""Jury duty or witness duty"".",bargaining unit members,worker,management,,False,active,plain,other,obligation,False,0.0,leave,True,Implied subject from preceding list context
fresno_unified_school_district__fta_fresno_teachers_association_cba_2010_2012__6e67ecb0,FTA-Fresno-Teachers-Association_CBA_2010-2012.pdf,Fresno Unified School District,62,bargaining unit members shall send to the Payroll Office their check for jury or witness fees.,bargaining unit members,worker,management,shall,False,active,plain,obligation,obligation,True,1.0,compensation,True,
fresno_unified_school_district__fta_fresno_teachers_association_cba_2010_2012__6e67ecb0,FTA-Fresno-Teachers-Association_CBA_2010-2012.pdf,Fresno Unified School District,62,"The check should be endorsed ""Pay to the order of Fresno Unified School District"".",The check,other,management,should,False,passive,plain,obligation,obligation,True,0.7,compensation,True,Inanimate subject; directive regarding document handling
fresno_unified_school_district__fta_fresno_teachers_association_cba_2010_2012__6e67ecb0,FTA-Fresno-Teachers-Association_CBA_2010-2012.pdf,Fresno Unified School District,62,"Normally, the check also includes a mileage allowance",the check,other,management,,False,active,plain,other,other,True,0.0,compensation,True,
fresno_unified_school_district__fta_fresno_teachers_association_cba_2010_2012__6e67ecb0,FTA-Fresno-Teachers-Association_CBA_2010-2012.pdf,Fresno Unified School District,62,the mileage allowance will be returned to the bargaining unit member.,the mileage allowance,management,worker,will,False,passive,rights_passive,right,obligation,False,0.9,compensation,True,
fresno_unified_school_district__fta_fresno_teachers_association_cba_2010_2012__6e67ecb0,FTA-Fresno-Teachers-Association_CBA_2010-2012.pdf,Fresno Unified School District,62,"If the jury or witness duty should occur outside the bargaining unit member's normal duty period, the above procedure does not apply.",the above procedure,other,worker,should,True,active,plain,prohibition,prohibition,True,0.7,leave,True,
fresno_unified_school_district__fta_fresno_teachers_association_cba_2010_2012__6e67ecb0,FTA-Fresno-Teachers-Association_CBA_2010-2012.pdf,Fresno Unified School District,62,No absence form would be required,No absence form,management,worker,would,True,passive,obligation_verb,right,prohibition,False,0.85,leave,True,
fresno_unified_school_district__fta_fresno_teachers_association_cba_2010_2012__6e67ecb0,FTA-Fresno-Teachers-Association_CBA_2010-2012.pdf,Fresno Unified School District,62,the full amount of the jury or witness fees shall be retained by the bargaining unit member.,the full amount of the jury or witness fees,worker,worker,shall,False,passive,plain,obligation,right,False,1.0,compensation,True,
fresno_unified_school_district__fta_fresno_teachers_association_cba_2010_2012__6e67ecb0,FTA-Fresno-Teachers-Association_CBA_2010-2012.pdf,Fresno Unified School District,62,A parental leave of absence without pay shall be granted to a bargaining unit member for the purpose of childbearing and/or child rearing,A parental leave of absence without pay,management,worker,shall,False,passive,rights_passive,right,right,True,1.0,leave,True,
fresno_unified_school_district__fta_fresno_teachers_association_cba_2010_2012__6e67ecb0,FTA-Fresno-Teachers-Association_CBA_2010-2012.pdf,Fresno Unified School District,62,"A bargaining unit member who is pregnant shall be entitled, upon request, to a leave to begin at any time between the commencement of her pregnancy and one (1) year after a child is born to her.",A bargaining unit member who is pregnant,worker,worker,shall,False,passive,rights_passive,right,right,True,1.0,leave,True,
fresno_unified_school_district__fta_fresno_teachers_association_cba_2010_2012__6e67ecb0,FTA-Fresno-Teachers-Association_CBA_2010-2012.pdf,Fresno Unified School District,62,"Said bargaining unit member shall notify the Superintendent, in writing, of her desire to take such leave",Said bargaining unit member,worker,management,shall,False,active,plain,obligation,obligation,True,1.0,leave,True,
fresno_unified_school_district__fta_fresno_teachers_association_cba_2010_2012__6e67ecb0,FTA-Fresno-Teachers-Association_CBA_2010-2012.pdf,Fresno Unified School District,62,"except in case of emergency, shall give such notice at least thirty (30) days prior to the date on which her leave is to begin.",[implied bargaining unit member],worker,management,shall,False,active,plain,obligation,obligation,True,1.0,leave,True,Continuation of preceding clause joined by 'and'
fresno_unified_school_district__fta_fresno_teachers_association_cba_2010_2012__6e67ecb0,FTA-Fresno-Teachers-Association_CBA_2010-2012.pdf,Fresno Unified School District,62,"She shall include with such notice either a physician's statement certifying her pregnancy or a copy of the birth certificate of her child, whichever is applicable.",She,worker,management,shall,False,active,plain,obligation,obligation,True,1.0,leave,True,
fresno_unified_school_district__fta_fresno_teachers_association_cba_2010_2012__6e67ecb0,FTA-Fresno-Teachers-Association_CBA_2010-2012.pdf,Fresno Unified School District,62,A bargaining unit member who is pregnant may continue in active employment through her pregnancy as long as she is able to properly perform her required functions.,A bargaining unit member who is pregnant,worker,worker,may,False,active,plain,permission,permission,True,0.3,leave,True,
fresno_unified_school_district__fta_fresno_teachers_association_cba_2010_2012__6e67ecb0,FTA-Fresno-Teachers-Association_CBA_2010-2012.pdf,Fresno Unified School District,62,"Any bargaining unit member shall be entitled, upon request, to a one (1) year parental leave of absence to begin any time after the birth of h",Any bargaining unit member,worker,worker,shall,False,passive,rights_passive,right,right,True,1.0,leave,True,Clause truncated at end of chunk
fresno_unified_school_district__fta_fresno_teachers_association_cba_2010_2012__6e67ecb0,FTA-Fresno-Teachers-Association_CBA_2010-2012.pdf,Fresno Unified School District,63,"Any bargaining unit member shall be entitled, upon request, to a one (1) year parental leave of absence to begin any time after the birth of her child, or after receiving de facto and/or de jure custody of any infant child [i.e. three (3) years of age or less] or prior to receiving such custody if necessary in order to fulfill the requirements for adoption.",Any bargaining unit member,worker,worker,shall,False,passive,rights_passive,right,right,True,1.0,leave,True,
fresno_unified_school_district__fta_fresno_teachers_association_cba_2010_2012__6e67ecb0,FTA-Fresno-Teachers-Association_CBA_2010-2012.pdf,Fresno Unified School District,63,"Bargaining unit members who are parents and/or guardians, or who have received de facto and/or de jure custody of physically and/or mentally handicapped children shall, upon request, be entitled to annually renew their parental leave of absence until such time as such children are eligible to enter public school, or, for children legally ineligible to enter public school, until such time as they would be able to attend public school if they were eligible.","Bargaining unit members who are parents and/or guardians, or who have received de facto and/or de jure custody of physically and/or mentally handicapped children",worker,worker,shall,False,passive,rights_passive,right,right,True,1.0,leave,True,
fresno_unified_school_district__fta_fresno_teachers_association_cba_2010_2012__6e67ecb0,FTA-Fresno-Teachers-Association_CBA_2010-2012.pdf,Fresno Unified School District,63,There shall be a maximum of four (4) renewals allowed under this provision.,There,other,management,shall,False,passive,permission_verb,permission,prohibition,False,1.0,leave,True,
fresno_unified_school_district__fta_fresno_teachers_association_cba_2010_2012__6e67ecb0,FTA-Fresno-Teachers-Association_CBA_2010-2012.pdf,Fresno Unified School District,63,"If a child five (5) years of age or less becomes physically and/or mentally handicapped, the provisions of ""B."" and ""C."" above shall be applied for bargaining unit members eligible under those provisions to care for said child.","the provisions of ""B."" and ""C."" above",other,worker,shall,False,passive,plain,obligation,obligation,True,1.0,leave,True,
fresno_unified_school_district__fta_fresno_teachers_association_cba_2010_2012__6e67ecb0,FTA-Fresno-Teachers-Association_CBA_2010-2012.pdf,Fresno Unified School District,63,"If any bargaining unit member who has been on parental leave less than two (2) semesters notifies the Superintendent of his or her desire to terminate his/her leave and to return to active employment within sixty (60) days after the termination of pregnancy for any reason, the acquisition of de facto custody of an infant child, the birth of his/her child, or the commencement of the leave, whichever is later, said bargaining unit member shall within seven (7) days after receipt of the notice be assigned to the same position which she or he held at the time the leave commenced, or if that position is no longer in existence, to a substantially equivalent position,",said bargaining unit member,worker,worker,shall,False,passive,plain,obligation,obligation,True,1.0,leave,True,
fresno_unified_school_district__fta_fresno_teachers_association_cba_2010_2012__6e67ecb0,FTA-Fresno-Teachers-Association_CBA_2010-2012.pdf,Fresno Unified School District,63,"except that if a bargaining unit member who has been on leave for ninety (90) days or more gives such notice after April 30, the District may continue the parental leave until the commencement of the next school year.",the District,management,worker,may,False,active,plain,permission,permission,True,0.3,leave,True,
fresno_unified_school_district__fta_fresno_teachers_association_cba_2010_2012__6e67ecb0,FTA-Fresno-Teachers-Association_CBA_2010-2012.pdf,Fresno Unified School District,63,"Upon his or her return, said bargaining unit member shall be entitled to all benefits and/or considerations to which bargaining unit members are normally entitled upon return from a parental leave of absence without pay, provided that the leave has not exceeded two (2) semesters.",said bargaining unit member,worker,worker,shall,False,passive,rights_passive,right,right,True,1.0,leave,True,
fresno_unified_school_district__fta_fresno_teachers_association_cba_2010_2012__6e67ecb0,FTA-Fresno-Teachers-Association_CBA_2010-2012.pdf,Fresno Unified School District,64,said bargaining unit member shall be assigned to the first available vacant position for which he or she is qualified,said bargaining unit member,management,worker,shall,False,passive,rights_passive,right,obligation,False,1.0,leave,True,
fresno_unified_school_district__fta_fresno_teachers_association_cba_2010_2012__6e67ecb0,FTA-Fresno-Teachers-Association_CBA_2010-2012.pdf,Fresno Unified School District,64,the bargaining unit member who gave such notice at the earliest date shall be assigned to the position in question.,the bargaining unit member who gave such notice at the earliest date,management,worker,shall,False,passive,rights_passive,right,obligation,False,1.0,leave,True,
fresno_unified_school_district__fta_fresno_teachers_association_cba_2010_2012__6e67ecb0,FTA-Fresno-Teachers-Association_CBA_2010-2012.pdf,Fresno Unified School District,64,"Upon his or her return, said bargaining unit member shall be entitled to all other benefits and/or considerations to which bargaining unit members are normally entitled upon return from a parental leave of absence without pay.",said bargaining unit member,management,worker,shall,False,passive,rights_passive,right,right,True,1.0,leave,True,
fresno_unified_school_district__fta_fresno_teachers_association_cba_2010_2012__6e67ecb0,FTA-Fresno-Teachers-Association_CBA_2010-2012.pdf,Fresno Unified School District,64,"While on parental leave, a bargaining unit member shall have the option to remain an active participant in the fringe benefit programs by contributing the full premium amount necessary for those actively employed.",a bargaining unit member,worker,worker,shall,False,active,plain,obligation,permission,False,1.0,benefits,True,
fresno_unified_school_district__fta_fresno_teachers_association_cba_2010_2012__6e67ecb0,FTA-Fresno-Teachers-Association_CBA_2010-2012.pdf,Fresno Unified School District,64,All assignment rights for persons returning from parental leave shall be subject to the then-existent District provisions for assignment and transfer.,All assignment rights for persons returning from parental leave,other,management,shall,False,passive,plain,obligation,obligation,True,1.0,transfers,True,
fresno_unified_school_district__fta_fresno_teachers_association_cba_2010_2012__6e67ecb0,FTA-Fresno-Teachers-Association_CBA_2010-2012.pdf,Fresno Unified School District,64,A bargaining unit member on parental leave of absence shall not be denied the opportunity to substitute in the school district by reason of fact that she/he is on such leave of absence.,A bargaining unit member on parental leave of absence,management,worker,shall,True,passive,plain,prohibition,prohibition,True,1.0,leave,True,
fresno_unified_school_district__fta_fresno_teachers_association_cba_2010_2012__6e67ecb0,FTA-Fresno-Teachers-Association_CBA_2010-2012.pdf,Fresno Unified School District,64,A Peace Corps leave of absence shall be granted to permit a bargaining unit member to accept an appointment to serve in the Peace Corps.,A Peace Corps leave of absence,management,worker,shall,False,passive,rights_passive,right,obligation,False,1.0,leave,True,
fresno_unified_school_district__fta_fresno_teachers_association_cba_2010_2012__6e67ecb0,FTA-Fresno-Teachers-Association_CBA_2010-2012.pdf,Fresno Unified School District,64,Formal request for a Peace Corps leave shall be made after acceptance by the Peace Corps and determination of probable dates of beginning and end of leave.,Formal request for a Peace Corps leave,worker,worker,shall,False,passive,plain,obligation,obligation,True,1.0,leave,True,
fresno_unified_school_district__fta_fresno_teachers_association_cba_2010_2012__6e67ecb0,FTA-Fresno-Teachers-Association_CBA_2010-2012.pdf,Fresno Unified School District,64,Leaves for service in the Peace Corps shall be considered for a period not to exceed two (2) years.,Leaves for service in the Peace Corps,management,management,shall,False,passive,plain,obligation,obligation,True,1.0,leave,True,
fresno_unified_school_district__fta_fresno_teachers_association_cba_2010_2012__6e67ecb0,FTA-Fresno-Teachers-Association_CBA_2010-2012.pdf,Fresno Unified School District,64,"When acceptable evidence of satisfactory Peace Corps service is presented, credit will be granted in the same manner as military service credit.",credit,management,worker,will,False,passive,rights_passive,right,obligation,False,0.9,compensation,True,
fresno_unified_school_district__fta_fresno_teachers_association_cba_2010_2012__6e67ecb0,FTA-Fresno-Teachers-Association_CBA_2010-2012.pdf,Fresno Unified School District,64,Service on a Peace Corps leave is not creditable for retirement purposes,Service on a Peace Corps leave,other,management,,True,active,plain,prohibition,prohibition,True,0.0,benefits,True,
fresno_unified_school_district__fta_fresno_teachers_association_cba_2010_2012__6e67ecb0,FTA-Fresno-Teachers-Association_CBA_2010-2012.pdf,Fresno Unified School District,64,no retirement contributions are required.,no retirement contributions,other,management,,True,active,plain,prohibition,prohibition,True,0.0,benefits,True,
fresno_unified_school_district__fta_fresno_teachers_association_cba_2010_2012__6e67ecb0,FTA-Fresno-Teachers-Association_CBA_2010-2012.pdf,Fresno Unified School District,64,Time spent on a Peace Corps leave will not count for sabbatical service requirement.,Time spent on a Peace Corps leave,other,management,will,True,active,plain,prohibition,prohibition,True,0.9,other,True,
fresno_unified_school_district__fta_fresno_teachers_association_cba_2010_2012__6e67ecb0,FTA-Fresno-Teachers-Association_CBA_2010-2012.pdf,Fresno Unified School District,64,"It will not, however, break the continuity of service.",It,other,worker,will,True,active,plain,prohibition,prohibition,True,0.9,seniority,True,
fresno_unified_school_district__fta_fresno_teachers_association_cba_2010_2012__6e67ecb0,FTA-Fresno-Teachers-Association_CBA_2010-2012.pdf,Fresno Unified School District,64,"No other benefits (vacation, accumulated illness, etc.) shall accrue during the period served on a Peace Corps leave.","No other benefits (vacation, accumulated illness, etc.)",other,management,shall,True,active,plain,prohibition,prohibition,True,1.0,benefits,True,
fresno_unified_school_district__fta_fresno_teachers_association_cba_2010_2012__6e67ecb0,FTA-Fresno-Teachers-Association_CBA_2010-2012.pdf,Fresno Unified School District,64,"After acceptance by the Peace Corps, request for leave should be filed with the Division of Human Resources/Labor Relations.",request for leave,worker,worker,should,False,passive,plain,obligation,obligation,True,0.7,leave,True,
fresno_unified_school_district__fta_fresno_teachers_association_cba_2010_2012__6e67ecb0,FTA-Fresno-Teachers-Association_CBA_2010-2012.pdf,Fresno Unified School District,65,"With prior notification to the principal, a unit member may use a maximum of two (2) days of personal business leave to be charged against the accumulated sick leave of the unit member.",a unit member,worker,worker,may,False,active,plain,permission,permission,True,0.3,leave,True,
fresno_unified_school_district__fta_fresno_teachers_association_cba_2010_2012__6e67ecb0,FTA-Fresno-Teachers-Association_CBA_2010-2012.pdf,Fresno Unified School District,65,"The days are to be part of the total of ten (10) days allowed pursuant to Article 30, Personal Necessity Leave.",The days,other,management,,False,active,plain,other,other,True,0.0,leave,True,Regulatory counting rule.
fresno_unified_school_district__fta_fresno_teachers_association_cba_2010_2012__6e67ecb0,FTA-Fresno-Teachers-Association_CBA_2010-2012.pdf,Fresno Unified School District,65,A request for a substitute must be made to the Division of Human Resources/Labor Relations as soon as possible [preferably at least ten (10) days in advance].,A request for a substitute,worker,worker,must,False,passive,plain,obligation,obligation,True,1.0,leave,True,
fresno_unified_school_district__fta_fresno_teachers_association_cba_2010_2012__6e67ecb0,FTA-Fresno-Teachers-Association_CBA_2010-2012.pdf,Fresno Unified School District,65,The Division of Human Resources/Labor Relations will confirm the request.,The Division of Human Resources/Labor Relations,management,worker,will,False,active,plain,obligation,obligation,True,0.9,leave,True,
fresno_unified_school_district__fta_fresno_teachers_association_cba_2010_2012__6e67ecb0,FTA-Fresno-Teachers-Association_CBA_2010-2012.pdf,Fresno Unified School District,65,the request may be denied.,the request,management,management,may,False,passive,plain,permission,permission,True,0.3,leave,True,Extracted main clause.
fresno_unified_school_district__fta_fresno_teachers_association_cba_2010_2012__6e67ecb0,FTA-Fresno-Teachers-Association_CBA_2010-2012.pdf,Fresno Unified School District,65,Principals may request that the Division of Human Resources/Labor Relations deny the leave on the basis that a condition exists under which it is a necessity that the teacher be on duty on that specific day.,Principals,management,management,may,False,active,plain,permission,permission,True,0.3,leave,True,
fresno_unified_school_district__fta_fresno_teachers_association_cba_2010_2012__6e67ecb0,FTA-Fresno-Teachers-Association_CBA_2010-2012.pdf,Fresno Unified School District,65,"Any days of leave of absence for illness or injury allowed for sick leave may be used by the bargaining unit member, at his/her election, upon prior approval, in cases of personal necessity or personal business leave.",Any days of leave of absence for illness or injury allowed for sick leave,worker,worker,may,False,passive,plain,permission,permission,True,0.3,leave,True,
fresno_unified_school_district__fta_fresno_teachers_association_cba_2010_2012__6e67ecb0,FTA-Fresno-Teachers-Association_CBA_2010-2012.pdf,Fresno Unified School District,65,Leave taken pursuant to this article shall be for an activity that cannot normally be taken care of after the regularly scheduled Duty Day.,Leave taken pursuant to this article,other,management,shall,False,active,plain,obligation,obligation,True,1.0,leave,True,
fresno_unified_school_district__fta_fresno_teachers_association_cba_2010_2012__6e67ecb0,FTA-Fresno-Teachers-Association_CBA_2010-2012.pdf,Fresno Unified School District,65,A maximum of ten (10) days of accumulated leave may be used in any school year for personal necessity.,A maximum of ten (10) days of accumulated leave,worker,worker,may,False,passive,plain,permission,permission,True,0.3,leave,True,
fresno_unified_school_district__fta_fresno_teachers_association_cba_2010_2012__6e67ecb0,FTA-Fresno-Teachers-Association_CBA_2010-2012.pdf,Fresno Unified School District,65,Three (3) of these days may be used to observe recognized religious holidays according to personal convictions.,Three (3) of these days,worker,worker,may,False,passive,plain,permission,permission,True,0.3,leave,True,
fresno_unified_school_district__fta_fresno_teachers_association_cba_2010_2012__6e67ecb0,FTA-Fresno-Teachers-Association_CBA_2010-2012.pdf,Fresno Unified School District,65,"Emergency or necessity leave may be granted to cover attendance at the funeral of a close relative but not included as a member of ""immediate family"" as def",Emergency or necessity leave,management,worker,may,False,passive,plain,permission,permission,True,0.3,leave,True,Truncated at end.
fresno_unified_school_district__fta_fresno_teachers_association_cba_2010_2012__6e67ecb0,FTA-Fresno-Teachers-Association_CBA_2010-2012.pdf,Fresno Unified School District,66,Emergency or necessity leave may be granted to cover attendance at the funeral of a close relative,Emergency or necessity leave,management,worker,may,False,passive,rights_passive,right,permission,False,0.3,leave,True,Split from conjunction 'but'; second clause is a fragment.
fresno_unified_school_district__fta_fresno_teachers_association_cba_2010_2012__6e67ecb0,FTA-Fresno-Teachers-Association_CBA_2010-2012.pdf,Fresno Unified School District,66,Emergency leave may also be granted for the funeral of a non-relative living in the immediate household.,Emergency leave,management,worker,may,False,passive,rights_passive,right,permission,False,0.3,leave,True,
fresno_unified_school_district__fta_fresno_teachers_association_cba_2010_2012__6e67ecb0,FTA-Fresno-Teachers-Association_CBA_2010-2012.pdf,Fresno Unified School District,66,In addition to this leave a member may take an additional six (6) days as permitted by Labor Code Section 233.,a member,worker,worker,may,False,active,plain,permission,permission,True,0.3,leave,True,Parenthetical referencing statutory permission.
fresno_unified_school_district__fta_fresno_teachers_association_cba_2010_2012__6e67ecb0,FTA-Fresno-Teachers-Association_CBA_2010-2012.pdf,Fresno Unified School District,66,"To the extent allowed by law, parents may take up to four hours leave for involvement in activities at their child's school.",parents,worker,worker,may,False,active,plain,permission,permission,True,0.3,leave,True,
fresno_unified_school_district__fta_fresno_teachers_association_cba_2010_2012__6e67ecb0,FTA-Fresno-Teachers-Association_CBA_2010-2012.pdf,Fresno Unified School District,66,Bargaining unit members will submit completed personal necessity leave request forms (T10A) in triplicate to their supervisor normally within three (3) working days prior to requesting the leave.,Bargaining unit members,worker,management,will,False,active,plain,obligation,obligation,True,0.9,leave,True,
fresno_unified_school_district__fta_fresno_teachers_association_cba_2010_2012__6e67ecb0,FTA-Fresno-Teachers-Association_CBA_2010-2012.pdf,Fresno Unified School District,66,Supervisors will verify the eligibility of the request for necessity leave,Supervisors,management,worker,will,False,active,plain,obligation,obligation,True,0.9,leave,True,Split from conjunction 'and'.
fresno_unified_school_district__fta_fresno_teachers_association_cba_2010_2012__6e67ecb0,FTA-Fresno-Teachers-Association_CBA_2010-2012.pdf,Fresno Unified School District,66,will make the appropriate recommendation on the leave form before forwarding it to the District Office.,(elliptical: Supervisors),management,worker,will,False,active,plain,obligation,obligation,True,0.9,leave,True,Elliptical subject.
fresno_unified_school_district__fta_fresno_teachers_association_cba_2010_2012__6e67ecb0,FTA-Fresno-Teachers-Association_CBA_2010-2012.pdf,Fresno Unified School District,66,One copy will be retained by the supervisor.,One copy,management,management,will,False,passive,plain,obligation,obligation,True,0.9,other,True,
fresno_unified_school_district__fta_fresno_teachers_association_cba_2010_2012__6e67ecb0,FTA-Fresno-Teachers-Association_CBA_2010-2012.pdf,Fresno Unified School District,66,"One copy of the request form, with the supervisor's recommendation and comments, will be returned to the bargaining unit member.","One copy of the request form, with the supervisor's recommendation and comments",management,worker,will,False,passive,plain,obligation,obligation,True,0.9,leave,True,
fresno_unified_school_district__fta_fresno_teachers_association_cba_2010_2012__6e67ecb0,FTA-Fresno-Teachers-Association_CBA_2010-2012.pdf,Fresno Unified School District,66,Advance permission must be obtained for personal leave,Advance permission,management,management,must,False,passive,plain,obligation,obligation,True,1.0,leave,True,Split from 'except that' clause.
fresno_unified_school_district__fta_fresno_teachers_association_cba_2010_2012__6e67ecb0,FTA-Fresno-Teachers-Association_CBA_2010-2012.pdf,Fresno Unified School District,66,the bargaining unit member shall not be required to secure advance permission for leave taken for any of the following reasons:,the bargaining unit member,worker,worker,shall,True,passive,obligation_verb,right,right,True,1.0,leave,True,
fresno_unified_school_district__fta_fresno_teachers_association_cba_2010_2012__6e67ecb0,FTA-Fresno-Teachers-Association_CBA_2010-2012.pdf,Fresno Unified School District,66,"However, bargaining unit members must submit completed personal necessity leave request forms in triplicate to their supervisor within five (5) working days after return to duty.",bargaining unit members,worker,management,must,False,active,plain,obligation,obligation,True,1.0,leave,True,
fresno_unified_school_district__fta_fresno_teachers_association_cba_2010_2012__6e67ecb0,FTA-Fresno-Teachers-Association_CBA_2010-2012.pdf,Fresno Unified School District,66,The supervisor will verify the eligibility of the request for necessity leave,The supervisor,management,worker,will,False,active,plain,obligation,obligation,True,0.9,leave,True,Split from conjunction 'and'.
fresno_unified_school_district__fta_fresno_teachers_association_cba_2010_2012__6e67ecb0,FTA-Fresno-Teachers-Association_CBA_2010-2012.pdf,Fresno Unified School District,68,the amount not taken shall be accumulated from year to year.,the amount not taken,other,worker,shall,False,passive,plain,obligation,obligation,True,1.0,leave,True,
fresno_unified_school_district__fta_fresno_teachers_association_cba_2010_2012__6e67ecb0,FTA-Fresno-Teachers-Association_CBA_2010-2012.pdf,Fresno Unified School District,68,No deduction from the salary shall be made until all accumulated sick leave has been used.,No deduction from the salary,management,worker,shall,True,passive,prohibition_verb,permission,prohibition,False,1.0,compensation,True,
fresno_unified_school_district__fta_fresno_teachers_association_cba_2010_2012__6e67ecb0,FTA-Fresno-Teachers-Association_CBA_2010-2012.pdf,Fresno Unified School District,68,"the amount deducted from the salary due him/her for any month in which the absence occurs shall not exceed the sum which is actually paid a substitute employee employed to fill his/her position during his/her absence, or if no substitute employee was employed, the amount which would have been paid to the substitute had he/she been employed.",the amount deducted from the salary due him/her for any month in which the absence occurs,other,worker,shall,True,active,plain,prohibition,prohibition,True,1.0,compensation,True,
fresno_unified_school_district__fta_fresno_teachers_association_cba_2010_2012__6e67ecb0,FTA-Fresno-Teachers-Association_CBA_2010-2012.pdf,Fresno Unified School District,68,"the bargaining unit member must be off work (not actually rendering service to the District) for purposes of caring for a seriously ill parent child, or spouse, due to their personal serious health condition.",the bargaining unit member,worker,management,must,False,active,obligation_verb,obligation,obligation,True,1.0,leave,True,
fresno_unified_school_district__fta_fresno_teachers_association_cba_2010_2012__6e67ecb0,FTA-Fresno-Teachers-Association_CBA_2010-2012.pdf,Fresno Unified School District,68,"Any bargaining unit member who is eligible to accumulate and use sick leave may receive transfers of sick leave credits, if the bargaining unit member has been found to meet the definition of catastrophically ill or injured.",Any bargaining unit member who is eligible to accumulate and use sick leave,worker,worker,may,False,active,permission_verb,permission,permission,True,0.3,leave,True,
fresno_unified_school_district__fta_fresno_teachers_association_cba_2010_2012__6e67ecb0,FTA-Fresno-Teachers-Association_CBA_2010-2012.pdf,Fresno Unified School District,68,The recipient must apply for sick leave transfer usage,The recipient,worker,management,must,False,active,obligation_verb,obligation,obligation,True,1.0,leave,True,
fresno_unified_school_district__fta_fresno_teachers_association_cba_2010_2012__6e67ecb0,FTA-Fresno-Teachers-Association_CBA_2010-2012.pdf,Fresno Unified School District,68,such application shall include medical reports ce,such application,other,management,shall,False,active,plain,obligation,obligation,True,1.0,leave,True,Truncated at end of chunk.
fresno_unified_school_district__fta_fresno_teachers_association_cba_2010_2012__6e67ecb0,FTA-Fresno-Teachers-Association_CBA_2010-2012.pdf,Fresno Unified School District,69,such application shall include medical reports certifying the nature of the illness/injury.,such application,other,management,shall,False,active,plain,obligation,obligation,True,1.0,leave,True,Inanimate subject; application does not act.
fresno_unified_school_district__fta_fresno_teachers_association_cba_2010_2012__6e67ecb0,FTA-Fresno-Teachers-Association_CBA_2010-2012.pdf,Fresno Unified School District,69,The transferring bargaining unit member must retain a minimum of 8 days for daily-rate bargaining unit members or 64 hours for hourly-rate bargaining unit members of sick leave for his/her own personal use;,The transferring bargaining unit member,worker,management,must,False,active,plain,obligation,obligation,True,1.0,leave,True,
fresno_unified_school_district__fta_fresno_teachers_association_cba_2010_2012__6e67ecb0,FTA-Fresno-Teachers-Association_CBA_2010-2012.pdf,Fresno Unified School District,69,Transfers must be a minimum of an employee's total workday hours and in hour increments thereafter,Transfers,other,management,must,False,active,plain,obligation,obligation,True,1.0,leave,True,Inanimate subject; parenthetical definition omitted.
fresno_unified_school_district__fta_fresno_teachers_association_cba_2010_2012__6e67ecb0,FTA-Fresno-Teachers-Association_CBA_2010-2012.pdf,Fresno Unified School District,69,All transfers are irrevocable;,All transfers,other,management,,False,active,plain,other,other,True,0.0,leave,True,Descriptive/status clause.
fresno_unified_school_district__fta_fresno_teachers_association_cba_2010_2012__6e67ecb0,FTA-Fresno-Teachers-Association_CBA_2010-2012.pdf,Fresno Unified School District,69,The transferring bargaining unit member may transfer a maximum of 5 days for daily-rate bargaining unit members and 40 hours for hourly-rate bargaining unit members per year;,The transferring bargaining unit member,worker,management,may,False,active,plain,permission,permission,True,0.3,leave,True,
fresno_unified_school_district__fta_fresno_teachers_association_cba_2010_2012__6e67ecb0,FTA-Fresno-Teachers-Association_CBA_2010-2012.pdf,Fresno Unified School District,69,Neither the transferring bargaining unit member nor the designated recipient may be in violation of subsection I.,Neither the transferring bargaining unit member nor the designated recipient,worker,management,may,True,active,plain,prohibition,prohibition,True,0.3,other,True,"""Neither... nor"" subject triggers negation."
fresno_unified_school_district__fta_fresno_teachers_association_cba_2010_2012__6e67ecb0,FTA-Fresno-Teachers-Association_CBA_2010-2012.pdf,Fresno Unified School District,69,the days are returned to the bargaining unit member making the donation.,the days,management,worker,,False,passive,rights_passive,right,right,True,0.85,leave,True,Passive voice; implicit agent is district administration.
fresno_unified_school_district__fta_fresno_teachers_association_cba_2010_2012__6e67ecb0,FTA-Fresno-Teachers-Association_CBA_2010-2012.pdf,Fresno Unified School District,69,"Should the recipient of sick leave transfer accrue any other leave credits as a result of receiving the transferred leave, such credits will be used prior to the use of additional transferred leave credits thereby continuing to exhaust any accruals.",such credits,management,management,will,False,passive,plain,obligation,obligation,True,0.9,leave,True,Passive voice; implicit agent is district administration.
fresno_unified_school_district__fta_fresno_teachers_association_cba_2010_2012__6e67ecb0,FTA-Fresno-Teachers-Association_CBA_2010-2012.pdf,Fresno Unified School District,69,A bargaining unit member must complete a prescribed application form and return it to the Human Resources/Labor Relations Department together with supporting medical documentation.,A bargaining unit member,worker,management,must,False,active,plain,obligation,obligation,True,1.0,leave,True,
fresno_unified_school_district__fta_fresno_teachers_association_cba_2010_2012__6e67ecb0,FTA-Fresno-Teachers-Association_CBA_2010-2012.pdf,Fresno Unified School District,69,Applications shall be available in sufficient quantities at work sites.,Applications,other,worker,shall,False,active,plain,obligation,obligation,True,1.0,leave,True,Inanimate subject.
fresno_unified_school_district__fta_fresno_teachers_association_cba_2010_2012__6e67ecb0,FTA-Fresno-Teachers-Association_CBA_2010-2012.pdf,Fresno Unified School District,70,The Human Resources/Labor Relations Department shall review these materials to render the decision as to whether or not the illness/injury meets the definition of catastrophic illness/injury in subsection A.,The Human Resources/Labor Relations Department,management,worker,shall,False,active,plain,obligation,obligation,True,1.0,benefits,True,
fresno_unified_school_district__fta_fresno_teachers_association_cba_2010_2012__6e67ecb0,FTA-Fresno-Teachers-Association_CBA_2010-2012.pdf,Fresno Unified School District,70,The Human Resources/Relations Department may seek additional documentation and/or ask the applicant to submit to examination by a physician that it designates to determine in fact that the applicant does suffer from a catastrophic illness/injury within the meaning of these rules.,The Human Resources/Relations Department,management,management,may,False,active,plain,permission,permission,True,0.3,benefits,True,
fresno_unified_school_district__fta_fresno_teachers_association_cba_2010_2012__6e67ecb0,FTA-Fresno-Teachers-Association_CBA_2010-2012.pdf,Fresno Unified School District,70,A bargaining unit member's failure to comply with these requirements may be grounds for rejection of the application,A bargaining unit member's failure to comply with these requirements,other,management,may,False,active,plain,permission,permission,True,0.3,benefits,True,Truncated at end of chunk.
fresno_unified_school_district__fta_fresno_teachers_association_cba_2010_2012__6e67ecb0,FTA-Fresno-Teachers-Association_CBA_2010-2012.pdf,Fresno Unified School District,70,a bargaining unit member who has been determined to be catastrophically ill/injured may be required (1) to submit to specified examination and/or (2) to supply further documentation of current medical status as is necessary,a bargaining unit member who has been determined to be catastrophically ill/injured,management,management,may,False,passive,obligation_verb,obligation,obligation,True,0.3,benefits,True,
fresno_unified_school_district__fta_fresno_teachers_association_cba_2010_2012__6e67ecb0,FTA-Fresno-Teachers-Association_CBA_2010-2012.pdf,Fresno Unified School District,70,such requests shall not be made for the purpose of harassing said bargaining unit member.,such requests,management,worker,shall,True,passive,prohibition_verb,permission,prohibition,False,1.0,benefits,True,
fresno_unified_school_district__fta_fresno_teachers_association_cba_2010_2012__6e67ecb0,FTA-Fresno-Teachers-Association_CBA_2010-2012.pdf,Fresno Unified School District,70,the bargaining unit member shall have the right to appeal the decision to the Board of Education.,the bargaining unit member,worker,worker,shall,False,active,rights_active,right,right,True,1.0,benefits,True,Extracted main operative clause following conditional clause.
fresno_unified_school_district__fta_fresno_teachers_association_cba_2010_2012__6e67ecb0,FTA-Fresno-Teachers-Association_CBA_2010-2012.pdf,Fresno Unified School District,70,The Human Resources/Labor Relations Department will automatically provide the bargaining unit member with the written reasons for denial and the procedure for appeal.,The Human Resources/Labor Relations Department,management,worker,will,False,active,plain,obligation,obligation,True,0.9,benefits,True,
fresno_unified_school_district__fta_fresno_teachers_association_cba_2010_2012__6e67ecb0,FTA-Fresno-Teachers-Association_CBA_2010-2012.pdf,Fresno Unified School District,70,The Human Resources/Labor Relations Department shall assign an exclusive number to each catastrophically ill/injured bargaining unit member deemed eligible to receive sick leave transfer under this program;,The Human Resources/Labor Relations Department,management,worker,shall,False,active,plain,obligation,obligation,True,1.0,benefits,True,
fresno_unified_school_district__fta_fresno_teachers_association_cba_2010_2012__6e67ecb0,FTA-Fresno-Teachers-Association_CBA_2010-2012.pdf,Fresno Unified School District,70,"The Human Resources/Labor Relations Department shall maintain a running list of catastrophically ill/injured bargaining unit members, to be identified only by their special numbers, in order to let transferring bargaining unit members designate their recipient;",The Human Resources/Labor Relations Department,management,worker,shall,False,active,plain,obligation,obligation,True,1.0,benefits,True,
fresno_unified_school_district__fta_fresno_teachers_association_cba_2010_2012__6e67ecb0,FTA-Fresno-Teachers-Association_CBA_2010-2012.pdf,Fresno Unified School District,70,the Human Resources/Labor Relations Department and its designees shall shield and protect the identities of catastrophically ill/injured bargaining unit members and the right of employees/workers to confidentiality protection;,the Human Resources/Labor Relations Department and its designees,management,worker,shall,False,active,plain,obligation,obligation,True,1.0,benefits,True,
fresno_unified_school_district__fta_fresno_teachers_association_cba_2010_2012__6e67ecb0,FTA-Fresno-Teachers-Association_CBA_2010-2012.pdf,Fresno Unified School District,70,Eligible recipients may identify themselves with the case number if they choose so that donors will have the information for designating a recipient.,Eligible recipients,worker,worker,may,False,active,plain,permission,permission,True,0.3,benefits,True,
fresno_unified_school_district__fta_fresno_teachers_association_cba_2010_2012__6e67ecb0,FTA-Fresno-Teachers-Association_CBA_2010-2012.pdf,Fresno Unified School District,70,Bargaining unit members wishing to donate sick leave shall complete a donation form designating the case number of the catastrophically ill/injured bargaining unit member and the number of days/hours they intend to donate.,Bargaining unit members wishing to donate sick leave,worker,worker,shall,False,active,plain,obligation,obligation,True,1.0,benefits,True,
fresno_unified_school_district__fta_fresno_teachers_association_cba_2010_2012__6e67ecb0,FTA-Fresno-Teachers-Association_CBA_2010-2012.pdf,Fresno Unified School District,70,The Human Resources/Labor Relations Department shall receive these forms and develop a list of donors in order of receipt of the forms.,The Human Resources/Labor Relations Department,management,worker,shall,False,active,plain,obligation,obligation,True,1.0,benefits,True,
fresno_unified_school_district__fta_fresno_teachers_association_cba_2010_2012__6e67ecb0,FTA-Fresno-Teachers-Association_CBA_2010-2012.pdf,Fresno Unified School District,71,Forms received on the same date will be listed in order of opening and listing the donor.,Forms received on the same date,management,worker,will,False,passive,plain,obligation,obligation,True,0.9,benefits,True,
fresno_unified_school_district__fta_fresno_teachers_association_cba_2010_2012__6e67ecb0,FTA-Fresno-Teachers-Association_CBA_2010-2012.pdf,Fresno Unified School District,71,The list of intended donors as well as the list of actual donors will remain confidential information of the Human Resources/Labor Relations Department and the Payroll Department.,The list of intended donors as well as the list of actual donors,other,worker,will,False,active,plain,obligation,obligation,True,0.9,benefits,True,
fresno_unified_school_district__fta_fresno_teachers_association_cba_2010_2012__6e67ecb0,FTA-Fresno-Teachers-Association_CBA_2010-2012.pdf,Fresno Unified School District,71,The Human Resources/Labor Relations Department will request from Payroll an accounting of the amount of sick leave credit needed by a catastrophically ill/injured bargaining unit member to enable them to have a full paycheck after all other leave has been used in a given pay period.,The Human Resources/Labor Relations Department,management,worker,will,False,active,plain,obligation,obligation,True,0.9,benefits,True,
fresno_unified_school_district__fta_fresno_teachers_association_cba_2010_2012__6e67ecb0,FTA-Fresno-Teachers-Association_CBA_2010-2012.pdf,Fresno Unified School District,71,Human Resources/Labor Relations Department will then start at the top of the list of donors and stop when enough hours have been accumulated for that pay period.,Human Resources/Labor Relations Department,management,worker,will,False,active,plain,obligation,obligation,True,0.9,benefits,True,
fresno_unified_school_district__fta_fresno_teachers_association_cba_2010_2012__6e67ecb0,FTA-Fresno-Teachers-Association_CBA_2010-2012.pdf,Fresno Unified School District,71,Payroll will be notified to transfer the sick leave from the donors to the recipient.,Payroll,management,worker,will,False,passive,plain,obligation,obligation,True,0.9,benefits,True,
fresno_unified_school_district__fta_fresno_teachers_association_cba_2010_2012__6e67ecb0,FTA-Fresno-Teachers-Association_CBA_2010-2012.pdf,Fresno Unified School District,71,"The process will continue with each new pay period until the individual returns, reaches the maximum in days/hours within fiscal year, or otherwise relinquishes his/her eligibility.",The process,other,worker,will,False,active,plain,obligation,other,False,0.9,benefits,True,
fresno_unified_school_district__fta_fresno_teachers_association_cba_2010_2012__6e67ecb0,FTA-Fresno-Teachers-Association_CBA_2010-2012.pdf,Fresno Unified School District,71,All hours transferred shall be credited as sick leave for the receiving bargaining unit member.,All hours transferred,management,worker,shall,False,passive,rights_passive,right,right,True,1.0,benefits,True,
fresno_unified_school_district__fta_fresno_teachers_association_cba_2010_2012__6e67ecb0,FTA-Fresno-Teachers-Association_CBA_2010-2012.pdf,Fresno Unified School District,71,"As they are used, they shall be treated as use of the of the bargaining unit members own sick leave for all purposes including, continued accrual of vacation credits, sick leave, retirement service; service for pay increments; eligibility of holiday pay.",they,management,worker,shall,False,passive,plain,obligation,obligation,True,1.0,benefits,True,
fresno_unified_school_district__fta_fresno_teachers_association_cba_2010_2012__6e67ecb0,FTA-Fresno-Teachers-Association_CBA_2010-2012.pdf,Fresno Unified School District,71,"At the beginning of each pay period, a catastrophically ill/injured bargaining unit member must use all sick leave and vacation credits accrued during previous pay period before hours will be transferred.",a catastrophically ill/injured bargaining unit member,worker,management,must,False,active,obligation_verb,obligation,obligation,True,1.0,benefits,True,
fresno_unified_school_district__fta_fresno_teachers_association_cba_2010_2012__6e67ecb0,FTA-Fresno-Teachers-Association_CBA_2010-2012.pdf,Fresno Unified School District,71,A bargaining unit member who has been determined catastrophically ill/injured may use transferred hours from the date of certification of eligibility back to the date of application.,A bargaining unit member who has been determined catastrophically ill/injured,worker,worker,may,False,active,permission_verb,permission,permission,True,0.3,benefits,True,
fresno_unified_school_district__fta_fresno_teachers_association_cba_2010_2012__6e67ecb0,FTA-Fresno-Teachers-Association_CBA_2010-2012.pdf,Fresno Unified School District,71,"A receiving bargaining unit member may use transferred credits in a pay period to the extent that when combined with other compensation from the District and all other benefits from public sources, the total does not exceed the pay for 100% of the bargaining unit member's regularly scheduled hours for such pay period (excluding regularly scheduled overtime and premium pay).",A receiving bargaining unit member,worker,worker,may,False,active,permission_verb,permission,permission,True,0.3,benefits,True,
fresno_unified_school_district__fta_fresno_teachers_association_cba_2010_2012__6e67ecb0,FTA-Fresno-Teachers-Association_CBA_2010-2012.pdf,Fresno Unified School District,71,A receiving bargaining unit member may be required to provide financial records to prove compliance with this subsection.,A receiving bargaining unit member,management,management,may,False,passive,obligation_verb,obligation,obligation,True,0.3,benefits,True,
fresno_unified_school_district__fta_fresno_teachers_association_cba_2010_2012__6e67ecb0,FTA-Fresno-Teachers-Association_CBA_2010-2012.pdf,Fresno Unified School District,71,Failure to provide such records is grounds for exclusion from eligibility to receive sick leave transfers pursuant to this program.,Failure to provide such records,other,management,,False,active,plain,other,other,True,0.0,benefits,True,
fresno_unified_school_district__fta_fresno_teachers_association_cba_2010_2012__6e67ecb0,FTA-Fresno-Teachers-Association_CBA_2010-2012.pdf,Fresno Unified School District,71,The maximum amount of sick leave that can be transferred to an bargaining unit member for any single catastrophic illness/ injury is 75 days for daily-rate bargaining unit members and 600 hours for hourly-rate bargaining unit members.,The maximum amount of sick leave that can be transferred to an bargaining unit member for any single catastrophic illness/ injury,other,management,can,False,active,plain,permission,other,False,0.3,benefits,True,
fresno_unified_school_district__fta_fresno_teachers_association_cba_2010_2012__6e67ecb0,FTA-Fresno-Teachers-Association_CBA_2010-2012.pdf,Fresno Unified School District,72,"No individual shall directly or indirectly solicit the receipt of, or accept, any compensation in full or partial exchange directly or indirectly, for sick leave credits to be transferred pursuant to this program.",No individual,other,worker,shall,True,active,plain,prohibition,prohibition,True,1.0,benefits,True,
fresno_unified_school_district__fta_fresno_teachers_association_cba_2010_2012__6e67ecb0,FTA-Fresno-Teachers-Association_CBA_2010-2012.pdf,Fresno Unified School District,72,"No individual shall solicit the receipt of, or accept, the transfer of any sick leave pursuant to this section in full or partial exchange, directly or indirectly, for any compensation.",No individual,other,worker,shall,True,active,plain,prohibition,prohibition,True,1.0,benefits,True,
fresno_unified_school_district__fta_fresno_teachers_association_cba_2010_2012__6e67ecb0,FTA-Fresno-Teachers-Association_CBA_2010-2012.pdf,Fresno Unified School District,72,No individual shall threaten or in any way attempt to coerce an bargaining unit member with respect to transfer of sick leave pursuant to this program.,No individual,other,worker,shall,True,active,plain,prohibition,prohibition,True,1.0,benefits,True,
fresno_unified_school_district__fta_fresno_teachers_association_cba_2010_2012__6e67ecb0,FTA-Fresno-Teachers-Association_CBA_2010-2012.pdf,Fresno Unified School District,72,Study leaves shall be granted for no more than one year at a time.,Study leaves,other,management,shall,False,passive,rights_passive,right,obligation,False,1.0,leave,True,
fresno_unified_school_district__fta_fresno_teachers_association_cba_2010_2012__6e67ecb0,FTA-Fresno-Teachers-Association_CBA_2010-2012.pdf,Fresno Unified School District,72,"If recommended by the Superintendent, an additional year may be granted.",an additional year,management,management,may,False,passive,rights_passive,right,permission,False,0.3,leave,True,
fresno_unified_school_district__fta_fresno_teachers_association_cba_2010_2012__6e67ecb0,FTA-Fresno-Teachers-Association_CBA_2010-2012.pdf,Fresno Unified School District,72,Bargaining unit members must complete at least six units during the year of study leave in order to maintain eligibility for annual service increments.,Bargaining unit members,worker,management,must,False,active,plain,obligation,obligation,True,1.0,leave,True,
fresno_unified_school_district__fta_fresno_teachers_association_cba_2010_2012__6e67ecb0,FTA-Fresno-Teachers-Association_CBA_2010-2012.pdf,Fresno Unified School District,72,"For part-time study leaves or full time study leaves shorter than a school year in duration, the number of units required shall be equitably prorated.",the number of units required,other,worker,shall,False,passive,plain,obligation,obligation,True,1.0,leave,True,
fresno_unified_school_district__fta_fresno_teachers_association_cba_2010_2012__6e67ecb0,FTA-Fresno-Teachers-Association_CBA_2010-2012.pdf,Fresno Unified School District,72,Absence that is determined to constitute unauthorized leave may result in the initiation of such disciplinary action as may be deemed appropriate.,Absence that is determined to constitute unauthorized leave,other,management,may,False,active,plain,permission,permission,True,0.3,discipline,True,
fresno_unified_school_district__fta_fresno_teachers_association_cba_2010_2012__6e67ecb0,FTA-Fresno-Teachers-Association_CBA_2010-2012.pdf,Fresno Unified School District,72,The Superintendent or the supervisor of the bargaining unit member may require a physician's or other verification as to an employee's claimed reason for absence in any situation in which it is believed that no valid grounds exist for the bargaining unit member's claim for absence.,The Superintendent or the supervisor of the bargaining unit member,management,management,may,False,active,plain,permission,permission,True,0.3,leave,True,
fresno_unified_school_district__fta_fresno_teachers_association_cba_2010_2012__6e67ecb0,FTA-Fresno-Teachers-Association_CBA_2010-2012.pdf,Fresno Unified School District,72,Such verification shall be made within five (5) days of the absence.,Such verification,other,management,shall,False,passive,plain,obligation,obligation,True,1.0,leave,True,
fresno_unified_school_district__fta_fresno_teachers_association_cba_2010_2012__6e67ecb0,FTA-Fresno-Teachers-Association_CBA_2010-2012.pdf,Fresno Unified School District,72,"Unit members who are required to use their personal automobile in order to carry out their regularly assigned duties, or for other District-approved travel, shall be reimbursed at the maximum allowable rate established by the Internal Revenue Service.","Unit members who are required to use their personal automobile in order to carry out their regularly assigned duties, or for other District-approved travel",worker,worker,shall,False,passive,rights_passive,right,right,True,1.0,compensation,True,
fresno_unified_school_district__fta_fresno_teachers_association_cba_2010_2012__6e67ecb0,FTA-Fresno-Teachers-Association_CBA_2010-2012.pdf,Fresno Unified School District,73,The District reserves the option to establish even monthly rates for those unit members whose assignment results in a predictable amount of miles per month.,The District,management,management,,False,active,plain,other,right,False,0.0,compensation,True,
fresno_unified_school_district__fta_fresno_teachers_association_cba_2010_2012__6e67ecb0,FTA-Fresno-Teachers-Association_CBA_2010-2012.pdf,Fresno Unified School District,73,Such rates shall be established by multiplying the monthly mileage totals by the appropriate mileage allowance.,Such rates,management,worker,shall,False,passive,plain,obligation,obligation,True,1.0,compensation,True,
fresno_unified_school_district__fta_fresno_teachers_association_cba_2010_2012__6e67ecb0,FTA-Fresno-Teachers-Association_CBA_2010-2012.pdf,Fresno Unified School District,73,Any individual contracts between the Board of Education and an individual bargaining unit member heretofore executed shall be subject to and consistent with the terms and conditions of this Agreement.,Any individual contracts between the Board of Education and an individual bargaining unit member heretofore executed,other,worker,shall,False,active,plain,obligation,obligation,True,1.0,other,True,
fresno_unified_school_district__fta_fresno_teachers_association_cba_2010_2012__6e67ecb0,FTA-Fresno-Teachers-Association_CBA_2010-2012.pdf,Fresno Unified School District,73,"This Agreement shall supersede any rules, regulations or practices of the District which are, or may in the future be, contrary to or inconsistent with its terms.",This Agreement,other,worker,shall,False,active,plain,obligation,obligation,True,1.0,other,True,
fresno_unified_school_district__fta_fresno_teachers_association_cba_2010_2012__6e67ecb0,FTA-Fresno-Teachers-Association_CBA_2010-2012.pdf,Fresno Unified School District,73,"Within sixty (60) days of ratification of the Agreement by both parties herein, the Board of Education shall have copies prepared for distribution to all bargaining members in the District, and 10 copies for the Association.",the Board of Education,management,worker,shall,False,active,plain,obligation,obligation,True,1.0,other,True,
fresno_unified_school_district__fta_fresno_teachers_association_cba_2010_2012__6e67ecb0,FTA-Fresno-Teachers-Association_CBA_2010-2012.pdf,Fresno Unified School District,73,Rules which are designed to implement this Agreement shall be appropriate and consistent in application and effect.,Rules which are designed to implement this Agreement,other,worker,shall,False,active,plain,obligation,obligation,True,1.0,other,True,
fresno_unified_school_district__fta_fresno_teachers_association_cba_2010_2012__6e67ecb0,FTA-Fresno-Teachers-Association_CBA_2010-2012.pdf,Fresno Unified School District,73,A bargaining unit member's notification to the Board of Education that he/she intends to resign shall remain revocable until such time as the Board of Education officially takes action on such notification.,A bargaining unit member's notification to the Board of Education that he/she intends to resign,other,worker,shall,False,active,plain,obligation,right,False,1.0,other,True,
fresno_unified_school_district__fta_fresno_teachers_association_cba_2010_2012__6e67ecb0,FTA-Fresno-Teachers-Association_CBA_2010-2012.pdf,Fresno Unified School District,73,The provisions of this article do not prohibit changes in District policy or practice which comply with the substantive provisions of this Agreement.,The provisions of this article,other,management,,True,active,plain,prohibition,other,False,0.0,other,True,
fresno_unified_school_district__fta_fresno_teachers_association_cba_2010_2012__6e67ecb0,FTA-Fresno-Teachers-Association_CBA_2010-2012.pdf,Fresno Unified School District,73,"On April 15 or the week thereafter of the calendar year in which this Agreement expires, both parties shall begin to meet and negotiate in good faith on negotiable items for the following budget year.",both parties,other,worker,shall,False,active,plain,obligation,obligation,True,1.0,other,True,
fresno_unified_school_district__fta_fresno_teachers_association_cba_2010_2012__6e67ecb0,FTA-Fresno-Teachers-Association_CBA_2010-2012.pdf,Fresno Unified School District,73,Any agreement reached between the parties shall be reduced to writing and signed by them.,Any agreement reached between the parties,other,worker,shall,False,passive,plain,obligation,obligation,True,1.0,other,True,
fresno_unified_school_district__fta_fresno_teachers_association_cba_2010_2012__6e67ecb0,FTA-Fresno-Teachers-Association_CBA_2010-2012.pdf,Fresno Unified School District,73,"The Board of Education and the Association may discharge their respective duties required by this Agreement by means of authorized officers, individual repres",The Board of Education and the Association,other,worker,may,False,active,plain,permission,permission,True,0.3,other,True,Truncated at end of chunk.
fresno_unified_school_district__fta_fresno_teachers_association_cba_2010_2012__6e67ecb0,FTA-Fresno-Teachers-Association_CBA_2010-2012.pdf,Fresno Unified School District,75,Application forms and oral interview procedures shall not refer to membership in or preferences for employee organizations.,Application forms and oral interview procedures,other,worker,shall,True,active,plain,prohibition,prohibition,True,1.0,other,True,
fresno_unified_school_district__fta_fresno_teachers_association_cba_2010_2012__6e67ecb0,FTA-Fresno-Teachers-Association_CBA_2010-2012.pdf,Fresno Unified School District,75,"District will comply with State and Federal laws/regulations regarding non-discrimination, sexual harassment, Americans with Disabilities Act, and Family Care and Medical Leave Act.",District,management,worker,will,False,active,plain,obligation,obligation,True,0.9,safety_and_working_conditions,True,
fresno_unified_school_district__fta_fresno_teachers_association_cba_2010_2012__6e67ecb0,FTA-Fresno-Teachers-Association_CBA_2010-2012.pdf,Fresno Unified School District,75,"The District shall exert all reasonable effort to employ substitute teachers in the event a regularly employed teacher is absent for reasons of illness, bereavement and other short leaves of absence.",The District,management,worker,shall,False,active,plain,obligation,obligation,True,1.0,leave,True,
fresno_unified_school_district__fta_fresno_teachers_association_cba_2010_2012__6e67ecb0,FTA-Fresno-Teachers-Association_CBA_2010-2012.pdf,Fresno Unified School District,75,Teachers shall not be required to obtain or release substitutes.,Teachers,management,worker,shall,True,passive,obligation_verb,right,right,True,1.0,leave,True,
fresno_unified_school_district__fta_fresno_teachers_association_cba_2010_2012__6e67ecb0,FTA-Fresno-Teachers-Association_CBA_2010-2012.pdf,Fresno Unified School District,75,The regular teacher will notify the District of his/her dates of absence and return in accordance with District established absence procedures.,The regular teacher,worker,management,will,False,active,plain,obligation,obligation,True,0.9,leave,True,
fresno_unified_school_district__fta_fresno_teachers_association_cba_2010_2012__6e67ecb0,FTA-Fresno-Teachers-Association_CBA_2010-2012.pdf,Fresno Unified School District,75,The District may require teachers to cover classes for other teachers in case of emergencies.,The District,management,management,may,False,active,plain,permission,permission,True,0.3,workload,True,
fresno_unified_school_district__fta_fresno_teachers_association_cba_2010_2012__6e67ecb0,FTA-Fresno-Teachers-Association_CBA_2010-2012.pdf,Fresno Unified School District,75,that teacher shall receive compensatory time.,that teacher,worker,worker,shall,False,active,rights_active,right,right,True,1.0,leave,True,
fresno_unified_school_district__fta_fresno_teachers_association_cba_2010_2012__6e67ecb0,FTA-Fresno-Teachers-Association_CBA_2010-2012.pdf,Fresno Unified School District,75,the classroom teacher must pay substitute costs and receive clearance from the site administrator.,the classroom teacher,worker,management,must,False,active,plain,obligation,obligation,True,1.0,other,True,
fresno_unified_school_district__fta_fresno_teachers_association_cba_2010_2012__6e67ecb0,FTA-Fresno-Teachers-Association_CBA_2010-2012.pdf,Fresno Unified School District,75,Part-time contracts are determined in relationship to the assignment.,Part-time contracts,other,worker,,False,passive,plain,other,other,True,0.0,other,True,
fresno_unified_school_district__fta_fresno_teachers_association_cba_2010_2012__6e67ecb0,FTA-Fresno-Teachers-Association_CBA_2010-2012.pdf,Fresno Unified School District,75,Bargaining unit members (other than Adult School) continuing on a part-time contract may earn tenure as part-time employees in accordance with appropriate provisions of the California Education Code.,Bargaining unit members (other than Adult School) continuing on a part-time contract,worker,worker,may,False,active,rights_active,right,right,True,0.3,job_security,True,
fresno_unified_school_district__fta_fresno_teachers_association_cba_2010_2012__6e67ecb0,FTA-Fresno-Teachers-Association_CBA_2010-2012.pdf,Fresno Unified School District,75,those bargaining unit members then become full-time tenured employees.,those bargaining unit members,worker,worker,,False,active,plain,other,other,True,0.0,job_security,True,
fresno_unified_school_district__fta_fresno_teachers_association_cba_2010_2012__6e67ecb0,FTA-Fresno-Teachers-Association_CBA_2010-2012.pdf,Fresno Unified School District,75,Contract part-time bargaining unit members shall be provided with contracts which call for both remuneration and the assignment of duties which are proportionate in all respects except fringe benefits to the remuneration and assignment of duties generally prevailing for full-time bargaining unit members in the District.,Contract part-time bargaining unit members,management,worker,shall,False,passive,rights_passive,right,right,True,1.0,compensation,True,
fresno_unified_school_district__fta_fresno_teachers_association_cba_2010_2012__6e67ecb0,FTA-Fresno-Teachers-Association_CBA_2010-2012.pdf,Fresno Unified School District,75,"This provision shall apply to number of class sections assigned, planning and Duty Day, student counseling responsibilities, extra classroom duty time, extracurricular requirements and all other duties assigned to any particular part-time bargaining unit member.",This provision,other,worker,shall,False,active,plain,obligation,obligation,True,1.0,workload,True,
fresno_unified_school_district__fta_fresno_teachers_association_cba_2010_2012__6e67ecb0,FTA-Fresno-Teachers-Association_CBA_2010-2012.pdf,Fresno Unified School District,75,Contracts for part-time bargaining unit members shall provide for employees to serve on the basis of remuneration and assigned duties amounting to a direct relationship to the primary duty and the prorated additional responsibilities and assignments as full-time employees serving in like assignments.,Contracts for part-time bargaining unit members,other,worker,shall,False,active,plain,obligation,obligation,True,1.0,compensation,True,
fresno_unified_school_district__fta_fresno_teachers_association_cba_2010_2012__6e67ecb0,FTA-Fresno-Teachers-Association_CBA_2010-2012.pdf,Fresno Unified School District,75,Bargaining unit members serving on a 50 percent (50%) or more contract shall receive fringe benefits equal to those received by full-time bargaining unit members.,Bargaining unit members serving on a 50 percent (50%) or more contract,worker,worker,shall,False,active,rights_active,right,right,True,1.0,benefits,True,
fresno_unified_school_district__fta_fresno_teachers_association_cba_2010_2012__6e67ecb0,FTA-Fresno-Teachers-Association_CBA_2010-2012.pdf,Fresno Unified School District,76,"Bargaining unit members serving on less than a fifty percent (50%) contract shall be entitled to none of the fringe benefits received by full-time bargaining unit members, except as required by law.",Bargaining unit members serving on less than a fifty percent (50%) contract,worker,management,shall,True,active,rights_passive,other,other,True,0.0,benefits,True,
fresno_unified_school_district__fta_fresno_teachers_association_cba_2010_2012__6e67ecb0,FTA-Fresno-Teachers-Association_CBA_2010-2012.pdf,Fresno Unified School District,76,Effort shall be made by the District to provide that the assignments of bargaining unit members shall fill a continuous block of time during each day.,Effort,management,worker,shall,False,passive,plain,obligation,obligation,True,1.0,workload,True,
fresno_unified_school_district__fta_fresno_teachers_association_cba_2010_2012__6e67ecb0,FTA-Fresno-Teachers-Association_CBA_2010-2012.pdf,Fresno Unified School District,76,The District shall maintain bargaining unit members' personnel files at the District's Central Office.,The District,management,worker,shall,False,active,plain,obligation,obligation,True,1.0,other,True,
fresno_unified_school_district__fta_fresno_teachers_association_cba_2010_2012__6e67ecb0,FTA-Fresno-Teachers-Association_CBA_2010-2012.pdf,Fresno Unified School District,76,The person or persons who draft and/or place material relevant to the assessment of performance in a bargaining unit member's personnel file shall sign the material,The person or persons who draft and/or place material relevant to the assessment of performance in a bargaining unit member's personnel file,management,worker,shall,False,active,plain,obligation,obligation,True,1.0,evaluation,True,
fresno_unified_school_district__fta_fresno_teachers_association_cba_2010_2012__6e67ecb0,FTA-Fresno-Teachers-Association_CBA_2010-2012.pdf,Fresno Unified School District,76,and signify the date on which such material was drafted.,The person or persons who draft and/or place material relevant to the assessment of performance in a bargaining unit member's personnel file,management,worker,shall,False,active,plain,obligation,obligation,True,1.0,evaluation,True,
fresno_unified_school_district__fta_fresno_teachers_association_cba_2010_2012__6e67ecb0,FTA-Fresno-Teachers-Association_CBA_2010-2012.pdf,Fresno Unified School District,76,Such material must be placed in the bargaining unit member's personnel file within a reasonable time after the circumstances giving rise to the material were known.,Such material,management,worker,must,False,passive,plain,obligation,obligation,True,1.0,evaluation,True,
fresno_unified_school_district__fta_fresno_teachers_association_cba_2010_2012__6e67ecb0,FTA-Fresno-Teachers-Association_CBA_2010-2012.pdf,Fresno Unified School District,76,"Access to personnel files shall be limited to the members of management on a regular, need-to-know basis",Access to personnel files,management,worker,shall,False,passive,plain,obligation,obligation,True,1.0,other,True,
fresno_unified_school_district__fta_fresno_teachers_association_cba_2010_2012__6e67ecb0,FTA-Fresno-Teachers-Association_CBA_2010-2012.pdf,Fresno Unified School District,76,"and any inspection or review of a unit member's file shall be recorded on a form developed for that purpose which will include the name, position, date, and reason for such inspection or review.",any inspection or review of a unit member's file,management,worker,shall,False,passive,plain,obligation,obligation,True,1.0,other,True,
fresno_unified_school_district__fta_fresno_teachers_association_cba_2010_2012__6e67ecb0,FTA-Fresno-Teachers-Association_CBA_2010-2012.pdf,Fresno Unified School District,76,The form shall become a part of the file.,The form,other,worker,shall,False,active,plain,obligation,obligation,True,1.0,other,True,
fresno_unified_school_district__fta_fresno_teachers_association_cba_2010_2012__6e67ecb0,FTA-Fresno-Teachers-Association_CBA_2010-2012.pdf,Fresno Unified School District,76,Board of Education members may request the review of a bargaining unit member's file at a personnel session of the Board of Education,Board of Education members,management,management,may,False,active,plain,permission,permission,True,0.3,other,True,
fresno_unified_school_district__fta_fresno_teachers_association_cba_2010_2012__6e67ecb0,FTA-Fresno-Teachers-Association_CBA_2010-2012.pdf,Fresno Unified School District,76,or the Board may designate an individual Board member(s) to examine personnel files.,the Board,management,management,may,False,active,plain,permission,permission,True,0.3,other,True,
fresno_unified_school_district__fta_fresno_teachers_association_cba_2010_2012__6e67ecb0,FTA-Fresno-Teachers-Association_CBA_2010-2012.pdf,Fresno Unified School District,76,The contents of all personnel files shall be kept in the strictest confidence.,The contents of all personnel files,management,worker,shall,False,passive,plain,obligation,obligation,True,1.0,other,True,
fresno_unified_school_district__fta_fresno_teachers_association_cba_2010_2012__6e67ecb0,FTA-Fresno-Teachers-Association_CBA_2010-2012.pdf,Fresno Unified School District,76,This paragraph shall not apply in the event all or a portion of the personnel files are necessary for preparation or as evidence in an administrative or judicial proceeding.,This paragraph,other,management,shall,True,active,plain,prohibition,other,False,1.0,other,True,
fresno_unified_school_district__fta_fresno_teachers_association_cba_2010_2012__6e67ecb0,FTA-Fresno-Teachers-Association_CBA_2010-2012.pdf,Fresno Unified School District,76,"Information of a derogatory nature, except material mentioned in paragraph ""6."" below, shall not be entered or filed unless and until the bargaining unit member is given notice and an opportunity to review and comment thereon.","Information of a derogatory nature, except material mentioned in paragraph ""6."" below,",management,worker,shall,True,passive,plain,prohibition,prohibition,True,1.0,evaluation,True,
fresno_unified_school_district__fta_fresno_teachers_association_cba_2010_2012__6e67ecb0,FTA-Fresno-Teachers-Association_CBA_2010-2012.pdf,Fresno Unified School District,76,The bargaining unit member shall be obligated to attend a conference called for such purpose by an administrator having line authority over such bargaining unit member.,The bargaining unit member,worker,management,shall,False,active,obligation_verb,obligation,obligation,True,1.0,evaluation,True,
fresno_unified_school_district__fta_fresno_teachers_association_cba_2010_2012__6e67ecb0,FTA-Fresno-Teachers-Association_CBA_2010-2012.pdf,Fresno Unified School District,76,The bargaining unit member shall have the right to representation during such conference.,The bargaining unit member,worker,worker,shall,False,active,rights_active,right,right,True,1.0,evaluation,True,
fresno_unified_school_district__fta_fresno_teachers_association_cba_2010_2012__6e67ecb0,FTA-Fresno-Teachers-Association_CBA_2010-2012.pdf,Fresno Unified School District,76,"The bargaining unit member shall acknowledge he/she has received a copy for his/her personal retention by affixing his/her signature on the actual copy to be filed, with the understanding that such signature merely signifies that he/she has read the materials to be filed and does not necessarily indicate agreement with its contents.",The bargaining unit member,worker,worker,shall,False,active,plain,obligation,obligation,True,1.0,evaluation,True,
fresno_unified_school_district__fta_fresno_teachers_association_cba_2010_2012__6e67ecb0,FTA-Fresno-Teachers-Association_CBA_2010-2012.pdf,Fresno Unified School District,77,"a statement to this effect, together with that of a witness, may be attached to the document by the administrator or designee in charge of the safekeeping of the file.","a statement to this effect, together with that of a witness",management,management,may,False,passive,plain,permission,permission,True,0.3,other,True,
fresno_unified_school_district__fta_fresno_teachers_association_cba_2010_2012__6e67ecb0,FTA-Fresno-Teachers-Association_CBA_2010-2012.pdf,Fresno Unified School District,77,"A bargaining unit member shall have the right to enter, and have attached to any such derogatory statement, his/her own comments thereon.",A bargaining unit member,worker,worker,shall,False,active,plain,obligation,right,False,1.0,evaluation,True,
fresno_unified_school_district__fta_fresno_teachers_association_cba_2010_2012__6e67ecb0,FTA-Fresno-Teachers-Association_CBA_2010-2012.pdf,Fresno Unified School District,77,Such review shall take place during normal business hours,Such review,other,worker,shall,False,active,plain,obligation,obligation,True,1.0,other,True,
fresno_unified_school_district__fta_fresno_teachers_association_cba_2010_2012__6e67ecb0,FTA-Fresno-Teachers-Association_CBA_2010-2012.pdf,Fresno Unified School District,77,the bargaining unit member shall be released from duty for this purpose without salary reduction.,the bargaining unit member,management,worker,shall,False,passive,plain,obligation,obligation,True,1.0,compensation,True,
fresno_unified_school_district__fta_fresno_teachers_association_cba_2010_2012__6e67ecb0,FTA-Fresno-Teachers-Association_CBA_2010-2012.pdf,Fresno Unified School District,77,Each bargaining unit member shall have the right to review the contents of his/her own personnel file.,Each bargaining unit member,worker,worker,shall,False,active,plain,obligation,right,False,1.0,other,True,
fresno_unified_school_district__fta_fresno_teachers_association_cba_2010_2012__6e67ecb0,FTA-Fresno-Teachers-Association_CBA_2010-2012.pdf,Fresno Unified School District,77,A representative of the bargaining unit member's choosing may accompany the bargaining unit member in this review.,A representative of the bargaining unit member's choosing,worker,worker,may,False,active,plain,permission,permission,True,0.3,other,True,
fresno_unified_school_district__fta_fresno_teachers_association_cba_2010_2012__6e67ecb0,FTA-Fresno-Teachers-Association_CBA_2010-2012.pdf,Fresno Unified School District,77,"The bargaining unit member's representative may review the bargaining unit member's personnel file (except for privileged information referred to in paragraph ""6."" of this article) in the absence of the bargaining unit member, provided that the bargaining unit member has authorized, in writing, the review, and provided that such authorization is given to the administrator or designee responsible for the safekeeping of the file.",The bargaining unit member's representative,worker,worker,may,False,active,plain,permission,permission,True,0.3,other,True,
fresno_unified_school_district__fta_fresno_teachers_association_cba_2010_2012__6e67ecb0,FTA-Fresno-Teachers-Association_CBA_2010-2012.pdf,Fresno Unified School District,77,Photocopies of documents shall be provided to the bargaining unit member or the bargaining unit member's representative for an amount equal to the cost of reproduction.,Photocopies of documents,management,worker,shall,False,passive,rights_passive,right,obligation,False,1.0,other,True,
fresno_unified_school_district__fta_fresno_teachers_association_cba_2010_2012__6e67ecb0,FTA-Fresno-Teachers-Association_CBA_2010-2012.pdf,Fresno Unified School District,77,The bargaining unit member's review of such information shall take place during the normal working day of the Division of Human Resources/Labor Relations.,The bargaining unit member's review of such information,other,worker,shall,False,active,plain,obligation,obligation,True,1.0,other,True,
fresno_unified_school_district__fta_fresno_teachers_association_cba_2010_2012__6e67ecb0,FTA-Fresno-Teachers-Association_CBA_2010-2012.pdf,Fresno Unified School District,77,The administrator or designee shall remove such confidential documents from the file prior to a review of the file as described.,The administrator or designee,management,worker,shall,False,active,plain,obligation,obligation,True,1.0,discipline,True,
fresno_unified_school_district__fta_fresno_teachers_association_cba_2010_2012__6e67ecb0,FTA-Fresno-Teachers-Association_CBA_2010-2012.pdf,Fresno Unified School District,77,"In the event derogatory charges against a bargaining unit member are proven to be without substance by any official or body having final judicial authority on the question of such charges, the material shall be expunged from the personnel file.",the material,management,worker,shall,False,passive,plain,obligation,obligation,True,1.0,discipline,True,
fresno_unified_school_district__fta_fresno_teachers_association_cba_2010_2012__6e67ecb0,FTA-Fresno-Teachers-Association_CBA_2010-2012.pdf,Fresno Unified School District,77,"Allegations or derogatory material treated in the ""Employee Discipline"" article are appropriately entered into the personnel file as delineated in ""Employee Discipline.""","Allegations or derogatory material treated in the ""Employee Discipline"" article",management,worker,,False,passive,plain,other,other,True,0.0,discipline,True,
fresno_unified_school_district__fta_fresno_teachers_association_cba_2010_2012__6e67ecb0,FTA-Fresno-Teachers-Association_CBA_2010-2012.pdf,Fresno Unified School District,78,The Superintendent or his/her designee shall give thirty (30) days prior written notice of dismissal not later than March 15 in the case of second-year probationary employees.,The Superintendent or his/her designee,management,worker,shall,False,active,plain,obligation,obligation,True,1.0,discipline,True,
fresno_unified_school_district__fta_fresno_teachers_association_cba_2010_2012__6e67ecb0,FTA-Fresno-Teachers-Association_CBA_2010-2012.pdf,Fresno Unified School District,78,The notice shall include a statement of the reasons for the dismissal and notice of the opportunity to appeal.,The notice,other,worker,shall,False,active,plain,obligation,obligation,True,1.0,discipline,True,
fresno_unified_school_district__fta_fresno_teachers_association_cba_2010_2012__6e67ecb0,FTA-Fresno-Teachers-Association_CBA_2010-2012.pdf,Fresno Unified School District,78,"In the event of a dismissal for unsatisfactory performance, a copy of the evaluation conducted pursuant to Section 44664 shall accompany the written notice.",a copy of the evaluation conducted pursuant to Section 44664,other,worker,shall,False,active,plain,obligation,obligation,True,1.0,discipline,True,
fresno_unified_school_district__fta_fresno_teachers_association_cba_2010_2012__6e67ecb0,FTA-Fresno-Teachers-Association_CBA_2010-2012.pdf,Fresno Unified School District,78,The employee shall have fifteen (15) days from receipt of the notice of dismissal to submit to the Board of Education a written request for a hearing,The employee,worker,worker,shall,False,active,plain,obligation,right,False,1.0,discipline,True,
fresno_unified_school_district__fta_fresno_teachers_association_cba_2010_2012__6e67ecb0,FTA-Fresno-Teachers-Association_CBA_2010-2012.pdf,Fresno Unified School District,78,the Board of Education may establish procedures for appointing a hearing officer to conduct the hearing and submit a recommended decision.,the Board of Education,management,management,may,False,active,plain,permission,permission,True,0.3,discipline,True,
fresno_unified_school_district__fta_fresno_teachers_association_cba_2010_2012__6e67ecb0,FTA-Fresno-Teachers-Association_CBA_2010-2012.pdf,Fresno Unified School District,78,All significant complaints will be investigated.,All significant complaints,management,worker,will,False,passive,plain,obligation,obligation,True,0.9,discipline,True,
fresno_unified_school_district__fta_fresno_teachers_association_cba_2010_2012__6e67ecb0,FTA-Fresno-Teachers-Association_CBA_2010-2012.pdf,Fresno Unified School District,78,Individual bargaining unit members who are the subject of a significant citizen's complaint shall be informed of each complaint.,Individual bargaining unit members who are the subject of a significant citizen's complaint,management,worker,shall,False,passive,rights_passive,right,right,True,1.0,discipline,True,
fresno_unified_school_district__fta_fresno_teachers_association_cba_2010_2012__6e67ecb0,FTA-Fresno-Teachers-Association_CBA_2010-2012.pdf,Fresno Unified School District,78,The District shall be responsible to provide the bargaining unit member a written statement of the substance and specific allegations of the complaint with the complainant identified.,The District,management,worker,shall,False,active,obligation_verb,obligation,obligation,True,1.0,discipline,True,
fresno_unified_school_district__fta_fresno_teachers_association_cba_2010_2012__6e67ecb0,FTA-Fresno-Teachers-Association_CBA_2010-2012.pdf,Fresno Unified School District,78,"In the event the matter is not settled at the administrative level to the satisfaction of the bargaining unit member(s), appeal may be made to the Superintendent, or Superintendent's designee.",appeal,worker,worker,may,False,passive,plain,permission,right,False,0.3,discipline,True,
fresno_unified_school_district__fta_fresno_teachers_association_cba_2010_2012__6e67ecb0,FTA-Fresno-Teachers-Association_CBA_2010-2012.pdf,Fresno Unified School District,78,Complainant and school personnel concerned shall be fully apprized of each step in the negotiations toward satisfactorily resolving the matter.,Complainant and school personnel concerned,management,management,shall,False,passive,rights_passive,right,obligation,False,1.0,discipline,True,
fresno_unified_school_district__fta_fresno_teachers_association_cba_2010_2012__6e67ecb0,FTA-Fresno-Teachers-Association_CBA_2010-2012.pdf,Fresno Unified School District,78,"To prevent hasty and unconsidered action, the Board of Education reserves the right to wait at least two weeks before acting on any complaint brought to its attention.",the Board of Education,management,management,,False,active,permission_verb,permission,right,False,0.85,discipline,True,
fresno_unified_school_district__fta_fresno_teachers_association_cba_2010_2012__6e67ecb0,FTA-Fresno-Teachers-Association_CBA_2010-2012.pdf,Fresno Unified School District,78,"Any teacher who is a member of the FTA/CTA/NEA, or who has applied for membership, may sign and deliver to the District an assignment authorizing deduction of unified membership dues, initiation fees and general assessments in the Associations.","Any teacher who is a member of the FTA/CTA/NEA, or who has applied for membership",worker,worker,may,False,active,plain,permission,permission,True,0.3,other,True,
fresno_unified_school_district__fta_fresno_teachers_association_cba_2010_2012__6e67ecb0,FTA-Fresno-Teachers-Association_CBA_2010-2012.pdf,Fresno Unified School District,78,"Pursuant to such authorization, the District shall deduct one tenth of such dues from the regular salary check of the teacher each month for ten months or for as many months within any such year as the teacher has been employed.",the District,management,worker,shall,False,active,plain,obligation,obligation,True,1.0,other,True,
fresno_unified_school_district__fta_fresno_teachers_association_cba_2010_2012__6e67ecb0,FTA-Fresno-Teachers-Association_CBA_2010-2012.pdf,Fresno Unified School District,78,The deduction authorization shall continue in effect from year to year unless revoked in writing before October 1 of any year.,The deduction authorization,other,worker,shall,False,active,plain,obligation,other,False,1.0,other,True,
fresno_unified_school_district__fta_fresno_teachers_association_cba_2010_2012__6e67ecb0,FTA-Fresno-Teachers-Association_CBA_2010-2012.pdf,Fresno Unified School District,78,"As a requirement of this contract, unit members shall become a member of the FTA/CTA/NEA or pay to the Association a fee in an amount equal to ninety percent (90%) of FTA/CTA/NEA unified membership dues, initia",unit members,worker,management,shall,False,active,plain,obligation,obligation,True,1.0,other,True,Clause text truncated at end of chunk
fresno_unified_school_district__fta_fresno_teachers_association_cba_2010_2012__6e67ecb0,FTA-Fresno-Teachers-Association_CBA_2010-2012.pdf,Fresno Unified School District,79,"unit members shall become a member of the FTA/CTA/NEA or pay to the Association a fee in an amount equal to ninety percent (90%) of FTA/CTA/NEA unified membership dues, initiation fees and/or general assessments.",unit members,worker,management,shall,False,active,plain,obligation,obligation,True,1.0,other,True,
fresno_unified_school_district__fta_fresno_teachers_association_cba_2010_2012__6e67ecb0,FTA-Fresno-Teachers-Association_CBA_2010-2012.pdf,Fresno Unified School District,79,"Unit members shall either have satisfied their dues or fees obligation to the Association by November 1, or thirty (30) days after their commencement of service, whichever is later,",Unit members,worker,management,shall,False,active,plain,obligation,obligation,True,1.0,other,True,Part of a disjunctive compound sentence; extracted separately from the 'or' clause.
fresno_unified_school_district__fta_fresno_teachers_association_cba_2010_2012__6e67ecb0,FTA-Fresno-Teachers-Association_CBA_2010-2012.pdf,Fresno Unified School District,79,"the District shall immediately begin automatic payroll deduction of the service fees as provided in the Education Code Section 45061 (or 87834) and in the same manner as set forth in paragraph ""1."" of this article.",the District,management,worker,shall,False,active,plain,obligation,obligation,True,1.0,other,True,
fresno_unified_school_district__fta_fresno_teachers_association_cba_2010_2012__6e67ecb0,FTA-Fresno-Teachers-Association_CBA_2010-2012.pdf,Fresno Unified School District,79,"In subsequent school years, unit members shall satisfy their dues or fees obligation to the Association within thirty (30) days after their commencement of service,",unit members,worker,management,shall,False,active,plain,obligation,obligation,True,1.0,other,True,
fresno_unified_school_district__fta_fresno_teachers_association_cba_2010_2012__6e67ecb0,FTA-Fresno-Teachers-Association_CBA_2010-2012.pdf,Fresno Unified School District,79,the District shall immediately begin automatic payroll deduction as delineated herein.,the District,management,worker,shall,False,active,plain,obligation,obligation,True,1.0,other,True,
fresno_unified_school_district__fta_fresno_teachers_association_cba_2010_2012__6e67ecb0,FTA-Fresno-Teachers-Association_CBA_2010-2012.pdf,Fresno Unified School District,79,Unit members may satisfy their dues or fees obligation by lump sum payment payable to the Association.,Unit members,worker,worker,may,False,active,plain,permission,permission,True,0.3,other,True,
fresno_unified_school_district__fta_fresno_teachers_association_cba_2010_2012__6e67ecb0,FTA-Fresno-Teachers-Association_CBA_2010-2012.pdf,Fresno Unified School District,79,Such payments shall be made on or before the deadlines cited above.,Such payments,worker,management,shall,False,passive,plain,obligation,obligation,True,1.0,other,True,Passive voice; implicit actor is worker (unit members making payments).
fresno_unified_school_district__fta_fresno_teachers_association_cba_2010_2012__6e67ecb0,FTA-Fresno-Teachers-Association_CBA_2010-2012.pdf,Fresno Unified School District,79,Documents signed by unit members accepting employment shall contain provisions delineating unit members' obligations to pay dues or fees.,Documents signed by unit members accepting employment,other,management,shall,False,active,plain,obligation,obligation,True,1.0,other,True,
fresno_unified_school_district__fta_fresno_teachers_association_cba_2010_2012__6e67ecb0,FTA-Fresno-Teachers-Association_CBA_2010-2012.pdf,Fresno Unified School District,79,Newly employed unit members shall be given a copy of this Agreement and information regarding means of satisfying dues or fees obligations provided by the Association.,Newly employed unit members,worker,worker,shall,False,passive,rights_passive,right,obligation,False,1.0,other,True,
fresno_unified_school_district__fta_fresno_teachers_association_cba_2010_2012__6e67ecb0,FTA-Fresno-Teachers-Association_CBA_2010-2012.pdf,Fresno Unified School District,79,the Association will be immediately provided locator and employee status information to enable contact for membership recruitment.,the Association,management,worker,will,False,passive,rights_passive,right,obligation,False,0.9,other,True,
fresno_unified_school_district__fta_fresno_teachers_association_cba_2010_2012__6e67ecb0,FTA-Fresno-Teachers-Association_CBA_2010-2012.pdf,Fresno Unified School District,79,"Any unit member whose traditionally held religious tenets or teachings include objections to joining or financially supporting employee organizations shall not be required to join or financially support FTA/CTA/NEA,",Any unit member whose traditionally held religious tenets or teachings include objections to joining or financially supporting employee organizations,management,worker,shall,True,passive,obligation_verb,right,right,True,1.0,teacher_rights_and_conduct,True,
fresno_unified_school_district__fta_fresno_teachers_association_cba_2010_2012__6e67ecb0,FTA-Fresno-Teachers-Association_CBA_2010-2012.pdf,Fresno Unified School District,79,"except that such unit member shall pay, in lieu of a service fee, sums equal to such service fee (90% of unified dues) to the United Way, or CHAD, which are exempt from taxation under Section 501(c) of Title 26 of the Internal Revenue Code.",such unit member,worker,management,shall,False,active,plain,obligation,obligation,True,1.0,other,True,Continues the disjunctive structure from the previous clause.
fresno_unified_school_district__fta_fresno_teachers_association_cba_2010_2012__6e67ecb0,FTA-Fresno-Teachers-Association_CBA_2010-2012.pdf,Fresno Unified School District,79,Such payment shall be made on or before November 1st of each school year.,Such payment,worker,management,shall,False,passive,plain,obligation,obligation,True,1.0,other,True,
fresno_unified_school_district__fta_fresno_teachers_association_cba_2010_2012__6e67ecb0,FTA-Fresno-Teachers-Association_CBA_2010-2012.pdf,Fresno Unified School District,79,"the District shall commence a monthly deduction as stipulated in ""2A."" above and forward the amount withheld to either the United Way, CHAD.",the District,management,worker,shall,False,active,plain,obligation,obligation,True,1.0,other,True,Chunk ends abruptly mid-list.
fresno_unified_school_district__fta_fresno_teachers_association_cba_2010_2012__6e67ecb0,FTA-Fresno-Teachers-Association_CBA_2010-2012.pdf,Fresno Unified School District,79,"Proof of payment and a written statement of objection along with verifiable evidence of traditionally held religious tenets or teachings which preclude joining or financially supporting employee organizations pursuant to paragraph ""3A."" above, shall be made to the District as a condition of exemption from the provisions of paragraphs ""1"" and ""2"" of this article.","Proof of payment and a written statement of objection along with verifiable evidence of traditionally held religious tenets or teachings which preclude joining or financially supporting employee organizations pursuant to paragraph ""3A."" above,",worker,management,shall,False,passive,plain,obligation,obligation,True,1.0,other,True,Long compound subject; implicit actor is worker submitting documentation.
fresno_unified_school_district__fta_fresno_teachers_association_cba_2010_2012__6e67ecb0,FTA-Fresno-Teachers-Association_CBA_2010-2012.pdf,Fresno Unified School District,80,The District will make available to the FTA the documentation and reasons for decisions regarding religious exemptions.,The District,management,worker,will,False,active,plain,obligation,obligation,True,0.9,other,True,
fresno_unified_school_district__fta_fresno_teachers_association_cba_2010_2012__6e67ecb0,FTA-Fresno-Teachers-Association_CBA_2010-2012.pdf,Fresno Unified School District,80,Such proof shall be presented on or before November 1st.,Such proof,other,management,shall,False,passive,plain,obligation,obligation,True,1.0,other,True,
fresno_unified_school_district__fta_fresno_teachers_association_cba_2010_2012__6e67ecb0,FTA-Fresno-Teachers-Association_CBA_2010-2012.pdf,Fresno Unified School District,80,The Association shall have the right of inspection in order to review said proof of payment.,The Association,worker,worker,shall,False,active,plain,obligation,right,False,1.0,other,True,
fresno_unified_school_district__fta_fresno_teachers_association_cba_2010_2012__6e67ecb0,FTA-Fresno-Teachers-Association_CBA_2010-2012.pdf,Fresno Unified School District,80,"Any unit member making payments as set forth in paragraph ""3A. and B."" above, and who request that the grievance or arbitration provisions of this Agreement be used in his or her behalf, shall be responsible for paying the reasonable cost of using said grievance or arbitration procedures.",Any unit member,worker,management,shall,False,active,obligation_verb,obligation,obligation,True,1.0,discipline,True,
fresno_unified_school_district__fta_fresno_teachers_association_cba_2010_2012__6e67ecb0,FTA-Fresno-Teachers-Association_CBA_2010-2012.pdf,Fresno Unified School District,80,"With respect to all sums deducted by the District pursuant to paragraphs ""1"" and ""2"" above, whether for membership dues or agency fee, the District agrees promptly to remit such monies to the Association accompanied by an alphabetical list of unit members for whom such deductions have been made, categorizing them as to membership or non-membership in the Association, and indicating any changes in personnel from the list previously furnished.",the District,management,worker,,False,active,plain,other,obligation,False,0.0,other,True,
fresno_unified_school_district__fta_fresno_teachers_association_cba_2010_2012__6e67ecb0,FTA-Fresno-Teachers-Association_CBA_2010-2012.pdf,Fresno Unified School District,80,The Association agrees to furnish any information needed by the District to fulfill the provisions of this article.,The Association,worker,management,,False,active,plain,other,obligation,False,0.0,other,True,
fresno_unified_school_district__fta_fresno_teachers_association_cba_2010_2012__6e67ecb0,FTA-Fresno-Teachers-Association_CBA_2010-2012.pdf,Fresno Unified School District,80,"FTA/CTA/NEA agrees to pay to the District all legal fees, legal costs and liability incurred by the District in all actions arising from this article with the exception of paragraph ""7.""",FTA/CTA/NEA,worker,management,,False,active,plain,other,obligation,False,0.0,other,True,
fresno_unified_school_district__fta_fresno_teachers_association_cba_2010_2012__6e67ecb0,FTA-Fresno-Teachers-Association_CBA_2010-2012.pdf,Fresno Unified School District,80,the District may continue the defense of such action at its own expense,the District,management,management,may,False,active,permission_verb,permission,permission,True,0.3,other,True,
fresno_unified_school_district__fta_fresno_teachers_association_cba_2010_2012__6e67ecb0,FTA-Fresno-Teachers-Association_CBA_2010-2012.pdf,Fresno Unified School District,80,"all legal fees, legal costs and liability incurred thereafter shall be paid solely by the District.","all legal fees, legal costs and liability incurred thereafter",management,worker,shall,False,passive,plain,obligation,obligation,True,1.0,other,True,
fresno_unified_school_district__fta_fresno_teachers_association_cba_2010_2012__6e67ecb0,FTA-Fresno-Teachers-Association_CBA_2010-2012.pdf,Fresno Unified School District,80,"Upon appropriate written authorization from the teacher, the District shall deduct from the salary of any teacher, and make appropriate remittance for annuities, credit union or any other plans or programs jointly approved by the Association and the District.",the District,management,worker,shall,False,active,plain,obligation,obligation,True,1.0,other,True,
fresno_unified_school_district__fta_fresno_teachers_association_cba_2010_2012__6e67ecb0,FTA-Fresno-Teachers-Association_CBA_2010-2012.pdf,Fresno Unified School District,80,"Those members of the bargaining unit to whom this article applies are required to develop an individual program of professional growth which consists of a minimum of one hundred fifty (150) clock hours of participation in activities which contribute to competence, performance or effectiveness in the profession of education.",Those members of the bargaining unit,worker,management,,False,active,obligation_verb,obligation,obligation,True,0.85,professional_development,True,
fresno_unified_school_district__fta_fresno_teachers_association_cba_2010_2012__6e67ecb0,FTA-Fresno-Teachers-Association_CBA_2010-2012.pdf,Fresno Unified School District,80,This program must be completed within a five (5) year period.,This program,other,management,must,False,passive,plain,obligation,obligation,True,1.0,professional_development,True,
fresno_unified_school_district__fta_fresno_teachers_association_cba_2010_2012__6e67ecb0,FTA-Fresno-Teachers-Association_CBA_2010-2012.pdf,Fresno Unified School District,80,The Division of Human Resources/Labor Relations will inform the teacher that he or she is responsible for designing a professional growth plan with m,The Division of Human Resources/Labor Relations,management,worker,will,False,active,plain,obligation,obligation,True,0.9,professional_development,True,
fresno_unified_school_district__fta_fresno_teachers_association_cba_2010_2012__6e67ecb0,FTA-Fresno-Teachers-Association_CBA_2010-2012.pdf,Fresno Unified School District,81,The Division of Human Resources/Labor Relations will inform the teacher that he or she is responsible for designing a professional growth plan with major goals and objectives.,The Division of Human Resources/Labor Relations,management,worker,will,False,active,plain,obligation,obligation,True,0.9,professional_development,True,
fresno_unified_school_district__fta_fresno_teachers_association_cba_2010_2012__6e67ecb0,FTA-Fresno-Teachers-Association_CBA_2010-2012.pdf,Fresno Unified School District,81,"The parties agree that the teacher remains liable for knowing of, and satisfying, all relevant legal requirements.",The parties,other,management,,False,active,plain,other,other,True,0.0,other,True,
fresno_unified_school_district__fta_fresno_teachers_association_cba_2010_2012__6e67ecb0,FTA-Fresno-Teachers-Association_CBA_2010-2012.pdf,Fresno Unified School District,81,The District's failure to notify a teacher of his or her obligations in this regard shall not give rise to any action against the District.,The District's failure to notify a teacher of his or her obligations in this regard,management,management,shall,True,active,plain,prohibition,prohibition,True,1.0,other,True,
fresno_unified_school_district__fta_fresno_teachers_association_cba_2010_2012__6e67ecb0,FTA-Fresno-Teachers-Association_CBA_2010-2012.pdf,Fresno Unified School District,81,"The District shall designate only certificated administrators, mentor teachers and college or university faculty to serve as Professional Growth Advisors (herein ""advisors"").",The District,management,worker,shall,False,active,obligation_verb,obligation,obligation,True,1.0,professional_development,True,
fresno_unified_school_district__fta_fresno_teachers_association_cba_2010_2012__6e67ecb0,FTA-Fresno-Teachers-Association_CBA_2010-2012.pdf,Fresno Unified School District,81,"A list of these advisors, including their job site phone number and areas of educational experience and/or expertise, will be provided for each credential holder subject to this article.","A list of these advisors, including their job site phone number and areas of educational experience and/or expertise",management,worker,will,False,passive,rights_passive,right,obligation,False,0.9,professional_development,True,
fresno_unified_school_district__fta_fresno_teachers_association_cba_2010_2012__6e67ecb0,FTA-Fresno-Teachers-Association_CBA_2010-2012.pdf,Fresno Unified School District,81,The credential holder has the right to choose his/her own advisor from the above list of such advisors designated by the District.,The credential holder,worker,worker,,False,active,rights_active,right,right,True,0.85,professional_development,True,
fresno_unified_school_district__fta_fresno_teachers_association_cba_2010_2012__6e67ecb0,FTA-Fresno-Teachers-Association_CBA_2010-2012.pdf,Fresno Unified School District,81,The credential holder is urged to seek the advice of his/her principal when selecting an advisor.,The credential holder,worker,worker,,False,active,plain,other,other,True,0.0,professional_development,True,
fresno_unified_school_district__fta_fresno_teachers_association_cba_2010_2012__6e67ecb0,FTA-Fresno-Teachers-Association_CBA_2010-2012.pdf,Fresno Unified School District,81,the credential holder may ask a responsible officer of another agency for permission to consult an advisor who is employed by that other agency,the credential holder,worker,worker,may,False,active,permission_verb,permission,permission,True,0.3,professional_development,True,
fresno_unified_school_district__fta_fresno_teachers_association_cba_2010_2012__6e67ecb0,FTA-Fresno-Teachers-Association_CBA_2010-2012.pdf,Fresno Unified School District,81,the credential holder may ask the Commission on Teacher Credentialing to approve a Professional Growth Plan or Record of Activities.,the credential holder,worker,worker,may,False,active,plain,permission,permission,True,0.3,professional_development,True,
fresno_unified_school_district__fta_fresno_teachers_association_cba_2010_2012__6e67ecb0,FTA-Fresno-Teachers-Association_CBA_2010-2012.pdf,Fresno Unified School District,81,"The responsibility of an advisor shall be to determine whether the Professional Growth Plan and activities submitted by a credential holder who is subject to the provision of this article (hereinafter referred to as ""credential holder"") comply with pertinent Education Code Title V Sections (hereinafter referred to as ""Admin Code"") and the California Professional Growth Manual (hereinafter referred to as ""manual"").",The responsibility of an advisor,worker,worker,shall,False,active,obligation_verb,obligation,obligation,True,1.0,professional_development,True,
fresno_unified_school_district__fta_fresno_teachers_association_cba_2010_2012__6e67ecb0,FTA-Fresno-Teachers-Association_CBA_2010-2012.pdf,Fresno Unified School District,81,The credential holder is responsible for securing the program advisor's approval of the Professional Growth Plan and the certification of completed activities,The credential holder,worker,management,,False,active,obligation_verb,obligation,obligation,True,0.85,professional_development,True,
fresno_unified_school_district__fta_fresno_teachers_association_cba_2010_2012__6e67ecb0,FTA-Fresno-Teachers-Association_CBA_2010-2012.pdf,Fresno Unified School District,81,must submit the certified form to the Division of Human Resources/Labor Relations for recording of credit.,[The credential holder],worker,management,must,False,active,obligation_verb,obligation,obligation,True,1.0,professional_development,True,Subject elided from preceding clause
fresno_unified_school_district__fta_fresno_teachers_association_cba_2010_2012__6e67ecb0,FTA-Fresno-Teachers-Association_CBA_2010-2012.pdf,Fresno Unified School District,81,"An advisor shall complete and return to the credential holder certification of the initial plan, initialing of any revisions or verification of completed activities within ten (10) workdays of submission to the advisor.",An advisor,worker,worker,shall,False,active,obligation_verb,obligation,obligation,True,1.0,professional_development,True,
fresno_unified_school_district__fta_fresno_teachers_association_cba_2010_2012__6e67ecb0,FTA-Fresno-Teachers-Association_CBA_2010-2012.pdf,Fresno Unified School District,81,the advisor shall so notify the credential holder of the reason(s) in writing within ten (10) workdays of submission.,the advisor,worker,worker,shall,False,active,obligation_verb,obligation,obligation,True,1.0,professional_development,True,
fresno_unified_school_district__fta_fresno_teachers_association_cba_2010_2012__6e67ecb0,FTA-Fresno-Teachers-Association_CBA_2010-2012.pdf,Fresno Unified School District,81,the credential holder may seek another advisor a,the credential holder,worker,worker,may,False,active,permission_verb,permission,permission,True,0.3,teacher_rights_and_conduct,True,Truncated in source text
fresno_unified_school_district__fta_fresno_teachers_association_cba_2010_2012__6e67ecb0,FTA-Fresno-Teachers-Association_CBA_2010-2012.pdf,Fresno Unified School District,82,the credential holder may seek another advisor,the credential holder,worker,worker,may,False,active,plain,permission,permission,True,0.3,teacher_rights_and_conduct,True,
fresno_unified_school_district__fta_fresno_teachers_association_cba_2010_2012__6e67ecb0,FTA-Fresno-Teachers-Association_CBA_2010-2012.pdf,Fresno Unified School District,82,should seek review and comment (positive decision) from the Division of Human Resources/Labor Relations.,the credential holder,worker,management,should,False,active,plain,obligation,obligation,True,0.7,teacher_rights_and_conduct,True,Subject implied from preceding clause
fresno_unified_school_district__fta_fresno_teachers_association_cba_2010_2012__6e67ecb0,FTA-Fresno-Teachers-Association_CBA_2010-2012.pdf,Fresno Unified School District,82,the credential holder may appeal to the Commission on Teacher Credentialing for a final decision.,the credential holder,worker,worker,may,False,active,plain,permission,permission,True,0.3,teacher_rights_and_conduct,True,
fresno_unified_school_district__fta_fresno_teachers_association_cba_2010_2012__6e67ecb0,FTA-Fresno-Teachers-Association_CBA_2010-2012.pdf,Fresno Unified School District,82,Association activities which comply with the Education Code shall be allowed as Professional Growth Activities.,Association activities which comply with the Education Code,management,worker,shall,False,passive,permission_verb,permission,permission,True,1.0,professional_development,True,
fresno_unified_school_district__fta_fresno_teachers_association_cba_2010_2012__6e67ecb0,FTA-Fresno-Teachers-Association_CBA_2010-2012.pdf,Fresno Unified School District,82,"Upon the request of the credential holder or advisor, the president of the Association shall provide verification of participation or completion.",the president of the Association,worker,worker,shall,False,active,plain,obligation,obligation,True,1.0,professional_development,True,
fresno_unified_school_district__fta_fresno_teachers_association_cba_2010_2012__6e67ecb0,FTA-Fresno-Teachers-Association_CBA_2010-2012.pdf,Fresno Unified School District,82,The District and the Association shall provide a joint inservice for credential holders.,The District and the Association,other,worker,shall,False,active,plain,obligation,obligation,True,1.0,professional_development,True,
fresno_unified_school_district__fta_fresno_teachers_association_cba_2010_2012__6e67ecb0,FTA-Fresno-Teachers-Association_CBA_2010-2012.pdf,Fresno Unified School District,82,Meetings at appropriate times shall be provided for all who hold credentials subject to the professional growth renewal requirements.,Meetings at appropriate times,management,worker,shall,False,passive,rights_passive,right,obligation,False,1.0,professional_development,True,
fresno_unified_school_district__fta_fresno_teachers_association_cba_2010_2012__6e67ecb0,FTA-Fresno-Teachers-Association_CBA_2010-2012.pdf,Fresno Unified School District,82,"Credit for advancement on the salary schedule may be earned by credential holders for Professional Growth Activities subject to the provisions of Article 50, Section 2, ""Rules Governing Approval of Units for Advancement,"" and Sections 3 and 4.",Credit for advancement on the salary schedule,worker,worker,may,False,passive,rights_active,right,right,True,0.3,compensation,True,Explicit agent 'by credential holders' overrides default passive subject assignment
fresno_unified_school_district__fta_fresno_teachers_association_cba_2010_2012__6e67ecb0,FTA-Fresno-Teachers-Association_CBA_2010-2012.pdf,Fresno Unified School District,82,"Nothing in the Professional Growth Requirements or Procedures thereof shall impact, be a part of or modify the performance evaluation.",Nothing in the Professional Growth Requirements or Procedures thereof,other,worker,shall,True,active,plain,prohibition,prohibition,True,1.0,evaluation,True,Subject-side quantifier negation
fresno_unified_school_district__fta_fresno_teachers_association_cba_2010_2012__6e67ecb0,FTA-Fresno-Teachers-Association_CBA_2010-2012.pdf,Fresno Unified School District,82,"No later than October 1 of each year, the District shall provide in writing to each member in the bargaining unit who is affected by this article the number of clock hours that member of the bargaining unit has on file and the date by which the total of at least 150 clock hours must be completed in order that the unit member's credential can be renewed.",the District,management,worker,shall,False,active,plain,obligation,obligation,True,1.0,professional_development,True,Long operative clause with embedded temporal/subordinate conditions
fresno_unified_school_district__fta_fresno_teachers_association_cba_2010_2012__6e67ecb0,FTA-Fresno-Teachers-Association_CBA_2010-2012.pdf,Fresno Unified School District,82,Verification of completion of credential renewal will be provided by the Division of Human Resources/Labor Relations.,Verification of completion of credential renewal,management,worker,will,False,passive,rights_passive,right,obligation,False,0.9,professional_development,True,
fresno_unified_school_district__fta_fresno_teachers_association_cba_2010_2012__6e67ecb0,FTA-Fresno-Teachers-Association_CBA_2010-2012.pdf,Fresno Unified School District,82,"Decisions of school site councils, school advisory committees and all other District advisory committees shall not be implemented by the District so as to be inconsistent with the terms of this Agreement.","Decisions of school site councils, school advisory committees and all other District advisory committees",management,management,shall,True,passive,plain,prohibition,prohibition,True,1.0,other,True,
fresno_unified_school_district__fta_fresno_teachers_association_cba_2010_2012__6e67ecb0,FTA-Fresno-Teachers-Association_CBA_2010-2012.pdf,Fresno Unified School District,83,Released time for unit members to conduct IEP meetings shall be made available when it is determined by the Administrator of the Special Education Office or his designee that all other options are unavailable.,Released time for unit members to conduct IEP meetings,management,worker,shall,False,passive,plain,obligation,obligation,True,1.0,workload,True,
fresno_unified_school_district__fta_fresno_teachers_association_cba_2010_2012__6e67ecb0,FTA-Fresno-Teachers-Association_CBA_2010-2012.pdf,Fresno Unified School District,83,Bargaining unit members will be provided opportunity to participate in training programs either prior to or concurrently with the implementation of new instructional and/or assessment programs in either special education or regular education classrooms.,Bargaining unit members,management,worker,will,False,passive,rights_passive,right,obligation,False,0.9,professional_development,True,
fresno_unified_school_district__fta_fresno_teachers_association_cba_2010_2012__6e67ecb0,FTA-Fresno-Teachers-Association_CBA_2010-2012.pdf,Fresno Unified School District,83,The 2009-2010 salary schedule shall be reduced in direct proportion to the reduction in the duty year as set forth in Article 14.,The 2009-2010 salary schedule,management,management,shall,False,passive,plain,obligation,obligation,True,1.0,compensation,True,
fresno_unified_school_district__fta_fresno_teachers_association_cba_2010_2012__6e67ecb0,FTA-Fresno-Teachers-Association_CBA_2010-2012.pdf,Fresno Unified School District,83,"Upon completion of the 2011-2012 school year, the salary schedule shall automatically revert to the 2009-2010 schedule based on 185 days pursuant to the configuration set forth in the current negotiated agreement unless agreed to otherwise by the parties in a new negotiated agreement.",the salary schedule,other,management,shall,False,active,plain,obligation,obligation,True,1.0,compensation,True,Inanimate subject; performs no party's action.
fresno_unified_school_district__fta_fresno_teachers_association_cba_2010_2012__6e67ecb0,FTA-Fresno-Teachers-Association_CBA_2010-2012.pdf,Fresno Unified School District,83,Stipends shall be established for teachers actually serving in a position in the following areas:,Stipends,management,worker,shall,False,passive,plain,obligation,obligation,True,1.0,compensation,True,
fresno_unified_school_district__fta_fresno_teachers_association_cba_2010_2012__6e67ecb0,FTA-Fresno-Teachers-Association_CBA_2010-2012.pdf,Fresno Unified School District,83,The foregoing two stipends shall be prorated to reflect the proportion of an FTE that the teacher is actually serving in the position requiring the credential.,The foregoing two stipends,management,worker,shall,False,passive,plain,obligation,obligation,True,1.0,compensation,True,
fresno_unified_school_district__fta_fresno_teachers_association_cba_2010_2012__6e67ecb0,FTA-Fresno-Teachers-Association_CBA_2010-2012.pdf,Fresno Unified School District,83,The EPES schedules shall be increased by the same percentage as applies to schedules effective July 1 of the following year.,The EPES schedules,management,worker,shall,False,passive,plain,obligation,obligation,True,1.0,compensation,True,
fresno_unified_school_district__fta_fresno_teachers_association_cba_2010_2012__6e67ecb0,FTA-Fresno-Teachers-Association_CBA_2010-2012.pdf,Fresno Unified School District,84,"The District will continue to recognize participation by unit members in staff development activities which qualify for reimbursement from the State under the ""Instructional Time and Staff Development Reform Program"" (commonly referred to as the ""Staff Development Buyback Program"" pursuant to Education Code sections 44579 through 44579.4).",The District,management,worker,will,False,active,plain,obligation,obligation,True,0.9,professional_development,True,
fresno_unified_school_district__fta_fresno_teachers_association_cba_2010_2012__6e67ecb0,FTA-Fresno-Teachers-Association_CBA_2010-2012.pdf,Fresno Unified School District,84,"Unit members whose salaries are provided under Salary Schedule A shall, in cooperation with the District, certify that they have participated annually in 21 reimbursable hours of staff development according to state law and regulations.",Unit members whose salaries are provided under Salary Schedule A,worker,management,shall,False,active,plain,obligation,obligation,True,1.0,professional_development,True,
fresno_unified_school_district__fta_fresno_teachers_association_cba_2010_2012__6e67ecb0,FTA-Fresno-Teachers-Association_CBA_2010-2012.pdf,Fresno Unified School District,84,Three (3) reimbursable staff development days shall be conducted during the 1999/2000 work year and every year thereafter so long as this program continues under state law.,Three (3) reimbursable staff development days,management,worker,shall,False,passive,plain,obligation,obligation,True,1.0,professional_development,True,
fresno_unified_school_district__fta_fresno_teachers_association_cba_2010_2012__6e67ecb0,FTA-Fresno-Teachers-Association_CBA_2010-2012.pdf,Fresno Unified School District,84,"Commencing in 1999/2000, the traditional work year for unit members shall be increased by two (2) days for this purpose (for a total of 185 work days)",the traditional work year for unit members,management,management,shall,False,passive,plain,obligation,obligation,True,1.0,workload,True,
fresno_unified_school_district__fta_fresno_teachers_association_cba_2010_2012__6e67ecb0,FTA-Fresno-Teachers-Association_CBA_2010-2012.pdf,Fresno Unified School District,84,"the third reimbursable staff development day shall be held on one of the existing ""I"" days.",the third reimbursable staff development day,management,management,shall,False,passive,plain,obligation,obligation,True,1.0,professional_development,True,
fresno_unified_school_district__fta_fresno_teachers_association_cba_2010_2012__6e67ecb0,FTA-Fresno-Teachers-Association_CBA_2010-2012.pdf,Fresno Unified School District,84,Unit members on year round schedules shall be required to participate in three (3) days of reimbursable staff development activities during each school year.,Unit members on year round schedules,management,management,shall,False,passive,obligation_verb,obligation,obligation,True,1.0,professional_development,True,
fresno_unified_school_district__fta_fresno_teachers_association_cba_2010_2012__6e67ecb0,FTA-Fresno-Teachers-Association_CBA_2010-2012.pdf,Fresno Unified School District,84,The 1999/2000 configuration of days set forth herein shall not foreclose the parties from negotiating other configurations in the future.,The 1999/2000 configuration of days set forth herein,other,management,shall,True,active,plain,prohibition,prohibition,True,1.0,other,True,
fresno_unified_school_district__fta_fresno_teachers_association_cba_2010_2012__6e67ecb0,FTA-Fresno-Teachers-Association_CBA_2010-2012.pdf,Fresno Unified School District,84,The salary schedule increase provided for in this section shall continue so long as funds are provided by the state for the staff development activities.,The salary schedule increase provided for in this section,other,management,shall,False,active,plain,obligation,obligation,True,1.0,compensation,True,
fresno_unified_school_district__fta_fresno_teachers_association_cba_2010_2012__6e67ecb0,FTA-Fresno-Teachers-Association_CBA_2010-2012.pdf,Fresno Unified School District,84,"the work year and the salary schedule shall be reduced accordingly, absent agreement by the parties otherwise.",the work year and the salary schedule,management,management,shall,False,passive,plain,obligation,obligation,True,1.0,compensation,True,
fresno_unified_school_district__fta_fresno_teachers_association_cba_2010_2012__6e67ecb0,FTA-Fresno-Teachers-Association_CBA_2010-2012.pdf,Fresno Unified School District,84,"A teacher new to the Fresno Unified School District, without previous experience, will be classified according to the requirements stated in Schedule A","A teacher new to the Fresno Unified School District, without previous experience",management,management,will,False,passive,plain,obligation,obligation,True,0.9,compensation,True,
fresno_unified_school_district__fta_fresno_teachers_association_cba_2010_2012__6e67ecb0,FTA-Fresno-Teachers-Association_CBA_2010-2012.pdf,Fresno Unified School District,84,will be placed on the appropriate level.,"A teacher new to the Fresno Unified School District, without previous experience",management,worker,will,False,passive,plain,obligation,obligation,True,0.9,compensation,True,Subject carries over from preceding clause.
fresno_unified_school_district__fta_fresno_teachers_association_cba_2010_2012__6e67ecb0,FTA-Fresno-Teachers-Association_CBA_2010-2012.pdf,Fresno Unified School District,84,"For teachers in this group with a valid California teaching credential, not including an emergency permit, intern permit, Provisional Internship Permit, Short Term Staff Permit or waiver, the appropriate level shall not be less than Level 1.",the appropriate level,other,worker,shall,False,active,plain,obligation,obligation,True,1.0,compensation,True,
fresno_unified_school_district__fta_fresno_teachers_association_cba_2010_2012__6e67ecb0,FTA-Fresno-Teachers-Association_CBA_2010-2012.pdf,Fresno Unified School District,84,"Teachers holding an emergency permit, intern permit, or waiver shall be placed on level 0.","Teachers holding an emergency permit, intern permit, or waiver",management,management,shall,False,passive,plain,obligation,obligation,True,1.0,compensation,True,
fresno_unified_school_district__fta_fresno_teachers_association_cba_2010_2012__6e67ecb0,FTA-Fresno-Teachers-Association_CBA_2010-2012.pdf,Fresno Unified School District,84,"Effective July 1, 2000, teacher held on Level 0 who subsequently receive their valid California teaching credential shall move effective the next school year to the appropriate level at which they would otherwise be for their years of service.",teacher held on Level 0 who subsequently receive their valid California teaching credential,worker,worker,shall,False,active,plain,obligation,obligation,True,1.0,compensation,True,Typo in original ('receive' instead of 'receives').
fresno_unified_school_district__fta_fresno_teachers_association_cba_2010_2012__6e67ecb0,FTA-Fresno-Teachers-Association_CBA_2010-2012.pdf,Fresno Unified School District,85,"Notwithstanding this, bargaining unit members hired after July 1, 2000 shall not advance beyond Level 0 of the salary schedule unless they have a valid California teaching credential, not including an emergency permit, intern permit or waiver.","bargaining unit members hired after July 1, 2000",worker,management,shall,True,active,plain,prohibition,prohibition,True,1.0,compensation,True,
fresno_unified_school_district__fta_fresno_teachers_association_cba_2010_2012__6e67ecb0,FTA-Fresno-Teachers-Association_CBA_2010-2012.pdf,Fresno Unified School District,85,District credit may be earned for advancement on the basic salary schedule through appropriate work experience directly related to the teaching assignment.,District credit,management,worker,may,False,passive,rights_passive,right,permission,False,0.3,compensation,True,
fresno_unified_school_district__fta_fresno_teachers_association_cba_2010_2012__6e67ecb0,FTA-Fresno-Teachers-Association_CBA_2010-2012.pdf,Fresno Unified School District,85,The work done in compliance with this section shall be evaluated on the basis of forty (40) hours of full-time paid employment per unit.,The work done in compliance with this section,management,worker,shall,False,passive,plain,obligation,obligation,True,1.0,compensation,True,
fresno_unified_school_district__fta_fresno_teachers_association_cba_2010_2012__6e67ecb0,FTA-Fresno-Teachers-Association_CBA_2010-2012.pdf,Fresno Unified School District,85,"To qualify for placement on the salary schedule as a Vocational Education teacher, the teacher must be hired and working under the Vocational Education Credential and not working as a teacher in the regular school program.",the teacher,worker,management,must,False,active,plain,obligation,obligation,True,1.0,compensation,True,
fresno_unified_school_district__fta_fresno_teachers_association_cba_2010_2012__6e67ecb0,FTA-Fresno-Teachers-Association_CBA_2010-2012.pdf,Fresno Unified School District,85,A teacher new to the Fresno Unified School District with previous teaching experience in an accredited school in grades Kindergarten through twelve will be given credit for one level for each year of teaching up to the maximum on the salary schedule,A teacher new to the Fresno Unified School District with previous teaching experience in an accredited school in grades Kindergarten through twelve,management,worker,will,False,passive,rights_passive,right,obligation,False,0.9,compensation,True,
fresno_unified_school_district__fta_fresno_teachers_association_cba_2010_2012__6e67ecb0,FTA-Fresno-Teachers-Association_CBA_2010-2012.pdf,Fresno Unified School District,85,except that only up to five years of such service credit shall be credited service for career increment purposes.,only up to five years of such service credit,management,management,shall,False,passive,plain,obligation,obligation,True,1.0,compensation,True,
fresno_unified_school_district__fta_fresno_teachers_association_cba_2010_2012__6e67ecb0,FTA-Fresno-Teachers-Association_CBA_2010-2012.pdf,Fresno Unified School District,85,up to five years of service credit shall be granted for out-of-District service.,up to five years of service credit,management,worker,shall,False,passive,rights_passive,right,obligation,False,1.0,compensation,True,
fresno_unified_school_district__fta_fresno_teachers_association_cba_2010_2012__6e67ecb0,FTA-Fresno-Teachers-Association_CBA_2010-2012.pdf,Fresno Unified School District,85,Any exception to give credit for more than year-for-year must be with Board approval in closed session.,Any exception to give credit for more than year-for-year,management,management,must,False,active,plain,obligation,obligation,True,1.0,compensation,True,
fresno_unified_school_district__fta_fresno_teachers_association_cba_2010_2012__6e67ecb0,FTA-Fresno-Teachers-Association_CBA_2010-2012.pdf,Fresno Unified School District,85,The names will be placed on the consent agenda at the following Board meeting after notification to the Association.,The names,management,worker,will,False,passive,plain,obligation,obligation,True,0.9,other,True,
fresno_unified_school_district__fta_fresno_teachers_association_cba_2010_2012__6e67ecb0,FTA-Fresno-Teachers-Association_CBA_2010-2012.pdf,Fresno Unified School District,85,"A tenured teacher with more than six years teaching service to the Fresno Unified School District, who resigns and returns to the District within thirty-nine (39) months, shall be placed on the next level as though his/her service had not been interrupted.","A tenured teacher with more than six years teaching service to the Fresno Unified School District, who resigns and returns to the District within thirty-nine (39) months",management,worker,shall,False,passive,plain,obligation,obligation,True,1.0,compensation,True,
fresno_unified_school_district__fta_fresno_teachers_association_cba_2010_2012__6e67ecb0,FTA-Fresno-Teachers-Association_CBA_2010-2012.pdf,Fresno Unified School District,85,A teacher entering the Fresno Unified School District in mid-year will be paid his/her salary at the initial rate during the first year-and-one-half.,A teacher entering the Fresno Unified School District in mid-year,management,management,will,False,passive,rights_passive,right,obligation,False,0.9,compensation,True,
fresno_unified_school_district__fta_fresno_teachers_association_cba_2010_2012__6e67ecb0,FTA-Fresno-Teachers-Association_CBA_2010-2012.pdf,Fresno Unified School District,85,"A teacher entering the Fresno Unified School District shall receive credit for military service upon the basis of one level for each two (2) years of military service, service in Vista or Peace Corps, with a limit of two (2) levels to be attained.",A teacher entering the Fresno Unified School District,worker,worker,shall,False,active,rights_active,right,obligation,False,1.0,compensation,True,
fresno_unified_school_district__fta_fresno_teachers_association_cba_2010_2012__6e67ecb0,FTA-Fresno-Teachers-Association_CBA_2010-2012.pdf,Fresno Unified School District,85,This credit is not allowed unless the service interrupted tenure as a teacher in a public school system.,This credit,management,management,,True,passive,permission_verb,prohibition,prohibition,True,0.85,compensation,True,
fresno_unified_school_district__fta_fresno_teachers_association_cba_2010_2012__6e67ecb0,FTA-Fresno-Teachers-Association_CBA_2010-2012.pdf,Fresno Unified School District,85,"A teacher granted a leave of absence to the County Schools or California State University, Fresno, or for professional study in a recognized institution, upon return to duty, shall participate in the benefits","A teacher granted a leave of absence to the County Schools or California State University, Fresno, or for professional study in a recognized institution, upon return to duty",worker,worker,shall,False,active,plain,obligation,obligation,True,1.0,benefits,True,Truncated at end of chunk
fresno_unified_school_district__fta_fresno_teachers_association_cba_2010_2012__6e67ecb0,FTA-Fresno-Teachers-Association_CBA_2010-2012.pdf,Fresno Unified School District,86,"A teacher granted a leave of absence to the County Schools or California State University, Fresno, or for professional study in a recognized institution, upon return to duty, shall participate in the benefits of the regular increments of increase in salary.","A teacher granted a leave of absence to the County Schools or California State University, Fresno, or for professional study in a recognized institution, upon return to duty,",worker,worker,shall,False,active,plain,obligation,obligation,True,1.0,compensation,True,
fresno_unified_school_district__fta_fresno_teachers_association_cba_2010_2012__6e67ecb0,FTA-Fresno-Teachers-Association_CBA_2010-2012.pdf,Fresno Unified School District,86,"A Fresno Unified School District teacher on military leave of absence, service in Vista or Peace Corps, shall be given increment credit for each year of service upon his/her return (See Military Code Section 395.1).","A Fresno Unified School District teacher on military leave of absence, service in Vista or Peace Corps,",management,worker,shall,False,passive,rights_passive,right,obligation,False,1.0,compensation,True,
fresno_unified_school_district__fta_fresno_teachers_association_cba_2010_2012__6e67ecb0,FTA-Fresno-Teachers-Association_CBA_2010-2012.pdf,Fresno Unified School District,86,A nurse new to the District shall be granted year for year credit for actual nursing experience as a registered nurse or a public health nurse up to a maximum of five years.,A nurse new to the District,management,worker,shall,False,passive,rights_passive,right,obligation,False,1.0,compensation,True,
fresno_unified_school_district__fta_fresno_teachers_association_cba_2010_2012__6e67ecb0,FTA-Fresno-Teachers-Association_CBA_2010-2012.pdf,Fresno Unified School District,86,A teacher who is hired by the District in a K-12 program shall be given salary placement credit for previous teaching experience in Fresno Adult School program whose funding is based on average daily attendance.,A teacher who is hired by the District in a K-12 program,management,worker,shall,False,passive,rights_passive,right,obligation,False,1.0,compensation,True,
fresno_unified_school_district__fta_fresno_teachers_association_cba_2010_2012__6e67ecb0,FTA-Fresno-Teachers-Association_CBA_2010-2012.pdf,Fresno Unified School District,86,All units must be earned after receipt of the Bachelor's Degree.,All units,other,management,must,False,passive,plain,obligation,obligation,True,1.0,professional_development,True,
fresno_unified_school_district__fta_fresno_teachers_association_cba_2010_2012__6e67ecb0,FTA-Fresno-Teachers-Association_CBA_2010-2012.pdf,Fresno Unified School District,86,"All units, except those specifically provided hereinafter, must be acquired from an accredited college, or a university accredited by a regional college accrediting agency unless District approval is obtained.","All units, except those specifically provided hereinafter,",other,management,must,False,passive,plain,obligation,obligation,True,1.0,professional_development,True,
fresno_unified_school_district__fta_fresno_teachers_association_cba_2010_2012__6e67ecb0,FTA-Fresno-Teachers-Association_CBA_2010-2012.pdf,Fresno Unified School District,86,"One-third of all units above the Baccalaureate Degree shall be in the teacher's principal subject-matter area which shall include his/her teaching major, teaching minors, his/her undergraduate major and minor (if a teaching area) and those subjects which he/she has been assigned to teach or appropriate to professional educational goals.",One-third of all units above the Baccalaureate Degree,other,management,shall,False,active,plain,obligation,obligation,True,1.0,professional_development,True,
fresno_unified_school_district__fta_fresno_teachers_association_cba_2010_2012__6e67ecb0,FTA-Fresno-Teachers-Association_CBA_2010-2012.pdf,Fresno Unified School District,86,"The balance of units must be acceptable for a planned degree or credential, or must be in other subject-matter areas professionally related to the teaching field.",The balance of units,other,management,must,False,active,plain,obligation,obligation,True,1.0,professional_development,True,
fresno_unified_school_district__fta_fresno_teachers_association_cba_2010_2012__6e67ecb0,FTA-Fresno-Teachers-Association_CBA_2010-2012.pdf,Fresno Unified School District,86,"For elementary school teachers, the major subject-matter area may be a diversified academic major for specialization in elementary teaching only as established by the State Board of Education.",the major subject-matter area,other,worker,may,False,active,plain,permission,permission,True,0.3,professional_development,True,
fresno_unified_school_district__fta_fresno_teachers_association_cba_2010_2012__6e67ecb0,FTA-Fresno-Teachers-Association_CBA_2010-2012.pdf,Fresno Unified School District,86,It will consist of a variety of academic subject-matter courses which recognize the need for elementary teachers to have generalized preparation.,It,other,management,will,False,active,plain,obligation,obligation,True,0.9,professional_development,True,
fresno_unified_school_district__fta_fresno_teachers_association_cba_2010_2012__6e67ecb0,FTA-Fresno-Teachers-Association_CBA_2010-2012.pdf,Fresno Unified School District,86,"To receive credit for units, all college and university work must be submitted to the Division of Human Resources/Labor Relations for consideration and approval.",all college and university work,other,management,must,False,passive,plain,obligation,obligation,True,1.0,professional_development,True,
fresno_unified_school_district__fta_fresno_teachers_association_cba_2010_2012__6e67ecb0,FTA-Fresno-Teachers-Association_CBA_2010-2012.pdf,Fresno Unified School District,86,"All units earned beyond the Bachelor Degree must be upper division or graduate unless approval has been granted to include a specified lower division course, or courses, prerequisite or otherwise essential to the teacher's program of post-baccalaureate studies.",All units earned beyond the Bachelor Degree,other,management,must,False,active,plain,obligation,obligation,True,1.0,professional_development,True,
fresno_unified_school_district__fta_fresno_teachers_association_cba_2010_2012__6e67ecb0,FTA-Fresno-Teachers-Association_CBA_2010-2012.pdf,Fresno Unified School District,86,"Lower division courses in Mathematics, Foreign Language and Physical Science not included in a teacher's undergraduate program may generally be considered an essential part of a teacher's program of improvement.","Lower division courses in Mathematics, Foreign Language and Physical Science not included in a teacher's undergraduate program",other,worker,may,False,passive,plain,permission,permission,True,0.3,professional_development,True,
fresno_unified_school_district__fta_fresno_teachers_association_cba_2010_2012__6e67ecb0,FTA-Fresno-Teachers-Association_CBA_2010-2012.pdf,Fresno Unified School District,87,Any exception to the above requirements must receive written approval from the Division of Human Resources/Labor Relations before it will be considered.,Any exception to the above requirements,other,management,must,False,active,plain,obligation,obligation,True,1.0,other,True,
fresno_unified_school_district__fta_fresno_teachers_association_cba_2010_2012__6e67ecb0,FTA-Fresno-Teachers-Association_CBA_2010-2012.pdf,Fresno Unified School District,87,The request must be accompanied by a written explanation of why the exception should be granted.,The request,worker,management,must,False,passive,plain,obligation,obligation,True,1.0,other,True,
fresno_unified_school_district__fta_fresno_teachers_association_cba_2010_2012__6e67ecb0,FTA-Fresno-Teachers-Association_CBA_2010-2012.pdf,Fresno Unified School District,87,"In order to advance from one salary class to another, a transcript or grade cards containing credits must be presented to the Division of Human Resources/Labor Relations prior to AUGUST 31 OF EACH CALENDAR YEAR.",a transcript or grade cards containing credits,worker,management,must,False,passive,plain,obligation,obligation,True,1.0,compensation,True,
fresno_unified_school_district__fta_fresno_teachers_association_cba_2010_2012__6e67ecb0,FTA-Fresno-Teachers-Association_CBA_2010-2012.pdf,Fresno Unified School District,87,"Any teacher, who at the request of the Administration completes necessary course work for a higher-level credential after August 31 and is assigned to a higher-level teaching position, may be advanced on the Basic Salary Schedule subsequent to August 31 in the proper classification for the credential and experience.",Any teacher,management,worker,may,False,passive,rights_passive,right,right,True,0.3,compensation,True,
fresno_unified_school_district__fta_fresno_teachers_association_cba_2010_2012__6e67ecb0,FTA-Fresno-Teachers-Association_CBA_2010-2012.pdf,Fresno Unified School District,87,Only units earned after receipt of the Bachelor's Degree shall be considered for advancement to a higher classification.,Only units earned after receipt of the Bachelor's Degree,management,management,shall,False,passive,plain,obligation,obligation,True,1.0,compensation,True,
fresno_unified_school_district__fta_fresno_teachers_association_cba_2010_2012__6e67ecb0,FTA-Fresno-Teachers-Association_CBA_2010-2012.pdf,Fresno Unified School District,87,"In advancing to a higher class, a teacher shall be given full credit for each level previously earned.",a teacher,management,worker,shall,False,passive,rights_passive,right,right,True,1.0,compensation,True,
fresno_unified_school_district__fta_fresno_teachers_association_cba_2010_2012__6e67ecb0,FTA-Fresno-Teachers-Association_CBA_2010-2012.pdf,Fresno Unified School District,87,A teacher shall not be advanced to a higher class until the succeeding school year.,A teacher,management,management,shall,True,passive,plain,prohibition,prohibition,True,1.0,compensation,True,
fresno_unified_school_district__fta_fresno_teachers_association_cba_2010_2012__6e67ecb0,FTA-Fresno-Teachers-Association_CBA_2010-2012.pdf,Fresno Unified School District,87,Fifteen (15) college semester units may be earned for advancement on the basic salary schedule during the period from September 1 to August 31.,Fifteen (15) college semester units,worker,worker,may,False,passive,rights_passive,right,permission,False,0.3,compensation,True,
fresno_unified_school_district__fta_fresno_teachers_association_cba_2010_2012__6e67ecb0,FTA-Fresno-Teachers-Association_CBA_2010-2012.pdf,Fresno Unified School District,87,Only one classification move per year is allowed unless by prior approval by the District's Division of Human Resources/Labor Relations.,Only one classification move per year,management,management,,False,passive,plain,other,prohibition,False,0.0,compensation,True,
fresno_unified_school_district__fta_fresno_teachers_association_cba_2010_2012__6e67ecb0,FTA-Fresno-Teachers-Association_CBA_2010-2012.pdf,Fresno Unified School District,87,"District credits may be earned through courses taught by the Fresno Adult School which are organized in cooperation with the Instruction Division, and which are directly connected with the improvement of teaching in the Fresno Unified School District.",District credits,management,worker,may,False,passive,rights_passive,right,permission,False,0.3,professional_development,True,
fresno_unified_school_district__fta_fresno_teachers_association_cba_2010_2012__6e67ecb0,FTA-Fresno-Teachers-Association_CBA_2010-2012.pdf,Fresno Unified School District,87,"One unit of District credit shall be awarded upon successful completion of a course, provided a teacher has fulfilled no less than fifteen (15) hours of participation.",One unit of District credit,management,worker,shall,False,passive,rights_passive,right,right,True,1.0,professional_development,True,
fresno_unified_school_district__fta_fresno_teachers_association_cba_2010_2012__6e67ecb0,FTA-Fresno-Teachers-Association_CBA_2010-2012.pdf,Fresno Unified School District,87,"Courses offered for District credits shall have prior approval by a committee composed of representatives from the Instruction Division, Division of Human Resources/Labor Relations and the Superintendent.",Courses offered for District credits,other,management,shall,False,active,plain,obligation,obligation,True,1.0,professional_development,True,
fresno_unified_school_district__fta_fresno_teachers_association_cba_2010_2012__6e67ecb0,FTA-Fresno-Teachers-Association_CBA_2010-2012.pdf,Fresno Unified School District,87,No District credit may be earned by a teacher being paid for teaching a District credit class or inservice class.,No District credit,worker,management,may,True,passive,plain,prohibition,prohibition,True,0.3,compensation,True,
fresno_unified_school_district__fta_fresno_teachers_association_cba_2010_2012__6e67ecb0,FTA-Fresno-Teachers-Association_CBA_2010-2012.pdf,Fresno Unified School District,87,No more than four (4) District credits may be applied toward the fifteen (15) units necessary in advancement on the Basic Salary Schedule from one class to another.,No more than four (4) District credits,management,management,may,False,passive,plain,permission,prohibition,False,0.3,compensation,True,
fresno_unified_school_district__fta_fresno_teachers_association_cba_2010_2012__6e67ecb0,FTA-Fresno-Teachers-Association_CBA_2010-2012.pdf,Fresno Unified School District,88,Changes in salary for all certificated personnel resulting from a change in certification shall be made at the beginning of the fiscal school year only.,Changes in salary for all certificated personnel resulting from a change in certification,management,management,shall,False,passive,plain,obligation,obligation,True,1.0,compensation,True,
fresno_unified_school_district__fta_fresno_teachers_association_cba_2010_2012__6e67ecb0,FTA-Fresno-Teachers-Association_CBA_2010-2012.pdf,Fresno Unified School District,88,"In accordance with State law, the Board of Education reserves the right, in case of emergency or shortage of funds, to close the schools prior to the date announced in the calendar",the Board of Education,management,management,,False,active,plain,other,right,False,0.0,other,True,
fresno_unified_school_district__fta_fresno_teachers_association_cba_2010_2012__6e67ecb0,FTA-Fresno-Teachers-Association_CBA_2010-2012.pdf,Fresno Unified School District,88,and to pay teachers such part of the annual salary as the days of service rendered bear to the annual announced school term.,the Board of Education,management,management,,False,active,plain,other,obligation,False,0.0,compensation,True,Subject carried over from previous clause.
fresno_unified_school_district__fta_fresno_teachers_association_cba_2010_2012__6e67ecb0,FTA-Fresno-Teachers-Association_CBA_2010-2012.pdf,Fresno Unified School District,88,All probationary and permanent teachers shall be paid in twelve (12) equal installments beginning the last Work Day of August.,All probationary and permanent teachers,management,worker,shall,False,passive,rights_passive,right,obligation,False,1.0,compensation,True,
fresno_unified_school_district__fta_fresno_teachers_association_cba_2010_2012__6e67ecb0,FTA-Fresno-Teachers-Association_CBA_2010-2012.pdf,Fresno Unified School District,88,"Installments are paid on the last working day of each calendar month thereafter until the full amount earned shall have been paid,",Installments,management,worker,shall,False,passive,rights_passive,right,obligation,False,1.0,compensation,True,
fresno_unified_school_district__fta_fresno_teachers_association_cba_2010_2012__6e67ecb0,FTA-Fresno-Teachers-Association_CBA_2010-2012.pdf,Fresno Unified School District,88,he/she shall receive the remainder of salary due him/her in one final payment.,he/she,worker,worker,shall,False,active,rights_active,right,right,True,1.0,compensation,True,
fresno_unified_school_district__fta_fresno_teachers_association_cba_2010_2012__6e67ecb0,FTA-Fresno-Teachers-Association_CBA_2010-2012.pdf,Fresno Unified School District,88,No salary payment will be made after the second month of employment until all required personnel records are placed on file in the Division of Human Resources/Labor Relations.,No salary payment,management,management,will,True,passive,plain,prohibition,prohibition,True,0.9,compensation,True,
fresno_unified_school_district__fta_fresno_teachers_association_cba_2010_2012__6e67ecb0,FTA-Fresno-Teachers-Association_CBA_2010-2012.pdf,Fresno Unified School District,88,"Salary payments shall be electronically deposited to banking institutions of employees choice for all employees hired after July 1, 2000.",Salary payments,management,worker,shall,False,passive,plain,obligation,obligation,True,1.0,compensation,True,
fresno_unified_school_district__fta_fresno_teachers_association_cba_2010_2012__6e67ecb0,FTA-Fresno-Teachers-Association_CBA_2010-2012.pdf,Fresno Unified School District,88,Both parties have the obligation to inform the other of overpayment.,Both parties,other,management,,False,active,obligation_verb,obligation,obligation,True,0.85,compensation,True,
fresno_unified_school_district__fta_fresno_teachers_association_cba_2010_2012__6e67ecb0,FTA-Fresno-Teachers-Association_CBA_2010-2012.pdf,Fresno Unified School District,88,"In the event the District discovers an overpayment, it shall notify the employee in writing of the amount and the reason it occurred.",it,management,worker,shall,False,active,plain,obligation,obligation,True,1.0,compensation,True,
fresno_unified_school_district__fta_fresno_teachers_association_cba_2010_2012__6e67ecb0,FTA-Fresno-Teachers-Association_CBA_2010-2012.pdf,Fresno Unified School District,88,"If the employee agrees with the overpayment notice, he/she shall sign a statement authorizing the deduction and return it to the District.",he/she,worker,management,shall,False,active,plain,obligation,obligation,True,1.0,compensation,True,
fresno_unified_school_district__fta_fresno_teachers_association_cba_2010_2012__6e67ecb0,FTA-Fresno-Teachers-Association_CBA_2010-2012.pdf,Fresno Unified School District,88,"If the overpayment is $150.00 or less, the District may deduct the full amount from the employee's next payroll check.",the District,management,management,may,False,active,plain,permission,permission,True,0.3,compensation,True,
fresno_unified_school_district__fta_fresno_teachers_association_cba_2010_2012__6e67ecb0,FTA-Fresno-Teachers-Association_CBA_2010-2012.pdf,Fresno Unified School District,88,"If the payment is greater than $150, deductions from future paychecks shall be made at the same rate the employee was overpaid unless both parties agree this process would cause an unreasonable hardship on the employee.",deductions from future paychecks,management,worker,shall,False,passive,plain,obligation,obligation,True,1.0,compensation,True,
fresno_unified_school_district__fta_fresno_teachers_association_cba_2010_2012__6e67ecb0,FTA-Fresno-Teachers-Association_CBA_2010-2012.pdf,Fresno Unified School District,88,"If the employee disputes the overpayment or the amount, he/she may file a grievance, commencing at Level III, within fifteen calendar days of receipt of the notice of overpayment.",he/she,worker,worker,may,False,active,plain,permission,permission,True,0.3,discipline,True,
fresno_unified_school_district__fta_fresno_teachers_association_cba_2010_2012__6e67ecb0,FTA-Fresno-Teachers-Association_CBA_2010-2012.pdf,Fresno Unified School District,88,An arbitration award in the District's favor or the employee's failure to file a timely grievance on the issue of overpayment shall constitute full author,An arbitration award in the District's favor or the employee's failure to file a timely grievance on the issue of overpayment,other,management,shall,False,active,plain,obligation,obligation,True,1.0,discipline,True,Text truncated at end of chunk.
fresno_unified_school_district__fta_fresno_teachers_association_cba_2010_2012__6e67ecb0,FTA-Fresno-Teachers-Association_CBA_2010-2012.pdf,Fresno Unified School District,89,An arbitration award in the District's favor or the employee's failure to file a timely grievance on the issue of overpayment shall constitute full authorization for the District to make payroll deductions as provided above.,An arbitration award in the District's favor or the employee's failure to file a timely grievance on the issue of overpayment,other,management,shall,False,active,plain,obligation,obligation,True,1.0,compensation,True,
fresno_unified_school_district__fta_fresno_teachers_association_cba_2010_2012__6e67ecb0,FTA-Fresno-Teachers-Association_CBA_2010-2012.pdf,Fresno Unified School District,89,All certificated employees shall be placed on Salary Schedule A according to years of experience and training.,All certificated employees,management,worker,shall,False,passive,plain,obligation,obligation,True,1.0,compensation,True,
fresno_unified_school_district__fta_fresno_teachers_association_cba_2010_2012__6e67ecb0,FTA-Fresno-Teachers-Association_CBA_2010-2012.pdf,Fresno Unified School District,89,"Therefore, the factor shall change if the negotiated standard duty year (i.e. divisor) changes.",the factor,other,management,shall,False,active,plain,obligation,obligation,True,1.0,compensation,True,
fresno_unified_school_district__fta_fresno_teachers_association_cba_2010_2012__6e67ecb0,FTA-Fresno-Teachers-Association_CBA_2010-2012.pdf,Fresno Unified School District,90,"The annual salary for each type of position will be determined by applying the annual salary placement factor times placement on Salary Schedule A, and adjusted to keep per diem amounts uniform.",The annual salary for each type of position,management,management,will,False,passive,plain,obligation,obligation,True,0.9,compensation,True,
fresno_unified_school_district__fta_fresno_teachers_association_cba_2010_2012__6e67ecb0,FTA-Fresno-Teachers-Association_CBA_2010-2012.pdf,Fresno Unified School District,90,"The Doctorate, BA + 90, MA, and National Board Certification and Career Increment additional sums shall be applicable to all certificated personnel on placement factors.","The Doctorate, BA + 90, MA, and National Board Certification and Career Increment additional sums",other,worker,shall,False,active,plain,obligation,obligation,True,1.0,compensation,True,
fresno_unified_school_district__fta_fresno_teachers_association_cba_2010_2012__6e67ecb0,FTA-Fresno-Teachers-Association_CBA_2010-2012.pdf,Fresno Unified School District,90,The additional sums shall be added to the salary determined by the annual salary placement factor times placement on Salary Schedule A.,The additional sums,management,worker,shall,False,passive,plain,obligation,obligation,True,1.0,compensation,True,
fresno_unified_school_district__fta_fresno_teachers_association_cba_2010_2012__6e67ecb0,FTA-Fresno-Teachers-Association_CBA_2010-2012.pdf,Fresno Unified School District,90,All Child Development Center Teachers will be placed on the salary schedule according to years of experience and training.,All Child Development Center Teachers,management,worker,will,False,passive,plain,obligation,obligation,True,0.9,compensation,True,
fresno_unified_school_district__fta_fresno_teachers_association_cba_2010_2012__6e67ecb0,FTA-Fresno-Teachers-Association_CBA_2010-2012.pdf,Fresno Unified School District,90,A teacher new to the Fresno Unified School District will be classified according to the requirements stated in the schedule,A teacher new to the Fresno Unified School District,management,worker,will,False,passive,plain,obligation,obligation,True,0.9,compensation,True,
fresno_unified_school_district__fta_fresno_teachers_association_cba_2010_2012__6e67ecb0,FTA-Fresno-Teachers-Association_CBA_2010-2012.pdf,Fresno Unified School District,90,and will be placed on the appropriate step.,A teacher new to the Fresno Unified School District,management,worker,will,False,passive,plain,obligation,obligation,True,0.9,compensation,True,Subject implied from preceding clause.
fresno_unified_school_district__fta_fresno_teachers_association_cba_2010_2012__6e67ecb0,FTA-Fresno-Teachers-Association_CBA_2010-2012.pdf,Fresno Unified School District,90,"In order to advance from one salary class to another, a transcript or grade card containing credits must be presented to the Division of Human Resources/Labor Relations prior to June 30 of each calendar year.",a transcript or grade card containing credits,management,worker,must,False,passive,plain,obligation,obligation,True,1.0,compensation,True,
fresno_unified_school_district__fta_fresno_teachers_association_cba_2010_2012__6e67ecb0,FTA-Fresno-Teachers-Association_CBA_2010-2012.pdf,Fresno Unified School District,90,"When all class requirements are completed, advancement to the next higher class will be made as of July 1.",advancement to the next higher class,management,worker,will,False,passive,plain,obligation,obligation,True,0.9,compensation,True,
fresno_unified_school_district__fta_fresno_teachers_association_cba_2010_2012__6e67ecb0,FTA-Fresno-Teachers-Association_CBA_2010-2012.pdf,Fresno Unified School District,90,"All units for salary advancement, except those specifically provided hereinafter must be acquired from an accredited college, or a university accredited by a regional college accrediting agency.","All units for salary advancement, except those specifically provided hereinafter",worker,management,must,False,passive,plain,obligation,obligation,True,1.0,compensation,True,
fresno_unified_school_district__fta_fresno_teachers_association_cba_2010_2012__6e67ecb0,FTA-Fresno-Teachers-Association_CBA_2010-2012.pdf,Fresno Unified School District,90,District credits may be earned through courses taught by the Fresno Adult School which are organized in cooperation with the Instruction Division and which are directly connected with the improvement of teaching in the Fresno Unified School District.,District credits,management,worker,may,False,passive,plain,permission,permission,True,0.3,compensation,True,
fresno_unified_school_district__fta_fresno_teachers_association_cba_2010_2012__6e67ecb0,FTA-Fresno-Teachers-Association_CBA_2010-2012.pdf,Fresno Unified School District,90,"One unit of District credit shall be awarded upon successful completion of a course, provided a teacher has fulfilled no less than sixteen (16) hours of participation.",One unit of District credit,management,worker,shall,False,passive,rights_passive,right,obligation,False,1.0,compensation,True,
fresno_unified_school_district__fta_fresno_teachers_association_cba_2010_2012__6e67ecb0,FTA-Fresno-Teachers-Association_CBA_2010-2012.pdf,Fresno Unified School District,90,District credit may be applied to salary advancement;,District credit,management,worker,may,False,passive,plain,permission,permission,True,0.3,compensation,True,
fresno_unified_school_district__fta_fresno_teachers_association_cba_2010_2012__6e67ecb0,FTA-Fresno-Teachers-Association_CBA_2010-2012.pdf,Fresno Unified School District,90,"however, these units are not transferable to another District",these units,other,management,,True,active,plain,prohibition,prohibition,True,0.0,compensation,True,
fresno_unified_school_district__fta_fresno_teachers_association_cba_2010_2012__6e67ecb0,FTA-Fresno-Teachers-Association_CBA_2010-2012.pdf,Fresno Unified School District,90,nor will they satisfy permit or credential requirements.,they,other,management,will,True,active,plain,prohibition,prohibition,True,0.9,compensation,True,Negation carried by conjunctive 'nor'.
fresno_unified_school_district__fta_fresno_teachers_association_cba_2010_2012__6e67ecb0,FTA-Fresno-Teachers-Association_CBA_2010-2012.pdf,Fresno Unified School District,90,Lead Teachers will receive an additional 25 cents per hour.,Lead Teachers,worker,worker,will,False,active,rights_active,right,right,True,0.9,compensation,True,
fresno_unified_school_district__fta_fresno_teachers_association_cba_2010_2012__6e67ecb0,FTA-Fresno-Teachers-Association_CBA_2010-2012.pdf,Fresno Unified School District,90,Center Supervisors will receive an additional $1.00 per hour.,Center Supervisors,worker,worker,will,False,active,rights_active,right,right,True,0.9,compensation,True,
fresno_unified_school_district__fta_fresno_teachers_association_cba_2010_2012__6e67ecb0,FTA-Fresno-Teachers-Association_CBA_2010-2012.pdf,Fresno Unified School District,90,PACE Lead Teachers will receive an additional 50 cents an hour.,PACE Lead Teachers,worker,worker,will,False,active,rights_active,right,right,True,0.9,compensation,True,
fresno_unified_school_district__fta_fresno_teachers_association_cba_2010_2012__6e67ecb0,FTA-Fresno-Teachers-Association_CBA_2010-2012.pdf,Fresno Unified School District,90,Only Center Supervisors and Lead Teachers may advance beyond the solid line.,Only Center Supervisors and Lead Teachers,worker,management,may,False,active,plain,permission,permission,True,0.3,compensation,True,
fresno_unified_school_district__fta_fresno_teachers_association_cba_2010_2012__6e67ecb0,FTA-Fresno-Teachers-Association_CBA_2010-2012.pdf,Fresno Unified School District,90,"Children Center Permit is required for Class I, II, III and IV.",Children Center Permit,other,management,,False,active,obligation_verb,obligation,obligation,True,0.85,other,True,
fresno_unified_school_district__fta_fresno_teachers_association_cba_2010_2012__6e67ecb0,FTA-Fresno-Teachers-Association_CBA_2010-2012.pdf,Fresno Unified School District,90,Class V requires an Elementary or Secondary credential with a Home Economics Major.,Class V,other,management,,False,active,plain,other,other,True,0.0,other,True,
fresno_unified_school_district__fta_fresno_teachers_association_cba_2010_2012__6e67ecb0,FTA-Fresno-Teachers-Association_CBA_2010-2012.pdf,Fresno Unified School District,91,"In the event that a bargaining unit member changes from one activity to another within either of these two categories, but not between categories, they shall maintain the years of service credit for extra pay contracts within that category.",they,worker,worker,shall,False,active,plain,obligation,obligation,True,1.0,compensation,True,
fresno_unified_school_district__fta_fresno_teachers_association_cba_2010_2012__6e67ecb0,FTA-Fresno-Teachers-Association_CBA_2010-2012.pdf,Fresno Unified School District,91,Bargaining unit members may propose increases or additions to the existing EPES schedules by submitting such proposals directly to the FTA.,Bargaining unit members,worker,worker,may,False,active,plain,permission,permission,True,0.3,compensation,True,
fresno_unified_school_district__fta_fresno_teachers_association_cba_2010_2012__6e67ecb0,FTA-Fresno-Teachers-Association_CBA_2010-2012.pdf,Fresno Unified School District,91,The District may initiate EPES proposals by submitting their proposals directly to the FTA.,The District,management,management,may,False,active,plain,permission,permission,True,0.3,compensation,True,
fresno_unified_school_district__fta_fresno_teachers_association_cba_2010_2012__6e67ecb0,FTA-Fresno-Teachers-Association_CBA_2010-2012.pdf,Fresno Unified School District,91,the District will not consult or work with bargaining unit members on such proposals.,the District,management,management,will,True,active,plain,prohibition,prohibition,True,0.9,compensation,True,
fresno_unified_school_district__fta_fresno_teachers_association_cba_2010_2012__6e67ecb0,FTA-Fresno-Teachers-Association_CBA_2010-2012.pdf,Fresno Unified School District,91,Proposals made by either party shall be negotiated through the regular negotiation's process.,Proposals,other,worker,shall,False,passive,plain,obligation,obligation,True,1.0,other,True,
fresno_unified_school_district__fta_fresno_teachers_association_cba_2010_2012__6e67ecb0,FTA-Fresno-Teachers-Association_CBA_2010-2012.pdf,Fresno Unified School District,91,"such provisions or application will be deemed invalid, to the extent required by such court decision",such provisions or application,other,management,will,False,passive,plain,obligation,other,False,0.9,other,True,
fresno_unified_school_district__fta_fresno_teachers_association_cba_2010_2012__6e67ecb0,FTA-Fresno-Teachers-Association_CBA_2010-2012.pdf,Fresno Unified School District,91,all other provisions or applications shall continue in full force and effect.,all other provisions or applications,other,management,shall,False,active,plain,obligation,other,False,1.0,other,True,
fresno_unified_school_district__fta_fresno_teachers_association_cba_2010_2012__6e67ecb0,FTA-Fresno-Teachers-Association_CBA_2010-2012.pdf,Fresno Unified School District,91,the Board of Education shall reinstate any benefit reduced or eliminated to the extent allowable under law.,the Board of Education,management,worker,shall,False,active,plain,obligation,obligation,True,1.0,benefits,True,
fresno_unified_school_district__fta_fresno_teachers_association_cba_2010_2012__6e67ecb0,FTA-Fresno-Teachers-Association_CBA_2010-2012.pdf,Fresno Unified School District,91,the parties shall meet not later than ten (10) days after such court decision to renegotiate the provision or provisions affected.,the parties,other,worker,shall,False,active,plain,obligation,obligation,True,1.0,other,True,
fresno_unified_school_district__fta_fresno_teachers_association_cba_2010_2012__6e67ecb0,FTA-Fresno-Teachers-Association_CBA_2010-2012.pdf,Fresno Unified School District,92,"The principal, through the School Building Committee, is obligated to provide for teacher involvement, as requested by either party, in the school's decision making process, with final school site action being the responsibility of the principal.",The principal,management,worker,,False,active,obligation_verb,obligation,obligation,True,0.85,other,True,
fresno_unified_school_district__fta_fresno_teachers_association_cba_2010_2012__6e67ecb0,FTA-Fresno-Teachers-Association_CBA_2010-2012.pdf,Fresno Unified School District,92,The School Building Committee and the principal and/or his/her designee are to strive to arrive at decisions that are mutually acceptable.,The School Building Committee and the principal and/or his/her designee,other,worker,,False,active,obligation_verb,obligation,obligation,True,0.85,other,True,
fresno_unified_school_district__fta_fresno_teachers_association_cba_2010_2012__6e67ecb0,FTA-Fresno-Teachers-Association_CBA_2010-2012.pdf,Fresno Unified School District,92,The School Building Committee shall be created in each school building from the bargaining unit members of that building.,The School Building Committee,management,worker,shall,False,passive,plain,obligation,obligation,True,1.0,other,True,
fresno_unified_school_district__fta_fresno_teachers_association_cba_2010_2012__6e67ecb0,FTA-Fresno-Teachers-Association_CBA_2010-2012.pdf,Fresno Unified School District,92,The faculty representatives to the Committee shall be elected annually by the faculty.,The faculty representatives to the Committee,worker,worker,shall,False,passive,plain,obligation,obligation,True,1.0,other,True,
fresno_unified_school_district__fta_fresno_teachers_association_cba_2010_2012__6e67ecb0,FTA-Fresno-Teachers-Association_CBA_2010-2012.pdf,Fresno Unified School District,92,All elections under this article shall be conducted by the bargaining unit members within the school.,All elections under this article,worker,worker,shall,False,passive,plain,obligation,obligation,True,1.0,other,True,
fresno_unified_school_district__fta_fresno_teachers_association_cba_2010_2012__6e67ecb0,FTA-Fresno-Teachers-Association_CBA_2010-2012.pdf,Fresno Unified School District,92,"For faculties (includes all bargaining unit members working at a school site)* numbering one (1) through forty (40), the School Building Committee shall have three (3) members.",the School Building Committee,other,worker,shall,False,active,plain,obligation,obligation,True,1.0,other,True,
fresno_unified_school_district__fta_fresno_teachers_association_cba_2010_2012__6e67ecb0,FTA-Fresno-Teachers-Association_CBA_2010-2012.pdf,Fresno Unified School District,92,"For faculties (includes all bargaining unit members working at a school site)* numbering forty-one (41) through eighty (80), the School Building Committee shall have five (5) members.",the School Building Committee,other,worker,shall,False,active,plain,obligation,obligation,True,1.0,other,True,
fresno_unified_school_district__fta_fresno_teachers_association_cba_2010_2012__6e67ecb0,FTA-Fresno-Teachers-Association_CBA_2010-2012.pdf,Fresno Unified School District,92,"For faculties (includes all bargaining unit members working at a school site)* numbering more than eighty (80), the School Building Committee shall have seven (7) members.",the School Building Committee,other,worker,shall,False,active,plain,obligation,obligation,True,1.0,other,True,
fresno_unified_school_district__fta_fresno_teachers_association_cba_2010_2012__6e67ecb0,FTA-Fresno-Teachers-Association_CBA_2010-2012.pdf,Fresno Unified School District,92,Elections shall be conducted within the first two weeks of school.,Elections,management,worker,shall,False,passive,plain,obligation,obligation,True,1.0,other,True,
fresno_unified_school_district__fta_fresno_teachers_association_cba_2010_2012__6e67ecb0,FTA-Fresno-Teachers-Association_CBA_2010-2012.pdf,Fresno Unified School District,92,Vacancies will be filled by election for the remainder of that term.,Vacancies,management,worker,will,False,passive,plain,obligation,obligation,True,0.9,other,True,
fresno_unified_school_district__fta_fresno_teachers_association_cba_2010_2012__6e67ecb0,FTA-Fresno-Teachers-Association_CBA_2010-2012.pdf,Fresno Unified School District,92,All bargaining unit members within the school shall be eligible to vote for and hold elective positions of the School Building Committee.,All bargaining unit members within the school,worker,worker,shall,False,active,plain,obligation,right,False,1.0,other,True,
fresno_unified_school_district__fta_fresno_teachers_association_cba_2010_2012__6e67ecb0,FTA-Fresno-Teachers-Association_CBA_2010-2012.pdf,Fresno Unified School District,92,School Building Committee members may be elected to successive terms.,School Building Committee members,worker,worker,may,False,passive,plain,permission,permission,True,0.3,other,True,
fresno_unified_school_district__fta_fresno_teachers_association_cba_2010_2012__6e67ecb0,FTA-Fresno-Teachers-Association_CBA_2010-2012.pdf,Fresno Unified School District,92,*Bargaining unit members not permanently assigned to a school shall have the option of selecting a school in which they work for the purpose of exercising their right to vote for and hold a committee member's position.,*Bargaining unit members not permanently assigned to a school,worker,worker,shall,False,active,plain,obligation,right,False,1.0,other,True,
fresno_unified_school_district__fta_fresno_teachers_association_cba_2010_2012__6e67ecb0,FTA-Fresno-Teachers-Association_CBA_2010-2012.pdf,Fresno Unified School District,92,"The principal and/or his/her designee of each school shall meet each month during the school year with the Committee to discuss school issues, concerns and/or questions relating to the implementation of this Agreement.",The principal and/or his/her designee of each school,management,worker,shall,False,active,plain,obligation,obligation,True,1.0,other,True,
fresno_unified_school_district__fta_fresno_teachers_association_cba_2010_2012__6e67ecb0,FTA-Fresno-Teachers-Association_CBA_2010-2012.pdf,Fresno Unified School District,92,Monthly meetings may be waived by mutual agreement of the Committee and the principal.,Monthly meetings,management,worker,may,False,passive,plain,permission,permission,True,0.3,other,True,
fresno_unified_school_district__fta_fresno_teachers_association_cba_2010_2012__6e67ecb0,FTA-Fresno-Teachers-Association_CBA_2010-2012.pdf,Fresno Unified School District,92,All agendas for the Committee meeting with the principal should be prepared jointly by the principal and/or his/her designee and the Committee chairperson.,All agendas for the Committee meeting with the principal,management,worker,should,False,passive,plain,obligation,obligation,True,0.7,other,True,
fresno_unified_school_district__fta_fresno_teachers_association_cba_2010_2012__6e67ecb0,FTA-Fresno-Teachers-Association_CBA_2010-2012.pdf,Fresno Unified School District,93,The principal shall not be held accountable for lack of provision for input to any decision he makes that has not been placed on the agenda by either party.,The principal,management,management,shall,True,passive,plain,prohibition,prohibition,True,1.0,other,True,
fresno_unified_school_district__fta_fresno_teachers_association_cba_2010_2012__6e67ecb0,FTA-Fresno-Teachers-Association_CBA_2010-2012.pdf,Fresno Unified School District,93,Any decisions that are made by the principal that have not been put on an agenda may be put on a future agenda for discussion.,Any decisions that are made by the principal that have not been put on an agenda,management,worker,may,False,passive,plain,permission,permission,True,0.3,other,True,
fresno_unified_school_district__fta_fresno_teachers_association_cba_2010_2012__6e67ecb0,FTA-Fresno-Teachers-Association_CBA_2010-2012.pdf,Fresno Unified School District,93,The principal or the Committee may have up to three (3) additional representatives at meetings between the principal and the Committee.,The principal or the Committee,other,worker,may,False,active,plain,permission,permission,True,0.3,other,True,
fresno_unified_school_district__fta_fresno_teachers_association_cba_2010_2012__6e67ecb0,FTA-Fresno-Teachers-Association_CBA_2010-2012.pdf,Fresno Unified School District,93,This number may be exceeded upon mutual agreement.,This number,other,worker,may,False,passive,plain,permission,permission,True,0.3,other,True,
fresno_unified_school_district__fta_fresno_teachers_association_cba_2010_2012__6e67ecb0,FTA-Fresno-Teachers-Association_CBA_2010-2012.pdf,Fresno Unified School District,93,The Committee has the right to meet without management personnel being present.,The Committee,worker,worker,,False,active,rights_active,right,right,True,0.85,other,True,
fresno_unified_school_district__fta_fresno_teachers_association_cba_2010_2012__6e67ecb0,FTA-Fresno-Teachers-Association_CBA_2010-2012.pdf,Fresno Unified School District,93,Results or minutes of the Committee meetings with the principal should be prepared jointly,Results or minutes of the Committee meetings with the principal,other,worker,should,False,passive,plain,obligation,obligation,True,0.7,other,True,
fresno_unified_school_district__fta_fresno_teachers_association_cba_2010_2012__6e67ecb0,FTA-Fresno-Teachers-Association_CBA_2010-2012.pdf,Fresno Unified School District,93,and the cost assumed by the District.,the cost,management,worker,,False,passive,plain,other,obligation,False,0.0,other,True,
fresno_unified_school_district__fta_fresno_teachers_association_cba_2010_2012__6e67ecb0,FTA-Fresno-Teachers-Association_CBA_2010-2012.pdf,Fresno Unified School District,93,An annual workshop experience for School Building Committee members and principals shall be made available on a voluntary basis by the Association and the District.,An annual workshop experience for School Building Committee members and principals,worker,worker,shall,False,passive,rights_passive,right,obligation,False,1.0,professional_development,True,
fresno_unified_school_district__fta_fresno_teachers_association_cba_2010_2012__6e67ecb0,FTA-Fresno-Teachers-Association_CBA_2010-2012.pdf,Fresno Unified School District,93,"At least once each semester, the Superintendent and the Association president shall arrange for a meeting of up to one full day between the Association's Executive Board, representatives from the Superintendent's staff, and three Board of Education members.",the Superintendent and the Association president,other,worker,shall,False,active,plain,obligation,obligation,True,1.0,other,True,
fresno_unified_school_district__fta_fresno_teachers_association_cba_2010_2012__6e67ecb0,FTA-Fresno-Teachers-Association_CBA_2010-2012.pdf,Fresno Unified School District,93,Arrangements shall be made to cover classes for that day,Arrangements,management,worker,shall,False,passive,plain,obligation,obligation,True,1.0,other,True,
fresno_unified_school_district__fta_fresno_teachers_association_cba_2010_2012__6e67ecb0,FTA-Fresno-Teachers-Association_CBA_2010-2012.pdf,Fresno Unified School District,93,or the meeting may be scheduled on a day when no classes are in session.,the meeting,management,management,may,False,passive,plain,permission,permission,True,0.3,other,True,
fresno_unified_school_district__fta_fresno_teachers_association_cba_2010_2012__6e67ecb0,FTA-Fresno-Teachers-Association_CBA_2010-2012.pdf,Fresno Unified School District,93,The Superintendent and the Association president shall prepare the agenda,The Superintendent and the Association president,other,worker,shall,False,active,plain,obligation,obligation,True,1.0,other,True,
fresno_unified_school_district__fta_fresno_teachers_association_cba_2010_2012__6e67ecb0,FTA-Fresno-Teachers-Association_CBA_2010-2012.pdf,Fresno Unified School District,93,and distribute it to the persons involved at least one week prior to the meeting.,The Superintendent and the Association president,other,worker,,False,active,plain,other,other,True,0.0,other,True,
fresno_unified_school_district__fta_fresno_teachers_association_cba_2010_2012__6e67ecb0,FTA-Fresno-Teachers-Association_CBA_2010-2012.pdf,Fresno Unified School District,93,The Semi-Annual Meeting may be waived upon mutual agreement of both parties.,The Semi-Annual Meeting,other,worker,may,False,passive,plain,permission,permission,True,0.3,other,True,
fresno_unified_school_district__fta_fresno_teachers_association_cba_2010_2012__6e67ecb0,FTA-Fresno-Teachers-Association_CBA_2010-2012.pdf,Fresno Unified School District,93,The site-based decision-making body at each school shall be the School Site Council.,The site-based decision-making body at each school,other,worker,shall,False,active,plain,obligation,obligation,True,1.0,other,True,
fresno_unified_school_district__fta_fresno_teachers_association_cba_2010_2012__6e67ecb0,FTA-Fresno-Teachers-Association_CBA_2010-2012.pdf,Fresno Unified School District,93,Other adjunct groups shall be provided the opportunity to make recommendations and meet with the School Site Council.,Other adjunct groups,other,worker,shall,False,passive,rights_passive,right,right,True,1.0,other,True,
fresno_unified_school_district__fta_fresno_teachers_association_cba_2010_2012__6e67ecb0,FTA-Fresno-Teachers-Association_CBA_2010-2012.pdf,Fresno Unified School District,93,A district wide council shall be established to develop the criteria for the creation of an alternative organization for site-based decision-making.,A district wide council,other,worker,shall,False,passive,plain,obligation,obligation,True,1.0,other,True,
fresno_unified_school_district__fta_fresno_teachers_association_cba_2010_2012__6e67ecb0,FTA-Fresno-Teachers-Association_CBA_2010-2012.pdf,Fresno Unified School District,93,The Council will be responsible for the review of each school's alternative organization to assure that the school's plan is in compliance with such criteria.,The Council,other,worker,will,False,active,plain,obligation,obligation,True,0.9,other,True,
fresno_unified_school_district__fta_fresno_teachers_association_cba_2010_2012__6e67ecb0,FTA-Fresno-Teachers-Association_CBA_2010-2012.pdf,Fresno Unified School District,93,"The Council shall be composed of representatives of teachers, classified employees, site and district administrators and parents.",The Council,other,worker,shall,False,passive,plain,obligation,obligation,True,1.0,other,True,
fresno_unified_school_district__fta_fresno_teachers_association_cba_2010_2012__6e67ecb0,FTA-Fresno-Teachers-Association_CBA_2010-2012.pdf,Fresno Unified School District,94,"Reduction or elimination of bargaining unit member benefits contained within this Agreement by amendment or repeal of existing California or Federal law shall obligate the District, upon Association request, to meet and negotiate for the purpose of considering other similar benefits in compensation for only those benefits lost.",Reduction or elimination of bargaining unit member benefits contained within this Agreement by amendment or repeal of existing California or Federal law,other,worker,shall,False,active,plain,obligation,obligation,True,1.0,benefits,True,
fresno_unified_school_district__fta_fresno_teachers_association_cba_2010_2012__6e67ecb0,FTA-Fresno-Teachers-Association_CBA_2010-2012.pdf,Fresno Unified School District,94,Those classroom teachers who have tentative commitments for summer school positions and whose positions do not materialize shall be given priority consideration for any subsequent summer school vacancy which occurs during that summer session and for which they are qualified.,Those classroom teachers who have tentative commitments for summer school positions and whose positions do not materialize,management,worker,shall,False,passive,rights_passive,right,right,True,1.0,compensation,True,
fresno_unified_school_district__fta_fresno_teachers_association_cba_2010_2012__6e67ecb0,FTA-Fresno-Teachers-Association_CBA_2010-2012.pdf,Fresno Unified School District,94,Written notice of election to summer school employment shall include tentative location and subject assignment.,Written notice of election to summer school employment,other,worker,shall,False,active,plain,obligation,obligation,True,1.0,compensation,True,
fresno_unified_school_district__fta_fresno_teachers_association_cba_2010_2012__6e67ecb0,FTA-Fresno-Teachers-Association_CBA_2010-2012.pdf,Fresno Unified School District,94,"In summer school teaching positions, training in the subject matter field and/or specialty areas, and experience in the District for the position, will be given preference.","training in the subject matter field and/or specialty areas, and experience in the District for the position",management,worker,will,False,passive,plain,obligation,obligation,True,0.9,compensation,True,
fresno_unified_school_district__fta_fresno_teachers_association_cba_2010_2012__6e67ecb0,FTA-Fresno-Teachers-Association_CBA_2010-2012.pdf,Fresno Unified School District,94,The Substitute Teacher System shall be used for obtaining substitute teachers for summer school.,The Substitute Teacher System,management,management,shall,False,passive,plain,obligation,obligation,True,1.0,other,True,
fresno_unified_school_district__fta_fresno_teachers_association_cba_2010_2012__6e67ecb0,FTA-Fresno-Teachers-Association_CBA_2010-2012.pdf,Fresno Unified School District,94,Event numbers shall be established by the Substitute Office to identify summer school programs.,Event numbers,management,management,shall,False,passive,plain,obligation,obligation,True,1.0,other,True,
fresno_unified_school_district__fta_fresno_teachers_association_cba_2010_2012__6e67ecb0,FTA-Fresno-Teachers-Association_CBA_2010-2012.pdf,Fresno Unified School District,94,"Bargaining unit members on the Teachers Basic Salary Schedule A who voluntarily accept District assigned work during non-duty time which is not a part of their professional responsibilities within the Duty Day as covered in Article 20 - Hours - Bargaining Unit Members, or other sections of the contract shall be compensated at an hourly rate of $30.00.","Bargaining unit members on the Teachers Basic Salary Schedule A who voluntarily accept District assigned work during non-duty time which is not a part of their professional responsibilities within the Duty Day as covered in Article 20 - Hours - Bargaining Unit Members, or other sections of the contract",management,worker,shall,False,passive,rights_passive,right,right,True,1.0,compensation,True,
fresno_unified_school_district__fta_fresno_teachers_association_cba_2010_2012__6e67ecb0,FTA-Fresno-Teachers-Association_CBA_2010-2012.pdf,Fresno Unified School District,94,"Permanent positions shall be covered by existing EPES contracts, when appropriate.",Permanent positions,management,management,shall,False,passive,rights_passive,right,obligation,False,1.0,compensation,True,
fresno_unified_school_district__fta_fresno_teachers_association_cba_2010_2012__6e67ecb0,FTA-Fresno-Teachers-Association_CBA_2010-2012.pdf,Fresno Unified School District,94,The salary of any new EPES contracts shall be negotiated prior to implementation.,The salary of any new EPES contracts,management,worker,shall,False,passive,plain,obligation,obligation,True,1.0,compensation,True,
fresno_unified_school_district__fta_fresno_teachers_association_cba_2010_2012__6e67ecb0,FTA-Fresno-Teachers-Association_CBA_2010-2012.pdf,Fresno Unified School District,95,"A bargaining unit member may exercise the appropriate physical control necessary to maintain order, protect property, protect the health and safety of the students or to maintain conditions proper and appropriate to learning.",A bargaining unit member,worker,worker,may,False,active,permission_verb,permission,permission,True,0.3,safety_and_working_conditions,True,
fresno_unified_school_district__fta_fresno_teachers_association_cba_2010_2012__6e67ecb0,FTA-Fresno-Teachers-Association_CBA_2010-2012.pdf,Fresno Unified School District,95,"If employment continues longer than three (3) months, as specified above, the teacher shall be classified as a probationary teacher unless such teacher is classified temporary in accordance with sub paragraphs ""1.B."", ""1.C."" and ""1.D."" below;",the teacher,management,management,shall,False,passive,obligation_verb,obligation,obligation,True,1.0,job_security,True,
fresno_unified_school_district__fta_fresno_teachers_association_cba_2010_2012__6e67ecb0,FTA-Fresno-Teachers-Association_CBA_2010-2012.pdf,Fresno Unified School District,95,A temporary teacher may be employed to take the place of a regular teacher on leave of absence for at least one semester but not more than one school year.,A temporary teacher,management,management,may,False,passive,permission_verb,permission,permission,True,0.3,leave,True,
fresno_unified_school_district__fta_fresno_teachers_association_cba_2010_2012__6e67ecb0,FTA-Fresno-Teachers-Association_CBA_2010-2012.pdf,Fresno Unified School District,95,Any person employed for one or more complete school years shall have a maximum of two consecutive years of temporary service counted as probationary service when and if subsequently employed in a permanent position;,Any person employed for one or more complete school years,worker,worker,shall,False,active,rights_active,right,right,True,1.0,job_security,True,
fresno_unified_school_district__fta_fresno_teachers_association_cba_2010_2012__6e67ecb0,FTA-Fresno-Teachers-Association_CBA_2010-2012.pdf,Fresno Unified School District,95,A temporary teacher may be employed in positions wherein employment for the subsequent school year is contingent upon categorical aid funding;,A temporary teacher,management,management,may,False,passive,permission_verb,permission,permission,True,0.3,job_security,True,
fresno_unified_school_district__fta_fresno_teachers_association_cba_2010_2012__6e67ecb0,FTA-Fresno-Teachers-Association_CBA_2010-2012.pdf,Fresno Unified School District,95,A temporary teacher may be employed to replace a permanent teacher who is assigned to a position wherein employment for the subsequent school year is contingent upon categorical aid funding.,A temporary teacher,management,management,may,False,passive,permission_verb,permission,permission,True,0.3,job_security,True,
fresno_unified_school_district__fta_fresno_teachers_association_cba_2010_2012__6e67ecb0,FTA-Fresno-Teachers-Association_CBA_2010-2012.pdf,Fresno Unified School District,95,No newly hired teacher is to be assigned to any vacant position at any site until current employees wishing to transfer have been processed.,No newly hired teacher,management,worker,,True,passive,prohibition_verb,permission,prohibition,False,0.85,transfers,True,
fresno_unified_school_district__fta_fresno_teachers_association_cba_2010_2012__6e67ecb0,FTA-Fresno-Teachers-Association_CBA_2010-2012.pdf,Fresno Unified School District,95,Part-time temporary teachers wishing full-time employment may apply for full-time positions by informing Division of Human Resources/Labor Relations personnel who will process their request and provide opportunities for interviews with other applicants.,Part-time temporary teachers wishing full-time employment,worker,worker,may,False,active,permission_verb,permission,permission,True,0.3,transfers,True,
fresno_unified_school_district__fta_fresno_teachers_association_cba_2010_2012__6e67ecb0,FTA-Fresno-Teachers-Association_CBA_2010-2012.pdf,Fresno Unified School District,96,Part-time temporary teachers wishing full-time employment may apply for full-time positions by informing Division of Human Resources/Labor Relations personnel,Part-time temporary teachers wishing full-time employment,worker,worker,may,False,active,plain,permission,permission,True,0.3,transfers,True,
fresno_unified_school_district__fta_fresno_teachers_association_cba_2010_2012__6e67ecb0,FTA-Fresno-Teachers-Association_CBA_2010-2012.pdf,Fresno Unified School District,96,who will process their request and provide opportunities for interviews with other applicants.,who,management,worker,will,False,active,plain,obligation,obligation,True,0.9,transfers,True,Relative clause functioning as independent duty on DHR personnel.
fresno_unified_school_district__fta_fresno_teachers_association_cba_2010_2012__6e67ecb0,FTA-Fresno-Teachers-Association_CBA_2010-2012.pdf,Fresno Unified School District,96,All temporary teachers must have a preliminary evaluation completed prior to December 15.,All temporary teachers,worker,management,must,False,active,plain,obligation,obligation,True,1.0,evaluation,True,
fresno_unified_school_district__fta_fresno_teachers_association_cba_2010_2012__6e67ecb0,FTA-Fresno-Teachers-Association_CBA_2010-2012.pdf,Fresno Unified School District,96,"Those temporary teachers whose preliminary evaluation indicates a ""Does Not Meet Standards"" shall receive assistance in January","Those temporary teachers whose preliminary evaluation indicates a ""Does Not Meet Standards""",worker,worker,shall,False,active,rights_active,right,right,True,1.0,evaluation,True,
fresno_unified_school_district__fta_fresno_teachers_association_cba_2010_2012__6e67ecb0,FTA-Fresno-Teachers-Association_CBA_2010-2012.pdf,Fresno Unified School District,96,and provided a follow-up evaluation in February.,"Those temporary teachers whose preliminary evaluation indicates a ""Does Not Meet Standards""",management,worker,shall,False,passive,rights_passive,right,obligation,False,1.0,evaluation,True,Grammatical typo in source ('provided' instead of 'be provided').
fresno_unified_school_district__fta_fresno_teachers_association_cba_2010_2012__6e67ecb0,FTA-Fresno-Teachers-Association_CBA_2010-2012.pdf,Fresno Unified School District,96,"The primary evaluator shall notify the appropriate administrator, Division of Human Resources/Labor Relations, of those temporary teachers whose reevaluation in February indicates continuing deficiencies.",The primary evaluator,management,management,shall,False,active,plain,obligation,obligation,True,1.0,evaluation,True,
fresno_unified_school_district__fta_fresno_teachers_association_cba_2010_2012__6e67ecb0,FTA-Fresno-Teachers-Association_CBA_2010-2012.pdf,Fresno Unified School District,96,"Temporary teachers continuing to ""Not Meet Standards"" will be notified by March 15 that they may not be reemployed for the next school year.","Temporary teachers continuing to ""Not Meet Standards""",management,worker,will,False,passive,rights_passive,right,obligation,False,0.9,job_security,True,
fresno_unified_school_district__fta_fresno_teachers_association_cba_2010_2012__6e67ecb0,FTA-Fresno-Teachers-Association_CBA_2010-2012.pdf,Fresno Unified School District,96,"All temporary teachers receiving notice pursuant to subsection ""D."" above shall be reevaluated","All temporary teachers receiving notice pursuant to subsection ""D."" above",management,worker,shall,False,passive,plain,obligation,obligation,True,1.0,evaluation,True,
fresno_unified_school_district__fta_fresno_teachers_association_cba_2010_2012__6e67ecb0,FTA-Fresno-Teachers-Association_CBA_2010-2012.pdf,Fresno Unified School District,96,and the final evaluation with recommendation shall be submitted to the Division of Human Resources/Labor Relations by April 15.,the final evaluation with recommendation,management,worker,shall,False,passive,plain,obligation,obligation,True,1.0,evaluation,True,
fresno_unified_school_district__fta_fresno_teachers_association_cba_2010_2012__6e67ecb0,FTA-Fresno-Teachers-Association_CBA_2010-2012.pdf,Fresno Unified School District,96,"Dismissal of temporary teachers who receive ""Does Not Meet Standards"" shall be reviewed both as to process and substance by the Associate Superintendent, Division of Human Resources/Labor Relations, if the teacher requests such a review.","Dismissal of temporary teachers who receive ""Does Not Meet Standards""",management,worker,shall,False,passive,plain,obligation,obligation,True,1.0,job_security,True,
fresno_unified_school_district__fta_fresno_teachers_association_cba_2010_2012__6e67ecb0,FTA-Fresno-Teachers-Association_CBA_2010-2012.pdf,Fresno Unified School District,96,"In each case, the teacher is first required to discuss the ""Does Not Meet Standards"" with the primary evaluator.",the teacher,worker,management,,False,active,obligation_verb,obligation,obligation,True,0.85,evaluation,True,
fresno_unified_school_district__fta_fresno_teachers_association_cba_2010_2012__6e67ecb0,FTA-Fresno-Teachers-Association_CBA_2010-2012.pdf,Fresno Unified School District,96,"If the matter is not satisfactorily resolved, the temporary teacher may appeal and retain review by the Assistant Superintendent, Division of Human Resources/Labor Relations",the temporary teacher,worker,worker,may,False,active,plain,permission,permission,True,0.3,discipline,True,
fresno_unified_school_district__fta_fresno_teachers_association_cba_2010_2012__6e67ecb0,FTA-Fresno-Teachers-Association_CBA_2010-2012.pdf,Fresno Unified School District,96,whose decision shall be final and binding.,whose decision,other,management,shall,False,active,plain,obligation,other,False,1.0,discipline,True,
fresno_unified_school_district__fta_fresno_teachers_association_cba_2010_2012__6e67ecb0,FTA-Fresno-Teachers-Association_CBA_2010-2012.pdf,Fresno Unified School District,96,The decision of the Assistant Superintendent is not reviewable under the contract grievance and arbitration procedures.,The decision of the Assistant Superintendent,other,management,,True,active,plain,prohibition,prohibition,True,0.0,discipline,True,
fresno_unified_school_district__fta_fresno_teachers_association_cba_2010_2012__6e67ecb0,FTA-Fresno-Teachers-Association_CBA_2010-2012.pdf,Fresno Unified School District,96,"By the end of the instructional year, the District will notify in writing all temporary teachers as to either one of the following conditions regarding their reemployment.",the District,management,worker,will,False,active,plain,obligation,obligation,True,0.9,job_security,True,
fresno_unified_school_district__fta_fresno_teachers_association_cba_2010_2012__6e67ecb0,FTA-Fresno-Teachers-Association_CBA_2010-2012.pdf,Fresno Unified School District,96,"A statement issued to the California Unemployment Insurance Agency shall conform in text to the conditions delineated in ""2.A."" and ""2.B."" immediately above.",A statement issued to the California Unemployment Insurance Agency,management,worker,shall,False,active,plain,obligation,obligation,True,1.0,benefits,True,
fresno_unified_school_district__fta_fresno_teachers_association_cba_2010_2012__6e67ecb0,FTA-Fresno-Teachers-Association_CBA_2010-2012.pdf,Fresno Unified School District,97,"In the event a successor Agreement is not adopted prior to the termination date, this Agreement shall remain in full force and effect until such time as a successor Agreement is adopted or the impasse procedures set forth in Chapter 10.7, Division 4 of Title I of the Government Code, commencing with Section 3548, are exhausted.",this Agreement,other,worker,shall,False,active,plain,obligation,obligation,True,1.0,other,True,
fresno_unified_school_district__fta_fresno_teachers_association_cba_2010_2012__6e67ecb0,FTA-Fresno-Teachers-Association_CBA_2010-2012.pdf,Fresno Unified School District,97,This agreement shall be closed,This agreement,other,management,shall,False,passive,plain,obligation,other,False,1.0,other,True,
fresno_unified_school_district__fta_fresno_teachers_association_cba_2010_2012__6e67ecb0,FTA-Fresno-Teachers-Association_CBA_2010-2012.pdf,Fresno Unified School District,97,there shall be no negotiations between the parties for the 2011-2012 school year.,there,other,management,shall,True,active,plain,prohibition,prohibition,True,1.0,other,True,
fresno_unified_school_district__fta_fresno_teachers_association_cba_2010_2012__6e67ecb0,FTA-Fresno-Teachers-Association_CBA_2010-2012.pdf,Fresno Unified School District,97,there shall be no negotiations between the parties for the 2011-2012 school year except as follows:,there,other,management,shall,True,active,plain,prohibition,prohibition,True,1.0,other,True,
fresno_unified_school_district__fta_fresno_teachers_association_cba_2010_2012__6e67ecb0,FTA-Fresno-Teachers-Association_CBA_2010-2012.pdf,Fresno Unified School District,97,either party may reopen negotiations for the 2011-2012 school year on specific provisions of the Agreement which are or could be affected by such action.,either party,other,worker,may,False,active,plain,permission,permission,True,0.3,other,True,
fresno_unified_school_district__fta_fresno_teachers_association_cba_2010_2012__6e67ecb0,FTA-Fresno-Teachers-Association_CBA_2010-2012.pdf,Fresno Unified School District,97,Negotiations will begin within ten (10) school days after either party makes a request.,Negotiations,other,worker,will,False,active,plain,obligation,obligation,True,0.9,other,True,
fresno_unified_school_district__fta_fresno_teachers_association_cba_2010_2012__6e67ecb0,FTA-Fresno-Teachers-Association_CBA_2010-2012.pdf,Fresno Unified School District,97,the parties shall reopen negotiations over Article 50 Salary and one non-economic Article chosen by each party.,the parties,other,worker,shall,False,active,plain,obligation,obligation,True,1.0,compensation,True,
fresno_unified_school_district__fta_fresno_teachers_association_cba_2010_2012__6e67ecb0,FTA-Fresno-Teachers-Association_CBA_2010-2012.pdf,Fresno Unified School District,97,the parties shall exchange in writing their proposals for 2008-2009 negotiations.,the parties,other,worker,shall,False,active,plain,obligation,obligation,True,1.0,other,True,
fresno_unified_school_district__fta_fresno_teachers_association_cba_2010_2012__6e67ecb0,FTA-Fresno-Teachers-Association_CBA_2010-2012.pdf,Fresno Unified School District,97,"The Board shall then schedule public meetings as appropriate and necessary to comply with the public notice (""sunshining"") requirements set forth in Board Policy.",The Board,management,worker,shall,False,active,plain,obligation,obligation,True,1.0,other,True,
fresno_unified_school_district__fta_fresno_teachers_association_cba_2010_2012__6e67ecb0,FTA-Fresno-Teachers-Association_CBA_2010-2012.pdf,Fresno Unified School District,97,the parties shall meet and negotiate over 2008-2009 contract reopeners as set forth herein.,the parties,other,worker,shall,False,active,plain,obligation,obligation,True,1.0,other,True,
fresno_unified_school_district__fta_fresno_teachers_association_cba_2010_2012__6e67ecb0,FTA-Fresno-Teachers-Association_CBA_2010-2012.pdf,Fresno Unified School District,97,"either party may reopen on Article 50 Salary (in accordance with Article 18, Section V (5) 2006-2007 Health & Welfare and Compensation), Class Size, and two (2) additional non-economic Articles to be chosen by each party.",either party,other,worker,may,False,active,plain,permission,permission,True,0.3,compensation,True,
fresno_unified_school_district__fta_fresno_teachers_association_cba_2010_2012__6e67ecb0,FTA-Fresno-Teachers-Association_CBA_2010-2012.pdf,Fresno Unified School District,97,All provisions of the previous FTA-FUSD Agreement not modified by the successor agreement negotiations during 2006-2007 and 2007-2008 shall remain in full force and effect.,All provisions of the previous FTA-FUSD Agreement not modified by the successor agreement negotiations during 2006-2007 and 2007-2008,other,worker,shall,False,active,plain,obligation,obligation,True,1.0,other,True,
fresno_unified_school_district__fta_fresno_teachers_association_cba_2010_2012__6e67ecb0,FTA-Fresno-Teachers-Association_CBA_2010-2012.pdf,Fresno Unified School District,99,Nothing in this article shall be construed so as to prevent the District from moving specialized classes/programs to alternate school site facilities and transferring the specialized teachers of such classes/programs to the new facility.,Nothing in this article,other,management,shall,True,passive,plain,prohibition,permission,False,1.0,transfers,True,
fresno_unified_school_district__fta_fresno_teachers_association_cba_2010_2012__6e67ecb0,FTA-Fresno-Teachers-Association_CBA_2010-2012.pdf,Fresno Unified School District,99,This paragraph shall not be utilized so as to arbitrarily and capriciously move such classes/programs in order to involuntarily transfer the teacher.,This paragraph,other,worker,shall,True,passive,prohibition_verb,permission,prohibition,False,1.0,transfers,True,
fresno_unified_school_district__fta_fresno_teachers_association_cba_2010_2012__6e67ecb0,FTA-Fresno-Teachers-Association_CBA_2010-2012.pdf,Fresno Unified School District,99,"Nurses, Speech and Hearing Teachers and/or other personnel having permanent assignments in more than one school may have their schools' cluster configurations altered or changed to fit the program and/or enrollment needs of the District.","Nurses, Speech and Hearing Teachers and/or other personnel having permanent assignments in more than one school",worker,management,may,False,passive,rights_passive,right,permission,False,0.3,transfers,True,
fresno_unified_school_district__fta_fresno_teachers_association_cba_2010_2012__6e67ecb0,FTA-Fresno-Teachers-Association_CBA_2010-2012.pdf,Fresno Unified School District,99,Such notification is the responsibility of the employee on leave and must be in writing.,Such notification,worker,management,must,False,active,obligation_verb,obligation,obligation,True,1.0,leave,True,
fresno_unified_school_district__fta_fresno_teachers_association_cba_2010_2012__6e67ecb0,FTA-Fresno-Teachers-Association_CBA_2010-2012.pdf,Fresno Unified School District,99,"When a classroom teacher takes a leave of absence and expresses his/her desire to return to his/her current position at the end of that year of leave, the teaching vacancy thus created shall be filled by a temporary employee as provided in Education Code Section 44920.",the teaching vacancy thus created,worker,worker,shall,False,passive,plain,obligation,obligation,True,1.0,leave,True,
fresno_unified_school_district__fta_fresno_teachers_association_cba_2010_2012__6e67ecb0,FTA-Fresno-Teachers-Association_CBA_2010-2012.pdf,Fresno Unified School District,99,A bargaining unit member who has attained permanent status and has stayed at least two years after a voluntary transfer may apply for any permanent vacancy which occurs.,A bargaining unit member who has attained permanent status and has stayed at least two years after a voluntary transfer,worker,worker,may,False,active,permission_verb,permission,permission,True,0.3,transfers,True,
fresno_unified_school_district__fta_fresno_teachers_association_cba_2010_2012__6e67ecb0,FTA-Fresno-Teachers-Association_CBA_2010-2012.pdf,Fresno Unified School District,99,All vacancies which occur after the end of the first three (3) student instructional weeks and the completion of the fall leveling process shall be filled by the hiring of a temporary teacher.,All vacancies which occur after the end of the first three (3) student instructional weeks and the completion of the fall leveling process,worker,worker,shall,False,passive,plain,obligation,obligation,True,1.0,other,True,
fresno_unified_school_district__fta_fresno_teachers_association_cba_2010_2012__6e67ecb0,FTA-Fresno-Teachers-Association_CBA_2010-2012.pdf,Fresno Unified School District,99,FUSD Human Resources shall track and report all such positions to FTA for inclusion in a Lateral Interview Process for those permanent teachers wishing a transfer.,FUSD Human Resources,management,worker,shall,False,active,plain,obligation,obligation,True,1.0,transfers,True,
fresno_unified_school_district__fta_fresno_teachers_association_cba_2010_2012__6e67ecb0,FTA-Fresno-Teachers-Association_CBA_2010-2012.pdf,Fresno Unified School District,99,Any person selected during the Lateral Interview Process shall assume the position at the beginning of the next school year.,Any person selected during the Lateral Interview Process,worker,management,shall,False,active,plain,obligation,obligation,True,1.0,transfers,True,
fresno_unified_school_district__fta_fresno_teachers_association_cba_2010_2012__6e67ecb0,FTA-Fresno-Teachers-Association_CBA_2010-2012.pdf,Fresno Unified School District,99,All permanent employees seeking to transfer shall indicate their interest to FUSD Human Resources prior to the beginning of the Winter Break.,All permanent employees seeking to transfer,worker,management,shall,False,active,plain,obligation,obligation,True,1.0,transfers,True,
fresno_unified_school_district__fta_fresno_teachers_association_cba_2010_2012__6e67ecb0,FTA-Fresno-Teachers-Association_CBA_2010-2012.pdf,Fresno Unified School District,100,Those positions which become vacant or have not been filled after the spring staffing process and prior to the completion of the first three (3) student instructional weeks shall be posted electronically for five (5) consecutive work days.,Those positions which become vacant or have not been filled after the spring staffing process and prior to the completion of the first three (3) student instructional weeks,management,worker,shall,False,passive,plain,obligation,obligation,True,1.0,transfers,True,
fresno_unified_school_district__fta_fresno_teachers_association_cba_2010_2012__6e67ecb0,FTA-Fresno-Teachers-Association_CBA_2010-2012.pdf,Fresno Unified School District,100,School personnel will schedule an interview with all candidates who request an interview.,School personnel,management,worker,will,False,active,plain,obligation,obligation,True,0.9,transfers,True,
fresno_unified_school_district__fta_fresno_teachers_association_cba_2010_2012__6e67ecb0,FTA-Fresno-Teachers-Association_CBA_2010-2012.pdf,Fresno Unified School District,100,the applicant who will meet the needs of the receiving school in terms of balance shall be selected.,the applicant who will meet the needs of the receiving school in terms of balance,management,management,shall,False,passive,plain,obligation,obligation,True,1.0,transfers,True,Conditional preamble omitted.
fresno_unified_school_district__fta_fresno_teachers_association_cba_2010_2012__6e67ecb0,FTA-Fresno-Teachers-Association_CBA_2010-2012.pdf,Fresno Unified School District,100,The principal shall notify Division of Human Resources/Labor Relations of his/her recommendation for filling the vacancy immediately upon the conclusion of the interviewing process.,The principal,management,management,shall,False,active,plain,obligation,obligation,True,1.0,transfers,True,
fresno_unified_school_district__fta_fresno_teachers_association_cba_2010_2012__6e67ecb0,FTA-Fresno-Teachers-Association_CBA_2010-2012.pdf,Fresno Unified School District,100,The selection of a bargaining unit member for a position shall not be binding upon the bargaining unit member.,The selection of a bargaining unit member for a position,other,worker,shall,True,active,plain,prohibition,prohibition,True,1.0,transfers,True,
fresno_unified_school_district__fta_fresno_teachers_association_cba_2010_2012__6e67ecb0,FTA-Fresno-Teachers-Association_CBA_2010-2012.pdf,Fresno Unified School District,100,"The bargaining unit member must, however, immediately inform Division of Human Resources/Labor Relations or school principal of his/her acceptance or rejection of the appointment to the new position.",The bargaining unit member,worker,management,must,False,active,plain,obligation,obligation,True,1.0,transfers,True,
fresno_unified_school_district__fta_fresno_teachers_association_cba_2010_2012__6e67ecb0,FTA-Fresno-Teachers-Association_CBA_2010-2012.pdf,Fresno Unified School District,100,"the bargaining unit member may apply for a comparable vacancy or return to his/her original position, if available, or be reassigned.",the bargaining unit member,worker,worker,may,False,active,permission_verb,permission,permission,True,0.3,transfers,True,Conditional context omitted.
fresno_unified_school_district__fta_fresno_teachers_association_cba_2010_2012__6e67ecb0,FTA-Fresno-Teachers-Association_CBA_2010-2012.pdf,Fresno Unified School District,100,"In this event, the expected two years of service before applying for another transfer would be waived.",the expected two years of service before applying for another transfer,management,worker,would,False,passive,plain,other,permission,False,0.0,transfers,True,
fresno_unified_school_district__fta_fresno_teachers_association_cba_2010_2012__6e67ecb0,FTA-Fresno-Teachers-Association_CBA_2010-2012.pdf,Fresno Unified School District,100,the position may be filled by appropriate administrative action.,the position,management,management,may,False,passive,permission_verb,permission,permission,True,0.3,transfers,True,
fresno_unified_school_district__fta_fresno_teachers_association_cba_2010_2012__6e67ecb0,FTA-Fresno-Teachers-Association_CBA_2010-2012.pdf,Fresno Unified School District,100,Bargaining unit members should contact Division of Human Resources/Labor Relations for the purpose of initiating exchange transfers.,Bargaining unit members,worker,management,should,False,active,plain,obligation,obligation,True,0.7,transfers,True,
fresno_unified_school_district__fta_fresno_teachers_association_cba_2010_2012__6e67ecb0,FTA-Fresno-Teachers-Association_CBA_2010-2012.pdf,Fresno Unified School District,100,Division of Human Resources/Labor Relations will keep a file of bargaining unit members interested in an exchange transfer,Division of Human Resources/Labor Relations,management,worker,will,False,active,plain,obligation,obligation,True,0.9,transfers,True,Text truncated at chunk boundary.
fresno_unified_school_district__fta_fresno_teachers_association_cba_2010_2012__6e67ecb0,FTA-Fresno-Teachers-Association_CBA_2010-2012.pdf,Fresno Unified School District,101,All exchange transfers are subject to approval by Division of Human Resources/Labor Relations.,All exchange transfers,management,management,,False,passive,plain,other,other,True,0.0,transfers,True,
fresno_unified_school_district__fta_fresno_teachers_association_cba_2010_2012__6e67ecb0,FTA-Fresno-Teachers-Association_CBA_2010-2012.pdf,Fresno Unified School District,101,Division of Human Resources/Labor Relations will keep a file of bargaining unit members interested in an exchange transfer and initiate an exchange as possible.,Division of Human Resources/Labor Relations,management,worker,will,False,active,plain,obligation,obligation,True,0.9,transfers,True,
fresno_unified_school_district__fta_fresno_teachers_association_cba_2010_2012__6e67ecb0,FTA-Fresno-Teachers-Association_CBA_2010-2012.pdf,Fresno Unified School District,101,Bargaining unit members desiring transfer for purposes of professional enrichment shall inform the Division of Human Resources/Labor Relations in writing no later than April 1.,Bargaining unit members,worker,management,shall,False,active,plain,obligation,obligation,True,1.0,transfers,True,
fresno_unified_school_district__fta_fresno_teachers_association_cba_2010_2012__6e67ecb0,FTA-Fresno-Teachers-Association_CBA_2010-2012.pdf,Fresno Unified School District,101,The Division of Human Resources/Labor Relations will inform the bargaining unit member of anticipated openings in that teacher's area of qualification and for which the District has staffing needs.,The Division of Human Resources/Labor Relations,management,worker,will,False,active,plain,obligation,obligation,True,0.9,transfers,True,
fresno_unified_school_district__fta_fresno_teachers_association_cba_2010_2012__6e67ecb0,FTA-Fresno-Teachers-Association_CBA_2010-2012.pdf,Fresno Unified School District,101,"To be eligible for the program, the bargaining unit member must agree in writing to volunteer for transfer with final placement to be effected at the complete discretion of the Division of Human Resources/Labor Relations.",the bargaining unit member,worker,management,must,False,active,plain,obligation,obligation,True,1.0,transfers,True,
fresno_unified_school_district__fta_fresno_teachers_association_cba_2010_2012__6e67ecb0,FTA-Fresno-Teachers-Association_CBA_2010-2012.pdf,Fresno Unified School District,101,Bargaining unit members must have completed two years experience in the District to be eligible for the professional enrichment transfer program.,Bargaining unit members,worker,management,must,False,active,plain,obligation,obligation,True,1.0,transfers,True,
fresno_unified_school_district__fta_fresno_teachers_association_cba_2010_2012__6e67ecb0,FTA-Fresno-Teachers-Association_CBA_2010-2012.pdf,Fresno Unified School District,101,"After completion of one year in the new assignment, the bargaining unit member shall be awarded three (3) units of District Credits which may be used for advancement on the salary schedule with the limits identified in Article 50 - Salary, Advancement From One Class to Another, part (3)(G).",the bargaining unit member,management,worker,shall,False,passive,rights_passive,right,obligation,False,1.0,compensation,True,
fresno_unified_school_district__fta_fresno_teachers_association_cba_2010_2012__6e67ecb0,FTA-Fresno-Teachers-Association_CBA_2010-2012.pdf,Fresno Unified School District,101,Teachers may reapply for subsequent professional enrichment transfers after completion of two years in their new assignment.,Teachers,worker,worker,may,False,active,plain,permission,permission,True,0.3,transfers,True,
fresno_unified_school_district__fta_fresno_teachers_association_cba_2010_2012__6e67ecb0,FTA-Fresno-Teachers-Association_CBA_2010-2012.pdf,Fresno Unified School District,101,"A bargaining unit member or district representative, who believes there are special circumstances which would suggest a transfer would be in the best interest of the employee and the District, may petition the administration in Division of Human Resources/Labor Relations or FTA for special circumstances transfer consideration.",A bargaining unit member or district representative,worker,worker,may,False,active,plain,permission,permission,True,0.3,transfers,True,
fresno_unified_school_district__fta_fresno_teachers_association_cba_2010_2012__6e67ecb0,FTA-Fresno-Teachers-Association_CBA_2010-2012.pdf,Fresno Unified School District,101,"If the other party concurs with the request, preferential consideration will be given to the placement of the employee.",preferential consideration,management,worker,will,False,passive,plain,obligation,obligation,True,0.9,transfers,True,
fresno_unified_school_district__fta_fresno_teachers_association_cba_2010_2012__6e67ecb0,FTA-Fresno-Teachers-Association_CBA_2010-2012.pdf,Fresno Unified School District,101,"Request for consideration for a transfer under this provision shall include evidence of compelling special circumstances, such as documented health conditions, or personal differences with other site personnel, or philosophical differences with the type of school program, and which could reasonably be alleviated by moving to another site.",Request for consideration for a transfer under this provision,other,management,shall,False,active,plain,obligation,obligation,True,1.0,transfers,True,
fresno_unified_school_district__fta_fresno_teachers_association_cba_2010_2012__6e67ecb0,FTA-Fresno-Teachers-Association_CBA_2010-2012.pdf,Fresno Unified School District,101,"These examples shall not be construed as being all-inclusive of ""compelling special circumstances.""",These examples,other,management,shall,True,passive,plain,prohibition,other,False,1.0,other,True,
fresno_unified_school_district__fta_fresno_teachers_association_cba_2010_2012__6e67ecb0,FTA-Fresno-Teachers-Association_CBA_2010-2012.pdf,Fresno Unified School District,101,Emergency transfer of a bargaining unit member(s) may be requested in writing by the bargaining unit member(s) or members of management in line authority over the teacher.,Emergency transfer of a bargaining unit member(s),worker,worker,may,False,passive,plain,permission,permission,True,0.3,transfers,True,
fresno_unified_school_district__fta_fresno_teachers_association_cba_2010_2012__6e67ecb0,FTA-Fresno-Teachers-Association_CBA_2010-2012.pdf,Fresno Unified School District,101,"Such requests shall specify actions/ circumstances/events that constitute the emergency,",Such requests,other,management,shall,False,active,plain,obligation,obligation,True,1.0,transfers,True,
fresno_unified_school_district__fta_fresno_teachers_association_cba_2010_2012__6e67ecb0,FTA-Fresno-Teachers-Association_CBA_2010-2012.pdf,Fresno Unified School District,101,and copies of the request shall be transmitted immediately to all directly concerned parties.,copies of the request,management,worker,shall,False,passive,plain,obligation,obligation,True,1.0,transfers,True,
fresno_unified_school_district__fta_fresno_teachers_association_cba_2010_2012__6e67ecb0,FTA-Fresno-Teachers-Association_CBA_2010-2012.pdf,Fresno Unified School District,102,copies of the request shall be transmitted immediately to all directly concerned parties.,copies of the request,management,worker,shall,False,passive,plain,obligation,obligation,True,1.0,transfers,True,implicit agent is management/administration
fresno_unified_school_district__fta_fresno_teachers_association_cba_2010_2012__6e67ecb0,FTA-Fresno-Teachers-Association_CBA_2010-2012.pdf,Fresno Unified School District,102,"the bargaining unit member(s) shall immediately be afforded one day of release time to obtain representation and seek review by the Superintendent, or designee.",the bargaining unit member(s),management,worker,shall,False,passive,rights_passive,right,obligation,False,1.0,transfers,True,implicit agent is management/district
fresno_unified_school_district__fta_fresno_teachers_association_cba_2010_2012__6e67ecb0,FTA-Fresno-Teachers-Association_CBA_2010-2012.pdf,Fresno Unified School District,102,the employee shall be returned to the position from which the employee was removed by this provision.,the employee,management,worker,shall,False,passive,rights_passive,right,right,True,1.0,job_security,True,implicit agent is management/district
fresno_unified_school_district__fta_fresno_teachers_association_cba_2010_2012__6e67ecb0,FTA-Fresno-Teachers-Association_CBA_2010-2012.pdf,Fresno Unified School District,102,Bargaining unit members shall be immediately informed in writing of any administrative concerns regarding ineffectiveness or incompatibility at the time that known circumstances and/or events give rise to the concerns.,Bargaining unit members,management,worker,shall,False,passive,rights_passive,right,obligation,False,1.0,evaluation,True,implicit agent is management/administration
fresno_unified_school_district__fta_fresno_teachers_association_cba_2010_2012__6e67ecb0,FTA-Fresno-Teachers-Association_CBA_2010-2012.pdf,Fresno Unified School District,102,Bargaining unit members shall also simultaneously be informed of any proposed procedures for resolving the stated concerns and provided opportunity for a future conference with the administrator communicating the concerns.,Bargaining unit members,management,worker,shall,False,passive,rights_passive,right,obligation,False,1.0,evaluation,True,compound passive verbs ('informed' and 'provided')
fresno_unified_school_district__fta_fresno_teachers_association_cba_2010_2012__6e67ecb0,FTA-Fresno-Teachers-Association_CBA_2010-2012.pdf,Fresno Unified School District,102,The bargaining unit member shall also have the right to Association representation during such conferences.,The bargaining unit member,worker,worker,shall,False,active,rights_active,right,right,True,1.0,teacher_rights_and_conduct,True,
fresno_unified_school_district__fta_fresno_teachers_association_cba_2010_2012__6e67ecb0,FTA-Fresno-Teachers-Association_CBA_2010-2012.pdf,Fresno Unified School District,102,copies of a written request for transfer shall be submitted to the teacher and the appropriate person in the District's Division of Human Resources/Labor Relations by April 1 for transfers proposed for the beginning of the following school year.,copies of a written request for transfer,management,worker,shall,False,passive,plain,obligation,obligation,True,1.0,transfers,True,implicit agent is management/administration
fresno_unified_school_district__fta_fresno_teachers_association_cba_2010_2012__6e67ecb0,FTA-Fresno-Teachers-Association_CBA_2010-2012.pdf,Fresno Unified School District,102,Such written requests shall clearly indicate specific actions/circumstances/events that are alleged to demonstrate ineffectiveness and/or incompatibility and contain an account of the procedures followed to ameliorate the circumstances giving rise to the proposed action to transfer.,Such written requests,management,worker,shall,False,active,plain,obligation,obligation,True,1.0,transfers,True,compound predicate
fresno_unified_school_district__fta_fresno_teachers_association_cba_2010_2012__6e67ecb0,FTA-Fresno-Teachers-Association_CBA_2010-2012.pdf,Fresno Unified School District,102,The bargaining unit member shall have three (3) working days within which to request review.,The bargaining unit member,worker,worker,shall,False,active,rights_active,right,right,True,1.0,transfers,True,
fresno_unified_school_district__fta_fresno_teachers_association_cba_2010_2012__6e67ecb0,FTA-Fresno-Teachers-Association_CBA_2010-2012.pdf,Fresno Unified School District,102,"the Associate Superintendent, Division of Human Resources/Labor Relations, or his/her designee, shall schedule a conference wherein the merits of the proposed transfer may be thoroughly considered.","the Associate Superintendent, Division of Human Resources/Labor Relations, or his/her designee,",management,worker,shall,False,active,plain,obligation,obligation,True,1.0,transfers,True,conditional clause at start
fresno_unified_school_district__fta_fresno_teachers_association_cba_2010_2012__6e67ecb0,FTA-Fresno-Teachers-Association_CBA_2010-2012.pdf,Fresno Unified School District,102,"The bargaining unit member shall have the right to Association representation during such conference,",The bargaining unit member,worker,worker,shall,False,active,rights_active,right,right,True,1.0,transfers,True,
fresno_unified_school_district__fta_fresno_teachers_association_cba_2010_2012__6e67ecb0,FTA-Fresno-Teachers-Association_CBA_2010-2012.pdf,Fresno Unified School District,102,such conference shall occur not earlier than seven (7) nor later than fifteen (15) calendar days after the bargaining unit member(s) request.,such conference,management,worker,shall,False,active,plain,obligation,obligation,True,1.0,transfers,True,"""not earlier than... nor later than..."" is an affirmative floor/ceiling, not negation"
fresno_unified_school_district__fta_fresno_teachers_association_cba_2010_2012__6e67ecb0,FTA-Fresno-Teachers-Association_CBA_2010-2012.pdf,Fresno Unified School District,102,"Within five (5) days after the conference, the Associate Superintendent, Division of Human Resources/Labor Relations, shall submit his/her written disposition of the transfer request to the ba","the Associate Superintendent, Division of Human Resources/Labor Relations,",management,worker,shall,False,active,plain,obligation,obligation,True,1.0,transfers,True,text truncated at the end of the chunk
fresno_unified_school_district__fta_fresno_teachers_association_cba_2010_2012__6e67ecb0,FTA-Fresno-Teachers-Association_CBA_2010-2012.pdf,Fresno Unified School District,103,"Within five (5) days after the conference, the Associate Superintendent, Division of Human Resources/Labor Relations, shall submit his/her written disposition of the transfer request to the bargaining unit member(s).","the Associate Superintendent, Division of Human Resources/Labor Relations",management,worker,shall,False,active,plain,obligation,obligation,True,1.0,transfers,True,
fresno_unified_school_district__fta_fresno_teachers_association_cba_2010_2012__6e67ecb0,FTA-Fresno-Teachers-Association_CBA_2010-2012.pdf,Fresno Unified School District,103,The bargaining unit member(s) shall then have the right to submit the merits of the proposed transfer to the Grievance Procedure contained within this contract beginning at Level III.,The bargaining unit member(s),worker,worker,shall,False,active,rights_active,right,right,True,1.0,transfers,True,
fresno_unified_school_district__fta_fresno_teachers_association_cba_2010_2012__6e67ecb0,FTA-Fresno-Teachers-Association_CBA_2010-2012.pdf,Fresno Unified School District,103,"In reviewing charges of incompatibility and/or ineffectiveness, those responsible for conducting such review shall objectively and responsibly determine fault wherein ineffectiveness and/or incompatibility is primarily a result of an interpersonal strain between bargaining unit member(s) and the administrator seeking the bargaining unit member(s)' transfer.",those responsible for conducting such review,management,worker,shall,False,active,plain,obligation,obligation,True,1.0,evaluation,True,"Ambiguous subject 'those responsible for conducting such review', typically refers to management personnel."
fresno_unified_school_district__fta_fresno_teachers_association_cba_2010_2012__6e67ecb0,FTA-Fresno-Teachers-Association_CBA_2010-2012.pdf,Fresno Unified School District,103,"In those situations where the administrator seeking the transfer has not responsibly exercised fair judgment in the treatment of the bargaining unit member(s), the bargaining unit member(s) shall not be transferred for simple expediency.",the bargaining unit member(s),management,worker,shall,True,passive,plain,prohibition,prohibition,True,1.0,transfers,True,Passive construction; implicit agent is management.
fresno_unified_school_district__fta_fresno_teachers_association_cba_2010_2012__6e67ecb0,FTA-Fresno-Teachers-Association_CBA_2010-2012.pdf,Fresno Unified School District,103,The Association shall be informed in advance of any Board consideration of instructional program revision or reduction that has potential for program transfer.,The Association,management,worker,shall,False,passive,rights_passive,right,obligation,False,1.0,transfers,True,Passive construction; implicit agent is management.
fresno_unified_school_district__fta_fresno_teachers_association_cba_2010_2012__6e67ecb0,FTA-Fresno-Teachers-Association_CBA_2010-2012.pdf,Fresno Unified School District,103,"Assignment rights of bargaining unit member(s) going on leave (other than leave in accordance with Education Code, Section 14006, sick leave, health leave, parental leave, leave for accident or illness, or bereavement leave) contained within this contract may be suspended by the District only to the extent necessary to finalize staffing in accordance with legal credential and qualification requirements and only for the number of teachers necessary to implement Board action to revise or reduce the instructional program.","Assignment rights of bargaining unit member(s) going on leave (other than leave in accordance with Education Code, Section 14006, sick leave, health leave, parental leave, leave for accident or illness, or bereavement leave) contained within this contract",management,worker,may,False,passive,plain,permission,permission,True,0.3,leave,True,
fresno_unified_school_district__fta_fresno_teachers_association_cba_2010_2012__6e67ecb0,FTA-Fresno-Teachers-Association_CBA_2010-2012.pdf,Fresno Unified School District,103,Contemplated program transfers that would result in a bargaining unit member's crossover between elementary and secondary assignments shall not be effected until all other avenues enabled by this contract have been exhausted.,Contemplated program transfers that would result in a bargaining unit member's crossover between elementary and secondary assignments,management,worker,shall,True,passive,plain,prohibition,prohibition,True,1.0,transfers,True,
fresno_unified_school_district__fta_fresno_teachers_association_cba_2010_2012__6e67ecb0,FTA-Fresno-Teachers-Association_CBA_2010-2012.pdf,Fresno Unified School District,103,Bargaining unit member(s) transferred because of program revisions of instructional curriculum shall be given adequate release time to move personal effects and familiarize themselves with their new assignment in the event such transfers are implemented during the school year.,Bargaining unit member(s) transferred because of program revisions of instructional curriculum,management,worker,shall,False,passive,rights_passive,right,obligation,False,1.0,transfers,True,
fresno_unified_school_district__fta_fresno_teachers_association_cba_2010_2012__6e67ecb0,FTA-Fresno-Teachers-Association_CBA_2010-2012.pdf,Fresno Unified School District,103,"Prior to transferring bargaining unit member(s) because of apparent qualification deficiencies for a Board-enacted revision of instructional curriculum, the District, when reasonably feasible, shall attempt to develop needed qualifications among existing staff.",the District,management,worker,shall,False,active,plain,obligation,obligation,True,1.0,transfers,True,
fresno_unified_school_district__fta_fresno_teachers_association_cba_2010_2012__6e67ecb0,FTA-Fresno-Teachers-Association_CBA_2010-2012.pdf,Fresno Unified School District,103,The teacher may elect to forego such qualification development and become transferred.,The teacher,worker,worker,may,False,active,plain,permission,permission,True,0.3,transfers,True,
fresno_unified_school_district__fta_fresno_teachers_association_cba_2010_2012__6e67ecb0,FTA-Fresno-Teachers-Association_CBA_2010-2012.pdf,Fresno Unified School District,103,Such transferring of bargaining unit member(s) shall occur only to the extent necessary to implement a court order or recommendation from State/Federal agencies and in accordance with the procedure,Such transferring of bargaining unit member(s),management,worker,shall,False,active,plain,obligation,obligation,True,1.0,transfers,True,Text truncated at end of chunk.
fresno_unified_school_district__fta_fresno_teachers_association_cba_2010_2012__6e67ecb0,FTA-Fresno-Teachers-Association_CBA_2010-2012.pdf,Fresno Unified School District,104,Such transferring of bargaining unit member(s) shall occur only to the extent necessary to implement a court order or recommendation from State/Federal agencies and in accordance with the procedures specified in section 5(D) of this article.,Such transferring of bargaining unit member(s),other,worker,shall,False,active,plain,obligation,obligation,True,1.0,transfers,True,
fresno_unified_school_district__fta_fresno_teachers_association_cba_2010_2012__6e67ecb0,FTA-Fresno-Teachers-Association_CBA_2010-2012.pdf,Fresno Unified School District,104,Bargaining unit member(s) subject to such transfers shall be given adequate release time to move personal effects and familiarize themselves with their new assignment in the event such transfers occur during the school year.,Bargaining unit member(s) subject to such transfers,management,worker,shall,False,passive,rights_passive,right,obligation,False,1.0,transfers,True,
fresno_unified_school_district__fta_fresno_teachers_association_cba_2010_2012__6e67ecb0,FTA-Fresno-Teachers-Association_CBA_2010-2012.pdf,Fresno Unified School District,104,Reductions in staff size (overage transfers) shall be accomplished by the transfer of personnel from departments in secondary schools and by classroom positions in elementary schools.,Reductions in staff size (overage transfers),management,worker,shall,False,passive,plain,obligation,obligation,True,1.0,layoffs,True,
fresno_unified_school_district__fta_fresno_teachers_association_cba_2010_2012__6e67ecb0,FTA-Fresno-Teachers-Association_CBA_2010-2012.pdf,Fresno Unified School District,104,The principal will initially attempt to satisfy overage transfer requirements of the District by soliciting volunteers for such transfers.,The principal,management,worker,will,False,active,plain,obligation,obligation,True,0.9,layoffs,True,
fresno_unified_school_district__fta_fresno_teachers_association_cba_2010_2012__6e67ecb0,FTA-Fresno-Teachers-Association_CBA_2010-2012.pdf,Fresno Unified School District,104,"Additional employees in the affected departments and/or elementary classroom position shall be transferred, as necessary, beginning with the least senior person in the department or elementary classroom position with the following exceptions:",Additional employees in the affected departments and/or elementary classroom position,management,worker,shall,False,passive,plain,obligation,obligation,True,1.0,layoffs,True,
fresno_unified_school_district__fta_fresno_teachers_association_cba_2010_2012__6e67ecb0,FTA-Fresno-Teachers-Association_CBA_2010-2012.pdf,Fresno Unified School District,104,the construction of a list of teachers to be transferred would omit those teachers who are members of ethnic minorities needed to balance that staff.,the construction of a list of teachers to be transferred,other,worker,would,False,active,plain,other,other,True,0.0,other,True,
fresno_unified_school_district__fta_fresno_teachers_association_cba_2010_2012__6e67ecb0,FTA-Fresno-Teachers-Association_CBA_2010-2012.pdf,Fresno Unified School District,104,Bargaining unit members with bilingual skills shall be omitted from consideration for overage transfers if:,Bargaining unit members with bilingual skills,management,worker,shall,False,passive,plain,obligation,obligation,True,1.0,layoffs,True,Trailing colon introduces conditional list.
fresno_unified_school_district__fta_fresno_teachers_association_cba_2010_2012__6e67ecb0,FTA-Fresno-Teachers-Association_CBA_2010-2012.pdf,Fresno Unified School District,104,the construction of any list of bargaining unit member(s) to be transferred in reverse order of their employment in the District would omit those teachers needed to cover those sections.,the construction of any list of bargaining unit member(s) to be transferred in reverse order of their employment in the District,other,worker,would,False,active,plain,other,other,True,0.0,other,True,
fresno_unified_school_district__fta_fresno_teachers_association_cba_2010_2012__6e67ecb0,FTA-Fresno-Teachers-Association_CBA_2010-2012.pdf,Fresno Unified School District,104,"Any bargaining unit member who has been transferred for reasons of overage shall complete two full school years, or its equivalent, before being subjected to another overage transfer unless such practice would result in violation of a) and b) of this subsection.",Any bargaining unit member who has been transferred for reasons of overage,worker,worker,shall,False,active,plain,obligation,obligation,True,1.0,transfers,True,
fresno_unified_school_district__fta_fresno_teachers_association_cba_2010_2012__6e67ecb0,FTA-Fresno-Teachers-Association_CBA_2010-2012.pdf,Fresno Unified School District,105,Bargaining unit member(s) in assignments requiring a special credential shall be omitted from consideration for overage transfers.,Bargaining unit member(s) in assignments requiring a special credential,management,worker,shall,False,passive,plain,obligation,obligation,True,1.0,transfers,True,
fresno_unified_school_district__fta_fresno_teachers_association_cba_2010_2012__6e67ecb0,FTA-Fresno-Teachers-Association_CBA_2010-2012.pdf,Fresno Unified School District,105,Bargaining unit member(s) with assignments in more than one school shall be omitted from consideration for overage transfers unless such omission results in the creation of additional split assignments.,Bargaining unit member(s) with assignments in more than one school,management,worker,shall,False,passive,plain,obligation,obligation,True,1.0,transfers,True,
fresno_unified_school_district__fta_fresno_teachers_association_cba_2010_2012__6e67ecb0,FTA-Fresno-Teachers-Association_CBA_2010-2012.pdf,Fresno Unified School District,105,the seniority of that position shall be determined by using the District service of the most senior of the teachers involved.,the seniority of that position,management,worker,shall,False,passive,plain,obligation,obligation,True,1.0,seniority,True,
fresno_unified_school_district__fta_fresno_teachers_association_cba_2010_2012__6e67ecb0,FTA-Fresno-Teachers-Association_CBA_2010-2012.pdf,Fresno Unified School District,105,Bargaining unit members in grades 9 through 12 holding extra-pay contracts for the following activities shall be omitted from consideration for overage transfers:,Bargaining unit members in grades 9 through 12 holding extra-pay contracts for the following activities,management,worker,shall,False,passive,plain,obligation,obligation,True,1.0,transfers,True,
fresno_unified_school_district__fta_fresno_teachers_association_cba_2010_2012__6e67ecb0,FTA-Fresno-Teachers-Association_CBA_2010-2012.pdf,Fresno Unified School District,105,"Teachers having split assignments between departments, specialized programs, or grade level groupings shall be, for purposes of seniority ranking, considered members of the department or grade level that comprises a majority of their assignment.","Teachers having split assignments between departments, specialized programs, or grade level groupings",management,worker,shall,False,passive,plain,obligation,obligation,True,1.0,seniority,True,
fresno_unified_school_district__fta_fresno_teachers_association_cba_2010_2012__6e67ecb0,FTA-Fresno-Teachers-Association_CBA_2010-2012.pdf,Fresno Unified School District,105,Unit members not having such a majority assignment shall be designated as members of the department in which they have had the longest unbroken period of service.,Unit members not having such a majority assignment,management,worker,shall,False,passive,plain,obligation,obligation,True,1.0,seniority,True,
fresno_unified_school_district__fta_fresno_teachers_association_cba_2010_2012__6e67ecb0,FTA-Fresno-Teachers-Association_CBA_2010-2012.pdf,Fresno Unified School District,105,The District shall omit teachers with majority assignments in the following programs from construction of a list of teachers to be transferred:,The District,management,worker,shall,False,active,plain,obligation,obligation,True,1.0,transfers,True,
fresno_unified_school_district__fta_fresno_teachers_association_cba_2010_2012__6e67ecb0,FTA-Fresno-Teachers-Association_CBA_2010-2012.pdf,Fresno Unified School District,105,that teacher will receive such assignment,that teacher,worker,worker,will,False,active,rights_active,right,right,True,0.9,transfers,True,
fresno_unified_school_district__fta_fresno_teachers_association_cba_2010_2012__6e67ecb0,FTA-Fresno-Teachers-Association_CBA_2010-2012.pdf,Fresno Unified School District,105,and the other(s) placed in the overage pool.,the other(s),management,management,,False,passive,plain,other,other,True,0.0,transfers,True,Elliptical clause following coordinated main verb.
fresno_unified_school_district__fta_fresno_teachers_association_cba_2010_2012__6e67ecb0,FTA-Fresno-Teachers-Association_CBA_2010-2012.pdf,Fresno Unified School District,105,the teacher with the highest seniority will have first rights to such positions.,the teacher with the highest seniority,worker,worker,will,False,active,plain,obligation,right,False,0.9,seniority,True,
fresno_unified_school_district__fta_fresno_teachers_association_cba_2010_2012__6e67ecb0,FTA-Fresno-Teachers-Association_CBA_2010-2012.pdf,Fresno Unified School District,106,"If two or more of the teachers can fill the assignment in two or more departments, the teacher with the highest seniority will have first rights to such positions.",the teacher with the highest seniority,worker,worker,will,False,active,plain,obligation,right,False,0.9,seniority,True,
fresno_unified_school_district__fta_fresno_teachers_association_cba_2010_2012__6e67ecb0,FTA-Fresno-Teachers-Association_CBA_2010-2012.pdf,Fresno Unified School District,106,"Such teachers may be designated overage without regard to seniority protection if they refuse to accept and to perform at least two extra-pay contracts annually, if requested;",Such teachers,management,management,may,False,passive,plain,permission,permission,True,0.3,job_security,True,
fresno_unified_school_district__fta_fresno_teachers_association_cba_2010_2012__6e67ecb0,FTA-Fresno-Teachers-Association_CBA_2010-2012.pdf,Fresno Unified School District,106,Such personnel shall be afforded extra-pay contracts with due regard for the teachers level of experience and/or competency.,Such personnel,management,worker,shall,False,passive,rights_passive,right,right,True,1.0,compensation,True,
fresno_unified_school_district__fta_fresno_teachers_association_cba_2010_2012__6e67ecb0,FTA-Fresno-Teachers-Association_CBA_2010-2012.pdf,Fresno Unified School District,106,"The District shall exercise reasonable flexibility in assignments to such functions so as to accommodate the strengths, experience and/or competencies of bargaining unit members subject to this provision.",The District,management,worker,shall,False,active,plain,obligation,obligation,True,1.0,workload,True,
fresno_unified_school_district__fta_fresno_teachers_association_cba_2010_2012__6e67ecb0,FTA-Fresno-Teachers-Association_CBA_2010-2012.pdf,Fresno Unified School District,106,"Such personnel shall be subject to the conditions specified immediately above until they have performed extra-pay contracts for a total of twelve (12) school years at that school or have attained the age of 50, whichever occurs first.",Such personnel,worker,management,shall,False,active,plain,obligation,obligation,True,1.0,transfers,True,
fresno_unified_school_district__fta_fresno_teachers_association_cba_2010_2012__6e67ecb0,FTA-Fresno-Teachers-Association_CBA_2010-2012.pdf,Fresno Unified School District,106,"Bargaining unit members in grades 9 through 12 in departments other than P.E. who elect to teach at a certain school and are assigned to that school for the purpose of fulfilling an extra-pay contract assignment who refuse to accept or to perform such assignment, if requested for twelve (12) years or have attained age fifty (50) may be designated overage without regard to seniority protection.","Bargaining unit members in grades 9 through 12 in departments other than P.E. who elect to teach at a certain school and are assigned to that school for the purpose of fulfilling an extra-pay contract assignment who refuse to accept or to perform such assignment, if requested for twelve (12) years or have attained age fifty (50)",management,management,may,False,passive,plain,permission,permission,True,0.3,job_security,True,
fresno_unified_school_district__fta_fresno_teachers_association_cba_2010_2012__6e67ecb0,FTA-Fresno-Teachers-Association_CBA_2010-2012.pdf,Fresno Unified School District,106,"Bargaining unit members shall be afforded the ability to select from among known openings, for which they are credentialed and qualified, the week before such openings are advertised for other overage transferees.",Bargaining unit members,management,worker,shall,False,passive,rights_passive,right,right,True,1.0,transfers,True,
fresno_unified_school_district__fta_fresno_teachers_association_cba_2010_2012__6e67ecb0,FTA-Fresno-Teachers-Association_CBA_2010-2012.pdf,Fresno Unified School District,106,In the event more than one such bargaining unit member(s) selects a given opening the District shall select the candidate for this position.,the District,management,management,shall,False,active,plain,obligation,obligation,True,1.0,transfers,True,
fresno_unified_school_district__fta_fresno_teachers_association_cba_2010_2012__6e67ecb0,FTA-Fresno-Teachers-Association_CBA_2010-2012.pdf,Fresno Unified School District,106,"Persons who are notified that they will be subjected to involuntary transfers, for the purpose of reducing the size of a staff, shall concurrently be provided with notices of all known permanent vacancies, either existent or impending in the District.","Persons who are notified that they will be subjected to involuntary transfers, for the purpose of reducing the size of a staff,",management,worker,shall,False,passive,rights_passive,right,right,True,1.0,layoffs,True,
fresno_unified_school_district__fta_fresno_teachers_association_cba_2010_2012__6e67ecb0,FTA-Fresno-Teachers-Association_CBA_2010-2012.pdf,Fresno Unified School District,106,"Notices shall be issued at least twenty (20) calendar days prior to the end of the school year for overage known in spring, and within twenty (20) calendar days after the beginning of the school year for overage discovered in the fall.",Notices,other,worker,shall,False,passive,plain,obligation,obligation,True,1.0,transfers,True,
fresno_unified_school_district__fta_fresno_teachers_association_cba_2010_2012__6e67ecb0,FTA-Fresno-Teachers-Association_CBA_2010-2012.pdf,Fresno Unified School District,106,"Should the District be unable to provide notices of vacancies within the twenty (20) calendar day timeline, FTA shall be notified no less than five (5) days prior to the 20 day timeline as to when the District will provide notices to overage personnel.",FTA,management,worker,shall,False,passive,rights_passive,right,right,True,1.0,transfers,True,
fresno_unified_school_district__fta_fresno_teachers_association_cba_2010_2012__6e67ecb0,FTA-Fresno-Teachers-Association_CBA_2010-2012.pdf,Fresno Unified School District,107,FTA shall be notified no less than five (5) days prior to the 20 day timeline as to when the District will provide notices to overage personnel.,FTA,management,worker,shall,False,passive,rights_passive,right,right,True,1.0,transfers,True,Conditional trigger applies.
fresno_unified_school_district__fta_fresno_teachers_association_cba_2010_2012__6e67ecb0,FTA-Fresno-Teachers-Association_CBA_2010-2012.pdf,Fresno Unified School District,107,"notices of vacancies shall provide at least ten (10) working days, in which overage transfer bargaining unit member(s) may interview for the vacancies listed for the purpose of ascertaining the nature of the assignments particular to those vacancies.",notices of vacancies,other,worker,shall,False,active,plain,obligation,right,False,1.0,transfers,True,
fresno_unified_school_district__fta_fresno_teachers_association_cba_2010_2012__6e67ecb0,FTA-Fresno-Teachers-Association_CBA_2010-2012.pdf,Fresno Unified School District,107,the bargaining unit member may visit the school and talk with the principal's designee in order to fulfill the purpose of an interview.,the bargaining unit member,worker,worker,may,False,active,plain,permission,permission,True,0.3,transfers,True,
fresno_unified_school_district__fta_fresno_teachers_association_cba_2010_2012__6e67ecb0,FTA-Fresno-Teachers-Association_CBA_2010-2012.pdf,Fresno Unified School District,107,the District shall select the candidate for this position,the District,management,management,shall,False,active,plain,obligation,obligation,True,1.0,transfers,True,
fresno_unified_school_district__fta_fresno_teachers_association_cba_2010_2012__6e67ecb0,FTA-Fresno-Teachers-Association_CBA_2010-2012.pdf,Fresno Unified School District,107,"Teachers serving in 7-8 Grade Alternative Program Assignments (as designated in the Article ""Hours"", paragraph ""3.A."") after serving one year shall have reclamation rights to their previous assignment, or be afforded preferential placement in identified vacancies in accordance with the following provisions:","Teachers serving in 7-8 Grade Alternative Program Assignments (as designated in the Article ""Hours"", paragraph ""3.A."") after serving one year",worker,worker,shall,False,active,plain,obligation,right,False,1.0,transfers,True,"Compound predicate joined by ""or""."
fresno_unified_school_district__fta_fresno_teachers_association_cba_2010_2012__6e67ecb0,FTA-Fresno-Teachers-Association_CBA_2010-2012.pdf,Fresno Unified School District,107,"The District will make every effort to place such teachers in the school(s) of their choice, including informing principals of such school(s) of the District's obligation under these provisions.",The District,management,worker,will,False,active,plain,obligation,obligation,True,0.9,transfers,True,
fresno_unified_school_district__fta_fresno_teachers_association_cba_2010_2012__6e67ecb0,FTA-Fresno-Teachers-Association_CBA_2010-2012.pdf,Fresno Unified School District,107,"Such placement shall be subject to credentialing requirements, affirmative action needs and/or the specific program area specialization needs inherent in a particular vacancy.",Such placement,other,management,shall,False,active,plain,obligation,obligation,True,1.0,transfers,True,
fresno_unified_school_district__fta_fresno_teachers_association_cba_2010_2012__6e67ecb0,FTA-Fresno-Teachers-Association_CBA_2010-2012.pdf,Fresno Unified School District,107,the Association and the District may agree to waive specific provision of the Collective Bargaining Agreement.,the Association and the District,other,management,may,False,active,plain,permission,permission,True,0.3,other,True,
fresno_unified_school_district__fta_fresno_teachers_association_cba_2010_2012__6e67ecb0,FTA-Fresno-Teachers-Association_CBA_2010-2012.pdf,Fresno Unified School District,107,contract waivers shall be incorporated into the Collective Bargaining Agreement for a specific period of time and for a specific work site.,contract waivers,other,management,shall,False,passive,plain,obligation,obligation,True,1.0,other,True,
fresno_unified_school_district__fta_fresno_teachers_association_cba_2010_2012__6e67ecb0,FTA-Fresno-Teachers-Association_CBA_2010-2012.pdf,Fresno Unified School District,107,"any dispute as to a violation, interpretation or application will constitute a grievance within the meaning of Article 19 - Grievance Procedure of this Agreement.","any dispute as to a violation, interpretation or application",other,worker,will,False,active,plain,obligation,other,False,0.9,discipline,True,
fresno_unified_school_district__fta_fresno_teachers_association_cba_2010_2012__6e67ecb0,FTA-Fresno-Teachers-Association_CBA_2010-2012.pdf,Fresno Unified School District,108,"A waiver request of the contract is to be initiated by petition, signed by at least 25% of the Association members at the work site, including itinerant personnel (e.g. speech and hearing, special education, nurses, etc.) and submitted to the Association's president and the District's superintendent.",A waiver request,other,worker,,False,passive,plain,other,other,True,0.0,other,True,
fresno_unified_school_district__fta_fresno_teachers_association_cba_2010_2012__6e67ecb0,FTA-Fresno-Teachers-Association_CBA_2010-2012.pdf,Fresno Unified School District,108,"Upon certification of the required 25% of the members' signatures, a secret ballot vote shall be conducted by the Association's Faculty Representative or an Association designee at the work site.",a secret ballot vote,worker,worker,shall,False,passive,plain,obligation,obligation,True,1.0,other,True,
fresno_unified_school_district__fta_fresno_teachers_association_cba_2010_2012__6e67ecb0,FTA-Fresno-Teachers-Association_CBA_2010-2012.pdf,Fresno Unified School District,108,"The waiver request must receive the support of 75% of the votes cast by Association members assigned to the work site including itinerant personnel (e.g. speech and hearing, special education, nurses, etc.).",The waiver request,other,worker,must,False,active,plain,obligation,obligation,True,1.0,other,True,
fresno_unified_school_district__fta_fresno_teachers_association_cba_2010_2012__6e67ecb0,FTA-Fresno-Teachers-Association_CBA_2010-2012.pdf,Fresno Unified School District,108,Both the petition circulation and balloting for a waiver request shall be conducted to assure that year round 'off track' teachers and others have a reasonable opportunity to sign a petition and/or cast a vote in the waiver election.,Both the petition circulation and balloting for a waiver request,management,worker,shall,False,passive,plain,obligation,obligation,True,1.0,other,True,
fresno_unified_school_district__fta_fresno_teachers_association_cba_2010_2012__6e67ecb0,FTA-Fresno-Teachers-Association_CBA_2010-2012.pdf,Fresno Unified School District,108,Upon certification of the required 75% support the waiver request shall be submitted in writing to the Association's president and the District's superintendent for each party's consideration.,the waiver request,management,management,shall,False,passive,plain,obligation,obligation,True,1.0,other,True,
fresno_unified_school_district__fta_fresno_teachers_association_cba_2010_2012__6e67ecb0,FTA-Fresno-Teachers-Association_CBA_2010-2012.pdf,Fresno Unified School District,108,The Association president will present the waiver request to the Executive Board for approval,The Association president,worker,worker,will,False,active,plain,obligation,obligation,True,0.9,other,True,
fresno_unified_school_district__fta_fresno_teachers_association_cba_2010_2012__6e67ecb0,FTA-Fresno-Teachers-Association_CBA_2010-2012.pdf,Fresno Unified School District,108,the superintendent will present the waiver request to the Board of Education for approval.,the superintendent,management,management,will,False,active,plain,obligation,obligation,True,0.9,other,True,
fresno_unified_school_district__fta_fresno_teachers_association_cba_2010_2012__6e67ecb0,FTA-Fresno-Teachers-Association_CBA_2010-2012.pdf,Fresno Unified School District,108,"Upon concurrence by the Association and the District, contract waivers shall become a provision of the Collective Bargaining Agreement and applicable at the specific work site for the specific period of the waiver.",contract waivers,other,management,shall,False,active,plain,obligation,obligation,True,1.0,other,True,
fresno_unified_school_district__fta_fresno_teachers_association_cba_2010_2012__6e67ecb0,FTA-Fresno-Teachers-Association_CBA_2010-2012.pdf,Fresno Unified School District,108,A waiver may be renewed or rescinded by following the above procedure.,A waiver,other,management,may,False,passive,plain,permission,permission,True,0.3,other,True,
fresno_unified_school_district__fta_fresno_teachers_association_cba_2010_2012__6e67ecb0,FTA-Fresno-Teachers-Association_CBA_2010-2012.pdf,Fresno Unified School District,108,"The Board of Education shall make available in each school adequate lunchroom, restroom and lavatory facilities for bargaining unit members' use.",The Board of Education,management,worker,shall,False,active,plain,obligation,obligation,True,1.0,safety_and_working_conditions,True,
fresno_unified_school_district__fta_fresno_teachers_association_cba_2010_2012__6e67ecb0,FTA-Fresno-Teachers-Association_CBA_2010-2012.pdf,Fresno Unified School District,108,Bargaining unit members shall not be required to work under unsafe conditions or to perform tasks which endanger their health or safety which have been brought to the attention of the District.,Bargaining unit members,worker,worker,shall,True,passive,plain,prohibition,prohibition,True,1.0,safety_and_working_conditions,True,
fresno_unified_school_district__fta_fresno_teachers_association_cba_2010_2012__6e67ecb0,FTA-Fresno-Teachers-Association_CBA_2010-2012.pdf,Fresno Unified School District,108,"A teacher will be informed in writing at the time a student is enrolled in his/her class, or as soon as the administrator knows, of the student's history of violent behavior or conduct which caused, or was a threat to cause, bodily injury to another person.",A teacher,management,worker,will,False,passive,rights_passive,right,right,True,0.9,safety_and_working_conditions,True,
fresno_unified_school_district__fta_fresno_teachers_association_cba_2010_2012__6e67ecb0,FTA-Fresno-Teachers-Association_CBA_2010-2012.pdf,Fresno Unified School District,108,"The site administration shall inform other unit members who, in the judgement of the administration, should also be aware of a particular student's history",The site administration,management,worker,shall,False,active,plain,obligation,obligation,True,1.0,safety_and_working_conditions,True,Truncated at end of chunk.
fresno_unified_school_district__fta_fresno_teachers_association_cba_2010_2012__6e67ecb0,FTA-Fresno-Teachers-Association_CBA_2010-2012.pdf,Fresno Unified School District,109,"The site administration shall inform other unit members who, in the judgement of the administration, should also be aware of a particular student's history.",The site administration,management,worker,shall,False,active,plain,obligation,obligation,True,1.0,safety_and_working_conditions,True,
fresno_unified_school_district__fta_fresno_teachers_association_cba_2010_2012__6e67ecb0,FTA-Fresno-Teachers-Association_CBA_2010-2012.pdf,Fresno Unified School District,109,The District will make every reasonable effort to notify teachers of specific threats to teachers of physical violence and/or the presence of weapons or criminal activity on or in the immediate vicinity of the campus.,The District,management,worker,will,False,active,plain,obligation,obligation,True,0.9,safety_and_working_conditions,True,
fresno_unified_school_district__fta_fresno_teachers_association_cba_2010_2012__6e67ecb0,FTA-Fresno-Teachers-Association_CBA_2010-2012.pdf,Fresno Unified School District,109,The District will investigate any reports of work place violence or harassment or threatened violence,The District,management,worker,will,False,active,plain,obligation,obligation,True,0.9,safety_and_working_conditions,True,Split from compound sentence.
fresno_unified_school_district__fta_fresno_teachers_association_cba_2010_2012__6e67ecb0,FTA-Fresno-Teachers-Association_CBA_2010-2012.pdf,Fresno Unified School District,109,and reasonably pursue all avenues to provide a safe work place.,The District,management,worker,,False,active,plain,other,obligation,False,0.0,safety_and_working_conditions,True,Continuation of compound sentence.
fresno_unified_school_district__fta_fresno_teachers_association_cba_2010_2012__6e67ecb0,FTA-Fresno-Teachers-Association_CBA_2010-2012.pdf,Fresno Unified School District,109,"the School Building Committee may request that the Division Office review evening activities in terms of time, place, and safety for all participants.",the School Building Committee,other,worker,may,False,active,plain,permission,permission,True,0.3,safety_and_working_conditions,True,
fresno_unified_school_district__fta_fresno_teachers_association_cba_2010_2012__6e67ecb0,FTA-Fresno-Teachers-Association_CBA_2010-2012.pdf,Fresno Unified School District,109,All teachers shall have access to 911 from their classroom(s).,All teachers,worker,worker,shall,False,active,rights_active,right,right,True,1.0,safety_and_working_conditions,True,
fresno_unified_school_district__fta_fresno_teachers_association_cba_2010_2012__6e67ecb0,FTA-Fresno-Teachers-Association_CBA_2010-2012.pdf,Fresno Unified School District,109,FTA and/or affected unit member(s) shall notify the appropriate District department as soon as possible if there is a problem with such access.,FTA and/or affected unit member(s),worker,management,shall,False,active,plain,obligation,obligation,True,1.0,safety_and_working_conditions,True,
fresno_unified_school_district__fta_fresno_teachers_association_cba_2010_2012__6e67ecb0,FTA-Fresno-Teachers-Association_CBA_2010-2012.pdf,Fresno Unified School District,109,unit members at the school so designated shall be provided an opportunity to transfer to a non-year round school.,unit members at the school so designated,management,worker,shall,False,passive,rights_passive,right,right,True,1.0,transfers,True,
fresno_unified_school_district__fta_fresno_teachers_association_cba_2010_2012__6e67ecb0,FTA-Fresno-Teachers-Association_CBA_2010-2012.pdf,Fresno Unified School District,109,The unit member shall provide a list of preferred schools to which the unit member may be assigned.,The unit member,worker,management,shall,False,active,plain,obligation,obligation,True,1.0,transfers,True,
fresno_unified_school_district__fta_fresno_teachers_association_cba_2010_2012__6e67ecb0,FTA-Fresno-Teachers-Association_CBA_2010-2012.pdf,Fresno Unified School District,109,"Rotating unit members shall be provided: Duty-free time before and after instruction time, to the extent possible, for the week before the move, the week of the move and the week following the move.",Rotating unit members,management,worker,shall,False,passive,rights_passive,right,right,True,1.0,workload,True,
fresno_unified_school_district__fta_fresno_teachers_association_cba_2010_2012__6e67ecb0,FTA-Fresno-Teachers-Association_CBA_2010-2012.pdf,Fresno Unified School District,109,"District provided rolling cabinets, district provided file cabinets, and unit member provided boxes which may be stored at the school site will be moved for each bargaining unit member making a room or track change.","District provided rolling cabinets, district provided file cabinets, and unit member provided boxes",other,worker,will,False,passive,plain,obligation,obligation,True,0.9,other,True,Inanimate subject.
fresno_unified_school_district__fta_fresno_teachers_association_cba_2010_2012__6e67ecb0,FTA-Fresno-Teachers-Association_CBA_2010-2012.pdf,Fresno Unified School District,109,The bargaining unit member is responsible for preparing and packing the containers.,The bargaining unit member,worker,management,,False,active,obligation_verb,obligation,obligation,True,0.85,other,True,
fresno_unified_school_district__fta_fresno_teachers_association_cba_2010_2012__6e67ecb0,FTA-Fresno-Teachers-Association_CBA_2010-2012.pdf,Fresno Unified School District,109,Student testing and evaluation timelines shall conform to the traditional schedule as closely as possible and in so far as allowed by law and/or State Department Guidelines.,Student testing and evaluation timelines,other,management,shall,False,active,plain,obligation,obligation,True,1.0,other,True,Inanimate subject.
fresno_unified_school_district__fta_fresno_teachers_association_cba_2010_2012__6e67ecb0,FTA-Fresno-Teachers-Association_CBA_2010-2012.pdf,Fresno Unified School District,110,Effective the 2000-2001 school year a stipend of $500 will be available to a teacher who volunteers at each grade level except kindergarten to become a roving teacher.,a stipend of $500,other,worker,will,False,active,rights_passive,right,right,True,0.9,compensation,True,
fresno_unified_school_district__fta_fresno_teachers_association_cba_2010_2012__6e67ecb0,FTA-Fresno-Teachers-Association_CBA_2010-2012.pdf,Fresno Unified School District,110,the institute day immediately preceding the start of a track session will not be used for any District assigned work or inservice.,the institute day immediately preceding the start of a track session,management,worker,will,True,passive,prohibition_verb,permission,prohibition,False,0.9,other,True,
fresno_unified_school_district__fta_fresno_teachers_association_cba_2010_2012__6e67ecb0,FTA-Fresno-Teachers-Association_CBA_2010-2012.pdf,Fresno Unified School District,110,Any necessary track meeting will be limited to a short portion of the day.,Any necessary track meeting,management,worker,will,False,passive,plain,obligation,obligation,True,0.9,workload,True,
fresno_unified_school_district__fta_fresno_teachers_association_cba_2010_2012__6e67ecb0,FTA-Fresno-Teachers-Association_CBA_2010-2012.pdf,Fresno Unified School District,110,The District agrees to make every attempt to avoid rotating assignments for unit members at the kindergarten level.,The District,management,worker,,False,active,obligation_verb,obligation,obligation,True,0.85,transfers,True,
fresno_unified_school_district__fta_fresno_teachers_association_cba_2010_2012__6e67ecb0,FTA-Fresno-Teachers-Association_CBA_2010-2012.pdf,Fresno Unified School District,110,Bargaining unit members will be given first consideration for use in the roles of substitute and intersession teachers in the District.,Bargaining unit members,management,worker,will,False,passive,rights_passive,right,right,True,0.9,compensation,True,
fresno_unified_school_district__fta_fresno_teachers_association_cba_2010_2012__6e67ecb0,FTA-Fresno-Teachers-Association_CBA_2010-2012.pdf,Fresno Unified School District,110,"The District, in conjunction with the Association, shall develop a plan with unit members who are ""on break"" for distribution of District, site, and track information.","The District, in conjunction with the Association",management,worker,shall,False,active,obligation_verb,obligation,obligation,True,1.0,other,True,
fresno_unified_school_district__fta_fresno_teachers_association_cba_2010_2012__6e67ecb0,FTA-Fresno-Teachers-Association_CBA_2010-2012.pdf,Fresno Unified School District,110,Site administration shall implement the plan.,Site administration,management,worker,shall,False,active,obligation_verb,obligation,obligation,True,1.0,other,True,
fresno_unified_school_district__fta_fresno_teachers_association_cba_2010_2012__6e67ecb0,FTA-Fresno-Teachers-Association_CBA_2010-2012.pdf,Fresno Unified School District,110,"Unit members shall be granted flexibility of exchanging instructional coverage of their classes with other unit members who ""are on break"".",Unit members,management,worker,shall,False,passive,rights_passive,right,right,True,1.0,workload,True,
fresno_unified_school_district__fta_fresno_teachers_association_cba_2010_2012__6e67ecb0,FTA-Fresno-Teachers-Association_CBA_2010-2012.pdf,Fresno Unified School District,110,"Initiation of the exchange and provision for payback must be completed, in writing at least one week before the exchange is to begin together with the acknowledgment(s) of the administrator(s).",Initiation of the exchange and provision for payback,other,management,must,False,passive,obligation_verb,obligation,obligation,True,1.0,other,True,
fresno_unified_school_district__fta_fresno_teachers_association_cba_2010_2012__6e67ecb0,FTA-Fresno-Teachers-Association_CBA_2010-2012.pdf,Fresno Unified School District,110,the justification for disapproval shall be made in writing and subject to review through the grievance procedure.,the justification for disapproval,management,worker,shall,False,passive,obligation_verb,obligation,obligation,True,1.0,discipline,True,
fresno_unified_school_district__fta_fresno_teachers_association_cba_2010_2012__6e67ecb0,FTA-Fresno-Teachers-Association_CBA_2010-2012.pdf,Fresno Unified School District,110,a unit member shall be assigned to their track of choice.,a unit member,management,worker,shall,False,passive,rights_passive,right,right,True,1.0,transfers,True,
fresno_unified_school_district__fta_fresno_teachers_association_cba_2010_2012__6e67ecb0,FTA-Fresno-Teachers-Association_CBA_2010-2012.pdf,Fresno Unified School District,110,"a unit member can choose a track which most closely corresponds to the schedule of their student children, or spouse if their children attend FUSD schools or if their spouse is employed by FUSD.",a unit member,worker,worker,can,False,active,permission_verb,permission,permission,True,0.3,transfers,True,
fresno_unified_school_district__fta_fresno_teachers_association_cba_2010_2012__6e67ecb0,FTA-Fresno-Teachers-Association_CBA_2010-2012.pdf,Fresno Unified School District,110,"If both of the above situations occur, the unit member shall exercise the option of track assignment.",the unit member,worker,worker,shall,False,active,obligation_verb,obligation,obligation,True,1.0,transfers,True,
fresno_unified_school_district__fta_fresno_teachers_association_cba_2010_2012__6e67ecb0,FTA-Fresno-Teachers-Association_CBA_2010-2012.pdf,Fresno Unified School District,111,the association member shall not be reassigned to another grade level more than once every two years except where the unit members may be reassigned to the grade level taught during the prior two year period.,the association member,worker,worker,shall,True,passive,plain,prohibition,prohibition,True,1.0,transfers,True,
fresno_unified_school_district__fta_fresno_teachers_association_cba_2010_2012__6e67ecb0,FTA-Fresno-Teachers-Association_CBA_2010-2012.pdf,Fresno Unified School District,111,All unit members assigned to a year round school shall be assigned to a particular track,All unit members assigned to a year round school,worker,management,shall,False,passive,plain,obligation,obligation,True,1.0,other,True,
fresno_unified_school_district__fta_fresno_teachers_association_cba_2010_2012__6e67ecb0,FTA-Fresno-Teachers-Association_CBA_2010-2012.pdf,Fresno Unified School District,111,"for that school year, the unit member's schedule shall coincide with the assigned track schedule.",the unit member's schedule,other,management,shall,False,active,plain,obligation,obligation,True,1.0,other,True,
fresno_unified_school_district__fta_fresno_teachers_association_cba_2010_2012__6e67ecb0,FTA-Fresno-Teachers-Association_CBA_2010-2012.pdf,Fresno Unified School District,111,no modification will be effected until discussion with and agreement by the unit member is completed.,no modification,worker,worker,will,True,passive,plain,prohibition,prohibition,True,0.9,transfers,True,
fresno_unified_school_district__fta_fresno_teachers_association_cba_2010_2012__6e67ecb0,FTA-Fresno-Teachers-Association_CBA_2010-2012.pdf,Fresno Unified School District,111,"The District shall make every effort to assign year round teachers, who notify the District of their intent to retire one year in advance, to TRACK C and/or traditional school year assignment, if requested by the teacher.",The District,management,worker,shall,False,active,plain,obligation,obligation,True,1.0,transfers,True,
fresno_unified_school_district__fta_fresno_teachers_association_cba_2010_2012__6e67ecb0,FTA-Fresno-Teachers-Association_CBA_2010-2012.pdf,Fresno Unified School District,111,Year round unit members shall continue to be evaluated pursuant to Article 16 Evaluations-Bargaining Unit Members) with appropriate modifications to the timelines to reflect the year round calendar.,Year round unit members,worker,management,shall,False,passive,plain,obligation,obligation,True,1.0,evaluation,True,
fresno_unified_school_district__fta_fresno_teachers_association_cba_2010_2012__6e67ecb0,FTA-Fresno-Teachers-Association_CBA_2010-2012.pdf,Fresno Unified School District,111,Teacher interns shall be appropriately placed on Schedule A.,Teacher interns,worker,management,shall,False,passive,plain,obligation,obligation,True,1.0,other,True,
fresno_unified_school_district__fta_fresno_teachers_association_cba_2010_2012__6e67ecb0,FTA-Fresno-Teachers-Association_CBA_2010-2012.pdf,Fresno Unified School District,111,some intern programs may require a payroll deduction as a condition of participation in the program.,some intern programs,other,management,may,False,active,plain,permission,permission,True,0.3,compensation,True,
fresno_unified_school_district__fta_fresno_teachers_association_cba_2010_2012__6e67ecb0,FTA-Fresno-Teachers-Association_CBA_2010-2012.pdf,Fresno Unified School District,111,A teacher with provisional credential and less than a BA degree shall receive $500 per year less than Class I,A teacher with provisional credential and less than a BA degree,worker,management,shall,False,active,rights_active,right,obligation,False,1.0,compensation,True,
fresno_unified_school_district__fta_fresno_teachers_association_cba_2010_2012__6e67ecb0,FTA-Fresno-Teachers-Association_CBA_2010-2012.pdf,Fresno Unified School District,111,may not advance past Step 5.,[implied: A teacher],worker,management,may,True,active,plain,prohibition,prohibition,True,0.3,compensation,True,Continuation of previous independent clause.
fresno_unified_school_district__fta_fresno_teachers_association_cba_2010_2012__6e67ecb0,FTA-Fresno-Teachers-Association_CBA_2010-2012.pdf,Fresno Unified School District,111,exceptions may be made when conditions warrant such exceptions.,exceptions,management,management,may,False,passive,plain,permission,permission,True,0.3,other,True,
fresno_unified_school_district__fta_fresno_teachers_association_cba_2010_2012__6e67ecb0,FTA-Fresno-Teachers-Association_CBA_2010-2012.pdf,Fresno Unified School District,111,"Unit members with a full credential but with less than a BA plus 30 units shall advance beyond Class I, Level I, only if they were hired prior to 1969-70.",Unit members with a full credential but with less than a BA plus 30 units,worker,management,shall,False,active,plain,obligation,obligation,True,1.0,compensation,True,
fresno_unified_school_district__fta_fresno_teachers_association_cba_2010_2012__6e67ecb0,FTA-Fresno-Teachers-Association_CBA_2010-2012.pdf,Fresno Unified School District,112,All units and credentials must be verified and recorded in the Division of Human Resources/Labor Relations.,All units and credentials,other,management,must,False,passive,plain,obligation,obligation,True,1.0,other,True,
fresno_unified_school_district__fta_fresno_teachers_association_cba_2010_2012__6e67ecb0,FTA-Fresno-Teachers-Association_CBA_2010-2012.pdf,Fresno Unified School District,112,Full credit will be given for verified K-12 teaching service.,Full credit,other,worker,will,False,passive,rights_passive,right,right,True,0.9,compensation,True,
fresno_unified_school_district__fta_fresno_teachers_association_cba_2010_2012__6e67ecb0,FTA-Fresno-Teachers-Association_CBA_2010-2012.pdf,Fresno Unified School District,113,teachers with 7 yrs or less service credit will be placed on the salary level which represents their current year of service.,teachers with 7 yrs or less service credit,management,worker,will,False,passive,plain,obligation,obligation,True,0.9,compensation,True,
fresno_unified_school_district__fta_fresno_teachers_association_cba_2010_2012__6e67ecb0,FTA-Fresno-Teachers-Association_CBA_2010-2012.pdf,Fresno Unified School District,113,Teachers with 8 or more years of experience will begin at the level representing completed years of experience.,Teachers with 8 or more years of experience,worker,worker,will,False,active,plain,obligation,obligation,True,0.9,compensation,True,
fresno_unified_school_district__fta_fresno_teachers_association_cba_2010_2012__6e67ecb0,FTA-Fresno-Teachers-Association_CBA_2010-2012.pdf,Fresno Unified School District,113,up to five (5) years of service credit shall be granted for out-of-district service.,up to five (5) years of service credit,management,worker,shall,False,passive,rights_passive,right,right,True,1.0,compensation,True,
fresno_unified_school_district__fta_fresno_teachers_association_cba_2010_2012__6e67ecb0,FTA-Fresno-Teachers-Association_CBA_2010-2012.pdf,Fresno Unified School District,113,"Unit members with less than a BA + 30 units shall advance beyond Class I, Step I only if they were hired prior to 1969-1970.",Unit members with less than a BA + 30 units,worker,management,shall,False,active,plain,obligation,obligation,True,1.0,compensation,True,
fresno_unified_school_district__fta_fresno_teachers_association_cba_2010_2012__6e67ecb0,FTA-Fresno-Teachers-Association_CBA_2010-2012.pdf,Fresno Unified School District,116,"Pre-school teachers who teach two class sessions shall have the option, after consulting with the principal of scheduling a 30 minute duty free lunch period.",Pre-school teachers who teach two class sessions,worker,worker,shall,False,active,permission_verb,permission,permission,True,1.0,workload,True,
fresno_unified_school_district__fta_fresno_teachers_association_cba_2010_2012__6e67ecb0,FTA-Fresno-Teachers-Association_CBA_2010-2012.pdf,Fresno Unified School District,116,This period shall be outside of the four (4) hour time block required for each class session.,This period,other,worker,shall,False,active,plain,obligation,obligation,True,1.0,workload,True,Inanimate subject; locative directive.
fresno_unified_school_district__fta_fresno_teachers_association_cba_2010_2012__6e67ecb0,FTA-Fresno-Teachers-Association_CBA_2010-2012.pdf,Fresno Unified School District,116,"Pre-school teachers shall be able to submit up to three (3) hours per class per month for extra duty hours, in accordance with the existing requirements.",Pre-school teachers,worker,worker,shall,False,active,permission_verb,permission,permission,True,1.0,compensation,True,
fresno_unified_school_district__fta_fresno_teachers_association_cba_2010_2012__6e67ecb0,FTA-Fresno-Teachers-Association_CBA_2010-2012.pdf,Fresno Unified School District,117,Initial Placement on the salary schedule shall be at Level 1 in the appropriate class.,Initial Placement on the salary schedule,other,worker,shall,False,active,plain,obligation,obligation,True,1.0,compensation,True,
fresno_unified_school_district__fta_fresno_teachers_association_cba_2010_2012__6e67ecb0,FTA-Fresno-Teachers-Association_CBA_2010-2012.pdf,Fresno Unified School District,117,Level advancement requires completion of at least 75% of the school year.,Level advancement,other,management,,False,active,plain,other,other,True,0.0,compensation,True,
fresno_unified_school_district__fta_fresno_teachers_association_cba_2010_2012__6e67ecb0,FTA-Fresno-Teachers-Association_CBA_2010-2012.pdf,Fresno Unified School District,117,Full credit will be given for verified K12 teaching service,Full credit,other,worker,will,False,passive,rights_passive,right,right,True,0.9,compensation,True,
fresno_unified_school_district__fta_fresno_teachers_association_cba_2010_2012__6e67ecb0,FTA-Fresno-Teachers-Association_CBA_2010-2012.pdf,Fresno Unified School District,119,All regular District employment will apply for career increments.,All regular District employment,worker,worker,will,False,active,plain,obligation,obligation,True,0.9,compensation,True,
fresno_unified_school_district__fta_fresno_teachers_association_cba_2010_2012__6e67ecb0,FTA-Fresno-Teachers-Association_CBA_2010-2012.pdf,Fresno Unified School District,120,"Unit members with less than a BA+ 30 units shall advance beyond Class 1, Step 1 only if they were hired prior to 1969-1970.",Unit members with less than a BA+ 30 units,worker,management,shall,False,active,plain,obligation,obligation,True,1.0,compensation,True,
fresno_unified_school_district__fta_fresno_teachers_association_cba_2010_2012__6e67ecb0,FTA-Fresno-Teachers-Association_CBA_2010-2012.pdf,Fresno Unified School District,120,No employee may hold identical contracts at any one time.,No employee,worker,management,may,True,active,plain,prohibition,prohibition,True,0.3,teacher_rights_and_conduct,True,
fresno_unified_school_district__fta_fresno_teachers_association_cba_2010_2012__6e67ecb0,FTA-Fresno-Teachers-Association_CBA_2010-2012.pdf,Fresno Unified School District,120,Contracts cannot be shared by two or more individuals.,Contracts,worker,management,can,True,passive,plain,prohibition,prohibition,True,0.3,other,True,
fresno_unified_school_district__fta_fresno_teachers_association_cba_2010_2012__6e67ecb0,FTA-Fresno-Teachers-Association_CBA_2010-2012.pdf,Fresno Unified School District,120,The principal shall first seek volunteers for these assignments from the on-site members of the bargaining unit.,The principal,management,worker,shall,False,active,plain,obligation,obligation,True,1.0,workload,True,
fresno_unified_school_district__fta_fresno_teachers_association_cba_2010_2012__6e67ecb0,FTA-Fresno-Teachers-Association_CBA_2010-2012.pdf,Fresno Unified School District,120,"For the first year of implementation, the right of first refusal shall be given to that bargaining unit member who had directed that activity in the previous year and who in the judgment of the site principal, performed in a satisfactory manner.",the right of first refusal,management,worker,shall,False,passive,rights_passive,right,right,True,1.0,workload,True,
fresno_unified_school_district__fta_fresno_teachers_association_cba_2010_2012__6e67ecb0,FTA-Fresno-Teachers-Association_CBA_2010-2012.pdf,Fresno Unified School District,120,"In the absence of such satisfactory judgment, the principal shall be free to select from other volunteers, bargaining unit members or other qualified person.",the principal,management,management,shall,False,active,permission_verb,permission,permission,True,1.0,other,True,
fresno_unified_school_district__fta_fresno_teachers_association_cba_2010_2012__6e67ecb0,FTA-Fresno-Teachers-Association_CBA_2010-2012.pdf,Fresno Unified School District,120,The number of hours of work required for a specific activity must be mutually agreed upon by the teacher and principal.,The number of hours of work required for a specific activity,worker,worker,must,False,passive,plain,obligation,obligation,True,1.0,workload,True,
fresno_unified_school_district__fta_fresno_teachers_association_cba_2010_2012__6e67ecb0,FTA-Fresno-Teachers-Association_CBA_2010-2012.pdf,Fresno Unified School District,120,"Lacking such agreement, the teacher has the right to refuse the assignment.",the teacher,worker,worker,,False,active,plain,other,right,False,0.0,workload,True,
fresno_unified_school_district__fta_fresno_teachers_association_cba_2010_2012__6e67ecb0,FTA-Fresno-Teachers-Association_CBA_2010-2012.pdf,Fresno Unified School District,121,Teacher will be paid $281.40 (30 hours @ $9.38) for each of the following activities:,Teacher,management,worker,will,False,passive,rights_passive,right,obligation,False,0.9,compensation,True,
fresno_unified_school_district__fta_fresno_teachers_association_cba_2010_2012__6e67ecb0,FTA-Fresno-Teachers-Association_CBA_2010-2012.pdf,Fresno Unified School District,121,This provision is limited to Elementary Outdoor Education Camp ONLY.,This provision,other,management,,False,passive,plain,other,other,True,0.0,other,True,
fresno_unified_school_district__fta_fresno_teachers_association_cba_2010_2012__6e67ecb0,FTA-Fresno-Teachers-Association_CBA_2010-2012.pdf,Fresno Unified School District,125,"Club Sponsors at senior high schools, who perform work equivalent to the regular rotational duties assigned senior high teachers, shall be excluded from such rotational duty.",Club Sponsors at senior high schools,management,worker,shall,False,passive,plain,obligation,obligation,True,1.0,workload,True,
fresno_unified_school_district__fta_fresno_teachers_association_cba_2010_2012__6e67ecb0,FTA-Fresno-Teachers-Association_CBA_2010-2012.pdf,Fresno Unified School District,135,THE EVALUATOR MAY ATTACH PAGES AS NEEDED TO COMPLETE NARRATIVE/COMMENT SECTIONS.,THE EVALUATOR,management,management,may,False,active,plain,permission,permission,True,0.3,evaluation,True,
fresno_unified_school_district__fta_fresno_teachers_association_cba_2010_2012__6e67ecb0,FTA-Fresno-Teachers-Association_CBA_2010-2012.pdf,Fresno Unified School District,137,If the Preliminary Evaluation for a permanent Bargaining Unit member indicates that said member is not meeting standards he/she shall choose one of the following options:,he/she,worker,management,shall,False,active,plain,obligation,obligation,True,1.0,evaluation,True,
fresno_unified_school_district__fta_fresno_teachers_association_cba_2010_2012__6e67ecb0,FTA-Fresno-Teachers-Association_CBA_2010-2012.pdf,Fresno Unified School District,138,A written response may be submitted within ten (10) days.,A written response,other,worker,may,False,passive,plain,permission,permission,True,0.3,evaluation,True,
