document_id,file_name,district_name,chunk_index,quote,subject_text,acting_party,protected_party,modal,negation,voice,verb_lexical_category,statement_type,llm_judgment,statement_type_match,modal_strength,topic,quote_verified,notes
columbus_city_schools__columbus_education_association_2022_2025__071387d0,Columbus_Education_Association_2022-2025.pdf,Columbus City Schools,2,Every teacher and administrator are obligated to enforce this legally binding contract.,Every teacher and administrator,worker,management,,False,active,obligation_verb,obligation,obligation,True,0.85,other,True,
columbus_city_schools__columbus_education_association_2022_2025__071387d0,Columbus_Education_Association_2022-2025.pdf,Columbus City Schools,10,"Prior to subcontracting work that has been typically performed by teachers as defined in Section 101.01, the Superintendent or designee shall notify the President of the Association, in writing, about the work to be subcontracted and the proposed start and completion dates.",the Superintendent or designee,management,worker,shall,False,active,plain,obligation,obligation,True,1.0,other,True,
columbus_city_schools__columbus_education_association_2022_2025__071387d0,Columbus_Education_Association_2022-2025.pdf,Columbus City Schools,10,"At the request of the President of the Association, a meeting will be held with the Superintendent and/or designees to determine the feasibility of performing the work in-house.",a meeting,management,worker,will,False,passive,plain,obligation,obligation,True,0.9,other,True,Implicit agent is management/administration.
columbus_city_schools__columbus_education_association_2022_2025__071387d0,Columbus_Education_Association_2022-2025.pdf,Columbus City Schools,10,The Board retains the right to make the final determination about subcontracting any work.,The Board,management,management,,False,active,plain,other,right,False,0.0,other,True,
columbus_city_schools__columbus_education_association_2022_2025__071387d0,Columbus_Education_Association_2022-2025.pdf,Columbus City Schools,10,"During the term of this Agreement the Board shall not layoff any members of the bargaining unit as a result of the subcontracting of work being performed by members of the bargaining unit, whether such a resulting layoff actually precedes or follows the initiation of the subcontracted work.",the Board,management,worker,shall,True,active,plain,prohibition,prohibition,True,1.0,layoffs,True,
columbus_city_schools__columbus_education_association_2022_2025__071387d0,Columbus_Education_Association_2022-2025.pdf,Columbus City Schools,10,"At no time, except as agreed upon by the Board and the Association, shall the number of subcontracted positions performing bargaining unit work exceed fifteen (15) percent of the total number of bargaining unit members on payroll, on a full-time equivalent (FTE) basis, as provided to the Association consistent with the provisions of Article 109.02(A).",the number of subcontracted positions performing bargaining unit work,other,worker,shall,True,active,plain,prohibition,prohibition,True,1.0,job_security,True,Negation established by 'At no time' adverbial phrase.
columbus_city_schools__columbus_education_association_2022_2025__071387d0,Columbus_Education_Association_2022-2025.pdf,Columbus City Schools,10,A list of all subcontracted positions performing bargaining unit work shall be provided to the Association concurrently,A list of all subcontracted positions performing bargaining unit work,management,worker,shall,False,passive,rights_passive,right,obligation,False,1.0,other,True,
columbus_city_schools__columbus_education_association_2022_2025__071387d0,Columbus_Education_Association_2022-2025.pdf,Columbus City Schools,11,"A list of all subcontracted positions performing bargaining unit work shall include the position title, FTE(s), and vendor.",A list of all subcontracted positions performing bargaining unit work,other,worker,shall,False,active,plain,obligation,obligation,True,1.0,other,True,
columbus_city_schools__columbus_education_association_2022_2025__071387d0,Columbus_Education_Association_2022-2025.pdf,Columbus City Schools,11,Nothing in this Agreement shall constitute a derogation or transfer of the authority of the Board as established by the laws of the State of Ohio.,Nothing in this Agreement,other,management,shall,True,active,plain,prohibition,other,False,1.0,other,True,
columbus_city_schools__columbus_education_association_2022_2025__071387d0,Columbus_Education_Association_2022-2025.pdf,Columbus City Schools,11,"The administrative authority of the Board shall be implemented by the Superintendent, Deputy Superintendent, assistant Superintendents, principals, assistant principals, and other administrative or supervisory personnel employed by the Board.",The administrative authority of the Board,management,management,shall,False,passive,plain,obligation,obligation,True,1.0,other,True,
columbus_city_schools__columbus_education_association_2022_2025__071387d0,Columbus_Education_Association_2022-2025.pdf,Columbus City Schools,11,"The Superintendent shall have the sole authority to direct, assign and transfer teachers, subject to the terms of this Agreement and applicable law.",The Superintendent,management,management,shall,False,active,plain,obligation,right,False,1.0,transfers,True,
columbus_city_schools__columbus_education_association_2022_2025__071387d0,Columbus_Education_Association_2022-2025.pdf,Columbus City Schools,11,"The Association shall represent all teachers of the Columbus City School District equally and without discrimination, regardless of their membership or non-membership in the Association.",The Association,worker,worker,shall,False,active,plain,obligation,obligation,True,1.0,other,True,
columbus_city_schools__columbus_education_association_2022_2025__071387d0,Columbus_Education_Association_2022-2025.pdf,Columbus City Schools,11,"Members of the bargaining unit will not be discriminated against in any way in the exercise of their employment rights or their rights under this Agreement because of race, sex, sexual orientation, religion, color, national origin, age, gender identity or expression, ancestry, familial status, military status, disability, genetic information or any other legally protected category.",Members of the bargaining unit,management,worker,will,True,passive,plain,prohibition,prohibition,True,0.9,teacher_rights_and_conduct,True,
columbus_city_schools__columbus_education_association_2022_2025__071387d0,Columbus_Education_Association_2022-2025.pdf,Columbus City Schools,11,"The Board and administration will comply with all federal, state and local fair employment laws.",The Board and administration,management,worker,will,False,active,plain,obligation,obligation,True,0.9,other,True,
columbus_city_schools__columbus_education_association_2022_2025__071387d0,Columbus_Education_Association_2022-2025.pdf,Columbus City Schools,11,"The Association agrees that it will neither cause nor sponsor any strike, “study day,” “professional holidays,” or other work stoppage during the period of this Agreement.",The Association,worker,management,will,True,active,plain,prohibition,prohibition,True,0.9,other,True,Operative deontic force resides in the embedded clause 'it will neither cause nor sponsor'.
columbus_city_schools__columbus_education_association_2022_2025__071387d0,Columbus_Education_Association_2022-2025.pdf,Columbus City Schools,11,"In the event that the Association violates this provision, it shall be subject to appropriate legal penalties",it,management,management,shall,False,passive,plain,obligation,obligation,True,1.0,other,True,
columbus_city_schools__columbus_education_association_2022_2025__071387d0,Columbus_Education_Association_2022-2025.pdf,Columbus City Schools,11,the Board shall be entitled to any other appropriate relief available under law.,the Board,management,management,shall,False,passive,rights_passive,right,right,True,1.0,other,True,
columbus_city_schools__columbus_education_association_2022_2025__071387d0,Columbus_Education_Association_2022-2025.pdf,Columbus City Schools,12,it shall be subject to appropriate legal penalties,it,worker,management,shall,False,passive,plain,obligation,obligation,True,1.0,other,True,
columbus_city_schools__columbus_education_association_2022_2025__071387d0,Columbus_Education_Association_2022-2025.pdf,Columbus City Schools,12,Any teacher who initiates or participates in a strike or other act prohibited by this article will be subject to appropriate legal penalties,Any teacher who initiates or participates in a strike or other act prohibited by this article,worker,management,will,False,passive,plain,obligation,obligation,True,0.9,other,True,
columbus_city_schools__columbus_education_association_2022_2025__071387d0,Columbus_Education_Association_2022-2025.pdf,Columbus City Schools,12,The Association will make every reasonable effort to prevent or terminate violations of the pledge.,The Association,worker,management,will,False,active,plain,obligation,obligation,True,0.9,other,True,
columbus_city_schools__columbus_education_association_2022_2025__071387d0,Columbus_Education_Association_2022-2025.pdf,Columbus City Schools,12,"To the extent that any provision of the Administrative Guide, other Board policy, regulation or procedure conflicts with an expressed provision of this Association-Board Agreement, the provisions of the Association-Board Agreement shall have precedence.",the provisions of the Association-Board Agreement,other,worker,shall,False,active,plain,obligation,obligation,True,1.0,other,True,
columbus_city_schools__columbus_education_association_2022_2025__071387d0,Columbus_Education_Association_2022-2025.pdf,Columbus City Schools,12,"During the term of this Agreement, the Board or its administrative agents shall make it a practice to advise the Association President or designees prior to the adoption of new or substantially revised citywide policies, programs or procedures of significant importance to and directly involving teachers.",the Board or its administrative agents,management,worker,shall,False,active,plain,obligation,obligation,True,1.0,other,True,
columbus_city_schools__columbus_education_association_2022_2025__071387d0,Columbus_Education_Association_2022-2025.pdf,Columbus City Schools,12,"During the term of this Agreement, the Superintendent and designees shall meet on a regular basis, generally once a month, with not more than five (5) representatives of the Association to discuss matters of policy, procedure, safety, reports of outstanding payments owed to teachers and proposed payment dates, and programs of the school district.",the Superintendent and designees,management,worker,shall,False,active,plain,obligation,obligation,True,1.0,other,True,
columbus_city_schools__columbus_education_association_2022_2025__071387d0,Columbus_Education_Association_2022-2025.pdf,Columbus City Schools,12,"In order to promote a free exchange of views, all matters discussed in such meetings shall be considered confidential by all parties unless otherwise noted in the meetings.",all matters discussed in such meetings,other,management,shall,False,passive,plain,obligation,obligation,True,1.0,other,True,
columbus_city_schools__columbus_education_association_2022_2025__071387d0,Columbus_Education_Association_2022-2025.pdf,Columbus City Schools,12,"All Administrative forms provided by this Agreement shall be mutually acceptable to the Board and the Associations, subject to binding Arbitration in case of dispute.",All Administrative forms provided by this Agreement,other,worker,shall,False,passive,plain,obligation,obligation,True,1.0,other,True,
columbus_city_schools__columbus_education_association_2022_2025__071387d0,Columbus_Education_Association_2022-2025.pdf,Columbus City Schools,12,The development of such mutually acceptable forms shall include discussion between the parties of the procedures for the use of such forms.,The development of such mutually acceptable forms,other,worker,shall,False,active,plain,obligation,obligation,True,1.0,other,True,
columbus_city_schools__columbus_education_association_2022_2025__071387d0,Columbus_Education_Association_2022-2025.pdf,Columbus City Schools,12,"In the event mutual agreement on a form does not occur, the Board shall be free to utilize its preferred form until an arbitrator renders a decision.",the Board,management,management,shall,False,active,permission_verb,permission,permission,True,1.0,other,True,
columbus_city_schools__columbus_education_association_2022_2025__071387d0,Columbus_Education_Association_2022-2025.pdf,Columbus City Schools,12,All school forms developed by the school district shall be free of sexual stereotyping.,All school forms developed by the school district,management,worker,shall,False,passive,plain,obligation,obligation,True,1.0,other,True,
columbus_city_schools__columbus_education_association_2022_2025__071387d0,Columbus_Education_Association_2022-2025.pdf,Columbus City Schools,12,The school system may continue to use supplies of forms presently in stock.,The school system,management,management,may,False,active,permission_verb,permission,permission,True,0.3,other,True,
columbus_city_schools__columbus_education_association_2022_2025__071387d0,Columbus_Education_Association_2022-2025.pdf,Columbus City Schools,12,The Association may advise the administrator of Labor Relations of any forms in need of revision.,The Association,worker,worker,may,False,active,permission_verb,permission,permission,True,0.3,other,True,
columbus_city_schools__columbus_education_association_2022_2025__071387d0,Columbus_Education_Association_2022-2025.pdf,Columbus City Schools,12,No form that is in violation of this article shall be the subject of a grievance unless that form has been identified as provided above.,No form that is in violation of this article,other,management,shall,True,passive,plain,prohibition,prohibition,True,1.0,discipline,True,
columbus_city_schools__columbus_education_association_2022_2025__071387d0,Columbus_Education_Association_2022-2025.pdf,Columbus City Schools,13,Existing supplies of such a form may be continued in use until liquidated.,Existing supplies of such a form,other,worker,may,False,passive,plain,permission,permission,True,0.3,other,True,
columbus_city_schools__columbus_education_association_2022_2025__071387d0,Columbus_Education_Association_2022-2025.pdf,Columbus City Schools,13,The Board and the Association shall establish an attendance advisory committee.,The Board and the Association,other,worker,shall,False,active,plain,obligation,obligation,True,1.0,safety_and_working_conditions,True,
columbus_city_schools__columbus_education_association_2022_2025__071387d0,Columbus_Education_Association_2022-2025.pdf,Columbus City Schools,13,The committee shall be composed of five (5) representatives appointed by the Superintendent and five (5) representatives appointed by the Association.,The committee,management,worker,shall,False,passive,plain,obligation,obligation,True,1.0,other,True,
columbus_city_schools__columbus_education_association_2022_2025__071387d0,Columbus_Education_Association_2022-2025.pdf,Columbus City Schools,13,"The committee shall review data to analyze patterns and reasons for employee absences and make recommendations regarding comprehensive, research-based strategies to address the causes of absences.",The committee,other,worker,shall,False,active,plain,obligation,obligation,True,1.0,safety_and_working_conditions,True,
columbus_city_schools__columbus_education_association_2022_2025__071387d0,Columbus_Education_Association_2022-2025.pdf,Columbus City Schools,13,The committee shall meet during the 2019–2020 school year,The committee,other,worker,shall,False,active,plain,obligation,obligation,True,1.0,other,True,
columbus_city_schools__columbus_education_association_2022_2025__071387d0,Columbus_Education_Association_2022-2025.pdf,Columbus City Schools,13,"it shall make a report to the Joint Labor-Management Committee pursuant to Section 108.02 by June 30, 2020.",it,other,worker,shall,False,active,plain,obligation,obligation,True,1.0,other,True,
columbus_city_schools__columbus_education_association_2022_2025__071387d0,Columbus_Education_Association_2022-2025.pdf,Columbus City Schools,13,"The committee shall disband on June 30, 2020.",The committee,other,worker,shall,False,active,plain,obligation,obligation,True,1.0,other,True,
columbus_city_schools__columbus_education_association_2022_2025__071387d0,Columbus_Education_Association_2022-2025.pdf,Columbus City Schools,13,The President of the Association or designees shall have the right to visit all schools in the District for the purpose of carrying out Association business.,The President of the Association or designees,worker,worker,shall,False,active,rights_active,right,right,True,1.0,teacher_rights_and_conduct,True,
columbus_city_schools__columbus_education_association_2022_2025__071387d0,Columbus_Education_Association_2022-2025.pdf,Columbus City Schools,13,"Upon entering a school, the President or designee shall first notify the principal of the visitation.",the President or designee,worker,management,shall,False,active,plain,obligation,obligation,True,1.0,teacher_rights_and_conduct,True,
columbus_city_schools__columbus_education_association_2022_2025__071387d0,Columbus_Education_Association_2022-2025.pdf,Columbus City Schools,13,"In the absence of the principal, notification shall be to the assistant principal or a school office employee.",notification,other,management,shall,False,passive,plain,obligation,obligation,True,1.0,teacher_rights_and_conduct,True,
columbus_city_schools__columbus_education_association_2022_2025__071387d0,Columbus_Education_Association_2022-2025.pdf,Columbus City Schools,13,In no event shall such visits interfere with or interrupt typical school operations.,such visits,other,management,shall,True,active,plain,prohibition,prohibition,True,1.0,teacher_rights_and_conduct,True,
columbus_city_schools__columbus_education_association_2022_2025__071387d0,Columbus_Education_Association_2022-2025.pdf,Columbus City Schools,13,"Unless otherwise mutually agreed upon, the Board shall continue to supply the Association by the second work day following the pay date, or as soon as possible thereafter, with electronic media containing personnel information for members of the bargaining unit from the computer personnel file.",the Board,management,worker,shall,False,active,plain,obligation,obligation,True,1.0,other,True,
columbus_city_schools__columbus_education_association_2022_2025__071387d0,Columbus_Education_Association_2022-2025.pdf,Columbus City Schools,13,"The electronic media shall contain the following data: employee name, street address, city, ZIP code, race code, areas of certification, hire date, Board date, department code, administrative location code, facility code, pay plan, percent of employment, class code and description, check location code and description, dues deduction types and amounts and date.",The electronic media,other,worker,shall,False,active,plain,obligation,obligation,True,1.0,other,True,
columbus_city_schools__columbus_education_association_2022_2025__071387d0,Columbus_Education_Association_2022-2025.pdf,Columbus City Schools,13,the parties will meet to determine a feasible course of action.,the parties,other,worker,will,False,active,plain,obligation,obligation,True,0.9,other,True,
columbus_city_schools__columbus_education_association_2022_2025__071387d0,Columbus_Education_Association_2022-2025.pdf,Columbus City Schools,13,The Board will not be arbitrary or capricious regarding this matter,The Board,management,worker,will,True,active,plain,prohibition,prohibition,True,0.9,discipline,True,
columbus_city_schools__columbus_education_association_2022_2025__071387d0,Columbus_Education_Association_2022-2025.pdf,Columbus City Schools,13,The Board will notify the Association as soon as practicable whenever they determine the electronic media will be delayed.,The Board,management,worker,will,False,active,plain,obligation,obligation,True,0.9,other,True,
columbus_city_schools__columbus_education_association_2022_2025__071387d0,Columbus_Education_Association_2022-2025.pdf,Columbus City Schools,13,The Board of Education shall supply the Association with names and addresses of all new teachers and their administrative assignments wit,The Board of Education,management,worker,shall,False,active,plain,obligation,obligation,True,1.0,other,True,Text truncated in source.
columbus_city_schools__columbus_education_association_2022_2025__071387d0,Columbus_Education_Association_2022-2025.pdf,Columbus City Schools,14,The Board of Education shall supply the Association with names and addresses of all new teachers and their administrative assignments within one (1) week after official Board action employing such teachers.,The Board of Education,management,worker,shall,False,active,plain,obligation,obligation,True,1.0,other,True,
columbus_city_schools__columbus_education_association_2022_2025__071387d0,Columbus_Education_Association_2022-2025.pdf,Columbus City Schools,14,Twenty-five (25) copies of the annual Building Staff Assignment Directory and twenty-five (25) copies of the annual Employee Directory will be provided to the Association if and when such publications are typically distributed.,Twenty-five (25) copies of the annual Building Staff Assignment Directory and twenty-five (25) copies of the annual Employee Directory,management,worker,will,False,passive,rights_passive,right,obligation,False,0.9,other,True,
columbus_city_schools__columbus_education_association_2022_2025__071387d0,Columbus_Education_Association_2022-2025.pdf,Columbus City Schools,14,"The information provided in A, B and C above shall be only for the private use of the Association.","The information provided in A, B and C above",other,worker,shall,False,active,plain,obligation,obligation,True,1.0,other,True,
columbus_city_schools__columbus_education_association_2022_2025__071387d0,Columbus_Education_Association_2022-2025.pdf,Columbus City Schools,14,"Membership dues of the Association and its district, state and national affiliates, shall be deducted in nineteen (19) equal installments for teachers on plan A and twenty-four (24) equal installments for teachers on plan B on dates defined in Chapter 1400 on the basis of written authorizations supplied by the Association to the Treasurer.","Membership dues of the Association and its district, state and national affiliates",worker,worker,shall,False,passive,plain,obligation,obligation,True,1.0,other,True,
columbus_city_schools__columbus_education_association_2022_2025__071387d0,Columbus_Education_Association_2022-2025.pdf,Columbus City Schools,14,The Treasurer shall transmit dues to the Association one (1) Columbus City School business day following the pay date in which the pay was received by the employee or as soon as possible thereafter.,The Treasurer,management,worker,shall,False,active,plain,obligation,obligation,True,1.0,other,True,
columbus_city_schools__columbus_education_association_2022_2025__071387d0,Columbus_Education_Association_2022-2025.pdf,Columbus City Schools,14,Such deduction shall be irrevocable for periods of one (1) year,Such deduction,other,worker,shall,False,active,plain,obligation,obligation,True,1.0,other,True,
columbus_city_schools__columbus_education_association_2022_2025__071387d0,Columbus_Education_Association_2022-2025.pdf,Columbus City Schools,14,authorizations may be withdrawn during a period of fifteen (15) days each year ending September 15,authorizations,worker,worker,may,False,passive,plain,permission,permission,True,0.3,other,True,
columbus_city_schools__columbus_education_association_2022_2025__071387d0,Columbus_Education_Association_2022-2025.pdf,Columbus City Schools,14,notifications of withdrawal are submitted to the Treasurer during such fifteen (15) day period.,notifications of withdrawal,worker,management,,False,passive,plain,other,other,True,0.0,other,True,
columbus_city_schools__columbus_education_association_2022_2025__071387d0,Columbus_Education_Association_2022-2025.pdf,Columbus City Schools,14,The Association shall keep on file a copy of each individual’s deduction authorization form.,The Association,worker,worker,shall,False,active,plain,obligation,obligation,True,1.0,other,True,
columbus_city_schools__columbus_education_association_2022_2025__071387d0,Columbus_Education_Association_2022-2025.pdf,Columbus City Schools,14,Authorization shall be on a continuing basis from year to year unless withdrawn in keeping with provision 109.03(A) above.,Authorization,other,worker,shall,False,active,plain,obligation,obligation,True,1.0,other,True,
columbus_city_schools__columbus_education_association_2022_2025__071387d0,Columbus_Education_Association_2022-2025.pdf,Columbus City Schools,14,"Such withdrawal must be submitted in writing to the Treasurer of the Board, with a copy to the Association.",Such withdrawal,worker,management,must,False,passive,plain,obligation,obligation,True,1.0,other,True,
columbus_city_schools__columbus_education_association_2022_2025__071387d0,Columbus_Education_Association_2022-2025.pdf,Columbus City Schools,14,The effective date for a new authorization or a change in an existing authorization shall not be later than the earning period following submission of the new or changed authorization.,The effective date for a new authorization or a change in an existing authorization,other,management,shall,True,active,plain,prohibition,prohibition,True,1.0,other,True,
columbus_city_schools__columbus_education_association_2022_2025__071387d0,Columbus_Education_Association_2022-2025.pdf,Columbus City Schools,14,The Association shall supply the Treasurer with the dues structure for the following school year by July 1 of each year.,The Association,worker,management,shall,False,active,plain,obligation,obligation,True,1.0,other,True,
columbus_city_schools__columbus_education_association_2022_2025__071387d0,Columbus_Education_Association_2022-2025.pdf,Columbus City Schools,14,"The balance of the annual deductions shall be deducted from the final paycheck of a member resigning the member’s position, receiving an unpaid leave of absence, leaving a bargaining unit position or terminating the member’s employment after the opening of school.",The balance of the annual deductions,management,management,shall,False,passive,plain,obligation,obligation,True,1.0,compensation,True,
columbus_city_schools__columbus_education_association_2022_2025__071387d0,Columbus_Education_Association_2022-2025.pdf,Columbus City Schools,14,The Association will indemnify the Board and Treasurer against liability for all deductions made in accordance with these provisions.,The Association,worker,management,will,False,active,plain,obligation,obligation,True,0.9,other,True,
columbus_city_schools__columbus_education_association_2022_2025__071387d0,Columbus_Education_Association_2022-2025.pdf,Columbus City Schools,15,The Association will compensate the Board in the amount of fifteen cents ($.15) per member per year for the payroll deduction service to be deducted from the first deduction period each school year.,The Association,worker,management,will,False,active,plain,obligation,obligation,True,0.9,compensation,True,
columbus_city_schools__columbus_education_association_2022_2025__071387d0,Columbus_Education_Association_2022-2025.pdf,Columbus City Schools,15,The Board will provide the Association with a single printout for all organizations showing the members from whom dues were deducted and the appropriate organization.,The Board,management,worker,will,False,active,plain,obligation,obligation,True,0.9,other,True,
columbus_city_schools__columbus_education_association_2022_2025__071387d0,Columbus_Education_Association_2022-2025.pdf,Columbus City Schools,15,This itemized statement with a transmittal letter will be prepared monthly.,This itemized statement with a transmittal letter,other,worker,will,False,passive,plain,obligation,obligation,True,0.9,other,True,
columbus_city_schools__columbus_education_association_2022_2025__071387d0,Columbus_Education_Association_2022-2025.pdf,Columbus City Schools,15,The Association shall have exclusive payroll deduction rights for union dues for members of the bargaining unit.,The Association,worker,worker,shall,False,active,plain,obligation,right,False,1.0,other,True,
columbus_city_schools__columbus_education_association_2022_2025__071387d0,Columbus_Education_Association_2022-2025.pdf,Columbus City Schools,15,United Way deductions shall be continuous from year to year until canceled in writing to the Treasurer’s Office.,United Way deductions,other,management,shall,False,active,plain,obligation,obligation,True,1.0,compensation,True,
columbus_city_schools__columbus_education_association_2022_2025__071387d0,Columbus_Education_Association_2022-2025.pdf,Columbus City Schools,15,Changes will be made by completing new option cards during the annual campaign period.,Changes,other,management,will,False,passive,plain,obligation,obligation,True,0.9,other,True,
columbus_city_schools__columbus_education_association_2022_2025__071387d0,Columbus_Education_Association_2022-2025.pdf,Columbus City Schools,15,Salary reductions for annuities and Section 125 accounts shall be determined by dividing the yearly amount by the appropriate number of pay dates per employee.,Salary reductions for annuities and Section 125 accounts,other,management,shall,False,passive,plain,obligation,obligation,True,1.0,compensation,True,
columbus_city_schools__columbus_education_association_2022_2025__071387d0,Columbus_Education_Association_2022-2025.pdf,Columbus City Schools,15,Deductions for missed dues shall be recovered and collected within thirty (30) days of knowledge of the omission.,Deductions for missed dues,other,management,shall,False,passive,plain,obligation,obligation,True,1.0,compensation,True,
columbus_city_schools__columbus_education_association_2022_2025__071387d0,Columbus_Education_Association_2022-2025.pdf,Columbus City Schools,15,The Association will be promptly notified in writing whenever the above occurs.,The Association,management,worker,will,False,passive,rights_passive,right,obligation,False,0.9,other,True,
columbus_city_schools__columbus_education_association_2022_2025__071387d0,Columbus_Education_Association_2022-2025.pdf,Columbus City Schools,15,"Amounts for credit union deductions, Association dues, and TBS shall be electronically transmitted by the next Columbus City Schools business day following the employee’s pay date.","Amounts for credit union deductions, Association dues, and TBS",management,management,shall,False,passive,plain,obligation,obligation,True,1.0,compensation,True,
columbus_city_schools__columbus_education_association_2022_2025__071387d0,Columbus_Education_Association_2022-2025.pdf,Columbus City Schools,15,Amounts for annuities and flexible spending accounts shall be electronically transferred by the third Columbus City Schools business day following the employee’s pay date when ACH transfer is available.,Amounts for annuities and flexible spending accounts,management,management,shall,False,passive,plain,obligation,obligation,True,1.0,compensation,True,
columbus_city_schools__columbus_education_association_2022_2025__071387d0,Columbus_Education_Association_2022-2025.pdf,Columbus City Schools,15,Bargaining unit members desiring to change from pay plan A to plan B or plan B to plan A must do so during the open change period of June 1 to the end of the first week of the next school year.,Bargaining unit members desiring to change from pay plan A to plan B or plan B to plan A,worker,management,must,False,active,plain,obligation,obligation,True,1.0,compensation,True,
columbus_city_schools__columbus_education_association_2022_2025__071387d0,Columbus_Education_Association_2022-2025.pdf,Columbus City Schools,15,a credit with the corrected amount must be made at the same time (or manual check on pay date).,a credit with the corrected amount,other,worker,must,False,passive,plain,obligation,obligation,True,1.0,compensation,True,Extracted main independent clause; dependent 'When...' clause omitted.
columbus_city_schools__columbus_education_association_2022_2025__071387d0,Columbus_Education_Association_2022-2025.pdf,Columbus City Schools,15,Advance notification of these actions should be given to the employee as soon as possible.,Advance notification of these actions,other,worker,should,False,passive,plain,obligation,obligation,True,0.7,other,True,
columbus_city_schools__columbus_education_association_2022_2025__071387d0,Columbus_Education_Association_2022-2025.pdf,Columbus City Schools,15,Errors in sick leave and personal leave shall be reported to the Treasurer’s Office on a form mutually agreed to by the Board and the Association.,Errors in sick leave and personal leave,worker,management,shall,False,passive,plain,obligation,obligation,True,1.0,leave,True,
columbus_city_schools__columbus_education_association_2022_2025__071387d0,Columbus_Education_Association_2022-2025.pdf,Columbus City Schools,15,Every effort will be made for necessary corrections to be made in a timely fashion generally on the paycheck following the receipt of the report.,Every effort,other,worker,will,False,passive,plain,obligation,obligation,True,0.9,leave,True,
columbus_city_schools__columbus_education_association_2022_2025__071387d0,Columbus_Education_Association_2022-2025.pdf,Columbus City Schools,15,The processing date of a payroll may cause this correction to be delayed until the following pay date.,The processing date of a payroll,other,management,may,False,active,plain,permission,permission,True,0.3,leave,True,
columbus_city_schools__columbus_education_association_2022_2025__071387d0,Columbus_Education_Association_2022-2025.pdf,Columbus City Schools,17,Coverage for members of the bargaining unit electing coverage under Article 805 shall be in accordance with the biweekly payroll and deduction schedule.,Coverage for members of the bargaining unit electing coverage under Article 805,management,worker,shall,False,passive,plain,obligation,obligation,True,1.0,benefits,True,
columbus_city_schools__columbus_education_association_2022_2025__071387d0,Columbus_Education_Association_2022-2025.pdf,Columbus City Schools,17,Payment for performance of extra duties listed in 905.01 shall be made in a single payment as soon as practicable following the completion of the performance of the extra duty.,Payment for performance of extra duties listed in 905.01,management,worker,shall,False,passive,rights_passive,right,obligation,False,1.0,compensation,True,
columbus_city_schools__columbus_education_association_2022_2025__071387d0,Columbus_Education_Association_2022-2025.pdf,Columbus City Schools,17,"Payments shall be made on the sixth, thirteenth, fifteenth and twenty-first pay dates.",Payments,management,worker,shall,False,passive,rights_passive,right,obligation,False,1.0,compensation,True,
columbus_city_schools__columbus_education_association_2022_2025__071387d0,Columbus_Education_Association_2022-2025.pdf,Columbus City Schools,17,"Eligible tutors may elect the health benefits provided in Article 806 of this Agreement, the dental insurance coverage provided in Article 807 of this Agreement, and the vision insurance coverage provided in Article 808 of this Agreement.",Eligible tutors,worker,worker,may,False,active,permission_verb,permission,permission,True,0.3,benefits,True,
columbus_city_schools__columbus_education_association_2022_2025__071387d0,Columbus_Education_Association_2022-2025.pdf,Columbus City Schools,17,"The Board shall pay a proportionate percent of the cost of such insurance,",The Board,management,worker,shall,False,active,obligation_verb,obligation,obligation,True,1.0,benefits,True,
columbus_city_schools__columbus_education_association_2022_2025__071387d0,Columbus_Education_Association_2022-2025.pdf,Columbus City Schools,17,"the eligible tutor shall pay the balance of the premium by the payroll deductions schedule, based upon the number of hours for which the particular tutor is scheduled per week, as follows:",the eligible tutor,worker,management,shall,False,active,obligation_verb,obligation,obligation,True,1.0,benefits,True,
columbus_city_schools__columbus_education_association_2022_2025__071387d0,Columbus_Education_Association_2022-2025.pdf,Columbus City Schools,17,"fifteen (15) to twenty-five (25) hours, the Board shall pay fifty (50) percent",the Board,management,worker,shall,False,active,obligation_verb,obligation,obligation,True,1.0,benefits,True,
columbus_city_schools__columbus_education_association_2022_2025__071387d0,Columbus_Education_Association_2022-2025.pdf,Columbus City Schools,17,and the employee fifty (50) percent of the cost;,the employee,worker,management,,False,active,obligation_verb,obligation,obligation,True,0.85,benefits,True,Modal 'shall' omitted in text.
columbus_city_schools__columbus_education_association_2022_2025__071387d0,Columbus_Education_Association_2022-2025.pdf,Columbus City Schools,17,"more than twenty-five (25) hours, the Board shall pay seventy-two (72) percent",the Board,management,worker,shall,False,active,obligation_verb,obligation,obligation,True,1.0,benefits,True,
columbus_city_schools__columbus_education_association_2022_2025__071387d0,Columbus_Education_Association_2022-2025.pdf,Columbus City Schools,17,and the employee shall pay twenty-eight (28) percent.,the employee,worker,management,shall,False,active,obligation_verb,obligation,obligation,True,1.0,benefits,True,
columbus_city_schools__columbus_education_association_2022_2025__071387d0,Columbus_Education_Association_2022-2025.pdf,Columbus City Schools,17,Election of the coverages must be made during the annual open enrollment period for tutors.,Election of the coverages,worker,worker,must,False,passive,obligation_verb,obligation,obligation,True,1.0,benefits,True,
columbus_city_schools__columbus_education_association_2022_2025__071387d0,Columbus_Education_Association_2022-2025.pdf,Columbus City Schools,17,The joint Association/Board Payroll Committee that includes the Treasurer or designee will meet as often as necessary to review and correct procedures with regard to the bi-weekly payroll system.,The joint Association/Board Payroll Committee that includes the Treasurer or designee,other,worker,will,False,active,obligation_verb,obligation,obligation,True,0.9,compensation,True,
columbus_city_schools__columbus_education_association_2022_2025__071387d0,Columbus_Education_Association_2022-2025.pdf,Columbus City Schools,17,"The parties are committed to arriving at solutions, short of the grievance process, to any unanticipated problems that may arise from implementation of the biweekly payroll.",The parties,other,worker,may,False,active,plain,permission,other,False,0.3,other,True,Descriptive commitment language
columbus_city_schools__columbus_education_association_2022_2025__071387d0,Columbus_Education_Association_2022-2025.pdf,Columbus City Schools,17,The Association shall be provided bulletin board space in the area of teacher mailboxes in each school for the posting of notices and other materials relating to Association activities.,The Association,management,worker,shall,False,passive,rights_passive,right,obligation,False,1.0,teacher_rights_and_conduct,True,
columbus_city_schools__columbus_education_association_2022_2025__071387d0,Columbus_Education_Association_2022-2025.pdf,Columbus City Schools,17,"Such notices and other materials shall not include campaign materials or endorsements for candidates in local, state and national public elections.",Such notices and other materials,other,management,shall,True,active,prohibition_verb,permission,prohibition,False,1.0,other,True,
columbus_city_schools__columbus_education_association_2022_2025__071387d0,Columbus_Education_Association_2022-2025.pdf,Columbus City Schools,17,Such materials may be posted by teachers in teachers’ lounges.,Such materials,worker,worker,may,False,passive,permission_verb,permission,permission,True,0.3,teacher_rights_and_conduct,True,
columbus_city_schools__columbus_education_association_2022_2025__071387d0,Columbus_Education_Association_2022-2025.pdf,Columbus City Schools,18,The bulletin board space shall be identified with the name of the Association and Association faculty representative(s) who has the responsibility for maintaining the bulletin board.,The bulletin board space,management,worker,shall,False,passive,plain,obligation,obligation,True,1.0,other,True,
columbus_city_schools__columbus_education_association_2022_2025__071387d0,Columbus_Education_Association_2022-2025.pdf,Columbus City Schools,18,"During the term of this Agreement, principals, assistant principals, school clerks, secretaries and other office personnel shall not distribute nor post materials from any employee union or similar organization except to distribute mail which is addressed to employees by name or except where the employee is posting or distributing materials as a function of such employee’s role in such an organization.","principals, assistant principals, school clerks, secretaries and other office personnel",management,worker,shall,True,active,plain,prohibition,prohibition,True,1.0,teacher_rights_and_conduct,True,
columbus_city_schools__columbus_education_association_2022_2025__071387d0,Columbus_Education_Association_2022-2025.pdf,Columbus City Schools,18,The Association shall be included on a regular school building mail route.,The Association,management,worker,shall,False,passive,plain,obligation,obligation,True,1.0,teacher_rights_and_conduct,True,
columbus_city_schools__columbus_education_association_2022_2025__071387d0,Columbus_Education_Association_2022-2025.pdf,Columbus City Schools,18,"Representatives of the Association shall be permitted to transact Association business on school property at reasonable times with the approval of the principal, without charges, provided that this shall not interfere with or interrupt typical school operations.",Representatives of the Association,management,worker,shall,False,passive,permission_verb,permission,permission,True,1.0,teacher_rights_and_conduct,True,
columbus_city_schools__columbus_education_association_2022_2025__071387d0,Columbus_Education_Association_2022-2025.pdf,Columbus City Schools,18,Such approval shall not be arbitrarily or capriciously withheld.,Such approval,management,worker,shall,True,passive,plain,prohibition,prohibition,True,1.0,other,True,
columbus_city_schools__columbus_education_association_2022_2025__071387d0,Columbus_Education_Association_2022-2025.pdf,Columbus City Schools,18,"The President and/or Vice President of the Association, upon request of the Association by June 1, shall be granted an unpaid leave of absence.",The President and/or Vice President of the Association,management,worker,shall,False,passive,rights_passive,right,obligation,False,1.0,leave,True,
columbus_city_schools__columbus_education_association_2022_2025__071387d0,Columbus_Education_Association_2022-2025.pdf,Columbus City Schools,18,Such leaves shall be granted for one (1) school year,Such leaves,management,worker,shall,False,passive,rights_passive,right,obligation,False,1.0,leave,True,
columbus_city_schools__columbus_education_association_2022_2025__071387d0,Columbus_Education_Association_2022-2025.pdf,Columbus City Schools,18,and shall be renewed upon request of the Association by June 1 of each year.,Such leaves,management,worker,shall,False,passive,rights_passive,right,obligation,False,1.0,leave,True,
columbus_city_schools__columbus_education_association_2022_2025__071387d0,Columbus_Education_Association_2022-2025.pdf,Columbus City Schools,18,The specific individuals on such leaves shall not be changed during the school year except as a result of a change in elected officers of the Association and with thirty (30) days notification to the Board.,The specific individuals on such leaves,management,worker,shall,True,passive,plain,prohibition,prohibition,True,1.0,leave,True,
columbus_city_schools__columbus_education_association_2022_2025__071387d0,Columbus_Education_Association_2022-2025.pdf,Columbus City Schools,18,The President and Vice President shall be given full experience credit on the salary schedule for the period of such leave.,The President and Vice President,management,worker,shall,False,passive,rights_passive,right,obligation,False,1.0,compensation,True,
columbus_city_schools__columbus_education_association_2022_2025__071387d0,Columbus_Education_Association_2022-2025.pdf,Columbus City Schools,18,"Upon request of the Association by June 1, up to ten (10) additional designees of the Association shall be granted unpaid leaves of absence.",up to ten (10) additional designees of the Association,management,worker,shall,False,passive,rights_passive,right,obligation,False,1.0,leave,True,
columbus_city_schools__columbus_education_association_2022_2025__071387d0,Columbus_Education_Association_2022-2025.pdf,Columbus City Schools,18,and shall be renewed for one (1) school year upon request of the Association by June 1.,Such leaves,management,worker,shall,False,passive,rights_passive,right,obligation,False,1.0,leave,True,
columbus_city_schools__columbus_education_association_2022_2025__071387d0,Columbus_Education_Association_2022-2025.pdf,Columbus City Schools,18,Such designees shall not be changed during the school year.,Such designees,management,worker,shall,True,passive,plain,prohibition,prohibition,True,1.0,leave,True,
columbus_city_schools__columbus_education_association_2022_2025__071387d0,Columbus_Education_Association_2022-2025.pdf,Columbus City Schools,18,"The Association shall reimburse the Board for the cost of the teacher’s and Board’s contributions to the State Teacher Retirement System on behalf of each teacher on leave as provided in Paragraphs A and B above, which will includ",The Association,worker,management,shall,False,active,plain,obligation,obligation,True,1.0,compensation,True,Truncated at end of chunk.
columbus_city_schools__columbus_education_association_2022_2025__071387d0,Columbus_Education_Association_2022-2025.pdf,Columbus City Schools,19,The Association shall reimburse the Board for the cost of the teacher’s and Board’s contributions to the State Teacher Retirement System on behalf of each teacher on leave as provided in Paragraphs A and B above,The Association,worker,management,shall,False,active,plain,obligation,obligation,True,1.0,compensation,True,
columbus_city_schools__columbus_education_association_2022_2025__071387d0,Columbus_Education_Association_2022-2025.pdf,Columbus City Schools,19,The continuation of insurance benefits for such teachers shall be contingent upon timely monthly payment of the premium to the Board.,The continuation of insurance benefits for such teachers,other,management,shall,False,active,plain,obligation,obligation,True,1.0,benefits,True,
columbus_city_schools__columbus_education_association_2022_2025__071387d0,Columbus_Education_Association_2022-2025.pdf,Columbus City Schools,19,The Association faculty representatives and/or governors may request the principal’s permission to use individual school office equipment and audio-visual equipment when such equipment is not otherwise in use.,The Association faculty representatives and/or governors,worker,worker,may,False,active,plain,permission,permission,True,0.3,other,True,
columbus_city_schools__columbus_education_association_2022_2025__071387d0,Columbus_Education_Association_2022-2025.pdf,Columbus City Schools,19,Such permission shall not be arbitrarily or capriciously withheld.,Such permission,other,worker,shall,True,passive,plain,prohibition,prohibition,True,1.0,other,True,
columbus_city_schools__columbus_education_association_2022_2025__071387d0,Columbus_Education_Association_2022-2025.pdf,Columbus City Schools,19,"Upon written request to the Board prior to September 30, the Association shall be provided a regularly scheduled period of fifteen (15) minutes of air time each week on WCBE Radio after 3:30 p.m. for educational programs and announcements",the Association,management,worker,shall,False,passive,rights_passive,right,obligation,False,1.0,teacher_rights_and_conduct,True,
columbus_city_schools__columbus_education_association_2022_2025__071387d0,Columbus_Education_Association_2022-2025.pdf,Columbus City Schools,19,The members of the Association’s Board of Governors and/or the Association’s faculty representatives shall be permitted to work on Association business in their assigned school buildings until the arrival of their pupils each morning and immediately after their pupils’ departure each afternoon provided such activities do not interfere with the regular school responsibilities of such governors and faculty representatives.,The members of the Association’s Board of Governors and/or the Association’s faculty representatives,worker,worker,shall,False,passive,permission_verb,permission,permission,True,1.0,teacher_rights_and_conduct,True,
columbus_city_schools__columbus_education_association_2022_2025__071387d0,Columbus_Education_Association_2022-2025.pdf,Columbus City Schools,19,"In addition, members of the Association’s Board of Governors and the Association’s faculty representatives shall be permitted to leave their assigned school buildings after their pupils’ departure in the afternoon in order to attend scheduled meetings of the Association provided such scheduled meetings do not interfere with the regular school responsibilities of such.",members of the Association’s Board of Governors and the Association’s faculty representatives,worker,worker,shall,False,passive,permission_verb,permission,permission,True,1.0,teacher_rights_and_conduct,True,
columbus_city_schools__columbus_education_association_2022_2025__071387d0,Columbus_Education_Association_2022-2025.pdf,Columbus City Schools,19,Governors and faculty representatives who leave their assigned school buildings after their pupils’ departure in the afternoon shall advise the building administrator of the nature of their departure.,Governors and faculty representatives who leave their assigned school buildings after their pupils’ departure in the afternoon,worker,management,shall,False,active,plain,obligation,obligation,True,1.0,teacher_rights_and_conduct,True,
columbus_city_schools__columbus_education_association_2022_2025__071387d0,Columbus_Education_Association_2022-2025.pdf,Columbus City Schools,19,Representatives of the Board will not interfere with the faculty representative in scheduled hearings where the teacher is entitled to representation as provided in this Agreement.,Representatives of the Board,management,worker,will,True,active,plain,prohibition,prohibition,True,0.9,discipline,True,
columbus_city_schools__columbus_education_association_2022_2025__071387d0,Columbus_Education_Association_2022-2025.pdf,Columbus City Schools,19,"However, nothing in this provision is intended to limit, in any manner, the authority of the principal to give direction or to discipline the faculty representative except as provided in the scope of this article.",nothing in this provision,other,management,,True,active,plain,prohibition,other,False,0.0,other,True,
columbus_city_schools__columbus_education_association_2022_2025__071387d0,Columbus_Education_Association_2022-2025.pdf,Columbus City Schools,19,Board representatives will advise the Association President of the payroll deduction procedures which will be followed by the Board,Board representatives,management,worker,will,False,active,plain,obligation,obligation,True,0.9,other,True,Truncated at end of chunk.
columbus_city_schools__columbus_education_association_2022_2025__071387d0,Columbus_Education_Association_2022-2025.pdf,Columbus City Schools,20,"Board representatives will advise the Association President of the payroll deduction procedures which will be followed by the Board for contributions to Teachers for Better Schools (TBS), to the United Negro College Fund (UNCF) and/or to the Ohio Tuition Trust Authority (OTTA).",Board representatives,management,worker,will,False,active,plain,obligation,obligation,True,0.9,other,True,
columbus_city_schools__columbus_education_association_2022_2025__071387d0,Columbus_Education_Association_2022-2025.pdf,Columbus City Schools,20,The reasonable cost recovery realized by the Board shall not exceed two cents ($.02) per month per deduction for TBS.,The reasonable cost recovery realized by the Board,other,worker,shall,True,active,plain,prohibition,prohibition,True,1.0,other,True,
columbus_city_schools__columbus_education_association_2022_2025__071387d0,Columbus_Education_Association_2022-2025.pdf,Columbus City Schools,20,The Association Senior Faculty Representative in each Columbus school will not be assigned duties during the bargaining unit member’s duty period.,The Association Senior Faculty Representative in each Columbus school,management,worker,will,True,passive,plain,prohibition,prohibition,True,0.9,workload,True,
columbus_city_schools__columbus_education_association_2022_2025__071387d0,Columbus_Education_Association_2022-2025.pdf,Columbus City Schools,20,"The Association will take the primary responsibility for the distribution, collection and filing of deduction forms or cards for charities named in this article.",The Association,worker,management,will,False,active,plain,obligation,obligation,True,0.9,other,True,
columbus_city_schools__columbus_education_association_2022_2025__071387d0,Columbus_Education_Association_2022-2025.pdf,Columbus City Schools,20,"During the effort to settle such a problem at the informal level, the teacher or teachers involved shall advise the supervisor of the section or sections of the Agreement which relate to the problem.",the teacher or teachers involved,worker,management,shall,False,active,plain,obligation,obligation,True,1.0,discipline,True,
columbus_city_schools__columbus_education_association_2022_2025__071387d0,Columbus_Education_Association_2022-2025.pdf,Columbus City Schools,20,The grievant(s) shall not be confined to the sections(s) referred to in this section when a formal grievance is filed.,The grievant(s),management,worker,shall,True,passive,plain,prohibition,prohibition,True,1.0,discipline,True,
columbus_city_schools__columbus_education_association_2022_2025__071387d0,Columbus_Education_Association_2022-2025.pdf,Columbus City Schools,20,"Within ten (10) school days after the occurrence of the incident, which is the subject of the grievance, the teacher involved will reduce the grievance to writing, on a form provided by the Board and will present it to the building principal.",the teacher involved,worker,management,will,False,active,plain,obligation,obligation,True,0.9,discipline,True,
columbus_city_schools__columbus_education_association_2022_2025__071387d0,Columbus_Education_Association_2022-2025.pdf,Columbus City Schools,20,"Upon receipt, the principal will email to or place a copy of the grievance in the Association faculty representative’s school mailbox.",the principal,management,worker,will,False,active,plain,obligation,obligation,True,0.9,discipline,True,
columbus_city_schools__columbus_education_association_2022_2025__071387d0,Columbus_Education_Association_2022-2025.pdf,Columbus City Schools,20,"Within four (4) school days after the grievance is submitted, the building principal will discuss the grievance with the teacher involved and attempt to resolve it.",the building principal,management,worker,will,False,active,plain,obligation,obligation,True,0.9,discipline,True,
columbus_city_schools__columbus_education_association_2022_2025__071387d0,Columbus_Education_Association_2022-2025.pdf,Columbus City Schools,20,"Within four (4) school days after this meeting, the principal shall notify the grievant of the decision in writing on the grievance form.",the principal,management,worker,shall,False,active,plain,obligation,obligation,True,1.0,discipline,True,
columbus_city_schools__columbus_education_association_2022_2025__071387d0,Columbus_Education_Association_2022-2025.pdf,Columbus City Schools,21,the building principal will discuss the grievance with the teach- er involved and attempt to resolve it.,the building principal,management,worker,will,False,active,plain,obligation,obligation,True,0.9,discipline,True,
columbus_city_schools__columbus_education_association_2022_2025__071387d0,Columbus_Education_Association_2022-2025.pdf,Columbus City Schools,21,"Within four (4) school days after this meeting, the principal shall notify the grievant of the decision in writing on the griev- ance form.",the principal,management,worker,shall,False,active,plain,obligation,obligation,True,1.0,discipline,True,
columbus_city_schools__columbus_education_association_2022_2025__071387d0,Columbus_Education_Association_2022-2025.pdf,Columbus City Schools,21,Notification may be provided by email.,Notification,other,management,may,False,passive,rights_passive,right,permission,False,0.3,discipline,True,inanimate subject
columbus_city_schools__columbus_education_association_2022_2025__071387d0,Columbus_Education_Association_2022-2025.pdf,Columbus City Schools,21,"If the grievant is not satisfied with the decision concerning the grievance at Step 1, the teacher may, within four (4) school days of receipt of such decision forward the grievance to the Director of Labor Management and Employee Relations.",the teacher,worker,worker,may,False,active,plain,permission,permission,True,0.3,discipline,True,conditional preamble does not alter operative duty
columbus_city_schools__columbus_education_association_2022_2025__071387d0,Columbus_Education_Association_2022-2025.pdf,Columbus City Schools,21,The Superintendent shall schedule a hearing within ten (10) school days of receipt of the grievance.,The Superintendent,management,worker,shall,False,active,plain,obligation,obligation,True,1.0,discipline,True,
columbus_city_schools__columbus_education_association_2022_2025__071387d0,Columbus_Education_Association_2022-2025.pdf,Columbus City Schools,21,and shall notify the grievant and the Association of the time and place of such hearing.,The Superintendent,management,worker,shall,False,active,plain,obligation,obligation,True,1.0,discipline,True,split independent clause
columbus_city_schools__columbus_education_association_2022_2025__071387d0,Columbus_Education_Association_2022-2025.pdf,Columbus City Schools,21,"Within five (5) school days after such hearing, the Superintendent, or the Superintendent’s designated representative at such hearing, shall notify the grievant of the decision in writing.","the Superintendent, or the Superintendent’s designated representative at such hearing",management,worker,shall,False,active,plain,obligation,obligation,True,1.0,discipline,True,
columbus_city_schools__columbus_education_association_2022_2025__071387d0,Columbus_Education_Association_2022-2025.pdf,Columbus City Schools,21,The failure of a grievant to appeal any decision to the next step within the time set forth for such appeal shall constitute a waiver of the right of further appeal,The failure of a grievant to appeal any decision to the next step within the time set forth for such appeal,other,management,shall,False,active,plain,obligation,obligation,True,1.0,discipline,True,legal effect clause; inanimate subject
columbus_city_schools__columbus_education_association_2022_2025__071387d0,Columbus_Education_Association_2022-2025.pdf,Columbus City Schools,21,a final disposition of the grievance shall be made on the basis of the last decision given.,a final disposition of the grievance,other,management,shall,False,passive,plain,obligation,obligation,True,1.0,discipline,True,inanimate subject; passive construction
columbus_city_schools__columbus_education_association_2022_2025__071387d0,Columbus_Education_Association_2022-2025.pdf,Columbus City Schools,21,Any of the time limits established in this grievance procedure may be waived by mutual agreement of the parties.,Any of the time limits established in this grievance procedure,other,worker,may,False,passive,plain,permission,permission,True,0.3,discipline,True,explicit agent 'by mutual agreement of the parties'
columbus_city_schools__columbus_education_association_2022_2025__071387d0,Columbus_Education_Association_2022-2025.pdf,Columbus City Schools,21,All grievance hearings shall be held outside of the typical teaching hours of the grievant or grievants involved so as not to interfere with their teaching responsibilities.,All grievance hearings,other,worker,shall,False,passive,plain,obligation,obligation,True,1.0,discipline,True,inanimate subject; procedural scheduling
columbus_city_schools__columbus_education_association_2022_2025__071387d0,Columbus_Education_Association_2022-2025.pdf,Columbus City Schools,21,A representative of the Association shall have the right to be present,A representative of the Association,worker,worker,shall,False,active,rights_active,right,right,True,1.0,discipline,True,split independent clause
columbus_city_schools__columbus_education_association_2022_2025__071387d0,Columbus_Education_Association_2022-2025.pdf,Columbus City Schools,21,"and may, at the option of the grievant, represent the grievant at all steps of the grievance procedure and arbitration.",A representative of the Association,worker,worker,may,False,active,plain,permission,permission,True,0.3,discipline,True,split independent clause
columbus_city_schools__columbus_education_association_2022_2025__071387d0,Columbus_Education_Association_2022-2025.pdf,Columbus City Schools,21,A teacher shall not be represented or accompanied by a representative of any other employee organization at any grievance or arbitration hearing.,A teacher,worker,management,shall,True,passive,plain,prohibition,prohibition,True,1.0,discipline,True,
columbus_city_schools__columbus_education_association_2022_2025__071387d0,Columbus_Education_Association_2022-2025.pdf,Columbus City Schools,21,"In the event there is a grievance which involves a number of teachers in one school, it may be submitted as a group grievance.",it,other,worker,may,False,passive,plain,permission,permission,True,0.3,discipline,True,inanimate subject referring to the grievance
columbus_city_schools__columbus_education_association_2022_2025__071387d0,Columbus_Education_Association_2022-2025.pdf,Columbus City Schools,21,The teachers involved in the grievance will be named on the grievance form.,The teachers involved in the grievance,management,management,will,False,passive,plain,obligation,obligation,True,0.9,discipline,True,passive construction; implicit agent defaulted to management
columbus_city_schools__columbus_education_association_2022_2025__071387d0,Columbus_Education_Association_2022-2025.pdf,Columbus City Schools,21,The Association may file a grievance at Step 1 on behalf of an individual or on behalf of a group of teachers in one school,The Association,worker,worker,may,False,active,plain,permission,permission,True,0.3,discipline,True,split independent clause
columbus_city_schools__columbus_education_association_2022_2025__071387d0,Columbus_Education_Association_2022-2025.pdf,Columbus City Schools,21,or it may file a group grievance at Step 2 on behalf of itself or on behalf of a group of teachers in more than one school.,it,worker,worker,may,False,active,plain,permission,permission,True,0.3,discipline,True,split independent clause
columbus_city_schools__columbus_education_association_2022_2025__071387d0,Columbus_Education_Association_2022-2025.pdf,Columbus City Schools,21,"the parties, by mutual agreement, may opt for the grievance to proceed beyond the school year",the parties,other,worker,may,False,active,plain,permission,permission,True,0.3,discipline,True,
columbus_city_schools__columbus_education_association_2022_2025__071387d0,Columbus_Education_Association_2022-2025.pdf,Columbus City Schools,22,the Association may make a written request for arbitration within thirty (30) calendar days after receipt of the decision of the Superintendent or designated representative.,the Association,worker,worker,may,False,active,plain,permission,permission,True,0.3,discipline,True,
columbus_city_schools__columbus_education_association_2022_2025__071387d0,Columbus_Education_Association_2022-2025.pdf,Columbus City Schools,22,"Within three (3) days after this written request for arbitration, the Board and the Association shall attempt to agree upon a mutually acceptable arbitrator",the Board and the Association,other,worker,shall,False,active,plain,obligation,obligation,True,1.0,discipline,True,
columbus_city_schools__columbus_education_association_2022_2025__071387d0,Columbus_Education_Association_2022-2025.pdf,Columbus City Schools,22,and shall obtain a commitment from said arbitrator to serve.,the Board and the Association,other,worker,shall,False,active,plain,obligation,obligation,True,1.0,discipline,True,continuation of prior sentence
columbus_city_schools__columbus_education_association_2022_2025__071387d0,Columbus_Education_Association_2022-2025.pdf,Columbus City Schools,22,a request for a list of arbitrators shall be made jointly to the American Arbitration Association.,a request for a list of arbitrators,other,worker,shall,False,passive,plain,obligation,obligation,True,1.0,discipline,True,
columbus_city_schools__columbus_education_association_2022_2025__071387d0,Columbus_Education_Association_2022-2025.pdf,Columbus City Schools,22,An arbitrator shall be selected from the list submitted by alternately striking names from the list.,An arbitrator,other,worker,shall,False,passive,rights_passive,right,obligation,False,1.0,discipline,True,
columbus_city_schools__columbus_education_association_2022_2025__071387d0,Columbus_Education_Association_2022-2025.pdf,Columbus City Schools,22,The arbitrator so selected shall be requested to hold a hearing on the earliest date available,The arbitrator so selected,other,worker,shall,False,passive,plain,obligation,obligation,True,1.0,discipline,True,
columbus_city_schools__columbus_education_association_2022_2025__071387d0,Columbus_Education_Association_2022-2025.pdf,Columbus City Schools,22,shall issue the arbitrator’s decision not later than thirty (30) days from the date of the hearing.,The arbitrator so selected,other,worker,shall,False,active,plain,obligation,obligation,True,1.0,discipline,True,subject implied from prior clause
columbus_city_schools__columbus_education_association_2022_2025__071387d0,Columbus_Education_Association_2022-2025.pdf,Columbus City Schools,22,The arbitrator’s decision shall be in writing,The arbitrator’s decision,other,worker,shall,False,active,plain,obligation,obligation,True,1.0,discipline,True,
columbus_city_schools__columbus_education_association_2022_2025__071387d0,Columbus_Education_Association_2022-2025.pdf,Columbus City Schools,22,"shall set forth the arbitrator’s findings of fact, reasoning, and conclusions on the issue submitted.",The arbitrator’s decision,other,worker,shall,False,active,plain,obligation,obligation,True,1.0,discipline,True,subject implied from prior clause
columbus_city_schools__columbus_education_association_2022_2025__071387d0,Columbus_Education_Association_2022-2025.pdf,Columbus City Schools,22,"The sole power of the arbitrator shall be to determine whether the terms of this Agreement have been violated, misinterpreted or inequitably applied",The sole power of the arbitrator,other,worker,shall,False,active,plain,obligation,obligation,True,1.0,discipline,True,
columbus_city_schools__columbus_education_association_2022_2025__071387d0,Columbus_Education_Association_2022-2025.pdf,Columbus City Schools,22,"the arbitrator shall have no power or authority to make any decision which modifies, alters or amends any terms of this Agreement or which is violative of the terms of this Agreement.",the arbitrator,other,management,shall,True,active,plain,prohibition,prohibition,True,1.0,discipline,True,
columbus_city_schools__columbus_education_association_2022_2025__071387d0,Columbus_Education_Association_2022-2025.pdf,Columbus City Schools,22,"The arbitrator shall not substitute the arbitrator’s judgment for that of the Board, except in the following circumstances:",The arbitrator,other,management,shall,True,active,plain,prohibition,prohibition,True,1.0,discipline,True,
columbus_city_schools__columbus_education_association_2022_2025__071387d0,Columbus_Education_Association_2022-2025.pdf,Columbus City Schools,22,The decision of the arbitrator shall be submitted to the Board and to the Association,The decision of the arbitrator,other,worker,shall,False,passive,plain,obligation,obligation,True,1.0,discipline,True,
columbus_city_schools__columbus_education_association_2022_2025__071387d0,Columbus_Education_Association_2022-2025.pdf,Columbus City Schools,22,"shall be final and binding in respect to the interpretation, meaning or application of any provision of this Agreement.",The decision of the arbitrator,other,worker,shall,False,active,plain,obligation,obligation,True,1.0,discipline,True,subject implied from prior clause
columbus_city_schools__columbus_education_association_2022_2025__071387d0,Columbus_Education_Association_2022-2025.pdf,Columbus City Schools,22,Other recommendations of the arbitrator shall be advisory only,Other recommendations of the arbitrator,other,management,shall,False,active,plain,obligation,obligation,True,1.0,discipline,True,
columbus_city_schools__columbus_education_association_2022_2025__071387d0,Columbus_Education_Association_2022-2025.pdf,Columbus City Schools,22,no judgment may be entered thereon.,no judgment,other,management,may,True,passive,plain,prohibition,prohibition,True,0.3,discipline,True,
columbus_city_schools__columbus_education_association_2022_2025__071387d0,Columbus_Education_Association_2022-2025.pdf,Columbus City Schools,23,"The costs for the services of the arbitrator, including per diem expenses, if any, and actual and necessary travel and subsistence expenses, as well as the related cost of the American Arbitration Association services, shall be borne totally by the loser.","The costs for the services of the arbitrator, including per diem expenses, if any, and actual and necessary travel and subsistence expenses, as well as the related cost of the American Arbitration Association services",other,management,shall,False,passive,plain,obligation,obligation,True,1.0,discipline,True,
columbus_city_schools__columbus_education_association_2022_2025__071387d0,Columbus_Education_Association_2022-2025.pdf,Columbus City Schools,23,"The arbitrator shall designate in the arbitrator’s award the prevailing party, or the predominately prevailing party,",The arbitrator,other,management,shall,False,active,plain,obligation,obligation,True,1.0,discipline,True,
columbus_city_schools__columbus_education_association_2022_2025__071387d0,Columbus_Education_Association_2022-2025.pdf,Columbus City Schools,23,and shall submit all charges to the other party for payment.,arbitrator,other,management,shall,False,active,plain,obligation,obligation,True,1.0,discipline,True,
columbus_city_schools__columbus_education_association_2022_2025__071387d0,Columbus_Education_Association_2022-2025.pdf,Columbus City Schools,23,Such charges shall not be divided by the arbitrator between the parties in any manner or under any circumstances without prior approval of both parties.,Such charges,other,management,shall,True,passive,plain,prohibition,prohibition,True,1.0,discipline,True,
columbus_city_schools__columbus_education_association_2022_2025__071387d0,Columbus_Education_Association_2022-2025.pdf,Columbus City Schools,23,The expenses of witnesses and other representatives shall be borne by the party they represent.,The expenses of witnesses and other representatives,other,management,shall,False,passive,plain,obligation,obligation,True,1.0,discipline,True,
columbus_city_schools__columbus_education_association_2022_2025__071387d0,Columbus_Education_Association_2022-2025.pdf,Columbus City Schools,23,A stenographic record of the arbitration proceedings shall be made.,A stenographic record of the arbitration proceedings,other,worker,shall,False,passive,plain,obligation,obligation,True,1.0,discipline,True,
columbus_city_schools__columbus_education_association_2022_2025__071387d0,Columbus_Education_Association_2022-2025.pdf,Columbus City Schools,23,"Each party shall pay for its own copy of such record,",Each party,other,management,shall,False,active,plain,obligation,obligation,True,1.0,discipline,True,
columbus_city_schools__columbus_education_association_2022_2025__071387d0,Columbus_Education_Association_2022-2025.pdf,Columbus City Schools,23,and the parties shall share equally the cost of the arbitrator’s copy.,the parties,other,management,shall,False,active,plain,obligation,obligation,True,1.0,discipline,True,
columbus_city_schools__columbus_education_association_2022_2025__071387d0,Columbus_Education_Association_2022-2025.pdf,Columbus City Schools,23,The parties may mutually agree to forego a stenographic record.,The parties,other,management,may,False,active,plain,permission,permission,True,0.3,discipline,True,
columbus_city_schools__columbus_education_association_2022_2025__071387d0,Columbus_Education_Association_2022-2025.pdf,Columbus City Schools,23,Teachers shall be guaranteed academic freedom.,Teachers,management,worker,shall,False,passive,rights_passive,right,right,True,1.0,teacher_rights_and_conduct,True,
columbus_city_schools__columbus_education_association_2022_2025__071387d0,Columbus_Education_Association_2022-2025.pdf,Columbus City Schools,23,"Such freedom shall be exercised within the bounds of general standards of professional responsibility,",Such freedom,worker,management,shall,False,passive,plain,obligation,obligation,True,1.0,teacher_rights_and_conduct,True,
columbus_city_schools__columbus_education_association_2022_2025__071387d0,Columbus_Education_Association_2022-2025.pdf,Columbus City Schools,23,and shall not prohibit consultation and direction by Board representatives.,Such freedom,worker,management,shall,True,active,plain,prohibition,prohibition,True,1.0,teacher_rights_and_conduct,True,
columbus_city_schools__columbus_education_association_2022_2025__071387d0,Columbus_Education_Association_2022-2025.pdf,Columbus City Schools,23,The right to academic freedom herein established shall include the right to support or oppose political causes and issues outside of the teaching role and the teacher’s school-related activities and relationships.,The right to academic freedom herein established,other,worker,shall,False,active,plain,obligation,right,False,1.0,teacher_rights_and_conduct,True,
columbus_city_schools__columbus_education_association_2022_2025__071387d0,Columbus_Education_Association_2022-2025.pdf,Columbus City Schools,23,"During the term of this Agreement, there shall be no general expansion of the citywide standardized testing program prior to discussion with representatives of the Association as provided in Article 108.",there,management,worker,shall,True,active,plain,prohibition,prohibition,True,1.0,evaluation,True,
columbus_city_schools__columbus_education_association_2022_2025__071387d0,Columbus_Education_Association_2022-2025.pdf,Columbus City Schools,23,"This provision shall not restrict the Administration from modifying present tests, from substituting new tests for those tests presently being utilized so long as such substitution does not result in a significant increase in teacher duties related to test administration, from making minor additions to present tests, or from discontinuing a particular test and substituting a different test at that or another grade level so long as the new test does not result in a significant increase in teacher duties related to test administration.",This provision,other,worker,shall,True,active,plain,prohibition,prohibition,True,1.0,workload,True,
columbus_city_schools__columbus_education_association_2022_2025__071387d0,Columbus_Education_Association_2022-2025.pdf,Columbus City Schools,23,Teachers shall conduct testing and st,Teachers,worker,management,shall,False,active,plain,obligation,obligation,True,1.0,evaluation,True,Clause truncated at end of chunk.
columbus_city_schools__columbus_education_association_2022_2025__071387d0,Columbus_Education_Association_2022-2025.pdf,Columbus City Schools,24,Teachers shall conduct testing and student assessment as required for the teacher’s particular assignment.,Teachers,worker,management,shall,False,active,plain,obligation,obligation,True,1.0,evaluation,True,
columbus_city_schools__columbus_education_association_2022_2025__071387d0,Columbus_Education_Association_2022-2025.pdf,Columbus City Schools,24,"the administrator will, as promptly as practical, notify the teacher who gave the original grade.",the administrator,management,worker,will,False,active,plain,obligation,obligation,True,0.9,evaluation,True,
columbus_city_schools__columbus_education_association_2022_2025__071387d0,Columbus_Education_Association_2022-2025.pdf,Columbus City Schools,24,the administrator will initial and date such change,the administrator,management,worker,will,False,active,plain,obligation,obligation,True,0.9,evaluation,True,
columbus_city_schools__columbus_education_association_2022_2025__071387d0,Columbus_Education_Association_2022-2025.pdf,Columbus City Schools,24,"and, as promptly as practical, notify the teacher who gave the original grade.",the administrator,management,worker,,False,active,plain,other,obligation,False,0.0,evaluation,True,Subject and modal implied from preceding clause.
columbus_city_schools__columbus_education_association_2022_2025__071387d0,Columbus_Education_Association_2022-2025.pdf,Columbus City Schools,24,"Each school or CEA Association unit shall have an Association Building Council (ABC) to be organized during the first month of the school year, consisting of not less than five (5) teachers",Each school or CEA Association unit,other,worker,shall,False,active,plain,obligation,obligation,True,1.0,other,True,
columbus_city_schools__columbus_education_association_2022_2025__071387d0,Columbus_Education_Association_2022-2025.pdf,Columbus City Schools,24,The Association Senior Faculty Representative shall be a member of the Association Building Council.,The Association Senior Faculty Representative,worker,worker,shall,False,passive,plain,obligation,obligation,True,1.0,other,True,
columbus_city_schools__columbus_education_association_2022_2025__071387d0,Columbus_Education_Association_2022-2025.pdf,Columbus City Schools,24,two other members of the ABC shall be elected by secret ballot of the teachers at a general staff meeting,two other members of the ABC,worker,worker,shall,False,passive,rights_passive,right,right,True,1.0,other,True,
columbus_city_schools__columbus_education_association_2022_2025__071387d0,Columbus_Education_Association_2022-2025.pdf,Columbus City Schools,24,and the remaining two members of the ABC shall be appointed by the principal.,the remaining two members of the ABC,management,management,shall,False,passive,rights_passive,right,right,True,1.0,other,True,
columbus_city_schools__columbus_education_association_2022_2025__071387d0,Columbus_Education_Association_2022-2025.pdf,Columbus City Schools,24,"Schools having more than thirty (30) teachers shall, at the request of either the Senior Faculty Representative or the principal, elect one (1) additional ABC member",Schools having more than thirty (30) teachers,other,worker,shall,False,active,plain,obligation,obligation,True,1.0,other,True,
columbus_city_schools__columbus_education_association_2022_2025__071387d0,Columbus_Education_Association_2022-2025.pdf,Columbus City Schools,24,"and appoint one (1) additional ABC member as provided above, for every additional twenty (20) teachers or fraction thereof.",Schools having more than thirty (30) teachers,other,worker,,False,active,plain,other,obligation,False,0.0,other,True,Subject and modal implied from preceding clause.
columbus_city_schools__columbus_education_association_2022_2025__071387d0,Columbus_Education_Association_2022-2025.pdf,Columbus City Schools,24,All members shall serve by consent.,All members,worker,worker,shall,False,active,plain,obligation,obligation,True,1.0,other,True,
columbus_city_schools__columbus_education_association_2022_2025__071387d0,Columbus_Education_Association_2022-2025.pdf,Columbus City Schools,24,The term of office shall be one school year.,The term of office,other,worker,shall,False,passive,plain,obligation,obligation,True,1.0,other,True,
columbus_city_schools__columbus_education_association_2022_2025__071387d0,Columbus_Education_Association_2022-2025.pdf,Columbus City Schools,24,The ABC shall assume the responsibility for being knowledgeable about matters in this Agreement which relate to its functions.,The ABC,other,worker,shall,False,active,plain,obligation,obligation,True,1.0,other,True,
columbus_city_schools__columbus_education_association_2022_2025__071387d0,Columbus_Education_Association_2022-2025.pdf,Columbus City Schools,24,The ABC shall elect a chairperson at its first meeting each year.,The ABC,other,worker,shall,False,active,plain,obligation,obligation,True,1.0,other,True,
columbus_city_schools__columbus_education_association_2022_2025__071387d0,Columbus_Education_Association_2022-2025.pdf,Columbus City Schools,24,"The ABC chairperson shall prepare an agenda prior to each subsequent meeting, after consultation with the principal.",The ABC chairperson,worker,worker,shall,False,active,plain,obligation,obligation,True,1.0,other,True,
columbus_city_schools__columbus_education_association_2022_2025__071387d0,Columbus_Education_Association_2022-2025.pdf,Columbus City Schools,24,The ABC chairperson shall record the business of each meting,The ABC chairperson,worker,worker,shall,False,active,plain,obligation,obligation,True,1.0,other,True,Typo 'meting' preserved from source text.
columbus_city_schools__columbus_education_association_2022_2025__071387d0,Columbus_Education_Association_2022-2025.pdf,Columbus City Schools,24,and shall make a written report of such business to the teachers.,The ABC chairperson,worker,worker,shall,False,active,plain,obligation,obligation,True,1.0,other,True,
columbus_city_schools__columbus_education_association_2022_2025__071387d0,Columbus_Education_Association_2022-2025.pdf,Columbus City Schools,24,"It shall be the responsibility of the principal, utilizing the office staff, to provide each teacher with a copy of the agenda no later than two (2) days after receiving it from the ABC chairperson and a copy of the ABC chairperson’s report no later than five (5) days after receiving it from the chairperson.",It,other,worker,shall,False,passive,plain,obligation,obligation,True,1.0,other,True,Dummy subject 'It' refers to principal's duty.
columbus_city_schools__columbus_education_association_2022_2025__071387d0,Columbus_Education_Association_2022-2025.pdf,Columbus City Schools,25,The length of the ABC chairperson’s report is to be no more than five (5) single-spaced type-written pages unless a larger report is deemed necessary by the ABC chairperson and the principal.,The length of the ABC chairperson’s report,other,worker,,False,active,plain,other,other,True,0.0,other,True,
columbus_city_schools__columbus_education_association_2022_2025__071387d0,Columbus_Education_Association_2022-2025.pdf,Columbus City Schools,25,Each professional staff member shall have the right to have matters placed on the ABC agenda,Each professional staff member,worker,worker,shall,False,active,rights_active,right,right,True,1.0,other,True,
columbus_city_schools__columbus_education_association_2022_2025__071387d0,Columbus_Education_Association_2022-2025.pdf,Columbus City Schools,25,Each professional staff member shall have the right to speak to the ABC on an item which the staff member has initiated unless a majority of the ABC shall vote to limit the discussion.,Each professional staff member,worker,worker,shall,False,active,rights_active,right,right,True,1.0,other,True,
columbus_city_schools__columbus_education_association_2022_2025__071387d0,Columbus_Education_Association_2022-2025.pdf,Columbus City Schools,25,The ABC’s meetings shall be open to all teachers in the building,The ABC’s meetings,other,worker,shall,False,active,plain,obligation,obligation,True,1.0,other,True,
columbus_city_schools__columbus_education_association_2022_2025__071387d0,Columbus_Education_Association_2022-2025.pdf,Columbus City Schools,25,a majority of the ABC may declare executive session.,a majority of the ABC,other,worker,may,False,active,plain,permission,permission,True,0.3,other,True,
columbus_city_schools__columbus_education_association_2022_2025__071387d0,Columbus_Education_Association_2022-2025.pdf,Columbus City Schools,25,the teachers in each of the departments listed in Section 905.01 Assignment Group B may meet and elect one or more consenting candidates as nominees for the position of department chairperson/leader in each of their respective departments.,the teachers in each of the departments listed in Section 905.01 Assignment Group B,worker,worker,may,False,active,permission_verb,permission,permission,True,0.3,other,True,
columbus_city_schools__columbus_education_association_2022_2025__071387d0,Columbus_Education_Association_2022-2025.pdf,Columbus City Schools,25,"Where no department exists, the Senior Faculty Representative or Association designee will conduct the election.",the Senior Faculty Representative or Association designee,worker,worker,will,False,active,plain,obligation,obligation,True,0.9,other,True,
columbus_city_schools__columbus_education_association_2022_2025__071387d0,Columbus_Education_Association_2022-2025.pdf,Columbus City Schools,25,"In such an event, the names of the elected nominees shall be submitted to the building principal.",the names of the elected nominees,management,worker,shall,False,passive,plain,obligation,obligation,True,1.0,other,True,Implicit agent defaults to management per instructions
columbus_city_schools__columbus_education_association_2022_2025__071387d0,Columbus_Education_Association_2022-2025.pdf,Columbus City Schools,25,"The building principal shall include consideration of all such nominees, if any, in the final selection of teachers to serve as department chairpersons/leaders for the following school year.",The building principal,management,worker,shall,False,active,plain,obligation,obligation,True,1.0,other,True,
columbus_city_schools__columbus_education_association_2022_2025__071387d0,Columbus_Education_Association_2022-2025.pdf,Columbus City Schools,25,All selections shall be made with the consent of the chosen bargaining unit member.,All selections,management,worker,shall,False,passive,plain,obligation,obligation,True,1.0,other,True,
columbus_city_schools__columbus_education_association_2022_2025__071387d0,Columbus_Education_Association_2022-2025.pdf,Columbus City Schools,25,The selection shall typically be made by the close of the school year and the selection announced to the department members by such date.,The selection,management,management,shall,False,passive,plain,obligation,obligation,True,1.0,other,True,Compound passive clause; modal carries over to second conjunct
columbus_city_schools__columbus_education_association_2022_2025__071387d0,Columbus_Education_Association_2022-2025.pdf,Columbus City Schools,25,The basis for the selection of department chairpersons/leaders by the principal shall not be arbitrary or capricious.,The basis for the selection of department chairpersons/leaders by the principal,other,worker,shall,True,active,plain,prohibition,prohibition,True,1.0,other,True,
columbus_city_schools__columbus_education_association_2022_2025__071387d0,Columbus_Education_Association_2022-2025.pdf,Columbus City Schools,25,Teachers shall typically remain on duty until they have completed their professional duties,Teachers,worker,management,shall,False,active,plain,obligation,obligation,True,1.0,workload,True,
columbus_city_schools__columbus_education_association_2022_2025__071387d0,Columbus_Education_Association_2022-2025.pdf,Columbus City Schools,25,in no event shall they leave the school prior to fifteen (15) minutes after the close of the scheduled student school day.,they,worker,management,shall,False,active,plain,obligation,prohibition,False,1.0,workload,True,
columbus_city_schools__columbus_education_association_2022_2025__071387d0,Columbus_Education_Association_2022-2025.pdf,Columbus City Schools,25,"The length of the student school day for all elementary schools shall typically be five and one-half (5 ½) hours per day, excluding the lunch period.",The length of the student school day for all elementary schools,other,worker,shall,False,active,plain,obligation,obligation,True,1.0,workload,True,
columbus_city_schools__columbus_education_association_2022_2025__071387d0,Columbus_Education_Association_2022-2025.pdf,Columbus City Schools,25,"The length of the student school day for all middle and high schools shall typically be seven (7) hours per day, including one (1) class period for lunch.",The length of the student school day for all middle and high schools,other,worker,shall,False,active,plain,obligation,obligation,True,1.0,workload,True,
columbus_city_schools__columbus_education_association_2022_2025__071387d0,Columbus_Education_Association_2022-2025.pdf,Columbus City Schools,25,"Except as provided elsewhere in this Agreement, the regular work day for all full-time teachers is to be seven and one-half (7 ½) hours.",the regular work day for all full-time teachers,other,worker,,False,active,plain,other,other,True,0.0,workload,True,
columbus_city_schools__columbus_education_association_2022_2025__071387d0,Columbus_Education_Association_2022-2025.pdf,Columbus City Schools,26,Such seven and one-half (7 ½) hours shall include a duty-free lunch period and planning-preparation time.,Such seven and one-half (7 ½) hours,other,worker,shall,False,active,plain,obligation,obligation,True,1.0,workload,True,
columbus_city_schools__columbus_education_association_2022_2025__071387d0,Columbus_Education_Association_2022-2025.pdf,Columbus City Schools,26,Teachers may contract individually with the Board for extra-duty assignments that may extend beyond the seven and one-half (7 ½) hour day.,Teachers,worker,worker,may,False,active,plain,permission,permission,True,0.3,compensation,True,
columbus_city_schools__columbus_education_association_2022_2025__071387d0,Columbus_Education_Association_2022-2025.pdf,Columbus City Schools,26,Full-time hourly-rated teachers and those members of the bargaining unit not assigned to a regular school staff shall have a regular workday not to exceed eight (8) hours.,Full-time hourly-rated teachers and those members of the bargaining unit not assigned to a regular school staff,worker,worker,shall,False,active,rights_active,right,right,True,1.0,workload,True,
columbus_city_schools__columbus_education_association_2022_2025__071387d0,Columbus_Education_Association_2022-2025.pdf,Columbus City Schools,26,In no event shall a teacher’s workday begin before 7:15 a.m. or end after 4:45 p.m.,a teacher’s workday,other,worker,shall,True,active,plain,prohibition,prohibition,True,1.0,workload,True,
columbus_city_schools__columbus_education_association_2022_2025__071387d0,Columbus_Education_Association_2022-2025.pdf,Columbus City Schools,26,"Notification to teachers of a change of school day start and end times, for the following school year, shall be made prior to the beginning of the Article 211 process.","Notification to teachers of a change of school day start and end times, for the following school year",management,worker,shall,False,passive,plain,obligation,obligation,True,1.0,workload,True,
columbus_city_schools__columbus_education_association_2022_2025__071387d0,Columbus_Education_Association_2022-2025.pdf,Columbus City Schools,26,"Upon written notification to the Board, a teacher may request a voluntary staff reduction as the result of a change to school day start and end times.",a teacher,worker,worker,may,False,active,plain,permission,permission,True,0.3,layoffs,True,
columbus_city_schools__columbus_education_association_2022_2025__071387d0,Columbus_Education_Association_2022-2025.pdf,Columbus City Schools,26,"In schools that vary their schedules from the typical teacher work day, teachers shall be provided lunch periods, conference periods, and other released-time periods stipulated by this Agreement for various assignments equal in minutes per week to those periods provided teachers in schools on typical schedules.",teachers,management,worker,shall,False,passive,rights_passive,right,right,True,1.0,workload,True,
columbus_city_schools__columbus_education_association_2022_2025__071387d0,Columbus_Education_Association_2022-2025.pdf,Columbus City Schools,26,"Nothing in this provision shall prohibit the Board from developing innovative programs in certain schools so long as the staff in such a school, by secret ballot, votes approval of such innovation,",Nothing in this provision,other,management,shall,True,active,plain,prohibition,prohibition,True,1.0,other,True,Trailing comma indicates continuation of condition in source text.
columbus_city_schools__columbus_education_association_2022_2025__071387d0,Columbus_Education_Association_2022-2025.pdf,Columbus City Schools,26,"Prior to any such secret ballot vote, the Association Building Council shall study the proposed innovative programs",the Association Building Council,worker,worker,shall,False,active,plain,obligation,obligation,True,1.0,other,True,
columbus_city_schools__columbus_education_association_2022_2025__071387d0,Columbus_Education_Association_2022-2025.pdf,Columbus City Schools,26,and shall make recommendations to the staff.,the Association Building Council (implied),worker,worker,shall,False,active,plain,obligation,obligation,True,1.0,other,True,Independent clause joined by 'and'.
columbus_city_schools__columbus_education_association_2022_2025__071387d0,Columbus_Education_Association_2022-2025.pdf,Columbus City Schools,26,The lunch schedule shall be developed (if possible) by agreement between the principal and the Association Building Council.,The lunch schedule,management,worker,shall,False,passive,plain,obligation,obligation,True,1.0,workload,True,
columbus_city_schools__columbus_education_association_2022_2025__071387d0,Columbus_Education_Association_2022-2025.pdf,Columbus City Schools,26,"Absent an agreement, the final determination shall be made by the principal.",the final determination,management,management,shall,False,passive,plain,obligation,obligation,True,1.0,other,True,
columbus_city_schools__columbus_education_association_2022_2025__071387d0,Columbus_Education_Association_2022-2025.pdf,Columbus City Schools,26,"No elementary teacher shall be deprived of at least a thirty (30) minute uninterrupted, duty-free lunch period, in the context of a sixty (60) minute student lunch period.",No elementary teacher,management,worker,shall,True,passive,plain,prohibition,prohibition,True,1.0,workload,True,
columbus_city_schools__columbus_education_association_2022_2025__071387d0,Columbus_Education_Association_2022-2025.pdf,Columbus City Schools,26,All teachers assigned to a school building will be required to attend two (2) regular building-level sta,All teachers assigned to a school building,management,management,will,False,passive,obligation_verb,obligation,obligation,True,0.9,professional_development,True,Truncated at end of chunk.
columbus_city_schools__columbus_education_association_2022_2025__071387d0,Columbus_Education_Association_2022-2025.pdf,Columbus City Schools,27,All teachers assigned to a school building will be required to attend two (2) regular building-level staff/inservice meetings per month if called by the principal of that school.,All teachers assigned to a school building,management,management,will,False,passive,obligation_verb,obligation,obligation,True,0.9,professional_development,True,
columbus_city_schools__columbus_education_association_2022_2025__071387d0,Columbus_Education_Association_2022-2025.pdf,Columbus City Schools,27,In-service meetings tied to the early release of students shall not count as one (1) of these two (2) meetings.,In-service meetings tied to the early release of students,other,worker,shall,True,active,plain,prohibition,prohibition,True,1.0,professional_development,True,
columbus_city_schools__columbus_education_association_2022_2025__071387d0,Columbus_Education_Association_2022-2025.pdf,Columbus City Schools,27,In-service meetings will include topics related to multicultural education.,In-service meetings,other,management,will,False,active,plain,obligation,obligation,True,0.9,professional_development,True,
columbus_city_schools__columbus_education_association_2022_2025__071387d0,Columbus_Education_Association_2022-2025.pdf,Columbus City Schools,27,"Except in the case of emergency, or as provided below, such required staff/in-service meetings will not extend beyond forty-five (45) minutes after the teacher’s scheduled workday.",such required staff/in-service meetings,other,worker,will,True,active,plain,prohibition,prohibition,True,0.9,professional_development,True,
columbus_city_schools__columbus_education_association_2022_2025__071387d0,Columbus_Education_Association_2022-2025.pdf,Columbus City Schools,27,"In addition to the regular building-level staff/in-service meetings, the principal, in consultation with the Association Building Council, may schedule two (2) forty-five (45) minute building level staff meetings per month and/or extend one (1) required building-level staff/in-service meeting per month a maximum of thirty (30) minutes beyond the limitations in 205.01 above for purposes of staff development.",the principal,management,management,may,False,active,permission_verb,permission,permission,True,0.3,professional_development,True,
columbus_city_schools__columbus_education_association_2022_2025__071387d0,Columbus_Education_Association_2022-2025.pdf,Columbus City Schools,27,Attendance at such additional meetings or extension will be voluntary unless a majority of the staff has voted by secret ballot to require attendance at a particular meeting.,Attendance at such additional meetings or extension,other,worker,will,False,active,plain,obligation,obligation,True,0.9,professional_development,True,
columbus_city_schools__columbus_education_association_2022_2025__071387d0,Columbus_Education_Association_2022-2025.pdf,Columbus City Schools,27,"In the case of such meeting, at which attendance is required, the Association Building Council shall assist the principal in developing the program and agenda.",the Association Building Council,worker,worker,shall,False,active,obligation_verb,obligation,obligation,True,1.0,professional_development,True,
columbus_city_schools__columbus_education_association_2022_2025__071387d0,Columbus_Education_Association_2022-2025.pdf,Columbus City Schools,27,Announcements concerning Association activities may be made by the Association’s faculty representative at the conclusion of staff meetings.,Announcements concerning Association activities,worker,worker,may,False,passive,permission_verb,permission,permission,True,0.3,teacher_rights_and_conduct,True,
columbus_city_schools__columbus_education_association_2022_2025__071387d0,Columbus_Education_Association_2022-2025.pdf,Columbus City Schools,27,Regular building-level staff/in-service meetings will typically be scheduled on Mondays.,Regular building-level staff/in-service meetings,management,management,will,False,passive,plain,obligation,obligation,True,0.9,professional_development,True,
columbus_city_schools__columbus_education_association_2022_2025__071387d0,Columbus_Education_Association_2022-2025.pdf,Columbus City Schools,27,"If, due to unusual circumstances, there is a need to hold a meeting on a different day, the staff will be advised as far in advance as is practical and reasonable.",the staff,management,worker,will,False,passive,plain,obligation,obligation,True,0.9,professional_development,True,
columbus_city_schools__columbus_education_association_2022_2025__071387d0,Columbus_Education_Association_2022-2025.pdf,Columbus City Schools,27,"Except in the case of emergency, the principal shall not schedule building-level staff/in-service meetings in the afternoon of the first Thursday of each month during the regular school year.",the principal,management,worker,shall,True,active,prohibition_verb,permission,prohibition,False,1.0,professional_development,True,
columbus_city_schools__columbus_education_association_2022_2025__071387d0,Columbus_Education_Association_2022-2025.pdf,Columbus City Schools,27,The principal shall designate one full day at the beginning of the school year as being for the teacher’s own professional utilization at the teacher’s assigned building.,The principal,management,worker,shall,False,active,obligation_verb,obligation,obligation,True,1.0,professional_development,True,
columbus_city_schools__columbus_education_association_2022_2025__071387d0,Columbus_Education_Association_2022-2025.pdf,Columbus City Schools,27,"Notwithstanding Sections 205.01 and 205.04 above, citywide programs teachers who are assigned to school buildings may be required to attend two (2) citywide program after-school staff/in-service meeting on a pupil attendance day during the school year.",citywide programs teachers who are assigned to school buildings,management,management,may,False,passive,plain,permission,permission,True,0.3,professional_development,True,
columbus_city_schools__columbus_education_association_2022_2025__071387d0,Columbus_Education_Association_2022-2025.pdf,Columbus City Schools,27,Announcement of this meeting shall clearly state attendance is mandatory.,Announcement of this meeting,other,management,shall,False,active,plain,obligation,obligation,True,1.0,professional_development,True,
columbus_city_schools__columbus_education_association_2022_2025__071387d0,Columbus_Education_Association_2022-2025.pdf,Columbus City Schools,27,This meeting shall not exceed one and one-half (1 ½) hours in length.,This meeting,other,worker,shall,True,active,plain,prohibition,prohibition,True,1.0,professional_development,True,
columbus_city_schools__columbus_education_association_2022_2025__071387d0,Columbus_Education_Association_2022-2025.pdf,Columbus City Schools,28,Such pilot programs will not be implemented without agreement of the Association.,Such pilot programs,management,worker,will,True,passive,plain,prohibition,prohibition,True,0.9,other,True,
columbus_city_schools__columbus_education_association_2022_2025__071387d0,Columbus_Education_Association_2022-2025.pdf,Columbus City Schools,28,"Copying machine(s) (or technologically more advanced equipment) and computers shall be made available in the teachers’ workspace, classrooms and/or teachers’ lounges.",Copying machine(s) (or technologically more advanced equipment) and computers,management,worker,shall,False,passive,rights_passive,right,obligation,False,1.0,safety_and_working_conditions,True,
columbus_city_schools__columbus_education_association_2022_2025__071387d0,Columbus_Education_Association_2022-2025.pdf,Columbus City Schools,28,The number of copiers and their capacity shall be equitably distributed among school buildings consistent with funds appropriated and budgeted for such purpose.,The number of copiers and their capacity,management,worker,shall,False,passive,plain,obligation,obligation,True,1.0,safety_and_working_conditions,True,
columbus_city_schools__columbus_education_association_2022_2025__071387d0,Columbus_Education_Association_2022-2025.pdf,Columbus City Schools,28,Copiers shall be maintained and repaired as soon as possible.,Copiers,management,worker,shall,False,passive,plain,obligation,obligation,True,1.0,safety_and_working_conditions,True,
columbus_city_schools__columbus_education_association_2022_2025__071387d0,Columbus_Education_Association_2022-2025.pdf,Columbus City Schools,28,"The district shall continue to implement secure, advanced technology for teacher access to enter school and student information.",The district,management,worker,shall,False,active,obligation_verb,obligation,obligation,True,1.0,safety_and_working_conditions,True,
columbus_city_schools__columbus_education_association_2022_2025__071387d0,Columbus_Education_Association_2022-2025.pdf,Columbus City Schools,28,"Each classroom shall have sufficient chalkboard/whiteboard and bulletin board space and, effective January 2020, a telephone.",Each classroom,other,worker,shall,False,active,plain,obligation,obligation,True,1.0,safety_and_working_conditions,True,
columbus_city_schools__columbus_education_association_2022_2025__071387d0,Columbus_Education_Association_2022-2025.pdf,Columbus City Schools,28,Each classroom will have a computer and projection capability.,Each classroom,other,worker,will,False,active,plain,obligation,obligation,True,0.9,safety_and_working_conditions,True,
columbus_city_schools__columbus_education_association_2022_2025__071387d0,Columbus_Education_Association_2022-2025.pdf,Columbus City Schools,28,"In addition, students shall have equitable access to district technology.",students,other,management,shall,False,active,plain,obligation,obligation,True,1.0,other,True,
columbus_city_schools__columbus_education_association_2022_2025__071387d0,Columbus_Education_Association_2022-2025.pdf,Columbus City Schools,28,"The Board shall continue to provide instructional materials and equipment, within budgetary constraints, to implement the District’s educational goals and objectives and to meet students’ needs pursuant to Board policy 2520.",The Board,management,worker,shall,False,active,obligation_verb,obligation,obligation,True,1.0,safety_and_working_conditions,True,
columbus_city_schools__columbus_education_association_2022_2025__071387d0,Columbus_Education_Association_2022-2025.pdf,Columbus City Schools,28,Teachers shall be permitted to have coffee making devices and coffee and soft drink vending machines in the teachers’ lounges as space permits.,Teachers,worker,worker,shall,False,active,permission_verb,permission,permission,True,1.0,safety_and_working_conditions,True,
columbus_city_schools__columbus_education_association_2022_2025__071387d0,Columbus_Education_Association_2022-2025.pdf,Columbus City Schools,28,"Teachers shall be permitted to have efficiency-type ranges, microwave ovens and refrigerators in teachers’ lounges as space and the availability of utilities permit.",Teachers,worker,worker,shall,False,active,permission_verb,permission,permission,True,1.0,safety_and_working_conditions,True,
columbus_city_schools__columbus_education_association_2022_2025__071387d0,Columbus_Education_Association_2022-2025.pdf,Columbus City Schools,28,All such devices and equipment shall be maintained by the faculty.,All such devices and equipment,worker,management,shall,False,passive,plain,obligation,obligation,True,1.0,safety_and_working_conditions,True,
columbus_city_schools__columbus_education_association_2022_2025__071387d0,Columbus_Education_Association_2022-2025.pdf,Columbus City Schools,28,Teachers shall not be required to perform the custodial duties in the staff lounge,Teachers,management,worker,shall,True,passive,prohibition_verb,permission,right,False,1.0,safety_and_working_conditions,True,
columbus_city_schools__columbus_education_association_2022_2025__071387d0,Columbus_Education_Association_2022-2025.pdf,Columbus City Schools,28,"Teachers shall not be required to prepare food, clean tables or perform other significant custodial chores in connection with the lunch programs.",Teachers,management,worker,shall,True,passive,prohibition_verb,permission,right,False,1.0,safety_and_working_conditions,True,
columbus_city_schools__columbus_education_association_2022_2025__071387d0,Columbus_Education_Association_2022-2025.pdf,Columbus City Schools,28,"Teachers who use the staff lounge or use the appliances in the staff lounge may be required to share in the cleaning of the appliances, to keep their personal property cleaned and stored and to leave their eating area in a clean and orderly condition.",Teachers who use the staff lounge or use the appliances in the staff lounge,management,management,may,False,passive,obligation_verb,obligation,obligation,True,0.3,safety_and_working_conditions,True,
columbus_city_schools__columbus_education_association_2022_2025__071387d0,Columbus_Education_Association_2022-2025.pdf,Columbus City Schools,29,Classroom interruptions by the public address system shall be permitted only in the case of an emergency.,Classroom interruptions,management,worker,shall,False,passive,permission_verb,permission,prohibition,False,1.0,safety_and_working_conditions,True,
columbus_city_schools__columbus_education_association_2022_2025__071387d0,Columbus_Education_Association_2022-2025.pdf,Columbus City Schools,29,Regular announcements may be made at any regularly scheduled time during the day.,Regular announcements,management,worker,may,False,passive,permission_verb,permission,permission,True,0.3,safety_and_working_conditions,True,
columbus_city_schools__columbus_education_association_2022_2025__071387d0,Columbus_Education_Association_2022-2025.pdf,Columbus City Schools,29,Other classroom interruptions for administrative or other purposes shall be held to a minimum.,Other classroom interruptions,management,worker,shall,False,passive,plain,obligation,obligation,True,1.0,safety_and_working_conditions,True,
columbus_city_schools__columbus_education_association_2022_2025__071387d0,Columbus_Education_Association_2022-2025.pdf,Columbus City Schools,29,"The Board shall make reasonable efforts, taking into account timing, transportation, cost and other relevant considerations, to address lack of power, heat or water in a building in a manner that is safe and promotes the well-being of students and teachers.",The Board,management,worker,shall,False,active,plain,obligation,obligation,True,1.0,safety_and_working_conditions,True,
columbus_city_schools__columbus_education_association_2022_2025__071387d0,Columbus_Education_Association_2022-2025.pdf,Columbus City Schools,29,An employee or Association representative shall file in writing a health and safety complaint with the immediate supervisor or principal within five (5) work days of the occurrence of the alleged violation.,An employee or Association representative,worker,worker,shall,False,active,plain,obligation,obligation,True,1.0,safety_and_working_conditions,True,
columbus_city_schools__columbus_education_association_2022_2025__071387d0,Columbus_Education_Association_2022-2025.pdf,Columbus City Schools,29,the employee or the Association may appeal the complaint to the Director of Buildings and Grounds by filing a written appeal with the director within five (5) work days of the immediate supervisor/principal’s response or due date to respond.,the employee or the Association,worker,worker,may,False,active,permission_verb,permission,permission,True,0.3,safety_and_working_conditions,True,Extracted from conditional sentence.
columbus_city_schools__columbus_education_association_2022_2025__071387d0,Columbus_Education_Association_2022-2025.pdf,Columbus City Schools,29,The director or designee shall respond in writing to the complaint within ten (10) work days of submission of the appeal.,The director or designee,management,worker,shall,False,active,plain,obligation,obligation,True,1.0,safety_and_working_conditions,True,
columbus_city_schools__columbus_education_association_2022_2025__071387d0,Columbus_Education_Association_2022-2025.pdf,Columbus City Schools,29,the response shall include a planned date of project completion.,the response,management,worker,shall,False,active,plain,obligation,obligation,True,1.0,safety_and_working_conditions,True,Extracted from conditional sentence.
columbus_city_schools__columbus_education_association_2022_2025__071387d0,Columbus_Education_Association_2022-2025.pdf,Columbus City Schools,29,a bargaining unit member who is dissatisfied with the disposition of the Health and Safety complaint may file a complaint with the Ohio Bureau of Workers Compensation Public Employees Risk Reduction Program (PERRP) using Form SH-6.,a bargaining unit member who is dissatisfied with the disposition of the Health and Safety complaint,worker,worker,may,False,active,permission_verb,permission,permission,True,0.3,safety_and_working_conditions,True,
columbus_city_schools__columbus_education_association_2022_2025__071387d0,Columbus_Education_Association_2022-2025.pdf,Columbus City Schools,30,Not less than one room appropriately furnished and vented shall be reserved as a faculty lounge with workspace unless workspace is provided in another room.,Not less than one room appropriately furnished and vented,management,worker,shall,False,passive,plain,obligation,obligation,True,1.0,safety_and_working_conditions,True,
columbus_city_schools__columbus_education_association_2022_2025__071387d0,Columbus_Education_Association_2022-2025.pdf,Columbus City Schools,30,"Where an extension telephone for the use of the professional staff is not presently available in a school building, one shall be installed upon request of the Association Building Council.",one,management,worker,shall,False,passive,plain,obligation,obligation,True,1.0,safety_and_working_conditions,True,
columbus_city_schools__columbus_education_association_2022_2025__071387d0,Columbus_Education_Association_2022-2025.pdf,Columbus City Schools,30,The location of the extension telephone shall be determined by the principal.,The location of the extension telephone,management,management,shall,False,passive,plain,obligation,obligation,True,1.0,safety_and_working_conditions,True,
columbus_city_schools__columbus_education_association_2022_2025__071387d0,Columbus_Education_Association_2022-2025.pdf,Columbus City Schools,30,Such telephones may not be locked during the typical school day or teachers otherwise unreasonably inconvenienced in their use.,Such telephones,management,worker,may,True,passive,plain,prohibition,prohibition,True,0.3,safety_and_working_conditions,True,
columbus_city_schools__columbus_education_association_2022_2025__071387d0,Columbus_Education_Association_2022-2025.pdf,Columbus City Schools,30,"a continued effort shall be made, with this Agreement, to avoid substantive increases in such clerical work.",a continued effort,management,worker,shall,False,passive,plain,obligation,obligation,True,1.0,workload,True,
columbus_city_schools__columbus_education_association_2022_2025__071387d0,Columbus_Education_Association_2022-2025.pdf,Columbus City Schools,30,The expenditure of any profits received from fundraising projects for a school’s General Fund in which teachers were directly involved may be considered by the Association Building Council with appropriate recommendations to the principal.,The expenditure of any profits received from fundraising projects for a school’s General Fund in which teachers were directly involved,worker,worker,may,False,passive,plain,permission,permission,True,0.3,benefits,True,
columbus_city_schools__columbus_education_association_2022_2025__071387d0,Columbus_Education_Association_2022-2025.pdf,Columbus City Schools,30,"Upon request, any teacher shall be advised in a reasonably prompt manner of the status of the various school fund accounts.",any teacher,management,worker,shall,False,passive,rights_passive,right,right,True,1.0,benefits,True,
columbus_city_schools__columbus_education_association_2022_2025__071387d0,Columbus_Education_Association_2022-2025.pdf,Columbus City Schools,30,"It shall be the responsibility of the building principal to see that the Board of Education’s adopted expulsion, suspension and removal regulations are prominently posted in each respective building.",It,management,management,shall,False,active,obligation_verb,obligation,obligation,True,1.0,discipline,True,
columbus_city_schools__columbus_education_association_2022_2025__071387d0,Columbus_Education_Association_2022-2025.pdf,Columbus City Schools,30,This section is not subject to the grievance procedure.,This section,other,management,,True,active,plain,prohibition,prohibition,True,0.0,discipline,True,
columbus_city_schools__columbus_education_association_2022_2025__071387d0,Columbus_Education_Association_2022-2025.pdf,Columbus City Schools,30,"Elementary classroom teachers required to permanently change classrooms on or after the workday prior to the first student attendance day during a school year, shall be provided one (1) school day without pupils to accomplish such move.",Elementary classroom teachers required to permanently change classrooms on or after the workday prior to the first student attendance day during a school year,management,worker,shall,False,passive,rights_passive,right,right,True,1.0,transfers,True,
columbus_city_schools__columbus_education_association_2022_2025__071387d0,Columbus_Education_Association_2022-2025.pdf,Columbus City Schools,30,New and renovated elementary buildings shall be designed with rooms for art and music classes.,New and renovated elementary buildings,management,worker,shall,False,passive,plain,obligation,obligation,True,1.0,safety_and_working_conditions,True,
columbus_city_schools__columbus_education_association_2022_2025__071387d0,Columbus_Education_Association_2022-2025.pdf,Columbus City Schools,30,The Board shall make reasonable efforts to designate specific rooms for both art and music in elementary buildings for the particular school year and physical facility.,The Board,management,worker,shall,False,active,plain,obligation,obligation,True,1.0,safety_and_working_conditions,True,
columbus_city_schools__columbus_education_association_2022_2025__071387d0,Columbus_Education_Association_2022-2025.pdf,Columbus City Schools,31,"If in the unusual circumstance where an art or music room is under consideration for repurposing, the Superintendent or designee will provide written notice to the building Senior Faculty Representative for that building at least seven (7) days before repurposing.",the Superintendent or designee,management,worker,will,False,active,plain,obligation,obligation,True,0.9,safety_and_working_conditions,True,
columbus_city_schools__columbus_education_association_2022_2025__071387d0,Columbus_Education_Association_2022-2025.pdf,Columbus City Schools,31,A meeting of the Association Building Council will be convened seven (7) days after the written notice for the purpose of providing Association representatives the opportunity to present alternative space allocation plans.,A meeting of the Association Building Council,management,worker,will,False,passive,plain,obligation,obligation,True,0.9,safety_and_working_conditions,True,
columbus_city_schools__columbus_education_association_2022_2025__071387d0,Columbus_Education_Association_2022-2025.pdf,Columbus City Schools,31,"If a space is repurposed, the Association Building Council will convene by the end of the school year to discuss the use of that instructional space for the upcoming school year.",the Association Building Council,worker,worker,will,False,active,plain,obligation,obligation,True,0.9,safety_and_working_conditions,True,
columbus_city_schools__columbus_education_association_2022_2025__071387d0,Columbus_Education_Association_2022-2025.pdf,Columbus City Schools,31,"Beginning with the 2023–2024 school year, teachers will be provided a secure location (e.g., cabinet, locker, or drawer) in which to lock personal items and/or confidential files.",teachers,management,worker,will,False,passive,rights_passive,right,right,True,0.9,safety_and_working_conditions,True,
columbus_city_schools__columbus_education_association_2022_2025__071387d0,Columbus_Education_Association_2022-2025.pdf,Columbus City Schools,31,The Board and the Association shall establish a Labor-Management Health and Safety Committee.,The Board and the Association,other,worker,shall,False,active,plain,obligation,obligation,True,1.0,safety_and_working_conditions,True,
columbus_city_schools__columbus_education_association_2022_2025__071387d0,Columbus_Education_Association_2022-2025.pdf,Columbus City Schools,31,The committee shall be composed of four (4) representatives appointed by the Board and four (4) representatives appointed by the Association.,The committee,management,management,shall,False,passive,plain,obligation,obligation,True,1.0,safety_and_working_conditions,True,
columbus_city_schools__columbus_education_association_2022_2025__071387d0,Columbus_Education_Association_2022-2025.pdf,Columbus City Schools,31,The committee shall meet quarterly.,The committee,management,worker,shall,False,active,plain,obligation,obligation,True,1.0,safety_and_working_conditions,True,
columbus_city_schools__columbus_education_association_2022_2025__071387d0,Columbus_Education_Association_2022-2025.pdf,Columbus City Schools,31,A designee of the committee shall report at least annually to the Joint Labor-Management Committee pursuant to Section 108.02.,A designee of the committee,management,worker,shall,False,active,plain,obligation,obligation,True,1.0,safety_and_working_conditions,True,
columbus_city_schools__columbus_education_association_2022_2025__071387d0,Columbus_Education_Association_2022-2025.pdf,Columbus City Schools,31,All visitors must check in at the office upon entering he school.,All visitors,other,management,must,False,active,plain,obligation,obligation,True,1.0,safety_and_working_conditions,True,Typo 'he' preserved from source text.
columbus_city_schools__columbus_education_association_2022_2025__071387d0,Columbus_Education_Association_2022-2025.pdf,Columbus City Schools,31,The visitor shall be escorted to the classroom unless the teacher is expecting the visitor and directions to the visitor will be sufficient.,The visitor,management,management,shall,False,passive,plain,obligation,obligation,True,1.0,safety_and_working_conditions,True,
columbus_city_schools__columbus_education_association_2022_2025__071387d0,Columbus_Education_Association_2022-2025.pdf,Columbus City Schools,32,"In the latter case, the teacher should be advised by the office so the teacher will know the office is aware of the visitor’s presence.",the teacher,worker,worker,should,False,passive,plain,obligation,obligation,True,0.7,safety_and_working_conditions,True,
columbus_city_schools__columbus_education_association_2022_2025__071387d0,Columbus_Education_Association_2022-2025.pdf,Columbus City Schools,32,"Where practical, visitations should be by prior arrangement with the teacher.",visitations,other,worker,should,False,active,plain,obligation,obligation,True,0.7,safety_and_working_conditions,True,
columbus_city_schools__columbus_education_association_2022_2025__071387d0,Columbus_Education_Association_2022-2025.pdf,Columbus City Schools,32,Visitors should inform the teacher of the general purpose of the classroom visitation or conference in advance.,Visitors,other,worker,should,False,active,plain,obligation,obligation,True,0.7,safety_and_working_conditions,True,
columbus_city_schools__columbus_education_association_2022_2025__071387d0,Columbus_Education_Association_2022-2025.pdf,Columbus City Schools,32,Teachers shall have the right to reschedule a visitor when prior arrangements have not been made.,Teachers,worker,worker,shall,False,active,rights_active,right,right,True,1.0,teacher_rights_and_conduct,True,
columbus_city_schools__columbus_education_association_2022_2025__071387d0,Columbus_Education_Association_2022-2025.pdf,Columbus City Schools,32,"Where practical, the visitor and teacher should arrange a conference to discuss a classroom visitation.",the visitor and teacher,other,worker,should,False,active,plain,obligation,obligation,True,0.7,teacher_rights_and_conduct,True,
columbus_city_schools__columbus_education_association_2022_2025__071387d0,Columbus_Education_Association_2022-2025.pdf,Columbus City Schools,32,No electronic devices will be used to make any audio or visual record of the visit or conference except by agreement of the teacher.,No electronic devices,worker,worker,will,True,passive,plain,prohibition,prohibition,True,0.9,teacher_rights_and_conduct,True,
columbus_city_schools__columbus_education_association_2022_2025__071387d0,Columbus_Education_Association_2022-2025.pdf,Columbus City Schools,32,Every effort will be made to minimize the amount of disruption caused by such visits.,Every effort,other,worker,will,False,passive,plain,obligation,obligation,True,0.9,safety_and_working_conditions,True,
columbus_city_schools__columbus_education_association_2022_2025__071387d0,Columbus_Education_Association_2022-2025.pdf,Columbus City Schools,32,an effort shall first be made by the teachers involved to resolve the problem directly with the principal before the filing of a grievance.,an effort,worker,management,shall,False,passive,plain,obligation,obligation,True,1.0,discipline,True,
columbus_city_schools__columbus_education_association_2022_2025__071387d0,Columbus_Education_Association_2022-2025.pdf,Columbus City Schools,32,"If a parent is present at a building and is not being disruptive, the teacher shall make every effort to attend and participate in a conference with the parent if the principal or designee so arranges.",the teacher,worker,management,shall,False,active,plain,obligation,obligation,True,1.0,teacher_rights_and_conduct,True,
columbus_city_schools__columbus_education_association_2022_2025__071387d0,Columbus_Education_Association_2022-2025.pdf,Columbus City Schools,32,"If reasonably possible, the conference shall occur outside the student instructional day.",the conference,other,worker,shall,False,active,plain,obligation,obligation,True,1.0,workload,True,
columbus_city_schools__columbus_education_association_2022_2025__071387d0,Columbus_Education_Association_2022-2025.pdf,Columbus City Schools,32,Administrators are to administer the discipline policy for their school or program,Administrators,management,management,,False,active,plain,other,obligation,False,0.0,discipline,True,
columbus_city_schools__columbus_education_association_2022_2025__071387d0,Columbus_Education_Association_2022-2025.pdf,Columbus City Schools,32,Administrators are to provide appropriate administrative support to teachers that is legal and consistent with Board policy (currently including the Guide to Positive Student Behavior).,Administrators,management,worker,,False,active,plain,other,obligation,False,0.0,discipline,True,
columbus_city_schools__columbus_education_association_2022_2025__071387d0,Columbus_Education_Association_2022-2025.pdf,Columbus City Schools,32,Teachers and administrators are to abide by such specific Board-adopted disciplinary policy as may now be in existence or may be replaced or modified.,Teachers and administrators,other,management,may,False,active,plain,permission,obligation,False,0.3,discipline,True,
columbus_city_schools__columbus_education_association_2022_2025__071387d0,Columbus_Education_Association_2022-2025.pdf,Columbus City Schools,32,Teachers shall not administer corporal punishment.,Teachers,worker,management,shall,True,active,plain,prohibition,prohibition,True,1.0,discipline,True,
columbus_city_schools__columbus_education_association_2022_2025__071387d0,Columbus_Education_Association_2022-2025.pdf,Columbus City Schools,34,"However, expulsion is not required in cases of incidental or accidental physical contact.",expulsion,other,worker,,True,passive,obligation_verb,right,right,True,0.85,discipline,True,
columbus_city_schools__columbus_education_association_2022_2025__071387d0,Columbus_Education_Association_2022-2025.pdf,Columbus City Schools,34,"The teacher must promptly report the teacher’s injuries in writing to the Office of Human Resources, if possible,",The teacher,worker,management,must,False,active,plain,obligation,obligation,True,1.0,safety_and_working_conditions,True,
columbus_city_schools__columbus_education_association_2022_2025__071387d0,Columbus_Education_Association_2022-2025.pdf,Columbus City Schools,34,and upon request release the teacher’s medical records of the injury(ies) to that office.,The teacher,worker,management,,False,active,plain,other,obligation,False,0.0,safety_and_working_conditions,True,
columbus_city_schools__columbus_education_association_2022_2025__071387d0,Columbus_Education_Association_2022-2025.pdf,Columbus City Schools,34,"Nothing in this article alters the rights of the Administration, Board of Education, parents or guardians under federal or state law.",Nothing in this article,other,management,,True,active,plain,prohibition,other,False,0.0,other,True,
columbus_city_schools__columbus_education_association_2022_2025__071387d0,Columbus_Education_Association_2022-2025.pdf,Columbus City Schools,34,the teacher shall be sent a copy of all written notices sent to the student’s parent or guardian with respect to the hearing and appeal process.,the teacher,management,worker,shall,False,passive,rights_passive,right,obligation,False,1.0,discipline,True,
columbus_city_schools__columbus_education_association_2022_2025__071387d0,Columbus_Education_Association_2022-2025.pdf,Columbus City Schools,34,"Generally, students will not be transferred to a different building more than once in a school year for disciplinary reasons.",students,management,worker,will,True,passive,plain,prohibition,prohibition,True,0.9,transfers,True,
columbus_city_schools__columbus_education_association_2022_2025__071387d0,Columbus_Education_Association_2022-2025.pdf,Columbus City Schools,34,Each principal shall keep a copy of the 190-Corrective Measures Forms that the principal deems to involve Level 3 behaviors separate from other 190 forms.,Each principal,management,management,shall,False,active,plain,obligation,obligation,True,1.0,discipline,True,
columbus_city_schools__columbus_education_association_2022_2025__071387d0,Columbus_Education_Association_2022-2025.pdf,Columbus City Schools,34,"Upon request, such copies shall be made available in a timely manner for the Senior Faculty Representative for review.",such copies,management,worker,shall,False,passive,rights_passive,right,obligation,False,1.0,discipline,True,
columbus_city_schools__columbus_education_association_2022_2025__071387d0,Columbus_Education_Association_2022-2025.pdf,Columbus City Schools,34,Principals shall return all 190 Corrective Measure forms to the originating staff member with the corrective action noted within three (3) work days of receiving it,Principals,management,worker,shall,False,active,plain,obligation,obligation,True,1.0,discipline,True,
columbus_city_schools__columbus_education_association_2022_2025__071387d0,Columbus_Education_Association_2022-2025.pdf,Columbus City Schools,34,in which case it shall be returned reasonably promptly.,it,management,worker,shall,False,passive,plain,obligation,obligation,True,1.0,discipline,True,
columbus_city_schools__columbus_education_association_2022_2025__071387d0,Columbus_Education_Association_2022-2025.pdf,Columbus City Schools,34,The Principal’s disposition shall be entered into the student information system.,The Principal’s disposition,management,management,shall,False,passive,plain,obligation,obligation,True,1.0,other,True,
columbus_city_schools__columbus_education_association_2022_2025__071387d0,Columbus_Education_Association_2022-2025.pdf,Columbus City Schools,34,Assignment of teachers to sponsorship of school organizations where such sponsorship extends beyond the teachers’ regular school day and assignment of teachers to the extra duties specified in Section 905.01 of this Agreement will be with the consent of the teacher.,Assignment of teachers to sponsorship of school organizations where such sponsorship extends beyond the teachers’ regular school day and assignment of teachers to the extra duties specified in Section 905.01 of this Agreement,other,worker,will,False,active,plain,obligation,obligation,True,0.9,workload,True,Inanimate subject; legally implies worker consent requirement.
columbus_city_schools__columbus_education_association_2022_2025__071387d0,Columbus_Education_Association_2022-2025.pdf,Columbus City Schools,34,teachers may be assigned to supervise at such activities by the school principal,teachers,management,management,may,False,passive,plain,permission,permission,True,0.3,workload,True,
columbus_city_schools__columbus_education_association_2022_2025__071387d0,Columbus_Education_Association_2022-2025.pdf,Columbus City Schools,34,provided such teachers shall be notified of the assignment two (2) weeks in advance where possible.,such teachers,management,worker,shall,False,passive,rights_passive,right,obligation,False,1.0,workload,True,
columbus_city_schools__columbus_education_association_2022_2025__071387d0,Columbus_Education_Association_2022-2025.pdf,Columbus City Schools,35,These assignments will be rotated equally among the entire teaching staff of the school,These assignments,other,worker,will,False,passive,plain,obligation,obligation,True,0.9,workload,True,
columbus_city_schools__columbus_education_association_2022_2025__071387d0,Columbus_Education_Association_2022-2025.pdf,Columbus City Schools,35,no teacher will be required to supervise more than five (5) such activities per school year.,no teacher,management,worker,will,True,passive,plain,prohibition,prohibition,True,0.9,workload,True,
columbus_city_schools__columbus_education_association_2022_2025__071387d0,Columbus_Education_Association_2022-2025.pdf,Columbus City Schools,35,Such required supervisory assignments shall not extend more than three (3) hours in length or the length of a typical school-related evening activity.,Such required supervisory assignments,other,worker,shall,True,active,plain,prohibition,prohibition,True,1.0,workload,True,
columbus_city_schools__columbus_education_association_2022_2025__071387d0,Columbus_Education_Association_2022-2025.pdf,Columbus City Schools,35,"Teachers may voluntarily use their personal automobiles for the purpose of transporting students on field trips, transporting athletic teams or other business of the Columbus City Schools",Teachers,worker,management,may,False,active,permission_verb,permission,permission,True,0.3,other,True,
columbus_city_schools__columbus_education_association_2022_2025__071387d0,Columbus_Education_Association_2022-2025.pdf,Columbus City Schools,35,Teachers may not be required to do so.,Teachers,management,worker,may,True,passive,plain,prohibition,prohibition,True,0.3,other,True,
columbus_city_schools__columbus_education_association_2022_2025__071387d0,Columbus_Education_Association_2022-2025.pdf,Columbus City Schools,35,"the assignment shall, in elementary schools, be divided",the assignment,management,worker,shall,False,passive,plain,obligation,obligation,True,1.0,workload,True,
columbus_city_schools__columbus_education_association_2022_2025__071387d0,Columbus_Education_Association_2022-2025.pdf,Columbus City Schools,35,the assignment shall be rotated among the teaching staff at the school involved.,the assignment,management,worker,shall,False,passive,plain,obligation,obligation,True,1.0,workload,True,
columbus_city_schools__columbus_education_association_2022_2025__071387d0,Columbus_Education_Association_2022-2025.pdf,Columbus City Schools,35,Elementary teachers who are assigned students from the absent teacher’s class shall be compensated at the rate of six times the supplemental hourly rate [6 x supplemental hourly rate] per day divided equally among the teachers receiving the students.,Elementary teachers who are assigned students from the absent teacher’s class,management,worker,shall,False,passive,rights_passive,right,right,True,1.0,compensation,True,
columbus_city_schools__columbus_education_association_2022_2025__071387d0,Columbus_Education_Association_2022-2025.pdf,Columbus City Schools,35,Middle school and high school teachers who are assigned during their conference periods to cover the assignment of the absent teacher shall be paid the supplemental hourly rate for each class period.,Middle school and high school teachers who are assigned during their conference periods to cover the assignment of the absent teacher,management,worker,shall,False,passive,rights_passive,right,right,True,1.0,compensation,True,
columbus_city_schools__columbus_education_association_2022_2025__071387d0,Columbus_Education_Association_2022-2025.pdf,Columbus City Schools,35,teachers receiving the students shall be compensated as in (A) or (B) above,teachers receiving the students,management,worker,shall,False,passive,rights_passive,right,right,True,1.0,compensation,True,
columbus_city_schools__columbus_education_association_2022_2025__071387d0,Columbus_Education_Association_2022-2025.pdf,Columbus City Schools,35,the six (6) in the formula in (A) above will be reduced to the number of hours such students were divided during the day.,the six (6) in the formula in (A) above,other,management,will,False,passive,plain,obligation,obligation,True,0.9,other,True,
columbus_city_schools__columbus_education_association_2022_2025__071387d0,Columbus_Education_Association_2022-2025.pdf,Columbus City Schools,35,"the Board shall provide a substitute teacher for the classes of a teacher out of school for a full school day in order to attend approved functions such as athletic events, tournaments, club activities, Association leave and other professional leave.",the Board,management,worker,shall,False,active,plain,obligation,obligation,True,1.0,leave,True,
columbus_city_schools__columbus_education_association_2022_2025__071387d0,Columbus_Education_Association_2022-2025.pdf,Columbus City Schools,35,Nothing in these provisions shall prohibit members from voluntarily assisting each other or from temporarily rearranging assignments for purposes of team teaching or other professional activity with the approval of the school principal.,Nothing in these provisions,other,worker,shall,True,active,prohibition_verb,permission,permission,True,1.0,workload,True,
columbus_city_schools__columbus_education_association_2022_2025__071387d0,Columbus_Education_Association_2022-2025.pdf,Columbus City Schools,36,"No teacher shall be required to join any organization, participate in the activities of any organization or contribute to or support any charity.",No teacher,management,worker,shall,True,passive,obligation_verb,right,right,True,1.0,teacher_rights_and_conduct,True,
columbus_city_schools__columbus_education_association_2022_2025__071387d0,Columbus_Education_Association_2022-2025.pdf,Columbus City Schools,36,"Teachers shall not be required to sell or process school pictures, tickets of any kind, candy, insurance or other like items if school aides or volunteers are available to perform these functions.",Teachers,management,worker,shall,True,passive,obligation_verb,right,right,True,1.0,workload,True,
columbus_city_schools__columbus_education_association_2022_2025__071387d0,Columbus_Education_Association_2022-2025.pdf,Columbus City Schools,36,"a minimum of one half-time instructional assistant shall be provided for each school for the purpose reducing the amount of duties teachers are required to perform in the supervision of study halls, school yards, lunch-rooms and school halls.",a minimum of one half-time instructional assistant,management,worker,shall,False,passive,rights_passive,right,obligation,False,1.0,workload,True,
columbus_city_schools__columbus_education_association_2022_2025__071387d0,Columbus_Education_Association_2022-2025.pdf,Columbus City Schools,36,Teachers shall not be required to perform the duties of school treasurer.,Teachers,management,worker,shall,True,passive,obligation_verb,right,right,True,1.0,workload,True,
columbus_city_schools__columbus_education_association_2022_2025__071387d0,Columbus_Education_Association_2022-2025.pdf,Columbus City Schools,36,No elementary teacher shall be required to conduct more than two (2) textbook and two (2) equipment inventories annually.,No elementary teacher,management,worker,shall,True,passive,obligation_verb,right,right,True,1.0,workload,True,
columbus_city_schools__columbus_education_association_2022_2025__071387d0,Columbus_Education_Association_2022-2025.pdf,Columbus City Schools,36,Members of the bargaining unit who are required by their assignment to travel on their lunch period shall not be asked to assume extra duties during their lunch period.,Members of the bargaining unit who are required by their assignment to travel on their lunch period,management,worker,shall,True,passive,plain,prohibition,prohibition,True,1.0,workload,True,
columbus_city_schools__columbus_education_association_2022_2025__071387d0,Columbus_Education_Association_2022-2025.pdf,Columbus City Schools,36,Each elementary classroom teacher and middle school “self-contained” classroom teacher (self-contained is not intended to suggest a middle school with full-day self-contained classrooms) shall attempt to conduct a minimum of two (2) personal conferences per school year with each of the bargaining unit member pupil’s parents.,Each elementary classroom teacher and middle school “self-contained” classroom teacher,worker,management,shall,False,active,plain,obligation,obligation,True,1.0,evaluation,True,
columbus_city_schools__columbus_education_association_2022_2025__071387d0,Columbus_Education_Association_2022-2025.pdf,Columbus City Schools,36,Elementary and middle schools shall utilize the two (2) designated school calendar days in connection with such conferences.,Elementary and middle schools,management,management,shall,False,active,plain,obligation,obligation,True,1.0,evaluation,True,
columbus_city_schools__columbus_education_association_2022_2025__071387d0,Columbus_Education_Association_2022-2025.pdf,Columbus City Schools,36,Other middle school teachers (those teachers who do not have “self-contained” classrooms) may hold small group parent conferences in lieu of individual conferences,Other middle school teachers,worker,worker,may,False,active,plain,permission,permission,True,0.3,evaluation,True,
columbus_city_schools__columbus_education_association_2022_2025__071387d0,Columbus_Education_Association_2022-2025.pdf,Columbus City Schools,36,an attempt shall be made by such teachers to have personal conferences where a need exists.,an attempt,worker,management,shall,False,passive,plain,obligation,obligation,True,1.0,evaluation,True,
columbus_city_schools__columbus_education_association_2022_2025__071387d0,Columbus_Education_Association_2022-2025.pdf,Columbus City Schools,37,the teacher involved shall make a concerted effort to conduct at least one (1) personal conference with the pupil’s parents during the current grading period or the following interim reporting period.,the teacher involved,worker,management,shall,False,active,plain,obligation,obligation,True,1.0,evaluation,True,
columbus_city_schools__columbus_education_association_2022_2025__071387d0,Columbus_Education_Association_2022-2025.pdf,Columbus City Schools,37,"all middle and high school teachers are encouraged to conduct further personal conferences during the school year, as possible, with the parents of the other pupils in their teaching area.",all middle and high school teachers,worker,management,,False,active,plain,other,other,True,0.0,evaluation,True,
columbus_city_schools__columbus_education_association_2022_2025__071387d0,Columbus_Education_Association_2022-2025.pdf,Columbus City Schools,37,"Such conferences with parents shall be conducted during the school day, at school, or in the home,",Such conferences with parents,other,management,shall,False,passive,plain,obligation,obligation,True,1.0,evaluation,True,
columbus_city_schools__columbus_education_association_2022_2025__071387d0,Columbus_Education_Association_2022-2025.pdf,Columbus City Schools,37,and shall be reported to the principal on a form mutually approved by the Board and the Association.,[implied],worker,management,shall,False,passive,plain,obligation,obligation,True,1.0,evaluation,True,Subject implied from preceding clause.
columbus_city_schools__columbus_education_association_2022_2025__071387d0,Columbus_Education_Association_2022-2025.pdf,Columbus City Schools,37,"The grade reporting system shall be based on four (4) grading periods per school year, with each grading period covering approximately nine (9) weeks.",The grade reporting system,other,management,shall,False,passive,plain,obligation,obligation,True,1.0,evaluation,True,
columbus_city_schools__columbus_education_association_2022_2025__071387d0,Columbus_Education_Association_2022-2025.pdf,Columbus City Schools,37,"Teachers shall communicate with families regularly about student academic performance, discipline problems, and irregular attendance throughout the school year.",Teachers,worker,management,shall,False,active,plain,obligation,obligation,True,1.0,evaluation,True,
columbus_city_schools__columbus_education_association_2022_2025__071387d0,Columbus_Education_Association_2022-2025.pdf,Columbus City Schools,37,Contacts and contact attempts shall be documented in the district-provided student information system.,Contacts and contact attempts,other,management,shall,False,passive,plain,obligation,obligation,True,1.0,evaluation,True,
columbus_city_schools__columbus_education_association_2022_2025__071387d0,Columbus_Education_Association_2022-2025.pdf,Columbus City Schools,37,Teachers shall keep families informed of student progress by regularly updating assignments and grades in their district-provided electronic gradebook.,Teachers,worker,management,shall,False,active,plain,obligation,obligation,True,1.0,evaluation,True,
columbus_city_schools__columbus_education_association_2022_2025__071387d0,Columbus_Education_Association_2022-2025.pdf,Columbus City Schools,37,The grade entry window shall be open beginning five (5) school days before the end of each grading period and ending the day prior to distribution of grade reports.,The grade entry window,other,management,shall,False,active,plain,obligation,obligation,True,1.0,evaluation,True,
columbus_city_schools__columbus_education_association_2022_2025__071387d0,Columbus_Education_Association_2022-2025.pdf,Columbus City Schools,37,All teachers shall have final student grades entered into the electronic grading system in accordance with the grade mark entry schedule.,All teachers,worker,management,shall,False,active,plain,obligation,obligation,True,1.0,evaluation,True,
columbus_city_schools__columbus_education_association_2022_2025__071387d0,Columbus_Education_Association_2022-2025.pdf,Columbus City Schools,37,Teachers of students in grade twelve (12) shall enter their students’ final and fourth quarter grades as soon as practicable following the last day of grade twelve (12) student attendance.,Teachers of students in grade twelve (12),worker,management,shall,False,active,plain,obligation,obligation,True,1.0,evaluation,True,
columbus_city_schools__columbus_education_association_2022_2025__071387d0,Columbus_Education_Association_2022-2025.pdf,Columbus City Schools,37,"Notwithstanding the above, all teachers shall comply with all progress monitoring requirements identified in students’ IEPs and/or 504 plans.",all teachers,worker,management,shall,False,active,plain,obligation,obligation,True,1.0,evaluation,True,
columbus_city_schools__columbus_education_association_2022_2025__071387d0,Columbus_Education_Association_2022-2025.pdf,Columbus City Schools,38,"Pursuant to implementation of a uniform elementary grade card format, the District will phase in implementation of a secure electronic advanced technology for teacher access to enter school and elementary student information between the 2005–06 and 2007–08 school years.",the District,management,management,will,False,active,plain,obligation,obligation,True,0.9,other,True,
columbus_city_schools__columbus_education_association_2022_2025__071387d0,Columbus_Education_Association_2022-2025.pdf,Columbus City Schools,38,The computer system should be accessible at all times except for routine maintenance and/or scheduled outages.,The computer system,other,management,should,False,passive,plain,obligation,obligation,True,0.7,other,True,inanimate subject
columbus_city_schools__columbus_education_association_2022_2025__071387d0,Columbus_Education_Association_2022-2025.pdf,Columbus City Schools,38,Teachers should be able to access the system for personal convenience via their personal computers through a net browser.,Teachers,worker,worker,should,False,active,plain,obligation,right,False,0.7,workload,True,
columbus_city_schools__columbus_education_association_2022_2025__071387d0,Columbus_Education_Association_2022-2025.pdf,Columbus City Schools,38,"The District shall strive to achieve these goals through education, technology and other means.",The District,management,management,shall,False,active,plain,obligation,obligation,True,1.0,other,True,
columbus_city_schools__columbus_education_association_2022_2025__071387d0,Columbus_Education_Association_2022-2025.pdf,Columbus City Schools,38,"If the elementary grade card system is generally unavailable for eight (8) or more consecutive hours between the hours of 6 a.m. and midnight or three and one-half (3 ½) or more consecutive hours during the elementary work day due to system failure during the work week after the end of the grading period, teachers will have an extra work day for the deadline to complete report cards.",teachers,worker,worker,will,False,active,plain,obligation,right,False,0.9,workload,True,
columbus_city_schools__columbus_education_association_2022_2025__071387d0,Columbus_Education_Association_2022-2025.pdf,Columbus City Schools,38,The District is not responsible for teachers’ personal computers or their operation.,The District,management,management,,True,active,plain,prohibition,prohibition,True,0.0,other,True,
columbus_city_schools__columbus_education_association_2022_2025__071387d0,Columbus_Education_Association_2022-2025.pdf,Columbus City Schools,38,The Superintendent and Association President shall mutually agree to two (2) parent(s) to serve as non-voting consultant(s) to the committee.,The Superintendent and Association President,other,management,shall,False,active,plain,obligation,obligation,True,1.0,other,True,joint actors from both sides
columbus_city_schools__columbus_education_association_2022_2025__071387d0,Columbus_Education_Association_2022-2025.pdf,Columbus City Schools,38,"No later than the beginning of the 2023–2024 school year, the committee shall recommend to the Superintendent a revised elementary report card.",the committee,other,worker,shall,False,active,plain,obligation,obligation,True,1.0,other,True,
columbus_city_schools__columbus_education_association_2022_2025__071387d0,Columbus_Education_Association_2022-2025.pdf,Columbus City Schools,38,The revised streamlined elementary report card shall be implemented not later than the beginning of the 2024–2025 school year.,The revised streamlined elementary report card,other,worker,shall,False,passive,plain,obligation,obligation,True,1.0,other,True,inanimate subject
columbus_city_schools__columbus_education_association_2022_2025__071387d0,Columbus_Education_Association_2022-2025.pdf,Columbus City Schools,38,The committee shall meet at least once per semester unless otherwise agreed upon by the Superintendent and CEA President.,The committee,other,management,shall,False,active,plain,obligation,obligation,True,1.0,other,True,
columbus_city_schools__columbus_education_association_2022_2025__071387d0,Columbus_Education_Association_2022-2025.pdf,Columbus City Schools,39,The committee may be disbanded by a majority vote of its members once final decisions have been made on their recommendations.,The committee,worker,management,may,False,passive,plain,permission,permission,True,0.3,other,True,
columbus_city_schools__columbus_education_association_2022_2025__071387d0,Columbus_Education_Association_2022-2025.pdf,Columbus City Schools,39,All known teacher vacancies for the following school year shall be posted by the first teacher workday in April.,All known teacher vacancies for the following school year,worker,worker,shall,False,passive,plain,obligation,obligation,True,1.0,transfers,True,
columbus_city_schools__columbus_education_association_2022_2025__071387d0,Columbus_Education_Association_2022-2025.pdf,Columbus City Schools,39,"Such postings shall describe the vacant position, including special factors.",Such postings,other,worker,shall,False,active,plain,obligation,obligation,True,1.0,transfers,True,
columbus_city_schools__columbus_education_association_2022_2025__071387d0,Columbus_Education_Association_2022-2025.pdf,Columbus City Schools,39,The posting shall include the deadline and directions for making application.,The posting,other,worker,shall,False,active,plain,obligation,obligation,True,1.0,transfers,True,
columbus_city_schools__columbus_education_association_2022_2025__071387d0,Columbus_Education_Association_2022-2025.pdf,Columbus City Schools,39,"They shall be posted in each school during the school year, and in each high school summer school center during the summer recess.",They,management,worker,shall,False,passive,plain,obligation,obligation,True,1.0,transfers,True,
columbus_city_schools__columbus_education_association_2022_2025__071387d0,Columbus_Education_Association_2022-2025.pdf,Columbus City Schools,39,Supplemental postings shall be made as needed.,Supplemental postings,management,worker,shall,False,passive,plain,obligation,obligation,True,1.0,transfers,True,
columbus_city_schools__columbus_education_association_2022_2025__071387d0,Columbus_Education_Association_2022-2025.pdf,Columbus City Schools,39,"Teachers desiring to be considered for such vacancies shall apply by the timely submitting of a cover letter, copy of current certification for the position, and resume.",Teachers desiring to be considered for such vacancies,worker,management,shall,False,active,plain,obligation,obligation,True,1.0,transfers,True,
columbus_city_schools__columbus_education_association_2022_2025__071387d0,Columbus_Education_Association_2022-2025.pdf,Columbus City Schools,39,Such application(s) shall be made to the appropriate administrator describing relevant information about their qualifications for the known vacancy for which they wish to interview.,Such application(s),worker,management,shall,False,passive,plain,obligation,obligation,True,1.0,transfers,True,
columbus_city_schools__columbus_education_association_2022_2025__071387d0,Columbus_Education_Association_2022-2025.pdf,Columbus City Schools,39,Applicants who are not yet certified/licensed in Ohio shall provide written information about their intended certification.,Applicants who are not yet certified/licensed in Ohio,worker,management,shall,False,active,plain,obligation,obligation,True,1.0,transfers,True,"Negation 'not' is in subject qualifier, not operative verb."
columbus_city_schools__columbus_education_association_2022_2025__071387d0,Columbus_Education_Association_2022-2025.pdf,Columbus City Schools,39,"Teachers whose applications are to be submitted to the Human Resources Department, will be notified by the Human Resources Department, of the receipt of their applications.",Teachers whose applications are to be submitted to the Human Resources Department,management,worker,will,False,passive,rights_passive,right,obligation,False,0.9,transfers,True,
columbus_city_schools__columbus_education_association_2022_2025__071387d0,Columbus_Education_Association_2022-2025.pdf,Columbus City Schools,39,Vacancies will be filled utilizing the interview/selection process.,Vacancies,management,worker,will,False,passive,plain,obligation,obligation,True,0.9,transfers,True,
columbus_city_schools__columbus_education_association_2022_2025__071387d0,Columbus_Education_Association_2022-2025.pdf,Columbus City Schools,39,"The interview/selection panel in a building will consist of the principal, the Senior Faculty Representative, one elected member of the Association Building Council, and two parents/members of the school community, or an alternative panel as agreed at the building between the principal and Association.",The interview/selection panel in a building,other,worker,will,False,active,plain,obligation,obligation,True,0.9,transfers,True,
columbus_city_schools__columbus_education_association_2022_2025__071387d0,Columbus_Education_Association_2022-2025.pdf,Columbus City Schools,39,The administrator shall determine which applicant is selected for the position.,The administrator,management,management,shall,False,active,plain,obligation,obligation,True,1.0,transfers,True,
columbus_city_schools__columbus_education_association_2022_2025__071387d0,Columbus_Education_Association_2022-2025.pdf,Columbus City Schools,39,"If the administrator’s selection does not follow the panel’s recommendation, the administrator shall send written notice of the selection to members of the interview panel and to the Association President.",the administrator,management,worker,shall,False,active,plain,obligation,obligation,True,1.0,transfers,True,
columbus_city_schools__columbus_education_association_2022_2025__071387d0,Columbus_Education_Association_2022-2025.pdf,Columbus City Schools,39,The interview/ selection panel can utilize subcommittees or delegate any of its responsibilities.,The interview/ selection panel,other,management,can,False,active,plain,permission,permission,True,0.3,transfers,True,
columbus_city_schools__columbus_education_association_2022_2025__071387d0,Columbus_Education_Association_2022-2025.pdf,Columbus City Schools,39,Only persons who have completed the joint program training on Article 211 and interviewing may participate on an interview/selection panel.,Only persons who have completed the joint program training on Article 211 and interviewing,other,management,may,False,active,plain,permission,prohibition,False,0.3,transfers,True,
columbus_city_schools__columbus_education_association_2022_2025__071387d0,Columbus_Education_Association_2022-2025.pdf,Columbus City Schools,40,A majority of the interview/selection panel of a building must participate in the interview/selection process.,A majority of the interview/selection panel of a building,management,worker,must,False,active,plain,obligation,obligation,True,1.0,transfers,True,
columbus_city_schools__columbus_education_association_2022_2025__071387d0,Columbus_Education_Association_2022-2025.pdf,Columbus City Schools,40,Members of the panel must make themselves reasonably available to participate in the process.,Members of the panel,management,worker,must,False,active,plain,obligation,obligation,True,1.0,transfers,True,
columbus_city_schools__columbus_education_association_2022_2025__071387d0,Columbus_Education_Association_2022-2025.pdf,Columbus City Schools,40,The two most senior applicants qualified by certification/licensure for the posted position shall be interviewed.,The two most senior applicants qualified by certification/licensure for the posted position,management,worker,shall,False,passive,rights_passive,right,obligation,False,1.0,transfers,True,
columbus_city_schools__columbus_education_association_2022_2025__071387d0,Columbus_Education_Association_2022-2025.pdf,Columbus City Schools,40,The panel may rely on the seniority dates specified on the applications from applicants.,The panel,management,management,may,False,active,plain,permission,permission,True,0.3,transfers,True,
columbus_city_schools__columbus_education_association_2022_2025__071387d0,Columbus_Education_Association_2022-2025.pdf,Columbus City Schools,40,"In the case of assignments to multiple buildings and/or city-wide programs, a similarly constituted interview/selection panel shall be created.",a similarly constituted interview/selection panel,management,worker,shall,False,passive,plain,obligation,obligation,True,1.0,transfers,True,
columbus_city_schools__columbus_education_association_2022_2025__071387d0,Columbus_Education_Association_2022-2025.pdf,Columbus City Schools,40,A position involving multiple building assignments shall not be treated as a vacancy because of a change in building assignment(s) unless over one-half of the total assignment is changed.,A position involving multiple building assignments,management,management,shall,True,passive,plain,prohibition,prohibition,True,1.0,transfers,True,
columbus_city_schools__columbus_education_association_2022_2025__071387d0,Columbus_Education_Association_2022-2025.pdf,Columbus City Schools,40,An applicant who accepts an offer to fill a vacancy must complete and sign a selection agreement form.,An applicant who accepts an offer to fill a vacancy,worker,management,must,False,active,plain,obligation,obligation,True,1.0,transfers,True,
columbus_city_schools__columbus_education_association_2022_2025__071387d0,Columbus_Education_Association_2022-2025.pdf,Columbus City Schools,40,An applicant who accepts an offer to fill a vacancy is committed to the building or program assignment for three (3) years unless released.,An applicant who accepts an offer to fill a vacancy,worker,management,,False,active,obligation_verb,obligation,obligation,True,0.85,transfers,True,
columbus_city_schools__columbus_education_association_2022_2025__071387d0,Columbus_Education_Association_2022-2025.pdf,Columbus City Schools,40,"A joint committee, co-chaired by the Executive Director for Human Resources and the President of CEA or their designees, shall be appointed to improve the efficiency of and streamline the procedures for the selection process described in 211.01 (D).","A joint committee, co-chaired by the Executive Director for Human Resources and the President of CEA or their designees",management,management,shall,False,passive,plain,obligation,obligation,True,1.0,transfers,True,
columbus_city_schools__columbus_education_association_2022_2025__071387d0,Columbus_Education_Association_2022-2025.pdf,Columbus City Schools,40,The joint committee shall implement any procedural changes on which agreement is reached by December 2004.,The joint committee,other,management,shall,False,active,plain,obligation,obligation,True,1.0,other,True,
columbus_city_schools__columbus_education_association_2022_2025__071387d0,Columbus_Education_Association_2022-2025.pdf,Columbus City Schools,40,"If a teacher, CEA or the Administration has a complaint about how the procedures of Sections 211.01 are carried out, the person or entity must file a written complaint within ten (10) calendar days of the occurrence.",the person or entity,worker,worker,must,False,active,plain,obligation,obligation,True,1.0,discipline,True,
columbus_city_schools__columbus_education_association_2022_2025__071387d0,Columbus_Education_Association_2022-2025.pdf,Columbus City Schools,40,The complaint must be served promptly on the Administration (Labor Relations) and on CEA,The complaint,worker,worker,must,False,passive,plain,obligation,obligation,True,1.0,discipline,True,First of two independent clauses joined by 'and'
columbus_city_schools__columbus_education_association_2022_2025__071387d0,Columbus_Education_Association_2022-2025.pdf,Columbus City Schools,40,[The complaint] must set forth a specific description of the complaint and the facts surrounding the process to which the complaint is addressed.,The complaint,worker,worker,must,False,active,plain,obligation,obligation,True,1.0,discipline,True,Second of two independent clauses joined by 'and'; subject elided in source text
columbus_city_schools__columbus_education_association_2022_2025__071387d0,Columbus_Education_Association_2022-2025.pdf,Columbus City Schools,40,"Complaints must relate directly to an alleged violation of the process contained in Section 211.01, not to the merits of the staff member selected.",Complaints,worker,management,must,False,active,plain,obligation,obligation,True,1.0,discipline,True,
columbus_city_schools__columbus_education_association_2022_2025__071387d0,Columbus_Education_Association_2022-2025.pdf,Columbus City Schools,40,The complaining person shall have the burden of proving a violation(s).,The complaining person,worker,management,shall,False,active,plain,obligation,obligation,True,1.0,discipline,True,
columbus_city_schools__columbus_education_association_2022_2025__071387d0,Columbus_Education_Association_2022-2025.pdf,Columbus City Schools,41,"A representative of the CEA and of Labor Relations shall meet promptly, review the complaint and decide whether the complaint moves to a neutral conciliator.",A representative of the CEA and of Labor Relations,other,worker,shall,False,active,plain,obligation,obligation,True,1.0,discipline,True,
columbus_city_schools__columbus_education_association_2022_2025__071387d0,Columbus_Education_Association_2022-2025.pdf,Columbus City Schools,41,"Within thirty (30) calendar days of such decision, a hearing will be held before a neutral conciliator agreed upon by the CEA and Board.",a hearing,management,worker,will,False,passive,plain,obligation,obligation,True,0.9,discipline,True,
columbus_city_schools__columbus_education_association_2022_2025__071387d0,Columbus_Education_Association_2022-2025.pdf,Columbus City Schools,41,"The conciliator will hold an informal hearing at which the CEA and the Administration may introduce evidence and documents, cross examine witnesses and make arguments.",The conciliator,other,worker,will,False,active,plain,obligation,obligation,True,0.9,discipline,True,
columbus_city_schools__columbus_education_association_2022_2025__071387d0,Columbus_Education_Association_2022-2025.pdf,Columbus City Schools,41,"Based on what the conciliator has heard and seen at the hearing, the conciliator will issue a decision within ten (10) calendar days.",the conciliator,other,worker,will,False,active,plain,obligation,obligation,True,0.9,discipline,True,
columbus_city_schools__columbus_education_association_2022_2025__071387d0,Columbus_Education_Association_2022-2025.pdf,Columbus City Schools,41,The conciliator will determine whether there has been a violation of Section 211.01 and what the remedy will be.,The conciliator,other,worker,will,False,active,plain,obligation,obligation,True,0.9,discipline,True,
columbus_city_schools__columbus_education_association_2022_2025__071387d0,Columbus_Education_Association_2022-2025.pdf,Columbus City Schools,41,The cost of the conciliator will be borne equally by the CEA and the Board.,The cost of the conciliator,management,management,will,False,passive,plain,obligation,obligation,True,0.9,discipline,True,Explicit agents named: CEA and Board.
columbus_city_schools__columbus_education_association_2022_2025__071387d0,Columbus_Education_Association_2022-2025.pdf,Columbus City Schools,41,The conciliator’s decision will have the force and effect of a final and binding arbitration award.,The conciliator’s decision,other,worker,will,False,active,plain,obligation,obligation,True,0.9,discipline,True,
columbus_city_schools__columbus_education_association_2022_2025__071387d0,Columbus_Education_Association_2022-2025.pdf,Columbus City Schools,41,"No grievance alleging a violation of Section 211.01 may be filed, separate from this Complaint Review Procedure.",No grievance alleging a violation of Section 211.01,other,management,may,True,passive,plain,prohibition,prohibition,True,0.3,discipline,True,
columbus_city_schools__columbus_education_association_2022_2025__071387d0,Columbus_Education_Association_2022-2025.pdf,Columbus City Schools,41,the conciliator has no authority to change or overturn the selection.,the conciliator,other,management,,True,active,plain,prohibition,prohibition,True,0.0,discipline,True,
columbus_city_schools__columbus_education_association_2022_2025__071387d0,Columbus_Education_Association_2022-2025.pdf,Columbus City Schools,41,"Transfers will be on a voluntary basis, whenever possible.",Transfers,other,worker,will,False,passive,plain,obligation,obligation,True,0.9,transfers,True,
columbus_city_schools__columbus_education_association_2022_2025__071387d0,Columbus_Education_Association_2022-2025.pdf,Columbus City Schools,41,"However, correct and proper operation of the school district will necessarily require that involuntary transfers be made.",correct and proper operation of the school district,other,management,will,False,active,plain,obligation,obligation,True,0.9,transfers,True,
columbus_city_schools__columbus_education_association_2022_2025__071387d0,Columbus_Education_Association_2022-2025.pdf,Columbus City Schools,41,"In making involuntary transfers, the convenience and wishes of the individual teacher will be honored to the extent that these considerations do not conflict with the instructional requirements and best interest of the school district and the pupils.",the convenience and wishes of the individual teacher,management,worker,will,False,passive,plain,obligation,obligation,True,0.9,transfers,True,
columbus_city_schools__columbus_education_association_2022_2025__071387d0,Columbus_Education_Association_2022-2025.pdf,Columbus City Schools,41,"If the teacher so elects, involuntary transfers will only be made after a conference between the teacher, principal and Chief of Human Resources, or the designated representative from the Human Resources Department, concerning the basis for this transfer.",involuntary transfers,management,worker,will,False,passive,plain,obligation,obligation,True,0.9,transfers,True,
columbus_city_schools__columbus_education_association_2022_2025__071387d0,Columbus_Education_Association_2022-2025.pdf,Columbus City Schools,41,The teacher involved may be accompanied by an Association representative of the teacher’s choice at such conference.,The teacher involved,worker,worker,may,False,passive,plain,permission,permission,True,0.3,transfers,True,Explicit agent: Association representative.
columbus_city_schools__columbus_education_association_2022_2025__071387d0,Columbus_Education_Association_2022-2025.pdf,Columbus City Schools,41,"After the date the above conference has been made available by the Human Resources Department, teachers shall be given a minimum of two (2) school days’ notice before receiving students in their new assignment if the transfer is to be carried out.",teachers,management,worker,shall,False,passive,rights_passive,right,obligation,False,1.0,transfers,True,
columbus_city_schools__columbus_education_association_2022_2025__071387d0,Columbus_Education_Association_2022-2025.pdf,Columbus City Schools,42,"Teachers transferred involuntarily during the school year, after students have initially reported, shall be provided two (2) school days without pupils to work in the school they are leaving and to work in their newly assigned school in preparation for their new teaching duties.","Teachers transferred involuntarily during the school year, after students have initially reported",management,worker,shall,False,passive,rights_passive,right,obligation,False,1.0,transfers,True,
columbus_city_schools__columbus_education_association_2022_2025__071387d0,Columbus_Education_Association_2022-2025.pdf,Columbus City Schools,42,"In the event seniority is not followed in the identification of the staff reduction teacher in a given middle or high school, the teacher being transferred shall, upon request, receive written explanation of the major specific considerations leading to such a decision.",the teacher being transferred,worker,worker,shall,False,active,rights_active,right,right,True,1.0,transfers,True,
columbus_city_schools__columbus_education_association_2022_2025__071387d0,Columbus_Education_Association_2022-2025.pdf,Columbus City Schools,43,"the teacher being transferred shall, upon request, receive written explanation of the major specific considerations leading to such a decision.",the teacher being transferred,worker,worker,shall,False,active,rights_active,right,right,True,1.0,transfers,True,
columbus_city_schools__columbus_education_association_2022_2025__071387d0,Columbus_Education_Association_2022-2025.pdf,Columbus City Schools,43,a more senior teacher in the grade level category or the teaching area may elect to volunteer for the staff reduction status.,a more senior teacher in the grade level category or the teaching area,worker,worker,may,False,active,plain,permission,permission,True,0.3,layoffs,True,
columbus_city_schools__columbus_education_association_2022_2025__071387d0,Columbus_Education_Association_2022-2025.pdf,Columbus City Schools,43,a teacher on the staff may be transferred on a staff reduction basis.,a teacher on the staff,management,management,may,False,passive,plain,permission,permission,True,0.3,layoffs,True,
columbus_city_schools__columbus_education_association_2022_2025__071387d0,Columbus_Education_Association_2022-2025.pdf,Columbus City Schools,43,Seniority shall be the basic criterion for identification of the staff reduction teacher.,Seniority,other,worker,shall,False,active,plain,obligation,obligation,True,1.0,layoffs,True,
columbus_city_schools__columbus_education_association_2022_2025__071387d0,Columbus_Education_Association_2022-2025.pdf,Columbus City Schools,43,teachers who are staff reduced and continue on paid status shall have reassignment rights to such city-wide programs for thirty-six (36) months.,teachers who are staff reduced and continue on paid status,worker,worker,shall,False,active,plain,obligation,right,False,1.0,layoffs,True,
columbus_city_schools__columbus_education_association_2022_2025__071387d0,Columbus_Education_Association_2022-2025.pdf,Columbus City Schools,43,Reassignment shall be on the basis of seniority as measured from the most recent date of employment by the Board as a member of the Association bargaining unit without regard for unpaid leaves since such date.,Reassignment,other,worker,shall,False,active,plain,obligation,obligation,True,1.0,layoffs,True,
columbus_city_schools__columbus_education_association_2022_2025__071387d0,Columbus_Education_Association_2022-2025.pdf,Columbus City Schools,43,Any positions remaining vacant after April 1 will be staffed with unassigned personnel.,Any positions remaining vacant after April 1,management,management,will,False,passive,plain,obligation,obligation,True,0.9,other,True,
columbus_city_schools__columbus_education_association_2022_2025__071387d0,Columbus_Education_Association_2022-2025.pdf,Columbus City Schools,43,One job fair shall be held before the start of the school year.,One job fair,management,management,shall,False,passive,plain,obligation,obligation,True,1.0,other,True,
columbus_city_schools__columbus_education_association_2022_2025__071387d0,Columbus_Education_Association_2022-2025.pdf,Columbus City Schools,43,Persons may bid for vacancies on the basis of certification and seniority,Persons,worker,worker,may,False,active,plain,permission,permission,True,0.3,other,True,Truncated at end of chunk.
columbus_city_schools__columbus_education_association_2022_2025__071387d0,Columbus_Education_Association_2022-2025.pdf,Columbus City Schools,45,every effort shall be made to limit the amount of inter-school travel.,every effort,management,worker,shall,False,passive,plain,obligation,obligation,True,1.0,safety_and_working_conditions,True,
columbus_city_schools__columbus_education_association_2022_2025__071387d0,Columbus_Education_Association_2022-2025.pdf,Columbus City Schools,45,"Instructional Rounds and all other tools used for nonevaluative teacher observation shall not be used by the district and/or its agents to supplant, modify or otherwise compromise the standards, procedures and instruments for teacher evaluation recognized and contained within this Agreement.",Instructional Rounds and all other tools used for nonevaluative teacher observation,management,worker,shall,True,passive,plain,prohibition,prohibition,True,1.0,evaluation,True,
columbus_city_schools__columbus_education_association_2022_2025__071387d0,Columbus_Education_Association_2022-2025.pdf,Columbus City Schools,45,"Instructional Rounds and all other tools used for non-evaluative teacher observation shall not be used by the district and/or its agents to supplant, modify or otherwise compromise the content of any part of this Agreement.",Instructional Rounds and all other tools used for non-evaluative teacher observation,management,worker,shall,True,passive,plain,prohibition,prohibition,True,1.0,other,True,
columbus_city_schools__columbus_education_association_2022_2025__071387d0,Columbus_Education_Association_2022-2025.pdf,Columbus City Schools,45,Any written document generated as a result of Instructional Rounds or any other non-evaluative teacher observation shall remain the property of the observer.,Any written document generated as a result of Instructional Rounds or any other non-evaluative teacher observation,other,worker,shall,False,active,plain,obligation,obligation,True,1.0,other,True,
columbus_city_schools__columbus_education_association_2022_2025__071387d0,Columbus_Education_Association_2022-2025.pdf,Columbus City Schools,45,"Said property, whether written or verbal, should not be disclosed or attributed to any individual or classroom.","Said property, whether written or verbal",management,worker,should,True,passive,plain,prohibition,prohibition,True,0.7,teacher_rights_and_conduct,True,
columbus_city_schools__columbus_education_association_2022_2025__071387d0,Columbus_Education_Association_2022-2025.pdf,Columbus City Schools,45,"This property, written or verbal, shall not become part of any teacher’s personnel file or evaluation.","This property, written or verbal",other,worker,shall,True,active,plain,prohibition,prohibition,True,1.0,evaluation,True,
columbus_city_schools__columbus_education_association_2022_2025__071387d0,Columbus_Education_Association_2022-2025.pdf,Columbus City Schools,45,"If either party wishes, the parties will meet to ensure that Instructional Rounds protocols are implemented in a manner consistent with the expression and spirit of this section.",the parties,other,worker,will,False,active,plain,obligation,obligation,True,0.9,other,True,
columbus_city_schools__columbus_education_association_2022_2025__071387d0,Columbus_Education_Association_2022-2025.pdf,Columbus City Schools,45,"If consensus cannot be reached following this meeting, either party can issue a written notice to suspend Instructional Rounds until there is mutual agreement that the resumption of Instructional Rounds will be implemented with the expression and spirit of this section.",either party,other,worker,can,False,active,plain,permission,permission,True,0.3,other,True,
columbus_city_schools__columbus_education_association_2022_2025__071387d0,Columbus_Education_Association_2022-2025.pdf,Columbus City Schools,45,Bargaining unit members involved in Instructional Rounds shall be provided with appropriate training in Instructional Rounds protocols and adequate time for the meetings and observations to occur within the work day.,Bargaining unit members involved in Instructional Rounds,management,worker,shall,False,passive,rights_passive,right,obligation,False,1.0,professional_development,True,
columbus_city_schools__columbus_education_association_2022_2025__071387d0,Columbus_Education_Association_2022-2025.pdf,Columbus City Schools,45,The professional Instructional Rounds team shall include the Senior Association Faculty Representative or Association designee.,The professional Instructional Rounds team,other,worker,shall,False,active,plain,obligation,obligation,True,1.0,other,True,
columbus_city_schools__columbus_education_association_2022_2025__071387d0,Columbus_Education_Association_2022-2025.pdf,Columbus City Schools,45,This section does not limit or apply to administrator nonevaluative observations in classrooms/buildings or work of coaches and coordinators who support instructional improvement.,This section,other,management,,True,active,plain,prohibition,other,False,0.0,other,True,
columbus_city_schools__columbus_education_association_2022_2025__071387d0,Columbus_Education_Association_2022-2025.pdf,Columbus City Schools,45,"During the term of this Agreement, the Board will not adopt a policy requiring teachers who are members of the bargaining unit at the time of ratification of this Agreemen",the Board,management,worker,will,True,active,plain,prohibition,prohibition,True,0.9,teacher_rights_and_conduct,True,Truncated at end of chunk.
columbus_city_schools__columbus_education_association_2022_2025__071387d0,Columbus_Education_Association_2022-2025.pdf,Columbus City Schools,46,"During the term of this Agreement, the Board will not adopt a policy requiring teachers who are members of the bargaining unit at the time of ratification of this Agreement to reside within the Columbus City School District.",the Board,management,worker,will,True,active,plain,prohibition,prohibition,True,0.9,teacher_rights_and_conduct,True,
columbus_city_schools__columbus_education_association_2022_2025__071387d0,Columbus_Education_Association_2022-2025.pdf,Columbus City Schools,46,"Teachers may be granted job sharing opportunities annually subject to approval of the building principal, Superintendent/designee and the Board.",Teachers,management,worker,may,False,passive,rights_passive,right,permission,False,0.3,other,True,
columbus_city_schools__columbus_education_association_2022_2025__071387d0,Columbus_Education_Association_2022-2025.pdf,Columbus City Schools,46,"The salary and Board cost for insurance fringe benefits (Articles 806, 807, 808 and 809) will be prorated for job sharers based on their share of 1.0 FTE, effective with the 2010–11 school year.","The salary and Board cost for insurance fringe benefits (Articles 806, 807, 808 and 809)",other,worker,will,False,passive,plain,obligation,obligation,True,0.9,compensation,True,
columbus_city_schools__columbus_education_association_2022_2025__071387d0,Columbus_Education_Association_2022-2025.pdf,Columbus City Schools,46,"A joint committee of two (2) persons appointed by the President of the Association and two (2) persons appointed by the Superintendent will review and modify, if appropriate, the existing guidelines for a Memorandum of Agreement",A joint committee of two (2) persons appointed by the President of the Association and two (2) persons appointed by the Superintendent,other,worker,will,False,active,plain,obligation,obligation,True,0.9,other,True,
columbus_city_schools__columbus_education_association_2022_2025__071387d0,Columbus_Education_Association_2022-2025.pdf,Columbus City Schools,46,which shall be implemented when signed by the President of the Association and the Superintendent.,which,worker,worker,shall,False,passive,plain,obligation,obligation,True,1.0,other,True,Extracted as separate operative duty clause.
columbus_city_schools__columbus_education_association_2022_2025__071387d0,Columbus_Education_Association_2022-2025.pdf,Columbus City Schools,46,"Job share agreements approved in writing by the teacher(s), principal(s) and Superintendent/designee shall be recommended to the Board of Education for consideration.","Job share agreements approved in writing by the teacher(s), principal(s) and Superintendent/designee",worker,worker,shall,False,passive,plain,obligation,obligation,True,1.0,other,True,
columbus_city_schools__columbus_education_association_2022_2025__071387d0,Columbus_Education_Association_2022-2025.pdf,Columbus City Schools,46,"Approved job share agreements can be altered by mutual written agreement of the parties (job share teachers, principal(s) and Superintendent/designee).",Approved job share agreements,other,worker,can,False,passive,plain,permission,permission,True,0.3,other,True,
columbus_city_schools__columbus_education_association_2022_2025__071387d0,Columbus_Education_Association_2022-2025.pdf,Columbus City Schools,46,Evidence of planning shall be required of each teacher,Evidence of planning,other,management,shall,False,passive,obligation_verb,obligation,obligation,True,1.0,evaluation,True,
columbus_city_schools__columbus_education_association_2022_2025__071387d0,Columbus_Education_Association_2022-2025.pdf,Columbus City Schools,46,plans shall be available for review by the principal/supervisor upon their request.,plans,management,management,shall,False,passive,plain,obligation,obligation,True,1.0,evaluation,True,
columbus_city_schools__columbus_education_association_2022_2025__071387d0,Columbus_Education_Association_2022-2025.pdf,Columbus City Schools,46,The principal/supervisor shall be permitted to make a copy of the plan upon request.,The principal/supervisor,management,management,shall,False,passive,permission_verb,permission,permission,True,1.0,other,True,
columbus_city_schools__columbus_education_association_2022_2025__071387d0,Columbus_Education_Association_2022-2025.pdf,Columbus City Schools,46,"For planned absences of classroom teachers, a substitute lesson plan must be available for substitutes to facilitate instruction when the teacher is absent.",a substitute lesson plan,other,management,must,False,passive,plain,obligation,obligation,True,1.0,other,True,
columbus_city_schools__columbus_education_association_2022_2025__071387d0,Columbus_Education_Association_2022-2025.pdf,Columbus City Schools,46,"This substitute lesson plan shall contain the basic information necessary for a substitute to provide instruction aligned to the curriculum for the term of the absence, up to five (5) days.",This substitute lesson plan,other,management,shall,False,active,plain,obligation,obligation,True,1.0,other,True,
columbus_city_schools__columbus_education_association_2022_2025__071387d0,Columbus_Education_Association_2022-2025.pdf,Columbus City Schools,47,"Classes shall be organized and maintained in compliance with the Administrative Policy on Class Size and the class size limitations provided in such policy dated August 31, 1992, or as modified in compliance with the provisions included in such policy as shown below:",Classes,management,worker,shall,False,passive,plain,obligation,obligation,True,1.0,class_size,True,
columbus_city_schools__columbus_education_association_2022_2025__071387d0,Columbus_Education_Association_2022-2025.pdf,Columbus City Schools,47,All school and grade level regular elementary classes (kindergarten and grades 1–5) will be organized in each school building on the basis of approximately 25 pupils per classroom teacher.,All school and grade level regular elementary classes (kindergarten and grades 1–5),management,worker,will,False,passive,plain,obligation,obligation,True,0.9,class_size,True,
columbus_city_schools__columbus_education_association_2022_2025__071387d0,Columbus_Education_Association_2022-2025.pdf,Columbus City Schools,47,"Classes which exceed 30 pupils on October 1 will be reduced so that no class will exceed 30 pupils except that if the teacher(s) involved so elect and the principal so elects, a given class(es) may exceed 30 pupils as an alternative to reorganization of the classes within the given school",Classes which exceed 30 pupils on October 1,management,worker,will,False,passive,plain,obligation,obligation,True,0.9,class_size,True,Contains exception clause granting discretion to teachers/principal.
columbus_city_schools__columbus_education_association_2022_2025__071387d0,Columbus_Education_Association_2022-2025.pdf,Columbus City Schools,47,Phase in of class size reduction will continue until the maximum class size is 27 pupils for grades K–5).,Phase in of class size reduction,management,worker,will,False,active,plain,obligation,obligation,True,0.9,class_size,True,
columbus_city_schools__columbus_education_association_2022_2025__071387d0,Columbus_Education_Association_2022-2025.pdf,Columbus City Schools,47,All middle school academic classes will be organized in each school building on the basis of approximately 30 pupils per classroom teacher.,All middle school academic classes,management,worker,will,False,passive,plain,obligation,obligation,True,0.9,class_size,True,
columbus_city_schools__columbus_education_association_2022_2025__071387d0,Columbus_Education_Association_2022-2025.pdf,Columbus City Schools,47,Classes which exceed 35 pupils (33 pupils effective with the 2023–2024 school year) on October 1 and class loads which exceed an average of 30 pupils per academic period for an individual teacher on October 1 will be reduced so that no class will excee,Classes which exceed 35 pupils (33 pupils effective with the 2023–2024 school year) on October 1 and class loads which exceed an average of 30 pupils per academic period for an individual teacher on October 1,management,worker,will,False,passive,plain,obligation,obligation,True,0.9,class_size,True,Quote truncated at end of chunk.
columbus_city_schools__columbus_education_association_2022_2025__071387d0,Columbus_Education_Association_2022-2025.pdf,Columbus City Schools,48,Classes which exceed 35 pupils (33 pupils effective with the 2023–2024 school year) on October 1 and class loads which exceed an average of 30 pupils per academic period for an individual teacher on October 1 will be reduced so that no class will exceed such maximums,Classes which exceed 35 pupils (33 pupils effective with the 2023–2024 school year) on October 1 and class loads which exceed an average of 30 pupils per academic period for an individual teacher on October 1,management,worker,will,False,passive,plain,obligation,obligation,True,0.9,class_size,True,
columbus_city_schools__columbus_education_association_2022_2025__071387d0,Columbus_Education_Association_2022-2025.pdf,Columbus City Schools,48,a given class or a given teacher’s class load may exceed such maximums as an alternative to reorganization of the classes within the given school.,a given class or a given teacher’s class load,management,management,may,False,active,plain,permission,permission,True,0.3,class_size,True,
columbus_city_schools__columbus_education_association_2022_2025__071387d0,Columbus_Education_Association_2022-2025.pdf,Columbus City Schools,48,All high school academic classes will be organized in each school building so as to have an average class size in each departmental area of approximately 28 pupils per class.,All high school academic classes,management,worker,will,False,passive,plain,obligation,obligation,True,0.9,class_size,True,
columbus_city_schools__columbus_education_association_2022_2025__071387d0,Columbus_Education_Association_2022-2025.pdf,Columbus City Schools,48,Classes which exceed 36 pupils on October 1 will be reduced so that no class will exceed 36 pupils (34 pupils effective with the 2023–2024 school year),Classes which exceed 36 pupils on October 1,management,worker,will,False,passive,plain,obligation,obligation,True,0.9,class_size,True,
columbus_city_schools__columbus_education_association_2022_2025__071387d0,Columbus_Education_Association_2022-2025.pdf,Columbus City Schools,48,a given class(es) may exceed 36 pupils (34 pupils effective with the 2023–2024 school year) as an alternative to reorganization of the classes within the given school.,a given class(es),management,management,may,False,active,plain,permission,permission,True,0.3,class_size,True,
columbus_city_schools__columbus_education_association_2022_2025__071387d0,Columbus_Education_Association_2022-2025.pdf,Columbus City Schools,48,All middle and high school nonacademic classes will be organized in each school building so as to have a class size not in excess of the number of pupil stations in each subject area.,All middle and high school nonacademic classes,management,worker,will,False,passive,plain,obligation,obligation,True,0.9,class_size,True,
columbus_city_schools__columbus_education_association_2022_2025__071387d0,Columbus_Education_Association_2022-2025.pdf,Columbus City Schools,48,no middle school or high school teacher is to instruct more than 150 pupils per day exclusive of study halls.,no middle school or high school teacher,worker,worker,,True,active,obligation_verb,right,prohibition,False,0.85,class_size,True,
columbus_city_schools__columbus_education_association_2022_2025__071387d0,Columbus_Education_Association_2022-2025.pdf,Columbus City Schools,48,The reorganization necessary to comply with this standard will be completed by October 1.,The reorganization necessary to comply with this standard,management,worker,will,False,passive,plain,obligation,obligation,True,0.9,class_size,True,
columbus_city_schools__columbus_education_association_2022_2025__071387d0,Columbus_Education_Association_2022-2025.pdf,Columbus City Schools,48,the Administration will investigate the specific circumstances,the Administration,management,worker,will,False,active,plain,obligation,obligation,True,0.9,class_size,True,
columbus_city_schools__columbus_education_association_2022_2025__071387d0,Columbus_Education_Association_2022-2025.pdf,Columbus City Schools,48,"determine the most constructive course of action to reduce, where feasible, the number of pupils to the October 1 class size limits.",Administration,management,worker,will,False,active,plain,obligation,obligation,True,0.9,class_size,True,
columbus_city_schools__columbus_education_association_2022_2025__071387d0,Columbus_Education_Association_2022-2025.pdf,Columbus City Schools,48,The investigation will include consideration of enrollment and organizational factors at the building level,The investigation,management,worker,will,False,active,plain,obligation,obligation,True,0.9,class_size,True,
columbus_city_schools__columbus_education_association_2022_2025__071387d0,Columbus_Education_Association_2022-2025.pdf,Columbus City Schools,48,and will provide for input from the principal and the teacher(s).,The investigation,management,worker,will,False,active,plain,obligation,obligation,True,0.9,class_size,True,
columbus_city_schools__columbus_education_association_2022_2025__071387d0,Columbus_Education_Association_2022-2025.pdf,Columbus City Schools,48,a written explanation will be provided to the teacher upon request.,a written explanation,management,worker,will,False,passive,rights_passive,right,obligation,False,0.9,class_size,True,
columbus_city_schools__columbus_education_association_2022_2025__071387d0,Columbus_Education_Association_2022-2025.pdf,Columbus City Schools,48,The Administration shall notify the Association at least sixty (60) days prior to any change in this administrative policy,The Administration,management,worker,shall,False,active,plain,obligation,obligation,True,1.0,other,True,
columbus_city_schools__columbus_education_association_2022_2025__071387d0,Columbus_Education_Association_2022-2025.pdf,Columbus City Schools,49,such notification shall not occur prior to April 15 of the year in which the Agreement expires.,such notification,other,management,shall,True,active,plain,prohibition,prohibition,True,1.0,other,True,Inanimate subject referring to Administration's duty
columbus_city_schools__columbus_education_association_2022_2025__071387d0,Columbus_Education_Association_2022-2025.pdf,Columbus City Schools,49,"the Association may introduce a class size proposal for negotiations even though a negotiations agenda may have been set, unless the issue class size is already on said agenda.",the Association,worker,worker,may,False,active,plain,permission,permission,True,0.3,class_size,True,
columbus_city_schools__columbus_education_association_2022_2025__071387d0,Columbus_Education_Association_2022-2025.pdf,Columbus City Schools,49,such substantial inequities shall be subject to the grievance procedure.,such substantial inequities,other,worker,shall,False,active,plain,obligation,obligation,True,1.0,discipline,True,
columbus_city_schools__columbus_education_association_2022_2025__071387d0,Columbus_Education_Association_2022-2025.pdf,Columbus City Schools,49,The Association Building Council shall study and make recommendations to the principal in each middle and high school concerning the number of pupil stations in nonacademic classrooms.,The Association Building Council,worker,worker,shall,False,active,plain,obligation,obligation,True,1.0,class_size,True,
columbus_city_schools__columbus_education_association_2022_2025__071387d0,Columbus_Education_Association_2022-2025.pdf,Columbus City Schools,49,The administration will make a concerted effort to complete the initial class size adjustments within the first eighteen (18) pupil attendance days of the school year.,The administration,management,worker,will,False,active,plain,obligation,obligation,True,0.9,class_size,True,
columbus_city_schools__columbus_education_association_2022_2025__071387d0,Columbus_Education_Association_2022-2025.pdf,Columbus City Schools,49,Either party may reopen negotiations using the procedure of Section 1401 if the General Assembly enacts legislation during the term of this Agreement mandating lower class size rations and providing the funding for class size reductions.,Either party,other,management,may,False,active,plain,permission,permission,True,0.3,class_size,True,
columbus_city_schools__columbus_education_association_2022_2025__071387d0,Columbus_Education_Association_2022-2025.pdf,Columbus City Schools,49,The Superintendent or designee(s) and the Association President or designee(s) shall meet and confer after the 1997–1998 school year to discuss the results of a pilot emphasis project with grades K–3 at specified schools and to consider modification of administrative policy or of this article with respect to class size limits at those grade levels in light of those results.,The Superintendent or designee(s) and the Association President or designee(s),other,management,shall,False,active,plain,obligation,obligation,True,1.0,class_size,True,
columbus_city_schools__columbus_education_association_2022_2025__071387d0,Columbus_Education_Association_2022-2025.pdf,Columbus City Schools,49,"The Superintendent and the Administration will use all reasonable efforts to avoid K–3 split classes where feasible (e.g., space limitations, finances, size of resulting classes).",The Superintendent and the Administration,management,worker,will,False,active,plain,obligation,obligation,True,0.9,class_size,True,
columbus_city_schools__columbus_education_association_2022_2025__071387d0,Columbus_Education_Association_2022-2025.pdf,Columbus City Schools,50,The class load for middle and high school teachers shall not exceed five (5) academic class periods per day and/or twenty-five (25) academic class periods per week.,The class load for middle and high school teachers,other,worker,shall,True,active,plain,prohibition,prohibition,True,1.0,class_size,True,
columbus_city_schools__columbus_education_association_2022_2025__071387d0,Columbus_Education_Association_2022-2025.pdf,Columbus City Schools,50,"Middle and high school teachers shall have one period for lunch, one period for conference, and one period for duty, equal to the length of a student academic period.",Middle and high school teachers,worker,worker,shall,False,active,plain,obligation,right,False,1.0,workload,True,
columbus_city_schools__columbus_education_association_2022_2025__071387d0,Columbus_Education_Association_2022-2025.pdf,Columbus City Schools,50,High school English teachers shall receive two (2) conference periods per day.,High school English teachers,worker,worker,shall,False,active,rights_active,right,right,True,1.0,workload,True,
columbus_city_schools__columbus_education_association_2022_2025__071387d0,Columbus_Education_Association_2022-2025.pdf,Columbus City Schools,50,"Full-time teachers, including preschool/pre-kindergarten, in elementary schools shall have planning/preparation time averaging approximately forty-five (45) minutes per day.","Full-time teachers, including preschool/pre-kindergarten, in elementary schools",worker,worker,shall,False,active,plain,obligation,right,False,1.0,workload,True,
columbus_city_schools__columbus_education_association_2022_2025__071387d0,Columbus_Education_Association_2022-2025.pdf,Columbus City Schools,50,Meetings shall not be scheduled on Monday or Friday mornings in elementary schools.,Meetings,other,worker,shall,True,passive,plain,prohibition,prohibition,True,1.0,workload,True,
columbus_city_schools__columbus_education_association_2022_2025__071387d0,Columbus_Education_Association_2022-2025.pdf,Columbus City Schools,50,Full-time teachers in regular elementary schools teaching pre–K through fifth grade or pre–K through sixth grade shall be assured a daily ten (10) to fifteen (15) minute break.,Full-time teachers in regular elementary schools teaching pre–K through fifth grade or pre–K through sixth grade,management,worker,shall,False,passive,rights_passive,right,right,True,1.0,workload,True,
columbus_city_schools__columbus_education_association_2022_2025__071387d0,Columbus_Education_Association_2022-2025.pdf,Columbus City Schools,50,"Such break shall be free of pupil supervision and other assigned duty responsibilities and shall occur approximately mid-morning or mid-afternoon, as determined by the building principal.",Such break,other,worker,shall,False,active,plain,obligation,obligation,True,1.0,workload,True,
columbus_city_schools__columbus_education_association_2022_2025__071387d0,Columbus_Education_Association_2022-2025.pdf,Columbus City Schools,50,"Regular or chronic violation of this provision shall be subject to the grievance procedure, provided the building principal and Central Administration have been advised of the claimed violations and given a reasonable period of time in which to correct the problem.",Regular or chronic violation of this provision,other,worker,shall,False,active,plain,obligation,obligation,True,1.0,discipline,True,Procedural/status clause regarding grievance procedure.
columbus_city_schools__columbus_education_association_2022_2025__071387d0,Columbus_Education_Association_2022-2025.pdf,Columbus City Schools,50,"Where unusual scheduling exists, the daily average of a teacher’s weekly schedule shall approximate the above time distributions.",the daily average of a teacher’s weekly schedule,other,worker,shall,False,active,plain,obligation,obligation,True,1.0,workload,True,
columbus_city_schools__columbus_education_association_2022_2025__071387d0,Columbus_Education_Association_2022-2025.pdf,Columbus City Schools,50,each elementary school staff shall conduct a written ballot to determine whether there shall be one (1) or two (2) fifteen (15) minute recesses per day for the following school year.,each elementary school staff,other,worker,shall,False,active,plain,obligation,obligation,True,1.0,workload,True,
columbus_city_schools__columbus_education_association_2022_2025__071387d0,Columbus_Education_Association_2022-2025.pdf,Columbus City Schools,50,"Recess takes place mid-morning or mid-afternoon, not adjacent to the beginning, lunchtime, or end of the school day, unless the school selects to do so through the process of this paragraph.",Recess,other,worker,,False,active,plain,other,obligation,False,0.0,workload,True,
columbus_city_schools__columbus_education_association_2022_2025__071387d0,Columbus_Education_Association_2022-2025.pdf,Columbus City Schools,50,The results of such ballot shall be posted on the school’s bulletin board.,The results of such ballot,management,worker,shall,False,passive,plain,obligation,obligation,True,1.0,other,True,
columbus_city_schools__columbus_education_association_2022_2025__071387d0,Columbus_Education_Association_2022-2025.pdf,Columbus City Schools,50,"In the event of a tie, the issue shall be decided by the principal.",the issue,management,management,shall,False,passive,plain,obligation,obligation,True,1.0,other,True,
columbus_city_schools__columbus_education_association_2022_2025__071387d0,Columbus_Education_Association_2022-2025.pdf,Columbus City Schools,50,That status quo shall remain in effect in future years unless the ABC or the principal calls for reconsideration.,That status quo,other,worker,shall,False,active,plain,obligation,obligation,True,1.0,other,True,
columbus_city_schools__columbus_education_association_2022_2025__071387d0,Columbus_Education_Association_2022-2025.pdf,Columbus City Schools,50,"Reconsideration can only be called for once per school year for the following school year,",Reconsideration,other,worker,can,False,passive,plain,permission,permission,True,0.3,other,True,First half of clause split due to 'and' conjunction.
columbus_city_schools__columbus_education_association_2022_2025__071387d0,Columbus_Education_Association_2022-2025.pdf,Columbus City Schools,50,then a written ballot will be conducted as describ,a written ballot,other,worker,will,False,passive,plain,obligation,obligation,True,0.9,other,True,Second half of clause split due to 'and' conjunction. Truncated at end of chunk.
columbus_city_schools__columbus_education_association_2022_2025__071387d0,Columbus_Education_Association_2022-2025.pdf,Columbus City Schools,51,That status quo shall remain in effect in future years,That status quo,other,worker,shall,False,active,plain,obligation,obligation,True,1.0,other,True,Inanimate subject
columbus_city_schools__columbus_education_association_2022_2025__071387d0,Columbus_Education_Association_2022-2025.pdf,Columbus City Schools,51,Reconsideration can only be called for once per school year for the following school year,Reconsideration,management,worker,can,False,passive,plain,permission,permission,True,0.3,other,True,
columbus_city_schools__columbus_education_association_2022_2025__071387d0,Columbus_Education_Association_2022-2025.pdf,Columbus City Schools,51,a written ballot will be conducted as described above,a written ballot,management,worker,will,False,passive,plain,obligation,obligation,True,0.9,other,True,
columbus_city_schools__columbus_education_association_2022_2025__071387d0,Columbus_Education_Association_2022-2025.pdf,Columbus City Schools,51,"Therefore, high school administrators will make an effort, where practical with the assigned staff in relation to the school program, to make teaching assignments to such teachers in a manner that will limit the necessary preparations to three (3) or fewer for distinctively different courses.",high school administrators,management,worker,will,False,active,plain,obligation,obligation,True,0.9,workload,True,
columbus_city_schools__columbus_education_association_2022_2025__071387d0,Columbus_Education_Association_2022-2025.pdf,Columbus City Schools,51,"All bargaining unit members working with online learning students will be provided with technology hardware, software, and professional development necessary to complete job duties.",All bargaining unit members working with online learning students,management,worker,will,False,passive,rights_passive,right,right,True,0.9,professional_development,True,
columbus_city_schools__columbus_education_association_2022_2025__071387d0,Columbus_Education_Association_2022-2025.pdf,Columbus City Schools,51,Requests for technology shall be made to the bargaining unit member’s immediate supervisor.,Requests for technology,management,management,shall,False,passive,plain,obligation,obligation,True,1.0,other,True,
columbus_city_schools__columbus_education_association_2022_2025__071387d0,Columbus_Education_Association_2022-2025.pdf,Columbus City Schools,51,Bargaining unit members who provide instruction in an online format will record the direct instruction portion of lessons (inclusive of relevant discussion and questions/answers) during the video-conferenced portion of the lesson,Bargaining unit members who provide instruction in an online format,worker,management,will,False,active,plain,obligation,obligation,True,0.9,workload,True,
columbus_city_schools__columbus_education_association_2022_2025__071387d0,Columbus_Education_Association_2022-2025.pdf,Columbus City Schools,51,place on the district’s learning management system for students and parents to review,Bargaining unit members who provide instruction in an online format,worker,management,will,False,active,plain,obligation,obligation,True,0.9,other,True,Elliptical subject carried over from prior clause
columbus_city_schools__columbus_education_association_2022_2025__071387d0,Columbus_Education_Association_2022-2025.pdf,Columbus City Schools,51,"With prior approval of a supervisor/principal, a bargaining unit member, in their professional judgment, may choose not to record and/or post a lesson.",a bargaining unit member,worker,worker,may,True,active,plain,prohibition,permission,False,0.3,teacher_rights_and_conduct,True,
columbus_city_schools__columbus_education_association_2022_2025__071387d0,Columbus_Education_Association_2022-2025.pdf,Columbus City Schools,51,"Bargaining unit members working with students online shall make a good faith effort to protect student information and data, including reasonable security measures such as using password protection and physically securing the device.",Bargaining unit members working with students online,worker,management,shall,False,active,plain,obligation,obligation,True,1.0,other,True,
columbus_city_schools__columbus_education_association_2022_2025__071387d0,Columbus_Education_Association_2022-2025.pdf,Columbus City Schools,51,Bargaining unit members acting in good faith to protect student information and data will be held harmless by the Board for any data breach.,Bargaining unit members acting in good faith to protect student information and data,management,worker,will,False,passive,plain,obligation,obligation,True,0.9,job_security,True,
columbus_city_schools__columbus_education_association_2022_2025__071387d0,Columbus_Education_Association_2022-2025.pdf,Columbus City Schools,51,the Administration will hold the bargaining unit member(s) harmless so long as the bargaining unit member(s) acted in good faith with the best interest of students in mind in a manner consistent with the bargaining unit member(s) job description and within the scope of employment and responsibilities.,the Administration,management,worker,will,False,active,plain,obligation,obligation,True,0.9,job_security,True,
columbus_city_schools__columbus_education_association_2022_2025__071387d0,Columbus_Education_Association_2022-2025.pdf,Columbus City Schools,52,"Additionally, should a bargaining unit member, acting in good faith as described above, need to defend their action in front of a licensing agency in the State of Ohio, including but not limited to the Ohio Department of Education, then upon the employee’s request, the District shall provide a letter of support for the bargaining unit member.",the District,management,worker,shall,False,active,plain,obligation,obligation,True,1.0,discipline,True,
columbus_city_schools__columbus_education_association_2022_2025__071387d0,Columbus_Education_Association_2022-2025.pdf,Columbus City Schools,52,The bargaining unit member as well as a CEA designees shall review the letter prior to it being provided to the department/agency.,The bargaining unit member as well as a CEA designees,worker,worker,shall,False,active,plain,obligation,obligation,True,1.0,discipline,True,
columbus_city_schools__columbus_education_association_2022_2025__071387d0,Columbus_Education_Association_2022-2025.pdf,Columbus City Schools,52,Bargaining unit member content may be used by the Board for purposes other than instruction of Board students (or a Board or law enforcement investigation) with prior written notification to the bargaining unit member and CEA President.,Bargaining unit member content,management,worker,may,False,passive,plain,permission,permission,True,0.3,teacher_rights_and_conduct,True,
columbus_city_schools__columbus_education_association_2022_2025__071387d0,Columbus_Education_Association_2022-2025.pdf,Columbus City Schools,52,"All teachers, intervention specialists, unified arts, and related service providers assigned to an online learning program will, to the extent feasible given existing space limitations, be housed at board worksites based upon the following grade bands: K through five (5); grades six (6) through eight (8); grades nine (9) through twelve (12).","All teachers, intervention specialists, unified arts, and related service providers assigned to an online learning program",management,worker,will,False,passive,plain,obligation,obligation,True,0.9,safety_and_working_conditions,True,
columbus_city_schools__columbus_education_association_2022_2025__071387d0,Columbus_Education_Association_2022-2025.pdf,Columbus City Schools,52,"For the purpose of required student testing which must be completed in-person, testing shall occur with the support of the student’s teacher of record.",testing,other,worker,shall,False,active,plain,obligation,obligation,True,1.0,workload,True,
columbus_city_schools__columbus_education_association_2022_2025__071387d0,Columbus_Education_Association_2022-2025.pdf,Columbus City Schools,52,"If it is not feasible for a student to test with their teacher of record, the CEA President or designee and the Superintendent’s designee shall meet prior to the testing date with the intent of reaching agreement on an alternative testing plan.",the CEA President or designee and the Superintendent’s designee,other,worker,shall,False,active,plain,obligation,obligation,True,1.0,other,True,
columbus_city_schools__columbus_education_association_2022_2025__071387d0,Columbus_Education_Association_2022-2025.pdf,Columbus City Schools,52,Requests to teachers to provide voluntary live-streaming shall be intended to expand course offerings,Requests to teachers to provide voluntary live-streaming,other,worker,shall,False,passive,plain,obligation,obligation,True,1.0,workload,True,
columbus_city_schools__columbus_education_association_2022_2025__071387d0,Columbus_Education_Association_2022-2025.pdf,Columbus City Schools,52,"Requests to teachers to provide voluntary live-streaming shall be limited to the following courses in grades 9–12: foreign language [other than Spanish or French level one (1) through three (3)], AP, IB, Statistics and Social Justice, and College Credit Plus.",Requests to teachers to provide voluntary live-streaming,other,worker,shall,False,passive,plain,obligation,obligation,True,1.0,workload,True,
columbus_city_schools__columbus_education_association_2022_2025__071387d0,Columbus_Education_Association_2022-2025.pdf,Columbus City Schools,52,"Bargaining unit members, at their sole discretion and in limited circumstances, may elect to provide in-person learning and live-streaming to a remote location at the same time for class(es).",Bargaining unit members,worker,worker,may,False,active,plain,permission,permission,True,0.3,other,True,
columbus_city_schools__columbus_education_association_2022_2025__071387d0,Columbus_Education_Association_2022-2025.pdf,Columbus City Schools,52,A staff member will be present with students participating remotely in a school building.,A staff member,other,worker,will,False,active,plain,obligation,obligation,True,0.9,safety_and_working_conditions,True,
columbus_city_schools__columbus_education_association_2022_2025__071387d0,Columbus_Education_Association_2022-2025.pdf,Columbus City Schools,52,"If deemed an appropriate accommodation as the result of a 504 or IEP team meeting, due process or mediation case, a bargaining unit member may be required to provide live",a bargaining unit member,management,management,may,False,passive,obligation_verb,obligation,obligation,True,0.3,other,True,Truncated at end of chunk.
columbus_city_schools__columbus_education_association_2022_2025__071387d0,Columbus_Education_Association_2022-2025.pdf,Columbus City Schools,53,"If deemed an appropriate accommodation as the result of a 504 or IEP team meeting, due process or mediation case, a bargaining unit member may be required to provide live instruction to certain students who are remote while also providing in-person instruction.",a bargaining unit member,worker,management,may,False,passive,obligation_verb,obligation,obligation,True,0.3,other,True,
columbus_city_schools__columbus_education_association_2022_2025__071387d0,Columbus_Education_Association_2022-2025.pdf,Columbus City Schools,53,Bargaining unit members assigned to the student support center shall be housed at one board work location.,Bargaining unit members assigned to the student support center,worker,management,shall,False,passive,plain,obligation,obligation,True,1.0,other,True,
columbus_city_schools__columbus_education_association_2022_2025__071387d0,Columbus_Education_Association_2022-2025.pdf,Columbus City Schools,53,The Student Support Center shall be considered a building consistent with the provisions of Section 303.02(C).,The Student Support Center,other,worker,shall,False,passive,plain,obligation,obligation,True,1.0,other,True,
columbus_city_schools__columbus_education_association_2022_2025__071387d0,Columbus_Education_Association_2022-2025.pdf,Columbus City Schools,53,All other provisions of this article shall apply to Student Support Center bargaining unit members.,All other provisions of this article,other,worker,shall,False,active,plain,obligation,obligation,True,1.0,other,True,
columbus_city_schools__columbus_education_association_2022_2025__071387d0,Columbus_Education_Association_2022-2025.pdf,Columbus City Schools,53,The Board shall continue efforts to reduce the number and size of study halls which have mandatory pupil attendance.,The Board,management,worker,shall,False,active,plain,obligation,obligation,True,1.0,workload,True,
columbus_city_schools__columbus_education_association_2022_2025__071387d0,Columbus_Education_Association_2022-2025.pdf,Columbus City Schools,53,"In academic assist programs in middle schools, the number of pupils under the supervision of a teacher shall not exceed the maximum class size for a middle school academic class.",the number of pupils under the supervision of a teacher,other,worker,shall,True,active,plain,prohibition,prohibition,True,1.0,class_size,True,
columbus_city_schools__columbus_education_association_2022_2025__071387d0,Columbus_Education_Association_2022-2025.pdf,Columbus City Schools,53,Such supervision by a teacher shall count as an assigned duty.,Such supervision by a teacher,other,worker,shall,False,active,plain,obligation,obligation,True,1.0,compensation,True,
columbus_city_schools__columbus_education_association_2022_2025__071387d0,Columbus_Education_Association_2022-2025.pdf,Columbus City Schools,53,Teachers at Columbus Scioto and Beatty Park schools will continue to be assigned the services of school instructional assistants at present assignment levels through the term of this Agreement.,Teachers at Columbus Scioto and Beatty Park schools,worker,worker,will,False,passive,plain,obligation,obligation,True,0.9,safety_and_working_conditions,True,
columbus_city_schools__columbus_education_association_2022_2025__071387d0,Columbus_Education_Association_2022-2025.pdf,Columbus City Schools,53,The Association Building Councils at Columbus Scioto and Beatty Park schools shall develop and recommend to the principal a training program for their school instructional assistants.,The Association Building Councils at Columbus Scioto and Beatty Park schools,worker,worker,shall,False,active,plain,obligation,obligation,True,1.0,professional_development,True,
columbus_city_schools__columbus_education_association_2022_2025__071387d0,Columbus_Education_Association_2022-2025.pdf,Columbus City Schools,53,"The release days, if selected, will be scheduled by the Administration with prior notification of the dates to the designated lead teachers.","The release days, if selected,",management,worker,will,False,passive,plain,obligation,obligation,True,0.9,other,True,
columbus_city_schools__columbus_education_association_2022_2025__071387d0,Columbus_Education_Association_2022-2025.pdf,Columbus City Schools,53,"In addition, designated lead teachers and related service providers shall be paid for up to ten (10) hours annually at the supplemental hourly rate for attendance at IEP meetings or to complete IEP paperwork outside regular work hours.",designated lead teachers and related service providers,worker,worker,shall,False,passive,rights_passive,right,right,True,1.0,compensation,True,
columbus_city_schools__columbus_education_association_2022_2025__071387d0,Columbus_Education_Association_2022-2025.pdf,Columbus City Schools,53,All amounts to be paid under this section will be paid on the 21st pay date after the office of special education has verified that the designated lead teacher/related service provider has completed and turned in IEPs within the required timelines for all of their students.,All amounts to be paid under this section,management,management,will,False,passive,rights_passive,right,obligation,False,0.9,compensation,True,
columbus_city_schools__columbus_education_association_2022_2025__071387d0,Columbus_Education_Association_2022-2025.pdf,Columbus City Schools,53,"In the event annual IEPs are no longer required, such supplemental compensation shall not be paid.",such supplemental compensation,management,management,shall,True,passive,rights_passive,other,prohibition,False,0.0,compensation,True,
columbus_city_schools__columbus_education_association_2022_2025__071387d0,Columbus_Education_Association_2022-2025.pdf,Columbus City Schools,54,such supplemental compensation shall not be paid.,such supplemental compensation,management,management,shall,True,passive,rights_passive,other,prohibition,False,0.0,compensation,True,
columbus_city_schools__columbus_education_association_2022_2025__071387d0,Columbus_Education_Association_2022-2025.pdf,Columbus City Schools,54,"All related service providers, school psychologists, and school nurses will document their services for Medicaid to School Re-imbursement, including all aspects of being able to do so (maintaining appropriate licensure, registering for a National Provider Identifier (NPI) number, utilizing the HBS documentation system for later reimbursement) during their contractual workday.","All related service providers, school psychologists, and school nurses",worker,worker,will,False,active,plain,obligation,obligation,True,0.9,compensation,True,
columbus_city_schools__columbus_education_association_2022_2025__071387d0,Columbus_Education_Association_2022-2025.pdf,Columbus City Schools,54,The Department of Specialized Instruction will provide annual training and opportunities for continued training/coaching.,The Department of Specialized Instruction,management,worker,will,False,active,plain,obligation,obligation,True,0.9,professional_development,True,
columbus_city_schools__columbus_education_association_2022_2025__071387d0,Columbus_Education_Association_2022-2025.pdf,Columbus City Schools,54,"the high school city-wide course selection sheets shall include French, Spanish, German, and Latin.",the high school city-wide course selection sheets,other,management,shall,False,active,plain,obligation,obligation,True,1.0,other,True,
columbus_city_schools__columbus_education_association_2022_2025__071387d0,Columbus_Education_Association_2022-2025.pdf,Columbus City Schools,54,"Regular classroom teachers will not typically be required to be physically present when classes are being instructed by an elementary art, music, dance, theater or physical education teacher, except for pre-kindergarten classes when the unified arts teacher is not pre-kindergarten certified.",Regular classroom teachers,management,worker,will,True,passive,obligation_verb,right,prohibition,False,0.9,workload,True,
columbus_city_schools__columbus_education_association_2022_2025__071387d0,Columbus_Education_Association_2022-2025.pdf,Columbus City Schools,54,"Elementary art, music, dance, theater, and physical education teachers will enter grades for pupils in their respective classes at the end of each grading period.","Elementary art, music, dance, theater, and physical education teachers",worker,management,will,False,active,plain,obligation,obligation,True,0.9,evaluation,True,
columbus_city_schools__columbus_education_association_2022_2025__071387d0,Columbus_Education_Association_2022-2025.pdf,Columbus City Schools,54,"The Board will provide sufficient number of elementary art, music, dance, theater and physical education teachers to staff the following schedule in regular elementary schools, beginning in the 2018–19 school year, limited to buildings organized as Kindergarten through Fifth or Kindergarten through Sixth:",The Board,management,worker,will,False,active,plain,obligation,obligation,True,0.9,safety_and_working_conditions,True,
columbus_city_schools__columbus_education_association_2022_2025__071387d0,Columbus_Education_Association_2022-2025.pdf,Columbus City Schools,54,"Beginning with the 2023–2024 school year, the Board shall schedule with the intent that no elementary school, as defined in this article, shall have more than one unified arts teacher as-signed per subject area",the Board,management,management,shall,False,active,plain,obligation,prohibition,False,1.0,other,True,
columbus_city_schools__columbus_education_association_2022_2025__071387d0,Columbus_Education_Association_2022-2025.pdf,Columbus City Schools,54,"in no case shall an elementary unified arts teacher, except for instrumental music teachers, be assigned to more than two (2) buildings at a time in a school year.",an elementary unified arts teacher,management,worker,shall,True,passive,plain,prohibition,prohibition,True,1.0,workload,True,
columbus_city_schools__columbus_education_association_2022_2025__071387d0,Columbus_Education_Association_2022-2025.pdf,Columbus City Schools,54,"The duties of each elementary art, music and physical education teacher shall be proportional to the amount of time assigned to a school.","The duties of each elementary art, music and physical education teacher",other,worker,shall,False,passive,plain,obligation,obligation,True,1.0,workload,True,
columbus_city_schools__columbus_education_association_2022_2025__071387d0,Columbus_Education_Association_2022-2025.pdf,Columbus City Schools,55,Elementary unified arts teachers class load shall be organized in each school building on the basis of approximately twenty-five (25) classes per week.,Elementary unified arts teachers class load,management,worker,shall,False,passive,plain,obligation,obligation,True,1.0,workload,True,
columbus_city_schools__columbus_education_association_2022_2025__071387d0,Columbus_Education_Association_2022-2025.pdf,Columbus City Schools,55,No elementary unified arts teacher's class load shall exceed twenty-seven (27) classes per week.,No elementary unified arts teacher's class load,other,worker,shall,True,active,plain,prohibition,prohibition,True,1.0,workload,True,
columbus_city_schools__columbus_education_association_2022_2025__071387d0,Columbus_Education_Association_2022-2025.pdf,Columbus City Schools,55,There shall be a transition time between classes of no less than five (5) minutes.,There,other,worker,shall,False,active,plain,obligation,obligation,True,1.0,workload,True,Existential 'there' construction.
columbus_city_schools__columbus_education_association_2022_2025__071387d0,Columbus_Education_Association_2022-2025.pdf,Columbus City Schools,55,"The Superintendent has the sole discretion to officially close on a district wide, building, program, equity based and/or classroom basis owing to disease epidemic, hazardous weather condition, or other public calamity.",The Superintendent,management,management,,False,active,rights_active,right,right,True,0.85,safety_and_working_conditions,True,
columbus_city_schools__columbus_education_association_2022_2025__071387d0,Columbus_Education_Association_2022-2025.pdf,Columbus City Schools,55,Notification to teachers of a calamity day or remote day shall be made as soon as practicable.,Notification to teachers of a calamity day or remote day,management,worker,shall,False,passive,plain,obligation,obligation,True,1.0,safety_and_working_conditions,True,
columbus_city_schools__columbus_education_association_2022_2025__071387d0,Columbus_Education_Association_2022-2025.pdf,Columbus City Schools,55,Teachers shall not be required to complete Board work on calamity days.,Teachers,management,worker,shall,True,passive,obligation_verb,right,right,True,1.0,workload,True,
columbus_city_schools__columbus_education_association_2022_2025__071387d0,Columbus_Education_Association_2022-2025.pdf,Columbus City Schools,55,Student learning during calamity days shall be governed by annual memorandums between the Board and Association pursuant to Ohio Revised Code Section 3313.482.,Student learning during calamity days,management,worker,shall,False,passive,plain,obligation,obligation,True,1.0,other,True,
columbus_city_schools__columbus_education_association_2022_2025__071387d0,Columbus_Education_Association_2022-2025.pdf,Columbus City Schools,55,"The Superintendent has sole discretion to move between remote and in-person learning on a district wide, or building level.",The Superintendent,management,management,,False,active,rights_active,right,right,True,0.85,other,True,
columbus_city_schools__columbus_education_association_2022_2025__071387d0,Columbus_Education_Association_2022-2025.pdf,Columbus City Schools,55,"While providing remote learning, teachers will perform work consistent with their job assignment.",teachers,worker,management,will,False,active,plain,obligation,obligation,True,0.9,workload,True,
columbus_city_schools__columbus_education_association_2022_2025__071387d0,Columbus_Education_Association_2022-2025.pdf,Columbus City Schools,55,"During temporary remote learning, the provisions of 303.01(A), 303.01(C), 303.01(D), and 303.01(E) shall apply.","the provisions of 303.01(A), 303.01(C), 303.01(D), and 303.01(E)",other,worker,shall,False,active,plain,obligation,obligation,True,1.0,other,True,
columbus_city_schools__columbus_education_association_2022_2025__071387d0,Columbus_Education_Association_2022-2025.pdf,Columbus City Schools,55,"On the first designated remote learning day of each semester, teachers will work remotely from home",teachers,worker,management,will,False,active,plain,obligation,obligation,True,0.9,workload,True,Part of multi-clause sentence.
columbus_city_schools__columbus_education_association_2022_2025__071387d0,Columbus_Education_Association_2022-2025.pdf,Columbus City Schools,55,will engage in planning,teachers,worker,management,will,False,active,plain,obligation,obligation,True,0.9,workload,True,Elliptical clause; subject implied.
columbus_city_schools__columbus_education_association_2022_2025__071387d0,Columbus_Education_Association_2022-2025.pdf,Columbus City Schools,55,but will not be required to provide student instruction,teachers,management,worker,will,True,passive,obligation_verb,right,right,True,0.9,workload,True,Elliptical clause; subject implied.
columbus_city_schools__columbus_education_association_2022_2025__071387d0,Columbus_Education_Association_2022-2025.pdf,Columbus City Schools,55,"Beginning with the second remote learning day, teachers will work remotely from home",teachers,worker,management,will,False,active,plain,obligation,obligation,True,0.9,workload,True,Part of multi-clause sentence.
columbus_city_schools__columbus_education_association_2022_2025__071387d0,Columbus_Education_Association_2022-2025.pdf,Columbus City Schools,55,"and provide students with asynchronous (content-aligned, grade level appropriate content planned and organized by the teacher which allows for student-directed learning and does not include real-time interaction).",teachers,worker,management,will,False,active,plain,obligation,obligation,True,0.9,workload,True,Elliptical clause; subject implied.
columbus_city_schools__columbus_education_association_2022_2025__071387d0,Columbus_Education_Association_2022-2025.pdf,Columbus City Schools,55,"In the event a closure at the classroom, program, building, or district level may exceed three (3) consecutive school days, the Board and Association shall meet with the intent of creating a plan for synchronous remote learning (live instruction and group or individual student work so long as the teacher is available for real-time interaction).",the Board and Association,other,worker,shall,False,active,plain,obligation,obligation,True,1.0,other,True,Contains conditional subordinate clause.
columbus_city_schools__columbus_education_association_2022_2025__071387d0,Columbus_Education_Association_2022-2025.pdf,Columbus City Schools,55,The impact of a transition to remote learning on teacher evaluation shall be determined by the Joint Evaluation Panel.,The impact of a transition to remote learning on teacher evaluation,other,worker,shall,False,passive,plain,obligation,obligation,True,1.0,evaluation,True,
columbus_city_schools__columbus_education_association_2022_2025__071387d0,Columbus_Education_Association_2022-2025.pdf,Columbus City Schools,55,Notification to teachers of a transition from remote learning to in-person learning shall occur no later than the end of the previous teacher workday.,Notification to teachers of a transition from remote learning to in-person learning,other,worker,shall,False,active,plain,obligation,obligation,True,1.0,safety_and_working_conditions,True,
columbus_city_schools__columbus_education_association_2022_2025__071387d0,Columbus_Education_Association_2022-2025.pdf,Columbus City Schools,56,"The “Teacher and Licensed Support Professional Evaluation” and the “CCS Teacher Performance Rubric” shall constitute the process, criteria and standards used for such teachers.",The “Teacher and Licensed Support Professional Evaluation” and the “CCS Teacher Performance Rubric”,other,worker,shall,False,active,plain,obligation,obligation,True,1.0,evaluation,True,
columbus_city_schools__columbus_education_association_2022_2025__071387d0,Columbus_Education_Association_2022-2025.pdf,Columbus City Schools,56,The “Teacher and Licensed Support Professional Evaluation” and the “CCS Licensed Support Professional Performance Rubric” will apply to other members of the bargaining unit.,The “Teacher and Licensed Support Professional Evaluation” and the “CCS Licensed Support Professional Performance Rubric”,other,worker,will,False,active,plain,obligation,obligation,True,0.9,evaluation,True,
columbus_city_schools__columbus_education_association_2022_2025__071387d0,Columbus_Education_Association_2022-2025.pdf,Columbus City Schools,56,"Neither the evaluation process nor rubric will apply to persons employed under Chapters 1100, or 1200 of the Master Agreement.",Neither the evaluation process nor rubric,other,management,will,True,active,plain,prohibition,prohibition,True,0.9,evaluation,True,
columbus_city_schools__columbus_education_association_2022_2025__071387d0,Columbus_Education_Association_2022-2025.pdf,Columbus City Schools,56,The Superintendent shall make decisions and take actions to implement this provision in the variety of instructional assignments and environments in the District.,The Superintendent,management,management,shall,False,active,plain,obligation,obligation,True,1.0,other,True,
columbus_city_schools__columbus_education_association_2022_2025__071387d0,Columbus_Education_Association_2022-2025.pdf,Columbus City Schools,56,"This authority shall be exercised through the Joint Evaluation Panel (JEP) of CEA and the Board, established by a Memorandum of Agreement between the parties.",This authority,other,worker,shall,False,passive,plain,obligation,obligation,True,1.0,evaluation,True,
columbus_city_schools__columbus_education_association_2022_2025__071387d0,Columbus_Education_Association_2022-2025.pdf,Columbus City Schools,56,"Teachers (except for substitutes and adult education instructors) who instruct students for at least percent (50%) of the teacher’s time employed shall be evaluated in accordance with O.R.C. Sections 3319.11 and 3319.112 consistent with the Framework adopted by the Ohio State Board of Education, as that Framework is amended from time to time.",Teachers (except for substitutes and adult education instructors) who instruct students for at least percent (50%) of the teacher’s time employed,management,management,shall,False,passive,plain,obligation,obligation,True,1.0,evaluation,True,
columbus_city_schools__columbus_education_association_2022_2025__071387d0,Columbus_Education_Association_2022-2025.pdf,Columbus City Schools,56,"A teacher who receives a rating of “accomplished” on the teacher’s most recent evaluation shall be evaluated at least once every three (3) school years, so long as the teacher submits a self-directed professional growth plan to the evaluator that focuses on specific areas identified in the observations and evaluation and the evaluator determines that the teacher is making progress on that plan.",A teacher who receives a rating of “accomplished” on the teacher’s most recent evaluation,management,worker,shall,False,passive,plain,obligation,obligation,True,1.0,evaluation,True,
columbus_city_schools__columbus_education_association_2022_2025__071387d0,Columbus_Education_Association_2022-2025.pdf,Columbus City Schools,56,"A teacher who receives a rating of “skilled” on the teacher’s most recent evaluation shall be evaluated at least every two (2) years, so long as the teacher and evaluator jointly develop a professional growth plan for the teacher that focuses on specific areas identified in the observations and evaluation and the evaluator determines that the teacher is making progress on that plan.",A teacher who receives a rating of “skilled” on the teacher’s most recent evaluation,management,worker,shall,False,passive,plain,obligation,obligation,True,1.0,evaluation,True,
columbus_city_schools__columbus_education_association_2022_2025__071387d0,Columbus_Education_Association_2022-2025.pdf,Columbus City Schools,57,a credentialed evaluator shall conduct at least one observation of the teacher,a credentialed evaluator,management,management,shall,False,active,plain,obligation,obligation,True,1.0,evaluation,True,
columbus_city_schools__columbus_education_association_2022_2025__071387d0,Columbus_Education_Association_2022-2025.pdf,Columbus City Schools,57,a credentialed evaluator shall hold at least one conference with the teacher.,a credentialed evaluator,management,management,shall,False,active,plain,obligation,obligation,True,1.0,evaluation,True,
columbus_city_schools__columbus_education_association_2022_2025__071387d0,Columbus_Education_Association_2022-2025.pdf,Columbus City Schools,57,Teachers are not required to be evaluated if they have provided a written resignation for retirement purposes by December 1 that has been accepted by the Board.,Teachers,management,worker,,True,passive,obligation_verb,right,right,True,0.85,evaluation,True,
columbus_city_schools__columbus_education_association_2022_2025__071387d0,Columbus_Education_Association_2022-2025.pdf,Columbus City Schools,57,Teachers are not required to be evaluated if they are absent half or more of their contracted work days for a particular school year.,Teachers,management,worker,,True,passive,obligation_verb,right,right,True,0.85,evaluation,True,
columbus_city_schools__columbus_education_association_2022_2025__071387d0,Columbus_Education_Association_2022-2025.pdf,Columbus City Schools,57,Teachers with an evaluation rating of accomplished for the previous year will develop a self-directed professional growth plan that focuses on specific areas identified in the observations and evaluation.,Teachers with an evaluation rating of accomplished for the previous year,worker,management,will,False,active,plain,obligation,obligation,True,0.9,evaluation,True,
columbus_city_schools__columbus_education_association_2022_2025__071387d0,Columbus_Education_Association_2022-2025.pdf,Columbus City Schools,57,Teachers with an evaluation rating of skilled will develop a professional growth plan jointly with the evaluator that focuses on specific areas identified in the observations and evaluation.,Teachers with an evaluation rating of skilled,worker,management,will,False,active,plain,obligation,obligation,True,0.9,evaluation,True,
columbus_city_schools__columbus_education_association_2022_2025__071387d0,Columbus_Education_Association_2022-2025.pdf,Columbus City Schools,57,Teachers with an evaluation rating of developing will develop a professional growth plan jointly with the evaluator.,Teachers with an evaluation rating of developing,worker,management,will,False,active,plain,obligation,obligation,True,0.9,evaluation,True,
columbus_city_schools__columbus_education_association_2022_2025__071387d0,Columbus_Education_Association_2022-2025.pdf,Columbus City Schools,57,An improvement plan will be developed by the administrator/evaluator for teachers with an evaluation rating of ineffective.,An improvement plan,management,worker,will,False,passive,plain,obligation,obligation,True,0.9,evaluation,True,
columbus_city_schools__columbus_education_association_2022_2025__071387d0,Columbus_Education_Association_2022-2025.pdf,Columbus City Schools,57,New teachers to Columbus City Schools and in the PAR program will develop an improvement plan with their PAR consulting teacher.,New teachers to Columbus City Schools and in the PAR program,worker,management,will,False,active,plain,obligation,obligation,True,0.9,evaluation,True,
columbus_city_schools__columbus_education_association_2022_2025__071387d0,Columbus_Education_Association_2022-2025.pdf,Columbus City Schools,57,Teachers who are not in PAR and who have no student growth measure rating for the previous year will develop a professional growth plan.,Teachers who are not in PAR and who have no student growth measure rating for the previous year,worker,management,will,False,active,plain,obligation,obligation,True,0.9,evaluation,True,
columbus_city_schools__columbus_education_association_2022_2025__071387d0,Columbus_Education_Association_2022-2025.pdf,Columbus City Schools,57,An evaluator must be a credentialed employee of the District,An evaluator,management,worker,must,False,active,obligation_verb,obligation,obligation,True,1.0,evaluation,True,
columbus_city_schools__columbus_education_association_2022_2025__071387d0,Columbus_Education_Association_2022-2025.pdf,Columbus City Schools,57,the evaluator will be a PAR consultant if the teacher is in the PAR program.,the evaluator,management,worker,will,False,active,plain,obligation,obligation,True,0.9,evaluation,True,
columbus_city_schools__columbus_education_association_2022_2025__071387d0,Columbus_Education_Association_2022-2025.pdf,Columbus City Schools,57,The JEP Panel annually shall approve a pool of credentialed evaluators.,The JEP Panel annually,other,worker,shall,False,active,plain,obligation,obligation,True,1.0,evaluation,True,
columbus_city_schools__columbus_education_association_2022_2025__071387d0,Columbus_Education_Association_2022-2025.pdf,Columbus City Schools,58,An evaluator must be a credentialed employee of the District;,An evaluator,management,worker,must,False,active,obligation_verb,obligation,obligation,True,1.0,evaluation,True,
columbus_city_schools__columbus_education_association_2022_2025__071387d0,Columbus_Education_Association_2022-2025.pdf,Columbus City Schools,58,one supervisor shall be designated as the evaluating supervisor.,one supervisor,management,worker,shall,False,passive,plain,obligation,obligation,True,1.0,evaluation,True,
columbus_city_schools__columbus_education_association_2022_2025__071387d0,Columbus_Education_Association_2022-2025.pdf,Columbus City Schools,58,the administration or Joint Evaluation Panel will notify each teacher to be evaluated of the name and position of the teacher’s evaluator.,the administration or Joint Evaluation Panel,management,worker,will,False,active,plain,obligation,obligation,True,0.9,evaluation,True,
columbus_city_schools__columbus_education_association_2022_2025__071387d0,Columbus_Education_Association_2022-2025.pdf,Columbus City Schools,58,The teacher shall have the right to make a written response to the evaluation and to have it attached to the evaluation report to be placed in the teacher’s personnel file.,The teacher,worker,worker,shall,False,active,plain,obligation,right,False,1.0,evaluation,True,
columbus_city_schools__columbus_education_association_2022_2025__071387d0,Columbus_Education_Association_2022-2025.pdf,Columbus City Schools,58,the building administrator shall notify such teacher of the administrator’s intent in writing on a form mutually agreeable to the Board and the Association.,the building administrator,management,worker,shall,False,active,plain,obligation,obligation,True,1.0,discipline,True,
columbus_city_schools__columbus_education_association_2022_2025__071387d0,Columbus_Education_Association_2022-2025.pdf,Columbus City Schools,58,Such notification shall set forth the specific areas of alleged seriously unsatisfactory performance.,Such notification,other,worker,shall,False,active,plain,obligation,obligation,True,1.0,discipline,True,Inanimate subject
columbus_city_schools__columbus_education_association_2022_2025__071387d0,Columbus_Education_Association_2022-2025.pdf,Columbus City Schools,58,the administrator shall evaluate the teacher’s performance under this paragraph.,the administrator,management,worker,shall,False,active,plain,obligation,obligation,True,1.0,evaluation,True,
columbus_city_schools__columbus_education_association_2022_2025__071387d0,Columbus_Education_Association_2022-2025.pdf,Columbus City Schools,58,The administrator will observe the teacher at least twice.,The administrator,management,worker,will,False,active,plain,obligation,obligation,True,0.9,evaluation,True,
columbus_city_schools__columbus_education_association_2022_2025__071387d0,Columbus_Education_Association_2022-2025.pdf,Columbus City Schools,58,Each observation will be for at least thirty (30) minutes.,Each observation,other,worker,will,False,active,plain,obligation,obligation,True,0.9,evaluation,True,Inanimate subject
columbus_city_schools__columbus_education_association_2022_2025__071387d0,Columbus_Education_Association_2022-2025.pdf,Columbus City Schools,58,A conference shall be held between the administrator and the teacher to discuss the teacher’s performance prior to any final action by the administrator.,A conference,management,worker,shall,False,passive,plain,obligation,obligation,True,1.0,discipline,True,
columbus_city_schools__columbus_education_association_2022_2025__071387d0,Columbus_Education_Association_2022-2025.pdf,Columbus City Schools,58,The teacher may be accompanied or represented by an Association representative at such conference,The teacher,worker,worker,may,False,passive,permission_verb,permission,permission,True,0.3,discipline,True,
columbus_city_schools__columbus_education_association_2022_2025__071387d0,Columbus_Education_Association_2022-2025.pdf,Columbus City Schools,58,shall have three (3) days prior notification of the conference.,The teacher,worker,worker,shall,False,active,plain,obligation,obligation,True,1.0,discipline,True,
columbus_city_schools__columbus_education_association_2022_2025__071387d0,Columbus_Education_Association_2022-2025.pdf,Columbus City Schools,59,and shall have three (3) days prior notification of the conference.,The teacher,worker,worker,shall,False,active,plain,obligation,obligation,True,1.0,discipline,True,Subject elided from preceding clause
columbus_city_schools__columbus_education_association_2022_2025__071387d0,Columbus_Education_Association_2022-2025.pdf,Columbus City Schools,59,"In such conference, the principal may be accompanied by a Board representative",the principal,management,management,may,False,passive,plain,permission,permission,True,0.3,discipline,True,
columbus_city_schools__columbus_education_association_2022_2025__071387d0,Columbus_Education_Association_2022-2025.pdf,Columbus City Schools,59,Final administrative action in regard to the alleged seriously unsatisfactory performance shall not conflict with any provision of this Agreement.,Final administrative action in regard to the alleged seriously unsatisfactory performance,other,worker,shall,True,active,plain,prohibition,prohibition,True,1.0,discipline,True,
columbus_city_schools__columbus_education_association_2022_2025__071387d0,Columbus_Education_Association_2022-2025.pdf,Columbus City Schools,59,(1) the classroom observations provided in (A) above shall not be required if such observations would not substantively contribute to an evaluation of such unusual condition;,the classroom observations provided in (A) above,management,management,shall,True,passive,plain,prohibition,prohibition,True,1.0,evaluation,True,
columbus_city_schools__columbus_education_association_2022_2025__071387d0,Columbus_Education_Association_2022-2025.pdf,Columbus City Schools,59,(2) the Notice of Special Evaluation issued as a part of the special evaluation process shall be accompanied by a written statement identifying the unusual condition,the Notice of Special Evaluation issued as a part of the special evaluation process,other,worker,shall,False,passive,plain,obligation,obligation,True,1.0,evaluation,True,
columbus_city_schools__columbus_education_association_2022_2025__071387d0,Columbus_Education_Association_2022-2025.pdf,Columbus City Schools,59,No member of the bargaining unit shall have the member’s limited contract non-renewed without accomplishment of a special evaluation and without accomplishment of such regular evaluations as are required by this Agreement,No member of the bargaining unit,worker,worker,shall,True,active,plain,prohibition,prohibition,True,1.0,job_security,True,
columbus_city_schools__columbus_education_association_2022_2025__071387d0,Columbus_Education_Association_2022-2025.pdf,Columbus City Schools,59,"provided that nothing in this Agreement shall require accomplishments of such evaluations in order (1) to non-renew limited contracts or to suspend limited contracts and/or continuing contracts, in accordance with Article 704 entitled “Reductions in Personnel;” (2) to terminate a limited contract or continuing contract, in accordance with the Ohio Revised Code; (3) to non-renew a limited contract teacher providing service under a temporary certificate unless such teacher possesses a regular certificate in another teaching area and has previously provided service under such regular certificate in the Columbus City Schools; (4) to non-renew a limited contract teacher advised prior to employment that such non-renewal may occur due to the special nature of the specific assignment for which such teacher is being employed.",nothing in this Agreement,other,management,shall,True,active,plain,prohibition,prohibition,True,1.0,job_security,True,Long proviso listing statutory/contractual exceptions
columbus_city_schools__columbus_education_association_2022_2025__071387d0,Columbus_Education_Association_2022-2025.pdf,Columbus City Schools,59,The evaluation and any related actions involving teachers during the period of assignment to the Peer Assistance and Review Program (PAR Program) shall be in accordance with the procedures established by the PAR Program Panel,The evaluation and any related actions involving teachers during the period of assignment to the Peer Assistance and Review Program (PAR Program),other,worker,shall,False,active,plain,obligation,obligation,True,1.0,evaluation,True,
columbus_city_schools__columbus_education_association_2022_2025__071387d0,Columbus_Education_Association_2022-2025.pdf,Columbus City Schools,60,"The evaluation and any related actions involving teachers during the period of assignment to the Peer Assistance and Review Program (PAR Program) shall be in accordance with the procedures established by the PAR Program Panel, which shall be consistent with O.R.C. 3319.111 and 3319.112 to the extent such laws apply.",The evaluation and any related actions involving teachers during the period of assignment to the Peer Assistance and Review Program (PAR Program),other,worker,shall,False,active,plain,obligation,obligation,True,1.0,evaluation,True,
columbus_city_schools__columbus_education_association_2022_2025__071387d0,Columbus_Education_Association_2022-2025.pdf,Columbus City Schools,60,Such related actions shall include action by the Board based on recommendations by the PAR Program Panel regarding intern teachers and action by the Board based on reports by the PAR Program Panel regarding teachers who have been previously assigned to the PAR Program for intervention.,Such related actions,other,management,shall,False,active,plain,obligation,obligation,True,1.0,evaluation,True,
columbus_city_schools__columbus_education_association_2022_2025__071387d0,Columbus_Education_Association_2022-2025.pdf,Columbus City Schools,60,Such administrative action shall only be initiated where the basis for such action is primarily related to concerns other than classroom teaching performance.,Such administrative action,management,worker,shall,False,passive,plain,obligation,prohibition,False,1.0,evaluation,True,Implicit management agent for 'initiated'.
columbus_city_schools__columbus_education_association_2022_2025__071387d0,Columbus_Education_Association_2022-2025.pdf,Columbus City Schools,60,Any teacher may request to be assigned to the PAR Program by submitting a written request to the Association President.,Any teacher,worker,worker,may,False,active,permission_verb,permission,permission,True,0.3,professional_development,True,
columbus_city_schools__columbus_education_association_2022_2025__071387d0,Columbus_Education_Association_2022-2025.pdf,Columbus City Schools,60,"If the teacher requesting assignment to the PAR Program has been given a Notice of Special Evaluation and has more than five (5) years of continuous Columbus teaching experience, such teacher shall be accepted into the intervention phase of the PAR Program.",such teacher,management,worker,shall,False,passive,rights_passive,right,obligation,False,1.0,professional_development,True,Conditional entitlement upon meeting experience/notice criteria.
columbus_city_schools__columbus_education_association_2022_2025__071387d0,Columbus_Education_Association_2022-2025.pdf,Columbus City Schools,60,The final determination of whether to admit a teacher with five (5) or less years of continuous Columbus teaching experience to the PAR Program will be made by the PAR Panel.,The final determination of whether to admit a teacher with five (5) or less years of continuous Columbus teaching experience to the PAR Program,other,worker,will,False,passive,plain,obligation,obligation,True,0.9,evaluation,True,
columbus_city_schools__columbus_education_association_2022_2025__071387d0,Columbus_Education_Association_2022-2025.pdf,Columbus City Schools,60,Only teachers who have a summative evaluation rating of Ineffective on their most recent evaluation form may be recommended for PAR Intervention by an administrative-initiated referral.,Only teachers who have a summative evaluation rating of Ineffective on their most recent evaluation form,management,worker,may,False,passive,permission_verb,permission,permission,True,0.3,evaluation,True,
columbus_city_schools__columbus_education_association_2022_2025__071387d0,Columbus_Education_Association_2022-2025.pdf,Columbus City Schools,60,"the Board, upon the recommendation of the Superintendent, may at the time of employment or at any time within such two-year period, declare any of the latter teachers eligible.",the Board,management,management,may,False,active,plain,permission,permission,True,0.3,job_security,True,
columbus_city_schools__columbus_education_association_2022_2025__071387d0,Columbus_Education_Association_2022-2025.pdf,Columbus City Schools,62,a continuing contract shall be entered into between the Board and such teacher unless the Board by a three-fourths (3/4) vote of its full membership rejects the recommendation of the Superintendent.,a continuing contract,other,worker,shall,False,passive,plain,obligation,obligation,True,1.0,job_security,True,
columbus_city_schools__columbus_education_association_2022_2025__071387d0,Columbus_Education_Association_2022-2025.pdf,Columbus City Schools,62,"The Superintendent may recommend reemployment of such teacher, if continuing service status has not previously been attained elsewhere, under an extended limited contract for not to exceed two years",The Superintendent,management,management,may,False,active,permission_verb,permission,permission,True,0.3,job_security,True,subject to condition regarding prior continuing service status
columbus_city_schools__columbus_education_association_2022_2025__071387d0,Columbus_Education_Association_2022-2025.pdf,Columbus City Schools,62,upon subsequent reemployment only a continuing contract may be entered into.,a continuing contract,other,worker,may,False,passive,permission_verb,permission,prohibition,False,0.3,job_security,True,
columbus_city_schools__columbus_education_association_2022_2025__071387d0,Columbus_Education_Association_2022-2025.pdf,Columbus City Schools,62,such teacher is deemed reemployed under a continuing contract at the same salary plus any increment provided by the salary schedule.,such teacher,management,worker,,False,passive,plain,other,other,True,0.0,job_security,True,default reemployment rule triggered by Board's failure to provide timely notice
columbus_city_schools__columbus_education_association_2022_2025__071387d0,Columbus_Education_Association_2022-2025.pdf,Columbus City Schools,62,Such teacher is presumed to have accepted employment under such continuing contract unless the teacher notifies the Board in writing to the contrary on or before June 15,Such teacher,management,management,,False,passive,plain,other,other,True,0.0,job_security,True,rebuttable presumption of acceptance absent written objection by June 15
columbus_city_schools__columbus_education_association_2022_2025__071387d0,Columbus_Education_Association_2022-2025.pdf,Columbus City Schools,62,a continuing contract shall be executed accordingly.,a continuing contract,other,worker,shall,False,passive,plain,obligation,obligation,True,1.0,job_security,True,
columbus_city_schools__columbus_education_association_2022_2025__071387d0,Columbus_Education_Association_2022-2025.pdf,Columbus City Schools,63,"A teacher eligible for continuing contract status employed under an additional extended limited contract for not to exceed two years pursuant to written notice from the Superintendent of the Superintendent’s intention to make such recommendation is, at the expiration of such extended limited contract, deemed reemployed under a continuing contract at the same salary plus any increment granted by the salary schedule, unless the Board, acting on the Superintendent’s recommendation as to whether or not the teacher should be reemployed, gives such teacher written notice of its intention not to reemploy the teacher on or before June 1.",A teacher eligible for continuing contract status employed under an additional extended limited contract for not to exceed two years pursuant to written notice from the Superintendent of the Superintendent’s intention to make such recommendation,management,worker,should,False,passive,plain,obligation,other,False,0.7,job_security,True,
columbus_city_schools__columbus_education_association_2022_2025__071387d0,Columbus_Education_Association_2022-2025.pdf,Columbus City Schools,63,A limited contract may be entered into by the Board with each teacher who has not been in the employ of the Board for at least three years,A limited contract,worker,management,may,False,passive,plain,permission,permission,True,0.3,job_security,True,
columbus_city_schools__columbus_education_association_2022_2025__071387d0,Columbus_Education_Association_2022-2025.pdf,Columbus City Schools,63,"shall be entered into, regardless of length of previous employment, with each teacher employed by the Board who holds a provisional or temporary certificate/license.",A limited contract,management,management,shall,False,passive,plain,obligation,obligation,True,1.0,job_security,True,implied subject from preceding clause
columbus_city_schools__columbus_education_association_2022_2025__071387d0,Columbus_Education_Association_2022-2025.pdf,Columbus City Schools,63,"Any teacher employed under a limited contract, and not eligible to be considered for a continuing contract is, at the expiration of such limited contract, deemed reemployed under the provisions of this section at the same salary plus any increment provided by the salary schedule, unless the Board, acting on the Superinten-dent’s recommendation as to whether or not the teacher should be reemployed, gives such teacher written notice of its intention not to reemploy the teacher on or before June 1.","Any teacher employed under a limited contract, and not eligible to be considered for a continuing contract",management,worker,should,False,passive,plain,obligation,other,False,0.7,job_security,True,
columbus_city_schools__columbus_education_association_2022_2025__071387d0,Columbus_Education_Association_2022-2025.pdf,Columbus City Schools,63,Such teacher is presumed to have accepted such employment unless the teacher notifies the Board in writing to the contrary on or before June 15,Such teacher,management,management,,False,passive,plain,other,other,True,0.0,job_security,True,
columbus_city_schools__columbus_education_association_2022_2025__071387d0,Columbus_Education_Association_2022-2025.pdf,Columbus City Schools,63,a written contract for the succeeding school year shall be executed accordingly.,a written contract for the succeeding school year,management,worker,shall,False,passive,plain,obligation,obligation,True,1.0,job_security,True,
columbus_city_schools__columbus_education_association_2022_2025__071387d0,Columbus_Education_Association_2022-2025.pdf,Columbus City Schools,63,The failure of the parties to execute a written contract shall not void the automatic reemployment of such teacher.,The failure of the parties to execute a written contract,other,worker,shall,True,active,plain,prohibition,prohibition,True,1.0,job_security,True,
columbus_city_schools__columbus_education_association_2022_2025__071387d0,Columbus_Education_Association_2022-2025.pdf,Columbus City Schools,63,"The failure of the Superintendent to make a recommendation to the Board under any of the conditions set forth in this section, or the failure of the Board to give such teacher a written notice pursuant to this section shall not prejudice or prevent a teacher from being deemed reemployed under either a limited or continuing contract as the case may be under the provisions of this section.","The failure of the Superintendent to make a recommendation to the Board under any of the conditions set forth in this section, or the failure of the Board to give such teacher a written notice pursuant to this section",other,worker,shall,True,active,plain,prohibition,prohibition,True,1.0,job_security,True,
columbus_city_schools__columbus_education_association_2022_2025__071387d0,Columbus_Education_Association_2022-2025.pdf,Columbus City Schools,64,"Notwithstanding Sections 3319.11(B)(3), 3319.11(C), 3319.11(D), 3319.11 (E), 3319.11(G), and 3319.111 of the Ohio Revised Code as enacted by Am. Sub. H.B. No. 330, or any subsequent amendment thereto, the limited or extended limited contract of a teacher may be non-renewed by the Board without evaluations, hearing, or written Board decision or order thereafter if the written statement describing the circumstances that led to the intention of the Board not to reemploy the teacher provided to the teacher pursuant to Ohio Revised Code Section 3316.11(G) (2) or otherwise recites as a basis for non-renewal (1) a reason for a reduction in personnel or the non-renewal of a limited contract set forth in Article 704 of this Agreement, (2) that the teacher’s current contract entails service being provided under a temporary certificate without the teachers possessing a regular certificate in another teaching area under which the teacher has previously provided service in the Columbus City Schools or (3) that the teacher has been advised prior to employment that such non-renewal may occur due to the special nature of the special nature of the specific assignment for which such teacher was employed.",the limited or extended limited contract of a teacher,management,management,may,False,passive,plain,permission,permission,True,0.3,job_security,True,
columbus_city_schools__columbus_education_association_2022_2025__071387d0,Columbus_Education_Association_2022-2025.pdf,Columbus City Schools,64,"Except as provided above in Section 401.01(D), a teacher may file a grievance under Article 110 of this Master Agreement for an alleged violation of this Article 401.",a teacher,worker,worker,may,False,active,permission_verb,permission,permission,True,0.3,discipline,True,
columbus_city_schools__columbus_education_association_2022_2025__071387d0,Columbus_Education_Association_2022-2025.pdf,Columbus City Schools,64,This article supersedes and replaces Subsections 3319.11(G)(3–7) of the Ohio Revised Code.,This article,other,management,,False,active,plain,other,other,True,0.0,other,True,Inanimate subject
columbus_city_schools__columbus_education_association_2022_2025__071387d0,Columbus_Education_Association_2022-2025.pdf,Columbus City Schools,64,All bargaining unit members shall be offered an appropriately worded individual teaching contract.,All bargaining unit members,management,worker,shall,False,passive,rights_passive,right,obligation,False,1.0,other,True,
columbus_city_schools__columbus_education_association_2022_2025__071387d0,Columbus_Education_Association_2022-2025.pdf,Columbus City Schools,64,"Teachers who have supplemental contracts to perform extra duty assignments provided in Article 906, shall be notified by April 30 if such contract is not to be renewed for the following school year.","Teachers who have supplemental contracts to perform extra duty assignments provided in Article 906,",management,worker,shall,False,passive,rights_passive,right,obligation,False,1.0,compensation,True,
columbus_city_schools__columbus_education_association_2022_2025__071387d0,Columbus_Education_Association_2022-2025.pdf,Columbus City Schools,64,All other supplemental contracts shall automatically be non-renewed following the performance of the service authorized by the Board,All other supplemental contracts,management,management,shall,False,passive,plain,obligation,obligation,True,1.0,compensation,True,
columbus_city_schools__columbus_education_association_2022_2025__071387d0,Columbus_Education_Association_2022-2025.pdf,Columbus City Schools,64,no action or notification by the Board shall be required in connection with such non-renewal.,no action or notification by the Board,management,management,shall,True,passive,obligation_verb,right,prohibition,False,1.0,compensation,True,
columbus_city_schools__columbus_education_association_2022_2025__071387d0,Columbus_Education_Association_2022-2025.pdf,Columbus City Schools,64,The regular distribution of supplemental contracts shall be on or before June 15 of each year.,The regular distribution of supplemental contracts,other,worker,shall,False,active,plain,obligation,obligation,True,1.0,compensation,True,Inanimate subject
columbus_city_schools__columbus_education_association_2022_2025__071387d0,Columbus_Education_Association_2022-2025.pdf,Columbus City Schools,64,Supplemental contracts shall contain language which clearly establishes the right of the Board to declare such contracts null and void in the event the school where the service was to be provided is closed.,Supplemental contracts,other,management,shall,False,active,plain,obligation,obligation,True,1.0,compensation,True,Inanimate subject
columbus_city_schools__columbus_education_association_2022_2025__071387d0,Columbus_Education_Association_2022-2025.pdf,Columbus City Schools,66,"When a complaint is made by the parent of a student or any other member of the public concerning a teacher’s conduct, service, character or personality, which is deemed serious enough to become a matter of formal record, the teacher shall be informed of the complaint by the principal",the teacher,worker,worker,shall,False,passive,rights_passive,right,obligation,False,1.0,discipline,True,
columbus_city_schools__columbus_education_association_2022_2025__071387d0,Columbus_Education_Association_2022-2025.pdf,Columbus City Schools,66,and the teacher and principal shall attempt to resolve the complaint of the complaining party.,the teacher and principal,other,worker,shall,False,active,plain,obligation,obligation,True,1.0,discipline,True,
columbus_city_schools__columbus_education_association_2022_2025__071387d0,Columbus_Education_Association_2022-2025.pdf,Columbus City Schools,66,"When a principal or other administrator finds it necessary to make a notation in a teacher’s file which reflects adversely upon the teacher’s conduct, service, character or personality, the teacher shall be offered an opportunity to read such notation.",the teacher,management,worker,shall,False,passive,rights_passive,right,obligation,False,1.0,discipline,True,
columbus_city_schools__columbus_education_association_2022_2025__071387d0,Columbus_Education_Association_2022-2025.pdf,Columbus City Schools,66,"The teacher shall acknowledge having read such notation by signature on the actual document filed, with the understanding that such signature does not indicate agreement with its contents.",The teacher,worker,worker,shall,False,active,plain,obligation,obligation,True,1.0,discipline,True,
columbus_city_schools__columbus_education_association_2022_2025__071387d0,Columbus_Education_Association_2022-2025.pdf,Columbus City Schools,66,The teacher shall also have the right to answer such notation,The teacher,worker,worker,shall,False,active,rights_active,right,right,True,1.0,teacher_rights_and_conduct,True,
columbus_city_schools__columbus_education_association_2022_2025__071387d0,Columbus_Education_Association_2022-2025.pdf,Columbus City Schools,66,and said answer shall be attached to the file copy.,said answer,other,worker,shall,False,passive,plain,obligation,obligation,True,1.0,teacher_rights_and_conduct,True,
columbus_city_schools__columbus_education_association_2022_2025__071387d0,Columbus_Education_Association_2022-2025.pdf,Columbus City Schools,66,Each teacher or designee shall be guaranteed the right to examine and review the teacher’s personnel file.,Each teacher or designee,management,worker,shall,False,passive,rights_passive,right,right,True,1.0,teacher_rights_and_conduct,True,
columbus_city_schools__columbus_education_association_2022_2025__071387d0,Columbus_Education_Association_2022-2025.pdf,Columbus City Schools,66,Prior arrangements for such examination shall be made with the administrator of Human Resources or designee.,Prior arrangements for such examination,other,worker,shall,False,passive,plain,obligation,obligation,True,1.0,teacher_rights_and_conduct,True,
columbus_city_schools__columbus_education_association_2022_2025__071387d0,Columbus_Education_Association_2022-2025.pdf,Columbus City Schools,66,"Upon written request from a teacher, the administrator of Human Resources shall give consideration to removing a notation which reflects adversely upon the teacher from the teacher’s file provided the notation has been in said file for a minimum of two (2) years.",the administrator of Human Resources,management,worker,shall,False,active,plain,obligation,obligation,True,1.0,teacher_rights_and_conduct,True,
columbus_city_schools__columbus_education_association_2022_2025__071387d0,Columbus_Education_Association_2022-2025.pdf,Columbus City Schools,66,"If sustained demonstrated improvement in the area noted has occurred, such removal shall generally be granted.",such removal,other,worker,shall,False,passive,plain,obligation,obligation,True,1.0,teacher_rights_and_conduct,True,
columbus_city_schools__columbus_education_association_2022_2025__071387d0,Columbus_Education_Association_2022-2025.pdf,Columbus City Schools,66,"In the event the request for removal is denied, the written reasons for denial shall be provided to the teacher,",the written reasons for denial,other,worker,shall,False,passive,plain,obligation,obligation,True,1.0,teacher_rights_and_conduct,True,
columbus_city_schools__columbus_education_association_2022_2025__071387d0,Columbus_Education_Association_2022-2025.pdf,Columbus City Schools,66,and the basis for the denial shall not be arbitrary or capricious.,the basis for the denial,other,worker,shall,True,active,plain,prohibition,prohibition,True,1.0,teacher_rights_and_conduct,True,
columbus_city_schools__columbus_education_association_2022_2025__071387d0,Columbus_Education_Association_2022-2025.pdf,Columbus City Schools,66,The parties understand that it is unlikely that notations that result from very serious circumstances will be removed.,The parties,other,management,will,False,active,plain,obligation,other,False,0.9,teacher_rights_and_conduct,True,
columbus_city_schools__columbus_education_association_2022_2025__071387d0,Columbus_Education_Association_2022-2025.pdf,Columbus City Schools,66,Nothing in this section pertains to ratings or comments on evaluations.,Nothing in this section,other,management,,True,active,plain,prohibition,other,False,0.0,evaluation,True,
columbus_city_schools__columbus_education_association_2022_2025__071387d0,Columbus_Education_Association_2022-2025.pdf,Columbus City Schools,66,"A teacher shall be entitled, upon request, to have present an Association faculty representative or other representative of the Association when the teacher is being given a formal reprimand or warning, is being disciplined for any alleged infraction of rules, delinquency, or unprofessional performance, or is being given a recommendation that such teacher resign or take a leave of absence without pay.",A teacher,management,worker,shall,False,passive,rights_passive,right,right,True,1.0,discipline,True,
columbus_city_schools__columbus_education_association_2022_2025__071387d0,Columbus_Education_Association_2022-2025.pdf,Columbus City Schools,66,The request for the presence of a representative of the Association shall not delay such proceedings for more than five (5) school days.,The request for the presence of a representative of the Association,other,management,shall,True,active,plain,prohibition,prohibition,True,1.0,discipline,True,
columbus_city_schools__columbus_education_association_2022_2025__071387d0,Columbus_Education_Association_2022-2025.pdf,Columbus City Schools,66,"A teacher also shall be entitled, upon request, to have present an Association faculty representative or other representative",A teacher,management,worker,shall,False,passive,rights_passive,right,right,True,1.0,discipline,True,
columbus_city_schools__columbus_education_association_2022_2025__071387d0,Columbus_Education_Association_2022-2025.pdf,Columbus City Schools,67,"A teacher also shall be entitled, upon request, to have present an Association faculty representative or other representative of the Association when Board personnel in authority seek information which that teacher reasonably could believe may lead to discipline.",A teacher,worker,worker,shall,False,active,rights_passive,right,right,True,1.0,discipline,True,
columbus_city_schools__columbus_education_association_2022_2025__071387d0,Columbus_Education_Association_2022-2025.pdf,Columbus City Schools,67,"The request for the presence of a representative of the Association shall not delay such inquiry by the building administrator(s) for more than one (1) school day, or by central office or external district authority for more than two (2) school days.",The request for the presence of a representative of the Association,other,management,shall,True,active,plain,prohibition,prohibition,True,1.0,discipline,True,
columbus_city_schools__columbus_education_association_2022_2025__071387d0,Columbus_Education_Association_2022-2025.pdf,Columbus City Schools,67,Bargaining unit members shall only be disciplined for just cause and only in compliance with the discipline procedures contained herein.,Bargaining unit members,management,worker,shall,False,passive,plain,obligation,obligation,True,1.0,discipline,True,
columbus_city_schools__columbus_education_association_2022_2025__071387d0,Columbus_Education_Association_2022-2025.pdf,Columbus City Schools,67,Any such action shall be subject to the grievance procedure set forth in this Agreement.,Any such action,other,worker,shall,False,active,plain,obligation,obligation,True,1.0,discipline,True,
columbus_city_schools__columbus_education_association_2022_2025__071387d0,Columbus_Education_Association_2022-2025.pdf,Columbus City Schools,67,"Verbal direction and summaries of conference, and other similar communications with a bargaining unit member do not constitute formal discipline.","Verbal direction and summaries of conference, and other similar communications with a bargaining unit member",other,worker,,True,active,plain,prohibition,other,False,0.0,discipline,True,
columbus_city_schools__columbus_education_association_2022_2025__071387d0,Columbus_Education_Association_2022-2025.pdf,Columbus City Schools,67,Such communication shall not be subject to the grievance process,Such communication,other,management,shall,True,active,plain,prohibition,prohibition,True,1.0,discipline,True,
columbus_city_schools__columbus_education_association_2022_2025__071387d0,Columbus_Education_Association_2022-2025.pdf,Columbus City Schools,67,and shall not be placed in the member’s personnel file.,Such communication,management,worker,shall,True,passive,plain,prohibition,prohibition,True,1.0,discipline,True,
columbus_city_schools__columbus_education_association_2022_2025__071387d0,Columbus_Education_Association_2022-2025.pdf,Columbus City Schools,67,"Discipline will typically be administered progressively, with due regard for the severity of the violation.",Discipline,management,worker,will,False,passive,plain,obligation,obligation,True,0.9,discipline,True,
columbus_city_schools__columbus_education_association_2022_2025__071387d0,Columbus_Education_Association_2022-2025.pdf,Columbus City Schools,67,"Progressive discipline shall take into account the nature of the violation, as well as the bargaining unit member’s record of discipline.",Progressive discipline,other,worker,shall,False,active,plain,obligation,obligation,True,1.0,discipline,True,
columbus_city_schools__columbus_education_association_2022_2025__071387d0,Columbus_Education_Association_2022-2025.pdf,Columbus City Schools,67,"The Board or Administration may apply a higher level of discipline (including termination) if appropriate, considering the alleged misconduct subject to the just cause provision of paragraph (A) above.",The Board or Administration,management,management,may,False,active,plain,permission,permission,True,0.3,discipline,True,
columbus_city_schools__columbus_education_association_2022_2025__071387d0,Columbus_Education_Association_2022-2025.pdf,Columbus City Schools,67,"A bargaining unit member may prepare a written rebuttal to any formal disciplinary action, which will be attached and placed in the bargaining unit member’s personnel file.",A bargaining unit member,worker,worker,may,False,active,plain,permission,permission,True,0.3,discipline,True,
columbus_city_schools__columbus_education_association_2022_2025__071387d0,Columbus_Education_Association_2022-2025.pdf,Columbus City Schools,67,"Appeal of formal disciplinary action, up to and including suspension, shall be made exclusively through the grievance procedure","Appeal of formal disciplinary action, up to and including suspension",management,worker,shall,False,passive,plain,obligation,obligation,True,1.0,discipline,True,
columbus_city_schools__columbus_education_association_2022_2025__071387d0,Columbus_Education_Association_2022-2025.pdf,Columbus City Schools,67,and shall be initiated at Step Two of the procedure.,"Appeal of formal disciplinary action, up to and including suspension",management,worker,shall,False,passive,plain,obligation,obligation,True,1.0,discipline,True,
columbus_city_schools__columbus_education_association_2022_2025__071387d0,Columbus_Education_Association_2022-2025.pdf,Columbus City Schools,67,Termination shall be according to Section 3319.16 and related provisions of the Ohio Revised Code and applicable provisions of this Agreement.,Termination,other,worker,shall,False,active,plain,obligation,obligation,True,1.0,job_security,True,
columbus_city_schools__columbus_education_association_2022_2025__071387d0,Columbus_Education_Association_2022-2025.pdf,Columbus City Schools,67,the President of the Association or designee shall be notified prior to any interview of a bargaining unit member that the District reasonably believes could lead to discipline of the ,the President of the Association or designee,management,worker,shall,False,passive,rights_passive,right,obligation,False,1.0,discipline,True,Truncated at end
columbus_city_schools__columbus_education_association_2022_2025__071387d0,Columbus_Education_Association_2022-2025.pdf,Columbus City Schools,68,the President of the Association or designee shall be notified prior to any interview of a bargaining unit member that the District reasonably believes could lead to discipline of the bargaining unit member.,the President of the Association or designee,management,worker,shall,False,passive,rights_passive,right,obligation,False,1.0,discipline,True,
columbus_city_schools__columbus_education_association_2022_2025__071387d0,Columbus_Education_Association_2022-2025.pdf,Columbus City Schools,68,"The misconduct form, allegations of abuse/neglect form, or other documents triggering an investigation shall be provided electronically to the President of the Association or designee when scheduling an interview of a bargaining unit member who is the subject of the investigation.","The misconduct form, allegations of abuse/neglect form, or other documents triggering an investigation",management,worker,shall,False,passive,rights_passive,right,obligation,False,1.0,discipline,True,
columbus_city_schools__columbus_education_association_2022_2025__071387d0,Columbus_Education_Association_2022-2025.pdf,Columbus City Schools,68,All documents and other evidence to be utilized by the Board or its agents during a pre-disciplinary hearing shall be provided electronically to the President of the Association or designee when notice of the pre-disciplinary hearing is sent to the bargaining unit member.,All documents and other evidence to be utilized by the Board or its agents during a pre-disciplinary hearing,management,worker,shall,False,passive,rights_passive,right,obligation,False,1.0,discipline,True,
columbus_city_schools__columbus_education_association_2022_2025__071387d0,Columbus_Education_Association_2022-2025.pdf,Columbus City Schools,68,The President of the Association or designee shall be notified immediately of any removal of a bargaining unit member from the classroom/workspace.,The President of the Association or designee,management,worker,shall,False,passive,rights_passive,right,obligation,False,1.0,discipline,True,
columbus_city_schools__columbus_education_association_2022_2025__071387d0,Columbus_Education_Association_2022-2025.pdf,Columbus City Schools,68,"Following removal, the bargaining unit member shall be reassigned to an alternative work location or placed on administrative leave.",the bargaining unit member,management,worker,shall,False,passive,rights_passive,right,obligation,False,1.0,discipline,True,
columbus_city_schools__columbus_education_association_2022_2025__071387d0,Columbus_Education_Association_2022-2025.pdf,Columbus City Schools,68,Removal from regular assignment shall continue until the bargaining unit member is otherwise directed by the Superintendent or designee.,Removal from regular assignment,other,worker,shall,False,active,plain,obligation,obligation,True,1.0,discipline,True,
columbus_city_schools__columbus_education_association_2022_2025__071387d0,Columbus_Education_Association_2022-2025.pdf,Columbus City Schools,68,"Except in the case of alleged violations as described in Section 404.02(I), or other extenuating circumstances the administrative investigation process shall not be initiated more than forty-five (45) school days after the district becomes aware of the alleged violation.",the administrative investigation process,management,worker,shall,True,passive,plain,prohibition,prohibition,True,1.0,discipline,True,
columbus_city_schools__columbus_education_association_2022_2025__071387d0,Columbus_Education_Association_2022-2025.pdf,Columbus City Schools,68,The termination of the contract of a teacher shall not be subject to the grievance procedure set forth in this Agreement.,The termination of the contract of a teacher,other,management,shall,True,active,plain,prohibition,prohibition,True,1.0,discipline,True,
columbus_city_schools__columbus_education_association_2022_2025__071387d0,Columbus_Education_Association_2022-2025.pdf,Columbus City Schools,68,Teachers whose contracts are terminated shall have recourse to their rights under Section 3319.16 of the Ohio Revised Code or any successor section.,Teachers whose contracts are terminated,worker,worker,shall,False,active,rights_active,right,right,True,1.0,discipline,True,
columbus_city_schools__columbus_education_association_2022_2025__071387d0,Columbus_Education_Association_2022-2025.pdf,Columbus City Schools,68,The reasons for a decision leading to a recommendation not to reemploy a non-tenured teacher shall be made available in writing to the affected teacher at the teacher’s option.,The reasons for a decision leading to a recommendation not to reemploy a non-tenured teacher,management,worker,shall,False,passive,rights_passive,right,obligation,False,1.0,discipline,True,
columbus_city_schools__columbus_education_association_2022_2025__071387d0,Columbus_Education_Association_2022-2025.pdf,Columbus City Schools,68,Any failure to observe the provisions of Section 404.04 of this article in regard to the giving of written statements relative to reemployment shall be subject to the grievance procedure set forth in this Agreement.,Any failure to observe the provisions of Section 404.04 of this article in regard to the giving of written statements relative to reemployment,other,worker,shall,False,active,plain,obligation,obligation,True,1.0,discipline,True,
columbus_city_schools__columbus_education_association_2022_2025__071387d0,Columbus_Education_Association_2022-2025.pdf,Columbus City Schools,69,"In the event a teacher believes that such criticism has occurred, the teacher may request a conference with the administrator to discuss the incident.",the teacher,worker,worker,may,False,active,plain,permission,permission,True,0.3,teacher_rights_and_conduct,True,
columbus_city_schools__columbus_education_association_2022_2025__071387d0,Columbus_Education_Association_2022-2025.pdf,Columbus City Schools,69,"Following such a conference, in the event the teacher believes that such criticism has again occurred, the teacher may request a conference with the administrator and a representative of the Superintendent.",the teacher,worker,worker,may,False,active,plain,permission,permission,True,0.3,teacher_rights_and_conduct,True,
columbus_city_schools__columbus_education_association_2022_2025__071387d0,Columbus_Education_Association_2022-2025.pdf,Columbus City Schools,69,"In either conference, the teacher may be accompanied and represented by a representative of the Association",the teacher,worker,worker,may,False,passive,plain,permission,permission,True,0.3,teacher_rights_and_conduct,True,
columbus_city_schools__columbus_education_association_2022_2025__071387d0,Columbus_Education_Association_2022-2025.pdf,Columbus City Schools,69,and the administrator may be accompanied by a Board representative if the teacher elects representation.,the administrator,worker,management,may,False,passive,plain,permission,permission,True,0.3,teacher_rights_and_conduct,True,
columbus_city_schools__columbus_education_association_2022_2025__071387d0,Columbus_Education_Association_2022-2025.pdf,Columbus City Schools,69,Members of the bargaining unit shall not be subjected to repeated and/or extreme verbal abuse by administrators or other agents of the Board.,Members of the bargaining unit,management,worker,shall,True,passive,plain,prohibition,prohibition,True,1.0,safety_and_working_conditions,True,
columbus_city_schools__columbus_education_association_2022_2025__071387d0,Columbus_Education_Association_2022-2025.pdf,Columbus City Schools,70,"The Association, through the Association Building Councils, shall have the right to make an evaluation of each school as to the professional environment, democratic procedures, teacher involvement and co-curricular programs in the school.",The Association,worker,worker,shall,False,active,rights_active,right,right,True,1.0,safety_and_working_conditions,True,
columbus_city_schools__columbus_education_association_2022_2025__071387d0,Columbus_Education_Association_2022-2025.pdf,Columbus City Schools,70,This evaluation will be set forth on a form developed by the parties and administered during the month of February.,This evaluation,other,worker,will,False,passive,plain,obligation,obligation,True,0.9,safety_and_working_conditions,True,
columbus_city_schools__columbus_education_association_2022_2025__071387d0,Columbus_Education_Association_2022-2025.pdf,Columbus City Schools,70,"The results of the survey will be submitted to the principal and school staff, the Superintendent and the Association office no later than April of each year.",The results of the survey,other,worker,will,False,passive,plain,obligation,obligation,True,0.9,safety_and_working_conditions,True,
columbus_city_schools__columbus_education_association_2022_2025__071387d0,Columbus_Education_Association_2022-2025.pdf,Columbus City Schools,70,Handwritten comments solicited as a part of this evaluation will be typewritten before such comments are returned to the building.,Handwritten comments,other,worker,will,False,passive,plain,obligation,obligation,True,0.9,safety_and_working_conditions,True,
columbus_city_schools__columbus_education_association_2022_2025__071387d0,Columbus_Education_Association_2022-2025.pdf,Columbus City Schools,70,Reasonable safeguards will be taken to assure anonymity of the evaluators.,Reasonable safeguards,other,worker,will,False,passive,plain,obligation,obligation,True,0.9,safety_and_working_conditions,True,
columbus_city_schools__columbus_education_association_2022_2025__071387d0,Columbus_Education_Association_2022-2025.pdf,Columbus City Schools,70,"During the 1997-1998 school year, a joint committee will review the current building survey and make recommendations, if any, to the parties.",a joint committee,other,worker,will,False,active,plain,obligation,obligation,True,0.9,safety_and_working_conditions,True,
columbus_city_schools__columbus_education_association_2022_2025__071387d0,Columbus_Education_Association_2022-2025.pdf,Columbus City Schools,70,The Board will provide an adequate Instructional Materials Center in each existing and new elementary school as a part of the building program resulting from such bond issue.,The Board,management,worker,will,False,active,plain,obligation,obligation,True,0.9,safety_and_working_conditions,True,
columbus_city_schools__columbus_education_association_2022_2025__071387d0,Columbus_Education_Association_2022-2025.pdf,Columbus City Schools,70,Standards for Instructional Materials Centers shall be established by the Joint Committee on Libraries and recommended to the Board of Education.,Standards for Instructional Materials Centers,management,worker,shall,False,passive,plain,obligation,obligation,True,1.0,safety_and_working_conditions,True,
columbus_city_schools__columbus_education_association_2022_2025__071387d0,Columbus_Education_Association_2022-2025.pdf,Columbus City Schools,70,"During the term of this Agreement, the Board shall continue the operation of the existing alternative schools, except that the Board may determine to close an alternative school if the enrollment in such a school is less than seventy-five (75) percent of rated capacity as a result of insufficient student applications for such school.",the Board,management,worker,shall,False,active,plain,obligation,obligation,True,1.0,job_security,True,Contains both obligation and exception/permission clause.
columbus_city_schools__columbus_education_association_2022_2025__071387d0,Columbus_Education_Association_2022-2025.pdf,Columbus City Schools,70,Notice of nominations of textbook selection committees shall be made system-wide.,Notice of nominations of textbook selection committees,other,worker,shall,False,passive,plain,obligation,obligation,True,1.0,other,True,
columbus_city_schools__columbus_education_association_2022_2025__071387d0,Columbus_Education_Association_2022-2025.pdf,Columbus City Schools,70,Nominees for textbook selection committees shall be elected by the teachers of the schools involved in the subject areas and grade levels affected.,Nominees for textbook selection committees,worker,worker,shall,False,passive,plain,obligation,obligation,True,1.0,other,True,
columbus_city_schools__columbus_education_association_2022_2025__071387d0,Columbus_Education_Association_2022-2025.pdf,Columbus City Schools,70,These elections shall be conducted at each school by the principal and the Association Building Council.,These elections,worker,worker,shall,False,passive,plain,obligation,obligation,True,1.0,other,True,
columbus_city_schools__columbus_education_association_2022_2025__071387d0,Columbus_Education_Association_2022-2025.pdf,Columbus City Schools,70,Nominees for textbook committees may also be submitted by the Administration at the election of the Administration.,Nominees for textbook committees,management,management,may,False,passive,plain,permission,permission,True,0.3,other,True,
columbus_city_schools__columbus_education_association_2022_2025__071387d0,Columbus_Education_Association_2022-2025.pdf,Columbus City Schools,71,Selection of the textbook committee members shall be made by a joint committee composed of an equal number of Board and Association members,Selection of the textbook committee members,management,worker,shall,False,passive,plain,obligation,obligation,True,1.0,other,True,
columbus_city_schools__columbus_education_association_2022_2025__071387d0,Columbus_Education_Association_2022-2025.pdf,Columbus City Schools,71,the Administration shall have the right to designate one (1) member of each textbook committee.,the Administration,management,management,shall,False,active,rights_active,right,right,True,1.0,other,True,
columbus_city_schools__columbus_education_association_2022_2025__071387d0,Columbus_Education_Association_2022-2025.pdf,Columbus City Schools,71,The present Test Selection Committee will be continued.,The present Test Selection Committee,other,worker,will,False,passive,plain,obligation,obligation,True,0.9,other,True,Inanimate/joint subject
columbus_city_schools__columbus_education_association_2022_2025__071387d0,Columbus_Education_Association_2022-2025.pdf,Columbus City Schools,71,the Association will have the right to appoint fifty (50) percent of the representatives to the committee.,the Association,worker,worker,will,False,active,rights_active,right,right,True,0.9,other,True,
columbus_city_schools__columbus_education_association_2022_2025__071387d0,Columbus_Education_Association_2022-2025.pdf,Columbus City Schools,71,"All committees included in this article, including textbook selection committees, shall adhere to the provisions of the article entitled “Committee Procedures.”","All committees included in this article, including textbook selection committees",other,management,shall,False,active,obligation_verb,obligation,obligation,True,1.0,other,True,
columbus_city_schools__columbus_education_association_2022_2025__071387d0,Columbus_Education_Association_2022-2025.pdf,Columbus City Schools,71,Committees formed or continued as a result of this Agreement shall function in a democratic fashion with chairpersons elected by the committee members.,Committees formed or continued as a result of this Agreement,other,worker,shall,False,active,obligation_verb,obligation,obligation,True,1.0,other,True,
columbus_city_schools__columbus_education_association_2022_2025__071387d0,Columbus_Education_Association_2022-2025.pdf,Columbus City Schools,71,There shall be no ex-officio members.,There,management,worker,shall,True,active,prohibition_verb,permission,prohibition,False,1.0,other,True,
columbus_city_schools__columbus_education_association_2022_2025__071387d0,Columbus_Education_Association_2022-2025.pdf,Columbus City Schools,71,"The times, places, agenda and all other procedural or substantive decisions or recommendations of these committees shall be made by vote of the members.","The times, places, agenda and all other procedural or substantive decisions or recommendations of these committees",worker,worker,shall,False,passive,plain,obligation,obligation,True,1.0,other,True,
columbus_city_schools__columbus_education_association_2022_2025__071387d0,Columbus_Education_Association_2022-2025.pdf,Columbus City Schools,71,Such committees may call upon the Association or the Board for consultants as needed,Such committees,other,worker,may,False,active,permission_verb,permission,permission,True,0.3,other,True,
columbus_city_schools__columbus_education_association_2022_2025__071387d0,Columbus_Education_Association_2022-2025.pdf,Columbus City Schools,71,the composition of the committees may not be changed without mutual consent of the Association and the Board.,the composition of the committees,other,worker,may,True,passive,prohibition_verb,permission,prohibition,False,0.3,other,True,
columbus_city_schools__columbus_education_association_2022_2025__071387d0,Columbus_Education_Association_2022-2025.pdf,Columbus City Schools,71,"Such committees shall adhere to the procedures set forth in Sections 506.01, 506.02, 506.03.",Such committees,other,management,shall,False,active,obligation_verb,obligation,obligation,True,1.0,other,True,
columbus_city_schools__columbus_education_association_2022_2025__071387d0,Columbus_Education_Association_2022-2025.pdf,Columbus City Schools,71,"By August 15, 2015, the President of the Association and the Superintendent shall appoint two (2) persons to an ad hoc committee",the President of the Association and the Superintendent,other,worker,shall,False,active,obligation_verb,obligation,obligation,True,1.0,other,True,
columbus_city_schools__columbus_education_association_2022_2025__071387d0,Columbus_Education_Association_2022-2025.pdf,Columbus City Schools,71,"The ad hoc committee shall make recommendations to the President and Superintendent by May 1, 2016.",The ad hoc committee,other,worker,shall,False,active,obligation_verb,obligation,obligation,True,1.0,other,True,
columbus_city_schools__columbus_education_association_2022_2025__071387d0,Columbus_Education_Association_2022-2025.pdf,Columbus City Schools,71,"If approved in writing by the President and the Superintendent, the changes will be implemented for the 2016–17 school year.",the changes,management,management,will,False,passive,plain,obligation,obligation,True,0.9,other,True,Conditional clause
columbus_city_schools__columbus_education_association_2022_2025__071387d0,Columbus_Education_Association_2022-2025.pdf,Columbus City Schools,72,The parties agree to examine strategies and mechanisms that will increase training time of teachers other than the workdays set forth in Section 1401.03.,The parties,other,worker,will,False,active,plain,obligation,other,False,0.9,professional_development,True,
columbus_city_schools__columbus_education_association_2022_2025__071387d0,Columbus_Education_Association_2022-2025.pdf,Columbus City Schools,72,"Strategies and mechanisms shall include, but not be limited to, courses offered by the District and CEA, customized courses developed in partnership with institutions of higher education, distance learning and video programming.",Strategies and mechanisms,other,worker,shall,False,active,plain,obligation,obligation,True,1.0,professional_development,True,
columbus_city_schools__columbus_education_association_2022_2025__071387d0,Columbus_Education_Association_2022-2025.pdf,Columbus City Schools,72,"Customized content will also be developed, as appropriate, in consultation with department based team members, including bargaining unit members and administrators in the following areas: adapted physical education, related service providers, school psychologists, social workers, counselors, library media specialists, unified arts, early childhood education, and nurses.",Customized content,management,worker,will,False,passive,plain,obligation,obligation,True,0.9,professional_development,True,
columbus_city_schools__columbus_education_association_2022_2025__071387d0,Columbus_Education_Association_2022-2025.pdf,Columbus City Schools,72,The parties agree that the principles in paragraph 507.01 will guide the Joint Professional Development Committee in the planning and the implementation of professional development.,The parties,other,worker,will,False,active,plain,obligation,other,False,0.9,professional_development,True,
columbus_city_schools__columbus_education_association_2022_2025__071387d0,Columbus_Education_Association_2022-2025.pdf,Columbus City Schools,72,Full-time teachers must engage in a minimum of forty (40) hours each school year of job-embedded professional development that is aligned to high-impact strategies identified in the school’s Ohio Improvement Plan or the district improvement plan.,Full-time teachers,worker,management,must,False,active,plain,obligation,obligation,True,1.0,professional_development,True,
columbus_city_schools__columbus_education_association_2022_2025__071387d0,Columbus_Education_Association_2022-2025.pdf,Columbus City Schools,72,"Job-embedded professional development shall occur during the district’s professional development days, early release days, TBTs, instructional rounds, and/or building staff meetings.",Job-embedded professional development,other,worker,shall,False,active,plain,obligation,obligation,True,1.0,professional_development,True,
columbus_city_schools__columbus_education_association_2022_2025__071387d0,Columbus_Education_Association_2022-2025.pdf,Columbus City Schools,72,"The forty (40) hours will be prorated for less than full-time teachers and for teachers who have a leave of absence exceeding ten (10) consecutive days using sick leave, FMLA, or other health-related approved leave.",The forty (40) hours,management,worker,will,False,passive,plain,obligation,obligation,True,0.9,professional_development,True,
columbus_city_schools__columbus_education_association_2022_2025__071387d0,Columbus_Education_Association_2022-2025.pdf,Columbus City Schools,72,Individual bargaining unit members may apply for professional development outside the district.,Individual bargaining unit members,worker,worker,may,False,active,plain,permission,permission,True,0.3,professional_development,True,
columbus_city_schools__columbus_education_association_2022_2025__071387d0,Columbus_Education_Association_2022-2025.pdf,Columbus City Schools,72,The bargaining unit member shall share information gained from the professional development to staff on the bargaining unit member’s team.,The bargaining unit member,worker,management,shall,False,active,plain,obligation,obligation,True,1.0,professional_development,True,
columbus_city_schools__columbus_education_association_2022_2025__071387d0,Columbus_Education_Association_2022-2025.pdf,Columbus City Schools,72,The Joint Professional Development Committee shall recommend provisions for make-up of professional development or on-line/webinar materials for those absent on for any professional development.,The Joint Professional Development Committee,other,worker,shall,False,active,plain,obligation,obligation,True,1.0,professional_development,True,
columbus_city_schools__columbus_education_association_2022_2025__071387d0,Columbus_Education_Association_2022-2025.pdf,Columbus City Schools,73,member shall share information gained from the professional development to staff on the bargaining unit member’s team.,member,worker,management,shall,False,active,plain,obligation,obligation,True,1.0,professional_development,True,
columbus_city_schools__columbus_education_association_2022_2025__071387d0,Columbus_Education_Association_2022-2025.pdf,Columbus City Schools,73,"the teacher must complete make-up(s) prior to the beginning of the next school year, utilizing on-line resources or in-person make up sessions provided by the district during the contractual work day.",the teacher,worker,worker,must,False,active,plain,obligation,obligation,True,1.0,professional_development,True,
columbus_city_schools__columbus_education_association_2022_2025__071387d0,Columbus_Education_Association_2022-2025.pdf,Columbus City Schools,73,The District shall provide time during the teacher day to complete required compliance and safety computer-based training.,The District,management,worker,shall,False,active,plain,obligation,obligation,True,1.0,safety_and_working_conditions,True,
columbus_city_schools__columbus_education_association_2022_2025__071387d0,Columbus_Education_Association_2022-2025.pdf,Columbus City Schools,73,"The employment and use of instructional assistants shall also be in accordance with Section 3319.088 of the Ohio Revised Code, guidelines established by the State Board of Education and guidelines established by the Board.",The employment and use of instructional assistants,other,management,shall,False,active,plain,obligation,obligation,True,1.0,other,True,
columbus_city_schools__columbus_education_association_2022_2025__071387d0,Columbus_Education_Association_2022-2025.pdf,Columbus City Schools,73,such revisions will be made only after consultation with the Association in keeping with Article 108.01 of this Agreement.,such revisions,management,worker,will,False,passive,plain,obligation,obligation,True,0.9,other,True,
columbus_city_schools__columbus_education_association_2022_2025__071387d0,Columbus_Education_Association_2022-2025.pdf,Columbus City Schools,73,"During the term of this Agreement, the number of instructional assistants employed shall be left the judgment of the school administration, except as provided elsewhere in this Agreement.",the number of instructional assistants employed,management,management,shall,False,passive,plain,obligation,obligation,True,1.0,other,True,
columbus_city_schools__columbus_education_association_2022_2025__071387d0,Columbus_Education_Association_2022-2025.pdf,Columbus City Schools,73,"guidelines, written job descriptions and the assignment of instructional assistants to provide assistance to teachers, nurses, librarians and other school personnel will be established in each school building by the principal with the advice of the local Association Building Council.","guidelines, written job descriptions and the assignment of instructional assistants to provide assistance to teachers, nurses, librarians and other school personnel",management,worker,will,False,passive,plain,obligation,obligation,True,0.9,other,True,
columbus_city_schools__columbus_education_association_2022_2025__071387d0,Columbus_Education_Association_2022-2025.pdf,Columbus City Schools,73,Guidelines and written job descriptions established by the Board or building principal shall not conflict with the content or intent of the instructional assistant statute or guidelines established by the State Board of Education.,Guidelines and written job descriptions established by the Board or building principal,other,management,shall,True,active,plain,prohibition,prohibition,True,1.0,other,True,
columbus_city_schools__columbus_education_association_2022_2025__071387d0,Columbus_Education_Association_2022-2025.pdf,Columbus City Schools,73,"the supervision of all study halls, school yards, lunchrooms and school halls shall be performed by instructionl assistants under the direction of a teacher.","the supervision of all study halls, school yards, lunchrooms and school halls",worker,worker,shall,False,passive,plain,obligation,obligation,True,1.0,workload,True,
columbus_city_schools__columbus_education_association_2022_2025__071387d0,Columbus_Education_Association_2022-2025.pdf,Columbus City Schools,73,"Therefore, to the extent feasible, the use of teachers will be directed toward the fullest possible utilization of their professional training and capabilities and their non-teaching duties correspondingly minimized.",the use of teachers,management,worker,will,False,passive,plain,obligation,obligation,True,0.9,workload,True,
columbus_city_schools__columbus_education_association_2022_2025__071387d0,Columbus_Education_Association_2022-2025.pdf,Columbus City Schools,73,The Association Building Council shall consider and recommend to the principal appropriate procedures for the participation of teachers in the interview and selection of instructional assistants.,The Association Building Council,worker,worker,shall,False,active,plain,obligation,obligation,True,1.0,teacher_rights_and_conduct,True,
columbus_city_schools__columbus_education_association_2022_2025__071387d0,Columbus_Education_Association_2022-2025.pdf,Columbus City Schools,74,"In each school which uses volunteer workers, the principal, in consultation with the Association Building Council, may develop guidelines for such workers.",the principal,management,management,may,False,active,plain,permission,permission,True,0.3,other,True,
columbus_city_schools__columbus_education_association_2022_2025__071387d0,Columbus_Education_Association_2022-2025.pdf,Columbus City Schools,74,The utilization of volunteer workers in a teacher’s classroom shall be at the option of each teacher.,The utilization,other,worker,shall,False,active,plain,obligation,right,False,1.0,teacher_rights_and_conduct,True,
columbus_city_schools__columbus_education_association_2022_2025__071387d0,Columbus_Education_Association_2022-2025.pdf,Columbus City Schools,74,Counselors shall not be required to construct the master schedule for their assigned school.,Counselors,management,worker,shall,True,passive,obligation_verb,right,right,True,1.0,workload,True,
columbus_city_schools__columbus_education_association_2022_2025__071387d0,Columbus_Education_Association_2022-2025.pdf,Columbus City Schools,74,"During the term of this Agreement, the Board shall meet",the Board,management,worker,shall,False,active,plain,obligation,obligation,True,1.0,other,True,Split from compound sentence joined by 'and'.
columbus_city_schools__columbus_education_association_2022_2025__071387d0,Columbus_Education_Association_2022-2025.pdf,Columbus City Schools,74,the Board may exceed the counselor staffing requirement mandated by the state.,the Board,management,management,may,False,active,plain,permission,permission,True,0.3,other,True,Split from compound sentence joined by 'and'.
columbus_city_schools__columbus_education_association_2022_2025__071387d0,Columbus_Education_Association_2022-2025.pdf,Columbus City Schools,74,School nurses shall be covered by all applicable provisions of this Agreement on the same basis as all other members of the bargaining unit.,School nurses,management,worker,shall,False,passive,rights_passive,right,right,True,1.0,other,True,
columbus_city_schools__columbus_education_association_2022_2025__071387d0,Columbus_Education_Association_2022-2025.pdf,Columbus City Schools,74,An Association Building Council shall be established for the administrator of Nursing Services in the same manner and to function with the same responsibilities and constraints as are set for the Association Building Council in Article 202 of this Agreement.,An Association Building Council,management,worker,shall,False,passive,plain,obligation,obligation,True,1.0,other,True,
columbus_city_schools__columbus_education_association_2022_2025__071387d0,Columbus_Education_Association_2022-2025.pdf,Columbus City Schools,74,The Board shall continue with this Agreement to place one nurse in charge of orientation.,The Board,management,management,shall,False,active,plain,obligation,obligation,True,1.0,other,True,
columbus_city_schools__columbus_education_association_2022_2025__071387d0,Columbus_Education_Association_2022-2025.pdf,Columbus City Schools,74,This nurse shall assist the supervisor of nurses,This nurse,worker,management,shall,False,active,plain,obligation,obligation,True,1.0,other,True,Split from compound sentence joined by 'and'.
columbus_city_schools__columbus_education_association_2022_2025__071387d0,Columbus_Education_Association_2022-2025.pdf,Columbus City Schools,74,be responsible for orientation of new nurses.,This nurse,worker,management,shall,False,active,plain,obligation,obligation,True,1.0,other,True,Split from compound sentence joined by 'and'. Subject implied.
columbus_city_schools__columbus_education_association_2022_2025__071387d0,Columbus_Education_Association_2022-2025.pdf,Columbus City Schools,74,"All school nurses may attend in-service meetings sponsored by nursing associations or other groups concerned with health problems, provided such attendance has been approved by the supervisor of nurses.",All school nurses,worker,worker,may,False,active,permission_verb,permission,permission,True,0.3,professional_development,True,
columbus_city_schools__columbus_education_association_2022_2025__071387d0,Columbus_Education_Association_2022-2025.pdf,Columbus City Schools,74,This provision does not prohibit school nurses from applying for and being granted professional leave.,This provision,other,worker,,True,active,prohibition_verb,permission,right,False,0.85,leave,True,
columbus_city_schools__columbus_education_association_2022_2025__071387d0,Columbus_Education_Association_2022-2025.pdf,Columbus City Schools,74,Each school social worker shall be provided work space in a room in at least one of the school social worker’s assigned schools with access to a telephone and a filing cabinet or desk that can be locked.,Each school social worker,management,worker,shall,False,passive,rights_passive,right,obligation,False,1.0,safety_and_working_conditions,True,
columbus_city_schools__columbus_education_association_2022_2025__071387d0,Columbus_Education_Association_2022-2025.pdf,Columbus City Schools,74,Half-time kindergarten teachers who have been reemployed for the following school year and who desire a full-time position for the following school year shall indicate their desire to the administrator of Human Resources by June 1.,Half-time kindergarten teachers who have been reemployed for the following school year and who desire a full-time position for the following school year,worker,worker,shall,False,active,plain,obligation,obligation,True,1.0,transfers,True,
columbus_city_schools__columbus_education_association_2022_2025__071387d0,Columbus_Education_Association_2022-2025.pdf,Columbus City Schools,74,"Such teacher shall be granted a full-time position in a vacancy requiring a certification/license held by the teacher, provided the Board would otherwise have employed a new teacher for such vacancy.",Such teacher,worker,worker,shall,False,passive,rights_passive,right,right,True,1.0,transfers,True,
columbus_city_schools__columbus_education_association_2022_2025__071387d0,Columbus_Education_Association_2022-2025.pdf,Columbus City Schools,74,"Library Media Specialists shall be paid two (2) hours annually per assigned building, at the supplemental hourly rate, for the completion of book inventory.",Library Media Specialists,management,worker,shall,False,passive,rights_passive,right,right,True,1.0,compensation,True,
columbus_city_schools__columbus_education_association_2022_2025__071387d0,Columbus_Education_Association_2022-2025.pdf,Columbus City Schools,75,"Library Media Specialists shall be paid two (2) hours annually per assigned building, at the supplemental hourly rate, for the comple- tion of book inventory.",Library Media Specialists,management,worker,shall,False,passive,rights_passive,right,right,True,1.0,compensation,True,
columbus_city_schools__columbus_education_association_2022_2025__071387d0,Columbus_Education_Association_2022-2025.pdf,Columbus City Schools,75,Such hours shall be completed outside the regular work hours and scheduled at the discretion of the bargaining unit member with the approval of the supervisor.,Such hours,management,worker,shall,False,passive,plain,obligation,obligation,True,1.0,workload,True,
columbus_city_schools__columbus_education_association_2022_2025__071387d0,Columbus_Education_Association_2022-2025.pdf,Columbus City Schools,75,Documentation for such hours shall be submitted on a supplemental time sheet no later than the last records day of the school year.,Documentation for such hours,worker,management,shall,False,passive,plain,obligation,obligation,True,1.0,compensation,True,
columbus_city_schools__columbus_education_association_2022_2025__071387d0,Columbus_Education_Association_2022-2025.pdf,Columbus City Schools,75,Unused sick leave shall be cumulative without limit.,Unused sick leave,other,worker,shall,False,active,plain,obligation,right,False,1.0,leave,True,
columbus_city_schools__columbus_education_association_2022_2025__071387d0,Columbus_Education_Association_2022-2025.pdf,Columbus City Schools,75,"For contract teachers, sick leave shall accumulate at a rate of fifteen (15) days per year.",sick leave,other,worker,shall,False,active,plain,obligation,right,False,1.0,leave,True,
columbus_city_schools__columbus_education_association_2022_2025__071387d0,Columbus_Education_Association_2022-2025.pdf,Columbus City Schools,75,All such teachers shall be credited with one and one-half (1.5) days on the second payday of each month.,All such teachers,management,worker,shall,False,passive,rights_passive,right,right,True,1.0,leave,True,
columbus_city_schools__columbus_education_association_2022_2025__071387d0,Columbus_Education_Association_2022-2025.pdf,Columbus City Schools,76,"Each new full-time bargaining unit member shall be credited with five (5) days of sick leave, which may be used in case any such bargaining unit member is unable to work because of personal illness or illness or death in the bargaining unit member’s immediate family, after beginning the bargaining unit member’s employment but before the bargaining unit member has accumulated that amount of sick leave in the manner provided in Paragraph A above.",Each new full-time bargaining unit member,worker,worker,shall,False,passive,rights_passive,right,right,True,1.0,leave,True,
columbus_city_schools__columbus_education_association_2022_2025__071387d0,Columbus_Education_Association_2022-2025.pdf,Columbus City Schools,76,"If any of said five (5) days of sick leave is used, it shall be deducted from the total sick leave which the bargaining unit member’s may accumulate during the first year of service as provided in Section 701.01(A) above.",it,other,management,shall,False,passive,plain,obligation,obligation,True,1.0,leave,True,
columbus_city_schools__columbus_education_association_2022_2025__071387d0,Columbus_Education_Association_2022-2025.pdf,Columbus City Schools,76,Sick leave for regular teachers employed on other than a full-time basis shall be credited and deducted at the proportionate rate set forth in their contract of employment.,Sick leave for regular teachers employed on other than a full-time basis,other,worker,shall,False,passive,rights_passive,right,right,True,1.0,leave,True,
columbus_city_schools__columbus_education_association_2022_2025__071387d0,Columbus_Education_Association_2022-2025.pdf,Columbus City Schools,76,It shall be the responsibility of each bargaining unit member to transfer any unused sick leave from a previous employer to the office of the Treasurer of the Columbus Board of Education.,It,worker,management,shall,False,active,obligation_verb,obligation,obligation,True,1.0,leave,True,Dummy 'It' subject refers to the bargaining unit member.
columbus_city_schools__columbus_education_association_2022_2025__071387d0,Columbus_Education_Association_2022-2025.pdf,Columbus City Schools,76,"When a former bargaining unit member in the Columbus School System returns to the employ of the Board, the bargaining unit member’s unused accumulated sick leave, if any, shall be automatically reinstated.","the bargaining unit member’s unused accumulated sick leave, if any,",other,worker,shall,False,passive,rights_passive,right,right,True,1.0,leave,True,
columbus_city_schools__columbus_education_association_2022_2025__071387d0,Columbus_Education_Association_2022-2025.pdf,Columbus City Schools,76,Such transfer or reinstatement of sick leave will be accepted by the Board provided the teacher’s most recent employment takes place within ten (10) years of the date of the last termination from Ohio public service and provided such sick leave was earned in Ohio public service.,Such transfer or reinstatement of sick leave,worker,management,will,False,passive,rights_passive,right,right,True,0.9,leave,True,
columbus_city_schools__columbus_education_association_2022_2025__071387d0,Columbus_Education_Association_2022-2025.pdf,Columbus City Schools,76,"701.02 Sick leave with pay may be used only for the purposes provided in paragraphs A, B, and C below:",Sick leave with pay,other,worker,may,False,active,permission_verb,permission,permission,True,0.3,leave,True,
columbus_city_schools__columbus_education_association_2022_2025__071387d0,Columbus_Education_Association_2022-2025.pdf,Columbus City Schools,76,A physician must certify the primary caregiver.,A physician,other,management,must,False,active,plain,obligation,obligation,True,1.0,leave,True,
columbus_city_schools__columbus_education_association_2022_2025__071387d0,Columbus_Education_Association_2022-2025.pdf,Columbus City Schools,77,the teacher need only make the report of absence required by Section 701.06(A) of this Agreement in order to be eligible for sick leave with pay for such absence.,the teacher,worker,worker,need,False,active,plain,obligation,right,False,0.7,leave,True,Main clause of conditional sentence
columbus_city_schools__columbus_education_association_2022_2025__071387d0,Columbus_Education_Association_2022-2025.pdf,Columbus City Schools,77,"the teacher must provide the administrator of Human Resources, with a doctor’s certificate setting forth the identity of the patient, the nature of the illness involved and the need for the absence of the teacher in order for the teacher to be eligible for sick leave with pay for such absence.",the teacher,worker,management,must,False,active,plain,obligation,obligation,True,1.0,leave,True,Main clause of conditional sentence
columbus_city_schools__columbus_education_association_2022_2025__071387d0,Columbus_Education_Association_2022-2025.pdf,Columbus City Schools,77,Absence due to death in the immediate family shall not exceed five (5) consecutive school days.,Absence due to death in the immediate family,other,management,shall,True,active,plain,prohibition,prohibition,True,1.0,leave,True,Ceiling rule
columbus_city_schools__columbus_education_association_2022_2025__071387d0,Columbus_Education_Association_2022-2025.pdf,Columbus City Schools,77,a teacher may use up to forty (40) days of assault leave due to injury resulting from a physical assault on a teacher which occurs on Board premises or which occurs off Board premises in connection with the performance of assigned duties,a teacher,worker,worker,may,False,active,plain,permission,permission,True,0.3,leave,True,
columbus_city_schools__columbus_education_association_2022_2025__071387d0,Columbus_Education_Association_2022-2025.pdf,Columbus City Schools,77,"The teacher submits to the Human Resources Department the certificate required in case of sick leave absence, accompanied by the physician’s statement required in Paragraph (4) below.",The teacher,worker,management,,False,active,plain,other,obligation,False,0.0,leave,True,Stipulation condition
columbus_city_schools__columbus_education_association_2022_2025__071387d0,Columbus_Education_Association_2022-2025.pdf,Columbus City Schools,77,The teacher provides a physician’s statement describing the nature and duration of the resulting disability and the necessity of absence from regular employment,The teacher,worker,management,,False,active,plain,other,obligation,False,0.0,leave,True,
columbus_city_schools__columbus_education_association_2022_2025__071387d0,Columbus_Education_Association_2022-2025.pdf,Columbus City Schools,77,none of the first forty (40) days of absence resulting from such occurrence shall be deducted from the teacher’s accumulated sick leave or personal leave.,none of the first forty (40) days of absence resulting from such occurrence,other,worker,shall,True,passive,plain,prohibition,prohibition,True,1.0,leave,True,Subject quantifier negation
columbus_city_schools__columbus_education_association_2022_2025__071387d0,Columbus_Education_Association_2022-2025.pdf,Columbus City Schools,78,"In the event the foregoing conditions are satisfied, none of the first forty (40) days of absence resulting from such occurrence shall be deducted from the teacher’s accumulated sick leave or personal leave.",none of the first forty (40) days of absence resulting from such occurrence,management,worker,shall,True,passive,plain,prohibition,prohibition,True,1.0,leave,True,
columbus_city_schools__columbus_education_association_2022_2025__071387d0,Columbus_Education_Association_2022-2025.pdf,Columbus City Schools,78,Workers’ Compensation cannot be received simultaneously with assault or sick leave benefits.,Workers’ Compensation,management,management,can,True,passive,rights_passive,other,prohibition,False,0.0,leave,True,
columbus_city_schools__columbus_education_association_2022_2025__071387d0,Columbus_Education_Association_2022-2025.pdf,Columbus City Schools,78,Any assault leave request that is in dispute will be determined by a joint committee of three administrators and three Association representatives.,Any assault leave request that is in dispute,management,worker,will,False,passive,plain,obligation,obligation,True,0.9,leave,True,
columbus_city_schools__columbus_education_association_2022_2025__071387d0,Columbus_Education_Association_2022-2025.pdf,Columbus City Schools,78,The three administrators shall not include the administrator who made the initial decision to deny the request,The three administrators,management,worker,shall,True,active,plain,prohibition,prohibition,True,1.0,leave,True,
columbus_city_schools__columbus_education_association_2022_2025__071387d0,Columbus_Education_Association_2022-2025.pdf,Columbus City Schools,78,the three Association representatives shall not include the requesting teacher.,the three Association representatives,worker,management,shall,True,active,plain,prohibition,prohibition,True,1.0,leave,True,
columbus_city_schools__columbus_education_association_2022_2025__071387d0,Columbus_Education_Association_2022-2025.pdf,Columbus City Schools,78,The initial decision may be reversed by a two-thirds (2/3) vote of the full committee.,The initial decision,other,worker,may,False,passive,plain,permission,permission,True,0.3,leave,True,
columbus_city_schools__columbus_education_association_2022_2025__071387d0,Columbus_Education_Association_2022-2025.pdf,Columbus City Schools,78,The joint committee’s decision shall be final and binding.,The joint committee’s decision,other,management,shall,False,active,plain,obligation,obligation,True,1.0,leave,True,
columbus_city_schools__columbus_education_association_2022_2025__071387d0,Columbus_Education_Association_2022-2025.pdf,Columbus City Schools,78,"In particularly severe or unusual cases, a reasonable extension of assault leave benefits may be agreed to between the Parties on a non-precedent setting basis.",a reasonable extension of assault leave benefits,other,worker,may,False,passive,plain,permission,permission,True,0.3,leave,True,
columbus_city_schools__columbus_education_association_2022_2025__071387d0,Columbus_Education_Association_2022-2025.pdf,Columbus City Schools,78,The Joint Committee set forth in Paragraph 7 may grant use of assault leave benefits for mental or emotional injury certified by the teacher’s physician and arising in connection with a physical assault,The Joint Committee set forth in Paragraph 7,other,worker,may,False,active,plain,permission,permission,True,0.3,leave,True,
columbus_city_schools__columbus_education_association_2022_2025__071387d0,Columbus_Education_Association_2022-2025.pdf,Columbus City Schools,78,the Joint Committee may require review or examination by a physician or other health care professional designated by the Board at the Board’s expense.,the Joint Committee,other,management,may,False,active,plain,permission,permission,True,0.3,leave,True,
columbus_city_schools__columbus_education_association_2022_2025__071387d0,Columbus_Education_Association_2022-2025.pdf,Columbus City Schools,78,"When any member of the bargaining unit is to be absent for a full school day, or a longer period, such absence shall be reported to the principal and to the Substitute Employee Management System, if designated by the principal, at least one hour and thirty minutes prior to the teacher’s scheduled start time or as soon as possible thereafter by any teacher who wishes to use sick leave in accordance with the above procedures.",such absence,management,management,shall,False,passive,plain,obligation,obligation,True,1.0,leave,True,
columbus_city_schools__columbus_education_association_2022_2025__071387d0,Columbus_Education_Association_2022-2025.pdf,Columbus City Schools,78,"The teacher shall not be required to state, during this notification, the cause or type of illness involved.",The teacher,management,worker,shall,True,passive,obligation_verb,right,right,True,1.0,leave,True,
columbus_city_schools__columbus_education_association_2022_2025__071387d0,Columbus_Education_Association_2022-2025.pdf,Columbus City Schools,78,"If possible, however, the teacher will estimate the duration of the teacher’s absence.",the teacher,worker,management,will,False,active,plain,obligation,obligation,True,0.9,leave,True,
columbus_city_schools__columbus_education_association_2022_2025__071387d0,Columbus_Education_Association_2022-2025.pdf,Columbus City Schools,78,"In the event the estimated duration of the absence is expected to be continuous for a period in excess of three (3) school days, or when an absence has been continuous for such a period, the teacher shall advise the administration in writing of the estimated duration of the need for sick leave.",the teacher,worker,management,shall,False,active,plain,obligation,obligation,True,1.0,leave,True,
columbus_city_schools__columbus_education_association_2022_2025__071387d0,Columbus_Education_Association_2022-2025.pdf,Columbus City Schools,78,"In the event the estimated duration of the bargaining unit member’s absence is expected to be continuous for a period in excess of two weeks (10 school days), or when an absence has been continuous for such a period, the teacher shall advise the Administration o",the teacher,worker,management,shall,False,active,plain,obligation,obligation,True,1.0,leave,True,Truncated at end of chunk.
columbus_city_schools__columbus_education_association_2022_2025__071387d0,Columbus_Education_Association_2022-2025.pdf,Columbus City Schools,79,the teacher shall advise the Administration of the estimated duration of disability by submitting the designated form to Human Resources by the tenth (10th) day of absence,the teacher,worker,management,shall,False,active,plain,obligation,obligation,True,1.0,leave,True,
columbus_city_schools__columbus_education_association_2022_2025__071387d0,Columbus_Education_Association_2022-2025.pdf,Columbus City Schools,79,include a physician’s statement,the teacher,worker,management,,False,active,plain,other,obligation,False,0.0,leave,True,Continuation of previous clause
columbus_city_schools__columbus_education_association_2022_2025__071387d0,Columbus_Education_Association_2022-2025.pdf,Columbus City Schools,79,The teacher will provide the Office of Human Resources with written notice at least three (3) school days before intending to return to work.,The teacher,worker,management,will,False,active,plain,obligation,obligation,True,0.9,leave,True,
columbus_city_schools__columbus_education_association_2022_2025__071387d0,Columbus_Education_Association_2022-2025.pdf,Columbus City Schools,79,A teacher who has been absent on a Monday through Thursday shall inform the principal or school clerk by 2 p.m. on the day before the teacher’s wish to return.,A teacher,worker,management,shall,False,active,plain,obligation,obligation,True,1.0,leave,True,
columbus_city_schools__columbus_education_association_2022_2025__071387d0,Columbus_Education_Association_2022-2025.pdf,Columbus City Schools,79,The administrator shall assume that a teacher who is absent on Friday or the day before the start of a vacation period will return on the next Monday or the first working day after the vacation unless the teacher notifies the principal or designee on Sunday or the last vacation day not later than 7 p.m. that the teacher will not return to duty on the next day.,The administrator,management,management,shall,False,active,plain,obligation,obligation,True,1.0,leave,True,
columbus_city_schools__columbus_education_association_2022_2025__071387d0,Columbus_Education_Association_2022-2025.pdf,Columbus City Schools,79,"Whenever it can be determined by the teacher on a Friday or the school day prior to the starting of a vacation that the teacher will not be returning to duty on the next scheduled school day, the teacher should let the principal or school clerk know by 2 p.m. that the teacher will not be returning so that the same substitute teacher can be continued.",the teacher,worker,management,should,False,active,plain,obligation,obligation,True,0.7,leave,True,
columbus_city_schools__columbus_education_association_2022_2025__071387d0,Columbus_Education_Association_2022-2025.pdf,Columbus City Schools,79,"Absence on Saturdays, Sundays, paid holidays and paid non- work days shall not be charged against sick leave.",Absence,other,worker,shall,True,passive,plain,prohibition,prohibition,True,1.0,leave,True,
columbus_city_schools__columbus_education_association_2022_2025__071387d0,Columbus_Education_Association_2022-2025.pdf,Columbus City Schools,79,"When a teacher is absent, a report for such absence, signed by the teacher, shall be completed by such employee on a form supplied by the Board.",a report,worker,management,shall,False,passive,plain,obligation,obligation,True,1.0,leave,True,
columbus_city_schools__columbus_education_association_2022_2025__071387d0,Columbus_Education_Association_2022-2025.pdf,Columbus City Schools,79,"Such form shall be filed with the principal or immediate supervisor within three (3) school days following the last day of such absence or three (3) days after the close of a school year, whichever occurs first.",Such form,worker,management,shall,False,passive,plain,obligation,obligation,True,1.0,leave,True,
columbus_city_schools__columbus_education_association_2022_2025__071387d0,Columbus_Education_Association_2022-2025.pdf,Columbus City Schools,79,"If medical attention was required, the teacher shall list the name and address of the attending physician and the dates when the physician was consulted on the form provided in Section 701.06(A) above.",the teacher,worker,management,shall,False,active,plain,obligation,obligation,True,1.0,leave,True,
columbus_city_schools__columbus_education_association_2022_2025__071387d0,Columbus_Education_Association_2022-2025.pdf,Columbus City Schools,79,Such report shall be made in a manner which will satisfy the requirements of Section 3319.141 of the Ohio Revised Code.,Such report,worker,management,shall,False,passive,plain,obligation,obligation,True,1.0,leave,True,
columbus_city_schools__columbus_education_association_2022_2025__071387d0,Columbus_Education_Association_2022-2025.pdf,Columbus City Schools,79,The filing of any willfully false statement by a teacher shall be considered by the Board as grounds for disciplinary action in such form and manner as the Board may deem advisable.,The filing,worker,management,shall,False,passive,plain,obligation,obligation,True,1.0,discipline,True,
columbus_city_schools__columbus_education_association_2022_2025__071387d0,Columbus_Education_Association_2022-2025.pdf,Columbus City Schools,80,"Teachers who have been out of school because of serious illness, extending over a period of two or more weeks, must have the approval of the Superintendent before returning to regular school work.","Teachers who have been out of school because of serious illness, extending over a period of two or more weeks",worker,management,must,False,active,plain,obligation,obligation,True,1.0,leave,True,
columbus_city_schools__columbus_education_association_2022_2025__071387d0,Columbus_Education_Association_2022-2025.pdf,Columbus City Schools,80,The Superintendent or designated central office administrator may require medical or psychological verification of a teacher’s ability to return to work and any limitations on a teacher’s return.,The Superintendent or designated central office administrator,management,management,may,False,active,plain,permission,permission,True,0.3,leave,True,
columbus_city_schools__columbus_education_association_2022_2025__071387d0,Columbus_Education_Association_2022-2025.pdf,Columbus City Schools,80,"In circumstances where the Superintendent or central office designee requires additional explanation, the teacher shall provide a written report from his or her physician or psychologist to the Superintendent or central office designee.",the teacher,worker,management,shall,False,active,plain,obligation,obligation,True,1.0,leave,True,
columbus_city_schools__columbus_education_association_2022_2025__071387d0,Columbus_Education_Association_2022-2025.pdf,Columbus City Schools,80,"Members of the bargaining unit shall not be asked or required to sign a statement authorizing a doctor or hospital to release medical records unless the absence due to illness, injury, or pregnancy of the member of the bargaining unit has been challenged",Members of the bargaining unit,management,worker,shall,True,passive,prohibition_verb,permission,prohibition,False,1.0,leave,True,
columbus_city_schools__columbus_education_association_2022_2025__071387d0,Columbus_Education_Association_2022-2025.pdf,Columbus City Schools,80,the teacher shall be furnished with the written reasons for such a challenge and the need to examine medical records.,the teacher,management,worker,shall,False,passive,rights_passive,right,right,True,1.0,leave,True,
columbus_city_schools__columbus_education_association_2022_2025__071387d0,Columbus_Education_Association_2022-2025.pdf,Columbus City Schools,80,"These tools shall not be utilized in an arbitrary, capricious, or harassing manner.",These tools,other,worker,shall,True,passive,prohibition_verb,permission,prohibition,False,1.0,evaluation,True,
columbus_city_schools__columbus_education_association_2022_2025__071387d0,Columbus_Education_Association_2022-2025.pdf,Columbus City Schools,80,the principal or supervisor shall hold a conference with the teacher,the principal or supervisor,management,worker,shall,False,active,plain,obligation,obligation,True,1.0,evaluation,True,
columbus_city_schools__columbus_education_association_2022_2025__071387d0,Columbus_Education_Association_2022-2025.pdf,Columbus City Schools,80,"The conference shall take place within two (2) school days of the principal or supervisor’s request, unless an extension is mutually agreed upon by the teacher and the principal or supervisor.",The conference,other,worker,shall,False,active,plain,obligation,obligation,True,1.0,evaluation,True,
columbus_city_schools__columbus_education_association_2022_2025__071387d0,Columbus_Education_Association_2022-2025.pdf,Columbus City Schools,80,This step must precede (3) below.,This step,other,worker,must,False,active,plain,obligation,obligation,True,1.0,discipline,True,
columbus_city_schools__columbus_education_association_2022_2025__071387d0,Columbus_Education_Association_2022-2025.pdf,Columbus City Schools,80,The Superintendent may (but need not always) require written certification to justify use of sick leave from the teacher’s physician when:,The Superintendent,management,management,may,False,active,plain,permission,permission,True,0.3,leave,True,introduces list of conditions
columbus_city_schools__columbus_education_association_2022_2025__071387d0,Columbus_Education_Association_2022-2025.pdf,Columbus City Schools,81,The Superintendent may (but need not always) require the teacher to be examined at Board expense by a physician or psychologist designated by the Superintendent when:,The Superintendent,management,management,may,False,active,plain,permission,permission,True,0.3,leave,True,
columbus_city_schools__columbus_education_association_2022_2025__071387d0,Columbus_Education_Association_2022-2025.pdf,Columbus City Schools,81,The Board designated physician or psychologist shall provide a written report to the Superintendent.,The Board designated physician or psychologist,management,management,shall,False,active,plain,obligation,obligation,True,1.0,leave,True,
columbus_city_schools__columbus_education_association_2022_2025__071387d0,Columbus_Education_Association_2022-2025.pdf,Columbus City Schools,81,A member of the bargaining unit who has exhausted all accumulated paid leave as a result of a catastrophic illness or injury of a temporary nature may be granted additional sick leave days through the donation of accumulated unused sick leave by other bargaining unit members who volunteer to do so in accordance with the following guidelines:,A member of the bargaining unit,worker,worker,may,False,passive,rights_passive,right,right,True,0.3,leave,True,
columbus_city_schools__columbus_education_association_2022_2025__071387d0,Columbus_Education_Association_2022-2025.pdf,Columbus City Schools,82,A joint Association/Board committee consisting of thee (3) members of the bargaining unit appointed by the Association and three (3) administrators shall be appointed on a yearly basis to review requests under this provision.,A joint Association/Board committee consisting of thee (3) members of the bargaining unit appointed by the Association and three (3) administrators,worker,worker,shall,False,passive,plain,obligation,obligation,True,1.0,leave,True,
columbus_city_schools__columbus_education_association_2022_2025__071387d0,Columbus_Education_Association_2022-2025.pdf,Columbus City Schools,82,a two-thirds (2/3) vote of the entire committee must prevail.,a two-thirds (2/3) vote of the entire committee,other,management,must,False,active,plain,obligation,obligation,True,1.0,leave,True,
columbus_city_schools__columbus_education_association_2022_2025__071387d0,Columbus_Education_Association_2022-2025.pdf,Columbus City Schools,82,The joint committee will establish rules and procedures for the allocation and disposition of donated leave under this Section 701.07.,The joint committee,other,worker,will,False,active,plain,obligation,obligation,True,0.9,leave,True,
columbus_city_schools__columbus_education_association_2022_2025__071387d0,Columbus_Education_Association_2022-2025.pdf,Columbus City Schools,82,All rules and decisions of the joint committee require a two-thirds (2/3) vote of the entire committee.,All rules and decisions of the joint committee,other,management,,False,active,plain,other,other,True,0.0,leave,True,
columbus_city_schools__columbus_education_association_2022_2025__071387d0,Columbus_Education_Association_2022-2025.pdf,Columbus City Schools,82,Applications for catastrophic illness/injury sick leave donation must be jointly submitted to the administrator of Labor Relations and the Association President.,Applications for catastrophic illness/injury sick leave donation,worker,management,must,False,passive,plain,obligation,obligation,True,1.0,leave,True,
columbus_city_schools__columbus_education_association_2022_2025__071387d0,Columbus_Education_Association_2022-2025.pdf,Columbus City Schools,82,The committee shall meet and make a determination regarding the request.,The committee,other,worker,shall,False,active,plain,obligation,obligation,True,1.0,leave,True,
columbus_city_schools__columbus_education_association_2022_2025__071387d0,Columbus_Education_Association_2022-2025.pdf,Columbus City Schools,82,The bargaining unit member shall be informed of the committee’s decision in writing within three (3) days of the meeting.,The bargaining unit member,management,worker,shall,False,passive,rights_passive,right,obligation,False,1.0,leave,True,
columbus_city_schools__columbus_education_association_2022_2025__071387d0,Columbus_Education_Association_2022-2025.pdf,Columbus City Schools,82,The decision of the committee shall be final.,The decision of the committee,other,management,shall,False,active,plain,obligation,obligation,True,1.0,leave,True,
columbus_city_schools__columbus_education_association_2022_2025__071387d0,Columbus_Education_Association_2022-2025.pdf,Columbus City Schools,82,"The Association will assume the responsibility for solicitation of donations for approved bargaining unit members, subject to procedures established by the joint committee.",The Association,worker,worker,will,False,active,plain,obligation,obligation,True,0.9,leave,True,
columbus_city_schools__columbus_education_association_2022_2025__071387d0,Columbus_Education_Association_2022-2025.pdf,Columbus City Schools,82,A form shall be mutually developed to solicit donations.,A form,other,worker,shall,False,passive,plain,obligation,obligation,True,1.0,leave,True,
columbus_city_schools__columbus_education_association_2022_2025__071387d0,Columbus_Education_Association_2022-2025.pdf,Columbus City Schools,82,Bargaining unit members may donate any amount of their unused sick leave to the affected member.,Bargaining unit members,worker,worker,may,False,active,plain,permission,permission,True,0.3,leave,True,
columbus_city_schools__columbus_education_association_2022_2025__071387d0,Columbus_Education_Association_2022-2025.pdf,Columbus City Schools,82,A maximum of forty-five (45) days may be granted to the applicant.,A maximum of forty-five (45) days,management,worker,may,False,passive,rights_passive,right,permission,False,0.3,leave,True,
columbus_city_schools__columbus_education_association_2022_2025__071387d0,Columbus_Education_Association_2022-2025.pdf,Columbus City Schools,82,the bargaining unit member must reapply for consideration by the committee.,the bargaining unit member,worker,management,must,False,active,plain,obligation,obligation,True,1.0,leave,True,
columbus_city_schools__columbus_education_association_2022_2025__071387d0,Columbus_Education_Association_2022-2025.pdf,Columbus City Schools,82,One renewal will be considered by the committee.,One renewal,management,worker,will,False,passive,plain,obligation,obligation,True,0.9,leave,True,
columbus_city_schools__columbus_education_association_2022_2025__071387d0,Columbus_Education_Association_2022-2025.pdf,Columbus City Schools,82,All donation forms will be submitted by the Association to the administrator of Labor Relations.,All donation forms,worker,management,will,False,passive,plain,obligation,obligation,True,0.9,leave,True,
columbus_city_schools__columbus_education_association_2022_2025__071387d0,Columbus_Education_Association_2022-2025.pdf,Columbus City Schools,82,The joint committee shall not grant donated sick leave so as to delay the disability retirement of a teacher.,The joint committee,other,management,shall,True,active,plain,prohibition,prohibition,True,1.0,leave,True,
columbus_city_schools__columbus_education_association_2022_2025__071387d0,Columbus_Education_Association_2022-2025.pdf,Columbus City Schools,82,All information and reports relating to the applications under this policy shall remain confidential to the extent allowed by law.,All information and reports relating to the applications under this policy,other,worker,shall,False,active,plain,obligation,obligation,True,1.0,leave,True,
columbus_city_schools__columbus_education_association_2022_2025__071387d0,Columbus_Education_Association_2022-2025.pdf,Columbus City Schools,82,A teacher using donated sick leave shall not earn or accrue any sick leave under Section 701.01.,A teacher using donated sick leave,worker,management,shall,True,active,plain,prohibition,prohibition,True,1.0,leave,True,
columbus_city_schools__columbus_education_association_2022_2025__071387d0,Columbus_Education_Association_2022-2025.pdf,Columbus City Schools,83,"The Joint Committee on Sick Leave Bank, established in the Memorandum of Understanding in the 2003 Addendum, shall continue its study of a sick leave bank.","The Joint Committee on Sick Leave Bank, established in the Memorandum of Understanding in the 2003 Addendum",other,management,shall,False,active,plain,obligation,obligation,True,1.0,leave,True,
columbus_city_schools__columbus_education_association_2022_2025__071387d0,Columbus_Education_Association_2022-2025.pdf,Columbus City Schools,83,"The Superintendent or designated central office administrator may require medical or psychological verification of written application of a leave of absence, without pay, for ill health.",The Superintendent or designated central office administrator,management,management,may,False,active,plain,permission,permission,True,0.3,leave,True,
columbus_city_schools__columbus_education_association_2022_2025__071387d0,Columbus_Education_Association_2022-2025.pdf,Columbus City Schools,83,"In meeting the medical (or psychological) verification requirement, generally the written certification of the teacher’s physician or psychologist is sufficient.",the written certification of the teacher’s physician or psychologist,other,worker,,False,active,plain,other,other,True,0.0,leave,True,
columbus_city_schools__columbus_education_association_2022_2025__071387d0,Columbus_Education_Association_2022-2025.pdf,Columbus City Schools,83,"In circumstances where the Superintendent or designated central office administrator requires additional explanation, the teacher shall provide a written report from the bargaining unit member’s physician or psychologist to the Superintendent or designated central office administrator.",the teacher,worker,management,shall,False,active,plain,obligation,obligation,True,1.0,leave,True,
columbus_city_schools__columbus_education_association_2022_2025__071387d0,Columbus_Education_Association_2022-2025.pdf,Columbus City Schools,83,"Such request for leave, if approved, shall be granted for the remainder of the semester or the remainder of the school year, or for an entire school year, with the possibility of a renewal of the leave, upon written request, according to the provisions of Section 3319.13 of the Ohio Revised Code.","Such request for leave, if approved",management,worker,shall,False,passive,rights_passive,right,right,True,1.0,leave,True,
columbus_city_schools__columbus_education_association_2022_2025__071387d0,Columbus_Education_Association_2022-2025.pdf,Columbus City Schools,83,"An earlier termination of this leave, if requested in writing by the employee, shall be at the discretion of the Superintendent and in accordance with the needs and interests of the schools.","An earlier termination of this leave, if requested in writing by the employee",other,management,shall,False,active,plain,obligation,obligation,True,1.0,leave,True,
columbus_city_schools__columbus_education_association_2022_2025__071387d0,Columbus_Education_Association_2022-2025.pdf,Columbus City Schools,83,"At least thirty (30) days before a teacher on a leave of absence for ill health expects to resume the teacher’s duties, the teacher, or someone acting in the teacher’s behalf, must request in writing the reinstatement of said teacher to the staff.","the teacher, or someone acting in the teacher’s behalf",worker,management,must,False,active,plain,obligation,obligation,True,1.0,leave,True,
columbus_city_schools__columbus_education_association_2022_2025__071387d0,Columbus_Education_Association_2022-2025.pdf,Columbus City Schools,83,"In requesting reinstatement, said teacher does not forfeit the teacher’s right to request an extension of the leave of absence for ill health.",said teacher,worker,worker,,True,active,plain,prohibition,right,False,0.0,leave,True,
columbus_city_schools__columbus_education_association_2022_2025__071387d0,Columbus_Education_Association_2022-2025.pdf,Columbus City Schools,83,Failure to comply with this regulation shall be deemed an automatic resignation.,Failure to comply with this regulation,other,management,shall,False,active,plain,obligation,obligation,True,1.0,discipline,True,
columbus_city_schools__columbus_education_association_2022_2025__071387d0,Columbus_Education_Association_2022-2025.pdf,Columbus City Schools,83,"Not less than ten (10) days before termination of leave, a doctor’s statement must be submitted by the teacher.",a doctor’s statement,worker,management,must,False,passive,plain,obligation,obligation,True,1.0,leave,True,
columbus_city_schools__columbus_education_association_2022_2025__071387d0,Columbus_Education_Association_2022-2025.pdf,Columbus City Schools,83,The Superintendent or designated central office administrator may require medical or psychological verification of the teacher’s ability to return to work and any limitations on the teacher’s return.,The Superintendent or designated central office administrator,management,management,may,False,active,plain,permission,permission,True,0.3,leave,True,
columbus_city_schools__columbus_education_association_2022_2025__071387d0,Columbus_Education_Association_2022-2025.pdf,Columbus City Schools,84,"In circumstances where the Superintendent or designated central office administrator requires additional explanation, the teacher shall provide a written report from his or her physician or psychologist to the Superintendent or designated central office administrator.",the teacher,worker,management,shall,False,active,plain,obligation,obligation,True,1.0,leave,True,
columbus_city_schools__columbus_education_association_2022_2025__071387d0,Columbus_Education_Association_2022-2025.pdf,Columbus City Schools,84,"Whenever any teacher has been absent from active service a sufficient number of days to exhaust the teacher’s accumulated sick leave days and continues in absence without applying for a leave of absence under this section, the Superintendent shall investigate the facts of the case and shall have authority to recommend to the Board that an unrequested leave of absence by granted according to the provisions set forth in Section 3319.13 of the Ohio Revised Code.",the Superintendent,management,management,shall,False,active,plain,obligation,obligation,True,1.0,leave,True,Compound predicate (investigate / have authority).
columbus_city_schools__columbus_education_association_2022_2025__071387d0,Columbus_Education_Association_2022-2025.pdf,Columbus City Schools,84,Any teacher who refuses to comply with the terms of such a leave of absence shall be considered to have terminated the teacher’s contract.,Any teacher who refuses to comply with the terms of such a leave of absence,worker,management,shall,False,passive,plain,obligation,obligation,True,1.0,discipline,True,
columbus_city_schools__columbus_education_association_2022_2025__071387d0,Columbus_Education_Association_2022-2025.pdf,Columbus City Schools,84,Such refusal shall not deny the teacher’s rights to request a hearing under Section 3319.13 of the Ohio Revised Code if the teacher files with the Treasurer a written demand for such a hearing within ten (10) days of the Board’s approval of the Superintendent’s recommendation that a leave of absence be granted hereunder.,Such refusal,other,worker,shall,True,active,plain,prohibition,prohibition,True,1.0,discipline,True,Inanimate subject.
columbus_city_schools__columbus_education_association_2022_2025__071387d0,Columbus_Education_Association_2022-2025.pdf,Columbus City Schools,84,"Notwithstanding any other provision of this contract, a teacher returning from ill health leave under this subsection (E) shall be immediately placed on active status if the position has been filled by a substitute teacher.",a teacher returning from ill health leave under this subsection (E),worker,worker,shall,False,passive,plain,obligation,obligation,True,1.0,leave,True,
columbus_city_schools__columbus_education_association_2022_2025__071387d0,Columbus_Education_Association_2022-2025.pdf,Columbus City Schools,84,"In addition to the reasons identified in Section 701.02 above, paid family leave shall be granted to full-time teachers for absences related to the birth, adoption, or foster placement for purposes of adoption (referred to as “foster” throughout this section) of a child as follows:",paid family leave,other,worker,shall,False,passive,rights_passive,right,right,True,1.0,leave,True,
columbus_city_schools__columbus_education_association_2022_2025__071387d0,Columbus_Education_Association_2022-2025.pdf,Columbus City Schools,84,"For the initial ten (10) days of leave, the teacher may use accrued sick leave or take unpaid leave.",the teacher,worker,worker,may,False,active,plain,permission,permission,True,0.3,leave,True,
columbus_city_schools__columbus_education_association_2022_2025__071387d0,Columbus_Education_Association_2022-2025.pdf,Columbus City Schools,84,"For the next twenty (20) days of leave, the teacher will be paid at seventy percent (70%) of regular pay.",the teacher,management,worker,will,False,passive,rights_passive,right,obligation,False,0.9,leave,True,
columbus_city_schools__columbus_education_association_2022_2025__071387d0,Columbus_Education_Association_2022-2025.pdf,Columbus City Schools,84,"Teachers may supplement their pay, up to one hundred percent (100%), during the twenty (20) days by using accrued sick or personal leave.",Teachers,worker,worker,may,False,active,plain,permission,permission,True,0.3,leave,True,
columbus_city_schools__columbus_education_association_2022_2025__071387d0,Columbus_Education_Association_2022-2025.pdf,Columbus City Schools,85,"For the next five (5) days of leave, the teacher will be paid at seventy percent (70%) of regular pay.",the teacher,management,worker,will,False,passive,rights_passive,right,obligation,False,0.9,leave,True,
columbus_city_schools__columbus_education_association_2022_2025__071387d0,Columbus_Education_Association_2022-2025.pdf,Columbus City Schools,85,"Teachers may supplement their pay, up to one hundred percent (100%), during the five (5) days by using accrued sick or personal leave.",Teachers,worker,worker,may,False,active,plain,permission,permission,True,0.3,leave,True,
columbus_city_schools__columbus_education_association_2022_2025__071387d0,Columbus_Education_Association_2022-2025.pdf,Columbus City Schools,85,"teacher anticipating the birth, adoption, or foster placement for purposes of adoption of a child to the family may request an unpaid parental leave of absence, provided the following stipulations have been met:","teacher anticipating the birth, adoption, or foster placement for purposes of adoption of a child to the family",worker,worker,may,False,active,plain,permission,permission,True,0.3,leave,True,
columbus_city_schools__columbus_education_association_2022_2025__071387d0,Columbus_Education_Association_2022-2025.pdf,Columbus City Schools,85,"shall be granted an unpaid parental leave of absence, provided the following stipulations have been met:",,management,worker,shall,False,passive,rights_passive,right,obligation,False,1.0,leave,True,
columbus_city_schools__columbus_education_association_2022_2025__071387d0,Columbus_Education_Association_2022-2025.pdf,Columbus City Schools,85,"Such request shall be submitted on the designated form to the administrator of Human Resources, at least thirty (30) days prior to the beginning date of the requested leave.",Such request,other,management,shall,False,passive,plain,obligation,obligation,True,1.0,leave,True,inanimate subject
columbus_city_schools__columbus_education_association_2022_2025__071387d0,Columbus_Education_Association_2022-2025.pdf,Columbus City Schools,85,A parental leave request shall be accompanied by a state-ment from the attending physician indicating the antici-pated date of birth of the child and the expected date of disability;,A parental leave request,management,management,shall,False,passive,plain,obligation,obligation,True,1.0,leave,True,inanimate subject
columbus_city_schools__columbus_education_association_2022_2025__071387d0,Columbus_Education_Association_2022-2025.pdf,Columbus City Schools,85,The request for adoptive/foster leave shall be accompanied by a statement from the adoption/foster agency.,The request for adoptive/foster leave,other,management,shall,False,passive,plain,obligation,obligation,True,1.0,leave,True,inanimate subject
columbus_city_schools__columbus_education_association_2022_2025__071387d0,Columbus_Education_Association_2022-2025.pdf,Columbus City Schools,85,The requested duration of such leave shall be for the re-mainer of the semester in which the leave commences and not to exceed the four subsequent semesters.,The requested duration of such leave,other,management,shall,False,active,plain,obligation,obligation,True,1.0,leave,True,inanimate subject
columbus_city_schools__columbus_education_association_2022_2025__071387d0,Columbus_Education_Association_2022-2025.pdf,Columbus City Schools,85,All such leaves must terminate at the end of a school year.,All such leaves,other,management,must,False,active,plain,obligation,obligation,True,1.0,leave,True,inanimate subject
columbus_city_schools__columbus_education_association_2022_2025__071387d0,Columbus_Education_Association_2022-2025.pdf,Columbus City Schools,85,"The teacher may submit a request to the administrator of Human Resources, for return to service at any time during the leave.",The teacher,worker,worker,may,False,active,plain,permission,permission,True,0.3,leave,True,
columbus_city_schools__columbus_education_association_2022_2025__071387d0,Columbus_Education_Association_2022-2025.pdf,Columbus City Schools,85,Such request shall be in writing,Such request,other,management,shall,False,active,plain,obligation,obligation,True,1.0,leave,True,
columbus_city_schools__columbus_education_association_2022_2025__071387d0,Columbus_Education_Association_2022-2025.pdf,Columbus City Schools,85,and shall be at least thirty (30) days in advance of the desired return date.,,other,management,shall,False,active,plain,obligation,obligation,True,1.0,leave,True,
columbus_city_schools__columbus_education_association_2022_2025__071387d0,Columbus_Education_Association_2022-2025.pdf,Columbus City Schools,85,"Such teacher shall be returned to service on the requested date or on the earliest following date when a vacancy occurs requiring a certification/license held by the teacher, provided the Board would otherwise have employees a new teacher for such vacancy.",Such teacher,worker,worker,shall,False,passive,plain,obligation,obligation,True,1.0,leave,True,
columbus_city_schools__columbus_education_association_2022_2025__071387d0,Columbus_Education_Association_2022-2025.pdf,Columbus City Schools,85,"The teacher shall notify the administrator of Human Resources, in writing, of the intention to return to service at least 120 days before the teacher expects to resume duties",The teacher,worker,management,shall,False,active,plain,obligation,obligation,True,1.0,leave,True,
columbus_city_schools__columbus_education_association_2022_2025__071387d0,Columbus_Education_Association_2022-2025.pdf,Columbus City Schools,85,notification shall be no more than thirty (30) days after delivery.,notification,other,management,shall,False,active,plain,obligation,obligation,True,1.0,leave,True,
columbus_city_schools__columbus_education_association_2022_2025__071387d0,Columbus_Education_Association_2022-2025.pdf,Columbus City Schools,86,"The teacher shall notify the administrator of Human Resources, in writing, of the intention to return to service at least 120 days before the teacher expects to resume duties except, when delivery occurs during such 120 days, notification shall be no more than thirty (30) days after delivery.",The teacher,worker,management,shall,False,active,plain,obligation,obligation,True,1.0,leave,True,
columbus_city_schools__columbus_education_association_2022_2025__071387d0,Columbus_Education_Association_2022-2025.pdf,Columbus City Schools,86,The teacher shall be informed of receipt of such notification of intent to return.,The teacher,management,worker,shall,False,passive,rights_passive,right,obligation,False,1.0,leave,True,
columbus_city_schools__columbus_education_association_2022_2025__071387d0,Columbus_Education_Association_2022-2025.pdf,Columbus City Schools,86,Failure on the part of the teacher to comply with this regulation may be deemed by the Board as an automatic resignation.,Failure on the part of the teacher to comply with this regulation,management,management,may,False,active,plain,permission,permission,True,0.3,discipline,True,
columbus_city_schools__columbus_education_association_2022_2025__071387d0,Columbus_Education_Association_2022-2025.pdf,Columbus City Schools,86,the adopting teacher may request early reinstate- ment from leave,the adopting teacher,worker,worker,may,False,active,plain,permission,permission,True,0.3,leave,True,
columbus_city_schools__columbus_education_association_2022_2025__071387d0,Columbus_Education_Association_2022-2025.pdf,Columbus City Schools,86,such request will be given priority consideration by the Administration.,such request,management,worker,will,False,passive,rights_passive,right,obligation,False,0.9,leave,True,
columbus_city_schools__columbus_education_association_2022_2025__071387d0,Columbus_Education_Association_2022-2025.pdf,Columbus City Schools,86,"An employee on a regular teacher’s contract shall be eligible for leave of absence for a period of one (1) full semester, or one (1) full year beginning with the opening of the semester or year, only after the bargaining unit member has filed a written request for such leave of absence at least two (2) months prior to the be- ginning of a requested leave, and the leave has been granted on the recommendation of the Superintendent.",An employee on a regular teacher’s contract,worker,worker,shall,False,active,plain,obligation,obligation,True,1.0,leave,True,
columbus_city_schools__columbus_education_association_2022_2025__071387d0,Columbus_Education_Association_2022-2025.pdf,Columbus City Schools,86,No compensation may be paid to a teacher while absent on such leave of absence unless the exchange-teaching leave involves the use of some teacher from outside the Columbus area as a replacement for the employee on leave.,No compensation,management,management,may,True,passive,rights_passive,other,prohibition,False,0.0,compensation,True,
columbus_city_schools__columbus_education_association_2022_2025__071387d0,Columbus_Education_Association_2022-2025.pdf,Columbus City Schools,86,the replacement must be approved by the Superintendent,the replacement,management,management,must,False,passive,plain,obligation,obligation,True,1.0,leave,True,
columbus_city_schools__columbus_education_association_2022_2025__071387d0,Columbus_Education_Association_2022-2025.pdf,Columbus City Schools,86,the employee will be on paid leave with full compen- sation and benefits paid by the Board,the employee,worker,worker,will,False,active,plain,obligation,obligation,True,0.9,leave,True,
columbus_city_schools__columbus_education_association_2022_2025__071387d0,Columbus_Education_Association_2022-2025.pdf,Columbus City Schools,86,Credit on the salary schedule shall be given for time spent in exchange teaching.,Credit on the salary schedule,management,worker,shall,False,passive,rights_passive,right,obligation,False,1.0,compensation,True,
columbus_city_schools__columbus_education_association_2022_2025__071387d0,Columbus_Education_Association_2022-2025.pdf,Columbus City Schools,86,The granting of such leaves of absence shall be determined by the Superintendent on the basis of the value of such a leave to the Columbus City Schools.,The granting of such leaves of absence,management,management,shall,False,passive,plain,obligation,obligation,True,1.0,leave,True,
columbus_city_schools__columbus_education_association_2022_2025__071387d0,Columbus_Education_Association_2022-2025.pdf,Columbus City Schools,86,Termination of such a leave of absence shall be by written request of the teacher to the Superintendent not less than 120 days prior to the time that the teacher expects to return to duty in the Columbus City Schools.,Termination of such a leave of absence,other,management,shall,False,active,plain,obligation,obligation,True,1.0,leave,True,
columbus_city_schools__columbus_education_association_2022_2025__071387d0,Columbus_Education_Association_2022-2025.pdf,Columbus City Schools,86,The above policies with reference to exchange teaching also apply to employees granted leaves of absence for the purpose of teaching in the Armed Forces Dependents Schools.,The above policies with reference to exchange teaching,other,worker,,False,active,plain,other,other,True,0.0,leave,True,
columbus_city_schools__columbus_education_association_2022_2025__071387d0,Columbus_Education_Association_2022-2025.pdf,Columbus City Schools,86,"In the light of any present or future federal or state legislation regarding exchange teaching, exceptions may be made to the above regulation",exceptions,management,management,may,False,passive,plain,permission,permission,True,0.3,leave,True,
columbus_city_schools__columbus_education_association_2022_2025__071387d0,Columbus_Education_Association_2022-2025.pdf,Columbus City Schools,87,Leaves of absence for professional study or travel may be granted to teachers on the basis of either one (1) full semester or one (1) full year.,Leaves of absence for professional study or travel,management,worker,may,False,passive,rights_passive,right,permission,False,0.3,professional_development,True,
columbus_city_schools__columbus_education_association_2022_2025__071387d0,Columbus_Education_Association_2022-2025.pdf,Columbus City Schools,87,Application for such a leave is to be made no less than sixty (60) days in advance.,Application for such a leave,worker,management,,False,passive,plain,other,obligation,False,0.0,professional_development,True,
columbus_city_schools__columbus_education_association_2022_2025__071387d0,Columbus_Education_Association_2022-2025.pdf,Columbus City Schools,87,"An applicant for leave for professional study shall outline, in writing, the program of study to be pursued.",An applicant for leave for professional study,worker,management,shall,False,active,plain,obligation,obligation,True,1.0,professional_development,True,
columbus_city_schools__columbus_education_association_2022_2025__071387d0,Columbus_Education_Association_2022-2025.pdf,Columbus City Schools,87,"Such a program shall, in general, include a full college or its equivalent,",Such a program,worker,management,shall,False,active,plain,obligation,obligation,True,1.0,professional_development,True,
columbus_city_schools__columbus_education_association_2022_2025__071387d0,Columbus_Education_Association_2022-2025.pdf,Columbus City Schools,87,the Superintendent shall recommend the approval of such leave only if it appears that the program of study is of such a nature as to contribute directly to improved educational conditions in the Columbus City Schools.,the Superintendent,management,management,shall,False,active,plain,obligation,obligation,True,1.0,leave,True,
columbus_city_schools__columbus_education_association_2022_2025__071387d0,Columbus_Education_Association_2022-2025.pdf,Columbus City Schools,87,"Leaves of absence for travel shall be requested in writing, in which the scope or nature of the travel shall be outlined in detail.",Leaves of absence for travel,worker,management,shall,False,passive,plain,obligation,obligation,True,1.0,leave,True,
columbus_city_schools__columbus_education_association_2022_2025__071387d0,Columbus_Education_Association_2022-2025.pdf,Columbus City Schools,87,Such applications must show clearly how the travel will contribute directly to improved classroom instruction and the reasons why such travel cannot be accomplished when schools are not in session.,Such applications,worker,management,must,False,active,plain,obligation,obligation,True,1.0,leave,True,
columbus_city_schools__columbus_education_association_2022_2025__071387d0,Columbus_Education_Association_2022-2025.pdf,Columbus City Schools,87,"In no case shall leave of absence for professional study or for travel be granted for periods of less than one (1) semester, except at the discretion of the Superintendent, and only when it can be shown that the program of the Columbus City Schools will not suffer as a result of the granting of such leave.",leave of absence for professional study or for travel,management,management,shall,False,passive,rights_passive,right,prohibition,False,1.0,leave,True,
columbus_city_schools__columbus_education_association_2022_2025__071387d0,Columbus_Education_Association_2022-2025.pdf,Columbus City Schools,87,"Absence for either of the above reasons, without leave having been granted, shall be considered as termination of contract by the teacher.","Absence for either of the above reasons, without leave having been granted",worker,management,shall,False,passive,plain,obligation,obligation,True,1.0,leave,True,
columbus_city_schools__columbus_education_association_2022_2025__071387d0,Columbus_Education_Association_2022-2025.pdf,Columbus City Schools,87,Termination of the above two (2) kinds of leave shall be only on written request of the teacher on leave said request being filed with the Superintendent not less than 120 days prior to the return to duty of the teacher.,Termination of the above two (2) kinds of leave,management,management,shall,False,active,plain,obligation,obligation,True,1.0,leave,True,
columbus_city_schools__columbus_education_association_2022_2025__071387d0,Columbus_Education_Association_2022-2025.pdf,Columbus City Schools,87,"Any teacher who, while on leave for professional study or for travel, shall engage in employment comparable to the teacher’s employment with the Columbus City Schools shall be considered to have terminated the teacher’s contract.","Any teacher who, while on leave for professional study or for travel, shall engage in employment comparable to the teacher’s employment with the Columbus City Schools",worker,management,shall,False,active,plain,obligation,obligation,True,1.0,leave,True,
columbus_city_schools__columbus_education_association_2022_2025__071387d0,Columbus_Education_Association_2022-2025.pdf,Columbus City Schools,87,Reinstatement to active paid status following either of the above types of leaves shall be made only if the Superintendent shall find that there has been substantial compliance with the originally approved program of study or travel.,Reinstatement to active paid status following either of the above types of leaves,management,management,shall,False,passive,plain,obligation,obligation,True,1.0,leave,True,
columbus_city_schools__columbus_education_association_2022_2025__071387d0,Columbus_Education_Association_2022-2025.pdf,Columbus City Schools,87,No compensation shall be paid to any teacher while absent on either of the above leaves.,No compensation,management,management,shall,True,passive,rights_passive,other,prohibition,False,0.0,leave,True,
columbus_city_schools__columbus_education_association_2022_2025__071387d0,Columbus_Education_Association_2022-2025.pdf,Columbus City Schools,88,"In accordance with Section 3319.14 of the Ohio Revised Code, military leave of absence, without pay, shall be granted to any regular contract teacher who shall be inducted, called to active duty or who enlists for military duty with any branch of the armed forces of the United States.","military leave of absence, without pay",management,worker,shall,False,passive,rights_passive,right,obligation,False,1.0,leave,True,
columbus_city_schools__columbus_education_association_2022_2025__071387d0,Columbus_Education_Association_2022-2025.pdf,Columbus City Schools,88,Any teacher whose teaching services in the Columbus City Schools has been interrupted by active duty service in the armed forces shall be reemployed in accordance with the provisions of Section 3316.14 of the Ohio Revised Code,Any teacher whose teaching services in the Columbus City Schools has been interrupted by active duty service in the armed forces,management,worker,shall,False,passive,plain,obligation,obligation,True,1.0,leave,True,
columbus_city_schools__columbus_education_association_2022_2025__071387d0,Columbus_Education_Association_2022-2025.pdf,Columbus City Schools,88,and shall be given full credit on the salary schedule for such service.,the teacher,management,worker,shall,False,passive,rights_passive,right,right,True,1.0,compensation,True,
columbus_city_schools__columbus_education_association_2022_2025__071387d0,Columbus_Education_Association_2022-2025.pdf,Columbus City Schools,88,Military leave shall be granted pursuant to Section 5923.05 of the Ohio Revised Code.,Military leave,other,worker,shall,False,passive,rights_passive,right,obligation,False,1.0,leave,True,
columbus_city_schools__columbus_education_association_2022_2025__071387d0,Columbus_Education_Association_2022-2025.pdf,Columbus City Schools,88,"In order to accommodate special and clearly defined needs of the Columbus City School District, the Superintendent may recommend that the Columbus Board of Education grant a leave of absence, without pay, to a contract teacher in accordance with the following procedures:",the Superintendent,management,management,may,False,active,plain,permission,permission,True,0.3,leave,True,
columbus_city_schools__columbus_education_association_2022_2025__071387d0,Columbus_Education_Association_2022-2025.pdf,Columbus City Schools,88,The Superintendent shall submit to the Board of Education a statement defining the specific needs of the Columbus City School District that can be accommodated through the grant-ing of such a leave of absence.,The Superintendent,management,management,shall,False,active,plain,obligation,obligation,True,1.0,leave,True,
columbus_city_schools__columbus_education_association_2022_2025__071387d0,Columbus_Education_Association_2022-2025.pdf,Columbus City Schools,88,The Superintendent shall identify and select from the staff of contract teachers such personnel as the Superintendent deems capable of accommodating such needs of the Columbus City School District,The Superintendent,management,management,shall,False,active,plain,obligation,obligation,True,1.0,leave,True,
columbus_city_schools__columbus_education_association_2022_2025__071387d0,Columbus_Education_Association_2022-2025.pdf,Columbus City Schools,88,and shall recommend to the Board of Educa- tion that such personnel be granted leaves of absence.,The Superintendent,management,management,shall,False,active,plain,obligation,obligation,True,1.0,leave,True,
columbus_city_schools__columbus_education_association_2022_2025__071387d0,Columbus_Education_Association_2022-2025.pdf,Columbus City Schools,88,"The Superintendent shall have discretion to authorize such personnel to accept employment with remuneration paid by an agency other than the Columbus Board of Education during such a leave if, in the judgment of the Superintendent, such employment provides specialized training for such personnel that cannot be obtained in a more feasible manner by such personnel as employees of the Columbus Board of Education.",The Superintendent,management,management,shall,False,active,permission_verb,permission,permission,True,1.0,leave,True,
columbus_city_schools__columbus_education_association_2022_2025__071387d0,Columbus_Education_Association_2022-2025.pdf,Columbus City Schools,88,"Before such a leave of absence shall become effective, such personnel shall sign a statement indicating their intention to return to the service of the Columbus City School District upon termination of such a leave of absence.",such personnel,worker,management,shall,False,active,plain,obligation,obligation,True,1.0,leave,True,
columbus_city_schools__columbus_education_association_2022_2025__071387d0,Columbus_Education_Association_2022-2025.pdf,Columbus City Schools,88,Such a leave of absence shall be for a period of up to one (1) full school year.,Such a leave of absence,other,management,shall,False,active,plain,obligation,obligation,True,1.0,leave,True,
columbus_city_schools__columbus_education_association_2022_2025__071387d0,Columbus_Education_Association_2022-2025.pdf,Columbus City Schools,88,Extension of such leaves shall be subject to the recommendation of the Superintendent and the approval of the Board of Education.,Extension of such leaves,other,management,shall,False,active,plain,obligation,obligation,True,1.0,leave,True,
columbus_city_schools__columbus_education_association_2022_2025__071387d0,Columbus_Education_Association_2022-2025.pdf,Columbus City Schools,89,Time spent by personnel on such a leave of absence shall be recognized by the Columbus City School District for salary purposes,Time spent by personnel on such a leave of absence,management,worker,shall,False,passive,rights_passive,right,obligation,False,1.0,compensation,True,
columbus_city_schools__columbus_education_association_2022_2025__071387d0,Columbus_Education_Association_2022-2025.pdf,Columbus City Schools,89,shall not affect the tenure status of such personnel.,Time spent by personnel on such a leave of absence,other,worker,shall,True,active,plain,prohibition,prohibition,True,1.0,job_security,True,elliptical subject
columbus_city_schools__columbus_education_association_2022_2025__071387d0,Columbus_Education_Association_2022-2025.pdf,Columbus City Schools,89,Termination of such a leave shall be effected in writing by the Superintendent.,Termination of such a leave,management,management,shall,False,passive,plain,obligation,obligation,True,1.0,leave,True,
columbus_city_schools__columbus_education_association_2022_2025__071387d0,Columbus_Education_Association_2022-2025.pdf,Columbus City Schools,89,"The Superintendent may, in the Superintendent’s sole discretion, grant a special leave to a teacher without the reasons being state in writing.",The Superintendent,management,management,may,False,active,rights_active,right,permission,False,0.3,leave,True,
columbus_city_schools__columbus_education_association_2022_2025__071387d0,Columbus_Education_Association_2022-2025.pdf,Columbus City Schools,89,"Such a leave, if granted, cannot exceed one (1) school year",Such a leave,other,management,can,True,active,plain,prohibition,prohibition,True,0.3,leave,True,
columbus_city_schools__columbus_education_association_2022_2025__071387d0,Columbus_Education_Association_2022-2025.pdf,Columbus City Schools,89,it will be without pay,it,other,management,will,False,active,plain,obligation,obligation,True,0.9,leave,True,
columbus_city_schools__columbus_education_association_2022_2025__071387d0,Columbus_Education_Association_2022-2025.pdf,Columbus City Schools,89,"upon return, the teacher will not be entitled to a salary increment.",the teacher,worker,management,will,True,passive,rights_passive,other,prohibition,False,0.0,compensation,True,
columbus_city_schools__columbus_education_association_2022_2025__071387d0,Columbus_Education_Association_2022-2025.pdf,Columbus City Schools,89,The Superintendent in granting such leave can establish terms and conditions of the teacher’s return.,The Superintendent,management,management,can,False,active,plain,permission,permission,True,0.3,leave,True,
columbus_city_schools__columbus_education_association_2022_2025__071387d0,Columbus_Education_Association_2022-2025.pdf,Columbus City Schools,89,A teacher returning from any leave of absence enumerated in Section 702.01 through Section 702.07 of this article shall be placed immediately on the payroll if the termination date is known at the time that the leave of absence was granted.,A teacher returning from any leave of absence enumerated in Section 702.01 through Section 702.07 of this article,management,worker,shall,False,passive,rights_passive,right,obligation,False,1.0,compensation,True,
columbus_city_schools__columbus_education_association_2022_2025__071387d0,Columbus_Education_Association_2022-2025.pdf,Columbus City Schools,89,"If the termination date of the leave of absence was not known at the time that the leave was granted, the Board will not be required to place the teacher on the payroll until thirty (30) days after the termination date.",the Board,management,management,will,True,active,obligation_verb,right,right,True,0.9,leave,True,
columbus_city_schools__columbus_education_association_2022_2025__071387d0,Columbus_Education_Association_2022-2025.pdf,Columbus City Schools,89,The teacher returning from any leave of absence as enumerated in Section 702.01 through Section 702.07 of this article shall be given the same consideration in assignment as provided teachers in a staff reduction status.,The teacher returning from any leave of absence as enumerated in Section 702.01 through Section 702.07 of this article,management,worker,shall,False,passive,rights_passive,right,right,True,1.0,leave,True,
columbus_city_schools__columbus_education_association_2022_2025__071387d0,Columbus_Education_Association_2022-2025.pdf,Columbus City Schools,89,"To accomplish school needs, short-term periods of absence, without loss of pay, may be granted by the Superintendent, to attend local, state and national meetings, to participate in civic activities and to provide community service.",short-term periods of absence,management,worker,may,False,passive,rights_passive,right,permission,False,0.3,leave,True,
columbus_city_schools__columbus_education_association_2022_2025__071387d0,Columbus_Education_Association_2022-2025.pdf,Columbus City Schools,89,Only upon recommendation of the Superintendent and approval of the Board may personnel be reimbursed for expenses incurred in attending such meetings or providing such services.,personnel,worker,worker,may,False,passive,rights_passive,right,permission,False,0.3,leave,True,
columbus_city_schools__columbus_education_association_2022_2025__071387d0,Columbus_Education_Association_2022-2025.pdf,Columbus City Schools,89,"Upon written request to the Superintendent, a leave of absence without payment of salary shall be granted to a teacher who has illness in the immediate family.",a leave of absence without payment of salary,management,worker,shall,False,passive,rights_passive,right,right,True,1.0,leave,True,
columbus_city_schools__columbus_education_association_2022_2025__071387d0,Columbus_Education_Association_2022-2025.pdf,Columbus City Schools,89,Such leave shall be granted for,Such leave,management,worker,shall,False,passive,rights_passive,right,right,True,1.0,leave,True,truncated at end of chunk
columbus_city_schools__columbus_education_association_2022_2025__071387d0,Columbus_Education_Association_2022-2025.pdf,Columbus City Schools,90,"Such leave shall be granted for the remainder of the semester or school year, or for an entire school year,",Such leave,management,worker,shall,False,passive,rights_passive,right,right,True,1.0,leave,True,
columbus_city_schools__columbus_education_association_2022_2025__071387d0,Columbus_Education_Association_2022-2025.pdf,Columbus City Schools,90,and may be renewed upon written request.,Such leave,management,worker,may,False,passive,plain,permission,permission,True,0.3,leave,True,
columbus_city_schools__columbus_education_association_2022_2025__071387d0,Columbus_Education_Association_2022-2025.pdf,Columbus City Schools,90,A written request for reinstatement shall be filed with the Superintendent at least thirty (30) days prior to the return to duty of the teacher.,A written request for reinstatement,worker,management,shall,False,passive,plain,obligation,obligation,True,1.0,leave,True,
columbus_city_schools__columbus_education_association_2022_2025__071387d0,Columbus_Education_Association_2022-2025.pdf,Columbus City Schools,90,"A teacher may be absent, with pay, on a day identified by a duly constituted religious body as a religious holiday,",A teacher,worker,worker,may,False,active,plain,permission,permission,True,0.3,leave,True,
columbus_city_schools__columbus_education_association_2022_2025__071387d0,Columbus_Education_Association_2022-2025.pdf,Columbus City Schools,90,Requests for such absence shall be made of the Human Resources Department at least five (5) school days prior to the holiday.,Requests for such absence,worker,management,shall,False,passive,plain,obligation,obligation,True,1.0,leave,True,
columbus_city_schools__columbus_education_association_2022_2025__071387d0,Columbus_Education_Association_2022-2025.pdf,Columbus City Schools,90,"Such absence shall not exceed three (3) days during the school year,",Such absence,other,management,shall,True,active,plain,prohibition,prohibition,True,1.0,leave,True,
columbus_city_schools__columbus_education_association_2022_2025__071387d0,Columbus_Education_Association_2022-2025.pdf,Columbus City Schools,90,which days shall not be deducted from any other leave.,which days,management,worker,shall,True,passive,plain,prohibition,prohibition,True,1.0,leave,True,
columbus_city_schools__columbus_education_association_2022_2025__071387d0,Columbus_Education_Association_2022-2025.pdf,Columbus City Schools,90,Each teacher shall be credited with two (2) personal leave days each school year,Each teacher,management,worker,shall,False,passive,rights_passive,right,right,True,1.0,leave,True,
columbus_city_schools__columbus_education_association_2022_2025__071387d0,Columbus_Education_Association_2022-2025.pdf,Columbus City Schools,90,and may use personal leave days for absence due to personal reasons.,Each teacher,worker,worker,may,False,active,plain,permission,permission,True,0.3,leave,True,
columbus_city_schools__columbus_education_association_2022_2025__071387d0,Columbus_Education_Association_2022-2025.pdf,Columbus City Schools,90,"Personal leave days shall not be deducted from sick leave,",Personal leave days,management,worker,shall,True,passive,plain,prohibition,prohibition,True,1.0,leave,True,
columbus_city_schools__columbus_education_association_2022_2025__071387d0,Columbus_Education_Association_2022-2025.pdf,Columbus City Schools,90,and unused personal leave days shall be cumulative from year to year.,unused personal leave days,other,worker,shall,False,active,plain,obligation,right,False,1.0,leave,True,
columbus_city_schools__columbus_education_association_2022_2025__071387d0,Columbus_Education_Association_2022-2025.pdf,Columbus City Schools,90,"Except for unusual or unforeseen circumstances, a teacher shall provide a written notification to the teacher’s principal/supervisor or designee at least five (5) school days in advance of the intention to take personal leave.",a teacher,worker,management,shall,False,active,plain,obligation,obligation,True,1.0,leave,True,
columbus_city_schools__columbus_education_association_2022_2025__071387d0,Columbus_Education_Association_2022-2025.pdf,Columbus City Schools,90,Such notification shall contain certification by the teacher that the absence is not for one of the reasons proscribed below.,Such notification,other,management,shall,False,active,plain,obligation,obligation,True,1.0,leave,True,
columbus_city_schools__columbus_education_association_2022_2025__071387d0,Columbus_Education_Association_2022-2025.pdf,Columbus City Schools,90,The filing of a false statement by a teacher shall be considered by the Board as grounds for disciplinary action in such form and manner as the Board may deem advisable.,The filing of a false statement by a teacher,worker,management,shall,False,passive,plain,obligation,other,False,1.0,discipline,True,
columbus_city_schools__columbus_education_association_2022_2025__071387d0,Columbus_Education_Association_2022-2025.pdf,Columbus City Schools,90,Teachers employed after January 1 in a given school year shall be credited with one (1) day of personal leave in that school year.,Teachers employed after January 1 in a given school year,management,worker,shall,False,passive,rights_passive,right,right,True,1.0,leave,True,
columbus_city_schools__columbus_education_association_2022_2025__071387d0,Columbus_Education_Association_2022-2025.pdf,Columbus City Schools,90,Teachers employed after April 1 in a given school year shall not be credited with personal leave in that school year.,Teachers employed after April 1 in a given school year,management,management,shall,True,passive,rights_passive,other,prohibition,False,0.0,leave,True,
columbus_city_schools__columbus_education_association_2022_2025__071387d0,Columbus_Education_Association_2022-2025.pdf,Columbus City Schools,91,"Absence on Saturdays, Sundays, paid holidays and paid non-work days shall not be charged against personal leave.","Absence on Saturdays, Sundays, paid holidays and paid non-work days",management,worker,shall,True,active,plain,prohibition,prohibition,True,1.0,leave,True,
columbus_city_schools__columbus_education_association_2022_2025__071387d0,Columbus_Education_Association_2022-2025.pdf,Columbus City Schools,91,"Annually no later than May 1, teachers may submit in writing a request to participate in the Board’s personal leave buy back program for up two (2) personal days per year.",teachers,worker,worker,may,False,active,plain,permission,permission,True,0.3,compensation,True,
columbus_city_schools__columbus_education_association_2022_2025__071387d0,Columbus_Education_Association_2022-2025.pdf,Columbus City Schools,91,Teachers shall be compensated at eighty-five percent (85%) of the daily rate of the BA minimum salary per day.,Teachers,management,worker,shall,False,passive,rights_passive,right,right,True,1.0,compensation,True,
columbus_city_schools__columbus_education_association_2022_2025__071387d0,Columbus_Education_Association_2022-2025.pdf,Columbus City Schools,91,Payment will be made by the date of the 26th pay.,Payment,other,worker,will,False,passive,plain,obligation,obligation,True,0.9,compensation,True,
columbus_city_schools__columbus_education_association_2022_2025__071387d0,Columbus_Education_Association_2022-2025.pdf,Columbus City Schools,91,"Teachers, upon written request to the Superintendent, shall be eligible for leave for the number of days or partial days needed to accept jury duty.","Teachers, upon written request to the Superintendent",management,worker,shall,False,passive,rights_passive,right,right,True,1.0,leave,True,
columbus_city_schools__columbus_education_association_2022_2025__071387d0,Columbus_Education_Association_2022-2025.pdf,Columbus City Schools,91,"Upon submission of proof of jury service and any funds received for jury service, the teacher shall be paid the regular salary for the number of days involved.",the teacher,management,worker,shall,False,passive,rights_passive,right,right,True,1.0,compensation,True,
columbus_city_schools__columbus_education_association_2022_2025__071387d0,Columbus_Education_Association_2022-2025.pdf,Columbus City Schools,91,Such leave shall not be deducted from any other leave.,Such leave,management,worker,shall,True,active,plain,prohibition,prohibition,True,1.0,leave,True,
columbus_city_schools__columbus_education_association_2022_2025__071387d0,Columbus_Education_Association_2022-2025.pdf,Columbus City Schools,91,"The Board shall authorize a pool of up to a total of 215 days of leave with pay per year for the use of members of the bargaining unit who are elected to represent the Association or who are chosen to serve on programs or to represent the Association in any official capacity at meetings, conferences or conventions attended by representatives of the Association.",The Board,management,worker,shall,False,active,plain,obligation,obligation,True,1.0,leave,True,
columbus_city_schools__columbus_education_association_2022_2025__071387d0,Columbus_Education_Association_2022-2025.pdf,Columbus City Schools,91,"Such leaves will be granted upon written application made not less than five (5) school days in advance to the administrator of Human Resources,",Such leaves,management,worker,will,False,passive,rights_passive,right,obligation,False,0.9,leave,True,
columbus_city_schools__columbus_education_association_2022_2025__071387d0,Columbus_Education_Association_2022-2025.pdf,Columbus City Schools,91,in no event shall more than three (3) teachers be granted such leaves at the same time from any school.,more than three (3) teachers,management,worker,shall,False,passive,rights_passive,right,prohibition,False,1.0,leave,True,
columbus_city_schools__columbus_education_association_2022_2025__071387d0,Columbus_Education_Association_2022-2025.pdf,Columbus City Schools,91,"Leaves of absence for national service programs (Peace Corps and VISTA), without pay, shall be granted to regular contract teachers for a period of one (1) full semester or one (1) full year.","Leaves of absence for national service programs (Peace Corps and VISTA), without pay",management,worker,shall,False,passive,rights_passive,right,obligation,False,1.0,leave,True,
columbus_city_schools__columbus_education_association_2022_2025__071387d0,Columbus_Education_Association_2022-2025.pdf,Columbus City Schools,91,Written application for such leave must be filed with the Superintendent no later than two (2) months prior to the beginning of the requested leave must be filed with the Superintendent no later than two (2) months prior to the beginning of the requested leave period.,Written application for such leave,worker,management,must,False,passive,plain,obligation,obligation,True,1.0,leave,True,Contains duplicated text from source.
columbus_city_schools__columbus_education_association_2022_2025__071387d0,Columbus_Education_Association_2022-2025.pdf,Columbus City Schools,91,Credit on the salary schedule shall be given for time spent in teaching while on a national service leave.,Credit on the salary schedule,management,worker,shall,False,passive,rights_passive,right,obligation,False,1.0,compensation,True,
columbus_city_schools__columbus_education_association_2022_2025__071387d0,Columbus_Education_Association_2022-2025.pdf,Columbus City Schools,91,Termination of a national service leave shall be by written request of the teacher to the Superintendent not less than 120 days prior to the time that the teacher expects to return to duty in the Columbus City Schools.,Termination of a national service leave,worker,management,shall,False,passive,plain,obligation,obligation,True,1.0,leave,True,
columbus_city_schools__columbus_education_association_2022_2025__071387d0,Columbus_Education_Association_2022-2025.pdf,Columbus City Schools,93,Teachers requesting such leaves must accompany their application with a detailed plan for the use of the sabbatical leaves.,Teachers requesting such leaves,worker,management,must,False,active,plain,obligation,obligation,True,1.0,leave,True,
columbus_city_schools__columbus_education_association_2022_2025__071387d0,Columbus_Education_Association_2022-2025.pdf,Columbus City Schools,93,"Within sixty (60) days after the expiration of their leave, a teacher will make a written report to the Superintendent detailing the use which was made of the leave.",a teacher,worker,management,will,False,active,plain,obligation,obligation,True,0.9,leave,True,
columbus_city_schools__columbus_education_association_2022_2025__071387d0,Columbus_Education_Association_2022-2025.pdf,Columbus City Schools,93,"If the leave was granted for graduate study, the teacher will present to the Superintendent a transcript from the university or college attended.",the teacher,worker,management,will,False,active,plain,obligation,obligation,True,0.9,leave,True,
columbus_city_schools__columbus_education_association_2022_2025__071387d0,Columbus_Education_Association_2022-2025.pdf,Columbus City Schools,93,"As a condition of being granted a sabbatical leave, a teacher must agree to teach in the Columbus City Schools for a period of one (1) school year upon returning from leave.",a teacher,worker,management,must,False,active,plain,obligation,obligation,True,1.0,leave,True,
columbus_city_schools__columbus_education_association_2022_2025__071387d0,Columbus_Education_Association_2022-2025.pdf,Columbus City Schools,93,Failure to do so will require the teacher to refund to the Board all payments received from the Board during the leave period.,Failure to do so,other,management,will,False,active,plain,obligation,obligation,True,0.9,leave,True,
columbus_city_schools__columbus_education_association_2022_2025__071387d0,Columbus_Education_Association_2022-2025.pdf,Columbus City Schools,93,Teachers on sabbatical leave shall be given full credit on the salary schedule for the period of leave.,Teachers on sabbatical leave,management,worker,shall,False,passive,rights_passive,right,obligation,False,1.0,compensation,True,
columbus_city_schools__columbus_education_association_2022_2025__071387d0,Columbus_Education_Association_2022-2025.pdf,Columbus City Schools,93,All such sabbatical leaves shall be granted in conformity with the provisions of Section 3319.131 of the Ohio Revised Code.,All such sabbatical leaves,management,worker,shall,False,passive,rights_passive,right,obligation,False,1.0,leave,True,
columbus_city_schools__columbus_education_association_2022_2025__071387d0,Columbus_Education_Association_2022-2025.pdf,Columbus City Schools,93,it may make a reasonable reduction.,it,management,management,may,False,active,plain,permission,permission,True,0.3,compensation,True,"""it"" refers to the Board of Education."
columbus_city_schools__columbus_education_association_2022_2025__071387d0,Columbus_Education_Association_2022-2025.pdf,Columbus City Schools,93,a meeting will be scheduled consistent with Article 108.02 for the purposes of discussing the reasons and reviewing relevant financial documents.,a meeting,management,worker,will,False,passive,plain,obligation,obligation,True,0.9,layoffs,True,
columbus_city_schools__columbus_education_association_2022_2025__071387d0,Columbus_Education_Association_2022-2025.pdf,Columbus City Schools,93,"First, the Board shall accomplish any necessary reductions in staff through attrition (i.e. retirement, voluntary resignation, etc.) before any suspension of contracts.",the Board,management,worker,shall,False,active,plain,obligation,obligation,True,1.0,layoffs,True,
columbus_city_schools__columbus_education_association_2022_2025__071387d0,Columbus_Education_Association_2022-2025.pdf,Columbus City Schools,93,limited contract teachers shall be reduced first utilizing the following order:,limited contract teachers,management,management,shall,False,passive,plain,obligation,obligation,True,1.0,layoffs,True,Conditional clause omitted.
columbus_city_schools__columbus_education_association_2022_2025__071387d0,Columbus_Education_Association_2022-2025.pdf,Columbus City Schools,93,"seniority in the district shall prevail, with the contract of the least senior limited contract teacher in the affected teaching field the first to be suspended.",seniority in the district,other,management,shall,False,active,plain,obligation,obligation,True,1.0,layoffs,True,
columbus_city_schools__columbus_education_association_2022_2025__071387d0,Columbus_Education_Association_2022-2025.pdf,Columbus City Schools,94,only then shall continuing contract teachers be reduced by utilizing the following order:,continuing contract teachers,management,management,shall,False,passive,plain,obligation,obligation,True,1.0,layoffs,True,
columbus_city_schools__columbus_education_association_2022_2025__071387d0,Columbus_Education_Association_2022-2025.pdf,Columbus City Schools,94,reductions in force will be conducted in the following order based on the highest summative rating received from a teacher’s two most recent full evaluation cycles within the District.,reductions in force,management,management,will,False,passive,plain,obligation,obligation,True,0.9,layoffs,True,
columbus_city_schools__columbus_education_association_2022_2025__071387d0,Columbus_Education_Association_2022-2025.pdf,Columbus City Schools,94,A single summative rating shall be used for the purposes of this article only in the event that two full evaluations have not been completed with the District.,A single summative rating,management,management,shall,False,passive,plain,obligation,obligation,True,1.0,evaluation,True,
columbus_city_schools__columbus_education_association_2022_2025__071387d0,Columbus_Education_Association_2022-2025.pdf,Columbus City Schools,94,No reduction in force shall be accomplished through the nonrenewal or termination of the contract of any bargaining unit member.,No reduction in force,management,worker,shall,True,passive,plain,prohibition,prohibition,True,1.0,job_security,True,
columbus_city_schools__columbus_education_association_2022_2025__071387d0,Columbus_Education_Association_2022-2025.pdf,Columbus City Schools,94,"Teachers, whose continuing contracts are suspended, shall have the right of restoration to continuing service status in reverse order of suspension if and when teaching positions become vacant or are created for which any of such teachers are or become qualified.","Teachers, whose continuing contracts are suspended,",worker,worker,shall,False,active,rights_active,right,right,True,1.0,job_security,True,
columbus_city_schools__columbus_education_association_2022_2025__071387d0,Columbus_Education_Association_2022-2025.pdf,Columbus City Schools,94,limited contract teachers shall be recalled in reverse order of suspension as positions are available in their areas of certification/licensure.,limited contract teachers,management,worker,shall,False,passive,plain,obligation,obligation,True,1.0,layoffs,True,
columbus_city_schools__columbus_education_association_2022_2025__071387d0,Columbus_Education_Association_2022-2025.pdf,Columbus City Schools,94,The Board shall recall all teachers on layoff status in the various areas of certification prior to employment of any new teachers in such certification areas.,The Board,management,worker,shall,False,active,plain,obligation,obligation,True,1.0,layoffs,True,
columbus_city_schools__columbus_education_association_2022_2025__071387d0,Columbus_Education_Association_2022-2025.pdf,Columbus City Schools,94,"As teaching positions become available, teachers who have been reassigned as a result of the reductions of other personnel, may again be reassigned at the discretion of the Administration to a teaching","teachers who have been reassigned as a result of the reductions of other personnel,",management,management,may,False,passive,plain,permission,permission,True,0.3,layoffs,True,Truncated at end of chunk.
columbus_city_schools__columbus_education_association_2022_2025__071387d0,Columbus_Education_Association_2022-2025.pdf,Columbus City Schools,95,"As teaching positions become available, teachers who have been reassigned as a result of the reductions of other personnel, may again be reassigned at the discretion of the Administration to a teaching position more closely conforming to their assignment prior to the reduction transfer.",teachers who have been reassigned as a result of the reductions of other personnel,management,management,may,False,passive,permission_verb,permission,permission,True,0.3,layoffs,True,
columbus_city_schools__columbus_education_association_2022_2025__071387d0,Columbus_Education_Association_2022-2025.pdf,Columbus City Schools,95,New employees shall make their election during the first year of employment.,New employees,worker,management,shall,False,active,plain,obligation,obligation,True,1.0,other,True,
columbus_city_schools__columbus_education_association_2022_2025__071387d0,Columbus_Education_Association_2022-2025.pdf,Columbus City Schools,95,"Election shall be made on a form which indicates the purposes of the election and which provides for the election of instrumental, vocal or both.",Election,management,management,shall,False,passive,plain,obligation,obligation,True,1.0,other,True,
columbus_city_schools__columbus_education_association_2022_2025__071387d0,Columbus_Education_Association_2022-2025.pdf,Columbus City Schools,95,Teachers on a layoff status shall be responsible for keeping the administrator of Human Resources informed as to their current address and telephone number.,Teachers on a layoff status,worker,management,shall,False,active,obligation_verb,obligation,obligation,True,1.0,layoffs,True,
columbus_city_schools__columbus_education_association_2022_2025__071387d0,Columbus_Education_Association_2022-2025.pdf,Columbus City Schools,95,Notification of recall by the administrator of Human Resources shall be to such address,Notification of recall,management,worker,shall,False,active,plain,obligation,obligation,True,1.0,layoffs,True,
columbus_city_schools__columbus_education_association_2022_2025__071387d0,Columbus_Education_Association_2022-2025.pdf,Columbus City Schools,95,"failure to contact the administrator of Human Resources, within fourteen (14) calendar days of the date of mailing shall remove the teacher from layoff status.",failure to contact the administrator of Human Resources,other,management,shall,False,active,plain,obligation,obligation,True,1.0,layoffs,True,
columbus_city_schools__columbus_education_association_2022_2025__071387d0,Columbus_Education_Association_2022-2025.pdf,Columbus City Schools,95,The administrator of Human Resources will also attempt a telephone contact of the teacher.,The administrator of Human Resources,management,worker,will,False,active,plain,obligation,obligation,True,0.9,layoffs,True,
columbus_city_schools__columbus_education_association_2022_2025__071387d0,Columbus_Education_Association_2022-2025.pdf,Columbus City Schools,95,failure to accept the offered assignment shall remove the teacher from layoff status,failure to accept the offered assignment,other,management,shall,False,active,plain,obligation,obligation,True,1.0,layoffs,True,
columbus_city_schools__columbus_education_association_2022_2025__071387d0,Columbus_Education_Association_2022-2025.pdf,Columbus City Schools,95,"who shall not lose that right of restoration to continuing service status by reason of having declined recall to a position that is less than full-time or, if the teacher was not employed full-time just prior to suspension of the teacher’s continuing contract, to a position requiring a lesser percentage of full-time employment than the position the teacher last held while employed.",who,worker,worker,shall,True,active,plain,prohibition,prohibition,True,1.0,job_security,True,relative clause modifying 'continuing contract teachers'
columbus_city_schools__columbus_education_association_2022_2025__071387d0,Columbus_Education_Association_2022-2025.pdf,Columbus City Schools,95,Acceptance of an extra-duty assignment shall not be required as a part of such offered assignment.,Acceptance of an extra-duty assignment,other,worker,shall,True,passive,plain,prohibition,right,False,1.0,layoffs,True,
columbus_city_schools__columbus_education_association_2022_2025__071387d0,Columbus_Education_Association_2022-2025.pdf,Columbus City Schools,95,Teachers on layoff status may work as substitute teachers in the Columbus City Schools without jeopardizing their layoff status.,Teachers on layoff status,worker,worker,may,False,active,permission_verb,permission,permission,True,0.3,layoffs,True,
columbus_city_schools__columbus_education_association_2022_2025__071387d0,Columbus_Education_Association_2022-2025.pdf,Columbus City Schools,95,Teachers who are reemployed from a layoff status shall have all seniority rights restored to their status which were in effect on their last date of employment,Teachers who are reemployed from a layoff status,worker,worker,shall,False,active,plain,obligation,right,False,1.0,seniority,True,
columbus_city_schools__columbus_education_association_2022_2025__071387d0,Columbus_Education_Association_2022-2025.pdf,Columbus City Schools,95,a teacher with one year of experience prior to layoff would be given credit for one year of teaching experience on the salary schedule at the time of recall.,a teacher with one year of experience prior to layoff,management,worker,,False,passive,rights_passive,right,obligation,False,0.85,compensation,True,
columbus_city_schools__columbus_education_association_2022_2025__071387d0,Columbus_Education_Association_2022-2025.pdf,Columbus City Schools,96,All rights provided in this provision for teachers on a layoff status shall be limited to thirty-six (36) months.,All rights provided in this provision for teachers on a layoff status,other,management,shall,False,passive,plain,obligation,obligation,True,1.0,layoffs,True,
columbus_city_schools__columbus_education_association_2022_2025__071387d0,Columbus_Education_Association_2022-2025.pdf,Columbus City Schools,96,some teachers who are notified of a reduction in force may be recalled prior to the beginning of the following school year.,some teachers who are notified of a reduction in force,management,management,may,False,passive,plain,permission,permission,True,0.3,layoffs,True,
columbus_city_schools__columbus_education_association_2022_2025__071387d0,Columbus_Education_Association_2022-2025.pdf,Columbus City Schools,96,"However, the administration shall have the right to utilize substitute teachers in a limited number of positions during August and September before determining that such positions will be permanently needed and filled by teachers on a layoff status.",the administration,management,management,shall,False,active,plain,obligation,right,False,1.0,layoffs,True,
columbus_city_schools__columbus_education_association_2022_2025__071387d0,Columbus_Education_Association_2022-2025.pdf,Columbus City Schools,96,"In addition, substitute teachers may continue to be utilized in the same manner as in the past.",substitute teachers,management,management,may,False,passive,plain,permission,permission,True,0.3,other,True,
columbus_city_schools__columbus_education_association_2022_2025__071387d0,Columbus_Education_Association_2022-2025.pdf,Columbus City Schools,96,A six-member joint Association/Board committee shall be appointed to advise the Administration on problems which may result from the implementation of this provision as such problems are identified by the administrator of Human Resources or the Association.,A six-member joint Association/Board committee,management,management,shall,False,passive,plain,obligation,obligation,True,1.0,other,True,
columbus_city_schools__columbus_education_association_2022_2025__071387d0,Columbus_Education_Association_2022-2025.pdf,Columbus City Schools,96,The non-retention in employment or the reduction of assignment below six (6) hours per day on a regular basis of full-time hourly professional employees (teachers) resulting from program cancellations or other cutbacks shall be accomplished consistent with the provisions of Article 704.01.,The non-retention in employment or the reduction of assignment below six (6) hours per day on a regular basis of full-time hourly professional employees (teachers) resulting from program cancellations or other cutbacks,management,worker,shall,False,passive,plain,obligation,obligation,True,1.0,layoffs,True,
columbus_city_schools__columbus_education_association_2022_2025__071387d0,Columbus_Education_Association_2022-2025.pdf,Columbus City Schools,96,Seniority shall be measured from the first day of paid status in the earliest year of continuous employment by the Board of Education.,Seniority,management,worker,shall,False,passive,plain,obligation,obligation,True,1.0,seniority,True,
columbus_city_schools__columbus_education_association_2022_2025__071387d0,Columbus_Education_Association_2022-2025.pdf,Columbus City Schools,96,"To qualify as a year of continuous employment, the employee must have worked a minimum of thirty-seven (37) weeks with a minimum of six (6) hours per day on a regular basis during the year.",the employee,worker,management,must,False,active,plain,obligation,obligation,True,1.0,seniority,True,
columbus_city_schools__columbus_education_association_2022_2025__071387d0,Columbus_Education_Association_2022-2025.pdf,Columbus City Schools,96,Such teachers shall be considered in a layoff status,Such teachers,management,worker,shall,False,passive,plain,obligation,obligation,True,1.0,layoffs,True,
columbus_city_schools__columbus_education_association_2022_2025__071387d0,Columbus_Education_Association_2022-2025.pdf,Columbus City Schools,96,Such teachers shall be recalled in reverse order of suspension as contract or full-time hourly positions are available for which they are certified.,Such teachers,management,worker,shall,False,passive,plain,obligation,obligation,True,1.0,layoffs,True,
columbus_city_schools__columbus_education_association_2022_2025__071387d0,Columbus_Education_Association_2022-2025.pdf,Columbus City Schools,96,"Such teachers as may be recalled to contract teaching positions may, at the option of the Board, be reassigned at the end of the school year to a full-time hourly teaching position.",Such teachers as may be recalled to contract teaching positions,management,management,may,False,passive,plain,permission,permission,True,0.3,transfers,True,
columbus_city_schools__columbus_education_association_2022_2025__071387d0,Columbus_Education_Association_2022-2025.pdf,Columbus City Schools,97,All provisions of Section 704.02 of this article not in conflict with Section 704.03 shall also apply to full-time hourly professional employees.,All provisions of Section 704.02 of this article not in conflict with Section 704.03,other,worker,shall,False,active,plain,obligation,obligation,True,1.0,layoffs,True,
columbus_city_schools__columbus_education_association_2022_2025__071387d0,Columbus_Education_Association_2022-2025.pdf,Columbus City Schools,97,Any full-time hourly professional employee whose assignment is reduced to less than six (6) hours per day on a regular basis shall be considered on layoff status,Any full-time hourly professional employee whose assignment is reduced to less than six (6) hours per day on a regular basis,worker,worker,shall,False,passive,plain,obligation,obligation,True,1.0,layoffs,True,
columbus_city_schools__columbus_education_association_2022_2025__071387d0,Columbus_Education_Association_2022-2025.pdf,Columbus City Schools,97,such employee may elect to remain in the less than full-time position without prejudicing the bargaining unit member’s rights under 704.03(B) above.,such employee,worker,worker,may,False,active,plain,permission,permission,True,0.3,layoffs,True,
columbus_city_schools__columbus_education_association_2022_2025__071387d0,Columbus_Education_Association_2022-2025.pdf,Columbus City Schools,97,summer school teaching employment for the following summer shall be made available to at least as many teachers as taught during the previous summer school term.,summer school teaching employment for the following summer,other,worker,shall,False,passive,rights_passive,right,obligation,False,1.0,compensation,True,
columbus_city_schools__columbus_education_association_2022_2025__071387d0,Columbus_Education_Association_2022-2025.pdf,Columbus City Schools,97,"Such teachers will receive a separate, supplemental contract for teaching in the summer school at the supplemental rate of pay established in this Agreement.",Such teachers,worker,worker,will,False,active,rights_active,right,right,True,0.9,compensation,True,
columbus_city_schools__columbus_education_association_2022_2025__071387d0,Columbus_Education_Association_2022-2025.pdf,Columbus City Schools,97,such contracts of such teachers as are not needed will be null and void beginning with the least senior teacher.,such contracts of such teachers as are not needed,other,management,will,False,active,plain,obligation,obligation,True,0.9,layoffs,True,
columbus_city_schools__columbus_education_association_2022_2025__071387d0,Columbus_Education_Association_2022-2025.pdf,Columbus City Schools,97,Supplemental contracts issued in accordance with this provision will contain language clearly establishing the right of the Board to declare such contracts null and void for reasons herein contained.,Supplemental contracts issued in accordance with this provision,other,management,will,False,active,plain,obligation,obligation,True,0.9,other,True,
columbus_city_schools__columbus_education_association_2022_2025__071387d0,Columbus_Education_Association_2022-2025.pdf,Columbus City Schools,98,contracts of such teachers as are not needed will be null and void beginning with the least senior teacher.,contracts of such teachers as are not needed,other,management,will,False,active,plain,obligation,obligation,True,0.9,layoffs,True,
columbus_city_schools__columbus_education_association_2022_2025__071387d0,Columbus_Education_Association_2022-2025.pdf,Columbus City Schools,98,Members of the bargaining unit not meeting all of the stipulations in Priority I will be selected by the Administration to complete the summer school teaching staff.,Members of the bargaining unit not meeting all of the stipulations in Priority I,management,management,will,False,passive,rights_passive,right,obligation,False,0.9,compensation,True,explicit agent 'by the Administration'
columbus_city_schools__columbus_education_association_2022_2025__071387d0,Columbus_Education_Association_2022-2025.pdf,Columbus City Schools,98,Summer school teaching pay shall be in accordance with the supplemental hourly rate of pay established in this Agreement for the number of hours required in the given assignment.,Summer school teaching pay,other,worker,shall,False,active,plain,obligation,obligation,True,1.0,compensation,True,
columbus_city_schools__columbus_education_association_2022_2025__071387d0,Columbus_Education_Association_2022-2025.pdf,Columbus City Schools,98,Each summer school teacher shall have available supplies and equipment in amounts and kinds comparable to the supplies and equipment available to teachers of similar courses during the regular school year.,Each summer school teacher,worker,worker,shall,False,active,plain,obligation,obligation,True,1.0,safety_and_working_conditions,True,
columbus_city_schools__columbus_education_association_2022_2025__071387d0,Columbus_Education_Association_2022-2025.pdf,Columbus City Schools,98,"Administrative, supervisory and executive personnel will not be assigned to supper school teaching positions if qualified teachers are available to fill such positions.","Administrative, supervisory and executive personnel",management,worker,will,True,passive,plain,prohibition,prohibition,True,0.9,job_security,True,implicit agent
columbus_city_schools__columbus_education_association_2022_2025__071387d0,Columbus_Education_Association_2022-2025.pdf,Columbus City Schools,98,Specialized programs or experiences offered in the summer outside the courses of study approved for regular instruction by the Board of Education are not covered by Section 801.02.,Specialized programs or experiences offered in the summer outside the courses of study approved for regular instruction by the Board of Education,other,management,,True,active,plain,prohibition,other,False,0.0,other,True,
columbus_city_schools__columbus_education_association_2022_2025__071387d0,Columbus_Education_Association_2022-2025.pdf,Columbus City Schools,98,Scrip shall be issued according to the following priorities and stipulations:,Scrip,other,worker,shall,False,passive,plain,obligation,obligation,True,1.0,compensation,True,implicit agent
columbus_city_schools__columbus_education_association_2022_2025__071387d0,Columbus_Education_Association_2022-2025.pdf,Columbus City Schools,98,"(Such staff members shall be given sufficient scrip for full-time attendance, subject to availability.)",Such staff members,management,worker,shall,False,passive,rights_passive,right,right,True,1.0,compensation,True,
columbus_city_schools__columbus_education_association_2022_2025__071387d0,Columbus_Education_Association_2022-2025.pdf,Columbus City Schools,98,Priority II also includes certificated staff enrolled in a master’s or doctoral program in a college of education.,Priority II,other,worker,,False,active,plain,other,other,True,0.0,other,True,
columbus_city_schools__columbus_education_association_2022_2025__071387d0,Columbus_Education_Association_2022-2025.pdf,Columbus City Schools,99,"All other applicants, not in Priority groups I and II listed above, shall be considered on the basis of seniority in the Columbus City School System.",All other applicants,management,worker,shall,False,passive,plain,obligation,obligation,True,1.0,seniority,True,
columbus_city_schools__columbus_education_association_2022_2025__071387d0,Columbus_Education_Association_2022-2025.pdf,Columbus City Schools,99,A joint Association/Board committee shall be appointed to resolve problems which may arise in the credit bank system and to apply the above-mentioned priorities if limitations or restrictions shall be deemed necessary by the committee.,A joint Association/Board committee,management,worker,shall,False,passive,plain,obligation,obligation,True,1.0,other,True,
columbus_city_schools__columbus_education_association_2022_2025__071387d0,Columbus_Education_Association_2022-2025.pdf,Columbus City Schools,99,"An application form which reflects the above priorities and which indicates whether or not the applicant is an Association member, shall be mutually developed by the parties.",An application form,other,worker,shall,False,passive,plain,obligation,obligation,True,1.0,other,True,
columbus_city_schools__columbus_education_association_2022_2025__071387d0,Columbus_Education_Association_2022-2025.pdf,Columbus City Schools,99,Association membership shall in no way relate to the priorities established above.,Association membership,other,worker,shall,False,active,plain,obligation,prohibition,False,1.0,other,True,
columbus_city_schools__columbus_education_association_2022_2025__071387d0,Columbus_Education_Association_2022-2025.pdf,Columbus City Schools,99,The cost of a physical examination of a teacher which is required by the Board shall be borne by the Board of Education.,The cost of a physical examination of a teacher which is required by the Board,management,worker,shall,False,passive,rights_passive,right,obligation,False,1.0,benefits,True,
columbus_city_schools__columbus_education_association_2022_2025__071387d0,Columbus_Education_Association_2022-2025.pdf,Columbus City Schools,99,The Board shall have the right to designate the doctor to administer such required physical examination.,The Board,management,management,shall,False,active,rights_active,right,right,True,1.0,other,True,
columbus_city_schools__columbus_education_association_2022_2025__071387d0,Columbus_Education_Association_2022-2025.pdf,Columbus City Schools,99,"The Board shall continue to provide payroll reductions from the annual salary of any regular teacher for any tax deferred annuity which is available from a company conforming to the Board’s General Policies, Tax Deferred Annuities, revised April 1975;",The Board,management,worker,shall,False,active,plain,obligation,obligation,True,1.0,benefits,True,
columbus_city_schools__columbus_education_association_2022_2025__071387d0,Columbus_Education_Association_2022-2025.pdf,Columbus City Schools,99,"provided, however, that no deductions to a company will continue unless at least ten (10) employees have tax-deferred annuity deductions for that company.",no deductions to a company,management,management,will,True,active,plain,prohibition,prohibition,True,0.9,benefits,True,
columbus_city_schools__columbus_education_association_2022_2025__071387d0,Columbus_Education_Association_2022-2025.pdf,Columbus City Schools,99,"Any tax-deferred annuity deductions made for employees to a company with fewer than ten (10) employees as of June 1, 2000, shall be discontinued when the deduction contract authorization that is in effect on June 1, 2000, expires or on June 30, 2001, whichever occurs earlier.","Any tax-deferred annuity deductions made for employees to a company with fewer than ten (10) employees as of June 1, 2000,",management,management,shall,False,passive,plain,obligation,obligation,True,1.0,benefits,True,
columbus_city_schools__columbus_education_association_2022_2025__071387d0,Columbus_Education_Association_2022-2025.pdf,Columbus City Schools,99,Members of the bargaining unit may change annuity companies or amounts entirely at the member’s discretion.,Members of the bargaining unit,worker,worker,may,False,active,plain,permission,permission,True,0.3,benefits,True,
columbus_city_schools__columbus_education_association_2022_2025__071387d0,Columbus_Education_Association_2022-2025.pdf,Columbus City Schools,99,The amount of the salary reduction shall be in conformance with applicable laws and rules of the Internal Revenue Service.,The amount of the salary reduction,other,worker,shall,False,active,plain,obligation,obligation,True,1.0,benefits,True,Inanimate subject
columbus_city_schools__columbus_education_association_2022_2025__071387d0,Columbus_Education_Association_2022-2025.pdf,Columbus City Schools,99,The amount of the salary reduction shall be agreed to between the member of the bargaining unit and the annuity company.,The amount of the salary reduction,other,worker,shall,False,passive,plain,obligation,obligation,True,1.0,benefits,True,
columbus_city_schools__columbus_education_association_2022_2025__071387d0,Columbus_Education_Association_2022-2025.pdf,Columbus City Schools,99,"The Association and the member of the bargaining unit shall hold the Board harmless in regard to the amount of salary reduction, provided that the reduction is made in accordance with an amendment to a salary contract signed by the m",The Association and the member of the bargaining unit,worker,management,shall,False,active,plain,obligation,obligation,True,1.0,other,True,Truncated at end of chunk
columbus_city_schools__columbus_education_association_2022_2025__071387d0,Columbus_Education_Association_2022-2025.pdf,Columbus City Schools,100,The Association and the member of the bargaining unit shall hold the Board harmless in regard to the amount of salary reduction,The Association and the member of the bargaining unit,worker,management,shall,False,active,plain,obligation,obligation,True,1.0,other,True,Conditioned on subsequent clause regarding amendment signature.
columbus_city_schools__columbus_education_association_2022_2025__071387d0,Columbus_Education_Association_2022-2025.pdf,Columbus City Schools,100,The Treasurer shall transmit all such salary reduction funds to the designated companies in accordance with Section 109.03(I) (5) of this Agreement.,The Treasurer,management,worker,shall,False,active,plain,obligation,obligation,True,1.0,benefits,True,Cross-reference to section.
columbus_city_schools__columbus_education_association_2022_2025__071387d0,Columbus_Education_Association_2022-2025.pdf,Columbus City Schools,100,The Association will indemnify the Board and Treasurer against all liability for all deductions and for all acts of the insurance carrier made in accordance and connection with this program.,The Association,worker,management,will,False,active,plain,obligation,obligation,True,0.9,other,True,
columbus_city_schools__columbus_education_association_2022_2025__071387d0,Columbus_Education_Association_2022-2025.pdf,Columbus City Schools,100,This article does not apply to annuity deductions.,This article,other,management,,True,active,plain,prohibition,other,False,0.0,other,True,Scope limitation clause.
columbus_city_schools__columbus_education_association_2022_2025__071387d0,Columbus_Education_Association_2022-2025.pdf,Columbus City Schools,100,Teachers may enroll in voluntary payroll deductions during the annual open enrollment period.,Teachers,worker,worker,may,False,active,plain,permission,permission,True,0.3,benefits,True,
columbus_city_schools__columbus_education_association_2022_2025__071387d0,Columbus_Education_Association_2022-2025.pdf,Columbus City Schools,100,A teacher upon written notice can cancel such deductions at any time.,A teacher,worker,worker,can,False,active,plain,permission,permission,True,0.3,benefits,True,
columbus_city_schools__columbus_education_association_2022_2025__071387d0,Columbus_Education_Association_2022-2025.pdf,Columbus City Schools,100,The Board shall provide one or more health benefit plans to teachers.,The Board,management,worker,shall,False,active,plain,obligation,obligation,True,1.0,benefits,True,
columbus_city_schools__columbus_education_association_2022_2025__071387d0,Columbus_Education_Association_2022-2025.pdf,Columbus City Schools,100,The Board will implement best practices at the time they are required by the State’s School Employees Heath Care Board to be effective.,The Board,management,worker,will,False,active,plain,obligation,obligation,True,0.9,benefits,True,
columbus_city_schools__columbus_education_association_2022_2025__071387d0,Columbus_Education_Association_2022-2025.pdf,Columbus City Schools,100,"During the term of this Agreement, a member of the bargaining unit married to, or the domestic partner of another employee of the Board, both of whom are eligible for the benefits provided in Section 806.01 above and who have no dependents, shall be provided two (2) single plans or one (1) single plus one plan at the option of such employees.","a member of the bargaining unit married to, or the domestic partner of another employee of the Board, both of whom are eligible for the benefits provided in Section 806.01 above and who have no dependents",management,worker,shall,False,passive,rights_passive,right,right,True,1.0,benefits,True,Long subject with eligibility conditions; implicit agent is management.
columbus_city_schools__columbus_education_association_2022_2025__071387d0,Columbus_Education_Association_2022-2025.pdf,Columbus City Schools,100,"In addition, such personnel shall be provided family coverage effective on the first day of the month in which they acquire a dependent eligible for coverage",such personnel,management,worker,shall,False,passive,rights_passive,right,right,True,1.0,benefits,True,Conditional on advisor notice; implicit agent is management.
columbus_city_schools__columbus_education_association_2022_2025__071387d0,Columbus_Education_Association_2022-2025.pdf,Columbus City Schools,100,"During the term of this Agreement, members of the bargaining unit may elect to enroll in a health maintenance organization offered by the Board as an alternative to the program provided above in Section 806.01.",members of the bargaining unit,worker,worker,may,False,active,plain,permission,permission,True,0.3,benefits,True,
columbus_city_schools__columbus_education_association_2022_2025__071387d0,Columbus_Education_Association_2022-2025.pdf,Columbus City Schools,100,"The employee shall pay, by the biweekly payroll deduction schedule, the difference between the cost of the health maintenance organization and the Board’s cost fo",The employee,worker,management,shall,False,active,plain,obligation,obligation,True,1.0,benefits,True,Text truncated at the end of the chunk.
columbus_city_schools__columbus_education_association_2022_2025__071387d0,Columbus_Education_Association_2022-2025.pdf,Columbus City Schools,101,"The employee shall pay, by the biweekly payroll deduction schedule, the difference between the cost of the health maintenance organization and the Board’s cost for such employee coverage as provided in Section 806.04 below.",The employee,worker,management,shall,False,active,plain,obligation,obligation,True,1.0,benefits,True,
columbus_city_schools__columbus_education_association_2022_2025__071387d0,Columbus_Education_Association_2022-2025.pdf,Columbus City Schools,101,"Teachers may change their status under this program with regard to enrollment, withdrawal, or change to other plans during the enrollment period.",Teachers,worker,worker,may,False,active,plain,permission,permission,True,0.3,benefits,True,
columbus_city_schools__columbus_education_association_2022_2025__071387d0,Columbus_Education_Association_2022-2025.pdf,Columbus City Schools,101,The Board shall contribute the amounts derived from the following percentages toward the monthly funding (“premium”) cost for health benefits for one half time or more teachers and for full-time hourly professional based on the “benchmark plan.”,The Board,management,worker,shall,False,active,plain,obligation,obligation,True,1.0,benefits,True,
columbus_city_schools__columbus_education_association_2022_2025__071387d0,Columbus_Education_Association_2022-2025.pdf,Columbus City Schools,101,"Teachers who were CEA bargaining unit members in May 2009 shall, so long as they are continuously employed as teachers by the Board, be entitled to enroll a spouse for primary coverage with 90% Board contribution if a “qualifying event” occurs that allows change in enrollment outside the open enrollment period.",Teachers who were CEA bargaining unit members in May 2009,management,worker,shall,False,passive,rights_passive,right,right,True,1.0,benefits,True,
columbus_city_schools__columbus_education_association_2022_2025__071387d0,Columbus_Education_Association_2022-2025.pdf,Columbus City Schools,101,"Beginning in the fall of 2009, if the insurance plan consultant recommends increases in per employee per month (PEPM) funding for the calendar year beginning on the next January 1 of eight percent (8%) or more, the Joint CEA/Board of Education Insurance Committee shall determine what plan design changes to make, if any",the Joint CEA/Board of Education Insurance Committee,other,worker,shall,False,active,plain,obligation,obligation,True,1.0,benefits,True,Clause text is truncated at the end of the provided chunk.
columbus_city_schools__columbus_education_association_2022_2025__071387d0,Columbus_Education_Association_2022-2025.pdf,Columbus City Schools,102,"Beginning in the fall of 2009, if the insurance plan consultant recommends increases in per employee per month (PEPM) funding for the calendar year beginning on the next January 1 of eight percent (8%) or more, the Joint CEA/Board of Education Insurance Committee shall determine what plan design changes to make, if any, to bring the PEPM funding increase below eight percent (8%) for the year beginning January 1.",the Joint CEA/Board of Education Insurance Committee,other,worker,shall,False,active,plain,obligation,obligation,True,1.0,benefits,True,"conditional structure, joint committee subject"
columbus_city_schools__columbus_education_association_2022_2025__071387d0,Columbus_Education_Association_2022-2025.pdf,Columbus City Schools,102,"The Joint Committee may agree on plan design changes, higher contribution rates or a combination of both.",The Joint Committee,other,worker,may,False,active,plain,permission,permission,True,0.3,benefits,True,
columbus_city_schools__columbus_education_association_2022_2025__071387d0,Columbus_Education_Association_2022-2025.pdf,Columbus City Schools,102,"If the Joint CEA/Board of Education Insurance Committee does not make such agreement, the funding increases above eight percent (8%) shall become employee surcharges through payroll deduction in addition to the employee cost for insurance set forth above.",the funding increases above eight percent (8%),other,management,shall,False,active,plain,obligation,obligation,True,1.0,benefits,True,"negation applies to conditional clause, not operative main clause"
columbus_city_schools__columbus_education_association_2022_2025__071387d0,Columbus_Education_Association_2022-2025.pdf,Columbus City Schools,102,The parties’ agreements about domestic partners or children of domestic partners shall terminate and be of no force and effect on the first (1st) day of the next health insurance year that is at least one hundred and twenty (120) days after any legal change that makes marriage of same-sex domestic partners in Ohio legal.,The parties’ agreements about domestic partners or children of domestic partners,other,management,shall,False,active,plain,obligation,obligation,True,1.0,benefits,True,
columbus_city_schools__columbus_education_association_2022_2025__071387d0,Columbus_Education_Association_2022-2025.pdf,Columbus City Schools,102,"The parties agree to continue to maintain a joint insurance committee, consisting of five (5) persons appointed by the Association President and four (4) persons appointed by the Superintendent.",The parties,other,worker,,False,active,obligation_verb,obligation,obligation,True,0.85,benefits,True,
columbus_city_schools__columbus_education_association_2022_2025__071387d0,Columbus_Education_Association_2022-2025.pdf,Columbus City Schools,102,The Association President and the Superintendent shall each name a co-chair.,The Association President and the Superintendent,other,worker,shall,False,active,plain,obligation,obligation,True,1.0,benefits,True,joint agents (management and worker)
columbus_city_schools__columbus_education_association_2022_2025__071387d0,Columbus_Education_Association_2022-2025.pdf,Columbus City Schools,102,"however, in lieu of such, at least 2/3 vote of the full committee membership will be required to pass a resolution or reach agreement.",at least 2/3 vote of the full committee membership,other,worker,will,False,passive,obligation_verb,obligation,obligation,True,0.9,benefits,True,independent clause extracted after semicolon/conjunction
columbus_city_schools__columbus_education_association_2022_2025__071387d0,Columbus_Education_Association_2022-2025.pdf,Columbus City Schools,102,"The joint committee shall make recommendations to the Board of Education on matters including, but not limited to, plan design, wellness programs, coverage for other members of the teacher’s household, funding levels, premiums and employee contribution levels for the CEA bargaining unit.",The joint committee,other,worker,shall,False,active,plain,obligation,obligation,True,1.0,benefits,True,
columbus_city_schools__columbus_education_association_2022_2025__071387d0,Columbus_Education_Association_2022-2025.pdf,Columbus City Schools,102,"These recommendations, if approved and signed by the CEA President and Superintendent, shall be binding as if negotiated and ratified.",These recommendations,other,worker,shall,False,active,plain,obligation,obligation,True,1.0,benefits,True,
columbus_city_schools__columbus_education_association_2022_2025__071387d0,Columbus_Education_Association_2022-2025.pdf,Columbus City Schools,102,Meetings will be scheduled as needed by the co-chairs.,Meetings,other,worker,will,False,passive,plain,obligation,obligation,True,0.9,benefits,True,"explicit agent is co-chairs, who are jointly appointed"
columbus_city_schools__columbus_education_association_2022_2025__071387d0,Columbus_Education_Association_2022-2025.pdf,Columbus City Schools,102,Each meeting will have a regular recorder (non-voting).,Each meeting,other,worker,will,False,active,plain,obligation,obligation,True,0.9,benefits,True,
columbus_city_schools__columbus_education_association_2022_2025__071387d0,Columbus_Education_Association_2022-2025.pdf,Columbus City Schools,102,A quorum is required consisting of at least three (3) members from the Association and two (2) members from Administration.,A quorum,other,worker,,False,passive,obligation_verb,obligation,obligation,True,0.85,benefits,True,
columbus_city_schools__columbus_education_association_2022_2025__071387d0,Columbus_Education_Association_2022-2025.pdf,Columbus City Schools,102,The joint committee will make recommendations on the selection of providers and consultants.,The joint committee,other,worker,will,False,active,plain,obligation,obligation,True,0.9,benefits,True,
columbus_city_schools__columbus_education_association_2022_2025__071387d0,Columbus_Education_Association_2022-2025.pdf,Columbus City Schools,103,"During the term of this Agreement, the Board shall continue the current dental insurance program, as specifically modified below, for members of the bargaining unit electing and eligible for such coverage, in accordance with the following provisions and stipulations:",the Board,management,worker,shall,False,active,plain,obligation,obligation,True,1.0,benefits,True,
columbus_city_schools__columbus_education_association_2022_2025__071387d0,Columbus_Education_Association_2022-2025.pdf,Columbus City Schools,103,The Board shall pay ninety (90) percent of the cost of the unitary rate for regular contract employees employed a minimum of one-half time or more and for full-time hourly professional employees.,The Board,management,worker,shall,False,active,plain,obligation,obligation,True,1.0,benefits,True,
columbus_city_schools__columbus_education_association_2022_2025__071387d0,Columbus_Education_Association_2022-2025.pdf,Columbus City Schools,103,Such employees shall pay ten (10) percent of the cost of such coverage by the payroll deduction schedule.,Such employees,worker,management,shall,False,active,plain,obligation,obligation,True,1.0,benefits,True,
columbus_city_schools__columbus_education_association_2022_2025__071387d0,Columbus_Education_Association_2022-2025.pdf,Columbus City Schools,103,"In the event the Board elects to change the insurance carrier during the term of this Agreement, the benefits provided under such insurance programs shall not be reduced.",the benefits provided under such insurance programs,management,worker,shall,True,passive,plain,prohibition,prohibition,True,1.0,benefits,True,Contains conditional clause.
columbus_city_schools__columbus_education_association_2022_2025__071387d0,Columbus_Education_Association_2022-2025.pdf,Columbus City Schools,104,"Each eligible patient shall be entitled to a $1,500.00 benefit per calendar year",Each eligible patient,worker,worker,shall,False,passive,rights_passive,right,right,True,1.0,benefits,True,
columbus_city_schools__columbus_education_association_2022_2025__071387d0,Columbus_Education_Association_2022-2025.pdf,Columbus City Schools,104,"Orthodontics shall be limited to a lifetime maximum benefit of $1,000.00 per patient.",Orthodontics,other,management,shall,False,passive,plain,obligation,obligation,True,1.0,benefits,True,
columbus_city_schools__columbus_education_association_2022_2025__071387d0,Columbus_Education_Association_2022-2025.pdf,Columbus City Schools,105,"Gold restorations are provided when amalgams, silicates or plastics cannot satisfactorily restore a tooth.",Gold restorations,management,worker,,False,passive,rights_passive,right,other,False,0.85,benefits,True,
columbus_city_schools__columbus_education_association_2022_2025__071387d0,Columbus_Education_Association_2022-2025.pdf,Columbus City Schools,105,The allowance for a standard prosthodontic appliance will be allowed toward the cost of an implant.,The allowance for a standard prosthodontic appliance,management,worker,will,False,passive,permission_verb,permission,permission,True,0.9,benefits,True,
columbus_city_schools__columbus_education_association_2022_2025__071387d0,Columbus_Education_Association_2022-2025.pdf,Columbus City Schools,105,"If other than brief and routine dental services are needed, an Attending Dentist’s Statement (claim form) listing the proposed services should be submitted to Delta Dental Plan of Ohio in advance of the dentist completing such services.",an Attending Dentist’s Statement (claim form) listing the proposed services,worker,management,should,False,passive,plain,obligation,obligation,True,0.7,benefits,True,
columbus_city_schools__columbus_education_association_2022_2025__071387d0,Columbus_Education_Association_2022-2025.pdf,Columbus City Schools,105,"Effective January 1, 1998, or as soon thereafter as feasible, and for the duration of this Agreement, the following vision care coverage shall be provided at Board expense for all members of the bargaining unit.",the following vision care coverage,management,worker,shall,False,passive,rights_passive,right,obligation,False,1.0,benefits,True,
columbus_city_schools__columbus_education_association_2022_2025__071387d0,Columbus_Education_Association_2022-2025.pdf,Columbus City Schools,106,"The Board shall provide, at Board expense, $50,000 group term life insurance for members of the bargaining unit employed on a full-time basis",The Board,management,worker,shall,False,active,plain,obligation,obligation,True,1.0,benefits,True,
columbus_city_schools__columbus_education_association_2022_2025__071387d0,Columbus_Education_Association_2022-2025.pdf,Columbus City Schools,106,"shall provide, at Board expense, $25,000 group term life insurance for members of the bargaining unit who are contract teachers employed on a half-time basis or more but less than full time.",The Board,management,worker,shall,False,active,plain,obligation,obligation,True,1.0,benefits,True,
columbus_city_schools__columbus_education_association_2022_2025__071387d0,Columbus_Education_Association_2022-2025.pdf,Columbus City Schools,106,Members of the bargaining unit may elect to buy additional group term life insurance in addition to that provided in Article 809.01,Members of the bargaining unit,worker,worker,may,False,active,plain,permission,permission,True,0.3,benefits,True,
columbus_city_schools__columbus_education_association_2022_2025__071387d0,Columbus_Education_Association_2022-2025.pdf,Columbus City Schools,106,The parties shall provide opportunity for individuals to purchase additional term life insurance in the maximum amount permitted by the carrier.,The parties,other,worker,shall,False,active,plain,obligation,obligation,True,1.0,benefits,True,
columbus_city_schools__columbus_education_association_2022_2025__071387d0,Columbus_Education_Association_2022-2025.pdf,Columbus City Schools,106,"To the extent possible, coverage shall be offered to bargaining unit members without need of physical ex- ams.",coverage,management,worker,shall,False,passive,rights_passive,right,obligation,False,1.0,benefits,True,
columbus_city_schools__columbus_education_association_2022_2025__071387d0,Columbus_Education_Association_2022-2025.pdf,Columbus City Schools,106,"This additional insurance shall be paid through payroll de- duction with the employee paying the total cost of the voluntary additional life insurance, effective January 1, 2010.",This additional insurance,management,worker,shall,False,passive,rights_passive,right,obligation,False,1.0,benefits,True,
columbus_city_schools__columbus_education_association_2022_2025__071387d0,Columbus_Education_Association_2022-2025.pdf,Columbus City Schools,106,Election of this additional coverage or deletion of this additional coverage shall be made each year only during the open enrollment period with an effective date of the following January 1.,Election of this additional coverage or deletion of this additional coverage,worker,worker,shall,False,passive,plain,obligation,obligation,True,1.0,benefits,True,
columbus_city_schools__columbus_education_association_2022_2025__071387d0,Columbus_Education_Association_2022-2025.pdf,Columbus City Schools,106,"Members of the bargaining unit who have been employed by the Board for at least five (5) consecutive years may, at the time of their separation from service with the Columbus City Schools, elect to be paid in cash for the value of their accrued but unused sick leave and personal leave credit in accordance with Section 810.02 below.",Members of the bargaining unit who have been employed by the Board for at least five (5) consecutive years,worker,worker,may,False,active,plain,permission,permission,True,0.3,leave,True,
columbus_city_schools__columbus_education_association_2022_2025__071387d0,Columbus_Education_Association_2022-2025.pdf,Columbus City Schools,106,"Only those members of the bargaining unit whose effective date of retirement with the State Teachers Retirement system is no later than one hundred twenty (120) calendar days after the last paid day of service, the last day of an unpaid leave of absence with the Columbus City Schools or while on layoff status as defined in Article 704 of this Agreement, shall be eligible to be paid for such accrued but unused sick leave/personal leave credit.","Only those members of the bargaining unit whose effective date of retirement with the State Teachers Retirement system is no later than one hundred twenty (120) calendar days after the last paid day of service, the last day of an unpaid leave of absence with the Columbus City Schools or while on layoff status as defined in Article 704 of this Agreement",worker,worker,shall,False,active,rights_passive,right,right,True,1.0,leave,True,
columbus_city_schools__columbus_education_association_2022_2025__071387d0,Columbus_Education_Association_2022-2025.pdf,Columbus City Schools,106,Such payment shall be based on the eligible member’s rate of pay at the time of separation.,Such payment,other,worker,shall,False,active,plain,obligation,obligation,True,1.0,leave,True,
columbus_city_schools__columbus_education_association_2022_2025__071387d0,Columbus_Education_Association_2022-2025.pdf,Columbus City Schools,107,Payment for sick leave and personal leave on this basis shall be considered to eliminate all sick leave and personal leave credit accrued by the eligible member at that time.,Payment for sick leave and personal leave on this basis,other,management,shall,False,active,plain,obligation,obligation,True,1.0,leave,True,
columbus_city_schools__columbus_education_association_2022_2025__071387d0,Columbus_Education_Association_2022-2025.pdf,Columbus City Schools,107,Such payment shall be made only once to any employee.,Such payment,other,management,shall,False,passive,plain,obligation,obligation,True,1.0,leave,True,
columbus_city_schools__columbus_education_association_2022_2025__071387d0,Columbus_Education_Association_2022-2025.pdf,Columbus City Schools,107,"Such payment shall be made on the first payroll date, if feasible, otherwise the second payroll date, following the effective date of the teacher’s retirement with STRS",Such payment,other,worker,shall,False,passive,plain,obligation,obligation,True,1.0,leave,True,
columbus_city_schools__columbus_education_association_2022_2025__071387d0,Columbus_Education_Association_2022-2025.pdf,Columbus City Schools,107,in no case will the payment be made outside of the two and one-half month period after the employee’s last paid contract day.,the payment,other,management,will,True,passive,plain,prohibition,prohibition,True,0.9,leave,True,
columbus_city_schools__columbus_education_association_2022_2025__071387d0,Columbus_Education_Association_2022-2025.pdf,Columbus City Schools,107,The cash payment to an eligible member or beneficiary receiving severance pay shall be determined by and shall include the following:,The cash payment to an eligible member or beneficiary receiving severance pay,other,worker,shall,False,active,plain,obligation,obligation,True,1.0,benefits,True,
columbus_city_schools__columbus_education_association_2022_2025__071387d0,Columbus_Education_Association_2022-2025.pdf,Columbus City Schools,107,Exceptions to this provision shall be subject to written mutual agreement of the parties.,Exceptions to this provision,other,management,shall,False,active,plain,obligation,obligation,True,1.0,other,True,
columbus_city_schools__columbus_education_association_2022_2025__071387d0,Columbus_Education_Association_2022-2025.pdf,Columbus City Schools,107,Severance pay benefits for an eligible member of the bargaining unit who dies while on active status or on leave of absence shall be paid to the member’s life insurance beneficiary.,Severance pay benefits for an eligible member of the bargaining unit who dies while on active status or on leave of absence,other,worker,shall,False,passive,rights_passive,right,obligation,False,1.0,benefits,True,
columbus_city_schools__columbus_education_association_2022_2025__071387d0,Columbus_Education_Association_2022-2025.pdf,Columbus City Schools,107,"A member shall be eligible for this benefit if, at the time of death, the member was eligible for superannuation retirement benefits.",A member,worker,worker,shall,False,active,plain,obligation,right,False,1.0,benefits,True,
columbus_city_schools__columbus_education_association_2022_2025__071387d0,Columbus_Education_Association_2022-2025.pdf,Columbus City Schools,108,The Parties may jointly examine the possibility of an early separation incentive.,The Parties,other,management,may,False,active,plain,permission,permission,True,0.3,job_security,True,
columbus_city_schools__columbus_education_association_2022_2025__071387d0,Columbus_Education_Association_2022-2025.pdf,Columbus City Schools,108,"STRS-Board “Pick-up” shall be implemented and effective beginning with the first pay period of the 1983–84 school year for the teachers on pay plans A and B and effective with the pay period beginning September 1, 1983, for teachers paid on a monthly basis.",STRS-Board “Pick-up”,management,worker,shall,False,passive,plain,obligation,obligation,True,1.0,benefits,True,
columbus_city_schools__columbus_education_association_2022_2025__071387d0,Columbus_Education_Association_2022-2025.pdf,Columbus City Schools,108,This change in procedure will be of no cost to the Board,This change in procedure,other,management,will,False,active,plain,obligation,other,False,0.9,benefits,True,
columbus_city_schools__columbus_education_association_2022_2025__071387d0,Columbus_Education_Association_2022-2025.pdf,Columbus City Schools,108,is solely for the purpose of reducing current tax for members of the bargaining unit,This change in procedure,other,worker,,False,active,plain,other,other,True,0.0,benefits,True,Implied subject from preceding clause
columbus_city_schools__columbus_education_association_2022_2025__071387d0,Columbus_Education_Association_2022-2025.pdf,Columbus City Schools,108,and will remain in effect so long as Revenue Ruling No. 77-462 remains substantially unchanged.,This change in procedure,other,management,will,False,active,plain,obligation,obligation,True,0.9,benefits,True,Implied subject from preceding clause
columbus_city_schools__columbus_education_association_2022_2025__071387d0,Columbus_Education_Association_2022-2025.pdf,Columbus City Schools,108,"Teachers are individually responsible for reviewing the relationship between this article and their other tax deferral arrangements, if any.",Teachers,worker,management,,False,active,plain,other,obligation,False,0.0,benefits,True,
columbus_city_schools__columbus_education_association_2022_2025__071387d0,Columbus_Education_Association_2022-2025.pdf,Columbus City Schools,108,"Effective with pay dates beginning January 1, 1993, the Board shall sponsor and administer a Cafeteria Premium Payment Plan established in accordance with Internal Revenue Code Section 125 for members of the bargaining unit.",the Board,management,worker,shall,False,active,plain,obligation,obligation,True,1.0,benefits,True,
columbus_city_schools__columbus_education_association_2022_2025__071387d0,Columbus_Education_Association_2022-2025.pdf,Columbus City Schools,108,"Under this plan, all employee payroll deductions towards the premium(s) for health (Article 806), dental (Article 807), vision (Article 808), life (Article 809), and/or disability (Article 805) insurance(s) will be paid into the Cafeteria Premium Payment Plan.","all employee payroll deductions towards the premium(s) for health (Article 806), dental (Article 807), vision (Article 808), life (Article 809), and/or disability (Article 805) insurance(s)",management,worker,will,False,passive,rights_passive,right,obligation,False,0.9,benefits,True,
columbus_city_schools__columbus_education_association_2022_2025__071387d0,Columbus_Education_Association_2022-2025.pdf,Columbus City Schools,108,The Board will have no liability to the members of the bargaining unit for the tax treatment of such employee payroll deductions,The Board,management,management,will,False,active,plain,obligation,obligation,True,0.9,benefits,True,
columbus_city_schools__columbus_education_association_2022_2025__071387d0,Columbus_Education_Association_2022-2025.pdf,Columbus City Schools,108,and is assuming no additional portion of the cost of such benefits.,The Board,management,management,,False,active,plain,other,other,True,0.0,benefits,True,Implied subject from preceding clause
columbus_city_schools__columbus_education_association_2022_2025__071387d0,Columbus_Education_Association_2022-2025.pdf,Columbus City Schools,108,This Cafeteria Premium Payment Plan will continue to be sponsored by the Board only to the extent that Section 125 of the Internal Revenue Code or the regulations promulgated thereunder remain substantially unchanged.,This Cafeteria Premium Payment Plan,management,management,will,False,passive,plain,obligation,obligation,True,0.9,benefits,True,
columbus_city_schools__columbus_education_association_2022_2025__071387d0,Columbus_Education_Association_2022-2025.pdf,Columbus City Schools,108,"Within sixty (60) days of the effective date of this Agreement, a committee will be established for the purpose of continuing the development of an Employee Assistance Program (EAP) for all Columbus City School employees.",a committee,management,worker,will,False,passive,plain,obligation,obligation,True,0.9,benefits,True,
columbus_city_schools__columbus_education_association_2022_2025__071387d0,Columbus_Education_Association_2022-2025.pdf,Columbus City Schools,109,The Association shall have a right to appoint at least as many members to this committee as any other employee organization represented.,The Association,worker,worker,shall,False,active,rights_active,right,right,True,1.0,benefits,True,
columbus_city_schools__columbus_education_association_2022_2025__071387d0,Columbus_Education_Association_2022-2025.pdf,Columbus City Schools,109,The committee will oversee the EAP or establish another body which will oversee the EAP.,The committee,other,worker,will,False,active,plain,obligation,obligation,True,0.9,benefits,True,Compound structure joined by 'or'
columbus_city_schools__columbus_education_association_2022_2025__071387d0,Columbus_Education_Association_2022-2025.pdf,Columbus City Schools,109,Progress toward maximum salaries shall be made by increments.,Progress toward maximum salaries,management,worker,shall,False,passive,plain,obligation,obligation,True,1.0,compensation,True,
columbus_city_schools__columbus_education_association_2022_2025__071387d0,Columbus_Education_Association_2022-2025.pdf,Columbus City Schools,109,A full increment shall be granted to members who have served 120 or more school days within a given school year.,A full increment,management,worker,shall,False,passive,rights_passive,right,obligation,False,1.0,compensation,True,
columbus_city_schools__columbus_education_association_2022_2025__071387d0,Columbus_Education_Association_2022-2025.pdf,Columbus City Schools,109,Those teachers currently employed by the Board who have received credit for partial increment shall continue to receive the amount of that partial increment in effect prior to this Agreement.,Those teachers currently employed by the Board who have received credit for partial increment,worker,worker,shall,False,active,rights_active,right,right,True,1.0,compensation,True,
columbus_city_schools__columbus_education_association_2022_2025__071387d0,Columbus_Education_Association_2022-2025.pdf,Columbus City Schools,109,"Credit for years of teaching experience outside the Columbus City School District for salary purposes, up to a maximum of five (5) years, shall be granted to teachers with a Trades and Industries certificate who are initially employed to t","Credit for years of teaching experience outside the Columbus City School District for salary purposes, up to a maximum of five (5) years",management,worker,shall,False,passive,rights_passive,right,obligation,False,1.0,compensation,True,Truncated at end of chunk
columbus_city_schools__columbus_education_association_2022_2025__071387d0,Columbus_Education_Association_2022-2025.pdf,Columbus City Schools,110,"Credit for years of teaching experience outside the Columbus City School District for salary purposes, up to a maximum of five (5) years, shall be granted to teachers with a Trades and Industries certificate who are initially employed to teach under such certificate, in accordance with the guidelines established under Section 904.05.","Credit for years of teaching experience outside the Columbus City School District for salary purposes, up to a maximum of five (5) years",management,worker,shall,False,passive,rights_passive,right,obligation,False,1.0,compensation,True,
columbus_city_schools__columbus_education_association_2022_2025__071387d0,Columbus_Education_Association_2022-2025.pdf,Columbus City Schools,110,"After initial employment, members of the bargaining unit reassigned into a Trades and Industries teaching area or reassigned out of a Trades and Industries teaching area shall not have their outside teaching experience for salary purposes re-evaluated on the basis of such guidelines.",members of the bargaining unit reassigned into a Trades and Industries teaching area or reassigned out of a Trades and Industries teaching area,worker,worker,shall,True,active,plain,prohibition,prohibition,True,1.0,compensation,True,causative construction 'have ... re-evaluated' functions as a prohibition
columbus_city_schools__columbus_education_association_2022_2025__071387d0,Columbus_Education_Association_2022-2025.pdf,Columbus City Schools,110,"If years of experience are used as a substitute for a degree and the teacher subsequently obtains a degree after July 1, 2000, those years of experience shall be given to the teacher as experience credit on the experience steps.",those years of experience,management,worker,shall,False,passive,rights_passive,right,obligation,False,1.0,compensation,True,
columbus_city_schools__columbus_education_association_2022_2025__071387d0,Columbus_Education_Association_2022-2025.pdf,Columbus City Schools,110,Members of the bargaining unit possessing a bachelor’s degree and providing service in a Trades and Industries teaching area shall be placed on the 150 Hours and Bachelor’s Degree track for salary purposes.,Members of the bargaining unit possessing a bachelor’s degree and providing service in a Trades and Industries teaching area,management,worker,shall,False,passive,plain,obligation,obligation,True,1.0,compensation,True,
columbus_city_schools__columbus_education_association_2022_2025__071387d0,Columbus_Education_Association_2022-2025.pdf,Columbus City Schools,110,Credit for years of public school teaching experience shall be granted in full up to five (5) years,Credit for years of public school teaching experience,management,worker,shall,False,passive,rights_passive,right,obligation,False,1.0,compensation,True,
columbus_city_schools__columbus_education_association_2022_2025__071387d0,Columbus_Education_Association_2022-2025.pdf,Columbus City Schools,110,"and, for teachers hired on or after July 1, 2000, may be granted up to ten (10) years, inclusive of all years of active military service in the armed forces as defined by O.R.C. 3317.13.",[implied from preceding clause],management,worker,may,False,passive,rights_passive,right,permission,False,0.3,compensation,True,
columbus_city_schools__columbus_education_association_2022_2025__071387d0,Columbus_Education_Association_2022-2025.pdf,Columbus City Schools,112,"The employee must select at least one (1) but not more than two (2) bank(s), savings and loan(s) or credit union(s) which are members of the Federal Reserve Wire System and willing and able to accept direct deposits.",The employee,worker,management,must,False,active,plain,obligation,obligation,True,1.0,compensation,True,
columbus_city_schools__columbus_education_association_2022_2025__071387d0,Columbus_Education_Association_2022-2025.pdf,Columbus City Schools,112,The Board shall furnish the employee with a direct deposit statement of earnings for the pay period.,The Board,management,worker,shall,False,active,plain,obligation,obligation,True,1.0,compensation,True,
columbus_city_schools__columbus_education_association_2022_2025__071387d0,Columbus_Education_Association_2022-2025.pdf,Columbus City Schools,112,Supplemental wages will be included in the regular paycheck.,Supplemental wages,management,worker,will,False,passive,plain,obligation,obligation,True,0.9,compensation,True,
columbus_city_schools__columbus_education_association_2022_2025__071387d0,Columbus_Education_Association_2022-2025.pdf,Columbus City Schools,112,"The federal tax deduction will be calculated according to method B for supplemental wages in the IRS Circular E, Employer’s Tax Guide.",The federal tax deduction,management,management,will,False,passive,plain,obligation,obligation,True,0.9,compensation,True,
columbus_city_schools__columbus_education_association_2022_2025__071387d0,Columbus_Education_Association_2022-2025.pdf,Columbus City Schools,112,"The Board shall create a special fund for receipt of gifts, donations and grants from persons or organizations for the purpose of rewarding members of the bargaining unit for obtaining new certification or licensure in an area identified by the Human Resources Department as a shortage teaching field.",The Board,management,worker,shall,False,active,plain,obligation,obligation,True,1.0,compensation,True,
columbus_city_schools__columbus_education_association_2022_2025__071387d0,Columbus_Education_Association_2022-2025.pdf,Columbus City Schools,112,Stipends may be paid from this fund to such members.,Stipends,management,worker,may,False,passive,rights_passive,right,permission,False,0.3,compensation,True,
columbus_city_schools__columbus_education_association_2022_2025__071387d0,Columbus_Education_Association_2022-2025.pdf,Columbus City Schools,113,"Effective at the beginning of the 2023–2024 school year, teachers and school nurses possessing a valid school nurse certificate, shall be paid in accordance with the following:",teachers and school nurses possessing a valid school nurse certificate,management,worker,shall,False,passive,rights_passive,right,obligation,False,1.0,compensation,True,
columbus_city_schools__columbus_education_association_2022_2025__071387d0,Columbus_Education_Association_2022-2025.pdf,Columbus City Schools,114,"Effective at the beginning of the 2024–2025 school year, teachers and school nurses possessing a valid school nurse certificate, shall be paid in accordance with the following:",teachers and school nurses possessing a valid school nurse certificate,worker,worker,shall,False,passive,rights_passive,right,obligation,False,1.0,compensation,True,
columbus_city_schools__columbus_education_association_2022_2025__071387d0,Columbus_Education_Association_2022-2025.pdf,Columbus City Schools,116,"Except as provided elsewhere in this Agreement for specific supple- mental services, effective the first teacher work day of the 2022–2023 school year, the rate of pay for Board authorized supple- mental services provided by members of the bargaining unit shall be $37.11 per hour.",the rate of pay for Board authorized supple- mental services provided by members of the bargaining unit,other,worker,shall,False,active,plain,obligation,obligation,True,1.0,compensation,True,
columbus_city_schools__columbus_education_association_2022_2025__071387d0,Columbus_Education_Association_2022-2025.pdf,Columbus City Schools,116,"Effective the first teacher work day of the 2023–2024 school year, the rate of pay for Board authorized supplemental services provided by members of the bargaining unit shall be $38.59 per hour.",the rate of pay for Board authorized supplemental services provided by members of the bargaining unit,other,worker,shall,False,active,plain,obligation,obligation,True,1.0,compensation,True,
columbus_city_schools__columbus_education_association_2022_2025__071387d0,Columbus_Education_Association_2022-2025.pdf,Columbus City Schools,116,"Effective the first teacher work day of the 2024–2025 school year, the rate of pay for Board authorized supplemental services provided by members of the bargaining unit shall be $40.14 per hour.",the rate of pay for Board authorized supplemental services provided by members of the bargaining unit,other,worker,shall,False,active,plain,obligation,obligation,True,1.0,compensation,True,
columbus_city_schools__columbus_education_association_2022_2025__071387d0,Columbus_Education_Association_2022-2025.pdf,Columbus City Schools,116,Full-time hourly professional employees shall be entitled to two weeks of paid vacation annually upon completion of 37 weeks of full-time employment.,Full-time hourly professional employees,management,worker,shall,False,passive,rights_passive,right,right,True,1.0,leave,True,Implicit agent is management as the provider of the vacation entitlement.
columbus_city_schools__columbus_education_association_2022_2025__071387d0,Columbus_Education_Association_2022-2025.pdf,Columbus City Schools,116,Full-time hourly professional employees working a minimum of forty-eight (48) weeks per year shall be entitled to three (3) weeks of paid vacation annually after ten (10) years of continuous service.,Full-time hourly professional employees working a minimum of forty-eight (48) weeks per year,management,worker,shall,False,passive,rights_passive,right,right,True,1.0,leave,True,Implicit agent is management as the provider of the vacation entitlement.
columbus_city_schools__columbus_education_association_2022_2025__071387d0,Columbus_Education_Association_2022-2025.pdf,Columbus City Schools,116,Guidelines for the reasonable use of such vacation shall be developed by the administrators in each of the full-time hourly rate programs in consultation with the Association Faculty Representative.,Guidelines for the reasonable use of such vacation,management,worker,shall,False,passive,plain,obligation,obligation,True,1.0,leave,True,
columbus_city_schools__columbus_education_association_2022_2025__071387d0,Columbus_Education_Association_2022-2025.pdf,Columbus City Schools,116,Such guidelines shall make provisions for requiring the use of vacation prior to the expiration da,Such guidelines,other,management,shall,False,active,plain,obligation,obligation,True,1.0,leave,True,Truncated at end of chunk.
columbus_city_schools__columbus_education_association_2022_2025__071387d0,Columbus_Education_Association_2022-2025.pdf,Columbus City Schools,118,Each full-time hourly professional employee shall be employed under a limited contract whose duration is at least equal to one (1) school year.,Each full-time hourly professional employee,management,worker,shall,False,passive,plain,obligation,obligation,True,1.0,job_security,True,
columbus_city_schools__columbus_education_association_2022_2025__071387d0,Columbus_Education_Association_2022-2025.pdf,Columbus City Schools,118,"any such contract shall be deemed renewed for a like term at the negotiated salary unless, on or before a date that is ninety (90) calendar days before the ending date of such contract, the Board gives the full-time hourly professional employee employed thereunder written notice of its intention not to renew same.",any such contract,other,worker,shall,False,passive,plain,obligation,obligation,True,1.0,job_security,True,
columbus_city_schools__columbus_education_association_2022_2025__071387d0,Columbus_Education_Association_2022-2025.pdf,Columbus City Schools,118,A full-time hourly professional employee who is or becomes eligible for a continuing contract (as established by state law) shall be offered the next regular contract teaching vacancy (for which the teacher is certificated) after the teacher has provided the necessary documentation to the Human Resources establishing such eligibility.,A full-time hourly professional employee who is or becomes eligible for a continuing contract (as established by state law),management,worker,shall,False,passive,rights_passive,right,obligation,False,1.0,job_security,True,
columbus_city_schools__columbus_education_association_2022_2025__071387d0,Columbus_Education_Association_2022-2025.pdf,Columbus City Schools,118,"If the teacher accepts the vacancy, the teacher shall be granted a continuing contract.",the teacher,management,worker,shall,False,passive,rights_passive,right,obligation,False,1.0,job_security,True,
columbus_city_schools__columbus_education_association_2022_2025__071387d0,Columbus_Education_Association_2022-2025.pdf,Columbus City Schools,118,Rejection of the offered vacancy by the teacher shall permanently terminate the Board’s obligation under this section to that teacher.,Rejection of the offered vacancy by the teacher,other,management,shall,False,active,plain,obligation,obligation,True,1.0,transfers,True,
columbus_city_schools__columbus_education_association_2022_2025__071387d0,Columbus_Education_Association_2022-2025.pdf,Columbus City Schools,118,A full-time hourly professional employee who is or becomes licensed in a compulsory school age area may apply for a transfer to such compulsory school age area in keeping with provisions of this Agreement.,A full-time hourly professional employee who is or becomes licensed in a compulsory school age area,worker,worker,may,False,active,plain,permission,permission,True,0.3,transfers,True,
columbus_city_schools__columbus_education_association_2022_2025__071387d0,Columbus_Education_Association_2022-2025.pdf,Columbus City Schools,118,"If such transfer is allowed, such employee shall no longer be a full-time hourly employee.",such employee,worker,management,shall,True,active,plain,prohibition,obligation,False,1.0,other,True,
columbus_city_schools__columbus_education_association_2022_2025__071387d0,Columbus_Education_Association_2022-2025.pdf,Columbus City Schools,118,a teacher continuing in an extra duty position will be paid in accordance with Step 2 so long as service is continuous.,a teacher continuing in an extra duty position,management,worker,will,False,passive,rights_passive,right,right,True,0.9,compensation,True,
columbus_city_schools__columbus_education_association_2022_2025__071387d0,Columbus_Education_Association_2022-2025.pdf,Columbus City Schools,118,Continuous service shall not be transferable between Group A and Group B.,Continuous service,other,management,shall,True,active,plain,prohibition,prohibition,True,1.0,seniority,True,
columbus_city_schools__columbus_education_association_2022_2025__071387d0,Columbus_Education_Association_2022-2025.pdf,Columbus City Schools,118,Teachers providing service under two (2) or more supplemental contracts must provide continuous service under two (2) or more supplemental contracts in order to be eligible for Step 2 under the additional contract(s).,Teachers providing service under two (2) or more supplemental contracts,worker,management,must,False,active,obligation_verb,obligation,obligation,True,1.0,compensation,True,
columbus_city_schools__columbus_education_association_2022_2025__071387d0,Columbus_Education_Association_2022-2025.pdf,Columbus City Schools,119,The Superintendent and the President of the Association each shall appoint three (3) persons to a joint committee by thirty (30) days following ratification of this Agreement.,The Superintendent and the President of the Association,other,management,shall,False,active,plain,obligation,obligation,True,1.0,other,True,
columbus_city_schools__columbus_education_association_2022_2025__071387d0,Columbus_Education_Association_2022-2025.pdf,Columbus City Schools,119,The committee shall make decisions by consensus to revise the percentages in the supplemental salary scale contained in this Section 905.01 above based on relative levels of responsibility and number of participants in the three (3) prior school years in the activities and sports.,The committee,other,management,shall,False,active,plain,obligation,obligation,True,1.0,compensation,True,
columbus_city_schools__columbus_education_association_2022_2025__071387d0,Columbus_Education_Association_2022-2025.pdf,Columbus City Schools,119,The joint committee shall make its recommendations as soon as reasonably possible.,The joint committee,other,management,shall,False,active,plain,obligation,obligation,True,1.0,other,True,
columbus_city_schools__columbus_education_association_2022_2025__071387d0,Columbus_Education_Association_2022-2025.pdf,Columbus City Schools,119,Its recommendations shall not increase the total cost of supplemental salaries.,Its recommendations,other,management,shall,True,active,plain,prohibition,prohibition,True,1.0,compensation,True,
columbus_city_schools__columbus_education_association_2022_2025__071387d0,Columbus_Education_Association_2022-2025.pdf,Columbus City Schools,119,The recommendations of the joint committee shall be implemented if approved in a written memorandum by the Superintendent and President of the Association.,The recommendations of the joint committee,management,management,shall,False,passive,plain,obligation,obligation,True,1.0,other,True,
columbus_city_schools__columbus_education_association_2022_2025__071387d0,Columbus_Education_Association_2022-2025.pdf,Columbus City Schools,122,*Credit for continuous service in other Group A extra duty positions shall be limited to a maximum of two (2) years.,Credit,management,management,shall,False,passive,plain,obligation,obligation,True,1.0,compensation,True,
columbus_city_schools__columbus_education_association_2022_2025__071387d0,Columbus_Education_Association_2022-2025.pdf,Columbus City Schools,123,"Department chair/leader positions shall be reflective of elementary, middle, and high school grade bands regardless of the building grade band composition.",Department chair/leader positions,other,management,shall,False,passive,plain,obligation,obligation,True,1.0,other,True,
columbus_city_schools__columbus_education_association_2022_2025__071387d0,Columbus_Education_Association_2022-2025.pdf,Columbus City Schools,124,Failure to perform such hours of service shall result in a corresponding reduction in pay for the supplemental service.,Failure to perform such hours of service,other,management,shall,False,active,plain,obligation,obligation,True,1.0,compensation,True,
columbus_city_schools__columbus_education_association_2022_2025__071387d0,Columbus_Education_Association_2022-2025.pdf,Columbus City Schools,124,An assistant marching band director shall be employed for forty (40) hours at the supplemental hourly rate of pay during the two (2) weeks prior to the opening of school to assist the marching band director.,An assistant marching band director,management,worker,shall,False,passive,rights_passive,right,obligation,False,1.0,compensation,True,
columbus_city_schools__columbus_education_association_2022_2025__071387d0,Columbus_Education_Association_2022-2025.pdf,Columbus City Schools,124,Teachers with the following extra duty responsibilities shall not have more than five (5) daily assignments:,Teachers with the following extra duty responsibilities,worker,worker,shall,False,active,plain,obligation,prohibition,False,1.0,workload,True,
columbus_city_schools__columbus_education_association_2022_2025__071387d0,Columbus_Education_Association_2022-2025.pdf,Columbus City Schools,124,English Teachers with these responsibilities shall have no more than four (4) daily assignments total.,English Teachers with these responsibilities,worker,worker,shall,False,active,plain,obligation,prohibition,False,1.0,workload,True,
columbus_city_schools__columbus_education_association_2022_2025__071387d0,Columbus_Education_Association_2022-2025.pdf,Columbus City Schools,124,A teacher with both responsibilities (yearbook and newspaper) shall have no more than four (4) daily assignments total.,A teacher with both responsibilities (yearbook and newspaper),worker,worker,shall,False,active,plain,obligation,prohibition,False,1.0,workload,True,
columbus_city_schools__columbus_education_association_2022_2025__071387d0,Columbus_Education_Association_2022-2025.pdf,Columbus City Schools,124,"During the off season(s), the principal can assign the coach to other duties in the building during the coach’s extra conference period.",the principal,management,management,can,False,active,plain,permission,permission,True,0.3,workload,True,
columbus_city_schools__columbus_education_association_2022_2025__071387d0,Columbus_Education_Association_2022-2025.pdf,Columbus City Schools,124,"Such assignments shall not be arbitrary, capricious, or vindictive.",Such assignments,management,worker,shall,True,active,plain,prohibition,prohibition,True,1.0,teacher_rights_and_conduct,True,
columbus_city_schools__columbus_education_association_2022_2025__071387d0,Columbus_Education_Association_2022-2025.pdf,Columbus City Schools,124,"Varsity Head Coaches, as provided in 905.01 above, shall be authorized provided there are enough participants to field a team and play a regular schedule for the season.","Varsity Head Coaches, as provided in 905.01 above",worker,worker,shall,False,passive,rights_passive,right,right,True,1.0,other,True,
columbus_city_schools__columbus_education_association_2022_2025__071387d0,Columbus_Education_Association_2022-2025.pdf,Columbus City Schools,125,the Director of Student Activities: may authorize the appointment of a coach with a prorated salary based on number of participants and/or amount of season;,Director of Student Activities,management,management,may,False,active,permission_verb,permission,permission,True,0.3,compensation,True,
columbus_city_schools__columbus_education_association_2022_2025__071387d0,Columbus_Education_Association_2022-2025.pdf,Columbus City Schools,125,or may seek alternative options for the students who wish to participate in a particular sport.,Director of Student Activities,management,management,may,False,active,plain,permission,permission,True,0.3,other,True,
columbus_city_schools__columbus_education_association_2022_2025__071387d0,Columbus_Education_Association_2022-2025.pdf,Columbus City Schools,125,a Co-Ed Cross-Country coach shall be authorized with a minimum of twelve (12) participants.,a Co-Ed Cross-Country coach,management,management,shall,False,passive,permission_verb,permission,right,False,1.0,other,True,Implicit agent is management
columbus_city_schools__columbus_education_association_2022_2025__071387d0,Columbus_Education_Association_2022-2025.pdf,Columbus City Schools,125,a Head Coach is authorized for both boys’ swimming and girls’ swimming.,a Head Coach,management,management,,False,passive,permission_verb,permission,right,False,0.85,other,True,
columbus_city_schools__columbus_education_association_2022_2025__071387d0,Columbus_Education_Association_2022-2025.pdf,Columbus City Schools,125,Students will not be counted in the minimum number of participants for more than one team during the same season.,Students,management,management,will,True,passive,plain,prohibition,prohibition,True,0.9,other,True,
columbus_city_schools__columbus_education_association_2022_2025__071387d0,Columbus_Education_Association_2022-2025.pdf,Columbus City Schools,125,A student may participate in more than one sport in a season,A student,worker,management,may,False,active,plain,permission,permission,True,0.3,other,True,
columbus_city_schools__columbus_education_association_2022_2025__071387d0,Columbus_Education_Association_2022-2025.pdf,Columbus City Schools,125,and must be listed on the OHSAA/CCS eligibility sheet for each sport in which they participate,they,worker,management,must,False,passive,plain,obligation,obligation,True,1.0,other,True,
columbus_city_schools__columbus_education_association_2022_2025__071387d0,Columbus_Education_Association_2022-2025.pdf,Columbus City Schools,125,but cannot count as one of the minimum number in more than one sport to justify the varsity head coach position.,they,worker,management,can,True,active,plain,prohibition,prohibition,True,0.3,other,True,
columbus_city_schools__columbus_education_association_2022_2025__071387d0,Columbus_Education_Association_2022-2025.pdf,Columbus City Schools,125,varsity assistant coaches shall be authorized for the following sports provided there are enough participants to field a team and play a regular schedule for the season,varsity assistant coaches,management,management,shall,False,passive,permission_verb,permission,right,False,1.0,other,True,
columbus_city_schools__columbus_education_association_2022_2025__071387d0,Columbus_Education_Association_2022-2025.pdf,Columbus City Schools,125,and shall be separate from the junior varsity coach.,varsity assistant coaches,management,worker,shall,False,active,plain,obligation,obligation,True,1.0,other,True,
columbus_city_schools__columbus_education_association_2022_2025__071387d0,Columbus_Education_Association_2022-2025.pdf,Columbus City Schools,126,Varsity Assistant Coaches may be required to assist with junior varsity responsibilities (as assigned by the schools’ administration).,Varsity Assistant Coaches,management,management,may,False,passive,obligation_verb,obligation,obligation,True,0.3,workload,True,
columbus_city_schools__columbus_education_association_2022_2025__071387d0,Columbus_Education_Association_2022-2025.pdf,Columbus City Schools,126,At fifteen (15) participants a Varsity Assistant Coach shall be authorized.,a Varsity Assistant Coach,management,management,shall,False,passive,permission_verb,permission,permission,True,1.0,other,True,
columbus_city_schools__columbus_education_association_2022_2025__071387d0,Columbus_Education_Association_2022-2025.pdf,Columbus City Schools,126,At twenty-five (25) participants a Junior Varsity Coach shall be authorized,a Junior Varsity Coach,management,management,shall,False,passive,permission_verb,permission,permission,True,1.0,other,True,
columbus_city_schools__columbus_education_association_2022_2025__071387d0,Columbus_Education_Association_2022-2025.pdf,Columbus City Schools,126,and must play a full junior varsity schedule.,[implied],worker,management,must,False,active,plain,obligation,obligation,True,1.0,workload,True,
columbus_city_schools__columbus_education_association_2022_2025__071387d0,Columbus_Education_Association_2022-2025.pdf,Columbus City Schools,126,At thirty-five (35) participants a Junior Varsity-B Coach shall be authorized,a Junior Varsity-B Coach,management,management,shall,False,passive,permission_verb,permission,permission,True,1.0,other,True,
columbus_city_schools__columbus_education_association_2022_2025__071387d0,Columbus_Education_Association_2022-2025.pdf,Columbus City Schools,126,and must play a full junior varsity-b schedule for the season.,[implied],worker,management,must,False,active,plain,obligation,obligation,True,1.0,workload,True,
columbus_city_schools__columbus_education_association_2022_2025__071387d0,Columbus_Education_Association_2022-2025.pdf,Columbus City Schools,126,At twenty-five (25) participants a Varsity Assistant Coach shall be authorized.,a Varsity Assistant Coach,management,management,shall,False,passive,permission_verb,permission,permission,True,1.0,other,True,
columbus_city_schools__columbus_education_association_2022_2025__071387d0,Columbus_Education_Association_2022-2025.pdf,Columbus City Schools,126,At nineteen (19) participants a Varsity Assistant Coach shall be authorized.,a Varsity Assistant Coach,management,management,shall,False,passive,permission_verb,permission,permission,True,1.0,other,True,
columbus_city_schools__columbus_education_association_2022_2025__071387d0,Columbus_Education_Association_2022-2025.pdf,Columbus City Schools,126,At twenty-eight (28) participants a Junior Varsity Coach shall be authorized,a Junior Varsity Coach,management,management,shall,False,passive,permission_verb,permission,permission,True,1.0,other,True,
columbus_city_schools__columbus_education_association_2022_2025__071387d0,Columbus_Education_Association_2022-2025.pdf,Columbus City Schools,126,At thirty-eight (38) participants a Junior Varsity-B Coach shall be authorized,a Junior Varsity-B Coach,management,management,shall,False,passive,permission_verb,permission,permission,True,1.0,other,True,
columbus_city_schools__columbus_education_association_2022_2025__071387d0,Columbus_Education_Association_2022-2025.pdf,Columbus City Schools,128,"Junior Varsity-B Coaches, as provided in 905.01 above, shall be authorized provided there are enough grade level ninth (9th) and tenth (10th) grade participants to field a team and play a regular schedule for the season.",Junior Varsity-B Coaches,management,management,shall,False,passive,permission_verb,permission,permission,True,1.0,other,True,
columbus_city_schools__columbus_education_association_2022_2025__071387d0,Columbus_Education_Association_2022-2025.pdf,Columbus City Schools,128,Any sport not listed must be approved by the director of student activities.,Any sport not listed,management,management,must,False,passive,permission_verb,permission,obligation,False,1.0,other,True,
columbus_city_schools__columbus_education_association_2022_2025__071387d0,Columbus_Education_Association_2022-2025.pdf,Columbus City Schools,128,"Middle School Coaches, as provided in 905.01 above, shall be authorized provided there are enough participants to field a team and play a regular schedule for the season.",Middle School Coaches,management,management,shall,False,passive,permission_verb,permission,permission,True,1.0,other,True,
columbus_city_schools__columbus_education_association_2022_2025__071387d0,Columbus_Education_Association_2022-2025.pdf,Columbus City Schools,128,A Varsity Cheerleader Advisor shall be authorized provided there are minimum of eight (8) participants.,A Varsity Cheerleader Advisor,management,management,shall,False,passive,permission_verb,permission,permission,True,1.0,other,True,
columbus_city_schools__columbus_education_association_2022_2025__071387d0,Columbus_Education_Association_2022-2025.pdf,Columbus City Schools,128,A Varsity Drill Team Advisor shall be authorized provided there are minimum of eight (8) participants.,A Varsity Drill Team Advisor,management,management,shall,False,passive,permission_verb,permission,permission,True,1.0,other,True,
columbus_city_schools__columbus_education_association_2022_2025__071387d0,Columbus_Education_Association_2022-2025.pdf,Columbus City Schools,128,A joint Association/Board committee shall be established to clearly delineate the division of the responsibilities for each supplemental contract.,A joint Association/Board committee,management,management,shall,False,passive,plain,obligation,obligation,True,1.0,other,True,
columbus_city_schools__columbus_education_association_2022_2025__071387d0,Columbus_Education_Association_2022-2025.pdf,Columbus City Schools,128,A single individual may hold both (fall and winter) positions.,A single individual,worker,worker,may,False,active,plain,permission,permission,True,0.3,compensation,True,
columbus_city_schools__columbus_education_association_2022_2025__071387d0,Columbus_Education_Association_2022-2025.pdf,Columbus City Schools,128,Acceptance of either will count as a full year of service,Acceptance of either,other,worker,will,False,active,plain,obligation,obligation,True,0.9,seniority,True,
columbus_city_schools__columbus_education_association_2022_2025__071387d0,Columbus_Education_Association_2022-2025.pdf,Columbus City Schools,128,shall not interrupt continuous service within Group A.,Acceptance of either,other,worker,shall,True,active,plain,prohibition,prohibition,True,1.0,seniority,True,
columbus_city_schools__columbus_education_association_2022_2025__071387d0,Columbus_Education_Association_2022-2025.pdf,Columbus City Schools,128,"Additional Junior Varsity, Junior Varsity-B Assistant Coaches and Middle School Coaches may be added where the Board determines the need exists","Additional Junior Varsity, Junior Varsity-B Assistant Coaches and Middle School Coaches",management,management,may,False,passive,plain,permission,permission,True,0.3,other,True,
columbus_city_schools__columbus_education_association_2022_2025__071387d0,Columbus_Education_Association_2022-2025.pdf,Columbus City Schools,128,such shall be considered Group A assignments,such,management,worker,shall,False,passive,plain,obligation,obligation,True,1.0,seniority,True,
columbus_city_schools__columbus_education_association_2022_2025__071387d0,Columbus_Education_Association_2022-2025.pdf,Columbus City Schools,128,shall be at a six (6) percent and seven (7) percent rate of pay.,such,other,worker,shall,False,active,plain,obligation,obligation,True,1.0,compensation,True,
columbus_city_schools__columbus_education_association_2022_2025__071387d0,Columbus_Education_Association_2022-2025.pdf,Columbus City Schools,128,The Middle School Activity Coordinator/Director supplemental contract will be offered first to the school’s physical education teacher.,The Middle School Activity Coordinator/Director supplemental contract,other,worker,will,False,passive,rights_passive,right,right,True,0.9,compensation,True,
columbus_city_schools__columbus_education_association_2022_2025__071387d0,Columbus_Education_Association_2022-2025.pdf,Columbus City Schools,128,the supplemental position can be made available to other teachers in the building,the supplemental position,management,management,can,False,passive,plain,permission,permission,True,0.3,other,True,
columbus_city_schools__columbus_education_association_2022_2025__071387d0,Columbus_Education_Association_2022-2025.pdf,Columbus City Schools,129,the supplemental position can be made available to other teachers in the building and then to other teachers within the district.,the supplemental position,other,management,can,False,passive,plain,permission,permission,True,0.3,other,True,
columbus_city_schools__columbus_education_association_2022_2025__071387d0,Columbus_Education_Association_2022-2025.pdf,Columbus City Schools,129,There shall be department chairperson/leader positions as described in 905.01.,There,management,worker,shall,False,active,plain,obligation,obligation,True,1.0,other,True,Dummy subject 'There'
columbus_city_schools__columbus_education_association_2022_2025__071387d0,Columbus_Education_Association_2022-2025.pdf,Columbus City Schools,129,Department Chairpersons/Leaders must attend monthly off-site department meetings.,Department Chairpersons/Leaders,worker,management,must,False,active,plain,obligation,obligation,True,1.0,workload,True,
columbus_city_schools__columbus_education_association_2022_2025__071387d0,Columbus_Education_Association_2022-2025.pdf,Columbus City Schools,129,the coach’s driving record (abstract) must be acceptable to the fleet insurer if the coach is required to drive as part of their supplemental responsibilities.,the coach’s driving record (abstract),other,management,must,False,passive,plain,obligation,obligation,True,1.0,safety_and_working_conditions,True,Conditional structure attached
columbus_city_schools__columbus_education_association_2022_2025__071387d0,Columbus_Education_Association_2022-2025.pdf,Columbus City Schools,129,coaches must have van certification to drive a vehicle that transports students on a non-emergency basis,coaches,worker,management,must,False,active,plain,obligation,obligation,True,1.0,safety_and_working_conditions,True,Extracted as independent clause joined by 'and'
columbus_city_schools__columbus_education_association_2022_2025__071387d0,Columbus_Education_Association_2022-2025.pdf,Columbus City Schools,129,their drivers’ licenses must have acceptable records to the Board’s insurer.,their drivers’ licenses,other,management,must,False,active,plain,obligation,obligation,True,1.0,safety_and_working_conditions,True,Extracted as independent clause joined by 'and'
columbus_city_schools__columbus_education_association_2022_2025__071387d0,Columbus_Education_Association_2022-2025.pdf,Columbus City Schools,129,Teachers holding a supplemental contract for Elementary Safety Patrol for the first time must attend an in-service program designated by the director of transportation prior to the beginning of the school year.,Teachers holding a supplemental contract for Elementary Safety Patrol for the first time,worker,management,must,False,active,plain,obligation,obligation,True,1.0,professional_development,True,
columbus_city_schools__columbus_education_association_2022_2025__071387d0,Columbus_Education_Association_2022-2025.pdf,Columbus City Schools,129,Teachers who hold a contract for this duty and have previously held a contract for this duty must attend the in-service program at least one every four years.,Teachers who hold a contract for this duty and have previously held a contract for this duty,worker,management,must,False,active,plain,obligation,obligation,True,1.0,professional_development,True,
columbus_city_schools__columbus_education_association_2022_2025__071387d0,Columbus_Education_Association_2022-2025.pdf,Columbus City Schools,129,A Chess Club Advisor shall be authorized provided there are a minimum of seven (7) team members and there is participation in all school and district matches and activities.,A Chess Club Advisor,worker,worker,shall,False,active,permission_verb,permission,permission,True,1.0,other,True,
columbus_city_schools__columbus_education_association_2022_2025__071387d0,Columbus_Education_Association_2022-2025.pdf,Columbus City Schools,129,no full or partial contract is appropriate for one gender.,no full or partial contract,other,worker,,True,active,plain,prohibition,prohibition,True,0.0,other,True,Declarative policy statement
columbus_city_schools__columbus_education_association_2022_2025__071387d0,Columbus_Education_Association_2022-2025.pdf,Columbus City Schools,129,The coach of the gender with adequate participants will provide supervision for the underrepresented gender to enter competitions previously scheduled together.,The coach of the gender with adequate participants,worker,management,will,False,active,plain,obligation,obligation,True,0.9,other,True,
columbus_city_schools__columbus_education_association_2022_2025__071387d0,Columbus_Education_Association_2022-2025.pdf,Columbus City Schools,129,that assistant position would be offered to the coach of the underrepresented gender without another posting.,that assistant position,other,worker,would,False,passive,rights_passive,right,right,True,0.85,other,True,
columbus_city_schools__columbus_education_association_2022_2025__071387d0,Columbus_Education_Association_2022-2025.pdf,Columbus City Schools,129,the contract status of the head coach and assistant coach shall remain in effect.,the contract status of the head coach and assistant coach,other,worker,shall,False,active,plain,obligation,obligation,True,1.0,job_security,True,
columbus_city_schools__columbus_education_association_2022_2025__071387d0,Columbus_Education_Association_2022-2025.pdf,Columbus City Schools,129,The work year for school psychologists shall be the regular school year,The work year for school psychologists,other,worker,shall,False,active,plain,obligation,obligation,True,1.0,workload,True,Extracted as independent clause joined by 'and'
columbus_city_schools__columbus_education_association_2022_2025__071387d0,Columbus_Education_Association_2022-2025.pdf,Columbus City Schools,129,the regular contract salary shall be the amount indicated by the individual psychologist’s placement on the teacher salary schedule.,the regular contract salary,other,worker,shall,False,active,plain,obligation,obligation,True,1.0,compensation,True,Extracted as independent clause joined by 'and'
columbus_city_schools__columbus_education_association_2022_2025__071387d0,Columbus_Education_Association_2022-2025.pdf,Columbus City Schools,130,"In addition, each school psychologist shall be offered a supplemental contract for four (4) weeks of extended service – two (2) weeks immediately prior to and two (2) weeks immediately following the regular school year.",each school psychologist,management,worker,shall,False,passive,rights_passive,right,right,True,1.0,compensation,True,
columbus_city_schools__columbus_education_association_2022_2025__071387d0,Columbus_Education_Association_2022-2025.pdf,Columbus City Schools,130,"The pay for such four (4) weeks shall be an amount equal to fifteen (15) percent of the 14-years experience step of the master’s degree salary, prorated on a daily basis at the time such extended service is provided.",The pay for such four (4) weeks,other,worker,shall,False,active,plain,obligation,obligation,True,1.0,compensation,True,
columbus_city_schools__columbus_education_association_2022_2025__071387d0,Columbus_Education_Association_2022-2025.pdf,Columbus City Schools,130,The work for high school counselors shall be the regular school year,The work for high school counselors,other,worker,shall,False,active,plain,obligation,obligation,True,1.0,workload,True,
columbus_city_schools__columbus_education_association_2022_2025__071387d0,Columbus_Education_Association_2022-2025.pdf,Columbus City Schools,130,the regular contract salary shall be the amount indicated by the individual school counselor placement on the teacher salary schedule.,the regular contract salary,other,worker,shall,False,active,plain,obligation,obligation,True,1.0,compensation,True,
columbus_city_schools__columbus_education_association_2022_2025__071387d0,Columbus_Education_Association_2022-2025.pdf,Columbus City Schools,130,"In addition, each school counselor shall be offered a supplemental contract for four (4) weeks of extended service — two (2) weeks immediately prior to and two (2) weeks immediately following the regular school year.",each school counselor,management,worker,shall,False,passive,rights_passive,right,right,True,1.0,compensation,True,
columbus_city_schools__columbus_education_association_2022_2025__071387d0,Columbus_Education_Association_2022-2025.pdf,Columbus City Schools,130,"The pay for such four (4) weeks shall be an amount equal to fifteen (15) percent of the 14-years experience step of the Master’s degree salary, prorated on a daily basis at the time such extended service is provided.",The pay for such four (4) weeks,other,worker,shall,False,active,plain,obligation,obligation,True,1.0,compensation,True,
columbus_city_schools__columbus_education_association_2022_2025__071387d0,Columbus_Education_Association_2022-2025.pdf,Columbus City Schools,130,All members of the bargaining unit who must use private transportation to perform their assigned duties will be reimbursed at the rate allowed by the Internal Revenue Service in effect at the time of the travel.,All members of the bargaining unit who must use private transportation to perform their assigned duties,management,worker,will,False,passive,rights_passive,right,obligation,False,0.9,compensation,True,
columbus_city_schools__columbus_education_association_2022_2025__071387d0,Columbus_Education_Association_2022-2025.pdf,Columbus City Schools,130,"The Board shall pay a stipend, beyond any stipend provided by the State of Ohio, in the amount of $1,500 annually during the term of this Agreement, beginning with school year 2000-2001, to teachers who obtain National Board Certification before the beginning of a school year.",The Board,management,worker,shall,False,active,plain,obligation,obligation,True,1.0,compensation,True,
columbus_city_schools__columbus_education_association_2022_2025__071387d0,Columbus_Education_Association_2022-2025.pdf,Columbus City Schools,130,Such NBPTS teachers shall each have the responsibility to provide two (2) staff development presentations during each school year as determined by the Local Professional Development Committee (LPDC) in concurrence with the Superintendent or designee.,Such NBPTS teachers,worker,management,shall,False,active,obligation_verb,obligation,obligation,True,1.0,professional_development,True,
columbus_city_schools__columbus_education_association_2022_2025__071387d0,Columbus_Education_Association_2022-2025.pdf,Columbus City Schools,130,The LPDC and Administration shall coordinate the delivery of such presentations with the scheduling needs of the teacher and the district.,The LPDC and Administration,other,management,shall,False,active,plain,obligation,obligation,True,1.0,professional_development,True,
columbus_city_schools__columbus_education_association_2022_2025__071387d0,Columbus_Education_Association_2022-2025.pdf,Columbus City Schools,130,A teacher who completes the school year in compliance with Section 908.01 above shall be paid the appropriate lump sum stipend(s) on the twenty-first (21st) pay date.,A teacher who completes the school year in compliance with Section 908.01 above,management,worker,shall,False,passive,rights_passive,right,obligation,False,1.0,compensation,True,
columbus_city_schools__columbus_education_association_2022_2025__071387d0,Columbus_Education_Association_2022-2025.pdf,Columbus City Schools,130,"There shall be a Performance Advancement System (PAS) for individual teachers or groups of teachers who volunteer, based on student achievement and demonstrated accountability",There,other,worker,shall,False,active,plain,obligation,obligation,True,1.0,evaluation,True,
columbus_city_schools__columbus_education_association_2022_2025__071387d0,Columbus_Education_Association_2022-2025.pdf,Columbus City Schools,131,"There shall be a Performance Advancement System (PAS) for individual teachers or groups of teachers who volunteer, based on student achievement and demonstrated accountability for student progress.",There,other,worker,shall,False,active,obligation_verb,obligation,obligation,True,1.0,evaluation,True,
columbus_city_schools__columbus_education_association_2022_2025__071387d0,Columbus_Education_Association_2022-2025.pdf,Columbus City Schools,131,"Beginning in the fall of 2005, qualifying teachers, including each teacher in a group, shall receive $2,500 annually based on achievement results during the previous school year.","qualifying teachers, including each teacher in a group",worker,worker,shall,False,active,rights_active,right,right,True,1.0,compensation,True,
columbus_city_schools__columbus_education_association_2022_2025__071387d0,Columbus_Education_Association_2022-2025.pdf,Columbus City Schools,131,The Superintendent and Association President each shall appoint four (4) persons to a joint committee which will work to determine the details of this Performance Advancement System and how it will be implemented.,The Superintendent and Association President,other,management,shall,False,active,plain,obligation,obligation,True,1.0,other,True,
columbus_city_schools__columbus_education_association_2022_2025__071387d0,Columbus_Education_Association_2022-2025.pdf,Columbus City Schools,131,The joint committee will continue to determine the details of how PAS will be implemented.,The joint committee,other,management,will,False,active,plain,obligation,obligation,True,0.9,other,True,
columbus_city_schools__columbus_education_association_2022_2025__071387d0,Columbus_Education_Association_2022-2025.pdf,Columbus City Schools,131,"Upon agreement of the Superintendent and the President of the Association, the joint committee shall meet to consider the relationship between research-based indicators of successful teaching and student achievement.",the joint committee,other,management,shall,False,active,plain,obligation,obligation,True,1.0,other,True,
columbus_city_schools__columbus_education_association_2022_2025__071387d0,Columbus_Education_Association_2022-2025.pdf,Columbus City Schools,131,"This article constitutes the agreement of the Association and the Board, and of those teachers who volunteer to participate in PAS, to use value added data or like data related to the particular teacher for purposes of this article, notwithstanding any other agreement, policy or practice of the Association, the Board and/or the teacher or any other organization.",This article,other,management,,False,active,plain,other,other,True,0.0,evaluation,True,
columbus_city_schools__columbus_education_association_2022_2025__071387d0,Columbus_Education_Association_2022-2025.pdf,Columbus City Schools,131,This article is retained only for payment in the fall of 2015 for those teachers who qualify and who participated in PAS during the 2014–2015 school year.,This article,other,management,,False,passive,plain,other,other,True,0.0,other,True,
columbus_city_schools__columbus_education_association_2022_2025__071387d0,Columbus_Education_Association_2022-2025.pdf,Columbus City Schools,131,Thereafter this article ceases to have any force or effect.,this article,other,management,,False,active,plain,other,other,True,0.0,other,True,
columbus_city_schools__columbus_education_association_2022_2025__071387d0,Columbus_Education_Association_2022-2025.pdf,Columbus City Schools,131,"A joint committee is established, consisting of four (4) persons appointed by the Superintendent and four (4) persons appointed by the President of the Association.",A joint committee,management,management,,False,passive,plain,other,other,True,0.0,other,True,
columbus_city_schools__columbus_education_association_2022_2025__071387d0,Columbus_Education_Association_2022-2025.pdf,Columbus City Schools,131,"The committee shall be created August 1, 2005",The committee,other,management,shall,False,passive,plain,obligation,obligation,True,1.0,other,True,
columbus_city_schools__columbus_education_association_2022_2025__071387d0,Columbus_Education_Association_2022-2025.pdf,Columbus City Schools,131,"shall complete its work by May 1, 2006.",The committee,other,management,shall,False,active,plain,obligation,obligation,True,1.0,other,True,
columbus_city_schools__columbus_education_association_2022_2025__071387d0,Columbus_Education_Association_2022-2025.pdf,Columbus City Schools,131,"The joint committee shall determine an appropriate methodology(ies) to extend the value added progress dimension as defined in O.R.C. 3302.01(K), to as many subject areas and grade levels as possible and to assemble and maintain data on value added to individual students during the 2006–07, 2007–08 and 2008–09 school years.",The joint committee,other,management,shall,False,active,plain,obligation,obligation,True,1.0,evaluation,True,
columbus_city_schools__columbus_education_association_2022_2025__071387d0,Columbus_Education_Association_2022-2025.pdf,Columbus City Schools,132,"The parties agree to a $4,000 stipend for each “eligible teacher” who is assigned for a particular school year by the Superintendent/designee to accomplish the purposes of this Article 911.",The parties,other,worker,,False,active,plain,other,other,True,0.0,compensation,True,
columbus_city_schools__columbus_education_association_2022_2025__071387d0,Columbus_Education_Association_2022-2025.pdf,Columbus City Schools,132,"The Superintendent/designee will base the selection and assignment of individual teachers on the needs of the District and the licensure, experience and demonstrated abilities of the teacher.",The Superintendent/designee,management,management,will,False,active,plain,obligation,obligation,True,0.9,workload,True,
columbus_city_schools__columbus_education_association_2022_2025__071387d0,Columbus_Education_Association_2022-2025.pdf,Columbus City Schools,132,"Assignments shall not be made in an unreasonable, arbitrary or capricious manner.",Assignments,management,worker,shall,True,passive,plain,prohibition,prohibition,True,1.0,workload,True,
columbus_city_schools__columbus_education_association_2022_2025__071387d0,Columbus_Education_Association_2022-2025.pdf,Columbus City Schools,132,"Each year by November 1, the Board shall post electronically a list of licensures, certifications, and/or endorsements identified as “high needs”.",the Board,management,worker,shall,False,active,plain,obligation,obligation,True,1.0,professional_development,True,
columbus_city_schools__columbus_education_association_2022_2025__071387d0,Columbus_Education_Association_2022-2025.pdf,Columbus City Schools,132,The list shall be accessible by all CEA bargaining unit members.,The list,worker,worker,shall,False,passive,plain,obligation,obligation,True,1.0,professional_development,True,
columbus_city_schools__columbus_education_association_2022_2025__071387d0,Columbus_Education_Association_2022-2025.pdf,Columbus City Schools,132,"An eligible teacher who applies to enter the assignment program shall, upon acceptance to the program, complete coursework at an accredited college or university to receive Ohio Department of Education licensure, certification, and/or endorsement in an area identified by the Board as “high needs”.",An eligible teacher,worker,management,shall,False,active,plain,obligation,obligation,True,1.0,professional_development,True,
columbus_city_schools__columbus_education_association_2022_2025__071387d0,Columbus_Education_Association_2022-2025.pdf,Columbus City Schools,132,The Board shall offer all necessary coursework free of charge to CEA bargaining unit members.,The Board,management,worker,shall,False,active,plain,obligation,obligation,True,1.0,professional_development,True,
columbus_city_schools__columbus_education_association_2022_2025__071387d0,Columbus_Education_Association_2022-2025.pdf,Columbus City Schools,132,Completion of all coursework shall take place outside of the bargaining unit member’s contractual work day,Completion,other,worker,shall,False,active,plain,obligation,obligation,True,1.0,workload,True,Clause truncated at the end of the provided chunk.
columbus_city_schools__columbus_education_association_2022_2025__071387d0,Columbus_Education_Association_2022-2025.pdf,Columbus City Schools,133,Completion of all coursework shall take place outside of the bargaining unit member’s contractual work day and shall be completed within eighteen (18) months of acceptance in the assignment program.,Completion of all coursework,other,worker,shall,False,active,plain,obligation,obligation,True,1.0,workload,True,
columbus_city_schools__columbus_education_association_2022_2025__071387d0,Columbus_Education_Association_2022-2025.pdf,Columbus City Schools,133,"Upon demonstration to the Board that the identified “high needs” licensure, certification, and/or endorsement has been achieved by the bargaining unit member, the eligible teacher shall be assigned for the following school year to a bargaining unit position which requires the “high needs” licensure, certification, and/or endorsement, provided a vacancy is available.",the eligible teacher,worker,worker,shall,False,passive,rights_passive,right,right,True,1.0,transfers,True,Conditional clause precedes main clause.
columbus_city_schools__columbus_education_association_2022_2025__071387d0,Columbus_Education_Association_2022-2025.pdf,Columbus City Schools,133,"If a vacancy is not available, assignment in subsequent years shall be made only by mutual agreement of the Superintendent/designee and bargaining unit member.",assignment in subsequent years,management,worker,shall,False,passive,plain,obligation,obligation,True,1.0,transfers,True,Conditional clause precedes main clause.
columbus_city_schools__columbus_education_association_2022_2025__071387d0,Columbus_Education_Association_2022-2025.pdf,Columbus City Schools,133,The parties agree to a stipend equal to twenty percent (20%) of the base salary in effect the first year of the assignment for each “eligible teacher” who is assigned by the Superintendent/designee to accomplish the purposes of this Article 912,The parties,other,worker,,False,active,plain,other,other,True,0.0,compensation,True,Complex sentence; remaining text describes payment schedule.
columbus_city_schools__columbus_education_association_2022_2025__071387d0,Columbus_Education_Association_2022-2025.pdf,Columbus City Schools,133,Payment shall be paid as supplemental compensation,Payment,other,worker,shall,False,passive,plain,obligation,obligation,True,1.0,compensation,True,
columbus_city_schools__columbus_education_association_2022_2025__071387d0,Columbus_Education_Association_2022-2025.pdf,Columbus City Schools,133,shall not be part of the salary schedule.,Payment,other,management,shall,True,active,plain,prohibition,prohibition,True,1.0,compensation,True,
columbus_city_schools__columbus_education_association_2022_2025__071387d0,Columbus_Education_Association_2022-2025.pdf,Columbus City Schools,133,"Assignments shall not be made in an unreasonable, arbitrary, or capricious manner.",Assignments,other,worker,shall,True,passive,prohibition_verb,permission,prohibition,False,1.0,workload,True,
columbus_city_schools__columbus_education_association_2022_2025__071387d0,Columbus_Education_Association_2022-2025.pdf,Columbus City Schools,133,A teacher may only file a written statement with the Superintendent under (a) if the bargaining unit member has completed at least three (3) years teaching experience in Columbus City Schools.,A teacher,worker,management,may,False,active,permission_verb,permission,permission,True,0.3,teacher_rights_and_conduct,True,Condition limits permission.
columbus_city_schools__columbus_education_association_2022_2025__071387d0,Columbus_Education_Association_2022-2025.pdf,Columbus City Schools,134,"By definition, such tutors shall be members of the bargaining unit provided they render paid tutorial service during the month of October or who first render paid tutorial service after October",such tutors,worker,worker,shall,False,active,plain,obligation,obligation,True,1.0,other,True,Conditional grant of bargaining unit membership.
columbus_city_schools__columbus_education_association_2022_2025__071387d0,Columbus_Education_Association_2022-2025.pdf,Columbus City Schools,134,and shall remain members of the bargaining unit as long as they render paid tutorial service during each successive month at least through the following May.,such tutors,worker,worker,shall,False,active,plain,obligation,obligation,True,1.0,other,True,Conditional retention of bargaining unit membership.
columbus_city_schools__columbus_education_association_2022_2025__071387d0,Columbus_Education_Association_2022-2025.pdf,Columbus City Schools,134,"Those tutors who have rendered paid tutorial service during October and each successive month, at least through the following May, will remain members of said bargaining unit during the months of June, July, August and September provided their employment contracts are not terminated, non-renewed or resigned.","Those tutors who have rendered paid tutorial service during October and each successive month, at least through the following May",worker,worker,will,False,active,plain,obligation,obligation,True,0.9,other,True,Conditional retention of membership during summer months.
columbus_city_schools__columbus_education_association_2022_2025__071387d0,Columbus_Education_Association_2022-2025.pdf,Columbus City Schools,134,1003.01 Tutors shall be offered appropriately worded individual one-year tutor contracts.,Tutors,management,worker,shall,False,passive,rights_passive,right,right,True,1.0,other,True,Implicit agent is the district/board.
columbus_city_schools__columbus_education_association_2022_2025__071387d0,Columbus_Education_Association_2022-2025.pdf,Columbus City Schools,134,All tutor contracts shall be deemed automatically nonrenewed as of their expiration date,All tutor contracts,other,management,shall,False,passive,plain,obligation,obligation,True,1.0,job_security,True,Inanimate subject documents automatic status.
columbus_city_schools__columbus_education_association_2022_2025__071387d0,Columbus_Education_Association_2022-2025.pdf,Columbus City Schools,134,and no action or notification by the Board shall be required in connections with such nonrenewal.,no action or notification by the Board,management,management,shall,True,passive,obligation_verb,right,right,True,1.0,job_security,True,Subject-side quantifier negation.
columbus_city_schools__columbus_education_association_2022_2025__071387d0,Columbus_Education_Association_2022-2025.pdf,Columbus City Schools,134,"1003.02 The parties shall meet promptly to mutually establish guidelines prior to the start of the 1992–93 school year regarding the assignment of hours, students and buildings to SLD tutors.",The parties,other,management,shall,False,active,obligation_verb,obligation,obligation,True,1.0,workload,True,Joint duty to establish guidelines.
columbus_city_schools__columbus_education_association_2022_2025__071387d0,Columbus_Education_Association_2022-2025.pdf,Columbus City Schools,134,These guidelines shall take into consideration the current assignment patterns of experienced tutors,These guidelines,other,worker,shall,False,active,plain,obligation,obligation,True,1.0,workload,True,Inanimate subject.
columbus_city_schools__columbus_education_association_2022_2025__071387d0,Columbus_Education_Association_2022-2025.pdf,Columbus City Schools,134,but shall be designed to ensure that changing needs of SLD students are met.,These guidelines,other,management,shall,False,passive,plain,obligation,obligation,True,1.0,other,True,Implied subject refers to 'These guidelines'.
columbus_city_schools__columbus_education_association_2022_2025__071387d0,Columbus_Education_Association_2022-2025.pdf,Columbus City Schools,134,"In the event that some one-year tutor contracts that guarantee pay for five (5) hours per day for each full day for which teachers are paid to assist in meeting these student needs, the awarding of such contracts shall be incorporated into these guidelines.",the awarding of such contracts,other,worker,shall,False,passive,plain,obligation,obligation,True,1.0,compensation,True,Awkward conditional syntax in source text.
columbus_city_schools__columbus_education_association_2022_2025__071387d0,Columbus_Education_Association_2022-2025.pdf,Columbus City Schools,134,"In the event some tutors receive such five (5) hours guarantee contracts, they shall accrue two (2) days personal leave per school year in accordance with all provisions of Section 702.12",they,worker,worker,shall,False,active,rights_active,right,right,True,1.0,leave,True,Conditional grant of leave; sentence truncates after this clause in source.
columbus_city_schools__columbus_education_association_2022_2025__071387d0,Columbus_Education_Association_2022-2025.pdf,Columbus City Schools,135,they shall accrue two (2) days personal leave per school year in accordance with all provisions of Section 702.12,they,worker,worker,shall,False,active,plain,obligation,right,False,1.0,leave,True,
columbus_city_schools__columbus_education_association_2022_2025__071387d0,Columbus_Education_Association_2022-2025.pdf,Columbus City Schools,135,they shall be reimbursed at the transportation mileage rate as established in Article 907 if assigned to more than one school in a day.,they,management,worker,shall,False,passive,rights_passive,right,right,True,1.0,compensation,True,
columbus_city_schools__columbus_education_association_2022_2025__071387d0,Columbus_Education_Association_2022-2025.pdf,Columbus City Schools,135,"All tutor contracts, provided in Section 1003.01 and 1003.02 of this article, shall have language mutually agreed to by the Board and the Association.","All tutor contracts, provided in Section 1003.01 and 1003.02 of this article,",management,worker,shall,False,active,plain,obligation,obligation,True,1.0,other,True,
columbus_city_schools__columbus_education_association_2022_2025__071387d0,Columbus_Education_Association_2022-2025.pdf,Columbus City Schools,135,"Tutors shall be required to complete and submit to the classroom teacher, the building principal and the supervisor of the tutorial program written progress reports for each student they tutor no later than one (1) week prior to the last day of each grading period.",Tutors,management,management,shall,False,passive,obligation_verb,obligation,obligation,True,1.0,other,True,
columbus_city_schools__columbus_education_association_2022_2025__071387d0,Columbus_Education_Association_2022-2025.pdf,Columbus City Schools,135,The form(s) to be used for tutor progress reports shall be mutually developed by the Board and the Association.,The form(s) to be used for tutor progress reports,worker,worker,shall,False,passive,plain,obligation,obligation,True,1.0,other,True,
columbus_city_schools__columbus_education_association_2022_2025__071387d0,Columbus_Education_Association_2022-2025.pdf,Columbus City Schools,135,a tutor’s sick leave shall accumulate at the rate of four and six-tenths (4.6) hours for each eighty (80) hours worked,a tutor’s sick leave,other,worker,shall,False,active,plain,obligation,right,False,1.0,leave,True,
columbus_city_schools__columbus_education_association_2022_2025__071387d0,Columbus_Education_Association_2022-2025.pdf,Columbus City Schools,135,absences shall be reported on school forms 233 and 265.,absences,management,management,shall,False,passive,plain,obligation,obligation,True,1.0,other,True,
columbus_city_schools__columbus_education_association_2022_2025__071387d0,Columbus_Education_Association_2022-2025.pdf,Columbus City Schools,135,Sections 701.01B and 701.01C will not apply to tutors.,Sections 701.01B and 701.01C,other,management,will,True,active,plain,prohibition,prohibition,True,0.9,other,True,
columbus_city_schools__columbus_education_association_2022_2025__071387d0,Columbus_Education_Association_2022-2025.pdf,Columbus City Schools,135,"Beginning with the 2005–06 school year, tutors shall be entitled to personal leave under Section 702.12",tutors,management,worker,shall,False,passive,rights_passive,right,right,True,1.0,leave,True,
columbus_city_schools__columbus_education_association_2022_2025__071387d0,Columbus_Education_Association_2022-2025.pdf,Columbus City Schools,135,"they shall be credited with one (1), not two (2), personal leave days each school year;",they,management,management,shall,False,passive,rights_passive,right,right,True,1.0,leave,True,
columbus_city_schools__columbus_education_association_2022_2025__071387d0,Columbus_Education_Association_2022-2025.pdf,Columbus City Schools,135,personal leave cannot be used in the 2005–06 school year.,personal leave,other,management,can,True,passive,plain,prohibition,prohibition,True,0.3,leave,True,
columbus_city_schools__columbus_education_association_2022_2025__071387d0,Columbus_Education_Association_2022-2025.pdf,Columbus City Schools,135,The one (1) day of personal leave earned in 2005–06 shall be credited to tutors,The one (1) day of personal leave earned in 2005–06,other,worker,shall,False,passive,rights_passive,right,right,True,1.0,leave,True,
columbus_city_schools__columbus_education_association_2022_2025__071387d0,Columbus_Education_Association_2022-2025.pdf,Columbus City Schools,135,and be available for use beginning in the 2006–07 school year.,[implied from antecedent],other,worker,shall,False,active,plain,obligation,obligation,True,1.0,leave,True,modal carried over from previous clause
columbus_city_schools__columbus_education_association_2022_2025__071387d0,Columbus_Education_Association_2022-2025.pdf,Columbus City Schools,135,"Tutors shall be compensated at their hourly rate for hours they were scheduled to work but did not work as a result of schools being closed for a calamity, as with regular contract teachers in the same schools, up to the maximum number provided by law in a school year for such calamity days.",Tutors,management,worker,shall,False,passive,rights_passive,right,right,True,1.0,compensation,True,
columbus_city_schools__columbus_education_association_2022_2025__071387d0,Columbus_Education_Association_2022-2025.pdf,Columbus City Schools,135,"Contingent upon current and continued approval of the State Teacher Retirement System (STRS) of Ohio, tutor work will be reported to STRS in days instead of hours.",tutor work,other,management,will,False,passive,plain,obligation,obligation,True,0.9,other,True,
columbus_city_schools__columbus_education_association_2022_2025__071387d0,Columbus_Education_Association_2022-2025.pdf,Columbus City Schools,135,A day will be reported for each paid day regardless of the number of hours worked.,A day,other,management,will,False,passive,plain,obligation,obligation,True,0.9,other,True,
columbus_city_schools__columbus_education_association_2022_2025__071387d0,Columbus_Education_Association_2022-2025.pdf,Columbus City Schools,135,Eligible tutors may elect the health benefits provided in Article 806 of this Agreement and/or the dental insurance coverage provided in Article 807 of this Agreement.,Eligible tutors,worker,worker,may,False,active,plain,permission,permission,True,0.3,benefits,True,
columbus_city_schools__columbus_education_association_2022_2025__071387d0,Columbus_Education_Association_2022-2025.pdf,Columbus City Schools,135,The Board shall pay a proportionate amount of the cost of such insurance as set forth in Section 109.03(I)(18) of this Agreement.,The Board,management,worker,shall,False,active,plain,obligation,obligation,True,1.0,benefits,True,
columbus_city_schools__columbus_education_association_2022_2025__071387d0,Columbus_Education_Association_2022-2025.pdf,Columbus City Schools,136,The eligible tutor shall pay the balance of the monthly premium by the payroll deduction schedule.,The eligible tutor,worker,management,shall,False,active,plain,obligation,obligation,True,1.0,benefits,True,
columbus_city_schools__columbus_education_association_2022_2025__071387d0,Columbus_Education_Association_2022-2025.pdf,Columbus City Schools,136,a tutor must have assigned work averaging fifteen (15) hours per week,a tutor,worker,management,must,False,active,plain,obligation,obligation,True,1.0,other,True,
columbus_city_schools__columbus_education_association_2022_2025__071387d0,Columbus_Education_Association_2022-2025.pdf,Columbus City Schools,136,must continue to be a member of the bargaining unit.,a tutor,worker,management,must,False,active,plain,obligation,obligation,True,1.0,other,True,Implied subject carried over from preceding clause.
columbus_city_schools__columbus_education_association_2022_2025__071387d0,Columbus_Education_Association_2022-2025.pdf,Columbus City Schools,136,A tutor may not change coverages except during the annual enrollment period.,A tutor,worker,management,may,True,active,plain,prohibition,prohibition,True,0.3,benefits,True,
columbus_city_schools__columbus_education_association_2022_2025__071387d0,Columbus_Education_Association_2022-2025.pdf,Columbus City Schools,136,that tutor cannot re-enroll until the next annual enrollment period.,that tutor,worker,management,can,True,active,plain,prohibition,prohibition,True,0.3,benefits,True,
columbus_city_schools__columbus_education_association_2022_2025__071387d0,Columbus_Education_Association_2022-2025.pdf,Columbus City Schools,136,Tutors who are eligible to purchase insurance shall also be eligible to utilize payroll reductions for the purpose of purchasing annuities.,Tutors,worker,worker,shall,False,active,plain,obligation,right,False,1.0,benefits,True,
columbus_city_schools__columbus_education_association_2022_2025__071387d0,Columbus_Education_Association_2022-2025.pdf,Columbus City Schools,136,The Board Treasurer may establish such rules as deemed necessary to govern these reductions.,The Board Treasurer,management,management,may,False,active,plain,permission,permission,True,0.3,other,True,
columbus_city_schools__columbus_education_association_2022_2025__071387d0,Columbus_Education_Association_2022-2025.pdf,Columbus City Schools,136,"that tutor may continue to be provided insurance as set forth in this Article 1007 for the balance of that school year (through August), provided the reduction in hours was not through the tutor’s choice (i.e., the tutor chooses to drop pupils or declines additional pupils).",that tutor,management,worker,may,False,passive,rights_passive,right,right,True,0.3,benefits,True,Implicit agent providing insurance is management/district.
columbus_city_schools__columbus_education_association_2022_2025__071387d0,Columbus_Education_Association_2022-2025.pdf,Columbus City Schools,136,the tutor must continue to be a member of the bargaining unit as defined in Article 1001.,the tutor,worker,management,must,False,active,plain,obligation,obligation,True,1.0,other,True,
columbus_city_schools__columbus_education_association_2022_2025__071387d0,Columbus_Education_Association_2022-2025.pdf,Columbus City Schools,137,To be eligible for a seventy-two (72) percent Board contribution to insurance as provided in Section 109.03(I)(18) the tutor (except for a tutor newly employed after October) must attain more than twenty-five (25) hours per full work week sometime during the period October and November,the tutor (except for a tutor newly employed after October),worker,management,must,False,active,plain,obligation,obligation,True,1.0,benefits,True,
columbus_city_schools__columbus_education_association_2022_2025__071387d0,Columbus_Education_Association_2022-2025.pdf,Columbus City Schools,137,and most likely will continue to render instruction as a tutor for more than twenty-five (25) hours per full work week for the balance of the school year.,the tutor,worker,management,will,False,active,plain,obligation,obligation,True,0.9,other,True,
columbus_city_schools__columbus_education_association_2022_2025__071387d0,Columbus_Education_Association_2022-2025.pdf,Columbus City Schools,137,that tutor may continue to be provided insurance as set forth in this Article 1008 for the balance of that school year (through August),that tutor,management,worker,may,False,passive,rights_passive,right,right,True,0.3,benefits,True,
columbus_city_schools__columbus_education_association_2022_2025__071387d0,Columbus_Education_Association_2022-2025.pdf,Columbus City Schools,137,"To be eligible for and to continue such insurance, the tutor must continue to be a member of the bargaining unit as defined in Article 1001.",the tutor,worker,worker,must,False,active,plain,obligation,obligation,True,1.0,benefits,True,
columbus_city_schools__columbus_education_association_2022_2025__071387d0,Columbus_Education_Association_2022-2025.pdf,Columbus City Schools,137,"Effective January 1, 1995, the Board shall provide, at Board expense, $20,000 group term life insurance for tutors eligible for enrollment in the Comprehensive Major Medical Insurance Program as defined in Sections 1008.02 and 1008.05 of this Agreement.",the Board,management,worker,shall,False,active,plain,obligation,obligation,True,1.0,benefits,True,
columbus_city_schools__columbus_education_association_2022_2025__071387d0,Columbus_Education_Association_2022-2025.pdf,Columbus City Schools,137,Tutors shall be paid in accordance with the following rates:,Tutors,management,worker,shall,False,passive,rights_passive,right,obligation,False,1.0,compensation,True,
columbus_city_schools__columbus_education_association_2022_2025__071387d0,Columbus_Education_Association_2022-2025.pdf,Columbus City Schools,137,A tutor who becomes a regular contract teacher shall be granted up to five (5) years of Columbus teaching experience for salary purposes.,A tutor who becomes a regular contract teacher,worker,worker,shall,False,passive,rights_passive,right,right,True,1.0,compensation,True,
columbus_city_schools__columbus_education_association_2022_2025__071387d0,Columbus_Education_Association_2022-2025.pdf,Columbus City Schools,138,"In order to qualify for a year of tutor teaching experience, a tutor must have been paid for a minimum of six hundred (600) hours of tutoring in the Columbus City Schools during a single school year.",a tutor,management,worker,must,False,passive,rights_passive,right,obligation,False,1.0,compensation,True,
columbus_city_schools__columbus_education_association_2022_2025__071387d0,Columbus_Education_Association_2022-2025.pdf,Columbus City Schools,138,"Such tutor teaching experience, up to five (5) years, shall be added to regular contract teaching experience.",Such tutor teaching experience,management,worker,shall,False,passive,plain,obligation,obligation,True,1.0,compensation,True,
columbus_city_schools__columbus_education_association_2022_2025__071387d0,Columbus_Education_Association_2022-2025.pdf,Columbus City Schools,138,"This provision shall apply to tutors becoming regular contact teachers after July 22, 1987.",This provision,other,worker,shall,False,active,plain,obligation,other,False,1.0,other,True,
columbus_city_schools__columbus_education_association_2022_2025__071387d0,Columbus_Education_Association_2022-2025.pdf,Columbus City Schools,138,The following percentage of the member’s accrued but unused sick leave will be paid if the member gives the Human Resources Department written notice of intent to retire by March 1 of a school year.,The following percentage,management,worker,will,False,passive,rights_passive,right,right,True,0.9,benefits,True,
columbus_city_schools__columbus_education_association_2022_2025__071387d0,Columbus_Education_Association_2022-2025.pdf,Columbus City Schools,138,Bargaining with tutors shall be conducted in conjunction with bargaining on the Agreement covering other members of the bargaining unit,Bargaining with tutors,management,worker,shall,False,passive,plain,obligation,obligation,True,1.0,other,True,
columbus_city_schools__columbus_education_association_2022_2025__071387d0,Columbus_Education_Association_2022-2025.pdf,Columbus City Schools,138,shall follow Section 1201.11 as to impasse resolution.,Bargaining with tutors,management,worker,shall,False,active,plain,obligation,obligation,True,1.0,other,True,
columbus_city_schools__columbus_education_association_2022_2025__071387d0,Columbus_Education_Association_2022-2025.pdf,Columbus City Schools,138,"The following provisions of the current Agreement shall be considered to be a part of this Chapter 1000: 101, 102, 103, 104, 105, 106, 107, 108, 109.03, 110, 111, 202.05, 211.01, 401.09, 802, 810 (except 810.02(B)), 813, 901.13, Chapter 1400, and Chapter 1500.",The following provisions,management,worker,shall,False,passive,plain,obligation,other,False,1.0,other,True,
columbus_city_schools__columbus_education_association_2022_2025__071387d0,Columbus_Education_Association_2022-2025.pdf,Columbus City Schools,138,"Beginning with earnings in the 2005–06 school year, tutors who work at least 15 hours per week shall have the options of payroll plan A or payroll plan B in accordance with Sections 109.03(I)(6) and 901.10, provided time sheets are received in a timely manner.",tutors who work at least 15 hours per week,worker,worker,shall,False,active,plain,obligation,right,False,1.0,compensation,True,
columbus_city_schools__columbus_education_association_2022_2025__071387d0,Columbus_Education_Association_2022-2025.pdf,Columbus City Schools,139,This Chapter shall govern “latchkey teachers” who work regularly during the majority of the school year.,This Chapter,other,worker,shall,False,active,plain,obligation,other,False,1.0,other,True,
columbus_city_schools__columbus_education_association_2022_2025__071387d0,Columbus_Education_Association_2022-2025.pdf,Columbus City Schools,139,Latchkey teachers shall be offered appropriately worked individual one (1)-year latchkey contracts.,Latchkey teachers,management,worker,shall,False,passive,rights_passive,right,obligation,False,1.0,job_security,True,
columbus_city_schools__columbus_education_association_2022_2025__071387d0,Columbus_Education_Association_2022-2025.pdf,Columbus City Schools,139,All latchkey teacher contracts shall be deemed automatically non-renewed as of their expiration date,All latchkey teacher contracts,management,management,shall,False,passive,plain,obligation,obligation,True,1.0,job_security,True,
columbus_city_schools__columbus_education_association_2022_2025__071387d0,Columbus_Education_Association_2022-2025.pdf,Columbus City Schools,139,no action or notification by the Board shall be required in connection with such nonrenewal.,no action or notification by the Board,management,management,shall,True,passive,obligation_verb,right,other,False,1.0,job_security,True,
columbus_city_schools__columbus_education_association_2022_2025__071387d0,Columbus_Education_Association_2022-2025.pdf,Columbus City Schools,139,The Superintendent or designee shall determine the number of latchkey teachers needed.,The Superintendent or designee,management,management,shall,False,active,plain,obligation,obligation,True,1.0,job_security,True,
columbus_city_schools__columbus_education_association_2022_2025__071387d0,Columbus_Education_Association_2022-2025.pdf,Columbus City Schools,139,All latchkey contracts shall have language mutually agreed to by the Board and the Association.,All latchkey contracts,other,worker,shall,False,active,plain,obligation,obligation,True,1.0,job_security,True,
columbus_city_schools__columbus_education_association_2022_2025__071387d0,Columbus_Education_Association_2022-2025.pdf,Columbus City Schools,139,"In addition, a latchkey teacher may use up to twenty (20) days of assault leave due to injury resulting from a physical assault on a latchkey teacher which occurs on Board premises or which occurs off Board premises in connection with the performance of assig",a latchkey teacher,worker,worker,may,False,active,permission_verb,permission,permission,True,0.3,leave,True,Truncated at end of chunk
columbus_city_schools__columbus_education_association_2022_2025__071387d0,Columbus_Education_Association_2022-2025.pdf,Columbus City Schools,140,"In addition, a latchkey teacher may use up to twenty (20) days of assault leave due to injury resulting from a physical assault on a latchkey teacher which occurs on Board premises or which occurs off Board premises in connection with the performance of assigned duties, subject to the following stipulations:",a latchkey teacher,worker,worker,may,False,active,plain,permission,permission,True,0.3,leave,True,
columbus_city_schools__columbus_education_association_2022_2025__071387d0,Columbus_Education_Association_2022-2025.pdf,Columbus City Schools,140,"C. The latchkey teacher submits the certificate required in case of sick leave absence, accompanied by the physician’s statement required below;",The latchkey teacher,worker,management,,False,active,plain,other,obligation,False,0.0,leave,True,
columbus_city_schools__columbus_education_association_2022_2025__071387d0,Columbus_Education_Association_2022-2025.pdf,Columbus City Schools,140,"D. The latchkey teacher provides a physician’s statement describing the nature and duration of the resulting disability and the necessity of absence from regular employment, with the findings of the physician subject to review by the Board physician;",The latchkey teacher,worker,management,,False,active,plain,other,obligation,False,0.0,leave,True,
columbus_city_schools__columbus_education_association_2022_2025__071387d0,Columbus_Education_Association_2022-2025.pdf,Columbus City Schools,140,"E. In the even the foregoing conditions are satisfied, none of the first twenty (20) days of absence resulting from such occurrence shall be deducted from the latchkey teacher’s accumulated sick leave;",none of the first twenty (20) days of absence resulting from such occurrence,management,worker,shall,True,passive,plain,prohibition,prohibition,True,1.0,leave,True,
columbus_city_schools__columbus_education_association_2022_2025__071387d0,Columbus_Education_Association_2022-2025.pdf,Columbus City Schools,140,F. Workers’ Compensation cannot be received simultaneously with sick leave benefits.,Workers’ Compensation,other,management,can,True,passive,rights_passive,other,other,True,0.0,benefits,True,
columbus_city_schools__columbus_education_association_2022_2025__071387d0,Columbus_Education_Association_2022-2025.pdf,Columbus City Schools,140,"Beginning with the 2005–06 school year, latchkey teachers shall be entitled to personal leave under Section 702.12",latchkey teachers,management,worker,shall,False,passive,rights_passive,right,right,True,1.0,leave,True,
columbus_city_schools__columbus_education_association_2022_2025__071387d0,Columbus_Education_Association_2022-2025.pdf,Columbus City Schools,140,"(a) they shall be credited with one (1), not two (2), personal leave days each school year;",they,management,worker,shall,False,passive,rights_passive,right,right,True,1.0,leave,True,
columbus_city_schools__columbus_education_association_2022_2025__071387d0,Columbus_Education_Association_2022-2025.pdf,Columbus City Schools,140,(b) personal leave cannot be used in the 2005–06 school year.,personal leave,other,management,can,True,passive,rights_passive,other,prohibition,False,0.0,leave,True,
columbus_city_schools__columbus_education_association_2022_2025__071387d0,Columbus_Education_Association_2022-2025.pdf,Columbus City Schools,140,The one (1) day of personal leave earned in 2005–06 shall be credited to latchkey teachers,The one (1) day of personal leave earned in 2005–06,management,worker,shall,False,passive,rights_passive,right,obligation,False,1.0,leave,True,
columbus_city_schools__columbus_education_association_2022_2025__071387d0,Columbus_Education_Association_2022-2025.pdf,Columbus City Schools,140,be available for use beginning in the 2006–07 school year.,(implied),management,worker,,False,active,plain,other,other,True,0.0,leave,True,
columbus_city_schools__columbus_education_association_2022_2025__071387d0,Columbus_Education_Association_2022-2025.pdf,Columbus City Schools,140,Latchkey teachers shall be paid at the following rate per hour for work time that is authorized and approved by the Supervisor of Early Childhood Education or designee:,Latchkey teachers,management,worker,shall,False,passive,rights_passive,right,right,True,1.0,compensation,True,
columbus_city_schools__columbus_education_association_2022_2025__071387d0,Columbus_Education_Association_2022-2025.pdf,Columbus City Schools,140,"Latchkey teachers shall be compensated for the regular scheduled hours on days they were scheduled to work, but did not work as a result of schools being closed for a calamity, as with regular contract teachers in the same schools, up to a maximum of five (5) such calamity days in a school year.",Latchkey teachers,management,worker,shall,False,passive,rights_passive,right,right,True,1.0,compensation,True,
columbus_city_schools__columbus_education_association_2022_2025__071387d0,Columbus_Education_Association_2022-2025.pdf,Columbus City Schools,140,"Beginning with earnings in the 2005–06 school year, latchkey teachers shall have the options of payroll plan A or payroll plan B in accordance with the Sections 109.03(I)(6) and 901.10.",latchkey teachers,worker,worker,shall,False,active,plain,obligation,right,False,1.0,compensation,True,
columbus_city_schools__columbus_education_association_2022_2025__071387d0,Columbus_Education_Association_2022-2025.pdf,Columbus City Schools,141,Latchkey teachers may enroll in the District’s dental and/or vision insurance plans during the usual enrollment period.,Latchkey teachers,worker,worker,may,False,active,plain,permission,permission,True,0.3,benefits,True,
columbus_city_schools__columbus_education_association_2022_2025__071387d0,Columbus_Education_Association_2022-2025.pdf,Columbus City Schools,141,"The latchkey teacher shall pay the full cost of the coverage for which she or he enrolls, except for the Board’s seventy-two (72) percent share of the cost effective January 1, 2001.",The latchkey teacher,worker,management,shall,False,active,plain,obligation,obligation,True,1.0,benefits,True,
columbus_city_schools__columbus_education_association_2022_2025__071387d0,Columbus_Education_Association_2022-2025.pdf,Columbus City Schools,141,Latchkey teachers may enroll in the District’s health insurance plans during the usual enrollment period.,Latchkey teachers,worker,worker,may,False,active,plain,permission,permission,True,0.3,benefits,True,
columbus_city_schools__columbus_education_association_2022_2025__071387d0,Columbus_Education_Association_2022-2025.pdf,Columbus City Schools,141,"The latchkey teacher shall pay the full cost of the coverage for which they enroll, except for the Board’s seventy-two (72) percent effective January 1, 2001.",The latchkey teacher,worker,management,shall,False,active,plain,obligation,obligation,True,1.0,benefits,True,
columbus_city_schools__columbus_education_association_2022_2025__071387d0,Columbus_Education_Association_2022-2025.pdf,Columbus City Schools,141,Such benefits shall terminate on the last day of the month for which the employee has paid for such coverage.,Such benefits,other,management,shall,False,active,plain,obligation,other,False,1.0,benefits,True,
columbus_city_schools__columbus_education_association_2022_2025__071387d0,Columbus_Education_Association_2022-2025.pdf,Columbus City Schools,141,Coverage for latchkey teachers electing disability insurance shall be in accordance with the coverage available to other Association bargaining unit(s).,Coverage for latchkey teachers electing disability insurance,other,management,shall,False,active,plain,obligation,obligation,True,1.0,benefits,True,
columbus_city_schools__columbus_education_association_2022_2025__071387d0,Columbus_Education_Association_2022-2025.pdf,Columbus City Schools,141,"Not later than May 20 of each year, the Supervisor of Early Childhood Education or designee will prepare a list of all known vacancies in latchkey teaching positions for the following school year.",the Supervisor of Early Childhood Education or designee,management,worker,will,False,active,plain,obligation,obligation,True,0.9,other,True,
columbus_city_schools__columbus_education_association_2022_2025__071387d0,Columbus_Education_Association_2022-2025.pdf,Columbus City Schools,141,Vacancies to be identified shall be those vacancies after reorganization of the existing staff based on the anticipated needs for the following school year.,Vacancies to be identified,other,management,shall,False,active,plain,obligation,obligation,True,1.0,other,True,
columbus_city_schools__columbus_education_association_2022_2025__071387d0,Columbus_Education_Association_2022-2025.pdf,Columbus City Schools,141,Latchkey teachers desiring to be considered for such vacancies shall apply in writing on forms agreed to between the Board and the Association.,Latchkey teachers desiring to be considered for such vacancies,worker,management,shall,False,active,plain,obligation,obligation,True,1.0,other,True,
columbus_city_schools__columbus_education_association_2022_2025__071387d0,Columbus_Education_Association_2022-2025.pdf,Columbus City Schools,141,Latchkey teachers will receive their assigned schools prior to latchkey orientation in August.,Latchkey teachers,worker,worker,will,False,active,rights_active,right,right,True,0.9,other,True,
columbus_city_schools__columbus_education_association_2022_2025__071387d0,Columbus_Education_Association_2022-2025.pdf,Columbus City Schools,141,"Prior to a reassignment recommendation, a conference involving an administrator and latchkey teacher shall be conducted where the concerns may lead to such recommendation shall be discussed.",a conference involving an administrator and latchkey teacher,management,worker,shall,False,passive,plain,obligation,obligation,True,1.0,discipline,True,Grammatically garbled in source text.
columbus_city_schools__columbus_education_association_2022_2025__071387d0,Columbus_Education_Association_2022-2025.pdf,Columbus City Schools,141,"Contingent upon current and continued approval of the State Teachers Retirement System (STRS) of Ohio, latchkey work will be reported to STRS in days instead of hours.",latchkey work,management,management,will,False,passive,plain,obligation,obligation,True,0.9,benefits,True,
columbus_city_schools__columbus_education_association_2022_2025__071387d0,Columbus_Education_Association_2022-2025.pdf,Columbus City Schools,141,"A latchkey teacher shall not be given a formal written reprimand or warning, or be disciplined for any alleged infraction of rules, delin- guency,",A latchkey teacher,management,worker,shall,True,passive,rights_passive,other,prohibition,False,0.0,discipline,True,Truncated at end of chunk.
columbus_city_schools__columbus_education_association_2022_2025__071387d0,Columbus_Education_Association_2022-2025.pdf,Columbus City Schools,142,"A latchkey teacher shall not be given a formal written reprimand or warning, or be disciplined for any alleged infraction of rules, delinquency, or unprofessional performance, or be dismissed or terminated during the term of the individual contract without just cause.",A latchkey teacher,management,worker,shall,True,passive,plain,prohibition,prohibition,True,1.0,discipline,True,
columbus_city_schools__columbus_education_association_2022_2025__071387d0,Columbus_Education_Association_2022-2025.pdf,Columbus City Schools,142,Any such action shall be subject to the grievance procedure set forth in this Agreement,Any such action,other,worker,shall,False,passive,plain,obligation,obligation,True,1.0,discipline,True,
columbus_city_schools__columbus_education_association_2022_2025__071387d0,Columbus_Education_Association_2022-2025.pdf,Columbus City Schools,142,any failure to reemploy a latchkey teacher for another school year shall not be grieved with non-compliance with this paragraph cited as a claimed violation.,any failure to reemploy a latchkey teacher for another school year,other,management,shall,True,passive,plain,prohibition,prohibition,True,1.0,job_security,True,
columbus_city_schools__columbus_education_association_2022_2025__071387d0,Columbus_Education_Association_2022-2025.pdf,Columbus City Schools,142,"The grievance and arbitration process supersedes and replaces any and all Ohio statutory provisions and procedures on discipline, dismissal or termination for cause, just cause or good and just cause.",The grievance and arbitration process,other,worker,,False,active,plain,other,other,True,0.0,discipline,True,
columbus_city_schools__columbus_education_association_2022_2025__071387d0,Columbus_Education_Association_2022-2025.pdf,Columbus City Schools,142,"The Board, beginning with the 2000-01 school year, shall hire up to thirty (30) instructional support substitutes who will be assigned as needed by the Superintendent or designee.",The Board,management,management,shall,False,active,plain,obligation,obligation,True,1.0,other,True,contains relative clause describing assignment duty
columbus_city_schools__columbus_education_association_2022_2025__071387d0,Columbus_Education_Association_2022-2025.pdf,Columbus City Schools,142,These substitutes shall be paid a per diem rate based on the BA-2 year’s experience annual salary multiplied by seventy-five (75) percent divided by 178 workdays.,These substitutes,management,worker,shall,False,passive,rights_passive,right,right,True,1.0,compensation,True,
columbus_city_schools__columbus_education_association_2022_2025__071387d0,Columbus_Education_Association_2022-2025.pdf,Columbus City Schools,142,"The Board shall pay fifty (50) percent of the cost for enrollment in insurance under Articles 806, 807, 808, and 809.",The Board,management,worker,shall,False,active,plain,obligation,obligation,True,1.0,benefits,True,
columbus_city_schools__columbus_education_association_2022_2025__071387d0,Columbus_Education_Association_2022-2025.pdf,Columbus City Schools,142,"These substitutes shall earn three (3) days of paid leave for illness, injury, death in family or personal reasons.",These substitutes,worker,worker,shall,False,active,rights_active,right,right,True,1.0,leave,True,
columbus_city_schools__columbus_education_association_2022_2025__071387d0,Columbus_Education_Association_2022-2025.pdf,Columbus City Schools,142,"These substitutes may use three (3) days of paid leave for illness, injury, death in family or personal reasons.",These substitutes,worker,worker,may,False,active,permission_verb,permission,permission,True,0.3,leave,True,
columbus_city_schools__columbus_education_association_2022_2025__071387d0,Columbus_Education_Association_2022-2025.pdf,Columbus City Schools,142,The CEA and Board will cooperate in recruiting persons for employment as instructional support substitutes.,The CEA and Board,other,management,will,False,active,plain,obligation,obligation,True,0.9,other,True,
columbus_city_schools__columbus_education_association_2022_2025__071387d0,Columbus_Education_Association_2022-2025.pdf,Columbus City Schools,143,Such part-time teachers shall be employed exclusively on one-year limited contracts.,Such part-time teachers,management,management,shall,False,passive,rights_passive,right,obligation,False,1.0,job_security,True,
columbus_city_schools__columbus_education_association_2022_2025__071387d0,Columbus_Education_Association_2022-2025.pdf,Columbus City Schools,143,"Evaluation of part-time teachers is not requited pursuant to Article 401,",Evaluation of part-time teachers,management,management,,True,passive,plain,prohibition,prohibition,True,0.0,evaluation,True,typo in source: 'requited'
columbus_city_schools__columbus_education_association_2022_2025__071387d0,Columbus_Education_Association_2022-2025.pdf,Columbus City Schools,143,the one-year limited contracts of part-time teachers may be non-renewed by written notice to the employee by April 30 of any school year.,the one-year limited contracts of part-time teachers,worker,management,may,True,passive,plain,prohibition,permission,False,0.3,job_security,True,
columbus_city_schools__columbus_education_association_2022_2025__071387d0,Columbus_Education_Association_2022-2025.pdf,Columbus City Schools,143,"Part-time teachers shall be considered “as needed” employees,",Part-time teachers,management,management,shall,False,passive,rights_passive,right,other,False,1.0,job_security,True,
columbus_city_schools__columbus_education_association_2022_2025__071387d0,Columbus_Education_Association_2022-2025.pdf,Columbus City Schools,143,the Superintendent or designee may modify of reduce their work hours and assign them based upon need as determined from time to time by the Superintendent in their sole discretion.,the Superintendent or designee,management,management,may,False,active,plain,permission,permission,True,0.3,workload,True,typo in source: 'modify of reduce'
columbus_city_schools__columbus_education_association_2022_2025__071387d0,Columbus_Education_Association_2022-2025.pdf,Columbus City Schools,143,This Chapter 1300 eliminates and supersedes any and all past practices of the parties or either of them existing prior to or as of the 2009–10 school year with respect to part-time teachers.,This Chapter 1300,other,management,,False,active,plain,other,other,True,0.0,other,True,
columbus_city_schools__columbus_education_association_2022_2025__071387d0,Columbus_Education_Association_2022-2025.pdf,Columbus City Schools,146,"By majority vote of full-time teachers assigned to a building, with the concurrence of the building principal, the date(s) and schedule for Parent-Teacher Conferences may deviate from this schedule (with an equal total amount of time).",the date(s) and schedule for Parent-Teacher Conferences,other,worker,may,False,active,plain,permission,permission,True,0.3,workload,True,
columbus_city_schools__columbus_education_association_2022_2025__071387d0,Columbus_Education_Association_2022-2025.pdf,Columbus City Schools,146,"If so, all teachers in that building must comply with selected schedule and date(s).",all teachers in that building,worker,management,must,False,active,plain,obligation,obligation,True,1.0,workload,True,
columbus_city_schools__columbus_education_association_2022_2025__071387d0,Columbus_Education_Association_2022-2025.pdf,Columbus City Schools,146,"Once the schedule has been determined, that practice shall continue until changed by majority vote with concurrence of the principal.",that practice,other,worker,shall,False,active,plain,obligation,obligation,True,1.0,workload,True,
columbus_city_schools__columbus_education_association_2022_2025__071387d0,Columbus_Education_Association_2022-2025.pdf,Columbus City Schools,146,Members of the bargaining unit assigned to school buildings shall be permitted to leave immediately following pupil dismissal.,Members of the bargaining unit assigned to school buildings,management,worker,shall,False,passive,permission_verb,permission,permission,True,1.0,safety_and_working_conditions,True,
columbus_city_schools__columbus_education_association_2022_2025__071387d0,Columbus_Education_Association_2022-2025.pdf,Columbus City Schools,146,All other members of the bargaining unit shall be dismissed one hour early.,All other members of the bargaining unit,management,worker,shall,False,passive,plain,obligation,obligation,True,1.0,safety_and_working_conditions,True,
columbus_city_schools__columbus_education_association_2022_2025__071387d0,Columbus_Education_Association_2022-2025.pdf,Columbus City Schools,146,Early dismissal shall not be reason for reduction in compensation.,Early dismissal,other,worker,shall,True,active,plain,prohibition,prohibition,True,1.0,compensation,True,
columbus_city_schools__columbus_education_association_2022_2025__071387d0,Columbus_Education_Association_2022-2025.pdf,Columbus City Schools,152,"In order to be eligible for holiday pay and calamity day pay, an employee must accrue earnings on the employee's last scheduled workday prior to such holiday and the employee's first scheduled workday following such holiday.",an employee,worker,management,must,False,active,plain,obligation,obligation,True,1.0,compensation,True,
columbus_city_schools__columbus_education_association_2022_2025__071387d0,Columbus_Education_Association_2022-2025.pdf,Columbus City Schools,154,"Such Exclusive Representative shall, for purposes of professional negotiations, represent all teachers regardless of their membership or lack of membership in such teacher organization",Such Exclusive Representative,worker,worker,shall,False,active,plain,obligation,obligation,True,1.0,other,True,
columbus_city_schools__columbus_education_association_2022_2025__071387d0,Columbus_Education_Association_2022-2025.pdf,Columbus City Schools,154,"and shall represent all teachers equally without regard to their race, creed, color, national origin, sex, age or marital status.",Such Exclusive Representative,worker,worker,shall,False,active,plain,obligation,obligation,True,1.0,other,True,
columbus_city_schools__columbus_education_association_2022_2025__071387d0,Columbus_Education_Association_2022-2025.pdf,Columbus City Schools,154,"The Association will comply with all federal, state and local fair employment laws.",The Association,worker,worker,will,False,active,plain,obligation,obligation,True,0.9,other,True,
columbus_city_schools__columbus_education_association_2022_2025__071387d0,Columbus_Education_Association_2022-2025.pdf,Columbus City Schools,155,"The employer is not required to bargain on subjects reserved to the management and direction of the governmental unit except as affect wages, hours, terms and conditions of employment, and the continuation, modification, or deletion of an existing provision of a collective bargaining agreement.",The employer,management,management,,True,passive,obligation_verb,right,right,True,0.85,other,True,
columbus_city_schools__columbus_education_association_2022_2025__071387d0,Columbus_Education_Association_2022-2025.pdf,Columbus City Schools,157,The school calendar shall include four (4) records days as paid work days.,The school calendar,other,worker,shall,False,active,plain,obligation,obligation,True,1.0,leave,True,
columbus_city_schools__columbus_education_association_2022_2025__071387d0,Columbus_Education_Association_2022-2025.pdf,Columbus City Schools,157,Each records day shall be student non-attendance days,Each records day,other,worker,shall,False,active,plain,obligation,obligation,True,1.0,workload,True,
columbus_city_schools__columbus_education_association_2022_2025__071387d0,Columbus_Education_Association_2022-2025.pdf,Columbus City Schools,157,Each records day shall occur the Wednesdays after the end of the first and after the end of the second grading periods.,Each records day,other,worker,shall,False,active,plain,obligation,obligation,True,1.0,other,True,
columbus_city_schools__columbus_education_association_2022_2025__071387d0,Columbus_Education_Association_2022-2025.pdf,Columbus City Schools,157,Records day for the third grading period will depend upon state testing dates.,Records day for the third grading period,other,management,will,False,active,plain,obligation,other,False,0.9,other,True,
columbus_city_schools__columbus_education_association_2022_2025__071387d0,Columbus_Education_Association_2022-2025.pdf,Columbus City Schools,157,Records day for the fourth grading period shall occur on the last teacher work day of the school year.,Records day for the fourth grading period,other,worker,shall,False,active,plain,obligation,obligation,True,1.0,other,True,
columbus_city_schools__columbus_education_association_2022_2025__071387d0,Columbus_Education_Association_2022-2025.pdf,Columbus City Schools,157,Collective bargaining for school calendars other than for the school year immediately following the expiration of a collective bargaining agreement are not subject to this section,Collective bargaining for school calendars other than for the school year immediately following the expiration of a collective bargaining agreement,other,management,,True,active,plain,prohibition,prohibition,True,0.0,other,True,
columbus_city_schools__columbus_education_association_2022_2025__071387d0,Columbus_Education_Association_2022-2025.pdf,Columbus City Schools,157,Collective bargaining for school calendars other than for the school year immediately following the expiration of a collective bargaining agreement are subject to bargaining in accordance with other sections of this article.,Collective bargaining for school calendars other than for the school year immediately following the expiration of a collective bargaining agreement,other,worker,,False,active,plain,other,obligation,False,0.0,other,True,
columbus_city_schools__columbus_education_association_2022_2025__071387d0,Columbus_Education_Association_2022-2025.pdf,Columbus City Schools,157,The three (3) days of induction for teachers in their first year of employment shall be for the purpose of orientation and induction,The three (3) days of induction for teachers in their first year of employment,other,worker,shall,False,active,plain,obligation,obligation,True,1.0,professional_development,True,
columbus_city_schools__columbus_education_association_2022_2025__071387d0,Columbus_Education_Association_2022-2025.pdf,Columbus City Schools,157,The three (3) days of induction for teachers in their first year of employment shall replace previous new teacher orientation practices prior to the 2023–2024 school year.,The three (3) days of induction for teachers in their first year of employment,other,worker,shall,False,active,plain,obligation,obligation,True,1.0,professional_development,True,
columbus_city_schools__columbus_education_association_2022_2025__071387d0,Columbus_Education_Association_2022-2025.pdf,Columbus City Schools,157,"For attendance during these three days, teachers shall be compensated for each day at their daily rate of pay.",teachers,management,worker,shall,False,passive,rights_passive,right,right,True,1.0,compensation,True,
columbus_city_schools__columbus_education_association_2022_2025__071387d0,Columbus_Education_Association_2022-2025.pdf,Columbus City Schools,157,"During such days, CEA shall be scheduled for four (4) hours to address attendees.",CEA,management,worker,shall,False,passive,rights_passive,right,obligation,False,1.0,other,True,
columbus_city_schools__columbus_education_association_2022_2025__071387d0,Columbus_Education_Association_2022-2025.pdf,Columbus City Schools,157,"No more than nine (9) representatives or designees of the Board, the Superintendent or designated representative, and no more than ten (10) representatives named by the Exclusive Representative shall comprise a joint committee for the purpose of negotiating.","No more than nine (9) representatives or designees of the Board, the Superintendent or designated representative, and no more than ten (10) representatives named by the Exclusive Representative",other,management,shall,False,active,plain,obligation,obligation,True,1.0,other,True,
columbus_city_schools__columbus_education_association_2022_2025__071387d0,Columbus_Education_Association_2022-2025.pdf,Columbus City Schools,157,All negotiations shall be conducted in executive session,All negotiations,management,management,shall,False,passive,plain,obligation,obligation,True,1.0,other,True,
columbus_city_schools__columbus_education_association_2022_2025__071387d0,Columbus_Education_Association_2022-2025.pdf,Columbus City Schools,157,All negotiations shall be conducted exclusively between said representatives or designees.,All negotiations,management,management,shall,False,passive,plain,obligation,obligation,True,1.0,other,True,
columbus_city_schools__columbus_education_association_2022_2025__071387d0,Columbus_Education_Association_2022-2025.pdf,Columbus City Schools,157,"In addition, each team of representatives or designees shall be authorized to admit no more than two observers at one time to such meetings.",each team of representatives or designees,management,management,shall,False,passive,rights_passive,right,permission,False,1.0,other,True,
columbus_city_schools__columbus_education_association_2022_2025__071387d0,Columbus_Education_Association_2022-2025.pdf,Columbus City Schools,157,"Such observers, if any, shall be designated prior to each Joint Negotiation Committee meeting",Such observers,management,management,shall,False,passive,rights_passive,right,obligation,False,1.0,other,True,
columbus_city_schools__columbus_education_association_2022_2025__071387d0,Columbus_Education_Association_2022-2025.pdf,Columbus City Schools,157,"Such observers, if any, shall be without the right to speak or to otherwise comment to either party during said meetings.",Such observers,other,management,shall,False,active,plain,obligation,prohibition,False,1.0,other,True,
columbus_city_schools__columbus_education_association_2022_2025__071387d0,Columbus_Education_Association_2022-2025.pdf,Columbus City Schools,158,"Upon written request of the Exclusive Representative made not less than fifteen (15) days and not more than thirty (30) days prior to March 15, the Board President or designated representative shall call for the initial meeting of the Joint Negotiation Committee to take place not later than March 15, giving due notice of time and place.",the Board President or designated representative,management,worker,shall,False,active,plain,obligation,obligation,True,1.0,other,True,
columbus_city_schools__columbus_education_association_2022_2025__071387d0,Columbus_Education_Association_2022-2025.pdf,Columbus City Schools,158,"Thereafter, negotiations meetings shall be held at such times and places as are agreed to by the members of the Joint Negotiation Committee.",negotiations meetings,worker,worker,shall,False,passive,plain,obligation,obligation,True,1.0,other,True,
columbus_city_schools__columbus_education_association_2022_2025__071387d0,Columbus_Education_Association_2022-2025.pdf,Columbus City Schools,158,Negotiation meetings shall be held as often as necessary between March 15 and June 1.,Negotiation meetings,management,worker,shall,False,passive,plain,obligation,obligation,True,1.0,other,True,
columbus_city_schools__columbus_education_association_2022_2025__071387d0,Columbus_Education_Association_2022-2025.pdf,Columbus City Schools,158,"In the event the member of the Joint Negotiation Committee are unable to reach agreement by June 1, negotiations shall be suspended for approximately forty-five (45) days.",negotiations,management,worker,shall,False,passive,plain,obligation,obligation,True,1.0,other,True,
columbus_city_schools__columbus_education_association_2022_2025__071387d0,Columbus_Education_Association_2022-2025.pdf,Columbus City Schools,158,Negotiations shall resume after July 15.,Negotiations,other,worker,shall,False,active,plain,obligation,obligation,True,1.0,other,True,
columbus_city_schools__columbus_education_association_2022_2025__071387d0,Columbus_Education_Association_2022-2025.pdf,Columbus City Schools,158,"In the event an existing agreement between the Board and the Exclusive Representative expires at a time other than immediately prior to the beginning of a school year, negotiations on a new agreement shall begin",negotiations on a new agreement,other,worker,shall,False,active,plain,obligation,obligation,True,1.0,other,True,
columbus_city_schools__columbus_education_association_2022_2025__071387d0,Columbus_Education_Association_2022-2025.pdf,Columbus City Schools,158,and the initial meeting shall be held no less than three (3) months and no more than four (4) months prior to such expiration date.,the initial meeting,management,worker,shall,False,passive,plain,obligation,obligation,True,1.0,other,True,
columbus_city_schools__columbus_education_association_2022_2025__071387d0,Columbus_Education_Association_2022-2025.pdf,Columbus City Schools,158,"The above provisions notwithstanding, the parties may negotiate at such other dates as may be established in any agreement or memorandum of the parties.",the parties,other,other,may,False,active,plain,permission,permission,True,0.3,other,True,
columbus_city_schools__columbus_education_association_2022_2025__071387d0,Columbus_Education_Association_2022-2025.pdf,Columbus City Schools,158,Negotiation meetings shall not be conducted during the regular school day.,Negotiation meetings,management,management,shall,True,passive,plain,prohibition,prohibition,True,1.0,other,True,
columbus_city_schools__columbus_education_association_2022_2025__071387d0,Columbus_Education_Association_2022-2025.pdf,Columbus City Schools,158,"The Board agrees to furnish the Exclusive Representative, upon written request, through a person designated by the Superintendent, with such relevant information as is currently available which will assist the Exclusive Representative before and during negotiations, before and during any impasse procedures, and during implementation of negotiated agreements.",The Board,management,worker,will,False,active,plain,obligation,obligation,True,0.9,other,True,
columbus_city_schools__columbus_education_association_2022_2025__071387d0,Columbus_Education_Association_2022-2025.pdf,Columbus City Schools,158,"Likewise, the Exclusive Representative agrees to furnish the Board or their representatives, upon written request, such relevant information as is currently available before",the Exclusive Representative,worker,management,,False,active,plain,other,obligation,False,0.0,other,True,
columbus_city_schools__columbus_education_association_2022_2025__071387d0,Columbus_Education_Association_2022-2025.pdf,Columbus City Schools,159,up to two (2) consultants at any one time may be called upon by either party for advice and information on matters being considered by the Joint Negotiations Committee and may participate in the negotiations.,up to two (2) consultants at any one time,management,worker,may,False,passive,plain,permission,permission,True,0.3,other,True,compound predicate with passive and active verbs
columbus_city_schools__columbus_education_association_2022_2025__071387d0,Columbus_Education_Association_2022-2025.pdf,Columbus City Schools,159,The expenses of such consultants shall be borne by the party retaining them.,The expenses of such consultants,other,management,shall,False,passive,plain,obligation,obligation,True,1.0,other,True,
columbus_city_schools__columbus_education_association_2022_2025__071387d0,Columbus_Education_Association_2022-2025.pdf,Columbus City Schools,159,"When an agreement is reached, it shall be reduced to writing by the Joint Negotiation Committee and be submitted to the Exclusive Representative and, if approved by such Exclusive Representative, thereafter to the Board.",it,management,worker,shall,False,passive,plain,obligation,obligation,True,1.0,other,True,complex sentence with dependent conditional clause
columbus_city_schools__columbus_education_association_2022_2025__071387d0,Columbus_Education_Association_2022-2025.pdf,Columbus City Schools,159,"If the parties have not reached agreement by May 15 of the year in which this Agreement expires, they shall request the services of the Federal Mediation and Conciliation Service.",they,other,worker,shall,False,active,plain,obligation,obligation,True,1.0,other,True,
columbus_city_schools__columbus_education_association_2022_2025__071387d0,Columbus_Education_Association_2022-2025.pdf,Columbus City Schools,159,"If there is not agreement by June 15, the parties may, be mutual agreement, agree to submit the unresolved issues to advisory fact-finding, using procedures like those of O.R.C. 4117.14(C).",the parties,other,worker,may,False,active,plain,permission,permission,True,0.3,other,True,typo in source text 'be mutual agreement'
columbus_city_schools__columbus_education_association_2022_2025__071387d0,Columbus_Education_Association_2022-2025.pdf,Columbus City Schools,159,"The fact-finder may be mutually selected or, if there is no mutual agreement, may be selected from a list supplied by the American Arbitration Association.",The fact-finder,worker,other,may,False,passive,plain,permission,permission,True,0.3,other,True,
columbus_city_schools__columbus_education_association_2022_2025__071387d0,Columbus_Education_Association_2022-2025.pdf,Columbus City Schools,159,then the procedures set forth herein are deemed exhausted,the procedures set forth herein,other,other,,False,passive,plain,other,other,True,0.0,other,True,
columbus_city_schools__columbus_education_association_2022_2025__071387d0,Columbus_Education_Association_2022-2025.pdf,Columbus City Schools,159,"the parties shall have their respective rights under law, including the Association’s right to strike upon ten (10) days notice in accordance with O.R.C. 4117.14(D)(2) and 4117.18(C).",the parties,other,worker,shall,False,active,rights_active,right,right,True,1.0,teacher_rights_and_conduct,True,
columbus_city_schools__columbus_education_association_2022_2025__071387d0,Columbus_Education_Association_2022-2025.pdf,Columbus City Schools,159,Individuals and minority teacher organizations may present their views and recommendations in writhing to the Superinten- dent on or before January 1 in any year in which negotiations are to be held;,Individuals and minority teacher organizations,worker,worker,may,False,active,plain,permission,permission,True,0.3,teacher_rights_and_conduct,True,typo in source text 'writhing'
columbus_city_schools__columbus_education_association_2022_2025__071387d0,Columbus_Education_Association_2022-2025.pdf,Columbus City Schools,159,"however, professional negotiations shall be conducted only with the recognized teacher organization.",professional negotiations,management,worker,shall,False,passive,plain,obligation,obligation,True,1.0,teacher_rights_and_conduct,True,
columbus_city_schools__columbus_education_association_2022_2025__071387d0,Columbus_Education_Association_2022-2025.pdf,Columbus City Schools,159,A copy of such views and recommendations shall be filed concurrently with the Treasurer of the Board of Education.,A copy of such views and recommendations,worker,management,shall,False,passive,plain,obligation,obligation,True,1.0,teacher_rights_and_conduct,True,
columbus_city_schools__columbus_education_association_2022_2025__071387d0,Columbus_Education_Association_2022-2025.pdf,Columbus City Schools,161,"The Reform Panel shall facilitate the implementation of (a) initiatives directed at the improvement of teaching and learning conditions in the District, (b) requests for variances that may be submitted by school-based shared decision-making cabinets, and (c) instructional and curricular recommendations that may be made by committees created by the panel",The Reform Panel,management,worker,shall,False,active,plain,obligation,obligation,True,1.0,safety_and_working_conditions,True,
columbus_city_schools__columbus_education_association_2022_2025__071387d0,Columbus_Education_Association_2022-2025.pdf,Columbus City Schools,161,The panel shall operate as a joint committee as provided in Article 506 of this Agreement.,The panel,management,other,shall,False,active,plain,obligation,obligation,True,1.0,other,True,
columbus_city_schools__columbus_education_association_2022_2025__071387d0,Columbus_Education_Association_2022-2025.pdf,Columbus City Schools,161,The panel shall have the authority to grant and cancel variances to this Agreement,The panel,management,management,shall,False,active,plain,obligation,obligation,True,1.0,other,True,Split from compound predicate.
columbus_city_schools__columbus_education_association_2022_2025__071387d0,Columbus_Education_Association_2022-2025.pdf,Columbus City Schools,161,and shall have the authority to require variances in practice in one or more schools.,The panel,management,management,shall,False,active,plain,obligation,obligation,True,1.0,other,True,Split from compound predicate.
columbus_city_schools__columbus_education_association_2022_2025__071387d0,Columbus_Education_Association_2022-2025.pdf,Columbus City Schools,161,The panel may grant variances for a specific period of time,The panel,management,management,may,False,active,plain,permission,permission,True,0.3,other,True,
columbus_city_schools__columbus_education_association_2022_2025__071387d0,Columbus_Education_Association_2022-2025.pdf,Columbus City Schools,161,if not the variances shall continue until changed.,the variances,other,management,shall,False,active,plain,obligation,obligation,True,1.0,other,True,Conditionally dependent on prior sentence.
columbus_city_schools__columbus_education_association_2022_2025__071387d0,Columbus_Education_Association_2022-2025.pdf,Columbus City Schools,161,School-based shared decision-making cabinets may apply for renewal of variances which are scheduled to expire.,School-based shared decision-making cabinets,worker,worker,may,False,active,plain,permission,permission,True,0.3,teacher_rights_and_conduct,True,
columbus_city_schools__columbus_education_association_2022_2025__071387d0,Columbus_Education_Association_2022-2025.pdf,Columbus City Schools,161,Approval by the panel shall require a majority vote of the panel membership.,Approval by the panel,other,management,shall,False,active,plain,obligation,obligation,True,1.0,other,True,
columbus_city_schools__columbus_education_association_2022_2025__071387d0,Columbus_Education_Association_2022-2025.pdf,Columbus City Schools,161,Such approval shall not be unreasonably denied.,Such approval,management,worker,shall,True,passive,plain,prohibition,prohibition,True,1.0,other,True,Implicit agent is management/panel.
columbus_city_schools__columbus_education_association_2022_2025__071387d0,Columbus_Education_Association_2022-2025.pdf,Columbus City Schools,161,Variances from this Agreement shall also require the approval of the Superintendent and Association President.,Variances from this Agreement,other,management,shall,False,active,plain,obligation,obligation,True,1.0,other,True,
columbus_city_schools__columbus_education_association_2022_2025__071387d0,Columbus_Education_Association_2022-2025.pdf,Columbus City Schools,161,All new programs or other initiatives approved by the panel which may result in variances in practice and all variances and all cancellations of variances approved by the panel shall be in writing,All new programs or other initiatives approved by the panel which may result in variances in practice and all variances and all cancellations of variances approved by the panel,other,management,shall,False,passive,plain,obligation,obligation,True,1.0,other,True,Split from compound predicate.
columbus_city_schools__columbus_education_association_2022_2025__071387d0,Columbus_Education_Association_2022-2025.pdf,Columbus City Schools,161,"and shall be signed by the panel chairperson, the Association President and the Superintendent.",All new programs or other initiatives approved by the panel which may result in variances in practice and all variances and all cancellations of variances approved by the panel,other,management,shall,False,passive,plain,obligation,obligation,True,1.0,other,True,Split from compound predicate; explicit 'by' phrase includes mixed agents.
columbus_city_schools__columbus_education_association_2022_2025__071387d0,Columbus_Education_Association_2022-2025.pdf,Columbus City Schools,161,Any internal processing requirements by the separate parties prior to panel approval shall be left to the separate parties.,Any internal processing requirements by the separate parties prior to panel approval,other,management,shall,False,active,plain,obligation,obligation,True,1.0,other,True,
columbus_city_schools__columbus_education_association_2022_2025__071387d0,Columbus_Education_Association_2022-2025.pdf,Columbus City Schools,161,The panel shall establish application forms and procedures for requesting variances.,The panel,management,worker,shall,False,active,plain,obligation,obligation,True,1.0,other,True,
columbus_city_schools__columbus_education_association_2022_2025__071387d0,Columbus_Education_Association_2022-2025.pdf,Columbus City Schools,161,Such procedures must not require a majority vote by teachers in a building in support of the variance exceeding two-thirds (2/3).,Such procedures,other,management,must,True,active,plain,prohibition,prohibition,True,1.0,other,True,
columbus_city_schools__columbus_education_association_2022_2025__071387d0,Columbus_Education_Association_2022-2025.pdf,Columbus City Schools,161,Such procedures must be consistent with this Agreement.,Such procedures,other,management,must,False,active,plain,obligation,obligation,True,1.0,other,True,
columbus_city_schools__columbus_education_association_2022_2025__071387d0,Columbus_Education_Association_2022-2025.pdf,Columbus City Schools,161,"In addition, to assist in the work of the panel, it shall form and direct committees, including a committee on state-mandated Competency Based Education.",it,management,management,shall,False,active,plain,obligation,obligation,True,1.0,other,True,'it' refers to the panel.
columbus_city_schools__columbus_education_association_2022_2025__071387d0,Columbus_Education_Association_2022-2025.pdf,Columbus City Schools,161,"If a request for variance has sufficient support from the building, the requested variance shall be added to the Reform Panel agenda for the next meeting.",the requested variance,management,worker,shall,False,passive,plain,obligation,obligation,True,1.0,other,True,Subordinate conditional clause omitted; operative clause extracted.
columbus_city_schools__columbus_education_association_2022_2025__071387d0,Columbus_Education_Association_2022-2025.pdf,Columbus City Schools,161,"Notwithstanding Section 202.02 of this Agreement, if there is a panel-authorized shared decision-making cabinet in a school, the Association Building Council shall continue to perform the duties and functions of the ABC as provided in this Agreement",the Association Building Council,worker,worker,shall,False,active,plain,obligation,obligation,True,1.0,other,True,Subordinate clauses omitted; main independent clause extracted.
columbus_city_schools__columbus_education_association_2022_2025__071387d0,Columbus_Education_Association_2022-2025.pdf,Columbus City Schools,161,"In such a school, the ABC shall be made up of the elected teacher members of the cabinet and the Senior Faculty Representative",the ABC,other,worker,shall,False,passive,plain,obligation,obligation,True,1.0,other,True,
columbus_city_schools__columbus_education_association_2022_2025__071387d0,Columbus_Education_Association_2022-2025.pdf,Columbus City Schools,161,who shall serve on both.,who,worker,worker,shall,False,active,plain,obligation,obligation,True,1.0,other,True,Relative clause referring to teacher members.
columbus_city_schools__columbus_education_association_2022_2025__071387d0,Columbus_Education_Association_2022-2025.pdf,Columbus City Schools,162,The cabinet shall have no authority with regard to the PAR Program.,The cabinet,other,management,shall,True,active,plain,prohibition,prohibition,True,1.0,other,True,
columbus_city_schools__columbus_education_association_2022_2025__071387d0,Columbus_Education_Association_2022-2025.pdf,Columbus City Schools,162,The panel shall begin operations with the ratification of this Agreement,The panel,other,management,shall,False,active,plain,obligation,obligation,True,1.0,other,True,
columbus_city_schools__columbus_education_association_2022_2025__071387d0,Columbus_Education_Association_2022-2025.pdf,Columbus City Schools,162,shall continue in effect with full authority as provided herein and without regard to the term of this Agreement,The panel,other,management,shall,False,active,plain,obligation,obligation,True,1.0,other,True,
columbus_city_schools__columbus_education_association_2022_2025__071387d0,Columbus_Education_Association_2022-2025.pdf,Columbus City Schools,162,"In the event of such notifications, as with a PAR Panel, the authority of the Reform Panel shall be terminated thirty (30) days after such notification.",the authority of the Reform Panel,management,management,shall,False,passive,plain,obligation,obligation,True,1.0,other,True,
columbus_city_schools__columbus_education_association_2022_2025__071387d0,Columbus_Education_Association_2022-2025.pdf,Columbus City Schools,162,All variances to this Agreement in effect at the time of termination shall be automatically canceled,All variances to this Agreement in effect at the time of termination,management,management,shall,False,passive,plain,obligation,obligation,True,1.0,other,True,
columbus_city_schools__columbus_education_association_2022_2025__071387d0,Columbus_Education_Association_2022-2025.pdf,Columbus City Schools,162,"During the thirty (30) day period between notification of cancellation and termination, the panel shall make every effort to provide for an orderly transition period by attempting to minimize problems resulting from the cancellation of variances.",the panel,other,management,shall,False,active,plain,obligation,obligation,True,1.0,other,True,
columbus_city_schools__columbus_education_association_2022_2025__071387d0,Columbus_Education_Association_2022-2025.pdf,Columbus City Schools,162,"No later than the date of termination of the panel, the Board will provide the Association with a timeline for completing the cancellation of any variances that cannot sensible be completed during the thirty (30) day transition period.",the Board,management,worker,will,False,active,plain,obligation,obligation,True,0.9,other,True,Typo in source: 'cannot sensible be'
columbus_city_schools__columbus_education_association_2022_2025__071387d0,Columbus_Education_Association_2022-2025.pdf,Columbus City Schools,162,"In addition, representatives of the Board and Association shall meet promptly and as necessary to discuss such orderly transition and to determine if the parties which to retain any of the variances.",representatives of the Board and Association,other,management,shall,False,active,plain,obligation,obligation,True,1.0,other,True,Typo in source: 'which' likely means 'wish'
columbus_city_schools__columbus_education_association_2022_2025__071387d0,Columbus_Education_Association_2022-2025.pdf,Columbus City Schools,162,Any variances to this Agreement which the parties which the parties wish to maintain must be processed as amendments to this Agreement.,Any variances to this Agreement which the parties which the parties wish to maintain,management,management,must,False,passive,plain,obligation,obligation,True,1.0,other,True,Typo in source: 'which the parties which the parties'
columbus_city_schools__columbus_education_association_2022_2025__071387d0,Columbus_Education_Association_2022-2025.pdf,Columbus City Schools,162,"The Reform Panel shall be co-chaired by the Association President, or designee, and the Superintendent, or designee.",The Reform Panel,worker,worker,shall,False,passive,plain,obligation,obligation,True,1.0,other,True,
columbus_city_schools__columbus_education_association_2022_2025__071387d0,Columbus_Education_Association_2022-2025.pdf,Columbus City Schools,162,The Reform Panel shall be made up of an equal number of Association representatives and Administration representatives.,The Reform Panel,other,worker,shall,False,passive,plain,obligation,obligation,True,1.0,other,True,
columbus_city_schools__columbus_education_association_2022_2025__071387d0,Columbus_Education_Association_2022-2025.pdf,Columbus City Schools,163,The President of the Association and Superintendent may meet privately during the term of this Agreement for the purpose of discussing the amendment of this Agreement.,The President of the Association and Superintendent,other,management,may,False,active,plain,permission,permission,True,0.3,other,True,Joint subject spanning both worker and management parties.
columbus_city_schools__columbus_education_association_2022_2025__071387d0,Columbus_Education_Association_2022-2025.pdf,Columbus City Schools,163,such proposal for amendment will be referred to the Joint Negotiation Committee,such proposal for amendment,management,management,will,False,passive,plain,obligation,obligation,True,0.9,other,True,Implicit agent assumed to be management/district for referral.
columbus_city_schools__columbus_education_association_2022_2025__071387d0,Columbus_Education_Association_2022-2025.pdf,Columbus City Schools,163,it will be submitted for ratification by the Board of Education and a policy-making body of the Association.,it,management,management,will,False,passive,plain,obligation,obligation,True,0.9,other,True,Explicit agents are both Board and Association.
columbus_city_schools__columbus_education_association_2022_2025__071387d0,Columbus_Education_Association_2022-2025.pdf,Columbus City Schools,163,No public discussion or disclosure of the desire for amendment shall take place prior to or unless mutually agreed to be submitted to the Joint Negotiation Committee.,No public discussion or disclosure of the desire for amendment,other,management,shall,True,active,plain,prohibition,prohibition,True,1.0,other,True,General prohibition applying to all parties.
columbus_city_schools__columbus_education_association_2022_2025__071387d0,Columbus_Education_Association_2022-2025.pdf,Columbus City Schools,163,the applicable state or federal law or valid rule or regulation adopted by a federal or a state agency shall prevail,the applicable state or federal law or valid rule or regulation adopted by a federal or a state agency,other,management,shall,False,active,plain,obligation,obligation,True,1.0,other,True,Operative preemption/conflict-of-law rule with inanimate subject.
columbus_city_schools__columbus_education_association_2022_2025__071387d0,Columbus_Education_Association_2022-2025.pdf,Columbus City Schools,164,"In the event there is a conflict between a provision of this Agreement and any applicable state or federal law, or valid rule or regulation adopted by a federal agency or state agency pursuant thereto, the applicable state or federal law or valid rule or regulation adopted by a federal or a state agency shall prevail as to that provision.",the applicable state or federal law or valid rule or regulation adopted by a federal or a state agency,other,management,shall,False,active,plain,obligation,obligation,True,1.0,other,True,
columbus_city_schools__columbus_education_association_2022_2025__071387d0,Columbus_Education_Association_2022-2025.pdf,Columbus City Schools,164,"All other provisions of this Agreement which are not in conflict with any applicable state or federal law, or valid rule or regulation adopted by a federal agency or a state agency pursuant thereto, shall continue in full force and effect in accordance with their terms.","All other provisions of this Agreement which are not in conflict with any applicable state or federal law, or valid rule or regulation adopted by a federal agency or a state agency pursuant thereto",other,worker,shall,False,active,plain,obligation,obligation,True,1.0,other,True,
columbus_city_schools__columbus_education_association_2022_2025__071387d0,Columbus_Education_Association_2022-2025.pdf,Columbus City Schools,164,The Board and the Association agree that all items in this contract which supersede applicable state law and which may permissible do so under Ohio Revised Code Section 4117 shall not be affected by this Article.,The Board and the Association,other,worker,may,False,active,plain,permission,other,False,0.3,other,True,Contains source typo 'may permissible'.
columbus_city_schools__columbus_education_association_2022_2025__071387d0,Columbus_Education_Association_2022-2025.pdf,Columbus City Schools,164,"Should any clause of this contract be held to be in violation of the law by a court of competent jurisdiction, then that clause of the contract shall be rendered null and void",that clause of the contract,other,worker,shall,False,passive,plain,obligation,obligation,True,1.0,other,True,Separated from following clause by 'but'.
columbus_city_schools__columbus_education_association_2022_2025__071387d0,Columbus_Education_Association_2022-2025.pdf,Columbus City Schools,164,the remainder of the contract shall remain in full force and effect.,the remainder of the contract,other,worker,shall,False,active,plain,obligation,obligation,True,1.0,other,True,
columbus_city_schools__columbus_education_association_2022_2025__071387d0,Columbus_Education_Association_2022-2025.pdf,Columbus City Schools,164,"This Agreement supersedes the Agreement which expired on August 21, 2022, and any amendments to such Agreement.",This Agreement,other,worker,,False,active,plain,other,other,True,0.0,other,True,
columbus_city_schools__columbus_education_association_2022_2025__071387d0,Columbus_Education_Association_2022-2025.pdf,Columbus City Schools,164,"Because Of The Janus Decision, the Parties Agree To Remove the Reference to the service fees in Section 109.03 (I)(3), the reference to Agency Fees in Section 109.03(I)(4) and Article 112 in its entirety and to delete references to Article 112 and any sections therein from any and all other provisions of the Agreement, including, but not limited to Article 1015, Article 1111, Section 1201(D) and Section 1300.03 from the Agreement between parties.",the Parties,other,worker,,False,active,plain,other,other,True,0.0,other,True,
columbus_city_schools__columbus_education_association_2022_2025__071387d0,Columbus_Education_Association_2022-2025.pdf,Columbus City Schools,164,"The parties agree that if Janus is subsequently overruled by the supreme court, and the right of the association to collect agency fees from non-members becomes legally permissible, the above identified provisions shall go into full force and effect in the beginning of the school year immediately following said decision consistent with that decision.",The parties,other,worker,shall,False,active,plain,obligation,other,False,1.0,other,True,
columbus_city_schools__columbus_education_association_2022_2025__071387d0,Columbus_Education_Association_2022-2025.pdf,Columbus City Schools,165,CEA will collaborate with the Board on ensuring that the Columbus City Schools are properly funded.,CEA,worker,worker,will,False,active,plain,obligation,obligation,True,0.9,other,True,
columbus_city_schools__columbus_education_association_2022_2025__071387d0,Columbus_Education_Association_2022-2025.pdf,Columbus City Schools,165,"the following spaces will be climate controlled: learning spaces, including but not limited to, classrooms, auditoriums, gymnasiums, libraries, cafeterias, and teacher work areas.",the following spaces,other,worker,will,False,passive,plain,obligation,obligation,True,0.9,safety_and_working_conditions,True,
columbus_city_schools__columbus_education_association_2022_2025__071387d0,Columbus_Education_Association_2022-2025.pdf,Columbus City Schools,165,"By the end of the contract day of the Friday following Labor Day, non-classroom teachers shall provide written notice of whether they want to participate in a voluntary class coverage pool for the following school year.",non-classroom teachers,worker,management,shall,False,active,plain,obligation,obligation,True,1.0,other,True,
columbus_city_schools__columbus_education_association_2022_2025__071387d0,Columbus_Education_Association_2022-2025.pdf,Columbus City Schools,165,Participation shall be at the sole discretion of each non-classroom teacher,Participation,other,worker,shall,False,active,plain,obligation,right,False,1.0,other,True,
columbus_city_schools__columbus_education_association_2022_2025__071387d0,Columbus_Education_Association_2022-2025.pdf,Columbus City Schools,165,authorization shall expire at the end of the school year.,authorization,other,management,shall,False,active,plain,obligation,obligation,True,1.0,other,True,
columbus_city_schools__columbus_education_association_2022_2025__071387d0,Columbus_Education_Association_2022-2025.pdf,Columbus City Schools,165,A copy of the voluntary class coverage pool list shall be provided to the CEA President or designee.,A copy of the voluntary class coverage pool list,other,worker,shall,False,passive,rights_passive,right,right,True,1.0,other,True,
columbus_city_schools__columbus_education_association_2022_2025__071387d0,Columbus_Education_Association_2022-2025.pdf,Columbus City Schools,165,"Participants in the pool may be directed to provide class coverage at the discretion of the Board at any location in the district, for any assignment for which they are properly licensed/certified, no more than five (5) instances per quarter.",Participants in the pool,worker,management,may,False,passive,plain,permission,permission,True,0.3,workload,True,
columbus_city_schools__columbus_education_association_2022_2025__071387d0,Columbus_Education_Association_2022-2025.pdf,Columbus City Schools,165,Assignments shall be made with due regard for previously scheduled non-classroom teachers' work responsibilities,Assignments,other,worker,shall,False,passive,plain,obligation,obligation,True,1.0,workload,True,
columbus_city_schools__columbus_education_association_2022_2025__071387d0,Columbus_Education_Association_2022-2025.pdf,Columbus City Schools,165,Assignments shall only be made when a substitute is unavailable and regular classroom coverage within the building cannot be provided.,Assignments,other,worker,shall,False,passive,plain,obligation,prohibition,False,1.0,workload,True,
columbus_city_schools__columbus_education_association_2022_2025__071387d0,Columbus_Education_Association_2022-2025.pdf,Columbus City Schools,165,Non-classroom teachers shall be compensated in accordance with the provisions of this Article,Non-classroom teachers,worker,worker,shall,False,passive,rights_passive,right,right,True,1.0,compensation,True,
columbus_city_schools__columbus_education_association_2022_2025__071387d0,Columbus_Education_Association_2022-2025.pdf,Columbus City Schools,166,"If the District determines that there are not sufficient volunteers, then the parties will convene to discuss solutions to provide continuity of instruction and to maintain in-person learning.",the parties,other,worker,will,False,active,plain,obligation,obligation,True,0.9,other,True,
columbus_city_schools__columbus_education_association_2022_2025__071387d0,Columbus_Education_Association_2022-2025.pdf,Columbus City Schools,166,the entire staff of the building being closed will be automatically staff reduced,the entire staff of the building being closed,management,management,will,False,passive,plain,obligation,obligation,True,0.9,layoffs,True,
columbus_city_schools__columbus_education_association_2022_2025__071387d0,Columbus_Education_Association_2022-2025.pdf,Columbus City Schools,166,the entire staff of the building being closed will participate in the normal 211 interview process.,the entire staff of the building being closed,worker,worker,will,False,active,plain,obligation,obligation,True,0.9,job_security,True,
columbus_city_schools__columbus_education_association_2022_2025__071387d0,Columbus_Education_Association_2022-2025.pdf,Columbus City Schools,166,the staff of both buildings will be merged,the staff of both buildings,management,management,will,False,passive,plain,obligation,obligation,True,0.9,transfers,True,
columbus_city_schools__columbus_education_association_2022_2025__071387d0,Columbus_Education_Association_2022-2025.pdf,Columbus City Schools,166,the staff of both buildings will be treated as one staff for purposes of staff reduction.,the staff of both buildings,management,management,will,False,passive,plain,obligation,obligation,True,0.9,seniority,True,
columbus_city_schools__columbus_education_association_2022_2025__071387d0,Columbus_Education_Association_2022-2025.pdf,Columbus City Schools,166,all staff must agree with their signature to accept the terms of the balanced calendar.,all staff,worker,management,must,False,active,plain,obligation,obligation,True,1.0,other,True,
columbus_city_schools__columbus_education_association_2022_2025__071387d0,Columbus_Education_Association_2022-2025.pdf,Columbus City Schools,166,All special education units will be transferred in whole to their new locations,All special education units,management,management,will,False,passive,plain,obligation,obligation,True,0.9,transfers,True,
columbus_city_schools__columbus_education_association_2022_2025__071387d0,Columbus_Education_Association_2022-2025.pdf,Columbus City Schools,166,staff that bid to an assignment during the March 2004 211 process will be automatically staff reduced.,staff that bid to an assignment during the March 2004 211 process,management,management,will,False,passive,plain,obligation,obligation,True,0.9,job_security,True,
columbus_city_schools__columbus_education_association_2022_2025__071387d0,Columbus_Education_Association_2022-2025.pdf,Columbus City Schools,167,"During the life of this agreement, the Reform Panel, consistent with its purpose as codified in Article 1503 of the CEA-CCS Master Agreement, shall initiate a School Transformation Pilot Program.","the Reform Panel, consistent with its purpose as codified in Article 1503 of the CEA-CCS Master Agreement",other,worker,shall,False,active,plain,obligation,obligation,True,1.0,other,True,
columbus_city_schools__columbus_education_association_2022_2025__071387d0,Columbus_Education_Association_2022-2025.pdf,Columbus City Schools,167,"During the 2022–2023 School Year, the Reform Panel shall study site-based school transformation models, including but not limited to the National Education Association (NEA) Community Schools model, which have demonstrated evidence-based improvements in academic achievement.",the Reform Panel,other,worker,shall,False,active,plain,obligation,obligation,True,1.0,other,True,
columbus_city_schools__columbus_education_association_2022_2025__071387d0,Columbus_Education_Association_2022-2025.pdf,Columbus City Schools,167,"Prior to the end of the 2022–2023 School Year, the Reform Panel shall design and/or select one such model that merits site-based implementation planning.",the Reform Panel,other,worker,shall,False,active,plain,obligation,obligation,True,1.0,other,True,
columbus_city_schools__columbus_education_association_2022_2025__071387d0,Columbus_Education_Association_2022-2025.pdf,Columbus City Schools,167,"During the 2023–2024 School Year, the Reform Panel shall design and implement an education and application process so that by the end of the 2023–2024 school year, BOARD schools may apply,",the Reform Panel,other,worker,shall,False,active,plain,obligation,obligation,True,1.0,other,True,
columbus_city_schools__columbus_education_association_2022_2025__071387d0,Columbus_Education_Association_2022-2025.pdf,Columbus City Schools,167,one (1) school shall be selected by the Reform Panel for school transformation site-based planning.,one (1) school,management,worker,shall,False,passive,plain,obligation,obligation,True,1.0,other,True,Explicit 'by the Reform Panel' phrase identifies actor; Reform Panel classified as 'other'.
columbus_city_schools__columbus_education_association_2022_2025__071387d0,Columbus_Education_Association_2022-2025.pdf,Columbus City Schools,167,"During the 2024–2025 School Year, the BOARD school selected to begin site-based planning shall engage in relevant professional development and conduct site-based planning with the guidance of the Reform Panel to prepare for potential implementation of the transformation model the following school year.",the BOARD school selected to begin site-based planning,management,management,shall,False,active,plain,obligation,obligation,True,1.0,professional_development,True,
columbus_city_schools__columbus_education_association_2022_2025__071387d0,Columbus_Education_Association_2022-2025.pdf,Columbus City Schools,167,"The BOARD shall allocate up to fifty thousand ($50,000) each school year for expenses related to the School Transformation Pilot Program consistent with BOARD expense policy.",The BOARD,management,management,shall,False,active,plain,obligation,obligation,True,1.0,other,True,
columbus_city_schools__columbus_education_association_2022_2025__071387d0,Columbus_Education_Association_2022-2025.pdf,Columbus City Schools,167,Review and potential implementation of the School Transformation Pilot Program at the selected BOARD school shall be a mandatory subject of bargaining for a successor agreement to the 2022–2025 CEA-CCS Master Agreement.,Review and potential implementation of the School Transformation Pilot Program at the selected BOARD school,other,worker,shall,False,active,plain,obligation,obligation,True,1.0,other,True,Inanimate/impersonal subject; sets policy scope rather than direct party action.
columbus_city_schools__columbus_education_association_2022_2025__071387d0,Columbus_Education_Association_2022-2025.pdf,Columbus City Schools,167,"Teachers selected and/or assigned to International High School (IHS) shall be fluent, native or near-native speakers of the required world language to be taught for that position.",Teachers selected and/or assigned to International High School (IHS),worker,management,shall,False,active,plain,obligation,obligation,True,1.0,other,True,
columbus_city_schools__columbus_education_association_2022_2025__071387d0,Columbus_Education_Association_2022-2025.pdf,Columbus City Schools,168,Vacancies at IRS that remain unfilled after the job fairs shall be offered to new hires,Vacancies at IRS that remain unfilled after the job fairs,management,worker,shall,False,passive,plain,obligation,obligation,True,1.0,other,True,
columbus_city_schools__columbus_education_association_2022_2025__071387d0,Columbus_Education_Association_2022-2025.pdf,Columbus City Schools,168,The Board of Education retains the right to decide whether to hire a retiree,The Board of Education,management,management,,False,active,plain,other,right,False,0.0,other,True,
columbus_city_schools__columbus_education_association_2022_2025__071387d0,Columbus_Education_Association_2022-2025.pdf,Columbus City Schools,168,that decision will be made on a case-by-case basis,that decision,management,management,will,False,passive,plain,obligation,other,False,0.9,other,True,
columbus_city_schools__columbus_education_association_2022_2025__071387d0,Columbus_Education_Association_2022-2025.pdf,Columbus City Schools,168,Teachers who retire and desire to be considered for reemployment in CCS shall complete a new employment application and provide the required employment application materials specified by the Human Resources Department.,Teachers who retire and desire to be considered for reemployment in CCS,worker,management,shall,False,active,plain,obligation,obligation,True,1.0,other,True,
columbus_city_schools__columbus_education_association_2022_2025__071387d0,Columbus_Education_Association_2022-2025.pdf,Columbus City Schools,168,Teachers who are selected for reemployment may be granted up to 10 years of outside teaching experience credit for placement on the teacher salary schedule.,Teachers who are selected for reemployment,management,worker,may,False,passive,rights_passive,right,right,True,0.3,compensation,True,
columbus_city_schools__columbus_education_association_2022_2025__071387d0,Columbus_Education_Association_2022-2025.pdf,Columbus City Schools,168,Former CCS teachers may be granted full credit for CCS teaching experience for placement on the teachers’ salary schedule.,Former CCS teachers,management,worker,may,False,passive,rights_passive,right,right,True,0.3,compensation,True,
columbus_city_schools__columbus_education_association_2022_2025__071387d0,Columbus_Education_Association_2022-2025.pdf,Columbus City Schools,168,In no event will a retired CCS employee be re-employed and placed on the salary schedule beyond the year 14 step in the salary schedule.,a retired CCS employee,management,management,will,True,passive,prohibition_verb,permission,prohibition,False,0.9,compensation,True,
columbus_city_schools__columbus_education_association_2022_2025__071387d0,Columbus_Education_Association_2022-2025.pdf,Columbus City Schools,168,Teachers may purchase CCS health insurance coverage provided they authorize payroll deductions for health insurance premiums consistent with Board policy and practices.,Teachers,worker,worker,may,False,active,permission_verb,permission,permission,True,0.3,benefits,True,
columbus_city_schools__columbus_education_association_2022_2025__071387d0,Columbus_Education_Association_2022-2025.pdf,Columbus City Schools,168,No sick leave carryover from previous employment shall be permitted.,No sick leave carryover from previous employment,management,management,shall,True,passive,prohibition_verb,permission,prohibition,False,1.0,leave,True,
columbus_city_schools__columbus_education_association_2022_2025__071387d0,Columbus_Education_Association_2022-2025.pdf,Columbus City Schools,168,Retirees who are rehired shall be granted a limited teaching contract.,Retirees who are rehired,management,management,shall,False,passive,rights_passive,right,obligation,False,1.0,job_security,True,
columbus_city_schools__columbus_education_association_2022_2025__071387d0,Columbus_Education_Association_2022-2025.pdf,Columbus City Schools,168,Retirees shall not be eligible for continuing employment contracts after retirement.,Retirees,management,management,shall,True,active,plain,prohibition,prohibition,True,1.0,job_security,True,
columbus_city_schools__columbus_education_association_2022_2025__071387d0,Columbus_Education_Association_2022-2025.pdf,Columbus City Schools,169,Retirees shall not be eligible for continuing employ- ment contracts after retirement.,Retirees,management,management,shall,True,passive,plain,prohibition,prohibition,True,1.0,job_security,True,
columbus_city_schools__columbus_education_association_2022_2025__071387d0,Columbus_Education_Association_2022-2025.pdf,Columbus City Schools,169,"After June 8, 2001, but prior to November 30, 2001, an employee shall give the Human Resources Department as much written notice as possible.",an employee,worker,management,shall,False,active,plain,obligation,obligation,True,1.0,other,True,
columbus_city_schools__columbus_education_association_2022_2025__071387d0,Columbus_Education_Association_2022-2025.pdf,Columbus City Schools,170,those retired teachers who are rehired are automatically non-renewed at the end of each school year without additional notice.,those retired teachers who are rehired,management,management,,True,passive,plain,prohibition,obligation,False,0.0,job_security,True,
columbus_city_schools__columbus_education_association_2022_2025__071387d0,Columbus_Education_Association_2022-2025.pdf,Columbus City Schools,170,This prohibits the accumulation of seniority for retired/rehired teachers who could then displace a less senior teacher if reductions are necessary.,This,other,management,could,False,active,plain,permission,prohibition,False,0.2,seniority,True,Inanimate subject referring to the clarification provision
columbus_city_schools__columbus_education_association_2022_2025__071387d0,Columbus_Education_Association_2022-2025.pdf,Columbus City Schools,170,evaluations will not be necessary.,evaluations,other,worker,will,True,active,plain,prohibition,prohibition,True,0.9,evaluation,True,
columbus_city_schools__columbus_education_association_2022_2025__071387d0,Columbus_Education_Association_2022-2025.pdf,Columbus City Schools,170,"staff reductions, as part of Article 211 of the current collective bargaining agreement, shall be performed as necessary.","staff reductions, as part of Article 211 of the current collective bargaining agreement",management,management,shall,False,passive,plain,obligation,obligation,True,1.0,layoffs,True,
columbus_city_schools__columbus_education_association_2022_2025__071387d0,Columbus_Education_Association_2022-2025.pdf,Columbus City Schools,170,the entire staff of the building being closed will be automatically staff reduced.,the entire staff of the building being closed,management,management,will,False,passive,plain,obligation,obligation,True,0.9,layoffs,True,
columbus_city_schools__columbus_education_association_2022_2025__071387d0,Columbus_Education_Association_2022-2025.pdf,Columbus City Schools,170,the staff of the building being closed is subject to the normal staff reduction process,the staff of the building being closed,management,worker,,False,active,plain,other,other,True,0.0,layoffs,True,
columbus_city_schools__columbus_education_association_2022_2025__071387d0,Columbus_Education_Association_2022-2025.pdf,Columbus City Schools,170,will not be automatically staff reduced.,staff,management,worker,will,True,passive,plain,prohibition,prohibition,True,0.9,layoffs,True,Extracted from compound sentence joined by 'and'
columbus_city_schools__columbus_education_association_2022_2025__071387d0,Columbus_Education_Association_2022-2025.pdf,Columbus City Schools,170,will be treated as one staff for purposes of staff reductions.,staff,management,management,will,False,passive,plain,obligation,obligation,True,0.9,layoffs,True,Extracted from compound sentence joined by 'and'
columbus_city_schools__columbus_education_association_2022_2025__071387d0,Columbus_Education_Association_2022-2025.pdf,Columbus City Schools,170,Refusal to accept the terms will result in a voluntary staff reduction.,Refusal to accept the terms,other,management,will,False,active,plain,obligation,obligation,True,0.9,layoffs,True,
columbus_city_schools__columbus_education_association_2022_2025__071387d0,Columbus_Education_Association_2022-2025.pdf,Columbus City Schools,170,staff will be considered part of the 1–5 grade level category that currently exists in Section 211.03(8) of the contract.,staff,management,management,will,False,passive,plain,obligation,obligation,True,0.9,layoffs,True,
columbus_city_schools__columbus_education_association_2022_2025__071387d0,Columbus_Education_Association_2022-2025.pdf,Columbus City Schools,171,the building will be subject to the normal staff reduction process identified in Article 211.,the building,management,worker,will,False,passive,plain,obligation,obligation,True,0.9,layoffs,True,
columbus_city_schools__columbus_education_association_2022_2025__071387d0,Columbus_Education_Association_2022-2025.pdf,Columbus City Schools,171,and not subject to this agreement as it affects regular classroom personnel.,All special education units,management,management,,True,passive,plain,prohibition,prohibition,True,0.0,other,True,elided subject
columbus_city_schools__columbus_education_association_2022_2025__071387d0,Columbus_Education_Association_2022-2025.pdf,Columbus City Schools,171,Normal staff reduction rules shall apply.,Normal staff reduction rules,other,worker,shall,False,active,plain,obligation,obligation,True,1.0,layoffs,True,
columbus_city_schools__columbus_education_association_2022_2025__071387d0,Columbus_Education_Association_2022-2025.pdf,Columbus City Schools,171,Teachers have the option for voluntary staff reduction effective at the completion of School Improvement Year Designation Level 4.,Teachers,worker,worker,,False,active,plain,other,right,False,0.0,layoffs,True,
columbus_city_schools__columbus_education_association_2022_2025__071387d0,Columbus_Education_Association_2022-2025.pdf,Columbus City Schools,171,Teachers may be involuntarily staff reduced in schools identified as School Improvement Designation Level 4 Delay or Level 5 as long as the act is not arbitrary or capricious.,Teachers,management,worker,may,False,passive,plain,permission,permission,True,0.3,layoffs,True,
columbus_city_schools__columbus_education_association_2022_2025__071387d0,Columbus_Education_Association_2022-2025.pdf,Columbus City Schools,171,Notification of involuntary or voluntary staff reduction will occur prior to start of the district’s assignment and transfer process (Article 211).,Notification of involuntary or voluntary staff reduction,other,worker,will,False,active,plain,obligation,obligation,True,0.9,layoffs,True,
columbus_city_schools__columbus_education_association_2022_2025__071387d0,Columbus_Education_Association_2022-2025.pdf,Columbus City Schools,171,This Memorandum will be reviewed by the parties no later than January of the preceding school year.,This Memorandum,other,management,will,False,passive,plain,obligation,obligation,True,0.9,other,True,
columbus_city_schools__columbus_education_association_2022_2025__071387d0,Columbus_Education_Association_2022-2025.pdf,Columbus City Schools,172,The parties agree that the board shall allocate funds for and post the additional fte bargaining unit positions during fiscal year 2020,the board,management,worker,shall,False,active,plain,obligation,obligation,True,1.0,other,True,
columbus_city_schools__columbus_education_association_2022_2025__071387d0,Columbus_Education_Association_2022-2025.pdf,Columbus City Schools,172,one of which shall hold any of the following,one,worker,management,shall,False,active,plain,obligation,obligation,True,1.0,other,True,
columbus_city_schools__columbus_education_association_2022_2025__071387d0,Columbus_Education_Association_2022-2025.pdf,Columbus City Schools,172,The parties agree that the board shall allocate funds for and post the following fte bargaining unit positions during fiscal year 2021,the board,management,worker,shall,False,active,plain,obligation,obligation,True,1.0,other,True,
columbus_city_schools__columbus_education_association_2022_2025__071387d0,Columbus_Education_Association_2022-2025.pdf,Columbus City Schools,172,"The Board will comply with all language of the contract that is not changed in this round of negotiations, including Article 208.",The Board,management,worker,will,False,active,plain,obligation,obligation,True,0.9,other,True,
columbus_city_schools__columbus_education_association_2022_2025__071387d0,Columbus_Education_Association_2022-2025.pdf,Columbus City Schools,172,Item six (6) on page nine of the training manual for Article 211 shall be rewritten to read: “mutual agreement by Personnel Director and CEA regarding a philosophical difference or health and safety.,Item six (6) on page nine of the training manual for Article 211,other,worker,shall,False,passive,plain,obligation,obligation,True,1.0,other,True,Inanimate subject triggers 'other' acting party per instructions.
columbus_city_schools__columbus_education_association_2022_2025__071387d0,Columbus_Education_Association_2022-2025.pdf,Columbus City Schools,172,The parties will make grammatical and punctuation changes to the contract that do not change the meaning.,The parties,other,management,will,False,active,plain,obligation,obligation,True,0.9,other,True,
columbus_city_schools__columbus_education_association_2022_2025__071387d0,Columbus_Education_Association_2022-2025.pdf,Columbus City Schools,174,Twenty percent of the teaching positions at district-sponsored community schools will be made available to staff employed at regular CPS schools.,Twenty percent of the teaching positions at district-sponsored community schools,other,worker,will,False,passive,rights_passive,right,right,True,0.9,transfers,True,
columbus_city_schools__columbus_education_association_2022_2025__071387d0,Columbus_Education_Association_2022-2025.pdf,Columbus City Schools,174,These members must be selected via inter- view by the community school administration or board.,These members,management,management,must,False,passive,rights_passive,right,obligation,False,1.0,transfers,True,
columbus_city_schools__columbus_education_association_2022_2025__071387d0,Columbus_Education_Association_2022-2025.pdf,Columbus City Schools,174,"Only the Articles addressing compensation, benefits, transfers and seniority in the CPS/CEA labor agreement will apply to these members.","Only the Articles addressing compensation, benefits, transfers and seniority in the CPS/CEA labor agreement",other,management,will,False,active,plain,obligation,obligation,True,0.9,other,True,
columbus_city_schools__columbus_education_association_2022_2025__071387d0,Columbus_Education_Association_2022-2025.pdf,Columbus City Schools,174,"their assignment to a community school may be terminated at any time, by either party, for philosophical reasons,",their assignment to a community school,other,worker,may,False,passive,plain,permission,permission,True,0.3,transfers,True,
columbus_city_schools__columbus_education_association_2022_2025__071387d0,Columbus_Education_Association_2022-2025.pdf,Columbus City Schools,174,at which time they may exercise rights to return to a regular CPS position for which they are qualified within 30 days of the sep- aration with the community school.,they,worker,worker,may,False,active,rights_active,right,right,True,0.3,transfers,True,
columbus_city_schools__columbus_education_association_2022_2025__071387d0,Columbus_Education_Association_2022-2025.pdf,Columbus City Schools,174,Seniority will accrue while assigned to the community school.,Seniority,other,worker,will,False,active,plain,obligation,obligation,True,0.9,seniority,True,
columbus_city_schools__columbus_education_association_2022_2025__071387d0,Columbus_Education_Association_2022-2025.pdf,Columbus City Schools,174,The remaining eighty percent of the staff provided to the com- munity school will be hired by CPS to be specifically assigned to the community school.,The remaining eighty percent of the staff provided to the com- munity school,management,management,will,False,passive,rights_passive,right,obligation,False,0.9,transfers,True,
columbus_city_schools__columbus_education_association_2022_2025__071387d0,Columbus_Education_Association_2022-2025.pdf,Columbus City Schools,174,These staff members will be placed on a salary schedule identical to the one found in Article 902.06 in the CPS/CEA labor agreement labeled “Pre-license Bachelor’s”.,These staff members,management,worker,will,False,passive,plain,obligation,obligation,True,0.9,compensation,True,
columbus_city_schools__columbus_education_association_2022_2025__071387d0,Columbus_Education_Association_2022-2025.pdf,Columbus City Schools,174,This schedule will be labeled as the “Community School Staff” salary schedule.,This schedule,other,management,will,False,passive,plain,obligation,obligation,True,0.9,compensation,True,
columbus_city_schools__columbus_education_association_2022_2025__071387d0,Columbus_Education_Association_2022-2025.pdf,Columbus City Schools,174,"Staff hired to work at a community school will remain on that schedule while assigned to a community school without adjustment due to degree, license or credit hours.",Staff hired to work at a community school,worker,management,will,False,active,plain,obligation,obligation,True,0.9,compensation,True,
columbus_city_schools__columbus_education_association_2022_2025__071387d0,Columbus_Education_Association_2022-2025.pdf,Columbus City Schools,174,CPS teacher benefits will be made available to those employees who agree to contribute 20% of the premium for such insurance.,CPS teacher benefits,other,worker,will,False,passive,rights_passive,right,right,True,0.9,benefits,True,
columbus_city_schools__columbus_education_association_2022_2025__071387d0,Columbus_Education_Association_2022-2025.pdf,Columbus City Schools,174,Staff may participate in the interview phase of the Article 211 process contained in the CPS/CEA labor agreement,Staff,worker,worker,may,False,active,plain,permission,permission,True,0.3,transfers,True,
columbus_city_schools__columbus_education_association_2022_2025__071387d0,Columbus_Education_Association_2022-2025.pdf,Columbus City Schools,174,and be selected into regular CPS positions provided they are fully qualified for the position.,Staff,management,management,may,False,passive,rights_passive,right,obligation,False,0.3,transfers,True,
columbus_city_schools__columbus_education_association_2022_2025__071387d0,Columbus_Education_Association_2022-2025.pdf,Columbus City Schools,174,Upon assuming duties in a regular CPS position the member will be appropriately assigned to the non-community school CPS salary schedule for teachers,the member,management,worker,will,False,passive,plain,obligation,obligation,True,0.9,compensation,True,
columbus_city_schools__columbus_education_association_2022_2025__071387d0,Columbus_Education_Association_2022-2025.pdf,Columbus City Schools,174,"and gain full access to the rights of CPS employees under the CPS/CEA labor agreement, including PAR Intern services.",the member,worker,worker,will,False,active,rights_active,right,right,True,0.9,other,True,
columbus_city_schools__columbus_education_association_2022_2025__071387d0,Columbus_Education_Association_2022-2025.pdf,Columbus City Schools,174,"An employee whose assignment is rejected by the community school and who does not meet the cri- teria of a highly qualified teacher under No Child Left Behind for a position in a regular CPS school, will be immediately released from their employment contract with CPS.",An employee whose assignment is rejected by the community school and who does not meet the criteria of a highly qualified teacher under No Child Left Behind for a position in a regular CPS school,management,management,will,False,passive,plain,obligation,obligation,True,0.9,layoffs,True,
columbus_city_schools__columbus_education_association_2022_2025__071387d0,Columbus_Education_Association_2022-2025.pdf,Columbus City Schools,174,"As a separate legal entity from CPS, community school admin- istration will define work rules for the school consistent with its mission in collaboration and consultation with all staff members.",community school admin- istration,management,management,will,False,active,plain,obligation,obligation,True,0.9,other,True,
columbus_city_schools__columbus_education_association_2022_2025__071387d0,Columbus_Education_Association_2022-2025.pdf,Columbus City Schools,175,"Work rules will include, but not be limited to: class size, length of day, number of periods and duration, leave of absence procedures, evaluation procedures, student discipline, curriculum, staff development, staff qualifications, and staff levels.",Work rules,other,management,will,False,active,plain,obligation,obligation,True,0.9,other,True,
columbus_city_schools__columbus_education_association_2022_2025__071387d0,Columbus_Education_Association_2022-2025.pdf,Columbus City Schools,175,"Beginning with the 2008–09 school year, regular classroom teachers selected and/or assigned to language immersion schools shall be fluent, native or near-native speakers of the world language of that particular school.",regular classroom teachers selected and/or assigned to language immersion schools,worker,management,shall,False,active,plain,obligation,obligation,True,1.0,other,True,
columbus_city_schools__columbus_education_association_2022_2025__071387d0,Columbus_Education_Association_2022-2025.pdf,Columbus City Schools,175,"Vacancies in language immersion schools that remain unfilled after the job fairs shall be offered to new hires, providing no unassigned member of the CEA bargaining unit meets the qualifications stated above.",Vacancies in language immersion schools that remain unfilled after the job fairs,management,management,shall,False,passive,plain,obligation,obligation,True,1.0,transfers,True,
columbus_city_schools__columbus_education_association_2022_2025__071387d0,Columbus_Education_Association_2022-2025.pdf,Columbus City Schools,175,Exceptions to this Memorandum of Understanding can be made upon agreement between the CEA and the Superintendent.,Exceptions to this Memorandum of Understanding,other,management,can,False,passive,permission_verb,permission,permission,True,0.3,other,True,
columbus_city_schools__columbus_education_association_2022_2025__071387d0,Columbus_Education_Association_2022-2025.pdf,Columbus City Schools,175,"All other terms and conditions of employment, certification/licensure and highly-qualified rules shall apply.","All other terms and conditions of employment, certification/licensure and highly-qualified rules",other,management,shall,False,active,plain,obligation,obligation,True,1.0,other,True,
columbus_city_schools__columbus_education_association_2022_2025__071387d0,Columbus_Education_Association_2022-2025.pdf,Columbus City Schools,175,"Teachers at either of the K-8 language immersion schools in the 2011–12 school year who were staff-reduced from their current position due to a projected decline in student enrollment and selected or assigned to a different school or department, shall have the right to return to their position during the 2012–13 school year.",Teachers at either of the K-8 language immersion schools in the 2011–12 school year who were staff-reduced from their current position due to a projected decline in student enrollment and selected or assigned to a different school or department,worker,worker,shall,False,active,rights_active,right,right,True,1.0,job_security,True,
columbus_city_schools__columbus_education_association_2022_2025__071387d0,Columbus_Education_Association_2022-2025.pdf,Columbus City Schools,176,"Teachers at the K–8 language immersion schools and Fifth Avenue K–8, who are part of the middle school allocation (Grades 6, 7, 8 “affected teachers”) will be staff reduced from their current assignments as part of the Article 211 process.","Teachers at the K–8 language immersion schools and Fifth Avenue K–8, who are part of the middle school allocation (Grades 6, 7, 8 “affected teachers”)",management,management,will,False,passive,plain,obligation,obligation,True,0.9,layoffs,True,
columbus_city_schools__columbus_education_association_2022_2025__071387d0,Columbus_Education_Association_2022-2025.pdf,Columbus City Schools,176,These new positions will be posted as part of the Article 211 process.,These new positions,management,worker,will,False,passive,plain,obligation,obligation,True,0.9,job_security,True,
columbus_city_schools__columbus_education_association_2022_2025__071387d0,Columbus_Education_Association_2022-2025.pdf,Columbus City Schools,176,"All “affected teachers” to include unified arts teachers at the above mentioned schools, will have a special interview round prior to the Article 211 process and job fair.",All “affected teachers” to include unified arts teachers at the above mentioned schools,worker,worker,will,False,active,plain,obligation,right,False,0.9,job_security,True,
columbus_city_schools__columbus_education_association_2022_2025__071387d0,Columbus_Education_Association_2022-2025.pdf,Columbus City Schools,176,Affected teachers not hired will have rights to article 211 and job fair.,Affected teachers not hired,worker,worker,will,False,active,plain,obligation,right,False,0.9,job_security,True,“not hired” is a subject qualifier; operative verb “will have” is affirmative.
columbus_city_schools__columbus_education_association_2022_2025__071387d0,Columbus_Education_Association_2022-2025.pdf,Columbus City Schools,176,"For 6th grade positions that are posted at the two language immersion schools and Fifth Avenue International, selections will be made on the basis of language fluency, and native, or near-native speaking ability of the world language at that particular school, as outlined in the special factors of the Article 211 postings for these schools.",selections,management,management,will,False,passive,plain,obligation,obligation,True,0.9,transfers,True,Passive construction; implicit agent is management/district.
columbus_city_schools__columbus_education_association_2022_2025__071387d0,Columbus_Education_Association_2022-2025.pdf,Columbus City Schools,176,will be reflected in the posting of special factors during Article 211.,(implied: The programmatic needs of these K–6 schools and the International High School),management,management,will,False,passive,plain,obligation,obligation,True,0.9,other,True,Extracted from compound sentence; subject carried over from preceding clause.
columbus_city_schools__columbus_education_association_2022_2025__071387d0,Columbus_Education_Association_2022-2025.pdf,Columbus City Schools,177,"Bargaining unit members will follow the year-round school calendar for school year 2012–2013 that includes the same number of holidays in the school year, all professional meetings and records days, parent-teacher conference days, days of no school for students, including any days waived by the Ohio Department of Education, and days of school for students.",Bargaining unit members,worker,worker,will,False,active,plain,obligation,obligation,True,0.9,leave,True,
columbus_city_schools__columbus_education_association_2022_2025__071387d0,Columbus_Education_Association_2022-2025.pdf,Columbus City Schools,177,Bargaining unit members assigned to a year-round school for school year 2012–2013 may voluntarily staff reduce themselves if they do not want to participate in the year-round program.,Bargaining unit members assigned to a year-round school for school year 2012–2013,worker,worker,may,False,active,plain,permission,permission,True,0.3,transfers,True,
columbus_city_schools__columbus_education_association_2022_2025__071387d0,Columbus_Education_Association_2022-2025.pdf,Columbus City Schools,177,"Staff remaining at a year-round school must have a willingness to participate in the entire program, including intersessions.",Staff remaining at a year-round school,worker,management,must,False,active,obligation_verb,obligation,obligation,True,1.0,workload,True,
columbus_city_schools__columbus_education_association_2022_2025__071387d0,Columbus_Education_Association_2022-2025.pdf,Columbus City Schools,177,staff from other buildings may apply even if they are still in a three-year commitment to another school.,staff from other buildings,worker,worker,may,False,active,plain,permission,permission,True,0.3,transfers,True,
columbus_city_schools__columbus_education_association_2022_2025__071387d0,Columbus_Education_Association_2022-2025.pdf,Columbus City Schools,177,they will be released from their three-year commitment at the other school.,they,management,worker,will,False,passive,plain,obligation,obligation,True,0.9,transfers,True,
columbus_city_schools__columbus_education_association_2022_2025__071387d0,Columbus_Education_Association_2022-2025.pdf,Columbus City Schools,177,"Staff participating in the year-round program must be paid on plan B, 26 pays per year.",Staff participating in the year-round program,management,worker,must,False,passive,rights_passive,right,obligation,False,1.0,compensation,True,
columbus_city_schools__columbus_education_association_2022_2025__071387d0,Columbus_Education_Association_2022-2025.pdf,Columbus City Schools,177,Deposit statements for pay dates during the intersession will be mailed to employees’ homes.,Deposit statements for pay dates during the intersession,management,worker,will,False,passive,plain,obligation,obligation,True,0.9,compensation,True,
columbus_city_schools__columbus_education_association_2022_2025__071387d0,Columbus_Education_Association_2022-2025.pdf,Columbus City Schools,177,Staff participating in the intersessions will be paid extended time at the supplemental hourly rate in effect at the time service is rendered.,Staff participating in the intersessions,management,worker,will,False,passive,rights_passive,right,right,True,0.9,compensation,True,
columbus_city_schools__columbus_education_association_2022_2025__071387d0,Columbus_Education_Association_2022-2025.pdf,Columbus City Schools,177,No paid sick or personal leave will be granted during intersession.,No paid sick or personal leave,management,management,will,True,passive,plain,prohibition,prohibition,True,0.9,leave,True,
columbus_city_schools__columbus_education_association_2022_2025__071387d0,Columbus_Education_Association_2022-2025.pdf,Columbus City Schools,177,Participation in intersessions will be rotated among staff as much as possible with seniority being considered if there are more volunteers than are needed.,Participation in intersessions,management,worker,will,False,passive,plain,obligation,obligation,True,0.9,workload,True,
columbus_city_schools__columbus_education_association_2022_2025__071387d0,Columbus_Education_Association_2022-2025.pdf,Columbus City Schools,177,"non-volunteering staff, starting with least senior, will be required to work.","non-volunteering staff, starting with least senior",management,worker,will,False,passive,obligation_verb,obligation,obligation,True,0.9,seniority,True,
columbus_city_schools__columbus_education_association_2022_2025__071387d0,Columbus_Education_Association_2022-2025.pdf,Columbus City Schools,177,This requirement to work will be rotated as much as possible so as to equalize the time worked among all staff per school year.,This requirement to work,management,worker,will,False,passive,plain,obligation,obligation,True,0.9,workload,True,
columbus_city_schools__columbus_education_association_2022_2025__071387d0,Columbus_Education_Association_2022-2025.pdf,Columbus City Schools,177,Leave will be accrued on the same cycle as other bargaining unit members.,Leave,management,worker,will,False,passive,plain,obligation,obligation,True,0.9,leave,True,
columbus_city_schools__columbus_education_association_2022_2025__071387d0,Columbus_Education_Association_2022-2025.pdf,Columbus City Schools,178,"The Columbus Public Schools and the Columbus Education Association will ensure that the implementation of the Columbus Africentric Early College will align with all current board of education policies, practices and procedures and all sections of the negotiated agreement between the Columbus Board of Education and the Columbus Education Association.",The Columbus Public Schools and the Columbus Education Association,other,management,will,False,active,plain,obligation,obligation,True,0.9,other,True,
columbus_city_schools__columbus_education_association_2022_2025__071387d0,Columbus_Education_Association_2022-2025.pdf,Columbus City Schools,178,Exceptions to this will be approved only after prior agreement between both parties.,Exceptions to this,management,management,will,False,passive,plain,obligation,obligation,True,0.9,other,True,
columbus_city_schools__columbus_education_association_2022_2025__071387d0,Columbus_Education_Association_2022-2025.pdf,Columbus City Schools,178,"all CEA bargaining unit members shall provide instruction which is aligned with board approved curriculum (inclusive of curriculum guides and frameworks), primarily utilizing instructional resources provided by the Board.",all CEA bargaining unit members,worker,management,shall,False,active,plain,obligation,obligation,True,1.0,other,True,
columbus_city_schools__columbus_education_association_2022_2025__071387d0,Columbus_Education_Association_2022-2025.pdf,Columbus City Schools,179,"Introduction and instruction of controversial issues shall be consistent with board policy 2240 as last revised June 29, 2021.",Introduction and instruction of controversial issues,other,management,shall,False,active,plain,obligation,obligation,True,1.0,other,True,
columbus_city_schools__columbus_education_association_2022_2025__071387d0,Columbus_Education_Association_2022-2025.pdf,Columbus City Schools,179,any substantive revision of board policy 2240 shall be subject to the provisions of article 108.01.,any substantive revision of board policy 2240,other,management,shall,False,active,plain,obligation,obligation,True,1.0,other,True,
columbus_city_schools__columbus_education_association_2022_2025__071387d0,Columbus_Education_Association_2022-2025.pdf,Columbus City Schools,179,the Board of Education shall employ a minimum of fifteen (15) full-time bargaining unit members as social emotional learning practitioners.,the Board of Education,management,worker,shall,False,active,plain,obligation,obligation,True,1.0,job_security,True,
columbus_city_schools__columbus_education_association_2022_2025__071387d0,Columbus_Education_Association_2022-2025.pdf,Columbus City Schools,179,all buildings containing students in any combination of grades seven (7) through twelve (12) shall have a full-time district employee assigned for the sole purpose of providing supervision to any students in in-school suspension as behavioral intervention.,all buildings containing students in any combination of grades seven (7) through twelve (12),other,worker,shall,False,active,plain,obligation,obligation,True,1.0,safety_and_working_conditions,True,
columbus_city_schools__columbus_education_association_2022_2025__071387d0,Columbus_Education_Association_2022-2025.pdf,Columbus City Schools,179,"An advisory committee to the Superintendent shall be formed consisting of four (4) administrators appointed by the Superintendent, four (4) Association Representatives appointed by the Association President, and up to four (4) other persons representing different stakeholders in pupil well-being and success mutually agreed upon by the Superintendent and Association President.",An advisory committee to the Superintendent,management,management,shall,False,passive,plain,obligation,obligation,True,1.0,other,True,
columbus_city_schools__columbus_education_association_2022_2025__071387d0,Columbus_Education_Association_2022-2025.pdf,Columbus City Schools,179,"By October 2022, a representative of the committee shall report their meeting schedule and agendas to the Reform Panel.",a representative of the committee,other,worker,shall,False,active,plain,obligation,obligation,True,1.0,other,True,
columbus_city_schools__columbus_education_association_2022_2025__071387d0,Columbus_Education_Association_2022-2025.pdf,Columbus City Schools,179,"At the conclusion of its work, the committee shall make written recommendations to the Superintendent on strategies for success for all students, including restorative practices, trauma informed care, PBIS, and other social emotional learning",the committee,other,worker,shall,False,active,plain,obligation,obligation,True,1.0,other,True,Text truncates at the end of the chunk.
columbus_city_schools__columbus_education_association_2022_2025__071387d0,Columbus_Education_Association_2022-2025.pdf,Columbus City Schools,180,"At the conclusion of its work, the committee shall make written recommendations to the Superintendent on strategies for success for all students, including restorative practices, trauma informed care, PBIS, and other social emotional learning practices so that students and staff may have a safe and educationally sound learning environment.",the committee,other,worker,shall,False,active,plain,obligation,obligation,True,1.0,safety_and_working_conditions,True,
columbus_city_schools__columbus_education_association_2022_2025__071387d0,Columbus_Education_Association_2022-2025.pdf,Columbus City Schools,180,The committee will also provide recommendations on how to use discipline to change student behavior as opposed to punishing and excluding students from learning and how to effectively design and implement alternative educational settings.,The committee,other,worker,will,False,active,plain,obligation,obligation,True,0.9,other,True,
columbus_city_schools__columbus_education_association_2022_2025__071387d0,Columbus_Education_Association_2022-2025.pdf,Columbus City Schools,180,"With the assistance of a professional evaluator, the committee will evaluate and review the work of social emotional learning practitioners as identified in paragraph 1 above and in-school suspension settings in place as identified in paragraph 2 specifically with respect to services to students, impact on student learning and discipline, staffing, job descriptions and funding.",the committee,other,worker,will,False,active,plain,obligation,obligation,True,0.9,other,True,
columbus_city_schools__columbus_education_association_2022_2025__071387d0,Columbus_Education_Association_2022-2025.pdf,Columbus City Schools,180,"The recommendations shall be used by January 15, 2025.",The recommendations,other,worker,shall,False,passive,plain,obligation,obligation,True,1.0,other,True,
columbus_city_schools__columbus_education_association_2022_2025__071387d0,Columbus_Education_Association_2022-2025.pdf,Columbus City Schools,180,Recommendations of the committee as well as associated data shall be topics of discussions during negotiations for a successor agreement.,Recommendations of the committee as well as associated data,other,worker,shall,False,active,plain,obligation,obligation,True,1.0,other,True,
columbus_city_schools__columbus_education_association_2022_2025__071387d0,Columbus_Education_Association_2022-2025.pdf,Columbus City Schools,180,"The Superintendent/designee shall consult closely with the President of the CEA/designee about implementation of the electronic student information management system, including but not limited to the creation of a written plan anticipating and suggesting solutions or action steps for problems.",The Superintendent/designee,management,worker,shall,False,active,plain,obligation,obligation,True,1.0,safety_and_working_conditions,True,
columbus_city_schools__columbus_education_association_2022_2025__071387d0,Columbus_Education_Association_2022-2025.pdf,Columbus City Schools,180,The Board shall provide training to teachers before requiring them to enter additional information or use data in particular ways in connection with the electronic student information system (but this sentence does not compel training or requirements to be implemented districtwide or at the same time).,The Board,management,worker,shall,False,active,plain,obligation,obligation,True,1.0,professional_development,True,
columbus_city_schools__columbus_education_association_2022_2025__071387d0,Columbus_Education_Association_2022-2025.pdf,Columbus City Schools,180,no teacher shall be disciplined except for good and just cause for errors or omissions in complying with the requirements that they enter or use information in the electronic student information system.,no teacher,management,worker,shall,True,passive,plain,prohibition,prohibition,True,1.0,discipline,True,
columbus_city_schools__columbus_education_association_2022_2025__071387d0,Columbus_Education_Association_2022-2025.pdf,Columbus City Schools,181,teachers shall use their best efforts to enter data accurately,teachers,worker,management,shall,False,active,plain,obligation,obligation,True,1.0,other,True,
columbus_city_schools__columbus_education_association_2022_2025__071387d0,Columbus_Education_Association_2022-2025.pdf,Columbus City Schools,181,each party may engage outside consultants at their own expense to assist the Committee in researching and making recommendations regarding the aforementioned High Deductible Health Plan and HSA.,each party,other,worker,may,False,active,plain,permission,permission,True,0.3,benefits,True,
columbus_city_schools__columbus_education_association_2022_2025__071387d0,Columbus_Education_Association_2022-2025.pdf,Columbus City Schools,181,the consultants may be invited to attend the meetings of the Joint Insurance Committee to offer their expertise and guidance on this matter.,the consultants,management,worker,may,False,passive,plain,permission,permission,True,0.3,benefits,True,
columbus_city_schools__columbus_education_association_2022_2025__071387d0,Columbus_Education_Association_2022-2025.pdf,Columbus City Schools,182,The Board is responsible for funding 100% of the “Board Share” and 90 percent of the “Underfunding” and “Reserve” portions of the deficit.,The Board,management,worker,,False,active,plain,other,other,True,0.0,benefits,True,
columbus_city_schools__columbus_education_association_2022_2025__071387d0,Columbus_Education_Association_2022-2025.pdf,Columbus City Schools,182,"Employees are responsible for 10 percent of the “Underfunding” and “Reserve” portions of the deficit, specific to each plan.",Employees,worker,management,,False,active,plain,other,other,True,0.0,benefits,True,
columbus_city_schools__columbus_education_association_2022_2025__071387d0,Columbus_Education_Association_2022-2025.pdf,Columbus City Schools,182,"The parties agree that domestic partners of teachers and the children of such domestic partners are eligible for benefits under Articles 806, 807 and 808 of the Agreement in the same manner and subject to the same conditions, limitations and qualifications as members of the bargaining unit.",The parties,other,worker,,False,active,plain,other,other,True,0.0,benefits,True,Subordinate clause grants eligibility to domestic partners.
columbus_city_schools__columbus_education_association_2022_2025__071387d0,Columbus_Education_Association_2022-2025.pdf,Columbus City Schools,182,"Enrollment after August, 2009 for changes in coverage may occur within thirty (30) calendar days of a domestic partner becoming a parent, the lay-off or separation from employment of a domestic partner who had primary coverage at","Enrollment after August, 2009 for changes in coverage",other,worker,may,False,active,plain,permission,permission,True,0.3,benefits,True,Sentence truncated at end of chunk.
columbus_city_schools__columbus_education_association_2022_2025__071387d0,Columbus_Education_Association_2022-2025.pdf,Columbus City Schools,183,To receive benefits under paragraph (1) and/or (2) above a teacher must qualify and file the required form(s).,a teacher,worker,management,must,False,active,obligation_verb,obligation,obligation,True,1.0,benefits,True,
columbus_city_schools__columbus_education_association_2022_2025__071387d0,Columbus_Education_Association_2022-2025.pdf,Columbus City Schools,184,A supplemental contract shall be issued for one school year or the balance of a school year.,A supplemental contract,management,worker,shall,False,passive,plain,obligation,obligation,True,1.0,compensation,True,
columbus_city_schools__columbus_education_association_2022_2025__071387d0,Columbus_Education_Association_2022-2025.pdf,Columbus City Schools,184,The supplemental service may be provided by two teachers on a 50 percent basis for each.,The supplemental service,worker,worker,may,False,passive,rights_passive,right,permission,False,0.3,compensation,True,
columbus_city_schools__columbus_education_association_2022_2025__071387d0,Columbus_Education_Association_2022-2025.pdf,Columbus City Schools,184,The lunchroom duty supplemental contract shall be administered in a manner consistent with Article 905 of the current Board/CEA Agreement.,The lunchroom duty supplemental contract,management,worker,shall,False,passive,plain,obligation,obligation,True,1.0,compensation,True,
columbus_city_schools__columbus_education_association_2022_2025__071387d0,Columbus_Education_Association_2022-2025.pdf,Columbus City Schools,184,Pay shall be at the 8.00% rate,Pay,other,worker,shall,False,active,plain,obligation,obligation,True,1.0,compensation,True,
columbus_city_schools__columbus_education_association_2022_2025__071387d0,Columbus_Education_Association_2022-2025.pdf,Columbus City Schools,184,and shall be paid in two equal amounts on the thirteenth and twenty-first pay dates.,Pay,other,worker,shall,False,passive,rights_passive,right,obligation,False,1.0,compensation,True,
columbus_city_schools__columbus_education_association_2022_2025__071387d0,Columbus_Education_Association_2022-2025.pdf,Columbus City Schools,184,The number of lunch periods necessary to accommodate the students in a building shall be determined by the principal.,The number of lunch periods necessary to accommodate the students in a building,management,management,shall,False,passive,plain,obligation,obligation,True,1.0,workload,True,
columbus_city_schools__columbus_education_association_2022_2025__071387d0,Columbus_Education_Association_2022-2025.pdf,Columbus City Schools,184,There shall be one supplemental contract for each lunch period (which may be shared by two teachers).,There,other,worker,shall,False,active,plain,obligation,obligation,True,1.0,compensation,True,
columbus_city_schools__columbus_education_association_2022_2025__071387d0,Columbus_Education_Association_2022-2025.pdf,Columbus City Schools,184,"An Instructional Assistant(s), if assigned to lunchroom duty, will work in cooperation with and under the supervision of the lunchroom duty teacher.",An Instructional Assistant(s),worker,management,will,False,active,plain,obligation,obligation,True,0.9,other,True,
columbus_city_schools__columbus_education_association_2022_2025__071387d0,Columbus_Education_Association_2022-2025.pdf,Columbus City Schools,184,The number of assistants assigned will be determined by the principal.,The number of assistants assigned,management,management,will,False,passive,plain,obligation,obligation,True,0.9,other,True,
columbus_city_schools__columbus_education_association_2022_2025__071387d0,Columbus_Education_Association_2022-2025.pdf,Columbus City Schools,184,Teachers accepting the lunchroom duty supplemental contract shall not claim a violation of Section 302.02 as a result of duties connected with such supplemental service.,Teachers accepting the lunchroom duty supplemental contract,worker,management,shall,True,active,plain,prohibition,prohibition,True,1.0,other,True,
columbus_city_schools__columbus_education_association_2022_2025__071387d0,Columbus_Education_Association_2022-2025.pdf,Columbus City Schools,184,Lunchroom duty teachers shall be included equally in number on the roster for duties assigned to other staff members.,Lunchroom duty teachers,management,worker,shall,False,passive,plain,obligation,obligation,True,1.0,workload,True,
columbus_city_schools__columbus_education_association_2022_2025__071387d0,Columbus_Education_Association_2022-2025.pdf,Columbus City Schools,184,Supplemental contract lunchroom duty teacher(s) shall not be assigned other duties during the regularly scheduled lunch period.,Supplemental contract lunchroom duty teacher(s),management,worker,shall,True,passive,plain,prohibition,prohibition,True,1.0,workload,True,
columbus_city_schools__columbus_education_association_2022_2025__071387d0,Columbus_Education_Association_2022-2025.pdf,Columbus City Schools,184,Lunchroom supervision shall be rotated equally among the staff as a regular duty without extra pay when the paid lunchroom,Lunchroom supervision,management,worker,shall,False,passive,plain,obligation,obligation,True,1.0,workload,True,Truncated at end of chunk.
columbus_city_schools__columbus_education_association_2022_2025__071387d0,Columbus_Education_Association_2022-2025.pdf,Columbus City Schools,185,Lunchroom supervision shall be rotated equally among the staff as a regular duty without extra pay when the paid lunchroom duty teacher is absent.,Lunchroom supervision,other,worker,shall,False,passive,plain,obligation,obligation,True,1.0,workload,True,
columbus_city_schools__columbus_education_association_2022_2025__071387d0,Columbus_Education_Association_2022-2025.pdf,Columbus City Schools,185,"In the event of extended absence by the lunchroom duty teacher where there is not a shared contract, a second contract can be issued for the prorated amount with a corresponding reduction in the original contract.",a second contract,worker,worker,can,False,passive,permission_verb,permission,permission,True,0.3,compensation,True,
columbus_city_schools__columbus_education_association_2022_2025__071387d0,Columbus_Education_Association_2022-2025.pdf,Columbus City Schools,185,Elementary principals will be promptly provided with a description of this program and directions regarding the securing of volunteers for the lunchroom duty supplemental contract.,Elementary principals,management,management,will,False,passive,rights_passive,right,obligation,False,0.9,other,True,
columbus_city_schools__columbus_education_association_2022_2025__071387d0,Columbus_Education_Association_2022-2025.pdf,Columbus City Schools,185,Principals will select a teacher(s) from among the volunteers,Principals,management,management,will,False,active,plain,obligation,obligation,True,0.9,other,True,
columbus_city_schools__columbus_education_association_2022_2025__071387d0,Columbus_Education_Association_2022-2025.pdf,Columbus City Schools,185,and forward the name(s) for appointment.,Principals,management,management,will,False,active,plain,obligation,obligation,True,0.9,other,True,
columbus_city_schools__columbus_education_association_2022_2025__071387d0,Columbus_Education_Association_2022-2025.pdf,Columbus City Schools,185,"In the event there are no volunteers in a school, lunchroom supervision will continue to be assigned as an unpaid duty.",lunchroom supervision,other,worker,will,False,passive,plain,obligation,obligation,True,0.9,workload,True,
columbus_city_schools__columbus_education_association_2022_2025__071387d0,Columbus_Education_Association_2022-2025.pdf,Columbus City Schools,185,the Joint Committee will continue to monitor the program,the Joint Committee,other,worker,will,False,active,plain,obligation,obligation,True,0.9,other,True,
columbus_city_schools__columbus_education_association_2022_2025__071387d0,Columbus_Education_Association_2022-2025.pdf,Columbus City Schools,185,and will make whatever changes they determine are needed.,the Joint Committee,other,worker,will,False,active,plain,obligation,obligation,True,0.9,other,False,
columbus_city_schools__columbus_education_association_2022_2025__071387d0,Columbus_Education_Association_2022-2025.pdf,Columbus City Schools,185,"Late in the school year, the Joint Committee will make recommendations to the Superintendent and the CEA President regarding any changes that should be made and specifically recommending continuation or termination of the lunchroom duty supplemental contract program.",the Joint Committee,other,worker,will,False,active,plain,obligation,obligation,True,0.9,other,True,
columbus_city_schools__columbus_education_association_2022_2025__071387d0,Columbus_Education_Association_2022-2025.pdf,Columbus City Schools,185,The Superintendent will discuss these recommendations with the CEA President prior to making a decision regarding the continuation or termination of the program.,The Superintendent,management,worker,will,False,active,plain,obligation,obligation,True,0.9,other,True,
columbus_city_schools__columbus_education_association_2022_2025__071387d0,Columbus_Education_Association_2022-2025.pdf,Columbus City Schools,185,The Board and CEA shall agree to create a Senior Instrumental Concert Director supplemental contract for CAHS and FHAAHS:,The Board and CEA,other,worker,shall,False,active,plain,obligation,obligation,True,1.0,compensation,True,
columbus_city_schools__columbus_education_association_2022_2025__071387d0,Columbus_Education_Association_2022-2025.pdf,Columbus City Schools,185,The Senior Instrumental Concert Director supplemental rate of pay will be the same as a Senior Vocal Music Director’s supplemental rate of pay.,The Senior Instrumental Concert Director supplemental rate of pay,other,worker,will,False,active,plain,obligation,obligation,True,0.9,compensation,True,
columbus_city_schools__columbus_education_association_2022_2025__071387d0,Columbus_Education_Association_2022-2025.pdf,Columbus City Schools,185,All normal supplemental contract processes and procedures will be followed.,All normal supplemental contract processes and procedures,other,worker,will,False,passive,plain,obligation,obligation,True,0.9,compensation,True,
columbus_city_schools__columbus_education_association_2022_2025__071387d0,Columbus_Education_Association_2022-2025.pdf,Columbus City Schools,186,"however, neither party shall be obligated to agree to such modifications.",neither party,other,worker,shall,True,passive,obligation_verb,right,right,True,1.0,other,True,
columbus_city_schools__columbus_education_association_2022_2025__071387d0,Columbus_Education_Association_2022-2025.pdf,Columbus City Schools,186,one party submits to the other party a dated written request to terminate this MOU.,one party,other,worker,,False,active,plain,other,other,True,0.0,other,True,Dependent clause functioning as condition for termination.
columbus_city_schools__columbus_education_association_2022_2025__071387d0,Columbus_Education_Association_2022-2025.pdf,Columbus City Schools,187,"such “make up” days will be added to the end of the current school calendar in June for school year schools, and to the end of the last quarter for year-round schools.",such “make up” days,other,worker,will,False,passive,plain,obligation,obligation,True,0.9,workload,True,
columbus_city_schools__columbus_education_association_2022_2025__071387d0,Columbus_Education_Association_2022-2025.pdf,Columbus City Schools,187,"Beginning with the 2022–2023 school year, CEA and the Board shall convene a temporary committee for the purpose of reviewing CEA-Board Memoranda of Understanding, Memoranda of Agreement, Letters of Agreement, Letters of Understanding, or any other mutually agreed to provisions outside the parties’ Master Agreement entered into prior to August 22, 2022 (“Memoranda”) and Joint Committees.",CEA and the Board,other,worker,shall,False,active,plain,obligation,obligation,True,1.0,other,True,
columbus_city_schools__columbus_education_association_2022_2025__071387d0,Columbus_Education_Association_2022-2025.pdf,Columbus City Schools,187,The CEA President and the Superintendent shall each appoint three (3) representatives to serve on the committee.,The CEA President and the Superintendent,other,worker,shall,False,active,plain,obligation,obligation,True,1.0,other,True,
columbus_city_schools__columbus_education_association_2022_2025__071387d0,Columbus_Education_Association_2022-2025.pdf,Columbus City Schools,187,The committee shall review and catalog all CEA-Board Memoranda and Joint Committees to determine the status and utilization of such Memoranda and Committees and to make recommendations about such Memoranda and Committees.,The committee,other,worker,shall,False,active,plain,obligation,obligation,True,1.0,other,True,
columbus_city_schools__columbus_education_association_2022_2025__071387d0,Columbus_Education_Association_2022-2025.pdf,Columbus City Schools,187,"A report regarding the Committee’s recommendations shall be made to the Superintendent and CEA President no later than January 15, 2024.",A report regarding the Committee’s recommendations,other,worker,shall,False,passive,plain,obligation,obligation,True,1.0,other,True,
columbus_city_schools__columbus_education_association_2022_2025__071387d0,Columbus_Education_Association_2022-2025.pdf,Columbus City Schools,187,"Following the issuance of the report, the committee shall be disbanded.",the committee,other,worker,shall,False,passive,plain,obligation,obligation,True,1.0,other,True,
columbus_city_schools__columbus_education_association_2022_2025__071387d0,Columbus_Education_Association_2022-2025.pdf,Columbus City Schools,187,"To achieve this goal, the parties will jointly request facilitation regarding ongoing labor-management disputes, inclusive of grievances, be provided by the Federal Mediation and Conciliation Service.",the parties,other,worker,will,False,active,plain,obligation,obligation,True,0.9,discipline,True,
columbus_city_schools__columbus_education_association_2022_2025__071387d0,Columbus_Education_Association_2022-2025.pdf,Columbus City Schools,187,Such facilitations shall be scheduled once per semester,Such facilitations,other,worker,shall,False,passive,plain,obligation,obligation,True,1.0,discipline,True,
columbus_city_schools__columbus_education_association_2022_2025__071387d0,Columbus_Education_Association_2022-2025.pdf,Columbus City Schools,187,may continue for the duration of the current Master Agreement by mutual agreement.,Such facilitations,other,worker,may,False,active,plain,permission,permission,True,0.3,discipline,True,
columbus_city_schools__columbus_education_association_2022_2025__071387d0,Columbus_Education_Association_2022-2025.pdf,Columbus City Schools,187,Up to six (6) representatives from each party may attend each facilitation.,Up to six (6) representatives from each party,other,worker,may,False,active,plain,permission,permission,True,0.3,discipline,True,
columbus_city_schools__columbus_education_association_2022_2025__071387d0,Columbus_Education_Association_2022-2025.pdf,Columbus City Schools,187,Participation in FMCS facilitation shall not be construed as a waiver of any recourse for dispute resolution by either party.,Participation in FMCS facilitation,other,worker,shall,True,passive,plain,prohibition,prohibition,True,1.0,discipline,True,
columbus_city_schools__columbus_education_association_2022_2025__071387d0,Columbus_Education_Association_2022-2025.pdf,Columbus City Schools,188,the parties may mutually agree to include one or more training components in facilitation meetings.,the parties,other,worker,may,False,active,plain,permission,permission,True,0.3,discipline,True,
columbus_city_schools__columbus_education_association_2022_2025__071387d0,Columbus_Education_Association_2022-2025.pdf,Columbus City Schools,188,The President of CEA and the Superintendent will appoint committees made up of an equal number of teachers and administrators for the purposes outlined below.,The President of CEA and the Superintendent,management,worker,will,False,active,plain,obligation,obligation,True,0.9,other,True,
columbus_city_schools__columbus_education_association_2022_2025__071387d0,Columbus_Education_Association_2022-2025.pdf,Columbus City Schools,188,"The size, specific responsibilities, and any timeline expectations of each committee will be determined by the President and the Superintendent and communicated to each committee.","The size, specific responsibilities, and any timeline expectations of each committee",management,management,will,False,passive,plain,obligation,obligation,True,0.9,other,True,
columbus_city_schools__columbus_education_association_2022_2025__071387d0,Columbus_Education_Association_2022-2025.pdf,Columbus City Schools,188,A professional leave committee will be formed to develop and administer a professional leave program for the members of the bargaining unit.,A professional leave committee,other,worker,will,False,passive,plain,obligation,obligation,True,0.9,leave,True,
columbus_city_schools__columbus_education_association_2022_2025__071387d0,Columbus_Education_Association_2022-2025.pdf,Columbus City Schools,188,"The Board will provide up to $100,000 per year for FY 1987, 1988 and 1989.",The Board,management,worker,will,False,active,plain,obligation,obligation,True,0.9,benefits,True,
columbus_city_schools__columbus_education_association_2022_2025__071387d0,Columbus_Education_Association_2022-2025.pdf,Columbus City Schools,188,The funds provided shall be used to support activities directed toward this purpose.,The funds provided,other,worker,shall,False,passive,plain,obligation,obligation,True,1.0,professional_development,True,
columbus_city_schools__columbus_education_association_2022_2025__071387d0,Columbus_Education_Association_2022-2025.pdf,Columbus City Schools,188,"the funds may be used to pay for registration at a conference, related out-of-town travel expenses and the cost of classroom substitute teachers",the funds,other,worker,may,False,passive,plain,permission,permission,True,0.3,professional_development,True,Split from coordinated clause joined by 'but'
columbus_city_schools__columbus_education_association_2022_2025__071387d0,Columbus_Education_Association_2022-2025.pdf,Columbus City Schools,188,shall not be used to pay the teacher for attending a conference.,The funds,other,management,shall,True,passive,plain,prohibition,prohibition,True,1.0,compensation,True,Elliptical subject from preceding clause
columbus_city_schools__columbus_education_association_2022_2025__071387d0,Columbus_Education_Association_2022-2025.pdf,Columbus City Schools,188,A committee will be formed to conduct a study and a pilot program designed to assess the desirability and feasibility of utilizing the supplemental contract approach to elementary school lunchroom supervision.,A committee,other,worker,will,False,passive,plain,obligation,obligation,True,0.9,workload,True,
columbus_city_schools__columbus_education_association_2022_2025__071387d0,Columbus_Education_Association_2022-2025.pdf,Columbus City Schools,188,"A committee will be formed to study the feasibility and desirability of providing tape recorded, telephone answering service for the use of teachers in reporting their expected absence from work.",A committee,other,worker,will,False,passive,plain,obligation,obligation,True,0.9,leave,True,
columbus_city_schools__columbus_education_association_2022_2025__071387d0,Columbus_Education_Association_2022-2025.pdf,Columbus City Schools,188,"By September 15, 2003, the parties will create a joint committee to review and revise the evaluation procedures and forms by May 15, 2004, for implementation in the 2004–05 school year.",the parties,other,worker,will,False,active,plain,obligation,obligation,True,0.9,evaluation,True,
columbus_city_schools__columbus_education_association_2022_2025__071387d0,Columbus_Education_Association_2022-2025.pdf,Columbus City Schools,188,The PAR panel will develop procedures for building principals to make interim reports to the PAR panel.,The PAR panel,other,management,will,False,active,plain,obligation,obligation,True,0.9,evaluation,True,
columbus_city_schools__columbus_education_association_2022_2025__071387d0,Columbus_Education_Association_2022-2025.pdf,Columbus City Schools,188,"The catastrophic illness/injury joint committee under Section 701.07(B), by December 2004, will study and consider a sick leave bank.",The catastrophic illness/injury joint committee under Section 701.07(B),other,worker,will,False,active,plain,obligation,obligation,True,0.9,leave,True,
columbus_city_schools__columbus_education_association_2022_2025__071387d0,Columbus_Education_Association_2022-2025.pdf,Columbus City Schools,189,Change the current evaluation process to implement the recommen- dations of the Joint CCS/CEA Teacher Evaluation Committee.,(implied),management,worker,,False,active,plain,other,obligation,False,0.0,evaluation,True,Imperative construction; subject implied.
columbus_city_schools__columbus_education_association_2022_2025__071387d0,Columbus_Education_Association_2022-2025.pdf,Columbus City Schools,189,No other evaluating tools will be used in the evaluation of the teacher.,No other evaluating tools,management,worker,will,True,passive,plain,prohibition,prohibition,True,0.9,evaluation,True,
columbus_city_schools__columbus_education_association_2022_2025__071387d0,Columbus_Education_Association_2022-2025.pdf,Columbus City Schools,189,"A joint committee consisting of two (2) persons appointed by the President of the Association and two (2) persons appointed by the Superintendent shall take responsibility for making District forms available online, starting with Human Resources forms.",A joint committee consisting of two (2) persons appointed by the President of the Association and two (2) persons appointed by the Superintendent,other,worker,shall,False,active,plain,obligation,obligation,True,1.0,other,True,
columbus_city_schools__columbus_education_association_2022_2025__071387d0,Columbus_Education_Association_2022-2025.pdf,Columbus City Schools,189,The committee shall take into account all security and privacy provisions as required by HIPAA and other federal laws.,The committee,other,worker,shall,False,active,plain,obligation,obligation,True,1.0,other,True,
columbus_city_schools__columbus_education_association_2022_2025__071387d0,Columbus_Education_Association_2022-2025.pdf,Columbus City Schools,189,"Upon the ratification of the 2005 Collective Bargaining Agreement, the Superintendent and the Association President will serve as leaders of the Professional Learning Community of the Columbus City Schools.",the Superintendent and the Association President,other,management,will,False,active,plain,obligation,obligation,True,0.9,other,True,
columbus_city_schools__columbus_education_association_2022_2025__071387d0,Columbus_Education_Association_2022-2025.pdf,Columbus City Schools,189,Teachers not assigned to a regular school staff have a lunch period included in such eight (8) hours so that such teachers’ actual required work day shall not exceed seven and one-half (7 1/2) hours.,Teachers not assigned to a regular school staff,worker,worker,shall,False,active,plain,obligation,obligation,True,1.0,workload,True,
columbus_city_schools__columbus_education_association_2022_2025__071387d0,Columbus_Education_Association_2022-2025.pdf,Columbus City Schools,190,"Such years may be combined even if they are separated by a leave, a break in service, or by a year of full-time service.",Such years,other,worker,may,False,passive,plain,permission,permission,True,0.3,seniority,True,
columbus_city_schools__columbus_education_association_2022_2025__071387d0,Columbus_Education_Association_2022-2025.pdf,Columbus City Schools,190,The objection filed with the State Employment Relations Board on behalf of the Columbus Board of Education with regard to the inclusion of tutors in the CEA bargaining unit will be withdrawn,The objection filed with the State Employment Relations Board on behalf of the Columbus Board of Education with regard to the inclusion of tutors in the CEA bargaining unit,other,worker,will,False,passive,plain,obligation,obligation,True,0.9,teacher_rights_and_conduct,True,
columbus_city_schools__columbus_education_association_2022_2025__071387d0,Columbus_Education_Association_2022-2025.pdf,Columbus City Schools,190,"no further objections, in any form, will be filed on behalf of the Board of Education.","no further objections, in any form",other,worker,will,True,passive,plain,prohibition,prohibition,True,0.9,teacher_rights_and_conduct,True,
columbus_city_schools__columbus_education_association_2022_2025__071387d0,Columbus_Education_Association_2022-2025.pdf,Columbus City Schools,190,the Board and CEA agree that bargaining after such inclusion between the Board and CEA will establish whatever contractual provisions are applicable to tutors,the Board and CEA,other,worker,will,False,active,plain,obligation,obligation,True,0.9,other,True,
columbus_city_schools__columbus_education_association_2022_2025__071387d0,Columbus_Education_Association_2022-2025.pdf,Columbus City Schools,190,"none of the provisions of the August 25, 1986, Board/CEA Agreement will automatically apply to tutors.","none of the provisions of the August 25, 1986, Board/CEA Agreement",other,management,will,True,active,plain,prohibition,prohibition,True,0.9,other,True,
columbus_city_schools__columbus_education_association_2022_2025__071387d0,Columbus_Education_Association_2022-2025.pdf,Columbus City Schools,190,The six full-time hourly professional employees currently teaching at the North Education Center in the daytime high school program will be offered regular teaching contracts for the 1986-87 school year.,The six full-time hourly professional employees currently teaching at the North Education Center in the daytime high school program,management,worker,will,False,passive,rights_passive,right,obligation,False,0.9,job_security,True,
columbus_city_schools__columbus_education_association_2022_2025__071387d0,Columbus_Education_Association_2022-2025.pdf,Columbus City Schools,190,The board will not establish new full-time hourly positions in this program.,The board,management,management,will,True,active,plain,prohibition,prohibition,True,0.9,job_security,True,
columbus_city_schools__columbus_education_association_2022_2025__071387d0,Columbus_Education_Association_2022-2025.pdf,Columbus City Schools,190,The total number of work days will not exceed the number in the adopted calendar.,The total number of work days,other,worker,will,True,active,plain,prohibition,prohibition,True,0.9,workload,True,
columbus_city_schools__columbus_education_association_2022_2025__071387d0,Columbus_Education_Association_2022-2025.pdf,Columbus City Schools,190,The Reform Panel will consider and may recommend the possible addition of one or more teacher inservice days to the 1993–94 and 1994–95 school calendars.,The Reform Panel,management,worker,will,False,active,plain,obligation,obligation,True,0.9,professional_development,True,Compound predicate; extracted as single operative clause.
columbus_city_schools__columbus_education_association_2022_2025__071387d0,Columbus_Education_Association_2022-2025.pdf,Columbus City Schools,190,High school/career center parent conference days will be piloted during the 1992–93 school year.,High school/career center parent conference days,other,worker,will,False,passive,plain,obligation,obligation,True,0.9,workload,True,
columbus_city_schools__columbus_education_association_2022_2025__071387d0,Columbus_Education_Association_2022-2025.pdf,Columbus City Schools,190,The usefulness of this program will be monitored by the Reform Panel,The usefulness of this program,management,management,will,False,passive,plain,obligation,obligation,True,0.9,other,True,
columbus_city_schools__columbus_education_association_2022_2025__071387d0,Columbus_Education_Association_2022-2025.pdf,Columbus City Schools,190,"Additionally, the Reform Panel will monitor the placement of the second parent conference day on President’s Day to make recommendations for the future placement of parent conference days to coincide with state holidays.",the Reform Panel,management,management,will,False,active,plain,obligation,obligation,True,0.9,other,True,
columbus_city_schools__columbus_education_association_2022_2025__071387d0,Columbus_Education_Association_2022-2025.pdf,Columbus City Schools,191,"Except for unusual circumstances, no student will be given a change in building assignment for disciplinary and/or adjustment reasons more than once during a school year.",no student,management,management,will,True,passive,rights_passive,other,prohibition,False,0.0,discipline,True,
columbus_city_schools__columbus_education_association_2022_2025__071387d0,Columbus_Education_Association_2022-2025.pdf,Columbus City Schools,191,The completion date for handwritten elementary grade cards or interim reports to parents shall be no sooner than three (3) school days prior to distribution.,The completion date for handwritten elementary grade cards or interim reports to parents,other,worker,shall,False,active,plain,obligation,obligation,True,1.0,workload,True,
columbus_city_schools__columbus_education_association_2022_2025__071387d0,Columbus_Education_Association_2022-2025.pdf,Columbus City Schools,191,"In the event the Board adopts a substantially different student assignment plan, alternative school programs may be relocated, restructured, expanded, and/or eliminated as required by the Board adopted plan.",alternative school programs,management,management,may,False,passive,permission_verb,permission,permission,True,0.3,other,True,
columbus_city_schools__columbus_education_association_2022_2025__071387d0,Columbus_Education_Association_2022-2025.pdf,Columbus City Schools,191,A joint CEA/Board Committee will be formed to recommend changes in the current teacher evaluation form and accompanying Syllabus.,A joint CEA/Board Committee,other,worker,will,False,passive,plain,obligation,obligation,True,0.9,evaluation,True,
columbus_city_schools__columbus_education_association_2022_2025__071387d0,Columbus_Education_Association_2022-2025.pdf,Columbus City Schools,191,"The Reform Panel will continue to study art, music, and physical education staffing patterns in elementary alternative schools and make recommendations regarding the equability of services in all elementary schools within the current staffing allocation.",The Reform Panel,management,worker,will,False,active,plain,obligation,obligation,True,0.9,workload,True,
columbus_city_schools__columbus_education_association_2022_2025__071387d0,Columbus_Education_Association_2022-2025.pdf,Columbus City Schools,191,"To improve communications with teachers regarding teacher vacancies, the parties will mutually develop a process to facilitate the posting of jobs which are required to be posted during the school year and in the summer.",the parties,other,worker,will,False,active,plain,obligation,obligation,True,0.9,other,True,
columbus_city_schools__columbus_education_association_2022_2025__071387d0,Columbus_Education_Association_2022-2025.pdf,Columbus City Schools,191,This process will not interfere with the regular May 20 posting of vacancies,This process,other,worker,will,True,active,plain,prohibition,prohibition,True,0.9,other,True,
columbus_city_schools__columbus_education_association_2022_2025__071387d0,Columbus_Education_Association_2022-2025.pdf,Columbus City Schools,191,will not require the posting of jobs that have not been posted in the past.,This process,other,management,will,True,active,plain,prohibition,right,False,0.9,other,True,
columbus_city_schools__columbus_education_association_2022_2025__071387d0,Columbus_Education_Association_2022-2025.pdf,Columbus City Schools,191,"A school/community task force shall be formed, by mutual agreement of the parties, to review the current Community Education Program and to make recommendations to the Reform Panel concerning the future direction of the Community Education Program.",A school/community task force,other,worker,shall,False,passive,plain,obligation,obligation,True,1.0,other,True,
columbus_city_schools__columbus_education_association_2022_2025__071387d0,Columbus_Education_Association_2022-2025.pdf,Columbus City Schools,191,Administrators returning to the teachers’ bargaining unit shall have their bargaining unit seniority determined by the length of service as a member of the bargaining unit from their most recent date of employment by the Board.,Administrators returning to the teachers’ bargaining unit,worker,worker,shall,False,passive,plain,obligation,obligation,True,1.0,seniority,True,
columbus_city_schools__columbus_education_association_2022_2025__071387d0,Columbus_Education_Association_2022-2025.pdf,Columbus City Schools,191,"As soon as the Board determines it is feasible and practicable they shall expand the Cafeteria Premium Payment Plan as defined in Article 813 of the June 3, 1992, CEA/Board Agreement to other allowable flexible spending accounts in accordance with Internal Revenue Code Se",they,management,worker,shall,False,active,plain,obligation,obligation,True,1.0,benefits,True,Truncated at end of chunk.
columbus_city_schools__columbus_education_association_2022_2025__071387d0,Columbus_Education_Association_2022-2025.pdf,Columbus City Schools,192,"they shall expand the Cafeteria Premium Payment Plan as defined in Article 813 of the June 3, 1992, CEA/Board Agreement to other allowable flexible spending accounts in accordance with Internal Revenue Code Section 125.",they,management,worker,shall,False,active,plain,obligation,obligation,True,1.0,benefits,True,
columbus_city_schools__columbus_education_association_2022_2025__071387d0,Columbus_Education_Association_2022-2025.pdf,Columbus City Schools,192,such third party shall be mutually selected.,such third party,other,worker,shall,False,passive,plain,obligation,obligation,True,1.0,discipline,True,Implicit agent refers to the contracting parties.
columbus_city_schools__columbus_education_association_2022_2025__071387d0,Columbus_Education_Association_2022-2025.pdf,Columbus City Schools,192,it shall be the tutor’s responsibility to submit the required amount to the Board’s Treasurer by the first of each month of coverage.,it,other,management,shall,False,active,obligation_verb,obligation,obligation,True,1.0,compensation,True,Dummy subject 'it'; operative duty falls on the tutor.
columbus_city_schools__columbus_education_association_2022_2025__071387d0,Columbus_Education_Association_2022-2025.pdf,Columbus City Schools,192,"The Reform Panel will continue to assist schools in removing barriers to school reform through careful consideration of variances from state law, board policy, contract provisions, and administrative practice.",The Reform Panel,other,management,will,False,active,plain,obligation,obligation,True,0.9,other,True,
columbus_city_schools__columbus_education_association_2022_2025__071387d0,Columbus_Education_Association_2022-2025.pdf,Columbus City Schools,192,A joint CEA/Board committee will be formed to examine teacher inservice needs and recommend strategies to meet those needs.,A joint CEA/Board committee,other,worker,will,False,passive,plain,obligation,obligation,True,0.9,professional_development,True,
columbus_city_schools__columbus_education_association_2022_2025__071387d0,Columbus_Education_Association_2022-2025.pdf,Columbus City Schools,192,"This examination will include a review of the effectiveness of inservice opportunities currently provided through early release, substitute teacher coverage, and voluntary paid and unpaid evening and summer programs.",This examination,other,worker,will,False,active,plain,obligation,obligation,True,0.9,professional_development,True,
columbus_city_schools__columbus_education_association_2022_2025__071387d0,Columbus_Education_Association_2022-2025.pdf,Columbus City Schools,192,Recommended strategies may include the addition of one or more teacher inservice days to the school calendar and inservices outside the teacher workday that teachers are required to attend.,Recommended strategies,other,management,may,False,active,plain,permission,permission,True,0.3,professional_development,True,
columbus_city_schools__columbus_education_association_2022_2025__071387d0,Columbus_Education_Association_2022-2025.pdf,Columbus City Schools,192,The current Notification of Eligibility for Continuing Contract form will be modified to reflect a March 1 application deadline.,The current Notification of Eligibility for Continuing Contract form,management,worker,will,False,passive,plain,obligation,obligation,True,0.9,job_security,True,
columbus_city_schools__columbus_education_association_2022_2025__071387d0,Columbus_Education_Association_2022-2025.pdf,Columbus City Schools,192,"The Board will adjust the Comprehensive Major Medical Insurance Program to include coverage for one (1) routine mammogram per year at the usual, customary and reasonable charge.",The Board,management,worker,will,False,active,plain,obligation,obligation,True,0.9,benefits,True,
columbus_city_schools__columbus_education_association_2022_2025__071387d0,Columbus_Education_Association_2022-2025.pdf,Columbus City Schools,192,The next revision of the Major Medical Program Benefits Handbook will reflect such change.,The next revision of the Major Medical Program Benefits Handbook,other,worker,will,False,active,plain,obligation,obligation,True,0.9,benefits,True,
columbus_city_schools__columbus_education_association_2022_2025__071387d0,Columbus_Education_Association_2022-2025.pdf,Columbus City Schools,193,"A joint CEA/Board committee will be formed to develop guidelines, review the system’s practices, continuation, and/or expansion plans in the utilization of distance education through telecommunications and multimedia technology.",A joint CEA/Board committee,other,worker,will,False,passive,plain,obligation,obligation,True,0.9,other,True,
columbus_city_schools__columbus_education_association_2022_2025__071387d0,Columbus_Education_Association_2022-2025.pdf,Columbus City Schools,193,A joint CEA/Board committee will mutually develop a more clearly defined progressive discipline process for teachers.,A joint CEA/Board committee,other,worker,will,False,active,plain,obligation,obligation,True,0.9,discipline,True,
columbus_city_schools__columbus_education_association_2022_2025__071387d0,Columbus_Education_Association_2022-2025.pdf,Columbus City Schools,193,This process may include a variety of options.,This process,other,management,may,False,active,plain,permission,permission,True,0.3,discipline,True,
columbus_city_schools__columbus_education_association_2022_2025__071387d0,Columbus_Education_Association_2022-2025.pdf,Columbus City Schools,193,Any additional disciplinary option shall meet the test of just cause,Any additional disciplinary option,other,worker,shall,False,active,plain,obligation,obligation,True,1.0,discipline,True,
columbus_city_schools__columbus_education_association_2022_2025__071387d0,Columbus_Education_Association_2022-2025.pdf,Columbus City Schools,193,Any additional disciplinary option shall not be arbitrarily or capriciously applied.,Any additional disciplinary option,other,worker,shall,True,passive,prohibition_verb,permission,prohibition,False,1.0,discipline,True,
columbus_city_schools__columbus_education_association_2022_2025__071387d0,Columbus_Education_Association_2022-2025.pdf,Columbus City Schools,193,"Neither party nor their members, employees or agents may file an unfair labor practice charge, grievance, or complaint of any kind based on an alleged failure to implement an alternative education program under Section 208.11 or a revised evaluation process under Section 401.02.","Neither party nor their members, employees or agents",other,management,may,True,active,prohibition_verb,permission,prohibition,False,0.3,discipline,True,
columbus_city_schools__columbus_education_association_2022_2025__071387d0,Columbus_Education_Association_2022-2025.pdf,Columbus City Schools,193,The CEA President and the Superintendent agree to fully support these efforts through the timely appointment and providing of resources to committees working on these tasks.,The CEA President and the Superintendent,other,worker,,False,active,plain,other,other,True,0.0,other,True,
columbus_city_schools__columbus_education_association_2022_2025__071387d0,Columbus_Education_Association_2022-2025.pdf,Columbus City Schools,193,"The parties will establish a joint committee to study and, if deemed appropriate by a consensus of the committee, make recommendations to the Superintendent and the President of the Association with respect to student discipline in middle schools.",The parties,other,worker,will,False,active,plain,obligation,obligation,True,0.9,discipline,True,
columbus_city_schools__columbus_education_association_2022_2025__071387d0,Columbus_Education_Association_2022-2025.pdf,Columbus City Schools,193,The Superintendent/ designee will modify the assignment of the dean of students in middle schools where deemed appropriate to in-school discipline duties.,The Superintendent/ designee,management,management,will,False,active,plain,obligation,obligation,True,0.9,discipline,True,
columbus_city_schools__columbus_education_association_2022_2025__071387d0,Columbus_Education_Association_2022-2025.pdf,Columbus City Schools,194,The parties agree to refer the following two issues to their Labor-Management Committee: the class load for related services staff; and the impact of the State’s biennial budget for 2009– 10 and 2010–11 after enactment.,The parties,other,worker,,False,active,plain,other,other,True,0.0,class_size,True,
columbus_city_schools__columbus_education_association_2022_2025__071387d0,Columbus_Education_Association_2022-2025.pdf,Columbus City Schools,194,The District’s Human Resources office is committed to using its best efforts to cover class time during professional development for teachers,The District’s Human Resources office,management,worker,,False,active,plain,other,other,True,0.0,professional_development,True,
columbus_city_schools__columbus_education_association_2022_2025__071387d0,Columbus_Education_Association_2022-2025.pdf,Columbus City Schools,194,will consider reinstating employment of “super-substitutes.”,[The District’s Human Resources office],management,worker,will,False,active,plain,obligation,obligation,True,0.9,job_security,True,
columbus_city_schools__columbus_education_association_2022_2025__071387d0,Columbus_Education_Association_2022-2025.pdf,Columbus City Schools,194,"With respect to the quarterly diagnostic tests, the Association’s representatives on the Testing and Assessment Committee may participate in the review of Requests for Proposals/Requests for Quotations submitted by testing or assessment providers.",the Association’s representatives on the Testing and Assessment Committee,worker,worker,may,False,active,plain,permission,permission,True,0.3,other,True,
columbus_city_schools__columbus_education_association_2022_2025__071387d0,Columbus_Education_Association_2022-2025.pdf,Columbus City Schools,194,"The Board/CEA Master Agreement, Article 202 establishes a five-member Association Building Council (ABC) for each school to be organized during the first month of the school year","The Board/CEA Master Agreement, Article 202",other,worker,,False,active,plain,other,other,True,0.0,other,True,
columbus_city_schools__columbus_education_association_2022_2025__071387d0,Columbus_Education_Association_2022-2025.pdf,Columbus City Schools,194,two are elected,two,management,worker,,False,passive,plain,other,other,True,0.0,other,True,Implicit agent: management
columbus_city_schools__columbus_education_association_2022_2025__071387d0,Columbus_Education_Association_2022-2025.pdf,Columbus City Schools,194,two are appointed by the principal,two,management,management,,False,passive,plain,other,other,True,0.0,other,True,
columbus_city_schools__columbus_education_association_2022_2025__071387d0,Columbus_Education_Association_2022-2025.pdf,Columbus City Schools,194,Members of the Association Building Council should assume the responsibility of verbalizing the function and concept of the Association Building Council bearing in mind:,Members of the Association Building Council,worker,management,should,False,active,plain,obligation,obligation,True,0.7,other,True,
columbus_city_schools__columbus_education_association_2022_2025__071387d0,Columbus_Education_Association_2022-2025.pdf,Columbus City Schools,194,Council members serve by consent only for a period of one year;,Council members,worker,management,,False,active,plain,other,other,True,0.0,other,True,
columbus_city_schools__columbus_education_association_2022_2025__071387d0,Columbus_Education_Association_2022-2025.pdf,Columbus City Schools,194,Council members have the opportunity to encourage teachers to present their problems or concerns;,Council members,worker,worker,,False,active,plain,other,permission,False,0.0,other,True,
columbus_city_schools__columbus_education_association_2022_2025__071387d0,Columbus_Education_Association_2022-2025.pdf,Columbus City Schools,194,Council members should be knowledgeable of the areas of the Agreement which relate to the function of the Association Building Council;,Council members,worker,management,should,False,active,plain,obligation,obligation,True,0.7,other,True,
columbus_city_schools__columbus_education_association_2022_2025__071387d0,Columbus_Education_Association_2022-2025.pdf,Columbus City Schools,194,Council members should review each of them.,Council members,worker,management,should,False,active,plain,obligation,obligation,True,0.7,other,True,
columbus_city_schools__columbus_education_association_2022_2025__071387d0,Columbus_Education_Association_2022-2025.pdf,Columbus City Schools,194,"Each school or CEA Association unit shall have an Association Building Council (ABC) to be organized during the first month of the school year, consisting of not less tha",Each school or CEA Association unit,management,worker,shall,False,active,plain,obligation,obligation,True,1.0,other,True,Truncated at end of chunk.
columbus_city_schools__columbus_education_association_2022_2025__071387d0,Columbus_Education_Association_2022-2025.pdf,Columbus City Schools,195,which will meet with the principal and members of the staff at least once a month.,which,worker,worker,will,False,active,plain,obligation,obligation,True,0.9,other,True,
columbus_city_schools__columbus_education_association_2022_2025__071387d0,Columbus_Education_Association_2022-2025.pdf,Columbus City Schools,195,the remaining two members of the ABC shall be appointed by the principal.,the remaining two members of the ABC,management,management,shall,False,passive,rights_passive,right,right,True,1.0,other,True,
columbus_city_schools__columbus_education_association_2022_2025__071387d0,Columbus_Education_Association_2022-2025.pdf,Columbus City Schools,195,The Association Building Council shall be advisory only,The Association Building Council,worker,management,shall,False,active,plain,obligation,obligation,True,1.0,other,True,
columbus_city_schools__columbus_education_association_2022_2025__071387d0,Columbus_Education_Association_2022-2025.pdf,Columbus City Schools,195,and is intended to assist the principal and the school staff in developing policies and programs for the school involved.,The Association Building Council,worker,management,,False,active,plain,other,other,True,0.0,other,True,Implied subject.
columbus_city_schools__columbus_education_association_2022_2025__071387d0,Columbus_Education_Association_2022-2025.pdf,Columbus City Schools,195,The length of the ABC chairperson’s report is to be no more than five (5) single-spaced type-written pages,The length of the ABC chairperson’s report,other,management,,False,active,plain,other,prohibition,False,0.0,other,True,Affirmative ceiling per extraction rules.
columbus_city_schools__columbus_education_association_2022_2025__071387d0,Columbus_Education_Association_2022-2025.pdf,Columbus City Schools,195,and shall have the right to speak to the ABC on an item which the staff member has initiated,Each professional staff member,worker,worker,shall,False,active,rights_active,right,right,True,1.0,teacher_rights_and_conduct,True,Implied subject.
columbus_city_schools__columbus_education_association_2022_2025__071387d0,Columbus_Education_Association_2022-2025.pdf,Columbus City Schools,196,a majority of the ABC may declare executive session,a majority of the ABC,worker,worker,may,False,active,plain,permission,permission,True,0.3,other,True,
columbus_city_schools__columbus_education_association_2022_2025__071387d0,Columbus_Education_Association_2022-2025.pdf,Columbus City Schools,196,"teachers shall be provided lunch periods, conference periods, and other released-time periods stipulated by this Agreement for various assignments equal in minutes per week to those periods provided teachers in schools on typical schedules",teachers,management,worker,shall,False,passive,rights_passive,right,obligation,False,1.0,workload,True,
columbus_city_schools__columbus_education_association_2022_2025__071387d0,Columbus_Education_Association_2022-2025.pdf,Columbus City Schools,196,Nothing in this provision shall prohibit the Board from developing innovative programs and schedules in certain schools,Nothing in this provision,other,management,shall,True,active,plain,prohibition,other,False,1.0,other,True,inanimate subject
columbus_city_schools__columbus_education_association_2022_2025__071387d0,Columbus_Education_Association_2022-2025.pdf,Columbus City Schools,196,"the staff in such a school, by secret ballot, votes approval of such innovation",the staff in such a school,worker,worker,,False,active,plain,other,other,True,0.0,other,True,conditional clause
columbus_city_schools__columbus_education_association_2022_2025__071387d0,Columbus_Education_Association_2022-2025.pdf,Columbus City Schools,196,no teacher is required to work in excess of the provisions of Section 204.04 above,no teacher,management,worker,,True,passive,obligation_verb,right,right,True,0.85,workload,True,
columbus_city_schools__columbus_education_association_2022_2025__071387d0,Columbus_Education_Association_2022-2025.pdf,Columbus City Schools,196,no teacher is required to work in excess of the teacher’s regular contract year,no teacher,management,worker,,True,passive,obligation_verb,right,right,True,0.85,workload,True,
columbus_city_schools__columbus_education_association_2022_2025__071387d0,Columbus_Education_Association_2022-2025.pdf,Columbus City Schools,196,the Association Building Council shall study the proposed innovative programs,the Association Building Council,worker,management,shall,False,active,plain,obligation,obligation,True,1.0,other,True,
columbus_city_schools__columbus_education_association_2022_2025__071387d0,Columbus_Education_Association_2022-2025.pdf,Columbus City Schools,196,shall make recommendations to the staff,Association Building Council,worker,management,shall,False,active,plain,obligation,obligation,True,1.0,other,True,subject implied from previous clause
columbus_city_schools__columbus_education_association_2022_2025__071387d0,Columbus_Education_Association_2022-2025.pdf,Columbus City Schools,196,The lunch schedule shall be developed (if possible) by agreement between the principal and the Association Building Council,The lunch schedule,management,worker,shall,False,passive,plain,obligation,obligation,True,1.0,workload,True,
columbus_city_schools__columbus_education_association_2022_2025__071387d0,Columbus_Education_Association_2022-2025.pdf,Columbus City Schools,196,the final determination shall be made by the principal,the final determination,management,management,shall,False,passive,plain,obligation,obligation,True,1.0,other,True,
columbus_city_schools__columbus_education_association_2022_2025__071387d0,Columbus_Education_Association_2022-2025.pdf,Columbus City Schools,196,"No elementary teacher shall be deprived of at least a thirty (30) minute uninterrupted, duty-free lunch period, in the context of a sixty (60) minute student lunch period",No elementary teacher,management,worker,shall,True,passive,rights_passive,other,prohibition,False,0.0,workload,True,
columbus_city_schools__columbus_education_association_2022_2025__071387d0,Columbus_Education_Association_2022-2025.pdf,Columbus City Schools,196,"the principal, in consultation with the Association Building Council, may schedule two (2) forty-five (45) minute building level staff meetings per month and/or extend one (1) required building level staff/in-service meeting per month a maximum of thirty (30) minutes beyond the limitations in 205.01 above for purposes of staff development",the principal,management,management,may,False,active,plain,permission,permission,True,0.3,professional_development,True,
columbus_city_schools__columbus_education_association_2022_2025__071387d0,Columbus_Education_Association_2022-2025.pdf,Columbus City Schools,196,Attendance at such additional meetings or extension will be voluntary,Attendance at such additional meetings or extension,other,worker,will,False,passive,plain,obligation,other,False,0.9,workload,True,
columbus_city_schools__columbus_education_association_2022_2025__071387d0,Columbus_Education_Association_2022-2025.pdf,Columbus City Schools,196,a majority of the staff has voted by secret ballot to require attendance at a particular meeting,a majority of the staff,worker,worker,,False,active,plain,other,other,True,0.0,other,True,
columbus_city_schools__columbus_education_association_2022_2025__071387d0,Columbus_Education_Association_2022-2025.pdf,Columbus City Schools,196,the Association Building Council shall assist the principal in developing the program and agenda,the Association Building Council,worker,management,shall,False,active,plain,obligation,obligation,True,1.0,other,True,
columbus_city_schools__columbus_education_association_2022_2025__071387d0,Columbus_Education_Association_2022-2025.pdf,Columbus City Schools,196,Teachers shall be permitted to have coffee-making devices and coffee and soft drink vending machines in the teachers’ lounges as space permits,Teachers,management,worker,shall,False,passive,permission_verb,permission,permission,True,1.0,safety_and_working_conditions,True,
columbus_city_schools__columbus_education_association_2022_2025__071387d0,Columbus_Education_Association_2022-2025.pdf,Columbus City Schools,196,"Teachers shall be permitted to have efficiency-type ranges, microwave ovens and refrigerators in teachers’ lounges as space and the availability of utilities permit",Teachers,management,worker,shall,False,passive,permission_verb,permission,permission,True,1.0,safety_and_working_conditions,True,
columbus_city_schools__columbus_education_association_2022_2025__071387d0,Columbus_Education_Association_2022-2025.pdf,Columbus City Schools,196,All such devices and equipment shall be maintained by the faculty,All such devices and equipment,worker,management,shall,False,passive,plain,obligation,obligation,True,1.0,safety_and_working_conditions,True,
columbus_city_schools__columbus_education_association_2022_2025__071387d0,Columbus_Education_Association_2022-2025.pdf,Columbus City Schools,197,"and shall not be required to prepare food, clean tables or perform other significant custodial chores in connection with the lunch programs.",Teachers,worker,worker,shall,True,passive,obligation_verb,right,right,True,1.0,workload,True,Subject carried over from preceding clause.
columbus_city_schools__columbus_education_association_2022_2025__071387d0,Columbus_Education_Association_2022-2025.pdf,Columbus City Schools,197,The expenditure of any profits realized from the above-mentioned vending machines shall be in accordance with guidelines established by the principal in consultation with the Association Building Council where the development of such guidelines are requested by the Association Building Council.,The expenditure of any profits realized from the above-mentioned vending machines,other,management,shall,False,active,plain,obligation,obligation,True,1.0,other,True,Inanimate subject.
columbus_city_schools__columbus_education_association_2022_2025__071387d0,Columbus_Education_Association_2022-2025.pdf,Columbus City Schools,197,Such telephones may not be locked during the normal school day or teachers otherwise unreasonably inconvenienced in their use.,Such telephones,management,worker,may,True,passive,plain,prohibition,prohibition,True,0.3,safety_and_working_conditions,True,
columbus_city_schools__columbus_education_association_2022_2025__071387d0,Columbus_Education_Association_2022-2025.pdf,Columbus City Schools,197,The expenditure of any profits received from fund-raising projects for a school’s General Fund in which teachers were directly involved may be considered by the Association Building Council with appropriate recommendations to the principal.,The expenditure of any profits received from fund-raising projects for a school’s General Fund in which teachers were directly involved,worker,worker,may,False,passive,plain,permission,permission,True,0.3,other,True,
columbus_city_schools__columbus_education_association_2022_2025__071387d0,Columbus_Education_Association_2022-2025.pdf,Columbus City Schools,198,"The principal, in consultation with his/her Association Building Council, will establish procedures for the administration of all forms of discipline within the school.",The principal,management,management,will,False,active,plain,obligation,obligation,True,0.9,discipline,True,
columbus_city_schools__columbus_education_association_2022_2025__071387d0,Columbus_Education_Association_2022-2025.pdf,Columbus City Schools,198,Written building discipline plans shall be in place at the beginning of the school year.,Written building discipline plans,management,management,shall,False,active,obligation_verb,obligation,obligation,True,1.0,discipline,True,
columbus_city_schools__columbus_education_association_2022_2025__071387d0,Columbus_Education_Association_2022-2025.pdf,Columbus City Schools,198,such failure must first be brought to the principal’s attention in writing at least ten (10) calendar days before the grievance is filed in order for the principal to develop or finalize a building plan.,such failure,worker,management,must,False,passive,obligation_verb,obligation,obligation,True,1.0,discipline,True,Implicit agent is the worker/union based on grievance context.
columbus_city_schools__columbus_education_association_2022_2025__071387d0,Columbus_Education_Association_2022-2025.pdf,Columbus City Schools,198,"Nothing in this paragraph shall be interpreted as a restriction on the right of the Board or Superintendent to establish future policy or guidelines related to disciplinary procedures, provided such right is exercised without specific violation of this Agreement or law.",Nothing in this paragraph,other,management,shall,True,passive,plain,prohibition,prohibition,True,1.0,discipline,True,Interpretive clause.
columbus_city_schools__columbus_education_association_2022_2025__071387d0,Columbus_Education_Association_2022-2025.pdf,Columbus City Schools,199,The interview/selection panel can utilize subcommittees or delegate any of its responsibilities.,The interview/selection panel,other,management,can,False,active,plain,permission,permission,True,0.3,job_security,True,
columbus_city_schools__columbus_education_association_2022_2025__071387d0,Columbus_Education_Association_2022-2025.pdf,Columbus City Schools,199,Such training shall remain valid until the parties jointly make significant changes in the Article 211 process.,Such training,other,worker,shall,False,active,plain,obligation,obligation,True,1.0,professional_development,True,
columbus_city_schools__columbus_education_association_2022_2025__071387d0,Columbus_Education_Association_2022-2025.pdf,Columbus City Schools,199,"In the case of assignments to multiple buildings and/or city-wide programs, a similarly constituted interview/ selection panel shall be created.",a similarly constituted interview/ selection panel,other,management,shall,False,passive,plain,obligation,obligation,True,1.0,job_security,True,
columbus_city_schools__columbus_education_association_2022_2025__071387d0,Columbus_Education_Association_2022-2025.pdf,Columbus City Schools,199,The joint committee shall implement any procedu,The joint committee,other,management,shall,False,active,obligation_verb,obligation,obligation,True,1.0,other,True,Truncated at end of chunk.
columbus_city_schools__columbus_education_association_2022_2025__071387d0,Columbus_Education_Association_2022-2025.pdf,Columbus City Schools,200,the person or entity must file a written complaint within ten (10) calendar days of the occurrence.,the person or entity,other,management,must,False,active,plain,obligation,obligation,True,1.0,discipline,True,
columbus_city_schools__columbus_education_association_2022_2025__071387d0,Columbus_Education_Association_2022-2025.pdf,Columbus City Schools,200,and must set forth a specific description of the complaint and the facts surrounding the process to which the complaint is addressed.,The complaint,other,management,must,False,active,plain,obligation,obligation,True,1.0,discipline,True,
columbus_city_schools__columbus_education_association_2022_2025__071387d0,Columbus_Education_Association_2022-2025.pdf,Columbus City Schools,200,The conciliator will hold an informal hearing,The conciliator,other,worker,will,False,active,plain,obligation,obligation,True,0.9,discipline,True,
columbus_city_schools__columbus_education_association_2022_2025__071387d0,Columbus_Education_Association_2022-2025.pdf,Columbus City Schools,201,each elementary school staff shall conduct a written ballot to determine whether there shall be one (1) or two (2) fifteen- (15) minute recesses per day for the following school year.,each elementary school staff,worker,worker,shall,False,active,plain,obligation,obligation,True,1.0,safety_and_working_conditions,True,
columbus_city_schools__columbus_education_association_2022_2025__071387d0,Columbus_Education_Association_2022-2025.pdf,Columbus City Schools,201,a written ballot will be conducted as described above.,a written ballot,management,worker,will,False,passive,plain,obligation,obligation,True,0.9,safety_and_working_conditions,True,
columbus_city_schools__columbus_education_association_2022_2025__071387d0,Columbus_Education_Association_2022-2025.pdf,Columbus City Schools,201,"During the 1997–1998 school year, a joint committee will review the current building survey and make recommendations, if any, to the parties.",a joint committee,other,worker,will,False,active,plain,obligation,obligation,True,0.9,safety_and_working_conditions,True,
columbus_city_schools__columbus_education_association_2022_2025__071387d0,Columbus_Education_Association_2022-2025.pdf,Columbus City Schools,202,"In addition to the system-wide guidelines established by the Board, guidelines, written job descriptions and the assignment of instructional assistants to provide assistance to teachers, nurses, librarians and other school personnel will be established in each school building by the principal with the advice of the local Association Building Council.","guidelines, written job descriptions and the assignment of instructional assistants to provide assistance to teachers, nurses, librarians and other school personnel",management,management,will,False,passive,plain,obligation,obligation,True,0.9,other,True,
columbus_city_schools__columbus_education_association_2022_2025__071387d0,Columbus_Education_Association_2022-2025.pdf,Columbus City Schools,202,An Association Building Council shall be established for the administrator of Nursing Services in the same manner and to function with the same responsibilities and constraints as are set forth for the Association Building Council in Article 202 of this Agreement.,An Association Building Council,other,worker,shall,False,passive,plain,obligation,obligation,True,1.0,other,True,
columbus_city_schools__columbus_education_association_2022_2025__071387d0,Columbus_Education_Association_2022-2025.pdf,Columbus City Schools,202,the Association Building Council shall continue to perform the duties and functions of the ABC as provided in this Agreement,the Association Building Council,worker,worker,shall,False,active,plain,obligation,obligation,True,1.0,other,True,
columbus_city_schools__columbus_education_association_2022_2025__071387d0,Columbus_Education_Association_2022-2025.pdf,Columbus City Schools,203,"Instructional assistants assigned to a teacher to assist in the supervision of children shall, when the teacher is not immediately present, maintain the degree of control and discipline which would be maintained by that teacher.",Instructional assistants assigned to a teacher to assist in the supervision of children,worker,management,shall,False,active,plain,obligation,obligation,True,1.0,discipline,True,
columbus_city_schools__columbus_education_association_2022_2025__071387d0,Columbus_Education_Association_2022-2025.pdf,Columbus City Schools,203,"However, an educational aide may not render corporal punishment.",an educational aide,worker,management,may,True,active,plain,prohibition,prohibition,True,0.3,teacher_rights_and_conduct,True,
columbus_city_schools__columbus_education_association_2022_2025__071387d0,Columbus_Education_Association_2022-2025.pdf,Columbus City Schools,203,The activity of an instructional assistant shall at all times be under the direction and supervision of the teacher to whom assigned.,The activity of an instructional assistant,other,management,shall,False,active,plain,obligation,obligation,True,1.0,safety_and_working_conditions,True,Inanimate subject; acting_party set to other per guidelines.
columbus_city_schools__columbus_education_association_2022_2025__071387d0,Columbus_Education_Association_2022-2025.pdf,Columbus City Schools,203,"In the event an instructional assistant is assigned to assist more than one teacher, the assignment shall be clearly delineated and so arranged that the instructional assistant shall never be subject to simultaneous supervision or direction by more than one teacher.",the assignment,other,worker,shall,False,active,plain,obligation,obligation,True,1.0,safety_and_working_conditions,True,Inanimate subject; acting_party set to other per guidelines.
columbus_city_schools__columbus_education_association_2022_2025__071387d0,Columbus_Education_Association_2022-2025.pdf,Columbus City Schools,203,"Instructional assistants shall have all rights, benefits and legal protection available to other non-certificated employees",Instructional assistants,worker,worker,shall,False,active,plain,obligation,right,False,1.0,benefits,True,First of two independent clauses joined by 'and'.
columbus_city_schools__columbus_education_association_2022_2025__071387d0,Columbus_Education_Association_2022-2025.pdf,Columbus City Schools,203,and shall be members of the School Employees Retirement System.,Instructional assistants,worker,worker,shall,False,active,plain,obligation,obligation,True,1.0,benefits,True,Second independent clause; subject implied from prior clause.
columbus_city_schools__columbus_education_association_2022_2025__071387d0,Columbus_Education_Association_2022-2025.pdf,Columbus City Schools,203,Instructional assistants shall be compensated according to a salary plan adopted annually by the Board.,Instructional assistants,management,worker,shall,False,passive,rights_passive,right,obligation,False,1.0,compensation,True,Passive construction; implicit/expressed agent is management (the Board).
columbus_city_schools__columbus_education_association_2022_2025__071387d0,Columbus_Education_Association_2022-2025.pdf,Columbus City Schools,203,"No person who is, or who has been employed as an instructional assistant shall divulge, except to the teacher to whom assigned, or the administrator of the school in the absence of the teacher to whom assigned, or when required to testify in a court of proceeding, any personal information concerning any pupil in the school district which was obtained or obtainable by the instructional assistant while so employed.","No person who is, or who has been employed as an instructional assistant",worker,management,shall,True,active,plain,prohibition,prohibition,True,1.0,teacher_rights_and_conduct,True,Subject quantifier 'No' triggers negation flag.
columbus_city_schools__columbus_education_association_2022_2025__071387d0,Columbus_Education_Association_2022-2025.pdf,Columbus City Schools,203,A continuing evaluation procedure will be used to insure that both the professional and the aide are having needs met and description fulfilled.,A continuing evaluation procedure,other,management,will,False,passive,plain,obligation,obligation,True,0.9,evaluation,True,Inanimate subject; acting_party set to other per guidelines.
columbus_city_schools__columbus_education_association_2022_2025__071387d0,Columbus_Education_Association_2022-2025.pdf,Columbus City Schools,204,"Total responsibility for the employment, assignment, and/or the release from duty of instructional assistants shall rest with the local school administrator.","Total responsibility for the employment, assignment, and/or the release from duty of instructional assistants",management,management,shall,False,active,plain,obligation,obligation,True,1.0,other,True,
columbus_city_schools__columbus_education_association_2022_2025__071387d0,Columbus_Education_Association_2022-2025.pdf,Columbus City Schools,204,The responsibility for the allocation of instructional assistants shall rest with the Division of Administration.,The responsibility for the allocation of instructional assistants,management,management,shall,False,active,plain,obligation,obligation,True,1.0,other,True,
columbus_city_schools__columbus_education_association_2022_2025__071387d0,Columbus_Education_Association_2022-2025.pdf,Columbus City Schools,204,The responsibility for the processing of records and personal data of the instructional assistant shall rest with the Division of Administration.,The responsibility for the processing of records and personal data of the instructional assistant,management,management,shall,False,active,plain,obligation,obligation,True,1.0,other,True,
columbus_city_schools__columbus_education_association_2022_2025__071387d0,Columbus_Education_Association_2022-2025.pdf,Columbus City Schools,204,The responsibility for the processing of certification for the instructional assistant shall rest with the Division of Human Resources.,The responsibility for the processing of certification for the instructional assistant,management,management,shall,False,active,plain,obligation,obligation,True,1.0,other,True,
columbus_city_schools__columbus_education_association_2022_2025__071387d0,Columbus_Education_Association_2022-2025.pdf,Columbus City Schools,204,"Following the determination of the assignment and general job description of an instructional assistant and subject to supervision by the teacher’s immediate administrative office, a teacher to whom an instructional assistant is assigned shall make all final determinations of the duties to be assigned to such aide.",a teacher to whom an instructional assistant is assigned,worker,management,shall,False,active,plain,obligation,obligation,True,1.0,other,True,Contains introductory prepositional phrases
columbus_city_schools__columbus_education_association_2022_2025__071387d0,Columbus_Education_Association_2022-2025.pdf,Columbus City Schools,204,The instructional assistant shall work under the supervision of the building principal and under the direction of the classroom teacher or librarian to whom assigned.,The instructional assistant,worker,management,shall,False,active,plain,obligation,obligation,True,1.0,teacher_rights_and_conduct,True,
columbus_city_schools__columbus_education_association_2022_2025__071387d0,Columbus_Education_Association_2022-2025.pdf,Columbus City Schools,204,The duties of an instructional assistant need not be performed in the physical presence of the teacher to whom assigned,The duties of an instructional assistant,management,worker,need,True,passive,plain,prohibition,permission,False,0.7,workload,True,
columbus_city_schools__columbus_education_association_2022_2025__071387d0,Columbus_Education_Association_2022-2025.pdf,Columbus City Schools,204,the activity of an instructional assistant shall at times be under the direction of the teacher to whom assigned.,the activity of an instructional assistant,management,management,shall,False,passive,plain,obligation,obligation,True,1.0,other,True,
columbus_city_schools__columbus_education_association_2022_2025__071387d0,Columbus_Education_Association_2022-2025.pdf,Columbus City Schools,204,Assistants should meet the same health requirements as applied to other school employees.,Assistants,worker,management,should,False,active,plain,obligation,obligation,True,0.7,safety_and_working_conditions,True,
columbus_city_schools__columbus_education_association_2022_2025__071387d0,Columbus_Education_Association_2022-2025.pdf,Columbus City Schools,209,"The Board does hereby enter into a Limited Contract with the Employee for the period commencing <Date>, and ending on <Date>, for the number of days established by the program work schedule",The Board,management,management,,False,active,plain,other,other,True,0.0,other,True,
columbus_city_schools__columbus_education_association_2022_2025__071387d0,Columbus_Education_Association_2022-2025.pdf,Columbus City Schools,209,and fixes the hourly rate of pay of the Employee at <Hourly Rate> per hour.,The Board,management,management,,False,active,plain,other,other,True,0.0,compensation,True,
columbus_city_schools__columbus_education_association_2022_2025__071387d0,Columbus_Education_Association_2022-2025.pdf,Columbus City Schools,209,The salary will be paid in accordance with salary schedules adopted by the Board and in effect at the time service is performed,The salary,management,worker,will,False,passive,rights_passive,right,obligation,False,0.9,compensation,True,
columbus_city_schools__columbus_education_association_2022_2025__071387d0,Columbus_Education_Association_2022-2025.pdf,Columbus City Schools,209,and will be only for services actually performed.,The salary,other,management,will,False,active,plain,obligation,obligation,True,0.9,compensation,True,
columbus_city_schools__columbus_education_association_2022_2025__071387d0,Columbus_Education_Association_2022-2025.pdf,Columbus City Schools,209,"The appointment made hereby is subject to the right to reassign the Employee whenever the good of the service may require, subject to the terms of the Master Agreement between the Board of Education and the Columbus Education Association.",The appointment made hereby,other,management,may,False,active,plain,permission,permission,True,0.3,other,True,
columbus_city_schools__columbus_education_association_2022_2025__071387d0,Columbus_Education_Association_2022-2025.pdf,Columbus City Schools,209,"The Employee agrees to serve the Board of Education of the City School District of Columbus, Ohio, for the aforesaid period",The Employee,worker,management,,False,active,plain,other,obligation,False,0.0,other,True,
columbus_city_schools__columbus_education_association_2022_2025__071387d0,Columbus_Education_Association_2022-2025.pdf,Columbus City Schools,209,and further agrees to abide by the rules and regulations of the Board now in effect and such rules and regulations as may be amended or adopted during the term of this contract,The Employee,worker,management,may,False,active,plain,permission,obligation,False,0.3,teacher_rights_and_conduct,True,
columbus_city_schools__columbus_education_association_2022_2025__071387d0,Columbus_Education_Association_2022-2025.pdf,Columbus City Schools,209,"Subject to the provisions of Sections 904.07 and 704.03 and Article 401 of the aforementioned Master Agreement, this contract shall be deemed renewed for a like term at the negotiated salary unless, on or before a date that is ninety (90) calendar days before the ending date of such contract, the Board gives the full-time hourly professional employee employed thereunder written notice of its intention not to renew same.",this contract,other,worker,shall,False,passive,plain,obligation,obligation,True,1.0,job_security,True,
columbus_city_schools__columbus_education_association_2022_2025__071387d0,Columbus_Education_Association_2022-2025.pdf,Columbus City Schools,209,The Employee hereby states the following as material representations inducing the Board to enter into this contract,The Employee,worker,management,,False,active,plain,other,other,True,0.0,other,True,
columbus_city_schools__columbus_education_association_2022_2025__071387d0,Columbus_Education_Association_2022-2025.pdf,Columbus City Schools,209,and agrees to provide acceptable proof of same prior to commencing service under this contract unless otherwise provided:,The Employee,worker,management,,False,active,plain,other,obligation,False,0.0,other,True,
columbus_city_schools__columbus_education_association_2022_2025__071387d0,Columbus_Education_Association_2022-2025.pdf,Columbus City Schools,211,The Board does hereby enter into a Limited Contract with the Teacher for the school year 2022-2023 consisting of 195 days as provided in the Master Agreement between the Board and the Columbus Education Association,The Board,management,management,,False,active,plain,other,other,True,0.0,other,True,
columbus_city_schools__columbus_education_association_2022_2025__071387d0,Columbus_Education_Association_2022-2025.pdf,Columbus City Schools,211,"fixes the salary of the Teacher at the rate of <Annual Salary> (<FTE> FTE) per year, or a proportional part of this sum for such portion of the year served, in accordance with the salary schedule set forth in the aforementioned Master Agreement as it exists or as it may be amended during the duration of this contract.",The Board,management,worker,may,False,active,plain,permission,other,False,0.3,compensation,True,
columbus_city_schools__columbus_education_association_2022_2025__071387d0,Columbus_Education_Association_2022-2025.pdf,Columbus City Schools,211,Payment shall be made in accordance with one of the pay plans prescribed by the Board as selected by the Teacher.,Payment,worker,worker,shall,False,passive,plain,obligation,obligation,True,1.0,compensation,True,
columbus_city_schools__columbus_education_association_2022_2025__071387d0,Columbus_Education_Association_2022-2025.pdf,Columbus City Schools,211,The Teacher agrees to teach in the service of the Board for the aforesaid school year,The Teacher,worker,management,,False,active,obligation_verb,obligation,obligation,True,0.85,other,True,
columbus_city_schools__columbus_education_association_2022_2025__071387d0,Columbus_Education_Association_2022-2025.pdf,Columbus City Schools,211,"further agrees to abide by the rules and regulations of the Board now in effect and such rules and regulations as may be amended or adopted during the term of this contract, subject to the terms of the Master Agreement between the Board and the Columbus Education Association.",The Teacher,worker,management,may,False,active,obligation_verb,obligation,obligation,True,0.3,teacher_rights_and_conduct,True,
columbus_city_schools__columbus_education_association_2022_2025__071387d0,Columbus_Education_Association_2022-2025.pdf,Columbus City Schools,211,The Teacher and the Board agree to abide by all applicable provisions of the Ohio Revised Code now in effect and such provisions as may be amended or enacted during the term of this contract.,The Teacher and the Board,other,management,may,False,active,obligation_verb,obligation,obligation,True,0.3,other,True,
columbus_city_schools__columbus_education_association_2022_2025__071387d0,Columbus_Education_Association_2022-2025.pdf,Columbus City Schools,211,The Teacher hereby states the following as material representations inducing the Board to enter into this contract,The Teacher,worker,management,,False,active,plain,other,other,True,0.0,other,True,
columbus_city_schools__columbus_education_association_2022_2025__071387d0,Columbus_Education_Association_2022-2025.pdf,Columbus City Schools,211,and agrees to provide acceptable proof of the same prior to commencing service under this contract unless otherwise provided:,The Teacher,worker,management,,False,active,obligation_verb,obligation,obligation,True,0.85,other,True,
columbus_city_schools__columbus_education_association_2022_2025__071387d0,Columbus_Education_Association_2022-2025.pdf,Columbus City Schools,212,"The Board does hereby enter into a One-Year Latchkey Teacher Contract with the Latchkey Teacher for the period commencing <Date> and ending on June 30, 2023 for the number of hours needed and assigned by an appropriate administrator",The Board,management,management,,False,active,plain,other,other,True,0.0,other,True,
columbus_city_schools__columbus_education_association_2022_2025__071387d0,Columbus_Education_Association_2022-2025.pdf,Columbus City Schools,212,fixes the hourly rate of pay of the Employee at <Hourly Rate> per hour as provided in the Master Agreement between the Board and the Columbus Education Association.,The Board,management,management,,False,active,plain,other,other,True,0.0,compensation,True,
columbus_city_schools__columbus_education_association_2022_2025__071387d0,Columbus_Education_Association_2022-2025.pdf,Columbus City Schools,212,"The appointment made is subject to the right to transfer the Latchkey Teacher from school to school whenever the good of the service may require, subject to the terms of the above mentioned Master Agreement.",The appointment made,other,management,may,False,active,plain,permission,right,False,0.3,transfers,True,Inanimate subject; operative verb is stative.
columbus_city_schools__columbus_education_association_2022_2025__071387d0,Columbus_Education_Association_2022-2025.pdf,Columbus City Schools,213,"The Latchkey Teacher agrees to provide services to the Board of Education of the City School District of Columbus, Ohio, for the aforesaid period",The Latchkey Teacher,worker,management,,False,active,plain,other,obligation,False,0.0,other,True,
columbus_city_schools__columbus_education_association_2022_2025__071387d0,Columbus_Education_Association_2022-2025.pdf,Columbus City Schools,213,further agrees to abide by the rules and regulations of the Board now in effect and such rules and regulations as may be amended or adopted during the term of this contract,The Latchkey Teacher,worker,management,may,False,active,plain,permission,obligation,False,0.3,teacher_rights_and_conduct,True,Elliptical subject.
columbus_city_schools__columbus_education_association_2022_2025__071387d0,Columbus_Education_Association_2022-2025.pdf,Columbus City Schools,213,This contract shall be deemed automatically nonrenewed as of its expiration date,This contract,other,management,shall,False,passive,plain,obligation,obligation,True,1.0,job_security,True,Inanimate legal subject.
columbus_city_schools__columbus_education_association_2022_2025__071387d0,Columbus_Education_Association_2022-2025.pdf,Columbus City Schools,213,no action or notification by the Board shall be required in connection with such nonrenewal,no action or notification by the Board,management,management,shall,True,passive,obligation_verb,right,right,True,1.0,job_security,True,
columbus_city_schools__columbus_education_association_2022_2025__071387d0,Columbus_Education_Association_2022-2025.pdf,Columbus City Schools,213,The Latchkey Teacher hereby states the following as material representations inducing the Board to enter into this contract,The Latchkey Teacher,worker,management,,False,active,plain,other,other,True,0.0,other,True,Declarative/recital clause.
columbus_city_schools__columbus_education_association_2022_2025__071387d0,Columbus_Education_Association_2022-2025.pdf,Columbus City Schools,213,agrees to provide acceptable proof of same prior to commencing service under this contract unless otherwise provided,The Latchkey Teacher,worker,management,,False,active,plain,other,obligation,False,0.0,other,True,Elliptical subject.
columbus_city_schools__columbus_education_association_2022_2025__071387d0,Columbus_Education_Association_2022-2025.pdf,Columbus City Schools,214,The Board does hereby enter into a One-Year Tutor Contract with the Tutor for the period commencing <Date> and ending on 6/30/2023 for the number of hours needed and assigned by an appropriate administrator,The Board,management,management,,False,active,plain,other,other,True,0.0,other,True,
columbus_city_schools__columbus_education_association_2022_2025__071387d0,Columbus_Education_Association_2022-2025.pdf,Columbus City Schools,214,and fixes the hourly rate of pay of the Employee at <Hourly Rate> per hour as provided in the Master Agreement between the Board and the Columbus Education Association.,The Board,management,management,,False,active,plain,other,other,True,0.0,compensation,True,
columbus_city_schools__columbus_education_association_2022_2025__071387d0,Columbus_Education_Association_2022-2025.pdf,Columbus City Schools,214,The salary will be paid in accordance with salary schedules adopted by the Board and in effect at the time service is performed and will be only for services actually performed.,The salary,management,management,will,False,passive,rights_passive,right,other,False,0.9,compensation,True,
columbus_city_schools__columbus_education_association_2022_2025__071387d0,Columbus_Education_Association_2022-2025.pdf,Columbus City Schools,214,"The appointment made hereby is subject to the right to adjust the assigned hours of work and to reassign the Tutor whenever the good of the service may require, subject to the terms of the above mentioned Master Agreement.",The appointment,other,management,may,False,active,plain,permission,right,False,0.3,transfers,True,
columbus_city_schools__columbus_education_association_2022_2025__071387d0,Columbus_Education_Association_2022-2025.pdf,Columbus City Schools,214,"The Tutor agrees to provide services to the Board of Education of the City School District of Columbus, Ohio, for the aforesaid period",The Tutor,worker,management,,False,active,plain,other,obligation,False,0.0,other,True,
columbus_city_schools__columbus_education_association_2022_2025__071387d0,Columbus_Education_Association_2022-2025.pdf,Columbus City Schools,214,"and further agrees to abide by the rules and regulations of the Board now in effect and such rules and regulations as may be amended or adopted during the term of this contract, subject to the terms of the Master Agreement.",The Tutor,worker,management,may,False,active,plain,permission,obligation,False,0.3,teacher_rights_and_conduct,True,
columbus_city_schools__columbus_education_association_2022_2025__071387d0,Columbus_Education_Association_2022-2025.pdf,Columbus City Schools,214,This contract shall be deemed automatically non-renewed as of its expiration date,This contract,other,management,shall,False,passive,plain,obligation,obligation,True,1.0,job_security,True,
columbus_city_schools__columbus_education_association_2022_2025__071387d0,Columbus_Education_Association_2022-2025.pdf,Columbus City Schools,214,and no action or notification by the Board shall be required in connection with such nonrenewal.,no action or notification by the Board,management,management,shall,True,passive,obligation_verb,right,right,True,1.0,job_security,True,
columbus_city_schools__columbus_education_association_2022_2025__071387d0,Columbus_Education_Association_2022-2025.pdf,Columbus City Schools,214,The Tutor hereby states the following as material representations inducing the Board to enter into this contract,The Tutor,worker,management,,False,active,plain,other,other,True,0.0,other,True,
columbus_city_schools__columbus_education_association_2022_2025__071387d0,Columbus_Education_Association_2022-2025.pdf,Columbus City Schools,215,"In addition to Employee's regular duties, said Employee does hereby promise and agree to perform the duties of «Job_Class_Long_Description» for and on behalf of said Board.",said Employee,worker,management,,False,active,plain,other,obligation,False,0.0,workload,True,
columbus_city_schools__columbus_education_association_2022_2025__071387d0,Columbus_Education_Association_2022-2025.pdf,Columbus City Schools,215,"Employee further agrees to abide by and maintain the policies and regulations adopted by this Board, subject to the Master Agreement between the Board and the Columbus Education Association.",Employee,worker,management,,False,active,plain,other,obligation,False,0.0,teacher_rights_and_conduct,True,
columbus_city_schools__columbus_education_association_2022_2025__071387d0,Columbus_Education_Association_2022-2025.pdf,Columbus City Schools,215,Such additional duties shall be performed by employee during the period beginning on the first day of the 2022-2023 adopted school calendar and ending on the last day of the 2022-2023 adopted school calendar.,Such additional duties,worker,management,shall,False,passive,plain,obligation,obligation,True,1.0,workload,True,
columbus_city_schools__columbus_education_association_2022_2025__071387d0,Columbus_Education_Association_2022-2025.pdf,Columbus City Schools,215,"In consideration of these additional duties performed by said Employee, the Board promises and agrees to pay the Employee the sum of $«Annual_Salary».",the Board,management,worker,,False,active,plain,other,obligation,False,0.0,compensation,True,
columbus_city_schools__columbus_education_association_2022_2025__071387d0,Columbus_Education_Association_2022-2025.pdf,Columbus City Schools,216,This supplemental limited contract will terminate upon the termination of the Employee's regular contract.,This supplemental limited contract,other,management,will,False,active,plain,obligation,obligation,True,0.9,job_security,True,
columbus_city_schools__columbus_education_association_2022_2025__071387d0,Columbus_Education_Association_2022-2025.pdf,Columbus City Schools,216,This supplemental limited contract may be declared null and void by the Board in the event the school where the service was to be performed is closed.,This supplemental limited contract,management,management,may,False,passive,plain,permission,permission,True,0.3,job_security,True,
columbus_city_schools__columbus_education_association_2022_2025__071387d0,Columbus_Education_Association_2022-2025.pdf,Columbus City Schools,216,No advance notice of this declaration is necessary.,No advance notice of this declaration,management,management,,True,active,plain,prohibition,right,False,0.0,job_security,True,
columbus_city_schools__columbus_education_association_2022_2025__071387d0,Columbus_Education_Association_2022-2025.pdf,Columbus City Schools,216,This contract is offered for a period of fifteen (15) days from the date below,This contract,other,management,,False,passive,rights_passive,right,other,False,0.85,other,True,
columbus_city_schools__columbus_education_association_2022_2025__071387d0,Columbus_Education_Association_2022-2025.pdf,Columbus City Schools,216,and failure to execute this contract within such time period will nullify the contract.,failure to execute this contract within such time period,other,management,will,False,active,plain,obligation,obligation,True,0.9,job_security,True,
columbus_city_schools__columbus_education_association_2022_2025__071387d0,Columbus_Education_Association_2022-2025.pdf,Columbus City Schools,216,The person named herein must possess a valid Ohio Teaching Certificate.,The person named herein,worker,management,must,False,active,plain,obligation,obligation,True,1.0,other,True,
columbus_city_schools__columbus_education_association_2022_2025__071387d0,Columbus_Education_Association_2022-2025.pdf,Columbus City Schools,216,"If the position is for a “sport-type” activity, including all sports, marching band, drill team, and cheerleading, the following requirements must be met before the appointee may begin performing his/her duties and must be met for the entire duration of the season.",the following requirements,management,management,must,False,passive,plain,obligation,obligation,True,1.0,other,True,"implicit agent ambiguous, likely management or worker"
columbus_city_schools__columbus_education_association_2022_2025__071387d0,Columbus_Education_Association_2022-2025.pdf,Columbus City Schools,216,"In addition, the following must be issued on or before the first practice date of the sport/activity to be performed:",the following,management,worker,must,False,passive,plain,obligation,obligation,True,1.0,other,True,
columbus_city_schools__columbus_education_association_2022_2025__071387d0,Columbus_Education_Association_2022-2025.pdf,Columbus City Schools,216,The person named herein is not eligible to be paid prior to receipt of the above documents (relevant to the sport/activity to be perform) in the Department of Human Resources.,The person named herein,worker,management,,True,active,rights_passive,other,other,True,0.0,compensation,True,
columbus_city_schools__columbus_education_association_2022_2025__071387d0,Columbus_Education_Association_2022-2025.pdf,Columbus City Schools,216,Violations will render this supplemental contract null and void and a break in any continuous service provision.,Violations,other,management,will,False,active,plain,obligation,other,False,0.9,other,True,
columbus_city_schools__columbus_education_association_2022_2025__071387d0,Columbus_Education_Association_2022-2025.pdf,Columbus City Schools,220,"For experience credit to be granted for the current school year, Columbus City Schools must receive verification no laterthan the last working day of the current contract period.",Columbus City Schools,management,management,must,False,active,plain,obligation,obligation,True,1.0,compensation,True,
columbus_city_schools__columbus_education_association_2022_2025__071387d0,Columbus_Education_Association_2022-2025.pdf,Columbus City Schools,220,"If resigning before completing the current contract period, verification must be received before the resignation date.",verification,management,management,must,False,passive,plain,obligation,obligation,True,1.0,compensation,True,
columbus_city_schools__columbus_education_association_2022_2025__071387d0,Columbus_Education_Association_2022-2025.pdf,Columbus City Schools,221,verification must be received before the resignation date.,verification,management,management,must,False,passive,plain,obligation,obligation,True,1.0,compensation,True,
columbus_city_schools__columbus_education_association_2022_2025__071387d0,Columbus_Education_Association_2022-2025.pdf,Columbus City Schools,221,I ACKNOWLEDGE THAT IT IS MY RESPONSIBILITY TO OBTAIN COMPLETE WRITTEN EMPLOYMENT VERIFICATION(S) FROM MY PREVIOUS EMPLOYER(S) AND SUBMIT THE COMPLETED INFORMATION TO THE HUMAN RESOURCES DEPARTMENT.,I,worker,management,,False,active,plain,other,obligation,False,0.0,other,True,
columbus_city_schools__columbus_education_association_2022_2025__071387d0,Columbus_Education_Association_2022-2025.pdf,Columbus City Schools,221,I ALSO AUTHORIZE THE RELEASE OF ALL INFORMATION REQUESTED ON THE REVERSE SIDE OF THIS FORM TO COLUMBUS CITY SCHOOLS.,I,worker,management,,False,active,plain,other,other,True,0.0,other,True,
columbus_city_schools__columbus_education_association_2022_2025__071387d0,Columbus_Education_Association_2022-2025.pdf,Columbus City Schools,221,PLACEMENT ON THE COLUMBUS CITY SCHOOLS SALARY SCHEDULE WILL BE BASED ON ACCEPTABLE VERIFIED EXPERIENCE.,PLACEMENT ON THE COLUMBUS CITY SCHOOLS SALARY SCHEDULE,other,worker,will,False,passive,plain,obligation,obligation,True,0.9,compensation,True,
columbus_city_schools__columbus_education_association_2022_2025__071387d0,Columbus_Education_Association_2022-2025.pdf,Columbus City Schools,221,the employee must send this document to each employer via email and Copy (CC) the HR@columbus.k12.oh.us email box.,the employee,worker,management,must,False,active,plain,obligation,obligation,True,1.0,other,True,
columbus_city_schools__columbus_education_association_2022_2025__071387d0,Columbus_Education_Association_2022-2025.pdf,Columbus City Schools,221,Forms must be returned the same.,Forms,worker,management,must,False,passive,plain,obligation,obligation,True,1.0,other,True,
columbus_city_schools__columbus_education_association_2022_2025__071387d0,Columbus_Education_Association_2022-2025.pdf,Columbus City Schools,221,"The Columbus City School District does not discriminate based upon sex, race, color, national origin, religion, age, disability, sexual orientation, gender identity/expression, ancestry, familial status, or military status with regard to admission, access, treatment, or employment.",The Columbus City School District,management,worker,,True,active,plain,prohibition,prohibition,True,0.0,teacher_rights_and_conduct,True,
columbus_city_schools__columbus_education_association_2022_2025__071387d0,Columbus_Education_Association_2022-2025.pdf,Columbus City Schools,221,This policy is applicable in all districts programs and activities.,This policy,other,management,,False,active,plain,other,other,True,0.0,other,True,
columbus_city_schools__columbus_education_association_2022_2025__071387d0,Columbus_Education_Association_2022-2025.pdf,Columbus City Schools,225,"Likewise, teachers may, but are not required to, provide additional pieces of evidence to address indicators.",teachers,worker,worker,may,False,active,plain,permission,permission,True,0.3,evaluation,True,
columbus_city_schools__columbus_education_association_2022_2025__071387d0,Columbus_Education_Association_2022-2025.pdf,Columbus City Schools,244,Forms received after the due dates will not be processed.,Forms received after the due dates,management,management,will,True,passive,plain,prohibition,prohibition,True,0.9,other,False,
columbus_city_schools__columbus_education_association_2022_2025__071387d0,Columbus_Education_Association_2022-2025.pdf,Columbus City Schools,244,Changes MAY NOT be made outside of the open enrollment period.,Changes,management,management,may,True,passive,plain,prohibition,prohibition,True,0.3,other,False,
columbus_city_schools__columbus_education_association_2022_2025__071387d0,Columbus_Education_Association_2022-2025.pdf,Columbus City Schools,245,"At least 2/3 or 66.7% of the teaching staff, by secret ballot, must vote to support this Variance Request.",At least 2/3 or 66.7% of the teaching staff,worker,worker,must,False,active,plain,obligation,obligation,True,1.0,other,True,
